/*******************************************************************************
 * Size: 26 px
 * Bpp: 4
 * Opts: --bpp 4 --format lvgl --no-compress --force-fast-kern-format --lv-include lvgl.h --font assets/fonts/Orbitron-Bold.ttf -r 0x20-0x7E -r 0xB0 --size 26 -o main/fonts/rnd_26.c
 ******************************************************************************/

#ifdef LV_LVGL_H_INCLUDE_SIMPLE
#include "lvgl.h"
#else
#include "lvgl.h"
#endif

#ifndef RND_26
#define RND_26 1
#endif

#if RND_26

/*-----------------
 *    BITMAPS
 *----------------*/

/*Store the image of the glyphs*/
static LV_ATTRIBUTE_LARGE_CONST const uint8_t glyph_bitmap[] = {
    /* U+0020 " " */

    /* U+0021 "!" */
    0x7f, 0xfe, 0x7f, 0xfe, 0x7f, 0xfe, 0x7f, 0xfe,
    0x7f, 0xfe, 0x7f, 0xfe, 0x7f, 0xfe, 0x7f, 0xfe,
    0x7f, 0xfe, 0x7f, 0xfe, 0x7f, 0xfe, 0x7f, 0xfe,
    0x7f, 0xfe, 0x36, 0x65, 0x0, 0x0, 0x36, 0x65,
    0x7f, 0xfe, 0x7f, 0xfe, 0x7f, 0xfe,

    /* U+0022 "\"" */
    0xef, 0xf8, 0x6f, 0xff, 0xef, 0xf8, 0x6f, 0xff,
    0xef, 0xf8, 0x6f, 0xff, 0xef, 0xf8, 0x6f, 0xff,
    0x9b, 0xb5, 0x4b, 0xbb,

    /* U+0023 "#" */
    0x0, 0x0, 0x0, 0x8, 0xff, 0xe0, 0x0, 0x8,
    0xff, 0xe0, 0x0, 0x0, 0x0, 0xd, 0xff, 0x90,
    0x0, 0xd, 0xff, 0x90, 0x0, 0x0, 0x0, 0x3f,
    0xff, 0x30, 0x0, 0x3f, 0xff, 0x30, 0x0, 0x0,
    0x0, 0x8f, 0xfe, 0x0, 0x0, 0x8f, 0xfd, 0x0,
    0x6, 0xff, 0xff, 0xff, 0xff, 0xff, 0xff, 0xff,
    0xff, 0xfb, 0x6, 0xff, 0xff, 0xff, 0xff, 0xff,
    0xff, 0xff, 0xff, 0xfb, 0x6, 0xff, 0xff, 0xff,
    0xff, 0xff, 0xff, 0xff, 0xff, 0xfb, 0x2, 0x66,
    0x6e, 0xff, 0xb6, 0x66, 0x6e, 0xff, 0xb6, 0x64,
    0x0, 0x0, 0x1f, 0xff, 0x50, 0x0, 0x1f, 0xff,
    0x50, 0x0, 0x0, 0x0, 0x6f, 0xff, 0x10, 0x0,
    0x6f, 0xff, 0x10, 0x0, 0x0, 0x0, 0xaf, 0xfc,
    0x0, 0x0, 0xaf, 0xfc, 0x0, 0x0, 0x16, 0x66,
    0xef, 0xfb, 0x66, 0x66, 0xff, 0xfb, 0x66, 0x50,
    0x2f, 0xff, 0xff, 0xff, 0xff, 0xff, 0xff, 0xff,
    0xff, 0xe0, 0x2f, 0xff, 0xff, 0xff, 0xff, 0xff,
    0xff, 0xff, 0xff, 0xe0, 0x2f, 0xff, 0xff, 0xff,
    0xff, 0xff, 0xff, 0xff, 0xff, 0xe0, 0x0, 0x2f,
    0xff, 0x30, 0x0, 0x3f, 0xff, 0x30, 0x0, 0x0,
    0x0, 0x7f, 0xfe, 0x0, 0x0, 0x8f, 0xfe, 0x0,
    0x0, 0x0, 0x0, 0xcf, 0xf9, 0x0, 0x0, 0xdf,
    0xf9, 0x0, 0x0, 0x0, 0x1, 0xff, 0xf4, 0x0,
    0x2, 0xff, 0xf4, 0x0, 0x0, 0x0,

    /* U+0024 "$" */
    0x0, 0x0, 0x0, 0x0, 0x8f, 0xfd, 0x0, 0x0,
    0x0, 0x0, 0x0, 0x0, 0x0, 0x0, 0x8f, 0xfd,
    0x0, 0x0, 0x0, 0x0, 0x0, 0x6d, 0xff, 0xff,
    0xff, 0xff, 0xff, 0xff, 0xe9, 0x0, 0x6, 0xff,
    0xff, 0xff, 0xff, 0xff, 0xff, 0xff, 0xff, 0xb0,
    0xe, 0xff, 0xff, 0xff, 0xff, 0xff, 0xff, 0xff,
    0xff, 0xf3, 0x1f, 0xff, 0x96, 0x66, 0xbf, 0xfe,
    0x66, 0x66, 0xff, 0xf6, 0x1f, 0xff, 0x40, 0x0,
    0x8f, 0xfd, 0x0, 0x0, 0xff, 0xf6, 0x1f, 0xff,
    0x40, 0x0, 0x8f, 0xfd, 0x0, 0x0, 0x11, 0x10,
    0x1f, 0xff, 0x40, 0x0, 0x8f, 0xfd, 0x0, 0x0,
    0x0, 0x0, 0x1f, 0xff, 0x50, 0x0, 0x8f, 0xfd,
    0x0, 0x0, 0x0, 0x0, 0xf, 0xff, 0xff, 0xff,
    0xff, 0xff, 0xff, 0xff, 0xe9, 0x0, 0xa, 0xff,
    0xff, 0xff, 0xff, 0xff, 0xff, 0xff, 0xff, 0xb0,
    0x1, 0xcf, 0xff, 0xff, 0xff, 0xff, 0xff, 0xff,
    0xff, 0xf4, 0x0, 0x3, 0x66, 0x66, 0xbf, 0xfe,
    0x66, 0x66, 0xff, 0xf6, 0x0, 0x0, 0x0, 0x0,
    0x8f, 0xfd, 0x0, 0x0, 0xff, 0xf6, 0x0, 0x0,
    0x0, 0x0, 0x8f, 0xfd, 0x0, 0x0, 0xff, 0xf6,
    0x1f, 0xff, 0x40, 0x0, 0x8f, 0xfd, 0x0, 0x0,
    0xff, 0xf6, 0x1f, 0xff, 0x96, 0x66, 0xbf, 0xfe,
    0x66, 0x66, 0xff, 0xf6, 0xe, 0xff, 0xff, 0xff,
    0xff, 0xff, 0xff, 0xff, 0xff, 0xf3, 0x6, 0xff,
    0xff, 0xff, 0xff, 0xff, 0xff, 0xff, 0xff, 0xb0,
    0x0, 0x6d, 0xff, 0xff, 0xff, 0xff, 0xff, 0xff,
    0xe9, 0x0, 0x0, 0x0, 0x0, 0x0, 0x8f, 0xfd,
    0x0, 0x0, 0x0, 0x0, 0x0, 0x0, 0x0, 0x0,
    0x8f, 0xfd, 0x0, 0x0, 0x0, 0x0, 0x0, 0x0,
    0x0, 0x0, 0x8f, 0xfd, 0x0, 0x0, 0x0, 0x0,

    /* U+0025 "%" */
    0x0, 0x0, 0x0, 0x0, 0x0, 0x0, 0x0, 0x0,
    0x0, 0x0, 0x10, 0x0, 0x3c, 0xff, 0xfe, 0x90,
    0x0, 0x0, 0x0, 0x0, 0x0, 0x9f, 0x0, 0x2f,
    0xff, 0xff, 0xff, 0xa0, 0x0, 0x0, 0x0, 0x0,
    0xaf, 0xf0, 0x9, 0xff, 0xcb, 0xbe, 0xff, 0x10,
    0x0, 0x0, 0x1, 0xcf, 0xff, 0x0, 0xbf, 0xf0,
    0x0, 0x7f, 0xf4, 0x0, 0x0, 0x2, 0xdf, 0xff,
    0xf0, 0xc, 0xff, 0x0, 0x7, 0xff, 0x40, 0x0,
    0x3, 0xef, 0xff, 0xe3, 0x0, 0xcf, 0xf0, 0x0,
    0x7f, 0xf4, 0x0, 0x4, 0xff, 0xff, 0xd2, 0x0,
    0xb, 0xff, 0x10, 0x8, 0xff, 0x30, 0x6, 0xff,
    0xff, 0xc1, 0x0, 0x0, 0x7f, 0xff, 0xff, 0xff,
    0xf0, 0x7, 0xff, 0xff, 0xb0, 0x0, 0x0, 0x0,
    0xdf, 0xff, 0xff, 0xf6, 0x9, 0xff, 0xff, 0x90,
    0x0, 0x0, 0x0, 0x1, 0x8b, 0xcc, 0xa4, 0xb,
    0xff, 0xff, 0x70, 0x0, 0x0, 0x0, 0x0, 0x0,
    0x0, 0x0, 0x1c, 0xff, 0xff, 0x50, 0x4a, 0xbb,
    0xb8, 0x10, 0x0, 0x0, 0x0, 0x2d, 0xff, 0xfe,
    0x30, 0x7f, 0xff, 0xff, 0xfe, 0x20, 0x0, 0x0,
    0x3e, 0xff, 0xfd, 0x20, 0xf, 0xff, 0xff, 0xff,
    0xf9, 0x0, 0x0, 0x4f, 0xff, 0xfc, 0x10, 0x3,
    0xff, 0x90, 0x0, 0xff, 0xc0, 0x0, 0x6f, 0xff,
    0xfb, 0x0, 0x0, 0x3f, 0xf8, 0x0, 0xe, 0xfd,
    0x0, 0x5f, 0xff, 0xf9, 0x0, 0x0, 0x3, 0xff,
    0x80, 0x0, 0xef, 0xc0, 0x7, 0xff, 0xf7, 0x0,
    0x0, 0x0, 0x1f, 0xfe, 0xbb, 0xcf, 0xfb, 0x0,
    0x7f, 0xf5, 0x0, 0x0, 0x0, 0x0, 0xaf, 0xff,
    0xff, 0xff, 0x40, 0x7, 0xe3, 0x0, 0x0, 0x0,
    0x0, 0x0, 0x9e, 0xff, 0xfd, 0x50, 0x0, 0x10,
    0x0, 0x0, 0x0, 0x0, 0x0, 0x0, 0x0, 0x0,
    0x0, 0x0,

    /* U+0026 "&" */
    0x0, 0x1a, 0xff, 0xff, 0xff, 0xff, 0xff, 0xfd,
    0x60, 0x0, 0x0, 0x0, 0xe, 0xff, 0xff, 0xff,
    0xff, 0xff, 0xff, 0xff, 0x70, 0x0, 0x0, 0x7,
    0xff, 0xff, 0xff, 0xff, 0xff, 0xff, 0xff, 0xff,
    0x0, 0x0, 0x0, 0xaf, 0xfe, 0x66, 0x66, 0x66,
    0x66, 0x69, 0xff, 0xf2, 0x0, 0x0, 0xa, 0xff,
    0xc0, 0x0, 0x0, 0x0, 0x0, 0x3f, 0xff, 0x20,
    0x0, 0x0, 0xaf, 0xfc, 0x0, 0x0, 0x0, 0x0,
    0x0, 0x0, 0x0, 0x0, 0x0, 0xa, 0xff, 0xc0,
    0x0, 0x0, 0x0, 0x0, 0x0, 0x0, 0x0, 0x0,
    0x0, 0x6f, 0xff, 0xb3, 0x0, 0x0, 0x0, 0x0,
    0x0, 0x0, 0x0, 0x0, 0xa, 0xff, 0xff, 0xfb,
    0x30, 0x0, 0x0, 0x0, 0x0, 0x0, 0x0, 0x7,
    0xff, 0xff, 0xff, 0xff, 0xa2, 0x0, 0x0, 0x37,
    0x76, 0x0, 0x0, 0xaf, 0xfe, 0x7e, 0xff, 0xff,
    0xfa, 0x20, 0x7, 0xff, 0xe0, 0x0, 0xa, 0xff,
    0xc0, 0x7, 0xef, 0xff, 0xff, 0x91, 0x7f, 0xfe,
    0x0, 0x0, 0xaf, 0xfc, 0x0, 0x0, 0x7e, 0xff,
    0xff, 0xfd, 0xff, 0xe0, 0x0, 0xa, 0xff, 0xc0,
    0x0, 0x0, 0x7, 0xef, 0xff, 0xff, 0xfe, 0x0,
    0x0, 0xaf, 0xfc, 0x0, 0x0, 0x0, 0x0, 0x7e,
    0xff, 0xff, 0xfb, 0x20, 0x9, 0xff, 0xe6, 0x66,
    0x66, 0x66, 0x66, 0x7f, 0xff, 0xff, 0xff, 0x80,
    0x6f, 0xff, 0xff, 0xff, 0xff, 0xff, 0xff, 0xff,
    0xff, 0xff, 0xff, 0x0, 0xdf, 0xff, 0xff, 0xff,
    0xff, 0xff, 0xff, 0xff, 0xf5, 0xcf, 0xf0, 0x1,
    0xaf, 0xff, 0xff, 0xff, 0xff, 0xff, 0xff, 0xc3,
    0x0, 0x5d, 0x0, 0x0, 0x0, 0x0, 0x0, 0x0,
    0x0, 0x0, 0x0, 0x0, 0x0, 0x0,

    /* U+0027 "'" */
    0x7f, 0xff, 0x7f, 0xff, 0x7f, 0xff, 0x7f, 0xff,
    0x5b, 0xba,

    /* U+0028 "(" */
    0x1, 0xaf, 0xf5, 0x1e, 0xff, 0xf5, 0x7f, 0xff,
    0xf5, 0xaf, 0xfe, 0x62, 0xaf, 0xfc, 0x0, 0xaf,
    0xfc, 0x0, 0xaf, 0xfc, 0x0, 0xaf, 0xfc, 0x0,
    0xaf, 0xfc, 0x0, 0xaf, 0xfc, 0x0, 0xaf, 0xfc,
    0x0, 0xaf, 0xfc, 0x0, 0xaf, 0xfc, 0x0, 0xaf,
    0xfc, 0x0, 0xaf, 0xfc, 0x0, 0xaf, 0xfe, 0x62,
    0x7f, 0xff, 0xf5, 0xe, 0xff, 0xf5, 0x1, 0xaf,
    0xf5,

    /* U+0029 ")" */
    0x8f, 0xe9, 0x0, 0x8f, 0xff, 0xc0, 0x8f, 0xff,
    0xf4, 0x36, 0xff, 0xf7, 0x0, 0xff, 0xf7, 0x0,
    0xff, 0xf7, 0x0, 0xff, 0xf7, 0x0, 0xff, 0xf7,
    0x0, 0xff, 0xf7, 0x0, 0xff, 0xf7, 0x0, 0xff,
    0xf7, 0x0, 0xff, 0xf7, 0x0, 0xff, 0xf7, 0x0,
    0xff, 0xf7, 0x0, 0xff, 0xf7, 0x36, 0xff, 0xf7,
    0x8f, 0xff, 0xf4, 0x8f, 0xff, 0xb0, 0x8f, 0xe9,
    0x0,

    /* U+002A "*" */
    0x0, 0x0, 0x2f, 0xff, 0x30, 0x0, 0x0, 0x0,
    0x2, 0xff, 0xf3, 0x0, 0x0, 0x4, 0x72, 0x2f,
    0xff, 0x32, 0x75, 0x0, 0xbf, 0xfd, 0xff, 0xfe,
    0xff, 0xc0, 0xf, 0xff, 0xff, 0xff, 0xff, 0xff,
    0x12, 0xcf, 0xff, 0xff, 0xff, 0xff, 0xd3, 0x0,
    0x19, 0xff, 0xff, 0xfa, 0x20, 0x0, 0x0, 0xdf,
    0xff, 0xff, 0xe1, 0x0, 0x0, 0xaf, 0xff, 0xdf,
    0xff, 0xc0, 0x0, 0xa, 0xff, 0xc0, 0xbf, 0xfb,
    0x0, 0x0, 0x6, 0xe2, 0x1, 0xe7, 0x0, 0x0,
    0x0, 0x0, 0x0, 0x0, 0x0, 0x0,

    /* U+002B "+" */
    0x0, 0x0, 0x99, 0x93, 0x0, 0x0, 0x0, 0x0,
    0xff, 0xf6, 0x0, 0x0, 0x0, 0x0, 0xff, 0xf6,
    0x0, 0x0, 0x0, 0x0, 0xff, 0xf6, 0x0, 0x0,
    0x9f, 0xff, 0xff, 0xff, 0xff, 0xf1, 0x9f, 0xff,
    0xff, 0xff, 0xff, 0xf1, 0x9f, 0xff, 0xff, 0xff,
    0xff, 0xf1, 0x36, 0x66, 0xff, 0xfa, 0x66, 0x60,
    0x0, 0x0, 0xff, 0xf6, 0x0, 0x0, 0x0, 0x0,
    0xff, 0xf6, 0x0, 0x0, 0x0, 0x0, 0xff, 0xf6,
    0x0, 0x0,

    /* U+002C "," */
    0x9f, 0xfd, 0x9f, 0xfd, 0x9f, 0xfd, 0x9f, 0xfc,
    0x9f, 0xf6, 0x9f, 0x90, 0x53, 0x0,

    /* U+002D "-" */
    0x26, 0x66, 0x66, 0x66, 0x66, 0x61, 0x7f, 0xff,
    0xff, 0xff, 0xff, 0xf2, 0x7f, 0xff, 0xff, 0xff,
    0xff, 0xf2, 0x7f, 0xff, 0xff, 0xff, 0xff, 0xf2,

    /* U+002E "." */
    0x36, 0x65, 0x9f, 0xfd, 0x9f, 0xfd, 0x9f, 0xfd,

    /* U+002F "/" */
    0x0, 0x0, 0x0, 0x0, 0x0, 0x1, 0xe8, 0x0,
    0x0, 0x0, 0x0, 0x0, 0xc, 0xf8, 0x0, 0x0,
    0x0, 0x0, 0x0, 0x9f, 0xf8, 0x0, 0x0, 0x0,
    0x0, 0x6, 0xff, 0xf6, 0x0, 0x0, 0x0, 0x0,
    0x4f, 0xff, 0xb0, 0x0, 0x0, 0x0, 0x2, 0xef,
    0xfd, 0x0, 0x0, 0x0, 0x0, 0xd, 0xff, 0xe2,
    0x0, 0x0, 0x0, 0x0, 0xbf, 0xff, 0x40, 0x0,
    0x0, 0x0, 0x8, 0xff, 0xf6, 0x0, 0x0, 0x0,
    0x0, 0x5f, 0xff, 0x90, 0x0, 0x0, 0x0, 0x3,
    0xff, 0xfc, 0x0, 0x0, 0x0, 0x0, 0x1e, 0xff,
    0xe1, 0x0, 0x0, 0x0, 0x0, 0xcf, 0xff, 0x30,
    0x0, 0x0, 0x0, 0xa, 0xff, 0xf5, 0x0, 0x0,
    0x0, 0x0, 0x7f, 0xff, 0x80, 0x0, 0x0, 0x0,
    0x0, 0xdf, 0xfa, 0x0, 0x0, 0x0, 0x0, 0x0,
    0xdf, 0xd0, 0x0, 0x0, 0x0, 0x0, 0x0, 0xde,
    0x10, 0x0, 0x0, 0x0, 0x0, 0x0, 0x73, 0x0,
    0x0, 0x0, 0x0, 0x0, 0x0,

    /* U+0030 "0" */
    0x0, 0x9e, 0xff, 0xff, 0xff, 0xff, 0xff, 0xff,
    0xc4, 0x0, 0xc, 0xff, 0xff, 0xff, 0xff, 0xff,
    0xff, 0xff, 0xff, 0x40, 0x4f, 0xff, 0xff, 0xff,
    0xff, 0xff, 0xff, 0xff, 0xff, 0xc0, 0x8f, 0xff,
    0x77, 0x77, 0x77, 0x77, 0x79, 0xff, 0xff, 0xf0,
    0x8f, 0xfe, 0x0, 0x0, 0x0, 0x0, 0x3e, 0xff,
    0xff, 0xf0, 0x8f, 0xfe, 0x0, 0x0, 0x0, 0x5,
    0xff, 0xff, 0xff, 0xf0, 0x8f, 0xfe, 0x0, 0x0,
    0x0, 0x7f, 0xff, 0xff, 0xff, 0xf0, 0x8f, 0xfe,
    0x0, 0x0, 0xa, 0xff, 0xff, 0xa6, 0xff, 0xf0,
    0x8f, 0xfe, 0x0, 0x1, 0xcf, 0xff, 0xf8, 0x6,
    0xff, 0xf0, 0x8f, 0xfe, 0x0, 0x2d, 0xff, 0xff,
    0x60, 0x6, 0xff, 0xf0, 0x8f, 0xfe, 0x3, 0xef,
    0xff, 0xf4, 0x0, 0x6, 0xff, 0xf0, 0x8f, 0xfe,
    0x5f, 0xff, 0xfe, 0x20, 0x0, 0x6, 0xff, 0xf0,
    0x8f, 0xff, 0xff, 0xff, 0xc1, 0x0, 0x0, 0x6,
    0xff, 0xf0, 0x8f, 0xff, 0xff, 0xfa, 0x0, 0x0,
    0x0, 0x6, 0xff, 0xf0, 0x8f, 0xff, 0xff, 0x80,
    0x0, 0x0, 0x0, 0x6, 0xff, 0xf0, 0x7f, 0xff,
    0xfd, 0x99, 0x99, 0x99, 0x99, 0x9c, 0xff, 0xf0,
    0x4f, 0xff, 0xff, 0xff, 0xff, 0xff, 0xff, 0xff,
    0xff, 0xc0, 0xb, 0xff, 0xff, 0xff, 0xff, 0xff,
    0xff, 0xff, 0xff, 0x30, 0x0, 0x9e, 0xff, 0xff,
    0xff, 0xff, 0xff, 0xff, 0xc4, 0x0,

    /* U+0031 "1" */
    0x0, 0x0, 0xb, 0xff, 0xf7, 0x0, 0x0, 0x9f,
    0xff, 0xf7, 0x0, 0x6, 0xff, 0xff, 0xf7, 0x0,
    0x3f, 0xff, 0xff, 0xf7, 0x1, 0xef, 0xff, 0xff,
    0xf7, 0xd, 0xff, 0xf9, 0xff, 0xf7, 0x8d, 0xdd,
    0xb0, 0xff, 0xf7, 0x0, 0x0, 0x0, 0xff, 0xf7,
    0x0, 0x0, 0x0, 0xff, 0xf7, 0x0, 0x0, 0x0,
    0xff, 0xf7, 0x0, 0x0, 0x0, 0xff, 0xf7, 0x0,
    0x0, 0x0, 0xff, 0xf7, 0x0, 0x0, 0x0, 0xff,
    0xf7, 0x0, 0x0, 0x0, 0xff, 0xf7, 0x0, 0x0,
    0x0, 0xff, 0xf7, 0x0, 0x0, 0x0, 0xff, 0xf7,
    0x0, 0x0, 0x0, 0xff, 0xf7, 0x0, 0x0, 0x0,
    0xff, 0xf7, 0x0, 0x0, 0x0, 0xff, 0xf7,

    /* U+0032 "2" */
    0x1, 0xaf, 0xff, 0xff, 0xff, 0xff, 0xff, 0xff,
    0xd5, 0x0, 0xc, 0xff, 0xff, 0xff, 0xff, 0xff,
    0xff, 0xff, 0xff, 0x50, 0x5f, 0xff, 0xff, 0xff,
    0xff, 0xff, 0xff, 0xff, 0xff, 0xd0, 0x8f, 0xff,
    0x66, 0x66, 0x66, 0x66, 0x66, 0x6a, 0xff, 0xf0,
    0x8f, 0xfe, 0x0, 0x0, 0x0, 0x0, 0x0, 0x6,
    0xff, 0xf0, 0x0, 0x0, 0x0, 0x0, 0x0, 0x0,
    0x0, 0x6, 0xff, 0xf0, 0x0, 0x0, 0x0, 0x0,
    0x0, 0x0, 0x0, 0x6, 0xff, 0xf0, 0x0, 0x0,
    0x0, 0x0, 0x0, 0x0, 0x0, 0x6, 0xff, 0xf0,
    0x1, 0x9f, 0xff, 0xff, 0xff, 0xff, 0xff, 0xff,
    0xff, 0xe0, 0xc, 0xff, 0xff, 0xff, 0xff, 0xff,
    0xff, 0xff, 0xff, 0x90, 0x5f, 0xff, 0xff, 0xff,
    0xff, 0xff, 0xff, 0xff, 0xfb, 0x0, 0x8f, 0xff,
    0x66, 0x66, 0x66, 0x66, 0x66, 0x66, 0x30, 0x0,
    0x8f, 0xfe, 0x0, 0x0, 0x0, 0x0, 0x0, 0x0,
    0x0, 0x0, 0x8f, 0xfe, 0x0, 0x0, 0x0, 0x0,
    0x0, 0x0, 0x0, 0x0, 0x8f, 0xfe, 0x0, 0x0,
    0x0, 0x0, 0x0, 0x0, 0x0, 0x0, 0x8f, 0xff,
    0x66, 0x66, 0x66, 0x66, 0x66, 0x66, 0x66, 0x60,
    0x8f, 0xff, 0xff, 0xff, 0xff, 0xff, 0xff, 0xff,
    0xff, 0xf0, 0x8f, 0xff, 0xff, 0xff, 0xff, 0xff,
    0xff, 0xff, 0xff, 0xf0, 0x8f, 0xff, 0xff, 0xff,
    0xff, 0xff, 0xff, 0xff, 0xff, 0xf0,

    /* U+0033 "3" */
    0x1, 0xaf, 0xff, 0xff, 0xff, 0xff, 0xff, 0xfd,
    0x60, 0x0, 0xdf, 0xff, 0xff, 0xff, 0xff, 0xff,
    0xff, 0xff, 0x70, 0x6f, 0xff, 0xff, 0xff, 0xff,
    0xff, 0xff, 0xff, 0xff, 0x9, 0xff, 0xe6, 0x66,
    0x66, 0x66, 0x66, 0x68, 0xff, 0xf2, 0xaf, 0xfc,
    0x0, 0x0, 0x0, 0x0, 0x0, 0x3f, 0xff, 0x31,
    0x11, 0x10, 0x0, 0x0, 0x0, 0x0, 0x3, 0xff,
    0xf3, 0x0, 0x0, 0x0, 0x0, 0x0, 0x0, 0x0,
    0x3f, 0xff, 0x30, 0x0, 0x0, 0x0, 0x0, 0x0,
    0x0, 0x3, 0xff, 0xf2, 0x0, 0x6, 0xff, 0xff,
    0xff, 0xff, 0xff, 0xff, 0xff, 0x10, 0x0, 0x6f,
    0xff, 0xff, 0xff, 0xff, 0xff, 0xff, 0xf7, 0x0,
    0x6, 0xff, 0xff, 0xff, 0xff, 0xff, 0xff, 0xff,
    0xd0, 0x0, 0x26, 0x66, 0x66, 0x66, 0x66, 0x66,
    0xbf, 0xfe, 0x0, 0x0, 0x0, 0x0, 0x0, 0x0,
    0x0, 0x7, 0xff, 0xf0, 0x0, 0x0, 0x0, 0x0,
    0x0, 0x0, 0x0, 0x7f, 0xff, 0x6a, 0xa8, 0x0,
    0x0, 0x0, 0x0, 0x0, 0x7, 0xff, 0xf9, 0xff,
    0xe6, 0x66, 0x66, 0x66, 0x66, 0x66, 0xbf, 0xfe,
    0x7f, 0xff, 0xff, 0xff, 0xff, 0xff, 0xff, 0xff,
    0xff, 0xb0, 0xdf, 0xff, 0xff, 0xff, 0xff, 0xff,
    0xff, 0xff, 0xf3, 0x1, 0xaf, 0xff, 0xff, 0xff,
    0xff, 0xff, 0xff, 0xc4, 0x0,

    /* U+0034 "4" */
    0x0, 0x0, 0x0, 0x0, 0x0, 0x6, 0xff, 0xf5,
    0x0, 0x0, 0x0, 0x0, 0x0, 0x0, 0x7f, 0xff,
    0xf5, 0x0, 0x0, 0x0, 0x0, 0x0, 0x8, 0xff,
    0xff, 0xf5, 0x0, 0x0, 0x0, 0x0, 0x0, 0x9f,
    0xff, 0xff, 0xf5, 0x0, 0x0, 0x0, 0x0, 0xa,
    0xff, 0xff, 0xff, 0xf5, 0x0, 0x0, 0x0, 0x0,
    0xbf, 0xff, 0xfc, 0xff, 0xf5, 0x0, 0x0, 0x0,
    0xb, 0xff, 0xff, 0x91, 0xff, 0xf5, 0x0, 0x0,
    0x1, 0xcf, 0xff, 0xf7, 0x1, 0xff, 0xf5, 0x0,
    0x0, 0x1d, 0xff, 0xff, 0x50, 0x1, 0xff, 0xf5,
    0x0, 0x2, 0xdf, 0xff, 0xe3, 0x0, 0x1, 0xff,
    0xf5, 0x0, 0x2e, 0xff, 0xfd, 0x20, 0x0, 0x1,
    0xff, 0xf5, 0x0, 0xdf, 0xff, 0xff, 0xff, 0xff,
    0xff, 0xff, 0xff, 0xff, 0xdf, 0xff, 0xff, 0xff,
    0xff, 0xff, 0xff, 0xff, 0xff, 0xdf, 0xff, 0xff,
    0xff, 0xff, 0xff, 0xff, 0xff, 0xff, 0x56, 0x66,
    0x66, 0x66, 0x66, 0x67, 0xff, 0xf9, 0x66, 0x0,
    0x0, 0x0, 0x0, 0x0, 0x1, 0xff, 0xf5, 0x0,
    0x0, 0x0, 0x0, 0x0, 0x0, 0x1, 0xff, 0xf5,
    0x0, 0x0, 0x0, 0x0, 0x0, 0x0, 0x1, 0xff,
    0xf5, 0x0, 0x0, 0x0, 0x0, 0x0, 0x0, 0x1,
    0xff, 0xf5, 0x0,

    /* U+0035 "5" */
    0x8f, 0xff, 0xff, 0xff, 0xff, 0xff, 0xff, 0xff,
    0xff, 0xf0, 0x8f, 0xff, 0xff, 0xff, 0xff, 0xff,
    0xff, 0xff, 0xff, 0xf0, 0x8f, 0xff, 0xff, 0xff,
    0xff, 0xff, 0xff, 0xff, 0xff, 0xf0, 0x8f, 0xff,
    0x66, 0x66, 0x66, 0x66, 0x66, 0x66, 0x66, 0x60,
    0x8f, 0xfe, 0x0, 0x0, 0x0, 0x0, 0x0, 0x0,
    0x0, 0x0, 0x8f, 0xfe, 0x0, 0x0, 0x0, 0x0,
    0x0, 0x0, 0x0, 0x0, 0x8f, 0xfe, 0x0, 0x0,
    0x0, 0x0, 0x0, 0x0, 0x0, 0x0, 0x8f, 0xfe,
    0x0, 0x0, 0x0, 0x0, 0x0, 0x0, 0x0, 0x0,
    0x8f, 0xff, 0xff, 0xff, 0xff, 0xff, 0xff, 0xff,
    0xd5, 0x0, 0x8f, 0xff, 0xff, 0xff, 0xff, 0xff,
    0xff, 0xff, 0xff, 0x50, 0x8f, 0xff, 0xff, 0xff,
    0xff, 0xff, 0xff, 0xff, 0xff, 0xd0, 0x36, 0x66,
    0x66, 0x66, 0x66, 0x66, 0x66, 0x6a, 0xff, 0xf0,
    0x0, 0x0, 0x0, 0x0, 0x0, 0x0, 0x0, 0x6,
    0xff, 0xf0, 0x0, 0x0, 0x0, 0x0, 0x0, 0x0,
    0x0, 0x6, 0xff, 0xf0, 0x5b, 0xba, 0x0, 0x0,
    0x0, 0x0, 0x0, 0x6, 0xff, 0xf0, 0x8f, 0xff,
    0x66, 0x66, 0x66, 0x66, 0x66, 0x6a, 0xff, 0xf0,
    0x5f, 0xff, 0xff, 0xff, 0xff, 0xff, 0xff, 0xff,
    0xff, 0xd0, 0xc, 0xff, 0xff, 0xff, 0xff, 0xff,
    0xff, 0xff, 0xff, 0x50, 0x1, 0x9f, 0xff, 0xff,
    0xff, 0xff, 0xff, 0xff, 0xd5, 0x0,

    /* U+0036 "6" */
    0x1, 0x9f, 0xff, 0xff, 0xff, 0xff, 0xff, 0xff,
    0x10, 0x0, 0xc, 0xff, 0xff, 0xff, 0xff, 0xff,
    0xff, 0xff, 0x10, 0x0, 0x5f, 0xff, 0xff, 0xff,
    0xff, 0xff, 0xff, 0xff, 0x10, 0x0, 0x8f, 0xff,
    0x66, 0x66, 0x66, 0x66, 0x66, 0x66, 0x0, 0x0,
    0x8f, 0xfe, 0x0, 0x0, 0x0, 0x0, 0x0, 0x0,
    0x0, 0x0, 0x8f, 0xfe, 0x0, 0x0, 0x0, 0x0,
    0x0, 0x0, 0x0, 0x0, 0x8f, 0xfe, 0x0, 0x0,
    0x0, 0x0, 0x0, 0x0, 0x0, 0x0, 0x8f, 0xff,
    0x66, 0x66, 0x66, 0x66, 0x66, 0x66, 0x30, 0x0,
    0x8f, 0xff, 0xff, 0xff, 0xff, 0xff, 0xff, 0xff,
    0xfb, 0x0, 0x8f, 0xff, 0xff, 0xff, 0xff, 0xff,
    0xff, 0xff, 0xff, 0x90, 0x8f, 0xff, 0xff, 0xff,
    0xff, 0xff, 0xff, 0xff, 0xff, 0xe0, 0x8f, 0xfe,
    0x0, 0x0, 0x0, 0x0, 0x0, 0x6, 0xff, 0xf0,
    0x8f, 0xfe, 0x0, 0x0, 0x0, 0x0, 0x0, 0x6,
    0xff, 0xf0, 0x8f, 0xfe, 0x0, 0x0, 0x0, 0x0,
    0x0, 0x6, 0xff, 0xf0, 0x8f, 0xfe, 0x0, 0x0,
    0x0, 0x0, 0x0, 0x6, 0xff, 0xf0, 0x8f, 0xff,
    0x66, 0x66, 0x66, 0x66, 0x66, 0x6a, 0xff, 0xf0,
    0x5f, 0xff, 0xff, 0xff, 0xff, 0xff, 0xff, 0xff,
    0xff, 0xd0, 0xc, 0xff, 0xff, 0xff, 0xff, 0xff,
    0xff, 0xff, 0xff, 0x40, 0x1, 0x9f, 0xff, 0xff,
    0xff, 0xff, 0xff, 0xff, 0xd4, 0x0,

    /* U+0037 "7" */
    0xef, 0xff, 0xff, 0xff, 0xff, 0xff, 0xfa, 0x10,
    0xef, 0xff, 0xff, 0xff, 0xff, 0xff, 0xff, 0xe1,
    0xef, 0xff, 0xff, 0xff, 0xff, 0xff, 0xff, 0xf7,
    0x56, 0x66, 0x66, 0x66, 0x66, 0x66, 0xdf, 0xfa,
    0x0, 0x0, 0x0, 0x0, 0x0, 0x0, 0xcf, 0xfa,
    0x0, 0x0, 0x0, 0x0, 0x0, 0x0, 0xcf, 0xfa,
    0x0, 0x0, 0x0, 0x0, 0x0, 0x0, 0xcf, 0xfa,
    0x0, 0x0, 0x0, 0x0, 0x0, 0x0, 0xcf, 0xfa,
    0x0, 0x0, 0x0, 0x0, 0x0, 0x0, 0xcf, 0xfa,
    0x0, 0x0, 0x0, 0x0, 0x0, 0x0, 0xcf, 0xfa,
    0x0, 0x0, 0x0, 0x0, 0x0, 0x0, 0xcf, 0xfa,
    0x0, 0x0, 0x0, 0x0, 0x0, 0x0, 0xcf, 0xfa,
    0x0, 0x0, 0x0, 0x0, 0x0, 0x0, 0xcf, 0xfa,
    0x0, 0x0, 0x0, 0x0, 0x0, 0x0, 0xcf, 0xfa,
    0x0, 0x0, 0x0, 0x0, 0x0, 0x0, 0xcf, 0xfa,
    0x0, 0x0, 0x0, 0x0, 0x0, 0x0, 0xcf, 0xfa,
    0x0, 0x0, 0x0, 0x0, 0x0, 0x0, 0xcf, 0xfa,
    0x0, 0x0, 0x0, 0x0, 0x0, 0x0, 0xcf, 0xfa,
    0x0, 0x0, 0x0, 0x0, 0x0, 0x0, 0xcf, 0xfa,

    /* U+0038 "8" */
    0x1, 0x9f, 0xff, 0xff, 0xff, 0xff, 0xff, 0xff,
    0xd5, 0x0, 0xc, 0xff, 0xff, 0xff, 0xff, 0xff,
    0xff, 0xff, 0xff, 0x50, 0x5f, 0xff, 0xff, 0xff,
    0xff, 0xff, 0xff, 0xff, 0xff, 0xe0, 0x8f, 0xff,
    0x66, 0x66, 0x66, 0x66, 0x66, 0x6a, 0xff, 0xf0,
    0x8f, 0xfe, 0x0, 0x0, 0x0, 0x0, 0x0, 0x6,
    0xff, 0xf0, 0x8f, 0xfe, 0x0, 0x0, 0x0, 0x0,
    0x0, 0x6, 0xff, 0xf0, 0x8f, 0xfe, 0x0, 0x0,
    0x0, 0x0, 0x0, 0x6, 0xff, 0xf0, 0x8f, 0xfe,
    0x0, 0x0, 0x0, 0x0, 0x0, 0x6, 0xff, 0xf0,
    0x5f, 0xff, 0xff, 0xff, 0xff, 0xff, 0xff, 0xff,
    0xff, 0xd0, 0x1f, 0xff, 0xff, 0xff, 0xff, 0xff,
    0xff, 0xff, 0xff, 0x90, 0x6f, 0xff, 0xff, 0xff,
    0xff, 0xff, 0xff, 0xff, 0xff, 0xe0, 0x8f, 0xfe,
    0x22, 0x22, 0x22, 0x22, 0x22, 0x27, 0xff, 0xf0,
    0x8f, 0xfe, 0x0, 0x0, 0x0, 0x0, 0x0, 0x6,
    0xff, 0xf0, 0x8f, 0xfe, 0x0, 0x0, 0x0, 0x0,
    0x0, 0x6, 0xff, 0xf0, 0x8f, 0xfe, 0x0, 0x0,
    0x0, 0x0, 0x0, 0x6, 0xff, 0xf0, 0x8f, 0xff,
    0x66, 0x66, 0x66, 0x66, 0x66, 0x6a, 0xff, 0xf0,
    0x5f, 0xff, 0xff, 0xff, 0xff, 0xff, 0xff, 0xff,
    0xff, 0xd0, 0xc, 0xff, 0xff, 0xff, 0xff, 0xff,
    0xff, 0xff, 0xff, 0x40, 0x1, 0x9f, 0xff, 0xff,
    0xff, 0xff, 0xff, 0xff, 0xd4, 0x0,

    /* U+0039 "9" */
    0x1, 0xaf, 0xff, 0xff, 0xff, 0xff, 0xff, 0xff,
    0xc4, 0x0, 0xdf, 0xff, 0xff, 0xff, 0xff, 0xff,
    0xff, 0xff, 0xf3, 0x6f, 0xff, 0xff, 0xff, 0xff,
    0xff, 0xff, 0xff, 0xff, 0xb9, 0xff, 0xe6, 0x66,
    0x66, 0x66, 0x66, 0x66, 0xbf, 0xfe, 0xaf, 0xfd,
    0x0, 0x0, 0x0, 0x0, 0x0, 0x7, 0xff, 0xfa,
    0xff, 0xd0, 0x0, 0x0, 0x0, 0x0, 0x0, 0x7f,
    0xff, 0xaf, 0xfd, 0x0, 0x0, 0x0, 0x0, 0x0,
    0x7, 0xff, 0xfa, 0xff, 0xd0, 0x0, 0x0, 0x0,
    0x0, 0x0, 0x7f, 0xff, 0x8f, 0xff, 0xff, 0xff,
    0xff, 0xff, 0xff, 0xff, 0xff, 0xf2, 0xff, 0xff,
    0xff, 0xff, 0xff, 0xff, 0xff, 0xff, 0xff, 0x5,
    0xff, 0xff, 0xff, 0xff, 0xff, 0xff, 0xff, 0xff,
    0xf0, 0x1, 0x56, 0x66, 0x66, 0x66, 0x66, 0x66,
    0xbf, 0xff, 0x0, 0x0, 0x0, 0x0, 0x0, 0x0,
    0x0, 0x7, 0xff, 0xf0, 0x0, 0x0, 0x0, 0x0,
    0x0, 0x0, 0x0, 0x7f, 0xff, 0x0, 0x0, 0x0,
    0x0, 0x0, 0x0, 0x0, 0x7, 0xff, 0xf3, 0x66,
    0x66, 0x66, 0x66, 0x66, 0x66, 0x66, 0xbf, 0xfe,
    0x5f, 0xff, 0xff, 0xff, 0xff, 0xff, 0xff, 0xff,
    0xff, 0xb0, 0xcf, 0xff, 0xff, 0xff, 0xff, 0xff,
    0xff, 0xff, 0xf3, 0x0, 0x9f, 0xff, 0xff, 0xff,
    0xff, 0xff, 0xff, 0xc4, 0x0,

    /* U+003A ":" */
    0x9f, 0xfd, 0x9f, 0xfd, 0x9f, 0xfd, 0x36, 0x64,
    0x0, 0x0, 0x0, 0x0, 0x0, 0x0, 0x0, 0x0,
    0x0, 0x0, 0x0, 0x0, 0x0, 0x0, 0x36, 0x65,
    0x9f, 0xfd, 0x9f, 0xfd, 0x9f, 0xfd,

    /* U+003B ";" */
    0xaf, 0xfc, 0xaf, 0xfc, 0xaf, 0xfc, 0x46, 0x64,
    0x0, 0x0, 0x0, 0x0, 0x0, 0x0, 0x0, 0x0,
    0x0, 0x0, 0x0, 0x0, 0x0, 0x0, 0x12, 0x21,
    0xaf, 0xfc, 0xaf, 0xfc, 0xaf, 0xfc, 0xaf, 0xfb,
    0xaf, 0xf4, 0xaf, 0x60, 0x41, 0x0,

    /* U+003C "<" */
    0x0, 0x0, 0x0, 0x0, 0x0, 0x20, 0x0, 0x0,
    0x0, 0x0, 0x18, 0xf0, 0x0, 0x0, 0x0, 0x6,
    0xef, 0xf0, 0x0, 0x0, 0x4, 0xdf, 0xff, 0xf0,
    0x0, 0x2, 0xbf, 0xff, 0xff, 0xb0, 0x0, 0x8f,
    0xff, 0xff, 0xd5, 0x0, 0x6e, 0xff, 0xff, 0xf7,
    0x0, 0x0, 0xef, 0xff, 0xfa, 0x10, 0x0, 0x0,
    0xef, 0xff, 0xb0, 0x0, 0x0, 0x0, 0xdf, 0xff,
    0xfe, 0x50, 0x0, 0x0, 0x2a, 0xff, 0xff, 0xfc,
    0x30, 0x0, 0x0, 0x4d, 0xff, 0xff, 0xfa, 0x10,
    0x0, 0x0, 0x6e, 0xff, 0xff, 0xf0, 0x0, 0x0,
    0x1, 0x9f, 0xff, 0xf0, 0x0, 0x0, 0x0, 0x2,
    0xbf, 0xf0, 0x0, 0x0, 0x0, 0x0, 0x4, 0xd0,
    0x0, 0x0, 0x0, 0x0, 0x0, 0x0,

    /* U+003D "=" */
    0x26, 0x66, 0x66, 0x66, 0x66, 0x66, 0x66, 0x7,
    0xff, 0xff, 0xff, 0xff, 0xff, 0xff, 0xf2, 0x7f,
    0xff, 0xff, 0xff, 0xff, 0xff, 0xff, 0x27, 0xff,
    0xff, 0xff, 0xff, 0xff, 0xff, 0xf2, 0x0, 0x0,
    0x0, 0x0, 0x0, 0x0, 0x0, 0x2, 0x66, 0x66,
    0x66, 0x66, 0x66, 0x66, 0x60, 0x7f, 0xff, 0xff,
    0xff, 0xff, 0xff, 0xff, 0x27, 0xff, 0xff, 0xff,
    0xff, 0xff, 0xff, 0xf2, 0x7f, 0xff, 0xff, 0xff,
    0xff, 0xff, 0xff, 0x20,

    /* U+003E ">" */
    0x10, 0x0, 0x0, 0x0, 0x0, 0x0, 0x7d, 0x40,
    0x0, 0x0, 0x0, 0x0, 0x7f, 0xfa, 0x20, 0x0,
    0x0, 0x0, 0x7f, 0xff, 0xf8, 0x0, 0x0, 0x0,
    0x4f, 0xff, 0xff, 0xe6, 0x0, 0x0, 0x1, 0xaf,
    0xff, 0xff, 0xd3, 0x0, 0x0, 0x3, 0xcf, 0xff,
    0xff, 0xa1, 0x0, 0x0, 0x5, 0xef, 0xff, 0xf7,
    0x0, 0x0, 0x0, 0x3f, 0xff, 0xf7, 0x0, 0x0,
    0x19, 0xff, 0xff, 0xf7, 0x0, 0x6, 0xef, 0xff,
    0xff, 0x80, 0x4, 0xdf, 0xff, 0xff, 0xa1, 0x0,
    0x6f, 0xff, 0xff, 0xc3, 0x0, 0x0, 0x7f, 0xff,
    0xe6, 0x0, 0x0, 0x0, 0x7f, 0xf8, 0x0, 0x0,
    0x0, 0x0, 0x7a, 0x20, 0x0, 0x0, 0x0, 0x0,
    0x0, 0x0, 0x0, 0x0, 0x0, 0x0,

    /* U+003F "?" */
    0x3f, 0xff, 0xff, 0xff, 0xff, 0xff, 0xff, 0xd5,
    0x0, 0x3f, 0xff, 0xff, 0xff, 0xff, 0xff, 0xff,
    0xff, 0x50, 0x3f, 0xff, 0xff, 0xff, 0xff, 0xff,
    0xff, 0xff, 0xe0, 0x16, 0x66, 0x66, 0x66, 0x66,
    0x66, 0x69, 0xff, 0xf1, 0x0, 0x0, 0x0, 0x0,
    0x0, 0x0, 0x4, 0xff, 0xf1, 0x0, 0x0, 0x0,
    0x0, 0x0, 0x0, 0x4, 0xff, 0xf1, 0x0, 0x0,
    0x0, 0x0, 0x0, 0x0, 0x4, 0xff, 0xf1, 0x0,
    0x0, 0x0, 0x0, 0x0, 0x0, 0x4, 0xff, 0xf1,
    0x0, 0x0, 0x1, 0x56, 0x66, 0x66, 0x69, 0xff,
    0xf1, 0x0, 0x0, 0x4f, 0xff, 0xff, 0xff, 0xff,
    0xff, 0xe0, 0x0, 0x1, 0xff, 0xff, 0xff, 0xff,
    0xff, 0xff, 0x50, 0x0, 0x6, 0xff, 0xff, 0xff,
    0xff, 0xff, 0xd5, 0x0, 0x0, 0x7, 0xff, 0xf0,
    0x0, 0x0, 0x0, 0x0, 0x0, 0x0, 0x6, 0xee,
    0xd0, 0x0, 0x0, 0x0, 0x0, 0x0, 0x0, 0x0,
    0x0, 0x0, 0x0, 0x0, 0x0, 0x0, 0x0, 0x0,
    0x2, 0x66, 0x50, 0x0, 0x0, 0x0, 0x0, 0x0,
    0x0, 0x7, 0xff, 0xf0, 0x0, 0x0, 0x0, 0x0,
    0x0, 0x0, 0x7, 0xff, 0xf0, 0x0, 0x0, 0x0,
    0x0, 0x0, 0x0, 0x7, 0xff, 0xf0, 0x0, 0x0,
    0x0, 0x0, 0x0,

    /* U+0040 "@" */
    0x1, 0xaf, 0xff, 0xff, 0xff, 0xff, 0xff, 0xff,
    0xc4, 0x0, 0xdf, 0xff, 0xff, 0xff, 0xff, 0xff,
    0xff, 0xff, 0xf4, 0x6f, 0xff, 0xff, 0xff, 0xff,
    0xff, 0xff, 0xff, 0xff, 0xc9, 0xff, 0xe6, 0x66,
    0x66, 0x66, 0x66, 0x66, 0xbf, 0xfe, 0x9f, 0xfd,
    0x0, 0x0, 0x0, 0x0, 0x0, 0x7, 0xff, 0xf9,
    0xff, 0xd0, 0x0, 0x25, 0x65, 0x40, 0x0, 0x7f,
    0xff, 0x9f, 0xfd, 0x0, 0x9f, 0xff, 0xff, 0xd1,
    0x7, 0xff, 0xf9, 0xff, 0xd0, 0x4f, 0xff, 0xff,
    0xff, 0x90, 0x7f, 0xff, 0x9f, 0xfd, 0x7, 0xfe,
    0x0, 0x9, 0xfd, 0x7, 0xff, 0xf9, 0xff, 0xd0,
    0x8f, 0xe0, 0x0, 0x8f, 0xd0, 0x7f, 0xff, 0x9f,
    0xfd, 0x7, 0xfe, 0x0, 0x8, 0xfd, 0x7, 0xff,
    0xf9, 0xff, 0xd0, 0x5f, 0xff, 0xff, 0xff, 0xff,
    0xff, 0xff, 0x9f, 0xfd, 0x0, 0xbf, 0xff, 0xff,
    0xff, 0xff, 0xff, 0xf9, 0xff, 0xd0, 0x0, 0x58,
    0x88, 0x88, 0x88, 0x88, 0x88, 0x9f, 0xfd, 0x0,
    0x0, 0x0, 0x0, 0x0, 0x0, 0x0, 0x9, 0xff,
    0xe6, 0x66, 0x66, 0x66, 0x66, 0x66, 0x66, 0x65,
    0x6f, 0xff, 0xff, 0xff, 0xff, 0xff, 0xff, 0xff,
    0xff, 0xf0, 0xdf, 0xff, 0xff, 0xff, 0xff, 0xff,
    0xff, 0xff, 0xff, 0x1, 0xaf, 0xff, 0xff, 0xff,
    0xff, 0xff, 0xff, 0xff, 0xf0,

    /* U+0041 "A" */
    0x0, 0x9e, 0xff, 0xff, 0xff, 0xff, 0xff, 0xff,
    0xd6, 0x0, 0xb, 0xff, 0xff, 0xff, 0xff, 0xff,
    0xff, 0xff, 0xff, 0x70, 0x4f, 0xff, 0xff, 0xff,
    0xff, 0xff, 0xff, 0xff, 0xff, 0xf0, 0x7f, 0xff,
    0x77, 0x77, 0x77, 0x77, 0x77, 0x79, 0xff, 0xf3,
    0x7f, 0xff, 0x0, 0x0, 0x0, 0x0, 0x0, 0x3,
    0xff, 0xf3, 0x7f, 0xff, 0x0, 0x0, 0x0, 0x0,
    0x0, 0x3, 0xff, 0xf3, 0x7f, 0xff, 0x0, 0x0,
    0x0, 0x0, 0x0, 0x3, 0xff, 0xf3, 0x7f, 0xff,
    0x0, 0x0, 0x0, 0x0, 0x0, 0x3, 0xff, 0xf3,
    0x7f, 0xff, 0x0, 0x0, 0x0, 0x0, 0x0, 0x3,
    0xff, 0xf3, 0x7f, 0xff, 0x66, 0x66, 0x66, 0x66,
    0x66, 0x68, 0xff, 0xf3, 0x7f, 0xff, 0xff, 0xff,
    0xff, 0xff, 0xff, 0xff, 0xff, 0xf3, 0x7f, 0xff,
    0xff, 0xff, 0xff, 0xff, 0xff, 0xff, 0xff, 0xf3,
    0x7f, 0xff, 0xff, 0xff, 0xff, 0xff, 0xff, 0xff,
    0xff, 0xf3, 0x7f, 0xff, 0x0, 0x0, 0x0, 0x0,
    0x0, 0x3, 0xff, 0xf3, 0x7f, 0xff, 0x0, 0x0,
    0x0, 0x0, 0x0, 0x3, 0xff, 0xf3, 0x7f, 0xff,
    0x0, 0x0, 0x0, 0x0, 0x0, 0x3, 0xff, 0xf3,
    0x7f, 0xff, 0x0, 0x0, 0x0, 0x0, 0x0, 0x3,
    0xff, 0xf3, 0x7f, 0xff, 0x0, 0x0, 0x0, 0x0,
    0x0, 0x3, 0xff, 0xf3, 0x7f, 0xff, 0x0, 0x0,
    0x0, 0x0, 0x0, 0x3, 0xff, 0xf3,

    /* U+0042 "B" */
    0x7f, 0xff, 0xff, 0xff, 0xff, 0xff, 0xff, 0xfe,
    0x90, 0x0, 0x7f, 0xff, 0xff, 0xff, 0xff, 0xff,
    0xff, 0xff, 0xfb, 0x0, 0x7f, 0xff, 0xff, 0xff,
    0xff, 0xff, 0xff, 0xff, 0xff, 0x40, 0x7f, 0xff,
    0x77, 0x77, 0x77, 0x77, 0x77, 0x7f, 0xff, 0x70,
    0x7f, 0xff, 0x0, 0x0, 0x0, 0x0, 0x0, 0xf,
    0xff, 0x80, 0x7f, 0xff, 0x0, 0x0, 0x0, 0x0,
    0x0, 0xf, 0xff, 0x80, 0x7f, 0xff, 0x0, 0x0,
    0x0, 0x0, 0x0, 0xf, 0xff, 0x80, 0x7f, 0xff,
    0x0, 0x0, 0x0, 0x0, 0x0, 0xf, 0xff, 0x70,
    0x7f, 0xff, 0xff, 0xff, 0xff, 0xff, 0xff, 0xff,
    0xff, 0x60, 0x7f, 0xff, 0xff, 0xff, 0xff, 0xff,
    0xff, 0xff, 0xff, 0x80, 0x7f, 0xff, 0xff, 0xff,
    0xff, 0xff, 0xff, 0xff, 0xff, 0xf1, 0x7f, 0xff,
    0x77, 0x77, 0x77, 0x77, 0x77, 0x79, 0xff, 0xf3,
    0x7f, 0xff, 0x0, 0x0, 0x0, 0x0, 0x0, 0x3,
    0xff, 0xf4, 0x7f, 0xff, 0x0, 0x0, 0x0, 0x0,
    0x0, 0x3, 0xff, 0xf4, 0x7f, 0xff, 0x0, 0x0,
    0x0, 0x0, 0x0, 0x3, 0xff, 0xf4, 0x7f, 0xff,
    0x77, 0x77, 0x77, 0x77, 0x77, 0x79, 0xff, 0xf3,
    0x7f, 0xff, 0xff, 0xff, 0xff, 0xff, 0xff, 0xff,
    0xff, 0xf1, 0x7f, 0xff, 0xff, 0xff, 0xff, 0xff,
    0xff, 0xff, 0xff, 0x80, 0x7f, 0xff, 0xff, 0xff,
    0xff, 0xff, 0xff, 0xff, 0xe7, 0x0,

    /* U+0043 "C" */
    0x1, 0x9f, 0xff, 0xff, 0xff, 0xff, 0xff, 0xff,
    0xff, 0xf2, 0xc, 0xff, 0xff, 0xff, 0xff, 0xff,
    0xff, 0xff, 0xff, 0xf2, 0x5f, 0xff, 0xff, 0xff,
    0xff, 0xff, 0xff, 0xff, 0xff, 0xf2, 0x8f, 0xff,
    0x87, 0x77, 0x77, 0x77, 0x77, 0x77, 0x77, 0x70,
    0x8f, 0xfe, 0x0, 0x0, 0x0, 0x0, 0x0, 0x0,
    0x0, 0x0, 0x8f, 0xfe, 0x0, 0x0, 0x0, 0x0,
    0x0, 0x0, 0x0, 0x0, 0x8f, 0xfe, 0x0, 0x0,
    0x0, 0x0, 0x0, 0x0, 0x0, 0x0, 0x8f, 0xfe,
    0x0, 0x0, 0x0, 0x0, 0x0, 0x0, 0x0, 0x0,
    0x8f, 0xfe, 0x0, 0x0, 0x0, 0x0, 0x0, 0x0,
    0x0, 0x0, 0x8f, 0xfe, 0x0, 0x0, 0x0, 0x0,
    0x0, 0x0, 0x0, 0x0, 0x8f, 0xfe, 0x0, 0x0,
    0x0, 0x0, 0x0, 0x0, 0x0, 0x0, 0x8f, 0xfe,
    0x0, 0x0, 0x0, 0x0, 0x0, 0x0, 0x0, 0x0,
    0x8f, 0xfe, 0x0, 0x0, 0x0, 0x0, 0x0, 0x0,
    0x0, 0x0, 0x8f, 0xfe, 0x0, 0x0, 0x0, 0x0,
    0x0, 0x0, 0x0, 0x0, 0x8f, 0xfe, 0x0, 0x0,
    0x0, 0x0, 0x0, 0x0, 0x0, 0x0, 0x8f, 0xff,
    0x87, 0x77, 0x77, 0x77, 0x77, 0x77, 0x77, 0x70,
    0x5f, 0xff, 0xff, 0xff, 0xff, 0xff, 0xff, 0xff,
    0xff, 0xf2, 0xc, 0xff, 0xff, 0xff, 0xff, 0xff,
    0xff, 0xff, 0xff, 0xf2, 0x1, 0x9f, 0xff, 0xff,
    0xff, 0xff, 0xff, 0xff, 0xff, 0xf2,

    /* U+0044 "D" */
    0x7f, 0xff, 0xff, 0xff, 0xff, 0xff, 0xff, 0xff,
    0xd6, 0x0, 0x7f, 0xff, 0xff, 0xff, 0xff, 0xff,
    0xff, 0xff, 0xff, 0x70, 0x7f, 0xff, 0xff, 0xff,
    0xff, 0xff, 0xff, 0xff, 0xff, 0xf0, 0x7f, 0xff,
    0x77, 0x77, 0x77, 0x77, 0x77, 0x79, 0xff, 0xf3,
    0x7f, 0xfe, 0x0, 0x0, 0x0, 0x0, 0x0, 0x3,
    0xff, 0xf3, 0x7f, 0xfe, 0x0, 0x0, 0x0, 0x0,
    0x0, 0x3, 0xff, 0xf3, 0x7f, 0xfe, 0x0, 0x0,
    0x0, 0x0, 0x0, 0x3, 0xff, 0xf3, 0x7f, 0xfe,
    0x0, 0x0, 0x0, 0x0, 0x0, 0x3, 0xff, 0xf3,
    0x7f, 0xfe, 0x0, 0x0, 0x0, 0x0, 0x0, 0x3,
    0xff, 0xf3, 0x7f, 0xfe, 0x0, 0x0, 0x0, 0x0,
    0x0, 0x3, 0xff, 0xf3, 0x7f, 0xfe, 0x0, 0x0,
    0x0, 0x0, 0x0, 0x3, 0xff, 0xf3, 0x7f, 0xfe,
    0x0, 0x0, 0x0, 0x0, 0x0, 0x3, 0xff, 0xf3,
    0x7f, 0xfe, 0x0, 0x0, 0x0, 0x0, 0x0, 0x3,
    0xff, 0xf3, 0x7f, 0xfe, 0x0, 0x0, 0x0, 0x0,
    0x0, 0x3, 0xff, 0xf3, 0x7f, 0xfe, 0x0, 0x0,
    0x0, 0x0, 0x0, 0x3, 0xff, 0xf3, 0x7f, 0xff,
    0x77, 0x77, 0x77, 0x77, 0x77, 0x79, 0xff, 0xf3,
    0x7f, 0xff, 0xff, 0xff, 0xff, 0xff, 0xff, 0xff,
    0xff, 0xf0, 0x7f, 0xff, 0xff, 0xff, 0xff, 0xff,
    0xff, 0xff, 0xff, 0x70, 0x7f, 0xff, 0xff, 0xff,
    0xff, 0xff, 0xff, 0xff, 0xd6, 0x0,

    /* U+0045 "E" */
    0x7f, 0xff, 0xff, 0xff, 0xff, 0xff, 0xff, 0xff,
    0xfc, 0x7f, 0xff, 0xff, 0xff, 0xff, 0xff, 0xff,
    0xff, 0xfc, 0x7f, 0xff, 0xff, 0xff, 0xff, 0xff,
    0xff, 0xff, 0xfc, 0x7f, 0xff, 0x77, 0x77, 0x77,
    0x77, 0x77, 0x77, 0x75, 0x7f, 0xff, 0x0, 0x0,
    0x0, 0x0, 0x0, 0x0, 0x0, 0x7f, 0xff, 0x0,
    0x0, 0x0, 0x0, 0x0, 0x0, 0x0, 0x7f, 0xff,
    0x0, 0x0, 0x0, 0x0, 0x0, 0x0, 0x0, 0x7f,
    0xff, 0x0, 0x0, 0x0, 0x0, 0x0, 0x0, 0x0,
    0x7f, 0xff, 0xff, 0xff, 0xff, 0xff, 0xff, 0xf0,
    0x0, 0x7f, 0xff, 0xff, 0xff, 0xff, 0xff, 0xff,
    0xf0, 0x0, 0x7f, 0xff, 0xff, 0xff, 0xff, 0xff,
    0xff, 0xf0, 0x0, 0x7f, 0xff, 0x77, 0x77, 0x77,
    0x77, 0x77, 0x70, 0x0, 0x7f, 0xff, 0x0, 0x0,
    0x0, 0x0, 0x0, 0x0, 0x0, 0x7f, 0xff, 0x0,
    0x0, 0x0, 0x0, 0x0, 0x0, 0x0, 0x7f, 0xff,
    0x0, 0x0, 0x0, 0x0, 0x0, 0x0, 0x0, 0x7f,
    0xff, 0x77, 0x77, 0x77, 0x77, 0x77, 0x77, 0x75,
    0x7f, 0xff, 0xff, 0xff, 0xff, 0xff, 0xff, 0xff,
    0xfc, 0x7f, 0xff, 0xff, 0xff, 0xff, 0xff, 0xff,
    0xff, 0xfc, 0x7f, 0xff, 0xff, 0xff, 0xff, 0xff,
    0xff, 0xff, 0xfc,

    /* U+0046 "F" */
    0x7f, 0xff, 0xff, 0xff, 0xff, 0xff, 0xff, 0xff,
    0xfc, 0x7f, 0xff, 0xff, 0xff, 0xff, 0xff, 0xff,
    0xff, 0xfc, 0x7f, 0xff, 0xff, 0xff, 0xff, 0xff,
    0xff, 0xff, 0xfc, 0x7f, 0xff, 0x77, 0x77, 0x77,
    0x77, 0x77, 0x77, 0x75, 0x7f, 0xff, 0x0, 0x0,
    0x0, 0x0, 0x0, 0x0, 0x0, 0x7f, 0xff, 0x0,
    0x0, 0x0, 0x0, 0x0, 0x0, 0x0, 0x7f, 0xff,
    0x0, 0x0, 0x0, 0x0, 0x0, 0x0, 0x0, 0x7f,
    0xff, 0x0, 0x0, 0x0, 0x0, 0x0, 0x0, 0x0,
    0x7f, 0xff, 0xff, 0xff, 0xff, 0xff, 0xff, 0xf0,
    0x0, 0x7f, 0xff, 0xff, 0xff, 0xff, 0xff, 0xff,
    0xf0, 0x0, 0x7f, 0xff, 0xff, 0xff, 0xff, 0xff,
    0xff, 0xf0, 0x0, 0x7f, 0xff, 0x77, 0x77, 0x77,
    0x77, 0x77, 0x70, 0x0, 0x7f, 0xff, 0x0, 0x0,
    0x0, 0x0, 0x0, 0x0, 0x0, 0x7f, 0xff, 0x0,
    0x0, 0x0, 0x0, 0x0, 0x0, 0x0, 0x7f, 0xff,
    0x0, 0x0, 0x0, 0x0, 0x0, 0x0, 0x0, 0x7f,
    0xff, 0x0, 0x0, 0x0, 0x0, 0x0, 0x0, 0x0,
    0x7f, 0xff, 0x0, 0x0, 0x0, 0x0, 0x0, 0x0,
    0x0, 0x7f, 0xff, 0x0, 0x0, 0x0, 0x0, 0x0,
    0x0, 0x0, 0x7f, 0xff, 0x0, 0x0, 0x0, 0x0,
    0x0, 0x0, 0x0,

    /* U+0047 "G" */
    0x1, 0x9f, 0xff, 0xff, 0xff, 0xff, 0xff, 0xff,
    0xd6, 0x0, 0xc, 0xff, 0xff, 0xff, 0xff, 0xff,
    0xff, 0xff, 0xff, 0x60, 0x5f, 0xff, 0xff, 0xff,
    0xff, 0xff, 0xff, 0xff, 0xff, 0xe0, 0x8f, 0xff,
    0x77, 0x77, 0x77, 0x77, 0x77, 0x7a, 0xff, 0xf2,
    0x8f, 0xfe, 0x0, 0x0, 0x0, 0x0, 0x0, 0x4,
    0xff, 0xf2, 0x8f, 0xfe, 0x0, 0x0, 0x0, 0x0,
    0x0, 0x1, 0x33, 0x30, 0x8f, 0xfe, 0x0, 0x0,
    0x0, 0x0, 0x0, 0x0, 0x0, 0x0, 0x8f, 0xfe,
    0x0, 0x0, 0x0, 0x0, 0x0, 0x0, 0x0, 0x0,
    0x8f, 0xfe, 0x0, 0x0, 0x0, 0x3, 0x77, 0x77,
    0x77, 0x71, 0x8f, 0xfe, 0x0, 0x0, 0x0, 0x8,
    0xff, 0xff, 0xff, 0xf2, 0x8f, 0xfe, 0x0, 0x0,
    0x0, 0x8, 0xff, 0xff, 0xff, 0xf2, 0x8f, 0xfe,
    0x0, 0x0, 0x0, 0x8, 0xff, 0xff, 0xff, 0xf2,
    0x8f, 0xfe, 0x0, 0x0, 0x0, 0x0, 0x0, 0x4,
    0xff, 0xf2, 0x8f, 0xfe, 0x0, 0x0, 0x0, 0x0,
    0x0, 0x4, 0xff, 0xf2, 0x8f, 0xfe, 0x0, 0x0,
    0x0, 0x0, 0x0, 0x4, 0xff, 0xf2, 0x8f, 0xff,
    0x77, 0x77, 0x77, 0x77, 0x77, 0x79, 0xff, 0xf2,
    0x5f, 0xff, 0xff, 0xff, 0xff, 0xff, 0xff, 0xff,
    0xff, 0xf0, 0xc, 0xff, 0xff, 0xff, 0xff, 0xff,
    0xff, 0xff, 0xff, 0x70, 0x1, 0x9f, 0xff, 0xff,
    0xff, 0xff, 0xff, 0xff, 0xd6, 0x0,

    /* U+0048 "H" */
    0x8f, 0xfe, 0x0, 0x0, 0x0, 0x0, 0x0, 0x0,
    0xdf, 0xfa, 0x8f, 0xfe, 0x0, 0x0, 0x0, 0x0,
    0x0, 0x0, 0xdf, 0xfa, 0x8f, 0xfe, 0x0, 0x0,
    0x0, 0x0, 0x0, 0x0, 0xdf, 0xfa, 0x8f, 0xfe,
    0x0, 0x0, 0x0, 0x0, 0x0, 0x0, 0xdf, 0xfa,
    0x8f, 0xfe, 0x0, 0x0, 0x0, 0x0, 0x0, 0x0,
    0xdf, 0xfa, 0x8f, 0xfe, 0x0, 0x0, 0x0, 0x0,
    0x0, 0x0, 0xdf, 0xfa, 0x8f, 0xfe, 0x0, 0x0,
    0x0, 0x0, 0x0, 0x0, 0xdf, 0xfa, 0x8f, 0xfe,
    0x0, 0x0, 0x0, 0x0, 0x0, 0x0, 0xdf, 0xfa,
    0x8f, 0xff, 0xff, 0xff, 0xff, 0xff, 0xff, 0xff,
    0xff, 0xfa, 0x8f, 0xff, 0xff, 0xff, 0xff, 0xff,
    0xff, 0xff, 0xff, 0xfa, 0x8f, 0xff, 0xff, 0xff,
    0xff, 0xff, 0xff, 0xff, 0xff, 0xfa, 0x8f, 0xff,
    0x77, 0x77, 0x77, 0x77, 0x77, 0x77, 0xef, 0xfa,
    0x8f, 0xfe, 0x0, 0x0, 0x0, 0x0, 0x0, 0x0,
    0xdf, 0xfa, 0x8f, 0xfe, 0x0, 0x0, 0x0, 0x0,
    0x0, 0x0, 0xdf, 0xfa, 0x8f, 0xfe, 0x0, 0x0,
    0x0, 0x0, 0x0, 0x0, 0xdf, 0xfa, 0x8f, 0xfe,
    0x0, 0x0, 0x0, 0x0, 0x0, 0x0, 0xdf, 0xfa,
    0x8f, 0xfe, 0x0, 0x0, 0x0, 0x0, 0x0, 0x0,
    0xdf, 0xfa, 0x8f, 0xfe, 0x0, 0x0, 0x0, 0x0,
    0x0, 0x0, 0xdf, 0xfa, 0x8f, 0xfe, 0x0, 0x0,
    0x0, 0x0, 0x0, 0x0, 0xdf, 0xfa,

    /* U+0049 "I" */
    0xef, 0xf8, 0xef, 0xf8, 0xef, 0xf8, 0xef, 0xf8,
    0xef, 0xf8, 0xef, 0xf8, 0xef, 0xf8, 0xef, 0xf8,
    0xef, 0xf8, 0xef, 0xf8, 0xef, 0xf8, 0xef, 0xf8,
    0xef, 0xf8, 0xef, 0xf8, 0xef, 0xf8, 0xef, 0xf8,
    0xef, 0xf8, 0xef, 0xf8, 0xef, 0xf8,

    /* U+004A "J" */
    0x0, 0x0, 0x0, 0x0, 0x0, 0x0, 0x0, 0xa,
    0xff, 0xd0, 0x0, 0x0, 0x0, 0x0, 0x0, 0x0,
    0x0, 0xaf, 0xfd, 0x0, 0x0, 0x0, 0x0, 0x0,
    0x0, 0x0, 0xa, 0xff, 0xd0, 0x0, 0x0, 0x0,
    0x0, 0x0, 0x0, 0x0, 0xaf, 0xfd, 0x0, 0x0,
    0x0, 0x0, 0x0, 0x0, 0x0, 0xa, 0xff, 0xd0,
    0x0, 0x0, 0x0, 0x0, 0x0, 0x0, 0x0, 0xaf,
    0xfd, 0x0, 0x0, 0x0, 0x0, 0x0, 0x0, 0x0,
    0xa, 0xff, 0xd0, 0x0, 0x0, 0x0, 0x0, 0x0,
    0x0, 0x0, 0xaf, 0xfd, 0x0, 0x0, 0x0, 0x0,
    0x0, 0x0, 0x0, 0xa, 0xff, 0xd0, 0x0, 0x0,
    0x0, 0x0, 0x0, 0x0, 0x0, 0xaf, 0xfd, 0x0,
    0x0, 0x0, 0x0, 0x0, 0x0, 0x0, 0xa, 0xff,
    0xd0, 0x0, 0x0, 0x0, 0x0, 0x0, 0x0, 0x0,
    0xaf, 0xfd, 0x0, 0x0, 0x0, 0x0, 0x0, 0x0,
    0x0, 0xa, 0xff, 0xdb, 0xcc, 0x60, 0x0, 0x0,
    0x0, 0x0, 0x0, 0xaf, 0xfd, 0xef, 0xf8, 0x0,
    0x0, 0x0, 0x0, 0x0, 0xa, 0xff, 0xde, 0xff,
    0xc7, 0x77, 0x77, 0x77, 0x77, 0x77, 0xdf, 0xfd,
    0xbf, 0xff, 0xff, 0xff, 0xff, 0xff, 0xff, 0xff,
    0xff, 0x93, 0xff, 0xff, 0xff, 0xff, 0xff, 0xff,
    0xff, 0xff, 0xf2, 0x3, 0xcf, 0xff, 0xff, 0xff,
    0xff, 0xff, 0xff, 0xb2, 0x0,

    /* U+004B "K" */
    0x8f, 0xff, 0x0, 0x0, 0x0, 0x0, 0x0, 0xaf,
    0xff, 0x78, 0xff, 0xf0, 0x0, 0x0, 0x0, 0x0,
    0x7f, 0xff, 0xf2, 0x8f, 0xff, 0x0, 0x0, 0x0,
    0x0, 0x4f, 0xff, 0xf4, 0x8, 0xff, 0xf0, 0x0,
    0x0, 0x0, 0x2e, 0xff, 0xf7, 0x0, 0x8f, 0xff,
    0x0, 0x0, 0x0, 0xd, 0xff, 0xfa, 0x0, 0x8,
    0xff, 0xf0, 0x0, 0x0, 0xa, 0xff, 0xfd, 0x0,
    0x0, 0x8f, 0xff, 0x0, 0x0, 0x7, 0xff, 0xfe,
    0x20, 0x0, 0x8, 0xff, 0xf0, 0x0, 0x4, 0xff,
    0xff, 0x40, 0x0, 0x0, 0x8f, 0xff, 0xff, 0xff,
    0xff, 0xff, 0x70, 0x0, 0x0, 0x8, 0xff, 0xff,
    0xff, 0xff, 0xff, 0xb0, 0x0, 0x0, 0x0, 0x8f,
    0xff, 0xff, 0xff, 0xff, 0xff, 0x20, 0x0, 0x0,
    0x8, 0xff, 0xf7, 0x77, 0x7b, 0xff, 0xfd, 0x10,
    0x0, 0x0, 0x8f, 0xff, 0x0, 0x0, 0xc, 0xff,
    0xfc, 0x0, 0x0, 0x8, 0xff, 0xf0, 0x0, 0x0,
    0x1d, 0xff, 0xfa, 0x0, 0x0, 0x8f, 0xff, 0x0,
    0x0, 0x0, 0x2f, 0xff, 0xf8, 0x0, 0x8, 0xff,
    0xf0, 0x0, 0x0, 0x0, 0x4f, 0xff, 0xf5, 0x0,
    0x8f, 0xff, 0x0, 0x0, 0x0, 0x0, 0x6f, 0xff,
    0xf3, 0x8, 0xff, 0xf0, 0x0, 0x0, 0x0, 0x0,
    0x8f, 0xff, 0xe2, 0x8f, 0xff, 0x0, 0x0, 0x0,
    0x0, 0x0, 0xbf, 0xff, 0x80,

    /* U+004C "L" */
    0x8f, 0xfe, 0x0, 0x0, 0x0, 0x0, 0x0, 0x0,
    0x0, 0x0, 0x8f, 0xfe, 0x0, 0x0, 0x0, 0x0,
    0x0, 0x0, 0x0, 0x0, 0x8f, 0xfe, 0x0, 0x0,
    0x0, 0x0, 0x0, 0x0, 0x0, 0x0, 0x8f, 0xfe,
    0x0, 0x0, 0x0, 0x0, 0x0, 0x0, 0x0, 0x0,
    0x8f, 0xfe, 0x0, 0x0, 0x0, 0x0, 0x0, 0x0,
    0x0, 0x0, 0x8f, 0xfe, 0x0, 0x0, 0x0, 0x0,
    0x0, 0x0, 0x0, 0x0, 0x8f, 0xfe, 0x0, 0x0,
    0x0, 0x0, 0x0, 0x0, 0x0, 0x0, 0x8f, 0xfe,
    0x0, 0x0, 0x0, 0x0, 0x0, 0x0, 0x0, 0x0,
    0x8f, 0xfe, 0x0, 0x0, 0x0, 0x0, 0x0, 0x0,
    0x0, 0x0, 0x8f, 0xfe, 0x0, 0x0, 0x0, 0x0,
    0x0, 0x0, 0x0, 0x0, 0x8f, 0xfe, 0x0, 0x0,
    0x0, 0x0, 0x0, 0x0, 0x0, 0x0, 0x8f, 0xfe,
    0x0, 0x0, 0x0, 0x0, 0x0, 0x0, 0x0, 0x0,
    0x8f, 0xfe, 0x0, 0x0, 0x0, 0x0, 0x0, 0x0,
    0x0, 0x0, 0x8f, 0xfe, 0x0, 0x0, 0x0, 0x0,
    0x0, 0x0, 0x0, 0x0, 0x8f, 0xfe, 0x0, 0x0,
    0x0, 0x0, 0x0, 0x0, 0x0, 0x0, 0x8f, 0xff,
    0x77, 0x77, 0x77, 0x77, 0x77, 0x77, 0x77, 0x71,
    0x8f, 0xff, 0xff, 0xff, 0xff, 0xff, 0xff, 0xff,
    0xff, 0xf3, 0x8f, 0xff, 0xff, 0xff, 0xff, 0xff,
    0xff, 0xff, 0xff, 0xf3, 0x8f, 0xff, 0xff, 0xff,
    0xff, 0xff, 0xff, 0xff, 0xff, 0xf3,

    /* U+004D "M" */
    0x8f, 0xff, 0xa0, 0x0, 0x0, 0x0, 0x0, 0x0,
    0xa, 0xff, 0xf9, 0x8f, 0xff, 0xf7, 0x0, 0x0,
    0x0, 0x0, 0x0, 0x7f, 0xff, 0xf9, 0x8f, 0xff,
    0xff, 0x40, 0x0, 0x0, 0x0, 0x4, 0xff, 0xff,
    0xf9, 0x8f, 0xff, 0xff, 0xf2, 0x0, 0x0, 0x0,
    0x2f, 0xff, 0xff, 0xf9, 0x8f, 0xff, 0xff, 0xfd,
    0x10, 0x0, 0x1, 0xdf, 0xff, 0xff, 0xf9, 0x8f,
    0xfe, 0xcf, 0xff, 0xc0, 0x0, 0xb, 0xff, 0xfb,
    0xef, 0xf9, 0x8f, 0xfe, 0x1d, 0xff, 0xf9, 0x0,
    0x9f, 0xff, 0xd1, 0xef, 0xf9, 0x8f, 0xfe, 0x2,
    0xff, 0xff, 0x66, 0xff, 0xff, 0x20, 0xef, 0xf9,
    0x8f, 0xfe, 0x0, 0x4f, 0xff, 0xff, 0xff, 0xf4,
    0x0, 0xef, 0xf9, 0x8f, 0xfe, 0x0, 0x6, 0xff,
    0xff, 0xff, 0x70, 0x0, 0xef, 0xf9, 0x8f, 0xfe,
    0x0, 0x0, 0x9f, 0xff, 0xf9, 0x0, 0x0, 0xef,
    0xf9, 0x8f, 0xfe, 0x0, 0x0, 0xc, 0xff, 0xc0,
    0x0, 0x0, 0xef, 0xf9, 0x8f, 0xfe, 0x0, 0x0,
    0x1, 0xde, 0x10, 0x0, 0x0, 0xef, 0xf9, 0x8f,
    0xfe, 0x0, 0x0, 0x0, 0x22, 0x0, 0x0, 0x0,
    0xef, 0xf9, 0x8f, 0xfe, 0x0, 0x0, 0x0, 0x0,
    0x0, 0x0, 0x0, 0xef, 0xf9, 0x8f, 0xfe, 0x0,
    0x0, 0x0, 0x0, 0x0, 0x0, 0x0, 0xef, 0xf9,
    0x8f, 0xfe, 0x0, 0x0, 0x0, 0x0, 0x0, 0x0,
    0x0, 0xef, 0xf9, 0x8f, 0xfe, 0x0, 0x0, 0x0,
    0x0, 0x0, 0x0, 0x0, 0xef, 0xf9, 0x8f, 0xfe,
    0x0, 0x0, 0x0, 0x0, 0x0, 0x0, 0x0, 0xef,
    0xf9,

    /* U+004E "N" */
    0x8f, 0xff, 0xa0, 0x0, 0x0, 0x0, 0x0, 0x4,
    0xff, 0xf2, 0x8f, 0xff, 0xf7, 0x0, 0x0, 0x0,
    0x0, 0x4, 0xff, 0xf2, 0x8f, 0xff, 0xff, 0x40,
    0x0, 0x0, 0x0, 0x4, 0xff, 0xf2, 0x8f, 0xff,
    0xff, 0xf2, 0x0, 0x0, 0x0, 0x4, 0xff, 0xf2,
    0x8f, 0xff, 0xff, 0xfd, 0x10, 0x0, 0x0, 0x4,
    0xff, 0xf2, 0x8f, 0xfe, 0xcf, 0xff, 0xc0, 0x0,
    0x0, 0x4, 0xff, 0xf2, 0x8f, 0xfe, 0x1d, 0xff,
    0xf9, 0x0, 0x0, 0x4, 0xff, 0xf2, 0x8f, 0xfe,
    0x2, 0xff, 0xff, 0x60, 0x0, 0x4, 0xff, 0xf2,
    0x8f, 0xfe, 0x0, 0x4f, 0xff, 0xf4, 0x0, 0x4,
    0xff, 0xf2, 0x8f, 0xfe, 0x0, 0x7, 0xff, 0xff,
    0x20, 0x4, 0xff, 0xf2, 0x8f, 0xfe, 0x0, 0x0,
    0xaf, 0xff, 0xd1, 0x4, 0xff, 0xf2, 0x8f, 0xfe,
    0x0, 0x0, 0xc, 0xff, 0xfb, 0x4, 0xff, 0xf2,
    0x8f, 0xfe, 0x0, 0x0, 0x1, 0xef, 0xff, 0x94,
    0xff, 0xf2, 0x8f, 0xfe, 0x0, 0x0, 0x0, 0x3f,
    0xff, 0xfa, 0xff, 0xf2, 0x8f, 0xfe, 0x0, 0x0,
    0x0, 0x5, 0xff, 0xff, 0xff, 0xf2, 0x8f, 0xfe,
    0x0, 0x0, 0x0, 0x0, 0x7f, 0xff, 0xff, 0xf2,
    0x8f, 0xfe, 0x0, 0x0, 0x0, 0x0, 0xa, 0xff,
    0xff, 0xf2, 0x8f, 0xfe, 0x0, 0x0, 0x0, 0x0,
    0x0, 0xcf, 0xff, 0xf2, 0x8f, 0xfe, 0x0, 0x0,
    0x0, 0x0, 0x0, 0x1e, 0xff, 0xf2,

    /* U+004F "O" */
    0x1, 0xaf, 0xff, 0xff, 0xff, 0xff, 0xff, 0xff,
    0xd5, 0x0, 0xd, 0xff, 0xff, 0xff, 0xff, 0xff,
    0xff, 0xff, 0xff, 0x60, 0x6f, 0xff, 0xff, 0xff,
    0xff, 0xff, 0xff, 0xff, 0xff, 0xe0, 0x9f, 0xfe,
    0x77, 0x77, 0x77, 0x77, 0x77, 0x7a, 0xff, 0xf1,
    0x9f, 0xfd, 0x0, 0x0, 0x0, 0x0, 0x0, 0x5,
    0xff, 0xf2, 0x9f, 0xfd, 0x0, 0x0, 0x0, 0x0,
    0x0, 0x5, 0xff, 0xf2, 0x9f, 0xfd, 0x0, 0x0,
    0x0, 0x0, 0x0, 0x5, 0xff, 0xf2, 0x9f, 0xfd,
    0x0, 0x0, 0x0, 0x0, 0x0, 0x5, 0xff, 0xf2,
    0x9f, 0xfd, 0x0, 0x0, 0x0, 0x0, 0x0, 0x5,
    0xff, 0xf2, 0x9f, 0xfd, 0x0, 0x0, 0x0, 0x0,
    0x0, 0x5, 0xff, 0xf2, 0x9f, 0xfd, 0x0, 0x0,
    0x0, 0x0, 0x0, 0x5, 0xff, 0xf2, 0x9f, 0xfd,
    0x0, 0x0, 0x0, 0x0, 0x0, 0x5, 0xff, 0xf2,
    0x9f, 0xfd, 0x0, 0x0, 0x0, 0x0, 0x0, 0x5,
    0xff, 0xf2, 0x9f, 0xfd, 0x0, 0x0, 0x0, 0x0,
    0x0, 0x5, 0xff, 0xf2, 0x9f, 0xfd, 0x0, 0x0,
    0x0, 0x0, 0x0, 0x5, 0xff, 0xf2, 0x9f, 0xfe,
    0x77, 0x77, 0x77, 0x77, 0x77, 0x7a, 0xff, 0xf1,
    0x6f, 0xff, 0xff, 0xff, 0xff, 0xff, 0xff, 0xff,
    0xff, 0xe0, 0xd, 0xff, 0xff, 0xff, 0xff, 0xff,
    0xff, 0xff, 0xff, 0x60, 0x1, 0xaf, 0xff, 0xff,
    0xff, 0xff, 0xff, 0xff, 0xd5, 0x0,

    /* U+0050 "P" */
    0x8f, 0xff, 0xff, 0xff, 0xff, 0xff, 0xff, 0xff,
    0xd6, 0x0, 0x8f, 0xff, 0xff, 0xff, 0xff, 0xff,
    0xff, 0xff, 0xff, 0x70, 0x8f, 0xff, 0xff, 0xff,
    0xff, 0xff, 0xff, 0xff, 0xff, 0xf0, 0x8f, 0xff,
    0x66, 0x66, 0x66, 0x66, 0x66, 0x69, 0xff, 0xf2,
    0x8f, 0xfe, 0x0, 0x0, 0x0, 0x0, 0x0, 0x4,
    0xff, 0xf2, 0x8f, 0xfe, 0x0, 0x0, 0x0, 0x0,
    0x0, 0x4, 0xff, 0xf2, 0x8f, 0xfe, 0x0, 0x0,
    0x0, 0x0, 0x0, 0x4, 0xff, 0xf2, 0x8f, 0xfe,
    0x0, 0x0, 0x0, 0x0, 0x0, 0x4, 0xff, 0xf2,
    0x8f, 0xfe, 0x0, 0x0, 0x0, 0x0, 0x0, 0x4,
    0xff, 0xf2, 0x8f, 0xff, 0xff, 0xff, 0xff, 0xff,
    0xff, 0xff, 0xff, 0xf1, 0x8f, 0xff, 0xff, 0xff,
    0xff, 0xff, 0xff, 0xff, 0xff, 0xb0, 0x8f, 0xff,
    0xff, 0xff, 0xff, 0xff, 0xff, 0xff, 0xfd, 0x10,
    0x8f, 0xff, 0x77, 0x77, 0x77, 0x77, 0x77, 0x77,
    0x50, 0x0, 0x8f, 0xfe, 0x0, 0x0, 0x0, 0x0,
    0x0, 0x0, 0x0, 0x0, 0x8f, 0xfe, 0x0, 0x0,
    0x0, 0x0, 0x0, 0x0, 0x0, 0x0, 0x8f, 0xfe,
    0x0, 0x0, 0x0, 0x0, 0x0, 0x0, 0x0, 0x0,
    0x8f, 0xfe, 0x0, 0x0, 0x0, 0x0, 0x0, 0x0,
    0x0, 0x0, 0x8f, 0xfe, 0x0, 0x0, 0x0, 0x0,
    0x0, 0x0, 0x0, 0x0, 0x8f, 0xfe, 0x0, 0x0,
    0x0, 0x0, 0x0, 0x0, 0x0, 0x0,

    /* U+0051 "Q" */
    0x1, 0xaf, 0xff, 0xff, 0xff, 0xff, 0xff, 0xff,
    0xd5, 0x0, 0x0, 0xd, 0xff, 0xff, 0xff, 0xff,
    0xff, 0xff, 0xff, 0xff, 0x60, 0x0, 0x6f, 0xff,
    0xff, 0xff, 0xff, 0xff, 0xff, 0xff, 0xff, 0xe0,
    0x0, 0x9f, 0xfe, 0x77, 0x77, 0x77, 0x77, 0x77,
    0x7a, 0xff, 0xf1, 0x0, 0x9f, 0xfd, 0x0, 0x0,
    0x0, 0x0, 0x0, 0x5, 0xff, 0xf2, 0x0, 0x9f,
    0xfd, 0x0, 0x0, 0x0, 0x0, 0x0, 0x5, 0xff,
    0xf2, 0x0, 0x9f, 0xfd, 0x0, 0x0, 0x0, 0x0,
    0x0, 0x5, 0xff, 0xf2, 0x0, 0x9f, 0xfd, 0x0,
    0x0, 0x0, 0x0, 0x0, 0x5, 0xff, 0xf2, 0x0,
    0x9f, 0xfd, 0x0, 0x0, 0x0, 0x0, 0x0, 0x5,
    0xff, 0xf2, 0x0, 0x9f, 0xfd, 0x0, 0x0, 0x0,
    0x0, 0x0, 0x5, 0xff, 0xf2, 0x0, 0x9f, 0xfd,
    0x0, 0x0, 0x0, 0x0, 0x0, 0x5, 0xff, 0xf2,
    0x0, 0x9f, 0xfd, 0x0, 0x0, 0x0, 0x0, 0x0,
    0x5, 0xff, 0xf2, 0x0, 0x9f, 0xfd, 0x0, 0x0,
    0x0, 0x0, 0x0, 0x5, 0xff, 0xf2, 0x0, 0x9f,
    0xfd, 0x0, 0x0, 0x0, 0x0, 0x0, 0x5, 0xff,
    0xf2, 0x0, 0x9f, 0xfd, 0x0, 0x0, 0x0, 0x0,
    0x0, 0x5, 0xff, 0xf2, 0x0, 0x9f, 0xfe, 0x77,
    0x77, 0x77, 0x77, 0x77, 0x7a, 0xff, 0xf8, 0x72,
    0x6f, 0xff, 0xff, 0xff, 0xff, 0xff, 0xff, 0xff,
    0xff, 0xff, 0xf5, 0xd, 0xff, 0xff, 0xff, 0xff,
    0xff, 0xff, 0xff, 0xff, 0xff, 0xf5, 0x1, 0xaf,
    0xff, 0xff, 0xff, 0xff, 0xff, 0xff, 0xff, 0xff,
    0xf5,

    /* U+0052 "R" */
    0x8f, 0xff, 0xff, 0xff, 0xff, 0xff, 0xff, 0xff,
    0xd6, 0x0, 0x8f, 0xff, 0xff, 0xff, 0xff, 0xff,
    0xff, 0xff, 0xff, 0x70, 0x8f, 0xff, 0xff, 0xff,
    0xff, 0xff, 0xff, 0xff, 0xff, 0xf0, 0x8f, 0xff,
    0x66, 0x66, 0x66, 0x66, 0x66, 0x69, 0xff, 0xf2,
    0x8f, 0xfe, 0x0, 0x0, 0x0, 0x0, 0x0, 0x4,
    0xff, 0xf2, 0x8f, 0xfe, 0x0, 0x0, 0x0, 0x0,
    0x0, 0x4, 0xff, 0xf2, 0x8f, 0xfe, 0x0, 0x0,
    0x0, 0x0, 0x0, 0x4, 0xff, 0xf2, 0x8f, 0xfe,
    0x0, 0x0, 0x0, 0x0, 0x0, 0x4, 0xff, 0xf2,
    0x8f, 0xfe, 0x0, 0x0, 0x0, 0x0, 0x0, 0x4,
    0xff, 0xf2, 0x8f, 0xff, 0xff, 0xff, 0xff, 0xff,
    0xff, 0xff, 0xff, 0xf1, 0x8f, 0xff, 0xff, 0xff,
    0xff, 0xff, 0xff, 0xff, 0xff, 0xb0, 0x8f, 0xff,
    0xff, 0xff, 0xff, 0xff, 0xff, 0xff, 0xfd, 0x10,
    0x8f, 0xff, 0x77, 0x77, 0x77, 0xef, 0xff, 0xd7,
    0x50, 0x0, 0x8f, 0xfe, 0x0, 0x0, 0x0, 0x2f,
    0xff, 0xf6, 0x0, 0x0, 0x8f, 0xfe, 0x0, 0x0,
    0x0, 0x5, 0xff, 0xff, 0x30, 0x0, 0x8f, 0xfe,
    0x0, 0x0, 0x0, 0x0, 0x7f, 0xff, 0xe1, 0x0,
    0x8f, 0xfe, 0x0, 0x0, 0x0, 0x0, 0xa, 0xff,
    0xfd, 0x0, 0x8f, 0xfe, 0x0, 0x0, 0x0, 0x0,
    0x0, 0xdf, 0xff, 0xb0, 0x8f, 0xfe, 0x0, 0x0,
    0x0, 0x0, 0x0, 0x1e, 0xff, 0xf2,

    /* U+0053 "S" */
    0x1, 0xaf, 0xff, 0xff, 0xff, 0xff, 0xff, 0xff,
    0xd5, 0x0, 0xd, 0xff, 0xff, 0xff, 0xff, 0xff,
    0xff, 0xff, 0xff, 0x50, 0x6f, 0xff, 0xff, 0xff,
    0xff, 0xff, 0xff, 0xff, 0xff, 0xe0, 0x9f, 0xfe,
    0x77, 0x77, 0x77, 0x77, 0x77, 0x7a, 0xff, 0xf1,
    0xaf, 0xfd, 0x0, 0x0, 0x0, 0x0, 0x0, 0x5,
    0xff, 0xf1, 0xaf, 0xfd, 0x0, 0x0, 0x0, 0x0,
    0x0, 0x1, 0x22, 0x20, 0xaf, 0xfd, 0x0, 0x0,
    0x0, 0x0, 0x0, 0x0, 0x0, 0x0, 0x9f, 0xfd,
    0x0, 0x0, 0x0, 0x0, 0x0, 0x0, 0x0, 0x0,
    0x8f, 0xff, 0xff, 0xff, 0xff, 0xff, 0xff, 0xff,
    0xd5, 0x0, 0x2f, 0xff, 0xff, 0xff, 0xff, 0xff,
    0xff, 0xff, 0xff, 0x60, 0x6, 0xff, 0xff, 0xff,
    0xff, 0xff, 0xff, 0xff, 0xff, 0xe0, 0x0, 0x26,
    0x77, 0x77, 0x77, 0x77, 0x77, 0x7a, 0xff, 0xf1,
    0x0, 0x0, 0x0, 0x0, 0x0, 0x0, 0x0, 0x5,
    0xff, 0xf1, 0x0, 0x0, 0x0, 0x0, 0x0, 0x0,
    0x0, 0x5, 0xff, 0xf1, 0xaf, 0xfd, 0x0, 0x0,
    0x0, 0x0, 0x0, 0x5, 0xff, 0xf1, 0x9f, 0xfe,
    0x77, 0x77, 0x77, 0x77, 0x77, 0x7a, 0xff, 0xf1,
    0x7f, 0xff, 0xff, 0xff, 0xff, 0xff, 0xff, 0xff,
    0xff, 0xe0, 0xd, 0xff, 0xff, 0xff, 0xff, 0xff,
    0xff, 0xff, 0xff, 0x60, 0x1, 0xaf, 0xff, 0xff,
    0xff, 0xff, 0xff, 0xff, 0xd5, 0x0,

    /* U+0054 "T" */
    0x7f, 0xff, 0xff, 0xff, 0xff, 0xff, 0xff, 0xff,
    0xff, 0xf3, 0x7f, 0xff, 0xff, 0xff, 0xff, 0xff,
    0xff, 0xff, 0xff, 0xf3, 0x7f, 0xff, 0xff, 0xff,
    0xff, 0xff, 0xff, 0xff, 0xff, 0xf3, 0x37, 0x77,
    0x77, 0x77, 0xef, 0xfc, 0x77, 0x77, 0x77, 0x71,
    0x0, 0x0, 0x0, 0x0, 0xdf, 0xfa, 0x0, 0x0,
    0x0, 0x0, 0x0, 0x0, 0x0, 0x0, 0xdf, 0xfa,
    0x0, 0x0, 0x0, 0x0, 0x0, 0x0, 0x0, 0x0,
    0xdf, 0xfa, 0x0, 0x0, 0x0, 0x0, 0x0, 0x0,
    0x0, 0x0, 0xdf, 0xfa, 0x0, 0x0, 0x0, 0x0,
    0x0, 0x0, 0x0, 0x0, 0xdf, 0xfa, 0x0, 0x0,
    0x0, 0x0, 0x0, 0x0, 0x0, 0x0, 0xdf, 0xfa,
    0x0, 0x0, 0x0, 0x0, 0x0, 0x0, 0x0, 0x0,
    0xdf, 0xfa, 0x0, 0x0, 0x0, 0x0, 0x0, 0x0,
    0x0, 0x0, 0xdf, 0xfa, 0x0, 0x0, 0x0, 0x0,
    0x0, 0x0, 0x0, 0x0, 0xdf, 0xfa, 0x0, 0x0,
    0x0, 0x0, 0x0, 0x0, 0x0, 0x0, 0xdf, 0xfa,
    0x0, 0x0, 0x0, 0x0, 0x0, 0x0, 0x0, 0x0,
    0xdf, 0xfa, 0x0, 0x0, 0x0, 0x0, 0x0, 0x0,
    0x0, 0x0, 0xdf, 0xfa, 0x0, 0x0, 0x0, 0x0,
    0x0, 0x0, 0x0, 0x0, 0xdf, 0xfa, 0x0, 0x0,
    0x0, 0x0, 0x0, 0x0, 0x0, 0x0, 0xdf, 0xfa,
    0x0, 0x0, 0x0, 0x0, 0x0, 0x0, 0x0, 0x0,
    0xdf, 0xfa, 0x0, 0x0, 0x0, 0x0,

    /* U+0055 "U" */
    0x9f, 0xfd, 0x0, 0x0, 0x0, 0x0, 0x0, 0x5,
    0xff, 0xf2, 0x9f, 0xfd, 0x0, 0x0, 0x0, 0x0,
    0x0, 0x5, 0xff, 0xf2, 0x9f, 0xfd, 0x0, 0x0,
    0x0, 0x0, 0x0, 0x5, 0xff, 0xf2, 0x9f, 0xfd,
    0x0, 0x0, 0x0, 0x0, 0x0, 0x5, 0xff, 0xf2,
    0x9f, 0xfd, 0x0, 0x0, 0x0, 0x0, 0x0, 0x5,
    0xff, 0xf2, 0x9f, 0xfd, 0x0, 0x0, 0x0, 0x0,
    0x0, 0x5, 0xff, 0xf2, 0x9f, 0xfd, 0x0, 0x0,
    0x0, 0x0, 0x0, 0x5, 0xff, 0xf2, 0x9f, 0xfd,
    0x0, 0x0, 0x0, 0x0, 0x0, 0x5, 0xff, 0xf2,
    0x9f, 0xfd, 0x0, 0x0, 0x0, 0x0, 0x0, 0x5,
    0xff, 0xf2, 0x9f, 0xfd, 0x0, 0x0, 0x0, 0x0,
    0x0, 0x5, 0xff, 0xf2, 0x9f, 0xfd, 0x0, 0x0,
    0x0, 0x0, 0x0, 0x5, 0xff, 0xf2, 0x9f, 0xfd,
    0x0, 0x0, 0x0, 0x0, 0x0, 0x5, 0xff, 0xf2,
    0x9f, 0xfd, 0x0, 0x0, 0x0, 0x0, 0x0, 0x5,
    0xff, 0xf2, 0x9f, 0xfd, 0x0, 0x0, 0x0, 0x0,
    0x0, 0x5, 0xff, 0xf2, 0x9f, 0xfd, 0x0, 0x0,
    0x0, 0x0, 0x0, 0x5, 0xff, 0xf2, 0x9f, 0xfe,
    0x77, 0x77, 0x77, 0x77, 0x77, 0x7a, 0xff, 0xf1,
    0x6f, 0xff, 0xff, 0xff, 0xff, 0xff, 0xff, 0xff,
    0xff, 0xe0, 0xd, 0xff, 0xff, 0xff, 0xff, 0xff,
    0xff, 0xff, 0xff, 0x60, 0x1, 0xaf, 0xff, 0xff,
    0xff, 0xff, 0xff, 0xff, 0xd5, 0x0,

    /* U+0056 "V" */
    0xc, 0xff, 0xf3, 0x0, 0x0, 0x0, 0x0, 0x0,
    0x0, 0x0, 0x9, 0xff, 0xf5, 0x3, 0xff, 0xfc,
    0x0, 0x0, 0x0, 0x0, 0x0, 0x0, 0x0, 0x2f,
    0xff, 0xc0, 0x0, 0xaf, 0xff, 0x50, 0x0, 0x0,
    0x0, 0x0, 0x0, 0x0, 0xbf, 0xff, 0x30, 0x0,
    0x2f, 0xff, 0xd0, 0x0, 0x0, 0x0, 0x0, 0x0,
    0x4, 0xff, 0xfa, 0x0, 0x0, 0x8, 0xff, 0xf7,
    0x0, 0x0, 0x0, 0x0, 0x0, 0xd, 0xff, 0xf1,
    0x0, 0x0, 0x0, 0xef, 0xff, 0x10, 0x0, 0x0,
    0x0, 0x0, 0x7f, 0xff, 0x80, 0x0, 0x0, 0x0,
    0x6f, 0xff, 0x90, 0x0, 0x0, 0x0, 0x1, 0xef,
    0xfe, 0x0, 0x0, 0x0, 0x0, 0xc, 0xff, 0xf2,
    0x0, 0x0, 0x0, 0x9, 0xff, 0xf6, 0x0, 0x0,
    0x0, 0x0, 0x3, 0xff, 0xfb, 0x0, 0x0, 0x0,
    0x2f, 0xff, 0xc0, 0x0, 0x0, 0x0, 0x0, 0x0,
    0xaf, 0xff, 0x40, 0x0, 0x0, 0xbf, 0xff, 0x30,
    0x0, 0x0, 0x0, 0x0, 0x0, 0x2f, 0xff, 0xd0,
    0x0, 0x4, 0xff, 0xfa, 0x0, 0x0, 0x0, 0x0,
    0x0, 0x0, 0x8, 0xff, 0xf6, 0x0, 0xd, 0xff,
    0xf2, 0x0, 0x0, 0x0, 0x0, 0x0, 0x0, 0x0,
    0xef, 0xfe, 0x10, 0x6f, 0xff, 0x80, 0x0, 0x0,
    0x0, 0x0, 0x0, 0x0, 0x0, 0x6f, 0xff, 0x81,
    0xef, 0xfe, 0x0, 0x0, 0x0, 0x0, 0x0, 0x0,
    0x0, 0x0, 0xd, 0xff, 0xfa, 0xff, 0xf6, 0x0,
    0x0, 0x0, 0x0, 0x0, 0x0, 0x0, 0x0, 0x3,
    0xff, 0xff, 0xff, 0xc0, 0x0, 0x0, 0x0, 0x0,
    0x0, 0x0, 0x0, 0x0, 0x0, 0xaf, 0xff, 0xff,
    0x30, 0x0, 0x0, 0x0, 0x0, 0x0, 0x0, 0x0,
    0x0, 0x0, 0x2f, 0xff, 0xfa, 0x0, 0x0, 0x0,
    0x0, 0x0, 0x0, 0x0, 0x0, 0x0, 0x0, 0x8,
    0xff, 0xf2, 0x0, 0x0, 0x0, 0x0, 0x0,

    /* U+0057 "W" */
    0xe, 0xff, 0xb0, 0x0, 0x0, 0x0, 0x9, 0xff,
    0xf2, 0x0, 0x0, 0x0, 0x3, 0xff, 0xf7, 0x8,
    0xff, 0xf1, 0x0, 0x0, 0x0, 0xe, 0xff, 0xf7,
    0x0, 0x0, 0x0, 0x9, 0xff, 0xf1, 0x3, 0xff,
    0xf7, 0x0, 0x0, 0x0, 0x4f, 0xff, 0xfd, 0x0,
    0x0, 0x0, 0xe, 0xff, 0xb0, 0x0, 0xdf, 0xfd,
    0x0, 0x0, 0x0, 0xaf, 0xff, 0xff, 0x30, 0x0,
    0x0, 0x4f, 0xff, 0x60, 0x0, 0x7f, 0xff, 0x20,
    0x0, 0x0, 0xff, 0xff, 0xff, 0x90, 0x0, 0x0,
    0xaf, 0xff, 0x0, 0x0, 0x2f, 0xff, 0x80, 0x0,
    0x6, 0xff, 0xfe, 0xff, 0xe0, 0x0, 0x0, 0xff,
    0xfa, 0x0, 0x0, 0xc, 0xff, 0xe0, 0x0, 0xc,
    0xff, 0xe6, 0xff, 0xf4, 0x0, 0x5, 0xff, 0xf4,
    0x0, 0x0, 0x6, 0xff, 0xf4, 0x0, 0x1f, 0xff,
    0x91, 0xff, 0xfa, 0x0, 0xb, 0xff, 0xe0, 0x0,
    0x0, 0x1, 0xff, 0xf9, 0x0, 0x7f, 0xff, 0x30,
    0xaf, 0xff, 0x0, 0x1f, 0xff, 0x90, 0x0, 0x0,
    0x0, 0xbf, 0xff, 0x0, 0xdf, 0xfd, 0x0, 0x4f,
    0xff, 0x60, 0x7f, 0xff, 0x30, 0x0, 0x0, 0x0,
    0x5f, 0xff, 0x53, 0xff, 0xf7, 0x0, 0xe, 0xff,
    0xb0, 0xcf, 0xfd, 0x0, 0x0, 0x0, 0x0, 0xf,
    0xff, 0xb8, 0xff, 0xf2, 0x0, 0x9, 0xff, 0xf4,
    0xff, 0xf8, 0x0, 0x0, 0x0, 0x0, 0x9, 0xff,
    0xfe, 0xff, 0xc0, 0x0, 0x3, 0xff, 0xfe, 0xff,
    0xf2, 0x0, 0x0, 0x0, 0x0, 0x4, 0xff, 0xff,
    0xff, 0x60, 0x0, 0x0, 0xdf, 0xff, 0xff, 0xc0,
    0x0, 0x0, 0x0, 0x0, 0x0, 0xef, 0xff, 0xff,
    0x10, 0x0, 0x0, 0x8f, 0xff, 0xff, 0x70, 0x0,
    0x0, 0x0, 0x0, 0x0, 0x8f, 0xff, 0xfa, 0x0,
    0x0, 0x0, 0x2f, 0xff, 0xff, 0x10, 0x0, 0x0,
    0x0, 0x0, 0x0, 0x2f, 0xff, 0xf5, 0x0, 0x0,
    0x0, 0xc, 0xff, 0xfb, 0x0, 0x0, 0x0, 0x0,
    0x0, 0x0, 0xd, 0xff, 0xe0, 0x0, 0x0, 0x0,
    0x6, 0xff, 0xf5, 0x0, 0x0, 0x0, 0x0, 0x0,
    0x0, 0x7, 0xff, 0x90, 0x0, 0x0, 0x0, 0x1,
    0xff, 0xf0, 0x0, 0x0, 0x0,

    /* U+0058 "X" */
    0xcf, 0xff, 0x50, 0x0, 0x0, 0x0, 0x0, 0x5f,
    0xff, 0xd5, 0xff, 0xff, 0x30, 0x0, 0x0, 0x0,
    0x2f, 0xff, 0xf6, 0x8, 0xff, 0xfe, 0x10, 0x0,
    0x0, 0x1e, 0xff, 0xf9, 0x0, 0xb, 0xff, 0xfc,
    0x0, 0x0, 0xc, 0xff, 0xfb, 0x0, 0x0, 0xd,
    0xff, 0xfa, 0x0, 0x9, 0xff, 0xfd, 0x10, 0x0,
    0x0, 0x2e, 0xff, 0xf7, 0x7, 0xff, 0xfe, 0x20,
    0x0, 0x0, 0x0, 0x4f, 0xff, 0xf8, 0xff, 0xff,
    0x40, 0x0, 0x0, 0x0, 0x0, 0x6f, 0xff, 0xff,
    0xff, 0x60, 0x0, 0x0, 0x0, 0x0, 0x0, 0x9f,
    0xff, 0xff, 0x90, 0x0, 0x0, 0x0, 0x0, 0x0,
    0x0, 0xff, 0xff, 0xf0, 0x0, 0x0, 0x0, 0x0,
    0x0, 0x0, 0x9f, 0xff, 0xff, 0x90, 0x0, 0x0,
    0x0, 0x0, 0x0, 0x6f, 0xff, 0xff, 0xff, 0x60,
    0x0, 0x0, 0x0, 0x0, 0x4f, 0xff, 0xf8, 0xff,
    0xff, 0x40, 0x0, 0x0, 0x0, 0x2e, 0xff, 0xf7,
    0x7, 0xff, 0xff, 0x20, 0x0, 0x0, 0xd, 0xff,
    0xfa, 0x0, 0xa, 0xff, 0xfd, 0x10, 0x0, 0xb,
    0xff, 0xfc, 0x0, 0x0, 0xc, 0xff, 0xfb, 0x0,
    0x8, 0xff, 0xfe, 0x10, 0x0, 0x0, 0x1e, 0xff,
    0xf9, 0x5, 0xff, 0xff, 0x30, 0x0, 0x0, 0x0,
    0x3f, 0xff, 0xf6, 0xcf, 0xff, 0x50, 0x0, 0x0,
    0x0, 0x0, 0x5f, 0xff, 0xd0,

    /* U+0059 "Y" */
    0x8f, 0xff, 0x80, 0x0, 0x0, 0x0, 0x0, 0x0,
    0xaf, 0xff, 0x80, 0xcf, 0xff, 0x50, 0x0, 0x0,
    0x0, 0x0, 0x7f, 0xff, 0xc0, 0x2, 0xff, 0xff,
    0x20, 0x0, 0x0, 0x0, 0x3f, 0xff, 0xe1, 0x0,
    0x5, 0xff, 0xfd, 0x0, 0x0, 0x0, 0x1e, 0xff,
    0xf5, 0x0, 0x0, 0x9, 0xff, 0xfb, 0x0, 0x0,
    0xc, 0xff, 0xf9, 0x0, 0x0, 0x0, 0xd, 0xff,
    0xf7, 0x0, 0x8, 0xff, 0xfd, 0x0, 0x0, 0x0,
    0x0, 0x3f, 0xff, 0xf4, 0x5, 0xff, 0xff, 0x20,
    0x0, 0x0, 0x0, 0x0, 0x7f, 0xff, 0xe4, 0xff,
    0xff, 0x60, 0x0, 0x0, 0x0, 0x0, 0x0, 0xbf,
    0xff, 0xff, 0xff, 0xa0, 0x0, 0x0, 0x0, 0x0,
    0x0, 0x1, 0xef, 0xff, 0xff, 0xe1, 0x0, 0x0,
    0x0, 0x0, 0x0, 0x0, 0x4, 0xff, 0xff, 0xf3,
    0x0, 0x0, 0x0, 0x0, 0x0, 0x0, 0x0, 0x8,
    0xff, 0xf7, 0x0, 0x0, 0x0, 0x0, 0x0, 0x0,
    0x0, 0x0, 0x4f, 0xff, 0x30, 0x0, 0x0, 0x0,
    0x0, 0x0, 0x0, 0x0, 0x4, 0xff, 0xf3, 0x0,
    0x0, 0x0, 0x0, 0x0, 0x0, 0x0, 0x0, 0x4f,
    0xff, 0x30, 0x0, 0x0, 0x0, 0x0, 0x0, 0x0,
    0x0, 0x4, 0xff, 0xf3, 0x0, 0x0, 0x0, 0x0,
    0x0, 0x0, 0x0, 0x0, 0x4f, 0xff, 0x30, 0x0,
    0x0, 0x0, 0x0, 0x0, 0x0, 0x0, 0x4, 0xff,
    0xf3, 0x0, 0x0, 0x0, 0x0, 0x0, 0x0, 0x0,
    0x0, 0x4f, 0xff, 0x30, 0x0, 0x0, 0x0, 0x0,

    /* U+005A "Z" */
    0xaf, 0xff, 0xff, 0xff, 0xff, 0xff, 0xff, 0xff,
    0xff, 0xf0, 0xaf, 0xff, 0xff, 0xff, 0xff, 0xff,
    0xff, 0xff, 0xff, 0xf0, 0xaf, 0xff, 0xff, 0xff,
    0xff, 0xff, 0xff, 0xff, 0xff, 0xf0, 0x47, 0x77,
    0x77, 0x77, 0x77, 0x77, 0x79, 0xff, 0xff, 0xf0,
    0x0, 0x0, 0x0, 0x0, 0x0, 0x0, 0x4f, 0xff,
    0xfe, 0x30, 0x0, 0x0, 0x0, 0x0, 0x0, 0x6,
    0xff, 0xff, 0xd2, 0x0, 0x0, 0x0, 0x0, 0x0,
    0x0, 0x8f, 0xff, 0xfc, 0x10, 0x0, 0x0, 0x0,
    0x0, 0x0, 0xa, 0xff, 0xff, 0xa0, 0x0, 0x0,
    0x0, 0x0, 0x0, 0x1, 0xcf, 0xff, 0xf8, 0x0,
    0x0, 0x0, 0x0, 0x0, 0x0, 0x2d, 0xff, 0xff,
    0x60, 0x0, 0x0, 0x0, 0x0, 0x0, 0x3, 0xef,
    0xff, 0xf4, 0x0, 0x0, 0x0, 0x0, 0x0, 0x0,
    0x5f, 0xff, 0xfe, 0x20, 0x0, 0x0, 0x0, 0x0,
    0x0, 0x7, 0xff, 0xff, 0xc1, 0x0, 0x0, 0x0,
    0x0, 0x0, 0x0, 0x9f, 0xff, 0xfb, 0x0, 0x0,
    0x0, 0x0, 0x0, 0x0, 0xb, 0xff, 0xff, 0x90,
    0x0, 0x0, 0x0, 0x0, 0x0, 0x0, 0xaf, 0xff,
    0xfd, 0x77, 0x77, 0x77, 0x77, 0x77, 0x77, 0x70,
    0xaf, 0xff, 0xff, 0xff, 0xff, 0xff, 0xff, 0xff,
    0xff, 0xf0, 0xaf, 0xff, 0xff, 0xff, 0xff, 0xff,
    0xff, 0xff, 0xff, 0xf0, 0xaf, 0xff, 0xff, 0xff,
    0xff, 0xff, 0xff, 0xff, 0xff, 0xf0,

    /* U+005B "[" */
    0x9f, 0xff, 0xf6, 0x9f, 0xff, 0xf6, 0x9f, 0xff,
    0xf6, 0x9f, 0xfe, 0x62, 0x9f, 0xfd, 0x0, 0x9f,
    0xfd, 0x0, 0x9f, 0xfd, 0x0, 0x9f, 0xfd, 0x0,
    0x9f, 0xfd, 0x0, 0x9f, 0xfd, 0x0, 0x9f, 0xfd,
    0x0, 0x9f, 0xfd, 0x0, 0x9f, 0xfd, 0x0, 0x9f,
    0xfd, 0x0, 0x9f, 0xfd, 0x0, 0x9f, 0xfe, 0x62,
    0x9f, 0xff, 0xf6, 0x9f, 0xff, 0xf6, 0x9f, 0xff,
    0xf6,

    /* U+005C "\\" */
    0xe9, 0x0, 0x0, 0x0, 0x0, 0x0, 0x0, 0xef,
    0x60, 0x0, 0x0, 0x0, 0x0, 0x0, 0xef, 0xf3,
    0x0, 0x0, 0x0, 0x0, 0x0, 0xdf, 0xfe, 0x10,
    0x0, 0x0, 0x0, 0x0, 0x3f, 0xff, 0xc0, 0x0,
    0x0, 0x0, 0x0, 0x5, 0xff, 0xf9, 0x0, 0x0,
    0x0, 0x0, 0x0, 0x9f, 0xff, 0x60, 0x0, 0x0,
    0x0, 0x0, 0xb, 0xff, 0xf3, 0x0, 0x0, 0x0,
    0x0, 0x1, 0xef, 0xfe, 0x10, 0x0, 0x0, 0x0,
    0x0, 0x3f, 0xff, 0xc0, 0x0, 0x0, 0x0, 0x0,
    0x5, 0xff, 0xf9, 0x0, 0x0, 0x0, 0x0, 0x0,
    0x8f, 0xff, 0x60, 0x0, 0x0, 0x0, 0x0, 0xb,
    0xff, 0xf3, 0x0, 0x0, 0x0, 0x0, 0x1, 0xef,
    0xfe, 0x10, 0x0, 0x0, 0x0, 0x0, 0x3f, 0xff,
    0xc0, 0x0, 0x0, 0x0, 0x0, 0x5, 0xff, 0xf6,
    0x0, 0x0, 0x0, 0x0, 0x0, 0x8f, 0xf7, 0x0,
    0x0, 0x0, 0x0, 0x0, 0xb, 0xf7, 0x0, 0x0,
    0x0, 0x0, 0x0, 0x1, 0xd7,

    /* U+005D "]" */
    0xaf, 0xff, 0xf5, 0xaf, 0xff, 0xf5, 0xaf, 0xff,
    0xf5, 0x47, 0xff, 0xf5, 0x1, 0xff, 0xf5, 0x1,
    0xff, 0xf5, 0x1, 0xff, 0xf5, 0x1, 0xff, 0xf5,
    0x1, 0xff, 0xf5, 0x1, 0xff, 0xf5, 0x1, 0xff,
    0xf5, 0x1, 0xff, 0xf5, 0x1, 0xff, 0xf5, 0x1,
    0xff, 0xf5, 0x1, 0xff, 0xf5, 0x47, 0xff, 0xf5,
    0xaf, 0xff, 0xf5, 0xaf, 0xff, 0xf5, 0xaf, 0xff,
    0xf5,

    /* U+005F "_" */
    0x36, 0x66, 0x66, 0x66, 0x66, 0x66, 0x66, 0x66,
    0x66, 0x69, 0xff, 0xff, 0xff, 0xff, 0xff, 0xff,
    0xff, 0xff, 0xff, 0x9f, 0xff, 0xff, 0xff, 0xff,
    0xff, 0xff, 0xff, 0xff, 0xf9, 0xff, 0xff, 0xff,
    0xff, 0xff, 0xff, 0xff, 0xff, 0xff,

    /* U+0060 "`" */
    0x4b, 0xbb, 0x0, 0x2f, 0xff, 0x40, 0xe, 0xff,
    0x80, 0xa, 0xff, 0xc0, 0x6, 0xff, 0xf1,

    /* U+0061 "a" */
    0xaf, 0xff, 0xff, 0xff, 0xff, 0xff, 0xfa, 0x20,
    0xaf, 0xff, 0xff, 0xff, 0xff, 0xff, 0xff, 0xe1,
    0xaf, 0xff, 0xff, 0xff, 0xff, 0xff, 0xff, 0xf7,
    0x46, 0x66, 0x66, 0x66, 0x66, 0x66, 0xdf, 0xfa,
    0x0, 0x0, 0x0, 0x0, 0x0, 0x0, 0xbf, 0xfa,
    0x0, 0x0, 0x0, 0x0, 0x0, 0x0, 0xbf, 0xfa,
    0xaf, 0xff, 0xff, 0xff, 0xff, 0xff, 0xff, 0xfa,
    0xaf, 0xff, 0xff, 0xff, 0xff, 0xff, 0xff, 0xfa,
    0xaf, 0xff, 0xff, 0xff, 0xff, 0xff, 0xff, 0xfa,
    0xaf, 0xfc, 0x0, 0x0, 0x0, 0x0, 0xbf, 0xfa,
    0xaf, 0xfc, 0x0, 0x0, 0x0, 0x0, 0xbf, 0xfa,
    0xaf, 0xfe, 0x66, 0x66, 0x66, 0x66, 0xdf, 0xfa,
    0x7f, 0xff, 0xff, 0xff, 0xff, 0xff, 0xff, 0xfa,
    0x1e, 0xff, 0xff, 0xff, 0xff, 0xff, 0xff, 0xfa,
    0x2, 0xaf, 0xff, 0xff, 0xff, 0xff, 0xff, 0xfa,

    /* U+0062 "b" */
    0x9f, 0xfd, 0x0, 0x0, 0x0, 0x0, 0x0, 0x0,
    0x9f, 0xfd, 0x0, 0x0, 0x0, 0x0, 0x0, 0x0,
    0x9f, 0xfd, 0x0, 0x0, 0x0, 0x0, 0x0, 0x0,
    0x9f, 0xfd, 0x0, 0x0, 0x0, 0x0, 0x0, 0x0,
    0x9f, 0xfd, 0x0, 0x0, 0x0, 0x0, 0x0, 0x0,
    0x9f, 0xff, 0xff, 0xff, 0xff, 0xff, 0xfb, 0x20,
    0x9f, 0xff, 0xff, 0xff, 0xff, 0xff, 0xff, 0xe1,
    0x9f, 0xff, 0xff, 0xff, 0xff, 0xff, 0xff, 0xf8,
    0x9f, 0xfe, 0x66, 0x66, 0x66, 0x66, 0xdf, 0xfb,
    0x9f, 0xfd, 0x0, 0x0, 0x0, 0x0, 0xbf, 0xfb,
    0x9f, 0xfd, 0x0, 0x0, 0x0, 0x0, 0xbf, 0xfb,
    0x9f, 0xfd, 0x0, 0x0, 0x0, 0x0, 0xbf, 0xfb,
    0x9f, 0xfd, 0x0, 0x0, 0x0, 0x0, 0xbf, 0xfb,
    0x9f, 0xfd, 0x0, 0x0, 0x0, 0x0, 0xbf, 0xfb,
    0x9f, 0xfd, 0x0, 0x0, 0x0, 0x0, 0xbf, 0xfb,
    0x9f, 0xfd, 0x0, 0x0, 0x0, 0x0, 0xbf, 0xfb,
    0x9f, 0xfe, 0x66, 0x66, 0x66, 0x66, 0xdf, 0xfb,
    0x9f, 0xff, 0xff, 0xff, 0xff, 0xff, 0xff, 0xf8,
    0x9f, 0xff, 0xff, 0xff, 0xff, 0xff, 0xff, 0xe1,
    0x9f, 0xff, 0xff, 0xff, 0xff, 0xff, 0xfb, 0x20,

    /* U+0063 "c" */
    0x1, 0xaf, 0xff, 0xff, 0xff, 0xff, 0xff, 0xf9,
    0x1e, 0xff, 0xff, 0xff, 0xff, 0xff, 0xff, 0xf9,
    0x7f, 0xff, 0xff, 0xff, 0xff, 0xff, 0xff, 0xf9,
    0xaf, 0xfd, 0x66, 0x66, 0x66, 0x66, 0x66, 0x63,
    0xaf, 0xfb, 0x0, 0x0, 0x0, 0x0, 0x0, 0x0,
    0xaf, 0xfb, 0x0, 0x0, 0x0, 0x0, 0x0, 0x0,
    0xaf, 0xfb, 0x0, 0x0, 0x0, 0x0, 0x0, 0x0,
    0xaf, 0xfb, 0x0, 0x0, 0x0, 0x0, 0x0, 0x0,
    0xaf, 0xfb, 0x0, 0x0, 0x0, 0x0, 0x0, 0x0,
    0xaf, 0xfb, 0x0, 0x0, 0x0, 0x0, 0x0, 0x0,
    0xaf, 0xfb, 0x0, 0x0, 0x0, 0x0, 0x0, 0x0,
    0xaf, 0xfd, 0x66, 0x66, 0x66, 0x66, 0x66, 0x64,
    0x7f, 0xff, 0xff, 0xff, 0xff, 0xff, 0xff, 0xfa,
    0x1e, 0xff, 0xff, 0xff, 0xff, 0xff, 0xff, 0xfa,
    0x1, 0xaf, 0xff, 0xff, 0xff, 0xff, 0xff, 0xfa,

    /* U+0064 "d" */
    0x0, 0x0, 0x0, 0x0, 0x0, 0x0, 0x7f, 0xff,
    0x0, 0x0, 0x0, 0x0, 0x0, 0x0, 0x7f, 0xff,
    0x0, 0x0, 0x0, 0x0, 0x0, 0x0, 0x7f, 0xff,
    0x0, 0x0, 0x0, 0x0, 0x0, 0x0, 0x7f, 0xff,
    0x0, 0x0, 0x0, 0x0, 0x0, 0x0, 0x7f, 0xff,
    0x0, 0x8e, 0xff, 0xff, 0xff, 0xff, 0xff, 0xff,
    0xb, 0xff, 0xff, 0xff, 0xff, 0xff, 0xff, 0xff,
    0x3f, 0xff, 0xff, 0xff, 0xff, 0xff, 0xff, 0xff,
    0x6f, 0xff, 0x66, 0x66, 0x66, 0x66, 0xbf, 0xff,
    0x6f, 0xff, 0x0, 0x0, 0x0, 0x0, 0x7f, 0xff,
    0x6f, 0xff, 0x0, 0x0, 0x0, 0x0, 0x7f, 0xff,
    0x6f, 0xff, 0x0, 0x0, 0x0, 0x0, 0x7f, 0xff,
    0x6f, 0xff, 0x0, 0x0, 0x0, 0x0, 0x7f, 0xff,
    0x6f, 0xff, 0x0, 0x0, 0x0, 0x0, 0x7f, 0xff,
    0x6f, 0xff, 0x0, 0x0, 0x0, 0x0, 0x7f, 0xff,
    0x6f, 0xff, 0x0, 0x0, 0x0, 0x0, 0x7f, 0xff,
    0x6f, 0xff, 0x66, 0x66, 0x66, 0x66, 0xbf, 0xff,
    0x3f, 0xff, 0xff, 0xff, 0xff, 0xff, 0xff, 0xff,
    0xb, 0xff, 0xff, 0xff, 0xff, 0xff, 0xff, 0xff,
    0x0, 0x8e, 0xff, 0xff, 0xff, 0xff, 0xff, 0xff,

    /* U+0065 "e" */
    0x1, 0xaf, 0xff, 0xff, 0xff, 0xff, 0xfa, 0x10,
    0x1e, 0xff, 0xff, 0xff, 0xff, 0xff, 0xff, 0xe1,
    0x7f, 0xff, 0xff, 0xff, 0xff, 0xff, 0xff, 0xf7,
    0xaf, 0xfd, 0x66, 0x66, 0x66, 0x66, 0xef, 0xfa,
    0xaf, 0xfb, 0x0, 0x0, 0x0, 0x0, 0xcf, 0xfa,
    0xaf, 0xfb, 0x0, 0x0, 0x0, 0x0, 0xcf, 0xfa,
    0xaf, 0xff, 0xff, 0xff, 0xff, 0xff, 0xff, 0xfa,
    0xaf, 0xff, 0xff, 0xff, 0xff, 0xff, 0xff, 0xfa,
    0xaf, 0xff, 0xff, 0xff, 0xff, 0xff, 0xff, 0xfa,
    0xaf, 0xfb, 0x0, 0x0, 0x0, 0x0, 0x0, 0x0,
    0xaf, 0xfb, 0x0, 0x0, 0x0, 0x0, 0x0, 0x0,
    0xaf, 0xfd, 0x66, 0x66, 0x66, 0x66, 0x66, 0x64,
    0x7f, 0xff, 0xff, 0xff, 0xff, 0xff, 0xff, 0xfa,
    0x1e, 0xff, 0xff, 0xff, 0xff, 0xff, 0xff, 0xfa,
    0x1, 0xaf, 0xff, 0xff, 0xff, 0xff, 0xff, 0xfa,

    /* U+0066 "f" */
    0x1, 0xaf, 0xff, 0xff, 0xfa, 0xd, 0xff, 0xff,
    0xff, 0xfa, 0x6f, 0xff, 0xff, 0xff, 0xfa, 0x9f,
    0xfe, 0x66, 0x66, 0x64, 0xaf, 0xfc, 0x0, 0x0,
    0x0, 0xaf, 0xff, 0xff, 0xff, 0xfa, 0xaf, 0xff,
    0xff, 0xff, 0xfa, 0xaf, 0xff, 0xff, 0xff, 0xfa,
    0xaf, 0xfd, 0x66, 0x66, 0x64, 0xaf, 0xfc, 0x0,
    0x0, 0x0, 0xaf, 0xfc, 0x0, 0x0, 0x0, 0xaf,
    0xfc, 0x0, 0x0, 0x0, 0xaf, 0xfc, 0x0, 0x0,
    0x0, 0xaf, 0xfc, 0x0, 0x0, 0x0, 0xaf, 0xfc,
    0x0, 0x0, 0x0, 0xaf, 0xfc, 0x0, 0x0, 0x0,
    0xaf, 0xfc, 0x0, 0x0, 0x0, 0xaf, 0xfc, 0x0,
    0x0, 0x0, 0xaf, 0xfc, 0x0, 0x0, 0x0, 0xaf,
    0xfc, 0x0, 0x0, 0x0,

    /* U+0067 "g" */
    0x4, 0xcf, 0xff, 0xff, 0xff, 0xff, 0xe8, 0x0,
    0x3f, 0xff, 0xff, 0xff, 0xff, 0xff, 0xff, 0xa0,
    0xcf, 0xff, 0xff, 0xff, 0xff, 0xff, 0xff, 0xf3,
    0xef, 0xfb, 0x66, 0x66, 0x66, 0x66, 0xff, 0xf5,
    0xff, 0xf7, 0x0, 0x0, 0x0, 0x0, 0xff, 0xf6,
    0xff, 0xf7, 0x0, 0x0, 0x0, 0x0, 0xff, 0xf6,
    0xff, 0xf7, 0x0, 0x0, 0x0, 0x0, 0xff, 0xf6,
    0xff, 0xf7, 0x0, 0x0, 0x0, 0x0, 0xff, 0xf6,
    0xff, 0xf7, 0x0, 0x0, 0x0, 0x0, 0xff, 0xf6,
    0xff, 0xf7, 0x0, 0x0, 0x0, 0x0, 0xff, 0xf6,
    0xff, 0xf7, 0x0, 0x0, 0x0, 0x0, 0xff, 0xf6,
    0xef, 0xfb, 0x66, 0x66, 0x66, 0x66, 0xff, 0xf6,
    0xcf, 0xff, 0xff, 0xff, 0xff, 0xff, 0xff, 0xf6,
    0x3f, 0xff, 0xff, 0xff, 0xff, 0xff, 0xff, 0xf6,
    0x4, 0xcf, 0xff, 0xff, 0xff, 0xff, 0xff, 0xf6,
    0x0, 0x0, 0x0, 0x0, 0x0, 0x0, 0xff, 0xf6,
    0x0, 0x0, 0x0, 0x0, 0x0, 0x0, 0xff, 0xf6,
    0x0, 0x26, 0x66, 0x66, 0x66, 0x67, 0xff, 0xf5,
    0x0, 0x6f, 0xff, 0xff, 0xff, 0xff, 0xff, 0xf3,
    0x0, 0x6f, 0xff, 0xff, 0xff, 0xff, 0xff, 0xb0,
    0x0, 0x6f, 0xff, 0xff, 0xff, 0xff, 0xe9, 0x0,

    /* U+0068 "h" */
    0x9f, 0xfd, 0x0, 0x0, 0x0, 0x0, 0x0, 0x0,
    0x9f, 0xfd, 0x0, 0x0, 0x0, 0x0, 0x0, 0x0,
    0x9f, 0xfd, 0x0, 0x0, 0x0, 0x0, 0x0, 0x0,
    0x9f, 0xfd, 0x0, 0x0, 0x0, 0x0, 0x0, 0x0,
    0x9f, 0xfd, 0x0, 0x0, 0x0, 0x0, 0x0, 0x0,
    0x9f, 0xff, 0xff, 0xff, 0xff, 0xff, 0xfb, 0x20,
    0x9f, 0xff, 0xff, 0xff, 0xff, 0xff, 0xff, 0xe1,
    0x9f, 0xff, 0xff, 0xff, 0xff, 0xff, 0xff, 0xf8,
    0x9f, 0xfe, 0x66, 0x66, 0x66, 0x66, 0xdf, 0xfb,
    0x9f, 0xfd, 0x0, 0x0, 0x0, 0x0, 0xbf, 0xfb,
    0x9f, 0xfd, 0x0, 0x0, 0x0, 0x0, 0xbf, 0xfb,
    0x9f, 0xfd, 0x0, 0x0, 0x0, 0x0, 0xbf, 0xfb,
    0x9f, 0xfd, 0x0, 0x0, 0x0, 0x0, 0xbf, 0xfb,
    0x9f, 0xfd, 0x0, 0x0, 0x0, 0x0, 0xbf, 0xfb,
    0x9f, 0xfd, 0x0, 0x0, 0x0, 0x0, 0xbf, 0xfb,
    0x9f, 0xfd, 0x0, 0x0, 0x0, 0x0, 0xbf, 0xfb,
    0x9f, 0xfd, 0x0, 0x0, 0x0, 0x0, 0xbf, 0xfb,
    0x9f, 0xfd, 0x0, 0x0, 0x0, 0x0, 0xbf, 0xfb,
    0x9f, 0xfd, 0x0, 0x0, 0x0, 0x0, 0xbf, 0xfb,
    0x9f, 0xfd, 0x0, 0x0, 0x0, 0x0, 0xbf, 0xfb,

    /* U+0069 "i" */
    0xaf, 0xfc, 0xaf, 0xfc, 0xaf, 0xfc, 0x46, 0x65,
    0x0, 0x0, 0xaf, 0xfc, 0xaf, 0xfc, 0xaf, 0xfc,
    0xaf, 0xfc, 0xaf, 0xfc, 0xaf, 0xfc, 0xaf, 0xfc,
    0xaf, 0xfc, 0xaf, 0xfc, 0xaf, 0xfc, 0xaf, 0xfc,
    0xaf, 0xfc, 0xaf, 0xfc, 0xaf, 0xfc, 0xaf, 0xfc,

    /* U+006A "j" */
    0x0, 0x0, 0x0, 0x3f, 0xff, 0x30, 0x0, 0x0,
    0x3, 0xff, 0xf3, 0x0, 0x0, 0x0, 0x3f, 0xff,
    0x30, 0x0, 0x0, 0x1, 0x66, 0x61, 0x0, 0x0,
    0x0, 0x0, 0x0, 0x0, 0x0, 0x0, 0x3, 0xff,
    0xf3, 0x0, 0x0, 0x0, 0x3f, 0xff, 0x30, 0x0,
    0x0, 0x3, 0xff, 0xf3, 0x0, 0x0, 0x0, 0x3f,
    0xff, 0x30, 0x0, 0x0, 0x3, 0xff, 0xf3, 0x0,
    0x0, 0x0, 0x3f, 0xff, 0x30, 0x0, 0x0, 0x3,
    0xff, 0xf3, 0x0, 0x0, 0x0, 0x3f, 0xff, 0x30,
    0x0, 0x0, 0x3, 0xff, 0xf3, 0x0, 0x0, 0x0,
    0x3f, 0xff, 0x30, 0x0, 0x0, 0x3, 0xff, 0xf3,
    0x0, 0x0, 0x0, 0x3f, 0xff, 0x30, 0x0, 0x0,
    0x3, 0xff, 0xf3, 0x0, 0x0, 0x0, 0x3f, 0xff,
    0x30, 0x0, 0x0, 0x3, 0xff, 0xf3, 0x0, 0x0,
    0x0, 0x3f, 0xff, 0x30, 0x0, 0x0, 0x3, 0xff,
    0xf3, 0x56, 0x66, 0x66, 0x8f, 0xff, 0x3d, 0xff,
    0xff, 0xff, 0xff, 0xf0, 0xdf, 0xff, 0xff, 0xff,
    0xf8, 0xd, 0xff, 0xff, 0xff, 0xe7, 0x0,

    /* U+006B "k" */
    0x9f, 0xfd, 0x0, 0x0, 0x0, 0x0, 0x0, 0x0,
    0x9f, 0xfd, 0x0, 0x0, 0x0, 0x0, 0x0, 0x0,
    0x9f, 0xfd, 0x0, 0x0, 0x0, 0x0, 0x0, 0x0,
    0x9f, 0xfd, 0x0, 0x0, 0x0, 0x0, 0x0, 0x0,
    0x9f, 0xfd, 0x0, 0x0, 0x0, 0x0, 0x0, 0x0,
    0x9f, 0xfd, 0x0, 0x0, 0x0, 0x9, 0xff, 0xf8,
    0x9f, 0xfd, 0x0, 0x0, 0x0, 0x7f, 0xff, 0xe2,
    0x9f, 0xfd, 0x0, 0x0, 0x6, 0xff, 0xff, 0x30,
    0x9f, 0xfd, 0x0, 0x0, 0x4f, 0xff, 0xf4, 0x0,
    0x9f, 0xfd, 0x0, 0x3, 0xff, 0xff, 0x50, 0x0,
    0x9f, 0xfd, 0x0, 0x2e, 0xff, 0xf7, 0x0, 0x0,
    0x9f, 0xff, 0xff, 0xff, 0xff, 0x90, 0x0, 0x0,
    0x9f, 0xff, 0xff, 0xff, 0xfc, 0x0, 0x0, 0x0,
    0x9f, 0xff, 0xff, 0xff, 0xff, 0x40, 0x0, 0x0,
    0x9f, 0xfe, 0x66, 0x8f, 0xff, 0xf3, 0x0, 0x0,
    0x9f, 0xfd, 0x0, 0x7, 0xff, 0xfe, 0x20, 0x0,
    0x9f, 0xfd, 0x0, 0x0, 0x8f, 0xff, 0xe2, 0x0,
    0x9f, 0xfd, 0x0, 0x0, 0x8, 0xff, 0xfe, 0x10,
    0x9f, 0xfd, 0x0, 0x0, 0x0, 0x9f, 0xff, 0xd1,
    0x9f, 0xfd, 0x0, 0x0, 0x0, 0x9, 0xff, 0xf7,

    /* U+006C "l" */
    0xaf, 0xfc, 0x0, 0xa, 0xff, 0xc0, 0x0, 0xaf,
    0xfc, 0x0, 0xa, 0xff, 0xc0, 0x0, 0xaf, 0xfc,
    0x0, 0xa, 0xff, 0xc0, 0x0, 0xaf, 0xfc, 0x0,
    0xa, 0xff, 0xc0, 0x0, 0xaf, 0xfc, 0x0, 0xa,
    0xff, 0xc0, 0x0, 0xaf, 0xfc, 0x0, 0xa, 0xff,
    0xc0, 0x0, 0xaf, 0xfc, 0x0, 0xa, 0xff, 0xc0,
    0x0, 0xaf, 0xfc, 0x0, 0xa, 0xff, 0xc0, 0x0,
    0xaf, 0xfe, 0x66, 0x67, 0xff, 0xff, 0xff, 0xd,
    0xff, 0xff, 0xf0, 0x1a, 0xff, 0xff,

    /* U+006D "m" */
    0x9f, 0xff, 0xff, 0xff, 0xff, 0xff, 0xff, 0xff,
    0xff, 0xff, 0xb2, 0x9, 0xff, 0xff, 0xff, 0xff,
    0xff, 0xff, 0xff, 0xff, 0xff, 0xff, 0xe1, 0x9f,
    0xff, 0xff, 0xff, 0xff, 0xff, 0xff, 0xff, 0xff,
    0xff, 0xff, 0x89, 0xff, 0xe6, 0x66, 0x66, 0x8f,
    0xff, 0x96, 0x66, 0x66, 0xdf, 0xfa, 0x9f, 0xfd,
    0x0, 0x0, 0x2, 0xff, 0xf4, 0x0, 0x0, 0xb,
    0xff, 0xb9, 0xff, 0xd0, 0x0, 0x0, 0x2f, 0xff,
    0x40, 0x0, 0x0, 0xbf, 0xfb, 0x9f, 0xfd, 0x0,
    0x0, 0x2, 0xff, 0xf4, 0x0, 0x0, 0xb, 0xff,
    0xb9, 0xff, 0xd0, 0x0, 0x0, 0x2f, 0xff, 0x40,
    0x0, 0x0, 0xbf, 0xfb, 0x9f, 0xfd, 0x0, 0x0,
    0x2, 0xff, 0xf4, 0x0, 0x0, 0xb, 0xff, 0xb9,
    0xff, 0xd0, 0x0, 0x0, 0x2f, 0xff, 0x40, 0x0,
    0x0, 0xbf, 0xfb, 0x9f, 0xfd, 0x0, 0x0, 0x2,
    0xff, 0xf4, 0x0, 0x0, 0xb, 0xff, 0xb9, 0xff,
    0xd0, 0x0, 0x0, 0x2f, 0xff, 0x40, 0x0, 0x0,
    0xbf, 0xfb, 0x9f, 0xfd, 0x0, 0x0, 0x2, 0xff,
    0xf4, 0x0, 0x0, 0xb, 0xff, 0xb9, 0xff, 0xd0,
    0x0, 0x0, 0x2f, 0xff, 0x40, 0x0, 0x0, 0xbf,
    0xfb, 0x9f, 0xfd, 0x0, 0x0, 0x2, 0xff, 0xf4,
    0x0, 0x0, 0xb, 0xff, 0xb0,

    /* U+006E "n" */
    0x9f, 0xff, 0xff, 0xff, 0xff, 0xff, 0xfb, 0x20,
    0x9f, 0xff, 0xff, 0xff, 0xff, 0xff, 0xff, 0xe1,
    0x9f, 0xff, 0xff, 0xff, 0xff, 0xff, 0xff, 0xf8,
    0x9f, 0xfe, 0x66, 0x66, 0x66, 0x66, 0xdf, 0xfb,
    0x9f, 0xfd, 0x0, 0x0, 0x0, 0x0, 0xbf, 0xfb,
    0x9f, 0xfd, 0x0, 0x0, 0x0, 0x0, 0xbf, 0xfb,
    0x9f, 0xfd, 0x0, 0x0, 0x0, 0x0, 0xbf, 0xfb,
    0x9f, 0xfd, 0x0, 0x0, 0x0, 0x0, 0xbf, 0xfb,
    0x9f, 0xfd, 0x0, 0x0, 0x0, 0x0, 0xbf, 0xfb,
    0x9f, 0xfd, 0x0, 0x0, 0x0, 0x0, 0xbf, 0xfb,
    0x9f, 0xfd, 0x0, 0x0, 0x0, 0x0, 0xbf, 0xfb,
    0x9f, 0xfd, 0x0, 0x0, 0x0, 0x0, 0xbf, 0xfb,
    0x9f, 0xfd, 0x0, 0x0, 0x0, 0x0, 0xbf, 0xfb,
    0x9f, 0xfd, 0x0, 0x0, 0x0, 0x0, 0xbf, 0xfb,
    0x9f, 0xfd, 0x0, 0x0, 0x0, 0x0, 0xbf, 0xfb,

    /* U+006F "o" */
    0x1, 0xaf, 0xff, 0xff, 0xff, 0xff, 0xfa, 0x10,
    0x1e, 0xff, 0xff, 0xff, 0xff, 0xff, 0xff, 0xe1,
    0x7f, 0xff, 0xff, 0xff, 0xff, 0xff, 0xff, 0xf7,
    0xaf, 0xfd, 0x66, 0x66, 0x66, 0x66, 0xef, 0xfa,
    0xaf, 0xfb, 0x0, 0x0, 0x0, 0x0, 0xcf, 0xfa,
    0xaf, 0xfb, 0x0, 0x0, 0x0, 0x0, 0xcf, 0xfa,
    0xaf, 0xfb, 0x0, 0x0, 0x0, 0x0, 0xcf, 0xfa,
    0xaf, 0xfb, 0x0, 0x0, 0x0, 0x0, 0xcf, 0xfa,
    0xaf, 0xfb, 0x0, 0x0, 0x0, 0x0, 0xcf, 0xfa,
    0xaf, 0xfb, 0x0, 0x0, 0x0, 0x0, 0xcf, 0xfa,
    0xaf, 0xfb, 0x0, 0x0, 0x0, 0x0, 0xcf, 0xfa,
    0xaf, 0xfd, 0x66, 0x66, 0x66, 0x66, 0xef, 0xfa,
    0x7f, 0xff, 0xff, 0xff, 0xff, 0xff, 0xff, 0xf7,
    0x1e, 0xff, 0xff, 0xff, 0xff, 0xff, 0xff, 0xe1,
    0x1, 0xaf, 0xff, 0xff, 0xff, 0xff, 0xfa, 0x10,

    /* U+0070 "p" */
    0x9f, 0xff, 0xff, 0xff, 0xff, 0xff, 0xfb, 0x20,
    0x9f, 0xff, 0xff, 0xff, 0xff, 0xff, 0xff, 0xe1,
    0x9f, 0xff, 0xff, 0xff, 0xff, 0xff, 0xff, 0xf8,
    0x9f, 0xfe, 0x66, 0x66, 0x66, 0x66, 0xdf, 0xfb,
    0x9f, 0xfd, 0x0, 0x0, 0x0, 0x0, 0xbf, 0xfb,
    0x9f, 0xfd, 0x0, 0x0, 0x0, 0x0, 0xbf, 0xfb,
    0x9f, 0xfd, 0x0, 0x0, 0x0, 0x0, 0xbf, 0xfb,
    0x9f, 0xfd, 0x0, 0x0, 0x0, 0x0, 0xbf, 0xfb,
    0x9f, 0xfd, 0x0, 0x0, 0x0, 0x0, 0xbf, 0xfb,
    0x9f, 0xfd, 0x0, 0x0, 0x0, 0x0, 0xbf, 0xfb,
    0x9f, 0xfd, 0x0, 0x0, 0x0, 0x0, 0xbf, 0xfb,
    0x9f, 0xfe, 0x66, 0x66, 0x66, 0x66, 0xdf, 0xfb,
    0x9f, 0xff, 0xff, 0xff, 0xff, 0xff, 0xff, 0xf8,
    0x9f, 0xff, 0xff, 0xff, 0xff, 0xff, 0xff, 0xe1,
    0x9f, 0xff, 0xff, 0xff, 0xff, 0xff, 0xfb, 0x20,
    0x9f, 0xfd, 0x0, 0x0, 0x0, 0x0, 0x0, 0x0,
    0x9f, 0xfd, 0x0, 0x0, 0x0, 0x0, 0x0, 0x0,
    0x9f, 0xfd, 0x0, 0x0, 0x0, 0x0, 0x0, 0x0,
    0x9f, 0xfd, 0x0, 0x0, 0x0, 0x0, 0x0, 0x0,
    0x9f, 0xfd, 0x0, 0x0, 0x0, 0x0, 0x0, 0x0,
    0x9f, 0xfd, 0x0, 0x0, 0x0, 0x0, 0x0, 0x0,

    /* U+0071 "q" */
    0x1, 0x9e, 0xff, 0xff, 0xff, 0xff, 0xff, 0xfd,
    0xc, 0xff, 0xff, 0xff, 0xff, 0xff, 0xff, 0xfd,
    0x4f, 0xff, 0xff, 0xff, 0xff, 0xff, 0xff, 0xfd,
    0x7f, 0xff, 0x66, 0x66, 0x66, 0x66, 0xbf, 0xfd,
    0x7f, 0xff, 0x0, 0x0, 0x0, 0x0, 0x8f, 0xfd,
    0x7f, 0xff, 0x0, 0x0, 0x0, 0x0, 0x8f, 0xfd,
    0x7f, 0xff, 0x0, 0x0, 0x0, 0x0, 0x8f, 0xfd,
    0x7f, 0xff, 0x0, 0x0, 0x0, 0x0, 0x8f, 0xfd,
    0x7f, 0xff, 0x0, 0x0, 0x0, 0x0, 0x8f, 0xfd,
    0x7f, 0xff, 0x0, 0x0, 0x0, 0x0, 0x8f, 0xfd,
    0x7f, 0xff, 0x0, 0x0, 0x0, 0x0, 0x8f, 0xfd,
    0x7f, 0xff, 0x66, 0x66, 0x66, 0x66, 0xbf, 0xfd,
    0x4f, 0xff, 0xff, 0xff, 0xff, 0xff, 0xff, 0xfd,
    0xc, 0xff, 0xff, 0xff, 0xff, 0xff, 0xff, 0xfd,
    0x1, 0x9e, 0xff, 0xff, 0xff, 0xff, 0xff, 0xfd,
    0x0, 0x0, 0x0, 0x0, 0x0, 0x0, 0x8f, 0xfd,
    0x0, 0x0, 0x0, 0x0, 0x0, 0x0, 0x8f, 0xfd,
    0x0, 0x0, 0x0, 0x0, 0x0, 0x0, 0x8f, 0xfd,
    0x0, 0x0, 0x0, 0x0, 0x0, 0x0, 0x8f, 0xfd,
    0x0, 0x0, 0x0, 0x0, 0x0, 0x0, 0x8f, 0xfd,
    0x0, 0x0, 0x0, 0x0, 0x0, 0x0, 0x8f, 0xfd,

    /* U+0072 "r" */
    0x1, 0xaf, 0xff, 0xff, 0xff, 0xff, 0x51, 0xdf,
    0xff, 0xff, 0xff, 0xff, 0xf5, 0x7f, 0xff, 0xff,
    0xff, 0xff, 0xff, 0x5a, 0xff, 0xe6, 0x66, 0x66,
    0x66, 0x61, 0xaf, 0xfc, 0x0, 0x0, 0x0, 0x0,
    0xa, 0xff, 0xc0, 0x0, 0x0, 0x0, 0x0, 0xaf,
    0xfc, 0x0, 0x0, 0x0, 0x0, 0xa, 0xff, 0xc0,
    0x0, 0x0, 0x0, 0x0, 0xaf, 0xfc, 0x0, 0x0,
    0x0, 0x0, 0xa, 0xff, 0xc0, 0x0, 0x0, 0x0,
    0x0, 0xaf, 0xfc, 0x0, 0x0, 0x0, 0x0, 0xa,
    0xff, 0xc0, 0x0, 0x0, 0x0, 0x0, 0xaf, 0xfc,
    0x0, 0x0, 0x0, 0x0, 0xa, 0xff, 0xc0, 0x0,
    0x0, 0x0, 0x0, 0xaf, 0xfc, 0x0, 0x0, 0x0,
    0x0, 0x0,

    /* U+0073 "s" */
    0x2, 0xbf, 0xff, 0xff, 0xff, 0xff, 0xfa, 0x10,
    0x1e, 0xff, 0xff, 0xff, 0xff, 0xff, 0xff, 0xd0,
    0x8f, 0xff, 0xff, 0xff, 0xff, 0xff, 0xff, 0xf6,
    0xbf, 0xfd, 0x66, 0x66, 0x66, 0x66, 0xef, 0xf9,
    0xcf, 0xfa, 0x0, 0x0, 0x0, 0x0, 0x12, 0x21,
    0xcf, 0xfa, 0x0, 0x0, 0x0, 0x0, 0x0, 0x0,
    0xaf, 0xff, 0xff, 0xff, 0xff, 0xff, 0xfa, 0x10,
    0x4f, 0xff, 0xff, 0xff, 0xff, 0xff, 0xff, 0xd0,
    0x7, 0xff, 0xff, 0xff, 0xff, 0xff, 0xff, 0xf6,
    0x0, 0x26, 0x66, 0x66, 0x66, 0x66, 0xef, 0xf9,
    0x12, 0x21, 0x0, 0x0, 0x0, 0x0, 0xdf, 0xf9,
    0xbf, 0xfd, 0x66, 0x66, 0x66, 0x66, 0xef, 0xf9,
    0x9f, 0xff, 0xff, 0xff, 0xff, 0xff, 0xff, 0xf6,
    0x1e, 0xff, 0xff, 0xff, 0xff, 0xff, 0xff, 0xd0,
    0x2, 0xbf, 0xff, 0xff, 0xff, 0xff, 0xfa, 0x10,

    /* U+0074 "t" */
    0xaf, 0xfc, 0x0, 0x0, 0x0, 0xaf, 0xfc, 0x0,
    0x0, 0x0, 0xaf, 0xfc, 0x0, 0x0, 0x0, 0xaf,
    0xfc, 0x0, 0x0, 0x0, 0xaf, 0xfc, 0x0, 0x0,
    0x0, 0xaf, 0xff, 0xff, 0xff, 0xfa, 0xaf, 0xff,
    0xff, 0xff, 0xfa, 0xaf, 0xff, 0xff, 0xff, 0xfa,
    0xaf, 0xfd, 0x66, 0x66, 0x64, 0xaf, 0xfc, 0x0,
    0x0, 0x0, 0xaf, 0xfc, 0x0, 0x0, 0x0, 0xaf,
    0xfc, 0x0, 0x0, 0x0, 0xaf, 0xfc, 0x0, 0x0,
    0x0, 0xaf, 0xfc, 0x0, 0x0, 0x0, 0xaf, 0xfc,
    0x0, 0x0, 0x0, 0xaf, 0xfc, 0x0, 0x0, 0x0,
    0x9f, 0xfe, 0x66, 0x66, 0x64, 0x6f, 0xff, 0xff,
    0xff, 0xfa, 0xd, 0xff, 0xff, 0xff, 0xfa, 0x1,
    0xaf, 0xff, 0xff, 0xfa,

    /* U+0075 "u" */
    0xaf, 0xfc, 0x0, 0x0, 0x0, 0x0, 0xbf, 0xfb,
    0xaf, 0xfc, 0x0, 0x0, 0x0, 0x0, 0xbf, 0xfb,
    0xaf, 0xfc, 0x0, 0x0, 0x0, 0x0, 0xbf, 0xfb,
    0xaf, 0xfc, 0x0, 0x0, 0x0, 0x0, 0xbf, 0xfb,
    0xaf, 0xfc, 0x0, 0x0, 0x0, 0x0, 0xbf, 0xfb,
    0xaf, 0xfc, 0x0, 0x0, 0x0, 0x0, 0xbf, 0xfb,
    0xaf, 0xfc, 0x0, 0x0, 0x0, 0x0, 0xbf, 0xfb,
    0xaf, 0xfc, 0x0, 0x0, 0x0, 0x0, 0xbf, 0xfb,
    0xaf, 0xfc, 0x0, 0x0, 0x0, 0x0, 0xbf, 0xfb,
    0xaf, 0xfc, 0x0, 0x0, 0x0, 0x0, 0xbf, 0xfb,
    0xaf, 0xfc, 0x0, 0x0, 0x0, 0x0, 0xbf, 0xfb,
    0x9f, 0xfe, 0x66, 0x66, 0x66, 0x66, 0xdf, 0xfa,
    0x7f, 0xff, 0xff, 0xff, 0xff, 0xff, 0xff, 0xf8,
    0xd, 0xff, 0xff, 0xff, 0xff, 0xff, 0xff, 0xe1,
    0x1, 0xaf, 0xff, 0xff, 0xff, 0xff, 0xfb, 0x20,

    /* U+0076 "v" */
    0x3f, 0xff, 0xb0, 0x0, 0x0, 0x0, 0x0, 0x0,
    0xef, 0xfe, 0x10, 0xaf, 0xff, 0x40, 0x0, 0x0,
    0x0, 0x0, 0x7f, 0xff, 0x70, 0x1, 0xff, 0xfd,
    0x0, 0x0, 0x0, 0x0, 0x1e, 0xff, 0xd0, 0x0,
    0x8, 0xff, 0xf6, 0x0, 0x0, 0x0, 0x8, 0xff,
    0xf5, 0x0, 0x0, 0xe, 0xff, 0xe0, 0x0, 0x0,
    0x1, 0xff, 0xfc, 0x0, 0x0, 0x0, 0x6f, 0xff,
    0x70, 0x0, 0x0, 0xaf, 0xff, 0x30, 0x0, 0x0,
    0x0, 0xdf, 0xff, 0x10, 0x0, 0x3f, 0xff, 0xa0,
    0x0, 0x0, 0x0, 0x4, 0xff, 0xf9, 0x0, 0xb,
    0xff, 0xf2, 0x0, 0x0, 0x0, 0x0, 0xc, 0xff,
    0xf2, 0x4, 0xff, 0xf9, 0x0, 0x0, 0x0, 0x0,
    0x0, 0x3f, 0xff, 0xa0, 0xdf, 0xfe, 0x10, 0x0,
    0x0, 0x0, 0x0, 0x0, 0xaf, 0xff, 0x9f, 0xff,
    0x70, 0x0, 0x0, 0x0, 0x0, 0x0, 0x1, 0xff,
    0xff, 0xff, 0xd0, 0x0, 0x0, 0x0, 0x0, 0x0,
    0x0, 0x8, 0xff, 0xff, 0xf5, 0x0, 0x0, 0x0,
    0x0, 0x0, 0x0, 0x0, 0x1e, 0xff, 0xfc, 0x0,
    0x0, 0x0, 0x0, 0x0, 0x0, 0x0, 0x0, 0x6f,
    0xff, 0x30, 0x0, 0x0, 0x0, 0x0,

    /* U+0077 "w" */
    0xe, 0xff, 0xb0, 0x0, 0x0, 0x3, 0xff, 0xfc,
    0x0, 0x0, 0x0, 0x1f, 0xff, 0x80, 0x8f, 0xff,
    0x20, 0x0, 0x0, 0x9f, 0xff, 0xf4, 0x0, 0x0,
    0x7, 0xff, 0xf2, 0x1, 0xff, 0xf9, 0x0, 0x0,
    0x1f, 0xff, 0xff, 0xb0, 0x0, 0x0, 0xdf, 0xfc,
    0x0, 0xb, 0xff, 0xf0, 0x0, 0x7, 0xff, 0xff,
    0xff, 0x30, 0x0, 0x4f, 0xff, 0x60, 0x0, 0x5f,
    0xff, 0x60, 0x0, 0xef, 0xff, 0xff, 0xfa, 0x0,
    0xa, 0xff, 0xf0, 0x0, 0x0, 0xef, 0xfc, 0x0,
    0x5f, 0xff, 0xae, 0xff, 0xf2, 0x0, 0xff, 0xfa,
    0x0, 0x0, 0x8, 0xff, 0xf3, 0xc, 0xff, 0xf2,
    0x7f, 0xff, 0x90, 0x6f, 0xff, 0x40, 0x0, 0x0,
    0x2f, 0xff, 0xa3, 0xff, 0xfb, 0x1, 0xff, 0xff,
    0x1c, 0xff, 0xd0, 0x0, 0x0, 0x0, 0xbf, 0xff,
    0xbf, 0xff, 0x40, 0x9, 0xff, 0xfa, 0xff, 0xf7,
    0x0, 0x0, 0x0, 0x5, 0xff, 0xff, 0xff, 0xd0,
    0x0, 0x2f, 0xff, 0xff, 0xff, 0x10, 0x0, 0x0,
    0x0, 0xe, 0xff, 0xff, 0xf7, 0x0, 0x0, 0xaf,
    0xff, 0xff, 0xb0, 0x0, 0x0, 0x0, 0x0, 0x8f,
    0xff, 0xff, 0x0, 0x0, 0x3, 0xff, 0xff, 0xf5,
    0x0, 0x0, 0x0, 0x0, 0x2, 0xff, 0xff, 0x90,
    0x0, 0x0, 0xc, 0xff, 0xff, 0x0, 0x0, 0x0,
    0x0, 0x0, 0xc, 0xff, 0xf2, 0x0, 0x0, 0x0,
    0x4f, 0xff, 0x90, 0x0, 0x0, 0x0, 0x0, 0x0,
    0x5f, 0xfb, 0x0, 0x0, 0x0, 0x0, 0xdf, 0xf3,
    0x0, 0x0, 0x0,

    /* U+0078 "x" */
    0xcf, 0xff, 0x50, 0x0, 0x0, 0x6, 0xff, 0xfa,
    0x4f, 0xff, 0xf3, 0x0, 0x0, 0x4f, 0xff, 0xf3,
    0x6, 0xff, 0xfe, 0x10, 0x2, 0xff, 0xff, 0x50,
    0x0, 0x9f, 0xff, 0xc0, 0x1e, 0xff, 0xf7, 0x0,
    0x0, 0xb, 0xff, 0xfb, 0xcf, 0xff, 0x90, 0x0,
    0x0, 0x0, 0xdf, 0xff, 0xff, 0xfb, 0x0, 0x0,
    0x0, 0x0, 0x1e, 0xff, 0xff, 0xd1, 0x0, 0x0,
    0x0, 0x0, 0x7, 0xff, 0xff, 0x60, 0x0, 0x0,
    0x0, 0x0, 0x3f, 0xff, 0xff, 0xe2, 0x0, 0x0,
    0x0, 0x1, 0xef, 0xff, 0xff, 0xfd, 0x10, 0x0,
    0x0, 0xc, 0xff, 0xf8, 0xaf, 0xff, 0xb0, 0x0,
    0x0, 0xaf, 0xff, 0xb0, 0xc, 0xff, 0xf8, 0x0,
    0x7, 0xff, 0xfd, 0x10, 0x1, 0xef, 0xff, 0x60,
    0x5f, 0xff, 0xf2, 0x0, 0x0, 0x3f, 0xff, 0xf3,
    0xcf, 0xff, 0x40, 0x0, 0x0, 0x6, 0xff, 0xfa,

    /* U+0079 "y" */
    0xef, 0xf8, 0x0, 0x0, 0x0, 0x0, 0xff, 0xf6,
    0xef, 0xf8, 0x0, 0x0, 0x0, 0x0, 0xff, 0xf6,
    0xef, 0xf8, 0x0, 0x0, 0x0, 0x0, 0xff, 0xf6,
    0xef, 0xf8, 0x0, 0x0, 0x0, 0x0, 0xff, 0xf6,
    0xef, 0xf8, 0x0, 0x0, 0x0, 0x0, 0xff, 0xf6,
    0xef, 0xf8, 0x0, 0x0, 0x0, 0x0, 0xff, 0xf6,
    0xef, 0xf8, 0x0, 0x0, 0x0, 0x0, 0xff, 0xf6,
    0xef, 0xf8, 0x0, 0x0, 0x0, 0x0, 0xff, 0xf6,
    0xef, 0xf8, 0x0, 0x0, 0x0, 0x0, 0xff, 0xf6,
    0xef, 0xf8, 0x0, 0x0, 0x0, 0x0, 0xff, 0xf6,
    0xef, 0xf8, 0x0, 0x0, 0x0, 0x0, 0xff, 0xf6,
    0xef, 0xfb, 0x66, 0x66, 0x66, 0x66, 0xff, 0xf6,
    0xbf, 0xff, 0xff, 0xff, 0xff, 0xff, 0xff, 0xf6,
    0x3f, 0xff, 0xff, 0xff, 0xff, 0xff, 0xff, 0xf6,
    0x3, 0xcf, 0xff, 0xff, 0xff, 0xff, 0xff, 0xf6,
    0x0, 0x0, 0x0, 0x0, 0x0, 0x0, 0xff, 0xf6,
    0x0, 0x0, 0x0, 0x0, 0x0, 0x0, 0xff, 0xf6,
    0x0, 0x26, 0x66, 0x66, 0x66, 0x67, 0xff, 0xf6,
    0x0, 0x6f, 0xff, 0xff, 0xff, 0xff, 0xff, 0xf3,
    0x0, 0x6f, 0xff, 0xff, 0xff, 0xff, 0xff, 0xb0,
    0x0, 0x6f, 0xff, 0xff, 0xff, 0xff, 0xe9, 0x0,

    /* U+007A "z" */
    0x9f, 0xff, 0xff, 0xff, 0xff, 0xff, 0xff, 0xfb,
    0x9f, 0xff, 0xff, 0xff, 0xff, 0xff, 0xff, 0xfb,
    0x9f, 0xff, 0xff, 0xff, 0xff, 0xff, 0xff, 0xfb,
    0x36, 0x66, 0x66, 0x66, 0x66, 0xdf, 0xff, 0xfa,
    0x0, 0x0, 0x0, 0x0, 0xa, 0xff, 0xff, 0xa0,
    0x0, 0x0, 0x0, 0x2, 0xdf, 0xff, 0xf6, 0x0,
    0x0, 0x0, 0x0, 0x6f, 0xff, 0xfd, 0x30, 0x0,
    0x0, 0x0, 0x9, 0xff, 0xff, 0xb1, 0x0, 0x0,
    0x0, 0x2, 0xdf, 0xff, 0xf7, 0x0, 0x0, 0x0,
    0x0, 0x5f, 0xff, 0xfe, 0x40, 0x0, 0x0, 0x0,
    0x8, 0xff, 0xff, 0xc1, 0x0, 0x0, 0x0, 0x0,
    0x8f, 0xff, 0xfd, 0x66, 0x66, 0x66, 0x66, 0x64,
    0x9f, 0xff, 0xff, 0xff, 0xff, 0xff, 0xff, 0xfb,
    0x9f, 0xff, 0xff, 0xff, 0xff, 0xff, 0xff, 0xfb,
    0x9f, 0xff, 0xff, 0xff, 0xff, 0xff, 0xff, 0xfb,

    /* U+007B "{" */
    0x0, 0x7, 0xef, 0xb0, 0x9, 0xff, 0xfb, 0x2,
    0xff, 0xff, 0xb0, 0x4f, 0xff, 0x74, 0x5, 0xff,
    0xf1, 0x0, 0x5f, 0xff, 0x10, 0x5, 0xff, 0xf1,
    0x2, 0xcf, 0xff, 0x10, 0x6f, 0xff, 0x90, 0x6,
    0xff, 0xd1, 0x0, 0x6f, 0xff, 0xd0, 0x0, 0x9f,
    0xff, 0x10, 0x5, 0xff, 0xf1, 0x0, 0x5f, 0xff,
    0x10, 0x5, 0xff, 0xf1, 0x0, 0x4f, 0xff, 0x74,
    0x1, 0xff, 0xff, 0xb0, 0x9, 0xff, 0xfb, 0x0,
    0x7, 0xef, 0xb0,

    /* U+007C "|" */
    0x7c, 0xca, 0x9f, 0xfd, 0x9f, 0xfd, 0x9f, 0xfd,
    0x9f, 0xfd, 0x9f, 0xfd, 0x9f, 0xfd, 0x9f, 0xfd,
    0x9f, 0xfd, 0x9f, 0xfd, 0x9f, 0xfd, 0x9f, 0xfd,
    0x9f, 0xfd, 0x9f, 0xfd, 0x9f, 0xfd, 0x9f, 0xfd,
    0x9f, 0xfd, 0x9f, 0xfd, 0x9f, 0xfd, 0x9f, 0xfd,
    0x9f, 0xfd, 0x9f, 0xfd, 0x9f, 0xfd, 0x9f, 0xfd,

    /* U+007D "}" */
    0xaf, 0xe8, 0x0, 0xa, 0xff, 0xf9, 0x0, 0xaf,
    0xff, 0xf2, 0x4, 0x7f, 0xff, 0x40, 0x1, 0xff,
    0xf5, 0x0, 0x1f, 0xff, 0x50, 0x1, 0xff, 0xf5,
    0x0, 0x1f, 0xff, 0xc2, 0x0, 0x9f, 0xff, 0x60,
    0x0, 0xdf, 0xf6, 0x0, 0xdf, 0xff, 0x60, 0x1f,
    0xff, 0x90, 0x1, 0xff, 0xf5, 0x0, 0x1f, 0xff,
    0x50, 0x1, 0xff, 0xf5, 0x4, 0x7f, 0xff, 0x40,
    0xaf, 0xff, 0xf1, 0xa, 0xff, 0xf9, 0x0, 0xaf,
    0xe7, 0x0, 0x0,

    /* U+007E "~" */
    0x3c, 0xfe, 0xa3, 0x0, 0x0, 0x6, 0xff, 0xff,
    0xfc, 0x66, 0xc1, 0x5a, 0x68, 0xdf, 0xff, 0xff,
    0x10, 0x0, 0x0, 0x4b, 0xfe, 0xa0,

    /* U+00B0 "°" */
    0x3, 0xcf, 0xff, 0xfa, 0x10, 0x3f, 0xff, 0xff,
    0xff, 0xd0, 0xaf, 0xfe, 0xee, 0xff, 0xf6, 0xdf,
    0xf1, 0x0, 0x5f, 0xf8, 0xdf, 0xf1, 0x0, 0x5f,
    0xf9, 0xdf, 0xf1, 0x0, 0x5f, 0xf8, 0xaf, 0xff,
    0xee, 0xff, 0xf6, 0x2f, 0xff, 0xff, 0xff, 0xd0,
    0x3, 0xcf, 0xff, 0xfa, 0x10
};


/*---------------------
 *  GLYPH DESCRIPTION
 *--------------------*/

static const lv_font_fmt_txt_glyph_dsc_t glyph_dsc[] = {
    {.bitmap_index = 0, .adv_w = 0, .box_w = 0, .box_h = 0, .ofs_x = 0, .ofs_y = 0} /* id = 0 reserved */,
    {.bitmap_index = 0, .adv_w = 127, .box_w = 0, .box_h = 0, .ofs_x = 0, .ofs_y = 0},
    {.bitmap_index = 0, .adv_w = 92, .box_w = 4, .box_h = 19, .ofs_x = 1, .ofs_y = 0},
    {.bitmap_index = 38, .adv_w = 162, .box_w = 8, .box_h = 5, .ofs_x = 1, .ofs_y = 14},
    {.bitmap_index = 58, .adv_w = 332, .box_w = 20, .box_h = 19, .ofs_x = 0, .ofs_y = 0},
    {.bitmap_index = 248, .adv_w = 328, .box_w = 20, .box_h = 24, .ofs_x = 0, .ofs_y = -3},
    {.bitmap_index = 488, .adv_w = 402, .box_w = 23, .box_h = 21, .ofs_x = 1, .ofs_y = -1},
    {.bitmap_index = 730, .adv_w = 390, .box_w = 23, .box_h = 20, .ofs_x = 1, .ofs_y = -1},
    {.bitmap_index = 960, .adv_w = 101, .box_w = 4, .box_h = 5, .ofs_x = 1, .ofs_y = 14},
    {.bitmap_index = 970, .adv_w = 120, .box_w = 6, .box_h = 19, .ofs_x = 1, .ofs_y = 0},
    {.bitmap_index = 1027, .adv_w = 121, .box_w = 6, .box_h = 19, .ofs_x = 1, .ofs_y = 0},
    {.bitmap_index = 1084, .adv_w = 211, .box_w = 13, .box_h = 12, .ofs_x = 0, .ofs_y = 7},
    {.bitmap_index = 1162, .adv_w = 186, .box_w = 12, .box_h = 11, .ofs_x = 0, .ofs_y = 2},
    {.bitmap_index = 1228, .adv_w = 94, .box_w = 4, .box_h = 7, .ofs_x = 1, .ofs_y = -4},
    {.bitmap_index = 1242, .adv_w = 215, .box_w = 12, .box_h = 4, .ofs_x = 1, .ofs_y = 6},
    {.bitmap_index = 1266, .adv_w = 94, .box_w = 4, .box_h = 4, .ofs_x = 1, .ofs_y = 0},
    {.bitmap_index = 1274, .adv_w = 217, .box_w = 14, .box_h = 19, .ofs_x = 0, .ofs_y = 0},
    {.bitmap_index = 1407, .adv_w = 347, .box_w = 20, .box_h = 19, .ofs_x = 1, .ofs_y = 0},
    {.bitmap_index = 1597, .adv_w = 163, .box_w = 10, .box_h = 19, .ofs_x = 0, .ofs_y = 0},
    {.bitmap_index = 1692, .adv_w = 345, .box_w = 20, .box_h = 19, .ofs_x = 1, .ofs_y = 0},
    {.bitmap_index = 1882, .adv_w = 344, .box_w = 19, .box_h = 19, .ofs_x = 1, .ofs_y = 0},
    {.bitmap_index = 2063, .adv_w = 304, .box_w = 18, .box_h = 19, .ofs_x = 0, .ofs_y = 0},
    {.bitmap_index = 2234, .adv_w = 345, .box_w = 20, .box_h = 19, .ofs_x = 1, .ofs_y = 0},
    {.bitmap_index = 2424, .adv_w = 341, .box_w = 20, .box_h = 19, .ofs_x = 1, .ofs_y = 0},
    {.bitmap_index = 2614, .adv_w = 275, .box_w = 16, .box_h = 19, .ofs_x = 0, .ofs_y = 0},
    {.bitmap_index = 2766, .adv_w = 347, .box_w = 20, .box_h = 19, .ofs_x = 1, .ofs_y = 0},
    {.bitmap_index = 2956, .adv_w = 344, .box_w = 19, .box_h = 19, .ofs_x = 1, .ofs_y = 0},
    {.bitmap_index = 3137, .adv_w = 99, .box_w = 4, .box_h = 15, .ofs_x = 1, .ofs_y = 0},
    {.bitmap_index = 3167, .adv_w = 101, .box_w = 4, .box_h = 19, .ofs_x = 1, .ofs_y = -4},
    {.bitmap_index = 3205, .adv_w = 197, .box_w = 12, .box_h = 17, .ofs_x = 0, .ofs_y = -1},
    {.bitmap_index = 3307, .adv_w = 265, .box_w = 15, .box_h = 9, .ofs_x = 1, .ofs_y = 4},
    {.bitmap_index = 3375, .adv_w = 198, .box_w = 12, .box_h = 17, .ofs_x = 1, .ofs_y = -1},
    {.bitmap_index = 3477, .adv_w = 282, .box_w = 18, .box_h = 19, .ofs_x = 0, .ofs_y = 0},
    {.bitmap_index = 3648, .adv_w = 341, .box_w = 19, .box_h = 19, .ofs_x = 1, .ofs_y = 0},
    {.bitmap_index = 3829, .adv_w = 348, .box_w = 20, .box_h = 19, .ofs_x = 1, .ofs_y = 0},
    {.bitmap_index = 4019, .adv_w = 346, .box_w = 20, .box_h = 19, .ofs_x = 1, .ofs_y = 0},
    {.bitmap_index = 4209, .adv_w = 342, .box_w = 20, .box_h = 19, .ofs_x = 1, .ofs_y = 0},
    {.bitmap_index = 4399, .adv_w = 347, .box_w = 20, .box_h = 19, .ofs_x = 1, .ofs_y = 0},
    {.bitmap_index = 4589, .adv_w = 319, .box_w = 18, .box_h = 19, .ofs_x = 1, .ofs_y = 0},
    {.bitmap_index = 4760, .adv_w = 301, .box_w = 18, .box_h = 19, .ofs_x = 1, .ofs_y = 0},
    {.bitmap_index = 4931, .adv_w = 345, .box_w = 20, .box_h = 19, .ofs_x = 1, .ofs_y = 0},
    {.bitmap_index = 5121, .adv_w = 354, .box_w = 20, .box_h = 19, .ofs_x = 1, .ofs_y = 0},
    {.bitmap_index = 5311, .adv_w = 89, .box_w = 4, .box_h = 19, .ofs_x = 1, .ofs_y = 0},
    {.bitmap_index = 5349, .adv_w = 324, .box_w = 19, .box_h = 19, .ofs_x = 0, .ofs_y = 0},
    {.bitmap_index = 5530, .adv_w = 332, .box_w = 19, .box_h = 19, .ofs_x = 1, .ofs_y = 0},
    {.bitmap_index = 5711, .adv_w = 324, .box_w = 20, .box_h = 19, .ofs_x = 1, .ofs_y = 0},
    {.bitmap_index = 5901, .adv_w = 386, .box_w = 22, .box_h = 19, .ofs_x = 1, .ofs_y = 0},
    {.bitmap_index = 6110, .adv_w = 346, .box_w = 20, .box_h = 19, .ofs_x = 1, .ofs_y = 0},
    {.bitmap_index = 6300, .adv_w = 344, .box_w = 20, .box_h = 19, .ofs_x = 1, .ofs_y = 0},
    {.bitmap_index = 6490, .adv_w = 329, .box_w = 20, .box_h = 19, .ofs_x = 1, .ofs_y = 0},
    {.bitmap_index = 6680, .adv_w = 368, .box_w = 22, .box_h = 19, .ofs_x = 1, .ofs_y = 0},
    {.bitmap_index = 6889, .adv_w = 343, .box_w = 20, .box_h = 19, .ofs_x = 1, .ofs_y = 0},
    {.bitmap_index = 7079, .adv_w = 344, .box_w = 20, .box_h = 19, .ofs_x = 1, .ofs_y = 0},
    {.bitmap_index = 7269, .adv_w = 316, .box_w = 20, .box_h = 19, .ofs_x = 0, .ofs_y = 0},
    {.bitmap_index = 7459, .adv_w = 344, .box_w = 20, .box_h = 19, .ofs_x = 1, .ofs_y = 0},
    {.bitmap_index = 7649, .adv_w = 417, .box_w = 26, .box_h = 19, .ofs_x = 0, .ofs_y = 0},
    {.bitmap_index = 7896, .adv_w = 490, .box_w = 30, .box_h = 19, .ofs_x = 0, .ofs_y = 0},
    {.bitmap_index = 8181, .adv_w = 338, .box_w = 19, .box_h = 19, .ofs_x = 1, .ofs_y = 0},
    {.bitmap_index = 8362, .adv_w = 335, .box_w = 21, .box_h = 19, .ofs_x = 0, .ofs_y = 0},
    {.bitmap_index = 8562, .adv_w = 342, .box_w = 20, .box_h = 19, .ofs_x = 1, .ofs_y = 0},
    {.bitmap_index = 8752, .adv_w = 114, .box_w = 6, .box_h = 19, .ofs_x = 1, .ofs_y = 0},
    {.bitmap_index = 8809, .adv_w = 216, .box_w = 14, .box_h = 19, .ofs_x = 0, .ofs_y = 0},
    {.bitmap_index = 8942, .adv_w = 115, .box_w = 6, .box_h = 19, .ofs_x = 1, .ofs_y = 0},
    {.bitmap_index = 8999, .adv_w = 344, .box_w = 19, .box_h = 4, .ofs_x = 1, .ofs_y = -3},
    {.bitmap_index = 9037, .adv_w = 119, .box_w = 6, .box_h = 5, .ofs_x = 1, .ofs_y = 17},
    {.bitmap_index = 9052, .adv_w = 289, .box_w = 16, .box_h = 15, .ofs_x = 1, .ofs_y = 0},
    {.bitmap_index = 9172, .adv_w = 277, .box_w = 16, .box_h = 20, .ofs_x = 1, .ofs_y = 0},
    {.bitmap_index = 9332, .adv_w = 289, .box_w = 16, .box_h = 15, .ofs_x = 1, .ofs_y = 0},
    {.bitmap_index = 9452, .adv_w = 277, .box_w = 16, .box_h = 20, .ofs_x = 0, .ofs_y = 0},
    {.bitmap_index = 9612, .adv_w = 288, .box_w = 16, .box_h = 15, .ofs_x = 1, .ofs_y = 0},
    {.bitmap_index = 9732, .adv_w = 179, .box_w = 10, .box_h = 20, .ofs_x = 1, .ofs_y = 0},
    {.bitmap_index = 9832, .adv_w = 284, .box_w = 16, .box_h = 21, .ofs_x = 1, .ofs_y = -6},
    {.bitmap_index = 10000, .adv_w = 278, .box_w = 16, .box_h = 20, .ofs_x = 1, .ofs_y = 0},
    {.bitmap_index = 10160, .adv_w = 92, .box_w = 4, .box_h = 20, .ofs_x = 1, .ofs_y = 0},
    {.bitmap_index = 10200, .adv_w = 99, .box_w = 11, .box_h = 26, .ofs_x = -5, .ofs_y = -6},
    {.bitmap_index = 10343, .adv_w = 269, .box_w = 16, .box_h = 20, .ofs_x = 1, .ofs_y = 0},
    {.bitmap_index = 10503, .adv_w = 136, .box_w = 7, .box_h = 20, .ofs_x = 1, .ofs_y = 0},
    {.bitmap_index = 10573, .adv_w = 407, .box_w = 23, .box_h = 15, .ofs_x = 1, .ofs_y = 0},
    {.bitmap_index = 10746, .adv_w = 290, .box_w = 16, .box_h = 15, .ofs_x = 1, .ofs_y = 0},
    {.bitmap_index = 10866, .adv_w = 288, .box_w = 16, .box_h = 15, .ofs_x = 1, .ofs_y = 0},
    {.bitmap_index = 10986, .adv_w = 276, .box_w = 16, .box_h = 21, .ofs_x = 1, .ofs_y = -6},
    {.bitmap_index = 11154, .adv_w = 276, .box_w = 16, .box_h = 21, .ofs_x = 0, .ofs_y = -6},
    {.bitmap_index = 11322, .adv_w = 217, .box_w = 13, .box_h = 15, .ofs_x = 1, .ofs_y = 0},
    {.bitmap_index = 11420, .adv_w = 285, .box_w = 16, .box_h = 15, .ofs_x = 1, .ofs_y = 0},
    {.bitmap_index = 11540, .adv_w = 182, .box_w = 10, .box_h = 20, .ofs_x = 1, .ofs_y = 0},
    {.bitmap_index = 11640, .adv_w = 289, .box_w = 16, .box_h = 15, .ofs_x = 1, .ofs_y = 0},
    {.bitmap_index = 11760, .adv_w = 329, .box_w = 21, .box_h = 15, .ofs_x = 0, .ofs_y = 0},
    {.bitmap_index = 11918, .adv_w = 441, .box_w = 27, .box_h = 15, .ofs_x = 0, .ofs_y = 0},
    {.bitmap_index = 12121, .adv_w = 288, .box_w = 16, .box_h = 15, .ofs_x = 1, .ofs_y = 0},
    {.bitmap_index = 12241, .adv_w = 285, .box_w = 16, .box_h = 21, .ofs_x = 1, .ofs_y = -6},
    {.bitmap_index = 12409, .adv_w = 290, .box_w = 16, .box_h = 15, .ofs_x = 1, .ofs_y = 0},
    {.bitmap_index = 12529, .adv_w = 120, .box_w = 7, .box_h = 19, .ofs_x = 0, .ofs_y = 0},
    {.bitmap_index = 12596, .adv_w = 89, .box_w = 4, .box_h = 24, .ofs_x = 1, .ofs_y = -3},
    {.bitmap_index = 12644, .adv_w = 120, .box_w = 7, .box_h = 19, .ofs_x = 1, .ofs_y = 0},
    {.bitmap_index = 12711, .adv_w = 168, .box_w = 11, .box_h = 4, .ofs_x = 0, .ofs_y = 6},
    {.bitmap_index = 12733, .adv_w = 183, .box_w = 10, .box_h = 9, .ofs_x = 1, .ofs_y = 9}
};

/*---------------------
 *  CHARACTER MAPPING
 *--------------------*/



/*Collect the unicode lists and glyph_id offsets*/
static const lv_font_fmt_txt_cmap_t cmaps[] =
{
    {
        .range_start = 32, .range_length = 62, .glyph_id_start = 1,
        .unicode_list = NULL, .glyph_id_ofs_list = NULL, .list_length = 0, .type = LV_FONT_FMT_TXT_CMAP_FORMAT0_TINY
    },
    {
        .range_start = 95, .range_length = 32, .glyph_id_start = 63,
        .unicode_list = NULL, .glyph_id_ofs_list = NULL, .list_length = 0, .type = LV_FONT_FMT_TXT_CMAP_FORMAT0_TINY
    },
    {
        .range_start = 176, .range_length = 1, .glyph_id_start = 95,
        .unicode_list = NULL, .glyph_id_ofs_list = NULL, .list_length = 0, .type = LV_FONT_FMT_TXT_CMAP_FORMAT0_TINY
    }
};

/*-----------------
 *    KERNING
 *----------------*/


/*Map glyph_ids to kern left classes*/
static const uint8_t kern_left_class_mapping[] =
{
    0, 0, 0, 0, 0, 0, 0, 0,
    0, 1, 0, 0, 0, 0, 0, 0,
    0, 0, 0, 0, 0, 0, 0, 0,
    0, 0, 0, 0, 0, 0, 0, 0,
    0, 0, 2, 3, 4, 5, 6, 7,
    8, 0, 9, 4, 10, 11, 12, 4,
    13, 14, 0, 15, 16, 17, 18, 19,
    20, 21, 22, 23, 0, 0, 0, 0,
    0, 24, 25, 26, 27, 28, 29, 30,
    31, 32, 33, 34, 35, 36, 37, 38,
    39, 40, 41, 42, 43, 44, 45, 46,
    47, 48, 49, 0, 0, 0, 0, 0
};

/*Map glyph_ids to kern right classes*/
static const uint8_t kern_right_class_mapping[] =
{
    0, 0, 0, 0, 0, 0, 0, 0,
    0, 0, 0, 0, 0, 1, 0, 2,
    0, 0, 0, 0, 0, 0, 0, 0,
    0, 0, 0, 0, 0, 0, 0, 0,
    0, 0, 3, 4, 0, 0, 0, 0,
    0, 5, 6, 7, 8, 0, 9, 10,
    11, 0, 0, 12, 13, 14, 0, 15,
    16, 17, 18, 19, 0, 0, 0, 0,
    0, 20, 21, 22, 23, 24, 25, 26,
    27, 28, 29, 30, 31, 32, 33, 34,
    35, 36, 37, 38, 39, 40, 41, 42,
    43, 44, 45, 0, 0, 0, 0, 0
};

/*Kern values between classes*/
static const int8_t kern_class_values[] =
{
    0, 0, 0, 0, 0, 0, 0, 0,
    0, 0, 0, 0, 0, 3, 0, 0,
    0, 0, 0, 0, 0, 0, 0, 0,
    0, 0, 0, 0, 0, 0, 0, 0,
    0, 0, 0, 0, 0, 0, 0, 0,
    0, 0, 0, 0, 0, 0, 0, 0,
    0, 0, 0, 0, 0, 0, 0, 0,
    0, 0, 0, 0, -15, 0, -8, 0,
    0, 0, 0, 0, 0, 0, 0, 0,
    0, 0, 0, 0, 0, 0, 0, 0,
    0, 0, 0, 0, 0, 0, 0, 0,
    0, 0, 0, 0, 0, 0, 0, 0,
    0, 0, 0, 0, 0, 0, 0, 0,
    -23, 0, 0, -16, 0, 0, 0, 0,
    0, 0, 0, 0, -3, 0, 0, 0,
    0, 0, 0, 0, 0, 0, 0, 0,
    0, 0, 0, 0, 0, 0, 0, 0,
    0, 0, 0, 0, 0, 0, 0, 0,
    0, 0, 0, 0, 0, 0, 0, 0,
    0, 0, 0, 0, 0, 0, -3, 0,
    0, 0, 0, 0, 0, 0, 0, 0,
    0, 0, 0, 0, 0, 0, 0, 0,
    0, 0, 0, 0, 0, 0, 0, 0,
    0, 0, 0, 0, -6, 0, 0, 0,
    0, 0, -15, -9, 0, 0, -11, 0,
    0, 0, 0, 0, 0, 0, 0, -3,
    0, 0, 0, 0, 0, 0, 0, 0,
    0, 0, 0, 0, 0, 0, 0, 0,
    0, 0, 0, 0, 0, 0, 0, 0,
    0, -9, 0, -9, 0, 0, 0, 0,
    0, 0, 0, 0, 0, 0, 0, 0,
    0, 0, 0, 0, 0, 0, 0, 0,
    0, 0, 0, 0, 0, 0, 0, 0,
    0, 0, 0, 0, 0, 0, 0, -17,
    0, 0, 0, 0, -86, 0, 0, 0,
    0, 1, 0, 4, 0, 0, 0, 0,
    0, 0, 0, 0, 0, 0, 0, 0,
    0, 0, 0, 0, 0, 0, 0, 0,
    0, 0, 0, 0, 0, 0, 0, 0,
    0, -2, 0, 0, 0, 0, 0, 0,
    0, 0, 0, 0, 0, 0, 0, 0,
    0, 0, -14, 0, -5, 0, 0, 0,
    0, 3, 0, 0, 0, 0, 0, 0,
    0, 0, 0, 0, 0, 0, 0, 0,
    0, 0, 0, 0, 0, 0, 0, 0,
    0, 0, 0, 0, 0, 0, 9, 3,
    0, 0, 0, 0, 0, 6, 0, 0,
    0, 0, 0, 6, 3, 0, 0, 0,
    0, 0, 0, 0, 0, 0, 0, 0,
    6, 3, 6, 6, 3, 3, 0, 0,
    12, 3, 6, 0, 0, 0, 0, -10,
    0, -10, 0, 0, 0, 0, 0, 0,
    0, 0, 0, 0, 0, 0, 0, 0,
    -3, 0, 0, 0, 0, 0, 0, 0,
    0, 0, 0, 0, 0, 0, -9, 0,
    0, 0, 0, 0, 0, 0, 0, 0,
    -3, 0, 0, 0, 0, 0, 0, 0,
    0, 0, 0, 0, 0, 0, 0, 0,
    -87, -49, 0, -70, 0, 0, 0, 0,
    0, 0, 0, 0, 0, 0, 0, 0,
    3, 0, 0, 0, 0, 0, 0, 0,
    0, 0, 0, 0, 0, 0, 0, 0,
    0, 0, 0, 0, 0, 0, 0, 0,
    0, 0, 0, 0, 0, 0, 0, 0,
    0, 0, -3, 0, -7, 0, 0, 0,
    0, 0, 0, 0, 0, 0, 0, 0,
    0, 0, 0, 0, 0, 0, 0, 0,
    0, 0, 0, 0, 0, 0, 0, 0,
    0, 0, 0, 0, 0, 0, 0, 0,
    0, 0, -14, -14, -14, 0, 0, 0,
    0, -6, 0, 0, 0, -3, 0, 0,
    0, 0, 0, 0, 0, 0, 0, 0,
    0, 0, 0, 0, 0, 0, 0, 0,
    -6, 0, 0, 1, 0, 0, 0, -32,
    0, 0, 0, 0, 0, 0, 0, 0,
    0, 0, 0, 0, 0, 0, 0, 1,
    0, 0, 0, 0, 0, 0, 0, 0,
    0, 0, 0, 0, 0, 0, 0, 0,
    0, 0, 0, 0, 0, 0, 0, 0,
    0, 0, 0, 0, 0, 0, 0, 0,
    0, 0, 0, 0, -12, -12, 0, 0,
    0, 0, 0, 0, 0, 0, 0, 0,
    0, 0, 0, 0, 0, 0, 0, 0,
    0, 0, 0, 0, 0, 0, 0, 0,
    0, 0, 0, 0, 0, 0, 0, 0,
    0, 0, 0, 0, -11, 0, 0, 0,
    0, 0, -13, 0, -1, 0, 0, 0,
    0, 0, 0, 0, 0, 0, 0, 0,
    0, 0, 0, 0, 0, 0, 0, 0,
    0, 0, 0, 0, -9, 0, 0, 0,
    0, 0, 0, 0, 0, 0, 0, 0,
    0, 0, 0, 0, 0, 0, 0, 0,
    0, 0, 0, 0, 0, 0, 0, 0,
    0, 0, 0, 0, 0, 0, 0, 0,
    0, -22, 0, 0, 0, -22, 0, -13,
    0, -11, 0, -12, -13, 0, 0, 0,
    0, 0, 0, 0, 0, 0, 0, 0,
    0, 0, 0, 0, 0, 0, 0, 0,
    0, 0, 0, 0, 0, 0, 0, 0,
    0, 0, 0, 0, 0, 0, 0, 0,
    0, 0, -3, 0, 0, -6, -3, -3,
    0, 0, 0, 0, -8, 0, 0, 0,
    0, 0, 0, 0, -4, 0, -2, 0,
    0, 0, 0, 0, 0, 0, 0, 0,
    0, -14, 0, 0, 0, 3, 0, 0,
    0, 0, 0, -18, 0, 0, 0, -21,
    0, 0, 0, 0, 0, 0, 0, 0,
    0, -17, 0, 0, 0, 0, 0, 0,
    0, -16, 0, 0, 0, 0, 0, 0,
    0, 0, -19, 0, 0, 0, -27, 0,
    0, -9, -13, 0, 0, 0, 0, 0,
    -22, 0, 0, 0, 0, 0, -20, 0,
    0, 0, -6, 0, 0, 0, 0, -12,
    0, 0, 0, 0, 0, 0, 0, 0,
    0, 0, 0, 0, 0, 0, 0, -6,
    0, 0, 0, -6, 0, 0, 0, 0,
    0, 0, 0, 0, 0, 0, 0, 0,
    0, 0, 0, 0, 0, 0, 0, 0,
    0, 0, 0, 0, 0, 0, 0, 0,
    0, 0, 0, 0, 0, -5, 0, 0,
    0, 0, 0, 0, -17, 0, 0, 0,
    -30, 0, 0, 0, -2, 0, 0, 0,
    0, 0, -30, -18, 0, 0, -29, 0,
    -17, 0, 0, 0, 0, 0, 0, 0,
    0, 0, 0, 0, 0, 0, 0, 0,
    0, 0, 0, 0, 0, 0, 0, -1,
    0, 0, 0, 0, 0, -9, 0, 0,
    0, 0, 0, 0, 0, 0, 0, 0,
    0, 0, 0, 0, 0, 0, 0, 0,
    0, 0, 0, 0, 0, 0, 0, 0,
    0, 0, 0, 0, 0, 0, 0, 0,
    0, 0, 0, 0, 0, 0, 0, -12,
    -11, 0, 0, 0, -3, -3, 0, 0,
    -3, -9, -11, -5, 0, 0, 0, -8,
    -9, 0, 0, -14, -16, -8, 0, -12,
    0, 0, 0, 0, 0, 0, 0, 0,
    0, 0, 0, 0, 0, 0, 0, 0,
    0, 0, 0, -3, 0, 0, 4, 0,
    0, 0, 0, 0, 0, 0, 0, 0,
    0, 0, 0, 0, 0, 0, 0, -3,
    -3, -7, 0, 0, 0, 0, 0, 0,
    0, 0, -6, 0, 0, 0, 0, 0,
    0, 0, 0, 0, 0, 0, 0, 0,
    -3, -3, -3, 0, -10, 0, 0, -10,
    0, 0, -11, 0, 0, 0, -3, 0,
    0, -3, 0, -11, -10, 0, 0, 0,
    0, -11, 0, 0, 0, 0, 0, 0,
    0, 0, 0, 0, 0, 0, 0, 0,
    0, 0, 0, 0, 0, 0, 0, 0,
    0, -9, 0, 0, 0, 0, 0, 0,
    0, 0, 0, -10, 0, 0, -3, 0,
    0, -10, 0, -3, 0, -6, 0, 0,
    0, 0, 0, 0, 0, 0, 0, 0,
    0, 0, 0, 0, 0, 0, 0, 0,
    0, 0, 0, 0, -10, 0, -9, 0,
    -3, -3, 0, 3, 0, -10, 0, 0,
    -6, 0, 0, -2, -3, 0, 0, -19,
    -16, -8, -3, 0, -52, 0, 0, 0,
    0, 0, 0, 0, 0, 0, 0, 0,
    0, 0, 0, 0, 0, 0, 0, 3,
    0, 0, 3, 0, 0, 0, 3, 0,
    6, 0, 6, 0, 6, 3, 0, 0,
    0, 0, 9, 4, 0, 0, 0, 0,
    0, 0, 0, 0, 0, 0, 0, 0,
    0, 0, 0, 0, 0, 0, 0, 0,
    0, 0, 0, 0, -9, 0, -9, 0,
    -9, -3, -6, 0, 0, 0, 0, 0,
    -3, 0, -9, 0, 0, -9, -9, 0,
    -10, 0, -14, 0, -6, -3, 0, 0,
    0, 0, 0, 0, 0, 0, 0, 0,
    0, 0, 0, 0, 0, 0, 0, 0,
    0, 1, 0, 0, 0, 0, 1, 0,
    0, 1, 0, 0, 0, 0, 0, 0,
    0, 0, 0, 0, 0, 0, 0, 0,
    0, 0, 0, 0, 0, 0, 0, 0,
    0, 0, 0, 0, 0, 0, 0, 0,
    0, 0, 0, 0, 0, 0, -4, 0,
    1, 6, 3, 0, 0, 6, 0, 0,
    3, 9, 0, 10, 0, 2, 12, 9,
    12, 6, 0, 2, 6, 0, 0, 3,
    0, 0, 0, 0, 0, 0, 0, 0,
    0, 0, 0, 0, 0, 0, 0, 0,
    0, 0, 0, 3, 0, 0, 0, -2,
    0, 0, 0, 0, 12, 0, 0, 0,
    0, 0, 0, 0, 0, 0, 0, 3,
    0, 0, 0, 0, 0, 0, 0, 0,
    0, 0, 0, 0, 0, 0, 0, 0,
    0, 0, 0, 0, 0, 0, 0, 0,
    0, 0, 0, 0, -1, 0, 0, 0,
    3, 0, 0, 0, 0, 0, 0, 0,
    0, 0, 0, 0, 0, 0, 0, 0,
    0, 0, 0, 0, 0, 0, 0, 0,
    0, 0, 0, 0, 0, 0, 0, 0,
    0, 0, 0, 0, 0, 2, 1, 0,
    9, 1, 3, 0, 0, 9, 0, 0,
    3, -1, 3, 2, 0, 0, 0, 0,
    0, 3, -7, -8, 0, 6, 3, 0,
    0, 0, 0, 0, 0, 0, 0, 0,
    0, 0, 0, 0, 0, 0, 0, 0,
    0, 0, -9, -9, -12, 0, -12, 0,
    -12, 0, 0, 0, -18, 0, -18, -3,
    0, -16, 0, 0, 0, 0, 0, 0,
    -23, 0, 0, 0, 0, 0, 0, 0,
    0, 0, 0, 0, 0, 0, 0, 0,
    0, 0, 0, 0, 0, 0, 0, 0,
    -11, -10, 0, -9, 0, -3, 0, 0,
    0, 0, 0, 0, 0, -9, -10, 0,
    0, -6, 0, 0, 0, 0, -9, 0,
    0, 0, 0, 0, 0, 0, 0, 0,
    0, 0, 0, 0, 0, 0, 0, 0,
    0, 0, 0, 0, -9, -3, 0, 0,
    0, 0, 0, 0, 0, 0, 0, -10,
    0, -10, -10, 0, 0, -9, -9, -8,
    -11, -10, -25, -12, 0, 0, 0, 0,
    0, 0, 0, 0, 0, 0, 0, 0,
    0, 0, 0, 0, 0, 0, 0, 0,
    0, 0, 0, 0, 3, 0, 0, 0,
    0, 2, 3, 0, 0, 0, 0, 0,
    0, 0, 0, 1, 0, 0, 0, 0,
    0, 0, 0, 0, 0, 0, 0, 0,
    0, 0, 0, 0, 0, 0, 0, 0,
    0, 0, 0, 0, 0, 0, 0, 0,
    0, 0, 0, 0, 0, 0, 0, 0,
    0, 0, 0, 0, 0, 0, 0, 0,
    0, 0, -8, 0, 0, 0, 0, 0,
    -77, -2, 0, 0, 0, 0, 0, 0,
    0, 0, 0, 0, 0, 0, 0, 0,
    0, 0, 0, 6, 3, 0, 9, 3,
    6, 3, 3, 6, 0, 0, 3, 0,
    6, 1, 0, 0, 0, 6, 0, 6,
    3, 0, 0, 0, 3, 0, 0, 0,
    0, 0, 0, 0, 0, 0, 0, 0,
    0, 0, 0, 0, 0, 0, 0, 0,
    0, 0, -8, 0, -8, 0, -3, 0,
    0, 0, -9, 0, 0, -10, -6, 0,
    0, 0, 0, 0, -12, -15, -9, -11,
    0, -10, 0, 3, 0, 0, 0, 0,
    0, 0, 0, 0, 0, 0, 0, 0,
    0, 0, 0, 0, 0, 9, 3, 0,
    17, 0, 0, 0, 6, 1, 0, 0,
    0, 9, 0, 0, 0, 0, 3, 3,
    3, 0, 1, 0, 0, 3, 6, 0,
    0, 0, 0, 0, 0, 0, 0, 0,
    0, 0, 0, 0, 0, 0, 0, 0,
    0, 0, 0, -10, -10, 1, -9, -8,
    -3, 0, 0, 0, -3, 0, -10, 1,
    -3, -10, 0, 0, -9, -9, 0, 0,
    -3, -7, 0, -10, 0, 0, 0, 0,
    0, 0, 0, 0, 0, 0, 0, 0,
    0, 0, 0, 0, 0, 0, 0, -9,
    0, 0, 0, -12, 0, 0, 0, 3,
    0, 0, 0, 0, 0, -7, 0, 0,
    0, -3, 0, 0, 3, 0, 0, 0,
    0, 0, 0, 0, 0, 0, 0, 0,
    0, 0, 0, 0, 0, 0, 0, 0,
    0, 0, 0, 0, -9, 0, -9, 0,
    -13, 0, -14, -6, -6, 0, 0, -3,
    0, -8, -20, 0, 0, -20, -18, -2,
    -6, 0, 0, 0, -7, 0, 0, 0,
    0, 0, 0, 0, 0, 0, 0, 0,
    0, 0, 0, 0, 0, 0, 0, 0,
    0, 0, 0, 0, 0, -13, 0, 0,
    0, 0, 0, 0, 0, 0, 0, 0,
    0, 0, 0, 0, 0, -6, 0, 0,
    0, 0, 0, 0, 0, 0, 0, 0,
    0, 0, 0, 0, 0, 0, 0, 0,
    0, 0, 0, 0, 0, 0, -10, 0,
    -10, 0, -10, 0, 0, 0, 0, 0,
    -6, -2, 0, -10, -10, -3, 0, -6,
    -3, 0, 0, 0, -3, 0, 0, 0,
    0, 0, 0, 0, 0, 0, 0, 0,
    0, 0, 0, 0, 0, 0, 0, 0,
    0, 0, 0, -11, 0, 0, 0, -10,
    0, 0, -3, 0, 0, 0, -10, 0,
    0, 0, 0, 0, 0, 0, -10, 0,
    0, 0, 0, 0, -11
};


/*Collect the kern class' data in one place*/
static const lv_font_fmt_txt_kern_classes_t kern_classes =
{
    .class_pair_values   = kern_class_values,
    .left_class_mapping  = kern_left_class_mapping,
    .right_class_mapping = kern_right_class_mapping,
    .left_class_cnt      = 49,
    .right_class_cnt     = 45,
};

/*--------------------
 *  ALL CUSTOM DATA
 *--------------------*/

#if LV_VERSION_CHECK(8, 0, 0)
/*Store all the custom data of the font*/
static  lv_font_fmt_txt_glyph_cache_t cache;
static const lv_font_fmt_txt_dsc_t font_dsc = {
#else
static lv_font_fmt_txt_dsc_t font_dsc = {
#endif
    .glyph_bitmap = glyph_bitmap,
    .glyph_dsc = glyph_dsc,
    .cmaps = cmaps,
    .kern_dsc = &kern_classes,
    .kern_scale = 16,
    .cmap_num = 3,
    .bpp = 4,
    .kern_classes = 1,
    .bitmap_format = 0,
#if LV_VERSION_CHECK(8, 0, 0)
    .cache = &cache
#endif
};


/*-----------------
 *  PUBLIC FONT
 *----------------*/

/*Initialize a public general font descriptor*/
#if LV_VERSION_CHECK(8, 0, 0)
const lv_font_t rnd_26 = {
#else
lv_font_t rnd_26 = {
#endif
    .get_glyph_dsc = lv_font_get_glyph_dsc_fmt_txt,    /*Function pointer to get glyph's data*/
    .get_glyph_bitmap = lv_font_get_bitmap_fmt_txt,    /*Function pointer to get glyph's bitmap*/
    .line_height = 28,          /*The maximum line height required by the font*/
    .base_line = 6,             /*Baseline measured from the bottom of the line*/
#if !(LVGL_VERSION_MAJOR == 6 && LVGL_VERSION_MINOR == 0)
    .subpx = LV_FONT_SUBPX_NONE,
#endif
#if LV_VERSION_CHECK(7, 4, 0) || LVGL_VERSION_MAJOR >= 8
    .underline_position = -3,
    .underline_thickness = 1,
#endif
    .dsc = &font_dsc           /*The custom font data. Will be accessed by `get_glyph_bitmap/dsc` */
};



#endif /*#if RND_26*/

