/* made by tools/gen_faces.py */
#include "lvgl.h"

static const uint8_t a4_needle_px[18540] = {
    0x00,0x00,0x00,0x00,0x00,0x00,0x00,0x00,0x00,0x00,0x00,0x00,0x00,0x00,0x00,0x00,0x00,0x00,0x00,0x00,0x00,0x00,0x00,0x00,
    0x00,0x00,0x00,0x00,0x00,0x00,0x00,0x00,0x00,0x00,0x00,0x00,0x00,0x00,0x00,0x00,0x00,0x00,0x00,0x00,0x00,0x00,0x00,0x00,
    0x00,0x00,0x00,0x00,0x00,0x00,0x00,0x00,0x00,0x00,0x00,0x00,0x00,0x00,0x00,0x00,0x00,0x00,0x00,0x00,0x00,0x00,0x00,0x00,
    0x00,0x00,0x00,0x00,0x00,0x00,0x00,0x00,0x00,0x00,0x00,0x00,0x00,0x00,0x00,0x00,0x00,0x00,0x00,0x00,0x00,0x00,0x00,0x00,
    0x00,0x00,0x00,0x00,0x00,0x00,0x00,0x00,0x00,0x00,0x00,0x00,0x00,0x00,0x00,0x00,0x00,0x00,0x00,0x00,0x00,0x00,0x00,0x00,
    0x00,0x00,0x00,0x00,0x00,0x00,0x00,0x00,0x00,0x00,0x00,0x00,0x00,0x00,0x00,0x00,0x00,0x00,0x00,0x00,0x00,0x00,0x00,0x00,
    0x00,0x00,0x00,0x00,0x00,0x00,0x00,0x00,0x00,0x00,0x00,0x00,0x00,0x00,0x00,0x00,0x00,0x00,0x00,0x00,0x00,0x00,0x00,0x00,
    0x00,0x00,0x00,0x00,0x00,0x00,0x00,0x00,0x00,0x00,0x00,0x00,0x00,0x00,0x00,0x00,0x00,0x00,0x00,0x00,0x00,0x00,0x00,0x00,
    0x00,0x00,0x00,0x00,0x00,0x00,0x00,0x00,0x00,0x00,0x00,0x00,0x00,0x00,0x00,0x00,0x00,0x00,0x00,0x00,0x00,0x00,0x00,0x00,
    0x00,0x00,0x00,0x00,0x00,0x00,0x00,0x00,0x00,0x00,0x00,0x00,0x00,0x00,0x00,0x00,0x00,0x00,0x00,0x00,0x00,0x00,0x00,0x00,
    0x00,0x00,0x00,0x00,0x00,0x00,0x00,0x00,0x00,0x00,0x00,0x00,0x00,0x00,0x00,0x00,0x00,0x00,0x00,0x00,0x00,0x00,0x00,0x00,
    0x00,0x00,0x00,0x00,0x00,0x00,0x00,0x00,0x00,0x00,0x00,0x00,0x00,0x00,0x00,0x00,0x00,0x00,0x00,0x00,0x00,0x00,0x00,0x00,
    0x00,0x00,0x00,0x00,0x00,0x00,0x00,0x00,0x00,0x00,0x00,0x00,0x00,0x00,0x00,0x00,0x00,0x00,0x00,0x00,0x00,0x00,0x00,0x00,
    0x00,0x00,0x00,0x00,0x00,0x00,0x00,0x00,0x00,0x00,0x00,0x00,0x00,0x00,0x00,0x00,0x00,0x00,0x00,0x00,0x00,0x00,0x00,0x00,
    0x00,0x00,0x00,0x00,0x00,0x00,0x00,0x00,0x00,0x00,0x00,0x00,0x00,0x00,0x00,0x00,0x00,0x00,0x00,0x00,0x00,0x00,0x00,0x00,
    0x00,0x00,0x00,0x00,0x00,0x00,0x00,0x00,0x00,0x00,0x00,0x00,0x00,0x00,0x00,0x00,0x00,0x00,0x00,0x00,0x00,0x00,0x00,0x00,
    0x00,0x00,0x00,0x00,0x00,0x00,0x00,0x00,0x00,0x00,0x00,0x00,0x00,0x00,0x00,0x00,0x00,0x00,0x00,0x00,0x00,0x00,0x00,0x00,
    0x00,0x00,0x00,0x00,0x00,0x00,0x00,0x00,0x00,0x00,0x00,0x00,0x00,0x00,0x00,0x00,0x00,0x00,0x00,0x00,0x00,0x00,0x00,0x00,
    0x00,0x00,0x00,0x00,0x00,0x00,0x00,0x00,0x00,0x00,0x00,0x00,0x00,0x00,0x00,0x00,0x00,0x00,0x00,0x00,0x00,0x00,0x00,0x00,
    0x00,0x00,0x00,0x00,0x00,0x00,0x00,0x00,0x00,0x00,0x00,0x00,0x00,0x00,0x00,0x00,0x00,0x00,0x00,0x00,0x00,0x00,0x00,0x00,
    0x00,0x00,0x00,0x00,0x00,0x00,0x00,0x00,0x00,0x00,0x00,0x00,0x00,0x00,0x00,0x00,0x00,0x00,0x00,0x00,0x00,0x00,0x00,0x00,
    0x00,0x00,0x00,0x00,0x00,0x00,0x00,0x00,0x00,0x00,0x00,0x00,0x00,0x00,0x00,0x00,0x00,0x00,0x00,0x00,0x00,0x00,0x00,0x00,
    0x00,0x00,0x00,0x00,0x00,0x00,0x00,0x00,0x00,0x00,0x00,0x00,0x00,0x00,0x00,0x00,0x00,0x00,0x00,0x00,0x00,0x00,0x00,0x00,
    0x00,0x00,0x00,0x00,0x00,0x00,0x00,0x00,0x00,0x00,0x00,0x00,0x00,0x00,0x00,0x00,0x00,0x00,0x00,0x00,0x00,0x00,0x00,0x00,
    0x00,0x00,0x00,0x00,0x00,0x00,0x00,0x00,0x00,0x00,0x00,0x00,0x00,0x00,0x00,0x00,0x00,0x00,0x00,0x00,0x00,0x00,0x00,0x00,
    0x00,0x00,0x00,0x00,0x00,0x00,0x00,0x00,0x00,0x00,0x00,0x00,0x00,0x00,0x00,0x00,0x00,0x00,0x00,0x00,0x00,0x00,0x00,0x00,
    0x00,0x00,0x00,0x00,0x00,0x00,0x00,0x00,0x00,0x00,0x00,0x00,0x00,0x00,0x00,0x00,0x00,0x00,0x00,0x00,0x00,0x00,0x00,0x00,
    0x00,0x00,0x00,0x00,0x00,0x00,0x00,0x00,0x00,0x00,0x00,0x00,0x00,0x00,0x00,0x00,0x00,0x00,0x00,0x00,0x00,0x00,0x00,0x00,
    0x00,0x00,0x00,0x00,0x00,0x00,0x00,0x00,0x00,0x00,0x00,0x00,0x00,0x00,0x00,0x00,0x00,0x00,0x00,0x00,0x00,0x00,0x00,0x00,
    0x00,0x00,0x00,0x00,0x00,0x00,0x00,0x00,0x00,0x00,0x00,0x00,0x00,0x00,0x00,0x00,0x00,0x00,0x00,0x00,0x00,0x00,0x00,0x01,
    0x00,0x00,0x01,0x00,0x00,0x01,0x00,0x00,0x01,0x00,0x00,0x01,0x00,0x00,0x01,0x00,0x00,0x01,0x00,0x00,0x01,0x00,0x00,0x01,
    0x00,0x00,0x01,0x00,0x00,0x01,0x00,0x00,0x01,0x00,0x00,0x01,0x00,0x00,0x01,0x00,0x00,0x01,0x00,0x00,0x01,0x00,0x00,0x01,
    0x00,0x00,0x01,0x00,0x00,0x01,0x00,0x00,0x00,0x00,0x00,0x00,0x00,0x00,0x00,0x00,0x00,0x00,0x00,0x00,0x00,0x00,0x00,0x00,
    0x00,0x00,0x00,0x00,0x00,0x00,0x00,0x00,0x00,0x00,0x00,0x00,0x00,0x00,0x00,0x00,0x00,0x00,0x00,0x00,0x00,0x00,0x00,0x00,
    0x00,0x00,0x00,0x00,0x00,0x00,0x00,0x00,0x00,0x00,0x00,0x00,0x00,0x00,0x00,0x00,0x00,0x00,0x00,0x00,0x00,0x00,0x00,0x00,
    0x00,0x00,0x00,0x00,0x00,0x00,0x00,0x00,0x00,0x00,0x00,0x00,0x00,0x00,0x00,0x00,0x00,0x00,0x00,0x00,0x00,0x00,0x00,0x00,
    0x00,0x00,0x00,0x00,0x00,0x00,0x00,0x00,0x00,0x00,0x00,0x00,0x00,0x00,0x00,0x00,0x00,0x00,0x00,0x00,0x00,0x00,0x00,0x00,
    0x00,0x00,0x00,0x00,0x00,0x00,0x00,0x00,0x00,0x00,0x00,0x00,0x00,0x00,0x00,0x00,0x00,0x00,0x00,0x00,0x00,0x00,0x00,0x00,
    0x00,0x00,0x00,0x00,0x00,0x00,0x00,0x00,0x00,0x00,0x00,0x00,0x00,0x00,0x00,0x00,0x00,0x00,0x00,0x00,0x00,0x00,0x00,0x00,
    0x00,0x00,0x00,0x00,0x00,0x00,0x00,0x00,0x00,0x00,0x00,0x00,0x00,0x00,0x00,0x00,0x00,0x00,0x00,0x00,0x00,0x00,0x00,0x00,
    0x00,0x00,0x00,0x00,0x00,0x00,0x00,0x00,0x00,0x00,0x00,0x00,0x00,0x00,0x00,0x00,0x00,0x00,0x00,0x00,0x00,0x00,0x00,0x00,
    0x00,0x00,0x00,0x00,0x00,0x00,0x00,0x00,0x00,0x00,0x00,0x00,0x00,0x00,0x00,0x00,0x00,0x00,0x00,0x00,0x00,0x00,0x00,0x00,
    0x00,0x00,0x00,0x00,0x00,0x00,0x00,0x00,0x00,0x00,0x00,0x00,0x00,0x00,0x00,0x00,0x00,0x00,0x00,0x00,0x00,0x00,0x00,0x00,
    0x00,0x00,0x00,0x00,0x00,0x00,0x00,0x00,0x00,0x00,0x00,0x00,0x00,0x00,0x00,0x00,0x00,0x00,0x00,0x00,0x00,0x00,0x00,0x00,
    0x00,0x00,0x00,0x00,0x00,0x00,0x00,0x00,0x00,0x00,0x00,0x00,0x00,0x00,0x00,0x00,0x00,0x00,0x00,0x00,0x00,0x00,0x00,0x00,
    0x00,0x00,0x00,0x00,0x00,0x00,0x00,0x00,0x00,0x00,0x00,0x00,0x00,0x00,0x00,0x00,0x00,0x00,0x00,0x00,0x00,0x00,0x00,0x00,
    0x00,0x00,0x00,0x00,0x00,0x00,0x00,0x00,0x00,0x00,0x00,0x00,0x00,0x00,0x00,0x00,0x00,0x00,0x00,0x00,0x00,0x00,0x00,0x00,
    0x00,0x00,0x00,0x00,0x00,0x00,0x00,0x00,0x00,0x00,0x00,0x00,0x00,0x00,0x00,0x00,0x00,0x00,0x00,0x00,0x00,0x00,0x00,0x00,
    0x00,0x00,0x00,0x00,0x00,0x00,0x00,0x00,0x00,0x00,0x00,0x00,0x00,0x00,0x00,0x00,0x00,0x00,0x00,0x00,0x00,0x00,0x00,0x00,
    0x00,0x00,0x00,0x00,0x00,0x00,0x00,0x00,0x00,0x00,0x00,0x00,0x00,0x00,0x00,0x00,0x00,0x00,0x00,0x00,0x00,0x00,0x00,0x00,
    0x00,0x00,0x00,0x00,0x00,0x00,0x00,0x00,0x00,0x00,0x00,0x00,0x00,0x00,0x00,0x00,0x00,0x00,0x00,0x00,0x00,0x00,0x00,0x00,
    0x00,0x00,0x00,0x00,0x00,0x00,0x00,0x00,0x00,0x00,0x00,0x00,0x00,0x00,0x00,0x00,0x00,0x00,0x00,0x00,0x00,0x00,0x00,0x00,
    0x00,0x00,0x00,0x00,0x00,0x00,0x00,0x00,0x00,0x00,0x00,0x00,0x00,0x00,0x00,0x00,0x00,0x00,0x00,0x00,0x00,0x00,0x00,0x00,
    0x00,0x00,0x00,0x00,0x00,0x00,0x00,0x00,0x00,0x00,0x00,0x00,0x00,0x00,0x00,0x00,0x00,0x00,0x00,0x00,0x00,0x00,0x00,0x00,
    0x00,0x00,0x00,0x00,0x00,0x00,0x00,0x00,0x00,0x00,0x00,0x00,0x00,0x00,0x00,0x00,0x00,0x00,0x00,0x00,0x00,0x00,0x00,0x01,
    0x00,0x00,0x01,0x00,0x00,0x01,0x00,0x00,0x01,0x00,0x00,0x01,0x00,0x00,0x01,0x00,0x00,0x02,0x00,0x00,0x02,0x00,0x00,0x02,
    0x00,0x00,0x02,0x00,0x00,0x02,0x00,0x00,0x02,0x00,0x00,0x02,0x00,0x00,0x02,0x00,0x00,0x02,0x00,0x00,0x02,0x00,0x00,0x02,
    0x00,0x00,0x02,0x00,0x00,0x02,0x00,0x00,0x02,0x00,0x00,0x02,0x00,0x00,0x02,0x00,0x00,0x02,0x00,0x00,0x02,0x00,0x00,0x02,
    0x00,0x00,0x02,0x00,0x00,0x02,0x00,0x00,0x02,0x00,0x00,0x01,0x00,0x00,0x01,0x00,0x00,0x01,0x00,0x00,0x01,0x00,0x00,0x01,
    0x00,0x00,0x01,0x00,0x00,0x01,0x00,0x00,0x01,0x00,0x00,0x01,0x00,0x00,0x01,0x00,0x00,0x01,0x00,0x00,0x01,0x00,0x00,0x01,
    0x00,0x00,0x01,0x00,0x00,0x01,0x00,0x00,0x01,0x00,0x00,0x01,0x00,0x00,0x01,0x00,0x00,0x01,0x00,0x00,0x01,0x00,0x00,0x01,
    0x00,0x00,0x01,0x00,0x00,0x01,0x00,0x00,0x01,0x00,0x00,0x01,0x00,0x00,0x01,0x00,0x00,0x01,0x00,0x00,0x01,0x00,0x00,0x01,
    0x00,0x00,0x01,0x00,0x00,0x01,0x00,0x00,0x01,0x00,0x00,0x01,0x00,0x00,0x01,0x00,0x00,0x01,0x00,0x00,0x01,0x00,0x00,0x01,
    0x00,0x00,0x01,0x00,0x00,0x01,0x00,0x00,0x01,0x00,0x00,0x01,0x00,0x00,0x01,0x00,0x00,0x01,0x00,0x00,0x01,0x00,0x00,0x01,
    0x00,0x00,0x01,0x00,0x00,0x01,0x00,0x00,0x01,0x00,0x00,0x01,0x00,0x00,0x01,0x00,0x00,0x01,0x00,0x00,0x01,0x00,0x00,0x01,
    0x00,0x00,0x01,0x00,0x00,0x01,0x00,0x00,0x01,0x00,0x00,0x01,0x00,0x00,0x01,0x00,0x00,0x01,0x00,0x00,0x01,0x00,0x00,0x01,
    0x00,0x00,0x01,0x00,0x00,0x00,0x00,0x00,0x00,0x00,0x00,0x00,0x00,0x00,0x00,0x00,0x00,0x00,0x00,0x00,0x00,0x00,0x00,0x00,
    0x00,0x00,0x00,0x00,0x00,0x00,0x00,0x00,0x00,0x00,0x00,0x00,0x00,0x00,0x00,0x00,0x00,0x00,0x00,0x00,0x00,0x00,0x00,0x00,
    0x00,0x00,0x00,0x00,0x00,0x00,0x00,0x00,0x00,0x00,0x00,0x00,0x00,0x00,0x00,0x00,0x00,0x00,0x00,0x00,0x00,0x00,0x00,0x00,
    0x00,0x00,0x00,0x00,0x00,0x00,0x00,0x00,0x00,0x00,0x00,0x00,0x00,0x00,0x00,0x00,0x00,0x00,0x00,0x00,0x00,0x00,0x00,0x00,
    0x00,0x00,0x00,0x00,0x00,0x00,0x00,0x00,0x00,0x00,0x00,0x00,0x00,0x00,0x00,0x00,0x00,0x00,0x00,0x00,0x00,0x00,0x00,0x00,
    0x00,0x00,0x00,0x00,0x00,0x00,0x00,0x00,0x00,0x00,0x00,0x00,0x00,0x00,0x00,0x00,0x00,0x00,0x00,0x00,0x00,0x00,0x00,0x00,
    0x00,0x00,0x00,0x00,0x00,0x00,0x00,0x00,0x00,0x00,0x00,0x00,0x00,0x00,0x00,0x00,0x00,0x00,0x00,0x00,0x00,0x00,0x00,0x00,
    0x00,0x00,0x00,0x00,0x00,0x00,0x00,0x00,0x00,0x00,0x00,0x00,0x00,0x00,0x00,0x00,0x00,0x00,0x00,0x00,0x00,0x00,0x00,0x00,
    0x00,0x00,0x00,0x00,0x00,0x00,0x00,0x00,0x00,0x00,0x00,0x00,0x00,0x00,0x00,0x00,0x00,0x00,0x00,0x00,0x00,0x00,0x00,0x00,
    0x00,0x00,0x00,0x00,0x00,0x00,0x00,0x00,0x00,0x00,0x00,0x00,0x00,0x00,0x00,0x00,0x00,0x00,0x00,0x00,0x00,0x00,0x00,0x00,
    0x00,0x00,0x00,0x00,0x00,0x00,0x00,0x00,0x00,0x00,0x00,0x00,0x00,0x00,0x00,0x00,0x00,0x00,0x00,0x00,0x00,0x00,0x00,0x00,
    0x00,0x00,0x00,0x00,0x00,0x00,0x00,0x00,0x00,0x00,0x00,0x00,0x00,0x00,0x00,0x00,0x00,0x00,0x00,0x00,0x00,0x00,0x00,0x00,
    0x00,0x00,0x00,0x00,0x00,0x00,0x00,0x00,0x00,0x00,0x00,0x00,0x00,0x00,0x00,0x00,0x00,0x00,0x00,0x00,0x00,0x00,0x00,0x00,
    0x00,0x00,0x00,0x00,0x00,0x00,0x00,0x00,0x00,0x00,0x00,0x00,0x00,0x00,0x00,0x00,0x00,0x00,0x00,0x00,0x00,0x00,0x00,0x00,
    0x00,0x00,0x00,0x00,0x00,0x00,0x00,0x00,0x00,0x00,0x00,0x01,0x00,0x00,0x01,0x00,0x00,0x01,0x00,0x00,0x02,0x00,0x00,0x02,
    0x00,0x00,0x02,0x00,0x00,0x03,0x00,0x00,0x03,0x00,0x00,0x04,0x00,0x00,0x04,0x00,0x00,0x04,0x00,0x00,0x04,0x00,0x00,0x04,
    0x00,0x00,0x04,0x00,0x00,0x04,0x00,0x00,0x04,0x00,0x00,0x04,0x00,0x00,0x04,0x00,0x00,0x04,0x00,0x00,0x04,0x00,0x00,0x04,
    0x00,0x00,0x04,0x00,0x00,0x04,0x00,0x00,0x04,0x00,0x00,0x04,0x00,0x00,0x04,0x00,0x00,0x04,0x00,0x00,0x04,0x00,0x00,0x04,
    0x00,0x00,0x04,0x00,0x00,0x04,0x00,0x00,0x04,0x00,0x00,0x03,0x00,0x00,0x03,0x00,0x00,0x03,0x00,0x00,0x03,0x00,0x00,0x03,
    0x00,0x00,0x03,0x00,0x00,0x03,0x00,0x00,0x03,0x00,0x00,0x03,0x00,0x00,0x03,0x00,0x00,0x03,0x00,0x00,0x03,0x00,0x00,0x03,
    0x00,0x00,0x03,0x00,0x00,0x03,0x00,0x00,0x03,0x00,0x00,0x03,0x00,0x00,0x03,0x00,0x00,0x03,0x00,0x00,0x03,0x00,0x00,0x03,
    0x00,0x00,0x03,0x00,0x00,0x03,0x00,0x00,0x03,0x00,0x00,0x03,0x00,0x00,0x03,0x00,0x00,0x03,0x00,0x00,0x03,0x00,0x00,0x03,
    0x00,0x00,0x03,0x00,0x00,0x03,0x00,0x00,0x03,0x00,0x00,0x03,0x00,0x00,0x03,0x00,0x00,0x03,0x00,0x00,0x02,0x00,0x00,0x02,
    0x00,0x00,0x02,0x00,0x00,0x02,0x00,0x00,0x02,0x00,0x00,0x02,0x00,0x00,0x02,0x00,0x00,0x02,0x00,0x00,0x02,0x00,0x00,0x02,
    0x00,0x00,0x02,0x00,0x00,0x02,0x00,0x00,0x02,0x00,0x00,0x02,0x00,0x00,0x02,0x00,0x00,0x02,0x00,0x00,0x02,0x00,0x00,0x02,
    0x00,0x00,0x02,0x00,0x00,0x02,0x00,0x00,0x02,0x00,0x00,0x02,0x00,0x00,0x02,0x00,0x00,0x02,0x00,0x00,0x02,0x00,0x00,0x02,
    0x00,0x00,0x02,0x00,0x00,0x02,0x00,0x00,0x01,0x00,0x00,0x01,0x00,0x00,0x01,0x00,0x00,0x01,0x00,0x00,0x01,0x00,0x00,0x01,
    0x00,0x00,0x01,0x00,0x00,0x01,0x00,0x00,0x01,0x00,0x00,0x01,0x00,0x00,0x01,0x00,0x00,0x01,0x00,0x00,0x01,0x00,0x00,0x01,
    0x00,0x00,0x01,0x00,0x00,0x01,0x00,0x00,0x01,0x00,0x00,0x01,0x00,0x00,0x01,0x00,0x00,0x01,0x00,0x00,0x01,0x00,0x00,0x01,
    0x00,0x00,0x01,0x00,0x00,0x01,0x00,0x00,0x01,0x00,0x00,0x01,0x00,0x00,0x01,0x00,0x00,0x01,0x00,0x00,0x01,0x00,0x00,0x01,
    0x00,0x00,0x01,0x00,0x00,0x01,0x00,0x00,0x01,0x00,0x00,0x01,0x00,0x00,0x01,0x00,0x00,0x01,0x00,0x00,0x01,0x00,0x00,0x01,
    0x00,0x00,0x01,0x00,0x00,0x01,0x00,0x00,0x01,0x00,0x00,0x01,0x00,0x00,0x01,0x00,0x00,0x01,0x00,0x00,0x01,0x00,0x00,0x01,
    0x00,0x00,0x01,0x00,0x00,0x01,0x00,0x00,0x01,0x00,0x00,0x01,0x00,0x00,0x01,0x00,0x00,0x01,0x00,0x00,0x01,0x00,0x00,0x01,
    0x00,0x00,0x01,0x00,0x00,0x01,0x00,0x00,0x01,0x00,0x00,0x01,0x00,0x00,0x01,0x00,0x00,0x01,0x00,0x00,0x01,0x00,0x00,0x01,
    0x00,0x00,0x00,0x00,0x00,0x00,0x00,0x00,0x00,0x00,0x00,0x00,0x00,0x00,0x00,0x00,0x00,0x00,0x00,0x00,0x00,0x00,0x00,0x00,
    0x00,0x00,0x00,0x00,0x00,0x00,0x00,0x00,0x00,0x00,0x00,0x00,0x00,0x00,0x00,0x00,0x00,0x00,0x00,0x00,0x00,0x00,0x00,0x00,
    0x00,0x00,0x00,0x00,0x00,0x00,0x00,0x00,0x00,0x00,0x00,0x00,0x00,0x00,0x00,0x00,0x00,0x00,0x00,0x00,0x00,0x00,0x00,0x00,
    0x00,0x00,0x00,0x00,0x00,0x00,0x00,0x00,0x00,0x00,0x00,0x00,0x00,0x00,0x00,0x00,0x00,0x00,0x00,0x00,0x00,0x00,0x00,0x00,
    0x00,0x00,0x00,0x00,0x00,0x00,0x00,0x00,0x00,0x00,0x00,0x00,0x00,0x00,0x00,0x00,0x00,0x00,0x00,0x00,0x00,0x00,0x00,0x00,
    0x00,0x00,0x00,0x00,0x00,0x00,0x00,0x00,0x00,0x00,0x00,0x00,0x00,0x00,0x00,0x00,0x00,0x00,0x00,0x00,0x00,0x00,0x00,0x00,
    0x00,0x00,0x01,0x00,0x00,0x01,0x00,0x00,0x02,0x00,0x00,0x02,0x00,0x00,0x03,0x00,0x00,0x04,0x00,0x00,0x05,0x00,0x00,0x06,
    0x00,0x00,0x06,0x00,0x00,0x07,0x00,0x00,0x07,0x00,0x00,0x08,0x00,0x00,0x08,0x00,0x00,0x08,0x00,0x00,0x08,0x00,0x00,0x08,
    0x00,0x00,0x09,0x00,0x00,0x09,0x00,0x00,0x09,0x00,0x00,0x09,0x00,0x00,0x08,0x00,0x00,0x08,0x00,0x00,0x08,0x00,0x00,0x08,
    0x00,0x00,0x08,0x00,0x00,0x08,0x00,0x00,0x08,0x00,0x00,0x08,0x00,0x00,0x08,0x00,0x00,0x08,0x00,0x00,0x07,0x00,0x00,0x07,
    0x00,0x00,0x07,0x00,0x00,0x07,0x00,0x00,0x07,0x00,0x00,0x07,0x00,0x00,0x07,0x00,0x00,0x07,0x00,0x00,0x07,0x00,0x00,0x07,
    0x00,0x00,0x07,0x00,0x00,0x07,0x00,0x00,0x07,0x00,0x00,0x07,0x00,0x00,0x07,0x00,0x00,0x07,0x00,0x00,0x07,0x00,0x00,0x07,
    0x00,0x00,0x06,0x00,0x00,0x06,0x00,0x00,0x06,0x00,0x00,0x06,0x00,0x00,0x06,0x00,0x00,0x06,0x00,0x00,0x06,0x00,0x00,0x06,
    0x00,0x00,0x06,0x00,0x00,0x06,0x00,0x00,0x06,0x00,0x00,0x06,0x00,0x00,0x06,0x00,0x00,0x06,0x00,0x00,0x06,0x00,0x00,0x06,
    0x00,0x00,0x06,0x00,0x00,0x06,0x00,0x00,0x05,0x00,0x00,0x05,0x00,0x00,0x05,0x00,0x00,0x05,0x00,0x00,0x05,0x00,0x00,0x05,
    0x00,0x00,0x05,0x00,0x00,0x05,0x00,0x00,0x05,0x00,0x00,0x05,0x00,0x00,0x04,0x00,0x00,0x04,0x00,0x00,0x04,0x00,0x00,0x04,
    0x00,0x00,0x04,0x00,0x00,0x04,0x00,0x00,0x04,0x00,0x00,0x04,0x00,0x00,0x04,0x00,0x00,0x04,0x00,0x00,0x04,0x00,0x00,0x04,
    0x00,0x00,0x04,0x00,0x00,0x04,0x00,0x00,0x04,0x00,0x00,0x04,0x00,0x00,0x04,0x00,0x00,0x04,0x00,0x00,0x04,0x00,0x00,0x04,
    0x00,0x00,0x04,0x00,0x00,0x04,0x00,0x00,0x03,0x00,0x00,0x03,0x00,0x00,0x03,0x00,0x00,0x03,0x00,0x00,0x03,0x00,0x00,0x03,
    0x00,0x00,0x03,0x00,0x00,0x03,0x00,0x00,0x03,0x00,0x00,0x03,0x00,0x00,0x03,0x00,0x00,0x03,0x00,0x00,0x03,0x00,0x00,0x03,
    0x00,0x00,0x03,0x00,0x00,0x03,0x00,0x00,0x03,0x00,0x00,0x03,0x00,0x00,0x03,0x00,0x00,0x03,0x00,0x00,0x03,0x00,0x00,0x03,
    0x00,0x00,0x03,0x00,0x00,0x03,0x00,0x00,0x03,0x00,0x00,0x03,0x00,0x00,0x03,0x00,0x00,0x03,0x00,0x00,0x03,0x00,0x00,0x03,
    0x00,0x00,0x03,0x00,0x00,0x03,0x00,0x00,0x03,0x00,0x00,0x03,0x00,0x00,0x03,0x00,0x00,0x02,0x00,0x00,0x02,0x00,0x00,0x02,
    0x00,0x00,0x02,0x00,0x00,0x02,0x00,0x00,0x02,0x00,0x00,0x02,0x00,0x00,0x02,0x00,0x00,0x02,0x00,0x00,0x02,0x00,0x00,0x02,
    0x00,0x00,0x02,0x00,0x00,0x02,0x00,0x00,0x02,0x00,0x00,0x02,0x00,0x00,0x02,0x00,0x00,0x02,0x00,0x00,0x02,0x00,0x00,0x02,
    0x00,0x00,0x02,0x00,0x00,0x02,0x00,0x00,0x02,0x00,0x00,0x02,0x00,0x00,0x02,0x00,0x00,0x02,0x00,0x00,0x02,0x00,0x00,0x02,
    0x00,0x00,0x02,0x00,0x00,0x01,0x00,0x00,0x01,0x00,0x00,0x01,0x00,0x00,0x01,0x00,0x00,0x01,0x00,0x00,0x01,0x00,0x00,0x01,
    0x00,0x00,0x01,0x00,0x00,0x01,0x00,0x00,0x01,0x00,0x00,0x01,0x00,0x00,0x01,0x00,0x00,0x01,0x00,0x00,0x01,0x00,0x00,0x01,
    0x00,0x00,0x01,0x00,0x00,0x01,0x00,0x00,0x01,0x00,0x00,0x01,0x00,0x00,0x01,0x00,0x00,0x01,0x00,0x00,0x00,0x00,0x00,0x00,
    0x00,0x00,0x00,0x00,0x00,0x00,0x00,0x00,0x00,0x00,0x00,0x00,0x00,0x00,0x00,0x00,0x00,0x00,0x00,0x00,0x00,0x00,0x00,0x00,
    0x00,0x00,0x00,0x00,0x00,0x00,0x00,0x00,0x00,0x00,0x00,0x00,0x00,0x00,0x00,0x00,0x00,0x00,0x00,0x00,0x00,0x00,0x00,0x00,
    0x00,0x00,0x00,0x00,0x00,0x00,0x00,0x00,0x00,0x00,0x00,0x00,0x00,0x00,0x00,0x00,0x00,0x01,0x00,0x00,0x01,0x00,0x00,0x02,
    0x00,0x00,0x03,0x00,0x00,0x04,0x00,0x00,0x05,0x00,0x00,0x07,0x00,0x00,0x08,0x00,0x00,0x09,0x00,0x10,0x0B,0x00,0x10,0x0C,
    0x00,0x10,0x0D,0x00,0x10,0x0D,0x00,0x10,0x0E,0x00,0x10,0x0E,0x00,0x10,0x0E,0x00,0x10,0x0E,0x00,0x10,0x0F,0x00,0x10,0x0F,
    0x00,0x10,0x0E,0x00,0x10,0x0E,0x00,0x10,0x0E,0x00,0x10,0x0E,0x00,0x10,0x0E,0x00,0x10,0x0E,0x00,0x10,0x0E,0x00,0x10,0x0E,
    0x00,0x10,0x0E,0x00,0x10,0x0E,0x00,0x10,0x0D,0x00,0x10,0x0D,0x00,0x10,0x0D,0x00,0x10,0x0D,0x00,0x10,0x0D,0x00,0x10,0x0C,
    0x00,0x10,0x0C,0x00,0x10,0x0C,0x00,0x10,0x0C,0x00,0x10,0x0C,0x00,0x10,0x0C,0x00,0x10,0x0C,0x00,0x10,0x0C,0x00,0x10,0x0C,
    0x00,0x10,0x0C,0x00,0x10,0x0C,0x00,0x10,0x0C,0x00,0x10,0x0C,0x00,0x10,0x0C,0x00,0x10,0x0C,0x00,0x10,0x0C,0x00,0x10,0x0B,
    0x00,0x10,0x0B,0x00,0x10,0x0B,0x00,0x10,0x0B,0x00,0x10,0x0B,0x00,0x18,0x0A,0x00,0x18,0x0A,0x00,0x18,0x0A,0x00,0x18,0x0A,
    0x00,0x18,0x0A,0x00,0x18,0x0A,0x00,0x18,0x0A,0x00,0x18,0x0A,0x00,0x18,0x0A,0x00,0x18,0x0A,0x00,0x18,0x0A,0x00,0x18,0x0A,
    0x00,0x18,0x0A,0x00,0x18,0x0A,0x00,0x18,0x0A,0x00,0x18,0x0A,0x00,0x18,0x0A,0x00,0x00,0x09,0x00,0x00,0x09,0x00,0x00,0x09,
    0x00,0x00,0x09,0x00,0x00,0x09,0x00,0x00,0x09,0x00,0x00,0x09,0x00,0x00,0x09,0x00,0x00,0x09,0x00,0x00,0x09,0x00,0x00,0x09,
    0x00,0x00,0x09,0x00,0x00,0x09,0x00,0x00,0x09,0x00,0x00,0x08,0x00,0x00,0x08,0x00,0x00,0x08,0x00,0x00,0x08,0x00,0x00,0x08,
    0x00,0x00,0x08,0x00,0x00,0x08,0x00,0x00,0x08,0x00,0x00,0x08,0x00,0x00,0x07,0x00,0x00,0x07,0x00,0x00,0x07,0x00,0x00,0x07,
    0x00,0x00,0x07,0x00,0x00,0x07,0x00,0x00,0x07,0x00,0x00,0x07,0x00,0x00,0x07,0x00,0x00,0x07,0x00,0x00,0x07,0x00,0x00,0x07,
    0x00,0x00,0x07,0x00,0x00,0x07,0x00,0x00,0x07,0x00,0x00,0x07,0x00,0x00,0x07,0x00,0x00,0x07,0x00,0x00,0x07,0x00,0x00,0x06,
    0x00,0x00,0x06,0x00,0x00,0x06,0x00,0x00,0x06,0x00,0x00,0x06,0x00,0x00,0x06,0x00,0x00,0x06,0x00,0x00,0x06,0x00,0x00,0x06,
    0x00,0x00,0x06,0x00,0x00,0x06,0x00,0x00,0x06,0x00,0x00,0x06,0x00,0x00,0x06,0x00,0x00,0x06,0x00,0x00,0x06,0x00,0x00,0x06,
    0x00,0x00,0x06,0x00,0x00,0x05,0x00,0x00,0x05,0x00,0x00,0x05,0x00,0x00,0x05,0x00,0x00,0x05,0x00,0x00,0x05,0x00,0x00,0x05,
    0x00,0x00,0x05,0x00,0x00,0x05,0x00,0x00,0x05,0x00,0x00,0x04,0x00,0x00,0x04,0x00,0x00,0x04,0x00,0x00,0x04,0x00,0x00,0x04,
    0x00,0x00,0x04,0x00,0x00,0x04,0x00,0x00,0x04,0x00,0x00,0x04,0x00,0x00,0x04,0x00,0x00,0x04,0x00,0x00,0x04,0x00,0x00,0x04,
    0x00,0x00,0x04,0x00,0x00,0x04,0x00,0x00,0x04,0x00,0x00,0x04,0x00,0x00,0x04,0x00,0x00,0x04,0x00,0x00,0x04,0x00,0x00,0x04,
    0x00,0x00,0x04,0x00,0x00,0x03,0x00,0x00,0x03,0x00,0x00,0x03,0x00,0x00,0x03,0x00,0x00,0x03,0x00,0x00,0x03,0x00,0x00,0x03,
    0x00,0x00,0x03,0x00,0x00,0x03,0x00,0x00,0x03,0x00,0x00,0x03,0x00,0x00,0x03,0x00,0x00,0x03,0x00,0x00,0x03,0x00,0x00,0x03,
    0x00,0x00,0x02,0x00,0x00,0x02,0x00,0x00,0x02,0x00,0x00,0x02,0x00,0x00,0x00,0x00,0x00,0x00,0x00,0x00,0x00,0x00,0x00,0x00,
    0x00,0x00,0x00,0x00,0x00,0x00,0x00,0x00,0x00,0x00,0x00,0x00,0x00,0x00,0x00,0x00,0x00,0x00,0x00,0x00,0x00,0x00,0x00,0x00,
    0x00,0x00,0x00,0x00,0x00,0x00,0x00,0x00,0x00,0x00,0x00,0x00,0x00,0x00,0x00,0x00,0x00,0x00,0x00,0x00,0x00,0x00,0x00,0x00,
    0x00,0x00,0x00,0x00,0x00,0x00,0x00,0x00,0x01,0x00,0x00,0x01,0x00,0x00,0x02,0x00,0x00,0x03,0x00,0x00,0x05,0x00,0x00,0x06,
    0x00,0x00,0x08,0x00,0x10,0x0B,0x00,0x10,0x0D,0x00,0x10,0x0F,0x00,0x08,0x11,0x00,0x18,0x12,0x00,0x18,0x14,0x00,0x18,0x15,
    0x00,0x20,0x16,0x00,0x10,0x16,0x00,0x20,0x16,0x00,0x20,0x17,0x00,0x20,0x17,0x00,0x20,0x17,0x00,0x20,0x17,0x00,0x20,0x17,
    0x00,0x20,0x17,0x00,0x20,0x17,0x00,0x20,0x16,0x00,0x20,0x16,0x00,0x20,0x16,0x00,0x10,0x16,0x00,0x10,0x16,0x00,0x10,0x16,
    0x00,0x18,0x15,0x00,0x18,0x15,0x00,0x18,0x15,0x00,0x18,0x14,0x00,0x18,0x14,0x00,0x18,0x14,0x00,0x18,0x14,0x00,0x18,0x14,
    0x00,0x18,0x14,0x00,0x18,0x14,0x00,0x18,0x14,0x00,0x18,0x14,0x00,0x18,0x14,0x00,0x18,0x14,0x00,0x18,0x14,0x00,0x18,0x14,
    0x00,0x18,0x13,0x00,0x18,0x13,0x00,0x18,0x13,0x00,0x18,0x13,0x00,0x18,0x13,0x00,0x18,0x12,0x00,0x18,0x12,0x00,0x18,0x12,
    0x00,0x18,0x12,0x00,0x18,0x12,0x00,0x18,0x11,0x00,0x18,0x11,0x00,0x18,0x11,0x00,0x18,0x11,0x00,0x18,0x11,0x00,0x18,0x11,
    0x00,0x18,0x11,0x00,0x18,0x11,0x00,0x18,0x11,0x00,0x18,0x11,0x00,0x18,0x11,0x00,0x18,0x11,0x00,0x08,0x11,0x00,0x08,0x10,
    0x00,0x08,0x10,0x00,0x08,0x10,0x00,0x08,0x10,0x00,0x08,0x10,0x00,0x10,0x0F,0x00,0x10,0x0F,0x00,0x10,0x0F,0x00,0x10,0x0F,
    0x00,0x10,0x0F,0x00,0x10,0x0F,0x00,0x10,0x0F,0x00,0x10,0x0F,0x00,0x10,0x0E,0x00,0x10,0x0E,0x00,0x10,0x0E,0x00,0x10,0x0E,
    0x00,0x10,0x0E,0x00,0x10,0x0E,0x00,0x10,0x0E,0x00,0x10,0x0E,0x00,0x10,0x0E,0x00,0x10,0x0E,0x00,0x10,0x0E,0x00,0x10,0x0E,
    0x00,0x10,0x0D,0x00,0x10,0x0D,0x00,0x10,0x0D,0x00,0x10,0x0D,0x00,0x10,0x0D,0x00,0x10,0x0C,0x00,0x10,0x0C,0x00,0x10,0x0C,
    0x00,0x10,0x0C,0x00,0x10,0x0C,0x00,0x10,0x0C,0x00,0x10,0x0C,0x00,0x10,0x0C,0x00,0x10,0x0C,0x00,0x10,0x0C,0x00,0x10,0x0C,
    0x00,0x10,0x0C,0x00,0x10,0x0C,0x00,0x10,0x0C,0x00,0x10,0x0C,0x00,0x10,0x0C,0x00,0x10,0x0B,0x00,0x10,0x0B,0x00,0x10,0x0B,
    0x00,0x10,0x0B,0x00,0x10,0x0B,0x00,0x18,0x0A,0x00,0x18,0x0A,0x00,0x18,0x0A,0x00,0x18,0x0A,0x00,0x18,0x0A,0x00,0x18,0x0A,
    0x00,0x18,0x0A,0x00,0x18,0x0A,0x00,0x18,0x0A,0x00,0x18,0x0A,0x00,0x18,0x0A,0x00,0x18,0x0A,0x00,0x18,0x0A,0x00,0x18,0x0A,
    0x00,0x18,0x0A,0x00,0x18,0x0A,0x00,0x00,0x09,0x00,0x00,0x09,0x00,0x00,0x09,0x00,0x00,0x09,0x00,0x00,0x09,0x00,0x00,0x09,
    0x00,0x00,0x09,0x00,0x00,0x08,0x00,0x00,0x08,0x00,0x00,0x08,0x00,0x00,0x08,0x00,0x00,0x08,0x00,0x00,0x08,0x00,0x00,0x08,
    0x00,0x00,0x08,0x00,0x00,0x08,0x00,0x00,0x08,0x00,0x00,0x08,0x00,0x00,0x08,0x00,0x00,0x08,0x00,0x00,0x08,0x00,0x00,0x08,
    0x00,0x00,0x08,0x00,0x00,0x08,0x00,0x00,0x07,0x00,0x00,0x07,0x00,0x00,0x07,0x00,0x00,0x07,0x00,0x00,0x07,0x00,0x00,0x07,
    0x00,0x00,0x07,0x00,0x00,0x07,0x00,0x00,0x07,0x00,0x00,0x07,0x00,0x00,0x07,0x00,0x00,0x07,0x00,0x00,0x07,0x00,0x00,0x07,
    0x00,0x00,0x06,0x00,0x00,0x06,0x00,0x00,0x06,0x00,0x00,0x06,0x00,0x00,0x06,0x00,0x00,0x05,0x00,0x00,0x05,0x00,0x00,0x04,
    0x00,0x00,0x04,0x00,0x00,0x04,0x00,0x00,0x00,0x00,0x00,0x00,0x00,0x00,0x00,0x00,0x00,0x00,0x00,0x00,0x00,0x00,0x00,0x00,
    0x00,0x00,0x00,0x00,0x00,0x00,0x00,0x00,0x00,0x00,0x00,0x00,0x00,0x00,0x00,0x00,0x00,0x00,0x00,0x00,0x00,0x00,0x00,0x00,
    0x00,0x00,0x00,0x00,0x00,0x00,0x00,0x00,0x00,0x00,0x00,0x00,0x00,0x00,0x00,0x00,0x00,0x00,0x00,0x00,0x00,0x00,0x00,0x00,
    0x00,0x00,0x01,0x00,0x00,0x02,0x00,0x00,0x03,0x00,0x00,0x05,0x00,0x00,0x07,0x00,0x00,0x09,0x00,0x10,0x0C,0x00,0x10,0x0F,
    0x00,0x18,0x13,0x00,0x20,0x16,0x00,0x18,0x19,0x00,0x20,0x1B,0x00,0x28,0x1D,0x00,0x28,0x1F,0x00,0x20,0x20,0x00,0x28,0x21,
    0x20,0x28,0x21,0x20,0x28,0x21,0x20,0x28,0x22,0x20,0x28,0x22,0x20,0x28,0x22,0x20,0x28,0x22,0x20,0x28,0x21,0x20,0x28,0x21,
    0x00,0x28,0x21,0x00,0x28,0x21,0x00,0x28,0x21,0x00,0x28,0x21,0x00,0x20,0x20,0x00,0x20,0x20,0x00,0x28,0x1F,0x00,0x28,0x1F,
    0x00,0x28,0x1F,0x00,0x28,0x1F,0x00,0x28,0x1E,0x00,0x28,0x1E,0x00,0x28,0x1E,0x00,0x28,0x1E,0x00,0x28,0x1E,0x00,0x28,0x1E,
    0x00,0x28,0x1E,0x00,0x28,0x1E,0x00,0x28,0x1E,0x00,0x28,0x1E,0x00,0x28,0x1E,0x00,0x28,0x1E,0x00,0x28,0x1D,0x00,0x20,0x1D,
    0x00,0x20,0x1D,0x00,0x20,0x1D,0x00,0x20,0x1C,0x00,0x20,0x1C,0x00,0x20,0x1C,0x00,0x20,0x1B,0x00,0x20,0x1B,0x00,0x20,0x1B,
    0x00,0x20,0x1A,0x00,0x20,0x1A,0x00,0x20,0x1A,0x00,0x20,0x1A,0x00,0x20,0x1A,0x00,0x20,0x1A,0x00,0x20,0x1A,0x00,0x20,0x1A,
    0x00,0x20,0x1A,0x00,0x20,0x1A,0x00,0x20,0x1A,0x00,0x20,0x1A,0x00,0x18,0x1A,0x00,0x18,0x19,0x00,0x18,0x19,0x00,0x18,0x19,
    0x00,0x18,0x19,0x00,0x18,0x18,0x00,0x18,0x18,0x00,0x18,0x18,0x00,0x20,0x17,0x00,0x20,0x17,0x00,0x20,0x17,0x00,0x20,0x17,
    0x00,0x20,0x17,0x00,0x20,0x17,0x00,0x20,0x17,0x00,0x20,0x17,0x00,0x20,0x17,0x00,0x20,0x17,0x00,0x20,0x17,0x00,0x20,0x16,
    0x00,0x20,0x16,0x00,0x20,0x16,0x00,0x20,0x16,0x00,0x20,0x16,0x00,0x20,0x16,0x00,0x18,0x15,0x00,0x18,0x15,0x00,0x18,0x15,
    0x00,0x18,0x14,0x00,0x18,0x14,0x00,0x18,0x14,0x00,0x18,0x14,0x00,0x18,0x13,0x00,0x18,0x13,0x00,0x18,0x13,0x00,0x18,0x13,
    0x00,0x18,0x13,0x00,0x18,0x13,0x00,0x18,0x13,0x00,0x18,0x13,0x00,0x18,0x13,0x00,0x18,0x13,0x00,0x18,0x13,0x00,0x18,0x13,
    0x00,0x18,0x13,0x00,0x18,0x13,0x00,0x18,0x12,0x00,0x18,0x12,0x00,0x18,0x12,0x00,0x18,0x11,0x00,0x18,0x11,0x00,0x18,0x11,
    0x00,0x18,0x11,0x00,0x08,0x11,0x00,0x08,0x10,0x00,0x08,0x10,0x00,0x08,0x10,0x00,0x08,0x10,0x00,0x08,0x10,0x00,0x08,0x10,
    0x00,0x08,0x10,0x00,0x08,0x10,0x00,0x08,0x10,0x00,0x08,0x10,0x00,0x08,0x10,0x00,0x08,0x10,0x00,0x08,0x10,0x00,0x10,0x0F,
    0x00,0x10,0x0F,0x00,0x10,0x0F,0x00,0x10,0x0F,0x00,0x10,0x0F,0x00,0x10,0x0E,0x00,0x10,0x0E,0x00,0x10,0x0E,0x00,0x10,0x0E,
    0x00,0x10,0x0E,0x00,0x10,0x0E,0x00,0x10,0x0E,0x00,0x10,0x0E,0x00,0x10,0x0E,0x00,0x10,0x0E,0x00,0x10,0x0E,0x00,0x10,0x0E,
    0x00,0x10,0x0D,0x00,0x10,0x0D,0x00,0x10,0x0D,0x00,0x10,0x0D,0x00,0x10,0x0D,0x00,0x10,0x0D,0x00,0x10,0x0C,0x00,0x10,0x0C,
    0x00,0x10,0x0C,0x00,0x10,0x0C,0x00,0x10,0x0C,0x00,0x10,0x0B,0x00,0x10,0x0B,0x00,0x10,0x0B,0x00,0x10,0x0B,0x00,0x10,0x0B,
    0x00,0x10,0x0B,0x00,0x10,0x0B,0x00,0x10,0x0B,0x00,0x10,0x0B,0x00,0x10,0x0B,0x00,0x10,0x0B,0x00,0x10,0x0B,0x00,0x18,0x0A,
    0x00,0x18,0x0A,0x00,0x18,0x0A,0x00,0x00,0x09,0x00,0x00,0x09,0x00,0x00,0x08,0x00,0x00,0x07,0x00,0x00,0x07,0x00,0x00,0x06,
    0x00,0x00,0x00,0x00,0x00,0x00,0x00,0x00,0x00,0x00,0x00,0x00,0x00,0x00,0x00,0x00,0x00,0x00,0x00,0x00,0x00,0x00,0x00,0x00,
    0x00,0x00,0x00,0x00,0x00,0x00,0x00,0x00,0x00,0x00,0x00,0x00,0x00,0x00,0x00,0x00,0x00,0x00,0x00,0x00,0x00,0x00,0x00,0x00,
    0x00,0x00,0x00,0x00,0x00,0x00,0x00,0x00,0x00,0x00,0x00,0x00,0x00,0x00,0x00,0x00,0x00,0x01,0x00,0x00,0x01,0x00,0x00,0x02,
    0x00,0x00,0x04,0x00,0x00,0x07,0x00,0x00,0x09,0x00,0x10,0x0D,0x00,0x18,0x11,0x00,0x20,0x16,0x00,0x20,0x1A,0x00,0x28,0x1E,
    0x00,0x28,0x22,0x20,0x30,0x26,0x20,0x30,0x29,0x20,0x38,0x2B,0x20,0x38,0x2D,0x20,0x38,0x2E,0x20,0x38,0x2E,0x20,0x40,0x2F,
    0x20,0x40,0x2F,0x20,0x40,0x2F,0x20,0x40,0x2F,0x20,0x40,0x2F,0x20,0x40,0x2F,0x20,0x40,0x2F,0x20,0x40,0x2F,0x20,0x38,0x2E,
    0x20,0x38,0x2E,0x20,0x38,0x2E,0x20,0x38,0x2D,0x20,0x38,0x2D,0x20,0x38,0x2C,0x20,0x38,0x2C,0x20,0x38,0x2B,0x20,0x38,0x2B,
    0x20,0x38,0x2B,0x20,0x30,0x2A,0x20,0x30,0x2A,0x20,0x30,0x2A,0x20,0x30,0x2A,0x20,0x30,0x2A,0x20,0x30,0x2A,0x20,0x30,0x2A,
    0x20,0x30,0x2A,0x20,0x30,0x2A,0x20,0x30,0x2A,0x20,0x30,0x2A,0x20,0x30,0x2A,0x20,0x30,0x29,0x20,0x30,0x29,0x20,0x30,0x29,
    0x20,0x38,0x28,0x20,0x30,0x28,0x20,0x30,0x27,0x20,0x30,0x27,0x20,0x30,0x27,0x20,0x30,0x26,0x20,0x30,0x26,0x20,0x30,0x26,
    0x20,0x30,0x25,0x20,0x30,0x25,0x20,0x30,0x25,0x20,0x30,0x25,0x20,0x30,0x25,0x20,0x30,0x25,0x20,0x30,0x25,0x20,0x30,0x25,
    0x20,0x30,0x25,0x20,0x30,0x25,0x20,0x30,0x25,0x20,0x30,0x25,0x20,0x30,0x24,0x20,0x30,0x24,0x20,0x28,0x23,0x20,0x28,0x23,
    0x20,0x28,0x23,0x20,0x28,0x22,0x20,0x28,0x22,0x00,0x28,0x21,0x00,0x28,0x21,0x00,0x28,0x21,0x00,0x28,0x21,0x00,0x28,0x21,
    0x00,0x28,0x21,0x00,0x28,0x21,0x00,0x28,0x21,0x00,0x28,0x21,0x00,0x28,0x21,0x00,0x20,0x21,0x00,0x20,0x21,0x00,0x20,0x20,
    0x00,0x20,0x20,0x00,0x20,0x20,0x00,0x28,0x1F,0x00,0x28,0x1F,0x00,0x28,0x1F,0x00,0x28,0x1E,0x00,0x28,0x1E,0x00,0x28,0x1D,
    0x00,0x28,0x1D,0x00,0x20,0x1D,0x00,0x20,0x1D,0x00,0x20,0x1D,0x00,0x20,0x1C,0x00,0x20,0x1C,0x00,0x20,0x1C,0x00,0x20,0x1C,
    0x00,0x20,0x1C,0x00,0x20,0x1C,0x00,0x20,0x1C,0x00,0x20,0x1C,0x00,0x20,0x1C,0x00,0x20,0x1C,0x00,0x20,0x1C,0x00,0x20,0x1B,
    0x00,0x20,0x1B,0x00,0x20,0x1B,0x00,0x20,0x1A,0x00,0x20,0x1A,0x00,0x18,0x19,0x00,0x18,0x19,0x00,0x18,0x19,0x00,0x18,0x18,
    0x00,0x18,0x18,0x00,0x18,0x18,0x00,0x18,0x18,0x00,0x18,0x18,0x00,0x18,0x18,0x00,0x18,0x18,0x00,0x18,0x18,0x00,0x18,0x18,
    0x00,0x18,0x18,0x00,0x18,0x18,0x00,0x18,0x18,0x00,0x18,0x18,0x00,0x20,0x17,0x00,0x20,0x17,0x00,0x20,0x17,0x00,0x20,0x16,
    0x00,0x20,0x16,0x00,0x20,0x16,0x00,0x18,0x15,0x00,0x18,0x15,0x00,0x18,0x15,0x00,0x18,0x14,0x00,0x18,0x14,0x00,0x18,0x14,
    0x00,0x18,0x14,0x00,0x18,0x14,0x00,0x18,0x14,0x00,0x18,0x14,0x00,0x18,0x14,0x00,0x18,0x14,0x00,0x18,0x14,0x00,0x18,0x14,
    0x00,0x18,0x14,0x00,0x18,0x13,0x00,0x18,0x13,0x00,0x18,0x13,0x00,0x18,0x12,0x00,0x18,0x12,0x00,0x18,0x12,0x00,0x18,0x12,
    0x00,0x18,0x11,0x00,0x18,0x11,0x00,0x08,0x11,0x00,0x08,0x10,0x00,0x08,0x10,0x00,0x08,0x10,0x00,0x08,0x10,0x00,0x08,0x10,
    0x00,0x08,0x10,0x00,0x08,0x10,0x00,0x08,0x10,0x00,0x08,0x10,0x00,0x08,0x10,0x00,0x08,0x10,0x00,0x10,0x0F,0x00,0x10,0x0F,
    0x00,0x10,0x0E,0x00,0x10,0x0D,0x00,0x10,0x0C,0x00,0x10,0x0B,0x00,0x18,0x0A,0x00,0x00,0x09,0x00,0x00,0x00,0x00,0x00,0x00,
    0x00,0x00,0x00,0x00,0x00,0x00,0x00,0x00,0x00,0x00,0x00,0x00,0x00,0x00,0x00,0x00,0x00,0x00,0x00,0x00,0x00,0x00,0x00,0x00,
    0x00,0x00,0x00,0x00,0x00,0x00,0x00,0x00,0x00,0x00,0x00,0x00,0x00,0x00,0x00,0x00,0x00,0x00,0x00,0x00,0x00,0x00,0x00,0x00,
    0x00,0x00,0x00,0x00,0x00,0x00,0x00,0x00,0x00,0x00,0x00,0x01,0x00,0x00,0x02,0x00,0x00,0x03,0x00,0x00,0x06,0x00,0x00,0x09,
    0x00,0x10,0x0C,0x00,0x18,0x11,0x00,0x20,0x17,0x00,0x20,0x1C,0x20,0x30,0x23,0x20,0x40,0x2B,0x20,0x48,0x30,0x20,0x48,0x35,
    0x20,0x50,0x38,0x21,0x50,0x3B,0x41,0x50,0x3D,0x41,0x58,0x3E,0x41,0x58,0x3F,0x20,0x58,0x40,0x20,0x58,0x40,0x20,0x58,0x40,
    0x20,0x58,0x40,0x20,0x58,0x40,0x20,0x58,0x40,0x20,0x58,0x40,0x20,0x58,0x40,0x41,0x58,0x3F,0x41,0x58,0x3F,0x41,0x58,0x3E,
    0x41,0x58,0x3E,0x41,0x58,0x3E,0x41,0x50,0x3D,0x41,0x58,0x3C,0x41,0x58,0x3C,0x41,0x50,0x3C,0x41,0x50,0x3B,0x41,0x50,0x3B,
    0x21,0x50,0x3B,0x21,0x50,0x3B,0x21,0x50,0x3B,0x21,0x50,0x3A,0x21,0x50,0x3A,0x21,0x50,0x3A,0x21,0x50,0x3A,0x21,0x50,0x3A,
    0x21,0x50,0x3A,0x21,0x50,0x3A,0x21,0x50,0x3A,0x21,0x50,0x3A,0x20,0x50,0x39,0x20,0x50,0x39,0x40,0x50,0x38,0x20,0x48,0x37,
    0x20,0x48,0x36,0x20,0x48,0x35,0x20,0x48,0x35,0x20,0x48,0x34,0x20,0x48,0x34,0x20,0x40,0x33,0x20,0x40,0x33,0x20,0x40,0x33,
    0x20,0x40,0x33,0x20,0x40,0x33,0x20,0x40,0x33,0x20,0x40,0x33,0x20,0x40,0x33,0x20,0x40,0x33,0x20,0x40,0x33,0x20,0x40,0x33,
    0x20,0x40,0x32,0x20,0x40,0x32,0x20,0x40,0x32,0x20,0x40,0x31,0x20,0x40,0x31,0x20,0x38,0x30,0x20,0x40,0x2F,0x20,0x38,0x2E,
    0x20,0x38,0x2E,0x20,0x38,0x2D,0x20,0x38,0x2D,0x20,0x38,0x2D,0x20,0x38,0x2D,0x20,0x38,0x2D,0x20,0x38,0x2D,0x20,0x38,0x2D,
    0x20,0x38,0x2D,0x20,0x38,0x2D,0x20,0x38,0x2D,0x20,0x38,0x2C,0x20,0x38,0x2C,0x20,0x38,0x2C,0x20,0x38,0x2C,0x20,0x38,0x2B,
    0x20,0x38,0x2B,0x20,0x38,0x2B,0x20,0x30,0x2A,0x20,0x30,0x2A,0x20,0x30,0x29,0x20,0x30,0x28,0x20,0x30,0x28,0x20,0x30,0x28,
    0x20,0x30,0x27,0x20,0x30,0x27,0x20,0x30,0x27,0x20,0x30,0x27,0x20,0x30,0x27,0x20,0x30,0x27,0x20,0x30,0x27,0x20,0x30,0x27,
    0x20,0x30,0x27,0x20,0x30,0x27,0x20,0x30,0x27,0x20,0x30,0x26,0x20,0x30,0x26,0x20,0x30,0x26,0x20,0x30,0x25,0x20,0x30,0x25,
    0x20,0x30,0x24,0x20,0x30,0x24,0x20,0x28,0x23,0x20,0x28,0x23,0x20,0x28,0x22,0x20,0x28,0x22,0x20,0x28,0x22,0x20,0x28,0x22,
    0x20,0x28,0x22,0x20,0x28,0x21,0x20,0x28,0x21,0x20,0x28,0x21,0x20,0x28,0x21,0x20,0x28,0x21,0x20,0x28,0x21,0x20,0x28,0x21,
    0x00,0x28,0x21,0x00,0x28,0x21,0x00,0x20,0x20,0x00,0x20,0x20,0x00,0x28,0x1F,0x00,0x28,0x1F,0x00,0x28,0x1E,0x00,0x28,0x1E,
    0x00,0x28,0x1E,0x00,0x20,0x1D,0x00,0x20,0x1D,0x00,0x20,0x1C,0x00,0x20,0x1C,0x00,0x20,0x1C,0x00,0x20,0x1C,0x00,0x20,0x1C,
    0x00,0x20,0x1C,0x00,0x20,0x1C,0x00,0x20,0x1C,0x00,0x20,0x1C,0x00,0x20,0x1C,0x00,0x20,0x1C,0x00,0x20,0x1C,0x00,0x20,0x1B,
    0x00,0x20,0x1B,0x00,0x20,0x1A,0x00,0x20,0x1A,0x00,0x18,0x1A,0x00,0x18,0x19,0x00,0x18,0x19,0x00,0x18,0x18,0x00,0x18,0x18,
    0x00,0x20,0x17,0x00,0x20,0x17,0x00,0x20,0x17,0x00,0x20,0x17,0x00,0x20,0x17,0x00,0x20,0x17,0x00,0x20,0x17,0x00,0x20,0x17,
    0x00,0x20,0x17,0x00,0x20,0x17,0x00,0x20,0x16,0x00,0x20,0x16,0x00,0x18,0x15,0x00,0x18,0x14,0x00,0x18,0x13,0x00,0x18,0x12,
    0x00,0x08,0x11,0x00,0x10,0x0F,0x00,0x10,0x0E,0x00,0x10,0x0D,0x00,0x00,0x00,0x00,0x00,0x00,0x00,0x00,0x00,0x00,0x00,0x00,
    0x00,0x00,0x00,0x00,0x00,0x00,0x00,0x00,0x00,0x00,0x00,0x00,0x00,0x00,0x00,0x00,0x00,0x00,0x00,0x00,0x00,0x00,0x00,0x00,
    0x00,0x00,0x00,0x00,0x00,0x00,0x00,0x00,0x00,0x00,0x00,0x00,0x00,0x00,0x00,0x00,0x00,0x00,0x00,0x00,0x00,0x00,0x00,0x00,
    0x00,0x00,0x00,0x00,0x00,0x01,0x00,0x00,0x02,0x00,0x00,0x04,0x00,0x00,0x07,0x00,0x10,0x0B,0x00,0x08,0x10,0x00,0x18,0x15,
    0x00,0x20,0x1C,0x20,0x38,0x26,0x00,0x18,0x26,0x00,0x00,0x24,0x00,0x10,0x2D,0x00,0x20,0x32,0x00,0x30,0x38,0x00,0x30,0x3C,
    0x00,0x38,0x3F,0x00,0x40,0x40,0x00,0x40,0x42,0x00,0x40,0x43,0x00,0x48,0x43,0x00,0x48,0x43,0x00,0x48,0x43,0x00,0x48,0x43,
    0x00,0x48,0x43,0x00,0x40,0x43,0x00,0x40,0x43,0x00,0x40,0x42,0x00,0x40,0x42,0x00,0x40,0x41,0x00,0x40,0x40,0x00,0x38,0x40,
    0x00,0x40,0x3F,0x00,0x38,0x3E,0x00,0x38,0x3E,0x00,0x38,0x3D,0x00,0x38,0x3D,0x00,0x38,0x3D,0x00,0x38,0x3C,0x00,0x30,0x3C,
    0x00,0x30,0x3C,0x00,0x30,0x3C,0x00,0x30,0x3C,0x00,0x30,0x3C,0x00,0x30,0x3C,0x00,0x30,0x3C,0x00,0x30,0x3C,0x00,0x30,0x3C,
    0x00,0x38,0x3B,0x00,0x38,0x3B,0x00,0x30,0x3A,0x00,0x30,0x3A,0x00,0x30,0x39,0x20,0x38,0x3B,0x20,0x50,0x41,0x20,0x48,0x3F,
    0x20,0x50,0x3F,0x20,0x48,0x3F,0x20,0x48,0x3E,0x20,0x48,0x3E,0x20,0x48,0x3E,0x20,0x48,0x3D,0x20,0x48,0x3D,0x20,0x48,0x3D,
    0x20,0x48,0x3D,0x20,0x48,0x3D,0x20,0x48,0x3D,0x20,0x48,0x3D,0x20,0x48,0x3D,0x20,0x48,0x3D,0x20,0x48,0x3C,0x20,0x48,0x3C,
    0x20,0x48,0x3B,0x20,0x48,0x3B,0x20,0x40,0x3A,0x20,0x50,0x3D,0x41,0x58,0x3F,0x41,0x58,0x3E,0x41,0x50,0x3D,0x41,0x50,0x3D,
    0x21,0x58,0x3C,0x21,0x58,0x3C,0x21,0x58,0x3C,0x21,0x58,0x3C,0x21,0x58,0x3C,0x21,0x58,0x3C,0x21,0x58,0x3C,0x21,0x58,0x3C,
    0x21,0x50,0x3C,0x21,0x50,0x3C,0x21,0x50,0x3C,0x21,0x50,0x3B,0x21,0x50,0x3B,0x20,0x50,0x3A,0x20,0x50,0x3A,0x20,0x50,0x3A,
    0x20,0x50,0x39,0x20,0x50,0x39,0x20,0x50,0x38,0x20,0x48,0x37,0x20,0x48,0x37,0x20,0x50,0x36,0x20,0x50,0x36,0x20,0x50,0x36,
    0x20,0x50,0x36,0x20,0x50,0x36,0x20,0x50,0x35,0x20,0x50,0x35,0x20,0x50,0x35,0x20,0x48,0x35,0x20,0x48,0x35,0x20,0x48,0x35,
    0x20,0x48,0x35,0x20,0x48,0x35,0x20,0x48,0x34,0x20,0x48,0x34,0x20,0x48,0x33,0x20,0x48,0x33,0x20,0x48,0x31,0x20,0x40,0x2F,
    0x20,0x40,0x2F,0x20,0x40,0x2E,0x20,0x40,0x2E,0x20,0x38,0x2D,0x20,0x38,0x2D,0x20,0x38,0x2D,0x20,0x38,0x2D,0x20,0x38,0x2D,
    0x20,0x38,0x2D,0x20,0x38,0x2D,0x20,0x38,0x2D,0x20,0x38,0x2D,0x20,0x38,0x2D,0x20,0x38,0x2C,0x20,0x38,0x2C,0x20,0x38,0x2C,
    0x20,0x40,0x2B,0x20,0x38,0x2B,0x20,0x38,0x2A,0x20,0x38,0x2A,0x20,0x30,0x28,0x20,0x30,0x27,0x20,0x30,0x27,0x20,0x30,0x26,
    0x20,0x30,0x26,0x20,0x28,0x26,0x20,0x30,0x25,0x20,0x30,0x25,0x20,0x30,0x25,0x20,0x30,0x25,0x20,0x30,0x25,0x20,0x30,0x25,
    0x20,0x30,0x25,0x20,0x30,0x25,0x20,0x30,0x25,0x20,0x30,0x25,0x20,0x30,0x24,0x20,0x30,0x24,0x20,0x30,0x24,0x20,0x28,0x23,
    0x20,0x28,0x22,0x00,0x28,0x22,0x00,0x28,0x21,0x00,0x28,0x21,0x00,0x20,0x20,0x00,0x28,0x1F,0x00,0x28,0x1F,0x00,0x28,0x1F,
    0x00,0x28,0x1F,0x00,0x28,0x1F,0x00,0x28,0x1F,0x00,0x28,0x1E,0x00,0x28,0x1E,0x00,0x28,0x1E,0x00,0x28,0x1E,0x00,0x28,0x1E,
    0x00,0x28,0x1E,0x00,0x20,0x1D,0x00,0x20,0x1C,0x00,0x20,0x1B,0x00,0x18,0x1A,0x00,0x18,0x18,0x00,0x20,0x16,0x00,0x18,0x15,
    0x00,0x18,0x13,0x00,0x18,0x12,0x00,0x00,0x00,0x00,0x00,0x00,0x00,0x00,0x00,0x00,0x00,0x00,0x00,0x00,0x00,0x00,0x00,0x00,
    0x00,0x00,0x00,0x00,0x00,0x00,0x00,0x00,0x00,0x00,0x00,0x00,0x00,0x00,0x00,0x00,0x00,0x00,0x00,0x00,0x00,0x00,0x00,0x00,
    0x00,0x00,0x00,0x00,0x00,0x00,0x00,0x00,0x00,0x00,0x00,0x00,0x00,0x00,0x00,0x00,0x00,0x00,0x00,0x00,0x01,0x00,0x00,0x01,
    0x00,0x00,0x03,0x00,0x00,0x05,0x00,0x00,0x08,0x00,0x10,0x0D,0x00,0x18,0x13,0x00,0x20,0x1A,0x00,0x10,0x1D,0x61,0x70,0x3A,
    0xC3,0xE0,0xC1,0xC3,0xE0,0xBA,0xE3,0xD8,0xBF,0xC3,0xD8,0xC2,0xC3,0xD8,0xC4,0xC3,0xD8,0xC5,0xC3,0xD8,0xC6,0xC3,0xD8,0xC7,
    0xC3,0xD8,0xC7,0xC3,0xD8,0xC7,0xC3,0xD8,0xC8,0xC3,0xD8,0xC8,0xC3,0xD8,0xC7,0xC3,0xD8,0xC7,0xC3,0xD8,0xC7,0xC3,0xD8,0xC7,
    0xC3,0xD8,0xC7,0xC3,0xD8,0xC7,0xC3,0xD8,0xC7,0xC3,0xD8,0xC7,0xC3,0xD8,0xC7,0xC3,0xD8,0xC3,0xA2,0xC0,0x92,0xA2,0xB8,0x8D,
    0xA2,0xB8,0x8E,0xA2,0xB8,0x8E,0xA2,0xB8,0x8D,0xA2,0xB8,0x8D,0xA2,0xB8,0x8D,0xA2,0xB8,0x8D,0xA2,0xB8,0x8D,0xA2,0xB8,0x8D,
    0xA2,0xB8,0x8D,0xA2,0xB8,0x8D,0xA2,0xB8,0x8D,0xA2,0xB8,0x8C,0xA2,0xB8,0x8C,0xA2,0xB8,0x8C,0xA2,0xB8,0x8C,0xA2,0xB8,0x8C,
    0xA2,0xB8,0x8B,0xA2,0xB8,0x8A,0xA2,0xC0,0x8A,0x82,0xA8,0x7A,0x41,0x78,0x59,0x41,0x80,0x5C,0x41,0x80,0x5B,0x41,0x80,0x5A,
    0x41,0x80,0x5A,0x41,0x80,0x59,0x41,0x80,0x59,0x41,0x80,0x59,0x41,0x80,0x59,0x41,0x80,0x59,0x41,0x80,0x59,0x41,0x80,0x59,
    0x41,0x80,0x59,0x41,0x78,0x58,0x41,0x78,0x58,0x41,0x78,0x58,0x41,0x78,0x58,0x41,0x78,0x57,0x41,0x78,0x57,0x41,0x78,0x56,
    0x61,0x80,0x55,0x20,0x50,0x46,0x00,0x30,0x3D,0x00,0x38,0x3D,0x00,0x38,0x3D,0x00,0x38,0x3C,0x00,0x30,0x3C,0x00,0x38,0x3B,
    0x00,0x38,0x3B,0x00,0x38,0x3B,0x00,0x38,0x3B,0x00,0x38,0x3B,0x00,0x38,0x3B,0x00,0x38,0x3B,0x00,0x38,0x3B,0x00,0x30,0x3A,
    0x00,0x30,0x3A,0x00,0x30,0x3A,0x00,0x30,0x3A,0x00,0x30,0x39,0x00,0x30,0x38,0x00,0x28,0x38,0x00,0x28,0x37,0x00,0x28,0x36,
    0x00,0x28,0x35,0x00,0x20,0x34,0x00,0x20,0x34,0x00,0x20,0x33,0x00,0x20,0x33,0x00,0x20,0x33,0x00,0x20,0x32,0x00,0x20,0x32,
    0x00,0x18,0x32,0x00,0x18,0x32,0x00,0x18,0x32,0x00,0x18,0x32,0x00,0x18,0x32,0x00,0x18,0x32,0x00,0x18,0x32,0x00,0x18,0x31,
    0x00,0x18,0x31,0x00,0x18,0x30,0x00,0x18,0x30,0x00,0x10,0x2F,0x00,0x30,0x34,0x20,0x40,0x37,0x20,0x38,0x36,0x20,0x38,0x35,
    0x20,0x38,0x35,0x00,0x38,0x34,0x00,0x38,0x34,0x00,0x38,0x34,0x00,0x38,0x33,0x00,0x38,0x33,0x00,0x38,0x33,0x00,0x38,0x33,
    0x00,0x38,0x33,0x00,0x38,0x33,0x00,0x38,0x33,0x00,0x30,0x33,0x00,0x30,0x33,0x00,0x38,0x32,0x00,0x38,0x32,0x00,0x30,0x31,
    0x00,0x30,0x30,0x20,0x30,0x30,0x20,0x48,0x34,0x20,0x48,0x34,0x20,0x48,0x33,0x20,0x48,0x33,0x20,0x48,0x32,0x20,0x48,0x32,
    0x20,0x48,0x32,0x20,0x48,0x31,0x20,0x48,0x31,0x20,0x48,0x31,0x20,0x48,0x31,0x20,0x48,0x31,0x20,0x48,0x31,0x20,0x48,0x31,
    0x20,0x48,0x31,0x20,0x48,0x31,0x20,0x48,0x30,0x20,0x48,0x30,0x20,0x48,0x2F,0x20,0x40,0x2F,0x20,0x48,0x2E,0x20,0x48,0x2D,
    0x20,0x40,0x2C,0x20,0x40,0x2C,0x20,0x40,0x2B,0x20,0x40,0x2A,0x20,0x40,0x2A,0x20,0x40,0x2A,0x20,0x40,0x29,0x20,0x40,0x29,
    0x20,0x40,0x29,0x20,0x40,0x29,0x20,0x40,0x29,0x20,0x40,0x29,0x20,0x40,0x29,0x20,0x38,0x29,0x20,0x38,0x28,0x20,0x40,0x27,
    0x20,0x40,0x26,0x20,0x38,0x25,0x20,0x40,0x23,0x00,0x38,0x21,0x00,0x40,0x1F,0x00,0x28,0x1C,0x00,0x18,0x18,0x00,0x20,0x16,
    0x00,0x00,0x00,0x00,0x00,0x00,0x00,0x00,0x00,0x00,0x00,0x00,0x00,0x00,0x00,0x00,0x00,0x00,0x00,0x00,0x00,0x00,0x00,0x00,
    0x00,0x00,0x00,0x00,0x00,0x00,0x00,0x00,0x00,0x00,0x00,0x00,0x00,0x00,0x00,0x00,0x00,0x00,0x00,0x00,0x00,0x00,0x00,0x00,
    0x00,0x00,0x00,0x00,0x00,0x00,0x00,0x00,0x00,0x00,0x00,0x00,0x00,0x00,0x01,0x00,0x00,0x02,0x00,0x00,0x03,0x00,0x00,0x06,
    0x00,0x00,0x09,0x00,0x10,0x0F,0x00,0x18,0x15,0x00,0x28,0x1E,0x00,0x18,0x23,0x61,0x68,0x3C,0xE3,0xE8,0xFD,0x03,0xF9,0xFF,
    0x03,0xF9,0xFF,0x03,0xF9,0xFF,0x03,0xF9,0xFF,0x03,0xF9,0xFF,0x03,0xF9,0xFF,0x03,0xF9,0xFF,0x03,0xF9,0xFF,0x03,0xF9,0xFF,
    0x03,0xF9,0xFF,0x03,0xF9,0xFF,0x03,0xF9,0xFF,0x03,0xF9,0xFF,0x03,0xF9,0xFF,0x03,0xF9,0xFF,0x03,0xF9,0xFF,0x03,0xF9,0xFF,
    0x03,0xF9,0xFF,0x03,0xF9,0xFF,0x03,0xF9,0xFF,0x03,0xF9,0xFF,0x03,0xF9,0xFF,0x03,0xF9,0xFF,0x03,0xF9,0xFF,0x03,0xF9,0xFF,
    0x03,0xF9,0xFF,0x03,0xF9,0xFF,0x03,0xF9,0xFF,0x03,0xF9,0xFF,0x03,0xF9,0xFF,0x03,0xF9,0xFF,0x03,0xF9,0xFF,0x03,0xF9,0xFF,
    0x03,0xF9,0xFF,0x03,0xF9,0xFF,0x03,0xF9,0xFF,0x03,0xF9,0xFF,0x03,0xF9,0xFF,0x03,0xF9,0xFF,0x03,0xF9,0xFF,0x03,0xF9,0xFF,
    0x03,0xF9,0xFF,0x03,0xF1,0xFF,0xE3,0xE8,0xF4,0xE3,0xE8,0xF5,0xE3,0xE8,0xF5,0xE3,0xE8,0xF5,0xE3,0xE8,0xF5,0xE3,0xE8,0xF5,
    0xE3,0xE8,0xF5,0xE3,0xE8,0xF5,0xE3,0xE8,0xF5,0xE3,0xE8,0xF5,0xE3,0xE8,0xF5,0xE3,0xE8,0xF5,0xE3,0xE8,0xF5,0xE3,0xE8,0xF5,
    0xE3,0xE8,0xF5,0xE3,0xE8,0xF5,0xE3,0xE8,0xF5,0xE3,0xE8,0xF5,0xE3,0xE8,0xF5,0xE3,0xE8,0xF4,0xE3,0xF0,0xF4,0xE3,0xE0,0xD5,
    0xE3,0xD8,0xC2,0xE3,0xD8,0xC6,0xE3,0xD8,0xC5,0xE3,0xD8,0xC5,0xE3,0xD8,0xC4,0xE3,0xD8,0xC4,0xE3,0xD8,0xC4,0xE3,0xD8,0xC4,
    0xE3,0xD8,0xC4,0xE3,0xD8,0xC4,0xE3,0xD8,0xC4,0xE3,0xD8,0xC4,0xE3,0xD8,0xC4,0xE3,0xD8,0xC4,0xE3,0xD8,0xC4,0xE3,0xD8,0xC4,
    0xE3,0xD8,0xC4,0xE3,0xD8,0xC4,0xE3,0xD8,0xC2,0xE3,0xE0,0xC3,0xC3,0xD0,0xAF,0xA2,0xB8,0x83,0xC2,0xB8,0x87,0xC2,0xB8,0x86,
    0xC2,0xB8,0x85,0xC2,0xB8,0x85,0xC2,0xB8,0x85,0xC2,0xB8,0x85,0xC2,0xB8,0x84,0xC2,0xB8,0x84,0xC2,0xB8,0x84,0xC2,0xB8,0x84,
    0xC2,0xB8,0x84,0xC2,0xB8,0x84,0xC2,0xB8,0x84,0xC2,0xB8,0x84,0xC2,0xB8,0x84,0xC2,0xB8,0x83,0xC2,0xB8,0x83,0xC2,0xB8,0x83,
    0xC2,0xB8,0x81,0xC2,0xC0,0x82,0xA2,0x90,0x60,0x81,0x70,0x4B,0x82,0x78,0x4E,0x82,0x70,0x4D,0x82,0x70,0x4D,0x82,0x78,0x4C,
    0x82,0x70,0x4C,0x82,0x70,0x4C,0x81,0x70,0x4B,0x81,0x70,0x4B,0x81,0x70,0x4B,0x81,0x70,0x4B,0x81,0x70,0x4B,0x81,0x70,0x4B,
    0x81,0x70,0x4B,0x81,0x70,0x4B,0x81,0x70,0x4B,0x81,0x70,0x4A,0x81,0x70,0x49,0x81,0x70,0x49,0x81,0x70,0x48,0x61,0x68,0x46,
    0x20,0x18,0x30,0x20,0x10,0x2D,0x20,0x10,0x2C,0x20,0x08,0x2B,0x20,0x08,0x2B,0x20,0x08,0x2A,0x20,0x08,0x2A,0x20,0x08,0x2A,
    0x20,0x00,0x29,0x20,0x00,0x29,0x20,0x00,0x29,0x20,0x00,0x29,0x20,0x00,0x29,0x20,0x00,0x29,0x20,0x00,0x29,0x20,0x00,0x29,
    0x20,0x00,0x29,0x20,0x00,0x28,0x20,0x00,0x27,0x20,0x00,0x26,0x20,0x00,0x25,0x20,0x00,0x25,0x20,0x00,0x24,0x20,0x00,0x23,
    0x20,0x00,0x22,0x20,0x00,0x21,0x20,0x00,0x21,0x20,0x00,0x20,0x20,0x00,0x20,0x20,0x00,0x20,0x20,0x00,0x20,0x41,0x00,0x1F,
    0x41,0x00,0x1F,0x41,0x00,0x1F,0x41,0x00,0x1F,0x41,0x00,0x1F,0x41,0x00,0x1F,0x40,0x00,0x1D,0x00,0x00,0x1C,0x00,0x00,0x1A,
    0x00,0x00,0x18,0x00,0x00,0x16,0x00,0x00,0x13,0x00,0x00,0x18,0x00,0x40,0x1F,0x00,0x30,0x1D,0x00,0x00,0x00,0x00,0x00,0x00,
    0x00,0x00,0x00,0x00,0x00,0x00,0x00,0x00,0x00,0x00,0x00,0x00,0x00,0x00,0x00,0x00,0x00,0x00,0x00,0x00,0x00,0x00,0x00,0x00,
    0x00,0x00,0x00,0x00,0x00,0x00,0x00,0x00,0x00,0x00,0x00,0x00,0x00,0x00,0x00,0x00,0x00,0x00,0x00,0x00,0x00,0x00,0x00,0x00,
    0x00,0x00,0x00,0x00,0x00,0x00,0x00,0x00,0x01,0x00,0x00,0x02,0x00,0x00,0x04,0x00,0x00,0x06,0x00,0x18,0x0A,0x00,0x08,0x10,
    0x00,0x20,0x17,0x20,0x28,0x21,0x20,0x20,0x26,0x41,0x70,0x41,0xE3,0xE8,0xF1,0xE3,0xF0,0xFC,0xA2,0xE8,0xFB,0xA2,0xE8,0xFC,
    0xA2,0xE8,0xFC,0xA2,0xE8,0xFC,0xA2,0xE8,0xFC,0xA2,0xE8,0xFC,0xA2,0xE8,0xFD,0xA2,0xE8,0xFD,0xA2,0xE8,0xFD,0xA2,0xE8,0xFD,
    0xA2,0xE8,0xFD,0xA2,0xE8,0xFD,0xA2,0xE8,0xFD,0xA2,0xE8,0xFD,0xA2,0xE8,0xFD,0xA2,0xE8,0xFD,0xA2,0xE8,0xFD,0xA2,0xE8,0xFD,
    0xA2,0xE8,0xFC,0xA2,0xE8,0xFC,0xA2,0xE8,0xFC,0xA2,0xE8,0xFC,0xA2,0xE8,0xFC,0xA2,0xE8,0xFC,0xA2,0xE8,0xFC,0xA2,0xE8,0xFC,
    0xA2,0xE8,0xFC,0xA2,0xE8,0xFC,0xA2,0xE8,0xFC,0xA2,0xE8,0xFC,0xA2,0xE8,0xFC,0xA2,0xE8,0xFC,0xA2,0xE8,0xFC,0xA2,0xE8,0xFC,
    0xA2,0xE8,0xFC,0xA2,0xE8,0xFC,0xA2,0xE8,0xFC,0xA2,0xE8,0xFC,0xA2,0xE8,0xFC,0xA2,0xE8,0xFC,0xA2,0xE8,0xFC,0xA2,0xE8,0xFE,
    0xA2,0xF0,0xFF,0xA2,0xF0,0xFF,0xA2,0xF0,0xFF,0xA2,0xF0,0xFF,0xA2,0xF0,0xFF,0xA2,0xF0,0xFF,0xA2,0xF0,0xFF,0xA2,0xF0,0xFF,
    0xA2,0xF0,0xFF,0xA2,0xF0,0xFF,0xA2,0xF0,0xFF,0xA2,0xF0,0xFF,0xA2,0xF0,0xFF,0xA2,0xF0,0xFF,0xA2,0xF0,0xFF,0xA2,0xF0,0xFF,
    0xA2,0xF0,0xFF,0xA2,0xF0,0xFF,0xA2,0xF0,0xFF,0xA2,0xF0,0xFF,0xA2,0xF0,0xFF,0xA2,0xF8,0xFF,0xA2,0xF8,0xFF,0xA2,0xF8,0xFF,
    0xA2,0xF8,0xFF,0xA2,0xF8,0xFF,0xA2,0xF8,0xFF,0xA2,0xF8,0xFF,0xA2,0xF8,0xFF,0xA2,0xF8,0xFF,0xA2,0xF8,0xFF,0xA2,0xF8,0xFF,
    0xA2,0xF8,0xFF,0xA2,0xF8,0xFF,0xA2,0xF8,0xFF,0xA2,0xF8,0xFF,0xA2,0xF8,0xFF,0xA2,0xF8,0xFF,0xA2,0xF8,0xFF,0xA2,0xF8,0xFF,
    0xA2,0xF8,0xFF,0xA2,0xF8,0xFF,0xA2,0xF8,0xFF,0xA2,0xF8,0xFF,0xA2,0xF8,0xFF,0xA2,0xF8,0xFF,0xA2,0xF8,0xFF,0xA2,0xF8,0xFF,
    0xA2,0xF8,0xFF,0xA2,0xF8,0xFF,0xA2,0xF8,0xFF,0xA2,0xF8,0xFF,0xA2,0xF8,0xFF,0xA2,0xF8,0xFF,0xA2,0xF8,0xFF,0xA2,0xF8,0xFF,
    0xA2,0xF8,0xFF,0xA2,0xF8,0xFF,0xA2,0xF8,0xFF,0xA2,0xF8,0xFF,0xA2,0xF8,0xFF,0xA2,0xF8,0xFF,0xA2,0xF8,0xFF,0xA2,0xF8,0xFF,
    0xA2,0xE8,0xFC,0xA2,0xE8,0xF2,0x82,0xE8,0xF4,0x82,0xE8,0xF4,0x82,0xE8,0xF4,0xA2,0xE8,0xF4,0xA2,0xE8,0xF4,0xA2,0xE8,0xF4,
    0xA2,0xE8,0xF4,0xA2,0xE8,0xF4,0xA2,0xE8,0xF4,0xA2,0xE8,0xF4,0xA2,0xE8,0xF4,0xA2,0xE8,0xF4,0xA2,0xE8,0xF4,0xA2,0xE8,0xF3,
    0xA2,0xE8,0xF3,0xA2,0xE8,0xF4,0xA2,0xE8,0xF3,0xA2,0xE8,0xF3,0xA2,0xE8,0xF3,0xA2,0xE8,0xF0,0x61,0xD8,0xC2,0x81,0xD8,0xBE,
    0x81,0xD8,0xBF,0x81,0xD8,0xBE,0x81,0xD8,0xBE,0x81,0xD8,0xBE,0x81,0xD8,0xBE,0x81,0xD8,0xBE,0x81,0xD8,0xBE,0x81,0xD8,0xBE,
    0x81,0xD8,0xBE,0x81,0xD8,0xBE,0x81,0xD8,0xBE,0x81,0xD8,0xBE,0x81,0xD8,0xBE,0x81,0xD8,0xBE,0x81,0xD8,0xBE,0x81,0xD8,0xBD,
    0x81,0xD8,0xBD,0x81,0xD8,0xBC,0x82,0xE0,0xBC,0x61,0xD0,0xA6,0x20,0xB8,0x74,0x20,0xB8,0x79,0x20,0xB8,0x77,0x20,0xB8,0x77,
    0x20,0xB8,0x76,0x20,0xB8,0x76,0x20,0xB8,0x76,0x20,0xB8,0x76,0x20,0xB8,0x76,0x20,0xB8,0x75,0x20,0xB8,0x75,0x20,0xB8,0x75,
    0x20,0xB8,0x75,0x20,0xB8,0x75,0x20,0xB8,0x75,0x00,0xB8,0x74,0x81,0xC0,0x73,0xC2,0xC0,0x72,0xA2,0xC0,0x71,0xC2,0xC0,0x6E,
    0xC2,0xD0,0x6D,0x81,0x98,0x42,0x00,0x00,0x0D,0x00,0x00,0x0E,0x00,0x00,0x00,0x00,0x00,0x00,0x00,0x00,0x00,0x00,0x00,0x00,
    0x00,0x00,0x00,0x00,0x00,0x00,0x00,0x00,0x00,0x00,0x00,0x00,0x00,0x00,0x00,0x00,0x00,0x00,0x00,0x00,0x00,0x00,0x00,0x00,
    0x00,0x00,0x00,0x00,0x00,0x00,0x00,0x00,0x00,0x00,0x00,0x00,0x00,0x00,0x00,0x00,0x00,0x00,0x00,0x00,0x00,0x00,0x00,0x00,
    0x00,0x00,0x01,0x00,0x00,0x02,0x00,0x00,0x04,0x00,0x00,0x07,0x00,0x10,0x0B,0x00,0x18,0x11,0x00,0x18,0x19,0x20,0x30,0x22,
    0x20,0x20,0x29,0x41,0x70,0x43,0xE3,0xE8,0xF3,0x03,0xF1,0xFF,0x28,0xF2,0xFE,0x48,0xF2,0xFF,0x48,0xF2,0xFF,0x48,0xF2,0xFF,
    0x48,0xF2,0xFF,0x48,0xF2,0xFF,0x48,0xF2,0xFF,0x48,0xF2,0xFF,0x48,0xF2,0xFF,0x48,0xF2,0xFF,0x48,0xF2,0xFF,0x48,0xF2,0xFF,
    0x48,0xF2,0xFF,0x48,0xF2,0xFF,0x48,0xF2,0xFF,0x48,0xF2,0xFF,0x48,0xF2,0xFF,0x48,0xF2,0xFF,0x48,0xF2,0xFF,0x48,0xF2,0xFF,
    0x48,0xF2,0xFF,0x48,0xF2,0xFF,0x48,0xF2,0xFF,0x48,0xF2,0xFF,0x48,0xF2,0xFF,0x48,0xF2,0xFF,0x48,0xF2,0xFF,0x48,0xF2,0xFF,
    0x48,0xF2,0xFF,0x48,0xF2,0xFF,0x48,0xF2,0xFF,0x48,0xF2,0xFF,0x48,0xF2,0xFF,0x48,0xF2,0xFF,0x48,0xF2,0xFF,0x48,0xF2,0xFF,
    0x48,0xF2,0xFF,0x48,0xF2,0xFF,0x48,0xF2,0xFF,0x48,0xF2,0xFF,0x48,0xF2,0xFF,0x48,0xF2,0xFF,0x48,0xF2,0xFE,0x48,0xF2,0xFE,
    0x48,0xF2,0xFE,0x48,0xF2,0xFE,0x48,0xF2,0xFE,0x48,0xF2,0xFE,0x48,0xF2,0xFE,0x48,0xF2,0xFE,0x48,0xF2,0xFE,0x48,0xF2,0xFE,
    0x48,0xF2,0xFE,0x48,0xF2,0xFE,0x48,0xF2,0xFE,0x48,0xF2,0xFE,0x48,0xF2,0xFE,0x48,0xF2,0xFE,0x48,0xF2,0xFE,0x48,0xF2,0xFE,
    0x48,0xF2,0xFE,0x48,0xF2,0xFE,0x48,0xF2,0xFE,0x48,0xF2,0xFD,0x48,0xF2,0xFC,0x48,0xF2,0xFC,0x48,0xF2,0xFC,0x48,0xF2,0xFC,
    0x48,0xF2,0xFC,0x48,0xF2,0xFC,0x48,0xF2,0xFC,0x48,0xF2,0xFC,0x48,0xF2,0xFC,0x48,0xF2,0xFC,0x48,0xF2,0xFC,0x48,0xF2,0xFC,
    0x48,0xF2,0xFC,0x48,0xF2,0xFC,0x48,0xF2,0xFC,0x48,0xF2,0xFC,0x48,0xF2,0xFC,0x48,0xF2,0xFC,0x48,0xF2,0xFC,0x48,0xF2,0xFC,
    0x48,0xF2,0xFC,0x48,0xF2,0xFC,0x48,0xF2,0xFC,0x48,0xF2,0xFC,0x48,0xF2,0xFC,0x48,0xF2,0xFC,0x48,0xF2,0xFC,0x48,0xF2,0xFC,
    0x48,0xF2,0xFC,0x48,0xF2,0xFC,0x48,0xF2,0xFC,0x48,0xF2,0xFC,0x48,0xF2,0xFC,0x48,0xF2,0xFC,0x48,0xF2,0xFC,0x48,0xF2,0xFC,
    0x48,0xF2,0xFC,0x48,0xF2,0xFC,0x48,0xF2,0xFC,0x48,0xF2,0xFC,0x48,0xF2,0xFC,0x48,0xF2,0xFC,0x48,0xF2,0xFF,0x48,0xFA,0xFF,
    0x48,0xFA,0xFF,0x48,0xFA,0xFF,0x48,0xFA,0xFF,0x48,0xFA,0xFF,0x48,0xFA,0xFF,0x48,0xFA,0xFF,0x48,0xFA,0xFF,0x48,0xFA,0xFF,
    0x48,0xFA,0xFF,0x48,0xFA,0xFF,0x48,0xFA,0xFF,0x48,0xFA,0xFF,0x48,0xFA,0xFF,0x48,0xFA,0xFF,0x48,0xFA,0xFF,0x48,0xFA,0xFF,
    0x48,0xFA,0xFF,0x48,0xFA,0xFF,0x48,0xFA,0xFF,0x48,0xFA,0xFF,0x48,0xFA,0xFF,0x68,0xFA,0xFF,0x68,0xFA,0xFF,0x68,0xFA,0xFF,
    0x68,0xFA,0xFF,0x68,0xFA,0xFF,0x68,0xFA,0xFF,0x68,0xFA,0xFF,0x68,0xFA,0xFF,0x68,0xFA,0xFF,0x68,0xFA,0xFF,0x68,0xFA,0xFF,
    0x68,0xFA,0xFF,0x68,0xFA,0xFF,0x68,0xFA,0xFF,0x68,0xFA,0xFF,0x68,0xFA,0xFF,0x68,0xFA,0xFF,0x68,0xFA,0xFF,0x68,0xFA,0xFF,
    0x68,0xFA,0xFF,0x48,0xFA,0xFF,0x48,0xFA,0xFF,0x48,0xFA,0xFF,0x48,0xFA,0xFF,0x48,0xFA,0xFF,0x48,0xFA,0xFF,0x48,0xFA,0xFF,
    0x48,0xFA,0xFF,0x48,0xFA,0xFF,0x48,0xFA,0xFF,0x48,0xFA,0xFF,0x48,0xFA,0xFF,0x48,0xFA,0xFF,0x48,0xFA,0xFF,0x48,0xFA,0xFF,
    0x48,0xFA,0xFF,0x69,0xFA,0xFF,0x65,0xF9,0xFF,0xE3,0xF8,0xFF,0x03,0xF9,0xFF,0xE3,0xF8,0xFF,0x03,0xF9,0xFF,0xE3,0xF0,0xF4,
    0xC3,0xE0,0xA4,0xC2,0xC8,0x61,0x00,0x00,0x00,0x00,0x00,0x00,0x00,0x00,0x00,0x00,0x00,0x00,0x00,0x00,0x00,0x00,0x00,0x00,
    0x00,0x00,0x00,0x00,0x00,0x00,0x00,0x00,0x00,0x00,0x00,0x00,0x00,0x00,0x00,0x00,0x00,0x00,0x00,0x00,0x00,0x00,0x00,0x00,
    0x00,0x00,0x00,0x00,0x00,0x00,0x00,0x00,0x00,0x00,0x00,0x00,0x00,0x00,0x00,0x00,0x00,0x00,0x00,0x00,0x01,0x00,0x00,0x02,
    0x00,0x00,0x04,0x00,0x00,0x07,0x00,0x10,0x0B,0x00,0x18,0x11,0x00,0x18,0x19,0x20,0x30,0x23,0x20,0x28,0x29,0x41,0x70,0x44,
    0xE3,0xE8,0xF3,0x04,0xF1,0xFF,0x4C,0xFB,0xFE,0x8D,0xFB,0xFF,0x6C,0xFB,0xFF,0x6C,0xFB,0xFF,0x6C,0xFB,0xFF,0x6C,0xFB,0xFF,
    0x6C,0xFB,0xFF,0x6C,0xFB,0xFF,0x6C,0xFB,0xFF,0x6C,0xFB,0xFF,0x6C,0xFB,0xFF,0x6C,0xFB,0xFF,0x6C,0xFB,0xFF,0x6C,0xFB,0xFF,
    0x6C,0xFB,0xFF,0x6C,0xFB,0xFF,0x6C,0xFB,0xFF,0x6C,0xFB,0xFF,0x6C,0xFB,0xFF,0x6C,0xFB,0xFF,0x6C,0xFB,0xFF,0x6C,0xFB,0xFF,
    0x6C,0xFB,0xFF,0x6C,0xFB,0xFF,0x6C,0xFB,0xFF,0x6C,0xFB,0xFF,0x6C,0xFB,0xFF,0x6C,0xFB,0xFF,0x6C,0xFB,0xFF,0x6C,0xFB,0xFF,
    0x6C,0xFB,0xFF,0x6C,0xFB,0xFF,0x6C,0xFB,0xFF,0x6C,0xFB,0xFF,0x6C,0xFB,0xFF,0x6C,0xFB,0xFF,0x6C,0xFB,0xFF,0x6C,0xFB,0xFF,
    0x6C,0xFB,0xFF,0x6C,0xFB,0xFF,0x6C,0xFB,0xFF,0x6C,0xFB,0xFF,0x6C,0xFB,0xFF,0x6C,0xFB,0xFF,0x6C,0xFB,0xFF,0x6C,0xFB,0xFF,
    0x6C,0xFB,0xFF,0x6C,0xFB,0xFF,0x6C,0xFB,0xFF,0x6C,0xFB,0xFF,0x6C,0xFB,0xFF,0x6C,0xFB,0xFF,0x6C,0xFB,0xFF,0x6C,0xFB,0xFF,
    0x6C,0xFB,0xFF,0x6C,0xFB,0xFF,0x6C,0xFB,0xFF,0x6C,0xFB,0xFF,0x6C,0xFB,0xFF,0x6C,0xFB,0xFF,0x6C,0xFB,0xFF,0x6C,0xFB,0xFF,
    0x6C,0xFB,0xFF,0x6C,0xFB,0xFF,0x6C,0xFB,0xFE,0x6C,0xFB,0xFE,0x6C,0xFB,0xFE,0x6C,0xFB,0xFE,0x6C,0xFB,0xFE,0x6C,0xFB,0xFE,
    0x6C,0xFB,0xFE,0x6C,0xFB,0xFE,0x6C,0xFB,0xFE,0x6C,0xFB,0xFE,0x6C,0xFB,0xFE,0x6C,0xFB,0xFE,0x6C,0xFB,0xFE,0x6C,0xFB,0xFE,
    0x6C,0xFB,0xFE,0x6C,0xFB,0xFE,0x6C,0xFB,0xFE,0x6C,0xFB,0xFE,0x6C,0xFB,0xFE,0x6C,0xFB,0xFE,0x6C,0xFB,0xFE,0x6C,0xFB,0xFC,
    0x6C,0xFB,0xFC,0x6C,0xFB,0xFC,0x6C,0xFB,0xFC,0x6C,0xFB,0xFC,0x6C,0xFB,0xFC,0x6C,0xFB,0xFC,0x6C,0xFB,0xFC,0x6C,0xFB,0xFC,
    0x6C,0xFB,0xFC,0x6C,0xFB,0xFC,0x6C,0xFB,0xFC,0x6C,0xFB,0xFC,0x6C,0xFB,0xFC,0x6C,0xFB,0xFC,0x6C,0xFB,0xFC,0x6C,0xFB,0xFC,
    0x6C,0xFB,0xFC,0x6C,0xFB,0xFC,0x6C,0xFB,0xFC,0x6C,0xFB,0xFC,0x6C,0xFB,0xFC,0x6C,0xFB,0xFB,0x6C,0xFB,0xFB,0x6C,0xFB,0xFB,
    0x6C,0xFB,0xFB,0x6C,0xFB,0xFB,0x6C,0xFB,0xFB,0x6C,0xFB,0xFB,0x6C,0xFB,0xFB,0x6C,0xFB,0xFB,0x6C,0xFB,0xFB,0x6C,0xFB,0xFB,
    0x6C,0xFB,0xFB,0x6C,0xFB,0xFB,0x6C,0xFB,0xFB,0x6C,0xFB,0xFB,0x6C,0xFB,0xFB,0x6C,0xFB,0xFB,0x6C,0xFB,0xFB,0x6C,0xFB,0xFB,
    0x6C,0xFB,0xFB,0x6C,0xFB,0xFC,0x6C,0xFB,0xFF,0x6C,0xFB,0xFF,0x6C,0xFB,0xFF,0x6C,0xFB,0xFF,0x6C,0xFB,0xFF,0x6C,0xFB,0xFF,
    0x6C,0xFB,0xFF,0x6C,0xFB,0xFF,0x6C,0xFB,0xFF,0x6C,0xFB,0xFF,0x6C,0xFB,0xFF,0x6C,0xFB,0xFF,0x6C,0xFB,0xFF,0x6C,0xFB,0xFF,
    0x6C,0xFB,0xFF,0x6C,0xFB,0xFF,0x6C,0xFB,0xFF,0x6C,0xFB,0xFF,0x6C,0xFB,0xFF,0x6C,0xFB,0xFF,0x6C,0xFB,0xFF,0x6C,0xFB,0xFF,
    0x8D,0xFB,0xFF,0x8D,0xFB,0xFF,0x8D,0xFB,0xFF,0x8D,0xFB,0xFF,0x8D,0xFB,0xFF,0x8D,0xFB,0xFF,0x8D,0xFB,0xFF,0x8D,0xFB,0xFF,
    0x8D,0xFB,0xFF,0x8D,0xFB,0xFF,0x8D,0xFB,0xFF,0x8D,0xFB,0xFF,0x8D,0xFB,0xFF,0x8D,0xFB,0xFF,0x6C,0xFB,0xFF,0xAD,0xFB,0xFF,
    0xC6,0xF9,0xFF,0xC3,0xF8,0xFF,0x03,0xF9,0xFF,0xE3,0xF8,0xFF,0xE3,0xF8,0xFF,0x03,0xF9,0xFF,0xE3,0xF0,0xEC,0xE3,0xE0,0xA0,
    0x00,0x00,0x00,0x00,0x00,0x00,0x00,0x00,0x00,0x00,0x00,0x00,0x00,0x00,0x00,0x00,0x00,0x00,0x00,0x00,0x00,0x00,0x00,0x00,
    0x00,0x00,0x00,0x00,0x00,0x00,0x00,0x00,0x00,0x00,0x00,0x00,0x00,0x00,0x00,0x00,0x00,0x00,0x00,0x00,0x00,0x00,0x00,0x00,
    0x00,0x00,0x00,0x00,0x00,0x00,0x00,0x00,0x00,0x00,0x00,0x00,0x00,0x00,0x01,0x00,0x00,0x02,0x00,0x00,0x04,0x00,0x00,0x06,
    0x00,0x10,0x0B,0x00,0x08,0x10,0x00,0x18,0x18,0x20,0x30,0x21,0x20,0x20,0x27,0x41,0x70,0x42,0xE3,0xE8,0xF2,0xE3,0xF0,0xFE,
    0xA2,0xE8,0xFD,0xA2,0xE8,0xFE,0xA2,0xE8,0xFE,0xA2,0xE8,0xFE,0xA2,0xE8,0xFE,0xA2,0xE8,0xFE,0xA2,0xE8,0xFE,0xA2,0xE8,0xFE,
    0xA2,0xE8,0xFE,0xA2,0xE8,0xFE,0xA2,0xE8,0xFE,0xA2,0xE8,0xFE,0xA2,0xE8,0xFE,0xA2,0xE8,0xFE,0xA2,0xE8,0xFE,0xA2,0xE8,0xFE,
    0xA2,0xE8,0xFE,0xA2,0xE8,0xFE,0xA2,0xE8,0xFE,0xA2,0xE8,0xFE,0xA2,0xE8,0xFD,0xA2,0xE8,0xFD,0xA2,0xE8,0xFD,0xA2,0xE8,0xFD,
    0xA2,0xE8,0xFD,0xA2,0xE8,0xFD,0xA2,0xE8,0xFC,0xA2,0xE8,0xFC,0xA2,0xE8,0xFC,0xA2,0xE8,0xFC,0xA2,0xE8,0xFC,0xA2,0xE8,0xFC,
    0xA2,0xE8,0xFC,0xA2,0xE8,0xFC,0xA2,0xE8,0xFC,0xA2,0xE8,0xFC,0xA2,0xE8,0xFC,0xA2,0xE8,0xFC,0xA2,0xE8,0xFC,0xA2,0xE8,0xFC,
    0xA2,0xE8,0xFC,0xA2,0xE8,0xFC,0xA2,0xE8,0xFC,0xA2,0xE8,0xFC,0xA2,0xE8,0xFC,0xA2,0xE8,0xFC,0xA2,0xE8,0xFC,0xA2,0xE8,0xFC,
    0xA2,0xE8,0xFC,0xA2,0xE8,0xFC,0xA2,0xE8,0xFC,0xA2,0xE8,0xFC,0xA2,0xE8,0xFC,0xA2,0xE8,0xFC,0xA2,0xE8,0xFC,0xA2,0xE8,0xFC,
    0xA2,0xE8,0xFC,0xA2,0xE8,0xFC,0xA2,0xE8,0xFC,0xA2,0xE8,0xFC,0xA2,0xE8,0xFC,0xA2,0xE8,0xFC,0xA2,0xE8,0xFC,0xA2,0xF0,0xFF,
    0xA2,0xF0,0xFF,0xA2,0xF0,0xFF,0xA2,0xF0,0xFF,0xA2,0xF0,0xFF,0xA2,0xF0,0xFF,0xA2,0xF0,0xFF,0xA2,0xF0,0xFF,0xA2,0xF0,0xFF,
    0xA2,0xF0,0xFF,0xA2,0xF0,0xFF,0xA2,0xF0,0xFF,0xA2,0xF0,0xFF,0xA2,0xF0,0xFF,0xA2,0xF0,0xFF,0xA2,0xF0,0xFF,0xA2,0xF0,0xFF,
    0xA2,0xF0,0xFF,0xA2,0xF0,0xFF,0xA2,0xF0,0xFF,0xA2,0xF0,0xFF,0xA2,0xF0,0xFF,0xA2,0xF8,0xFF,0xA2,0xF8,0xFF,0xA2,0xF8,0xFF,
    0xA2,0xF8,0xFF,0xA2,0xF8,0xFF,0xA2,0xF8,0xFF,0xA2,0xF8,0xFF,0xA2,0xF8,0xFF,0xA2,0xF8,0xFF,0xA2,0xF8,0xFF,0xA2,0xF8,0xFF,
    0xA2,0xF8,0xFF,0xA2,0xF8,0xFF,0xA2,0xF8,0xFF,0xA2,0xF8,0xFF,0xA2,0xF8,0xFF,0xA2,0xF8,0xFF,0xA2,0xF8,0xFF,0xA2,0xF8,0xFF,
    0xA2,0xF8,0xFF,0xA2,0xF8,0xFF,0xA2,0xF8,0xFF,0xA2,0xF8,0xFF,0xA2,0xF8,0xFF,0xA2,0xF8,0xFF,0xA2,0xF8,0xFF,0xA2,0xF8,0xFF,
    0xA2,0xF8,0xFF,0xA2,0xF8,0xFF,0xA2,0xF8,0xFF,0xA2,0xF8,0xFF,0xA2,0xF8,0xFF,0xA2,0xF8,0xFF,0xA2,0xF8,0xFF,0xA2,0xF8,0xFF,
    0xA2,0xF8,0xFF,0xA2,0xF8,0xFF,0xA2,0xF8,0xFF,0xA2,0xF8,0xFF,0xA2,0xF8,0xFF,0xA2,0xF8,0xFF,0xA2,0xF8,0xFF,0xA2,0xF8,0xFF,
    0xA2,0xE8,0xF5,0xA2,0xE8,0xF3,0xA2,0xE8,0xF3,0xA2,0xE8,0xF3,0x82,0xE8,0xF3,0x82,0xE8,0xF3,0x82,0xE8,0xF3,0x82,0xE8,0xF3,
    0x82,0xE8,0xF3,0x82,0xE8,0xF3,0x82,0xE8,0xF3,0x82,0xE8,0xF3,0x82,0xE8,0xF3,0x82,0xE8,0xF3,0x82,0xE8,0xF3,0x82,0xE8,0xF3,
    0x82,0xE8,0xF3,0x82,0xE8,0xF3,0x82,0xE8,0xF3,0xA2,0xE8,0xF2,0xA2,0xF0,0xF3,0x82,0xE8,0xE1,0x61,0xD8,0xB9,0x81,0xD8,0xBD,
    0x81,0xD8,0xBB,0x81,0xD8,0xBB,0x81,0xD8,0xBB,0x81,0xD8,0xBB,0x81,0xD8,0xBB,0x81,0xD8,0xBB,0x81,0xD8,0xBB,0x81,0xD8,0xBB,
    0x81,0xD8,0xBB,0x81,0xD8,0xBB,0x81,0xD8,0xBB,0x81,0xD8,0xBB,0x81,0xD8,0xBA,0x61,0xD8,0xBA,0xA2,0xD8,0xBA,0xE3,0xE0,0xB9,
    0xC3,0xE0,0xB8,0xE3,0xE0,0xB6,0xE3,0xE8,0xB6,0xC2,0xD0,0x80,0x20,0x38,0x20,0x00,0x00,0x0C,0x00,0x00,0x00,0x00,0x00,0x00,
    0x00,0x00,0x00,0x00,0x00,0x00,0x00,0x00,0x00,0x00,0x00,0x00,0x00,0x00,0x00,0x00,0x00,0x00,0x00,0x00,0x00,0x00,0x00,0x00,
    0x00,0x00,0x00,0x00,0x00,0x00,0x00,0x00,0x00,0x00,0x00,0x00,0x00,0x00,0x00,0x00,0x00,0x00,0x00,0x00,0x00,0x00,0x00,0x00,
    0x00,0x00,0x00,0x00,0x00,0x00,0x00,0x00,0x01,0x00,0x00,0x02,0x00,0x00,0x03,0x00,0x00,0x06,0x00,0x18,0x0A,0x00,0x10,0x0F,
    0x00,0x20,0x16,0x00,0x30,0x1F,0x00,0x18,0x24,0x61,0x68,0x3E,0xE3,0xE8,0xF4,0xE3,0xF8,0xFF,0x03,0xF1,0xFF,0x03,0xF1,0xFF,
    0x03,0xF1,0xFF,0x03,0xF1,0xFF,0x03,0xF1,0xFF,0x03,0xF1,0xFF,0x03,0xF1,0xFF,0x03,0xF1,0xFF,0x03,0xF1,0xFF,0x03,0xF1,0xFF,
    0x03,0xF1,0xFF,0x03,0xF1,0xFF,0x03,0xF1,0xFF,0x03,0xF1,0xFF,0x03,0xF1,0xFF,0x03,0xF1,0xFF,0x03,0xF1,0xFF,0x03,0xF1,0xFF,
    0x03,0xF1,0xFF,0x03,0xF1,0xFF,0x03,0xF9,0xFF,0x03,0xF9,0xFF,0x03,0xF9,0xFF,0x03,0xF9,0xFF,0x03,0xF9,0xFF,0x03,0xF9,0xFF,
    0x03,0xF9,0xFF,0x03,0xF9,0xFF,0x03,0xF9,0xFF,0x03,0xF9,0xFF,0x03,0xF9,0xFF,0x03,0xF9,0xFF,0x03,0xF9,0xFF,0x03,0xF9,0xFF,
    0x03,0xF9,0xFF,0x03,0xF9,0xFF,0x03,0xF9,0xFF,0x03,0xF9,0xFF,0x03,0xF9,0xFF,0x03,0xF9,0xFF,0x03,0xF9,0xFF,0x03,0xF9,0xFF,
    0x03,0xF9,0xFF,0x03,0xF9,0xFF,0x03,0xF9,0xFF,0x03,0xF9,0xFF,0x03,0xF9,0xFF,0x03,0xF9,0xFF,0x03,0xF9,0xFF,0x03,0xF9,0xFF,
    0x03,0xF9,0xFF,0x03,0xF9,0xFF,0x03,0xF9,0xFF,0x03,0xF9,0xFF,0x03,0xF9,0xFF,0x03,0xF9,0xFF,0x03,0xF9,0xFF,0x03,0xF9,0xFF,
    0x03,0xF9,0xFF,0x03,0xF9,0xFF,0x03,0xF9,0xFF,0x03,0xF9,0xFF,0x03,0xF9,0xFF,0xE3,0xE8,0xFC,0xE3,0xE8,0xF3,0xE3,0xE8,0xF5,
    0xE3,0xE8,0xF5,0xE3,0xE8,0xF5,0xE3,0xE8,0xF4,0xE3,0xE8,0xF4,0xE3,0xE8,0xF4,0xE3,0xE8,0xF4,0xE3,0xE8,0xF4,0xE3,0xE8,0xF4,
    0xE3,0xE8,0xF4,0xE3,0xE8,0xF4,0xE3,0xE8,0xF4,0xE3,0xE8,0xF4,0xE3,0xE8,0xF4,0xE3,0xE8,0xF4,0xE3,0xE8,0xF4,0xE3,0xE8,0xF4,
    0xE3,0xE8,0xF3,0xE3,0xF0,0xF4,0xE3,0xE8,0xE4,0xE3,0xD8,0xC0,0xE3,0xD8,0xC4,0xE3,0xD8,0xC3,0xE3,0xD8,0xC3,0xE3,0xD8,0xC3,
    0xE3,0xD8,0xC3,0xE3,0xD8,0xC3,0xE3,0xD8,0xC2,0xE3,0xD8,0xC2,0xE3,0xD8,0xC2,0xE3,0xD8,0xC2,0xE3,0xD8,0xC2,0xE3,0xD8,0xC2,
    0xE3,0xD8,0xC2,0xE3,0xD8,0xC2,0xE3,0xD8,0xC2,0xE3,0xD8,0xC2,0xE3,0xD8,0xC2,0xE3,0xD8,0xC2,0xE3,0xD8,0xC0,0xE3,0xE0,0xC1,
    0xC3,0xC8,0x98,0xC2,0xB8,0x7E,0xC2,0xB8,0x83,0xC2,0xB8,0x81,0xC2,0xB8,0x81,0xC2,0xB8,0x81,0xC2,0xB8,0x80,0xC2,0xB8,0x80,
    0xC2,0xB8,0x80,0xC2,0xB8,0x80,0xC2,0xB8,0x80,0xC2,0xB8,0x80,0xC2,0xB8,0x80,0xC2,0xB8,0x80,0xC2,0xB8,0x80,0xC2,0xB8,0x80,
    0xC2,0xB8,0x80,0xC3,0xB8,0x7F,0xC2,0xB8,0x7F,0xC2,0xB8,0x7E,0xC2,0xB8,0x7E,0xC2,0xB8,0x7A,0x82,0x78,0x4C,0x81,0x70,0x47,
    0x81,0x70,0x47,0x81,0x70,0x46,0x61,0x70,0x46,0x61,0x70,0x45,0x61,0x70,0x45,0x61,0x70,0x45,0x61,0x70,0x44,0x61,0x70,0x44,
    0x61,0x70,0x44,0x61,0x70,0x44,0x61,0x70,0x44,0x61,0x70,0x44,0x61,0x70,0x44,0x61,0x70,0x44,0x61,0x70,0x44,0x61,0x70,0x43,
    0x61,0x68,0x43,0x61,0x70,0x41,0x81,0x70,0x41,0x61,0x50,0x38,0x20,0x00,0x24,0x20,0x00,0x25,0x20,0x00,0x24,0x20,0x00,0x23,
    0x20,0x00,0x23,0x20,0x00,0x22,0x20,0x00,0x22,0x20,0x00,0x22,0x20,0x00,0x22,0x20,0x00,0x21,0x20,0x00,0x21,0x20,0x00,0x21,
    0x20,0x00,0x21,0x20,0x00,0x21,0x20,0x00,0x20,0x41,0x00,0x1F,0x00,0x00,0x1E,0x00,0x00,0x1C,0x00,0x00,0x1A,0x00,0x00,0x17,
    0x00,0x00,0x14,0x00,0x00,0x12,0x00,0x18,0x1B,0x00,0x38,0x1F,0x00,0x00,0x00,0x00,0x00,0x00,0x00,0x00,0x00,0x00,0x00,0x00,
    0x00,0x00,0x00,0x00,0x00,0x00,0x00,0x00,0x00,0x00,0x00,0x00,0x00,0x00,0x00,0x00,0x00,0x00,0x00,0x00,0x00,0x00,0x00,0x00,
    0x00,0x00,0x00,0x00,0x00,0x00,0x00,0x00,0x00,0x00,0x00,0x00,0x00,0x00,0x00,0x00,0x00,0x00,0x00,0x00,0x00,0x00,0x00,0x00,
    0x00,0x00,0x01,0x00,0x00,0x02,0x00,0x00,0x03,0x00,0x00,0x05,0x00,0x00,0x09,0x00,0x10,0x0D,0x00,0x18,0x14,0x00,0x28,0x1C,
    0x00,0x10,0x1F,0x61,0x70,0x3C,0xE3,0xE8,0xEE,0xE3,0xF0,0xF2,0xE3,0xE8,0xF3,0xE3,0xE8,0xF4,0xE3,0xE8,0xF4,0xE3,0xE8,0xF5,
    0xE3,0xE8,0xF5,0xE3,0xE8,0xF5,0xE3,0xE8,0xF5,0xE3,0xE8,0xF5,0xE3,0xE8,0xF5,0xE3,0xE8,0xF5,0xE3,0xE8,0xF5,0xE3,0xE8,0xF5,
    0xE3,0xE8,0xF5,0xE3,0xE8,0xF5,0xE3,0xE8,0xF5,0xE3,0xE8,0xF5,0xE3,0xE8,0xF5,0xE3,0xE8,0xF5,0xE3,0xE8,0xF5,0xE3,0xE8,0xF2,
    0xC3,0xD8,0xCB,0xC3,0xD8,0xC7,0xC3,0xD8,0xC8,0xC3,0xD8,0xC7,0xC3,0xD8,0xC7,0xC3,0xD8,0xC7,0xC3,0xD8,0xC7,0xC3,0xD8,0xC7,
    0xC3,0xD8,0xC7,0xC3,0xD8,0xC7,0xC3,0xD8,0xC7,0xC3,0xD8,0xC7,0xC3,0xD8,0xC7,0xC3,0xD8,0xC7,0xC3,0xD8,0xC7,0xC3,0xD8,0xC7,
    0xC3,0xD8,0xC6,0xC3,0xD8,0xC6,0xC3,0xD8,0xC6,0xC3,0xD8,0xC5,0xE3,0xE0,0xC6,0xC2,0xD0,0xB2,0xA2,0xB8,0x89,0xA2,0xB8,0x8D,
    0xA2,0xB8,0x8C,0xA2,0xB8,0x8B,0xA2,0xB8,0x8B,0xA2,0xB8,0x8B,0xA2,0xB8,0x8B,0xA2,0xB8,0x8B,0xA2,0xB8,0x8B,0xA2,0xB8,0x8B,
    0xA2,0xB8,0x8B,0xA2,0xB8,0x8A,0xA2,0xB8,0x8A,0xA2,0xB8,0x8A,0xA2,0xB8,0x8A,0xA2,0xB8,0x8A,0xA2,0xB8,0x8A,0xA2,0xB8,0x89,
    0xA2,0xB8,0x89,0xA2,0xB8,0x88,0xA2,0xC0,0x88,0x81,0x98,0x68,0x61,0x78,0x55,0x41,0x78,0x58,0x41,0x78,0x57,0x41,0x78,0x56,
    0x41,0x78,0x56,0x61,0x78,0x55,0x61,0x78,0x55,0x61,0x78,0x55,0x61,0x78,0x55,0x61,0x78,0x55,0x61,0x78,0x55,0x61,0x78,0x55,
    0x61,0x78,0x55,0x61,0x78,0x55,0x61,0x78,0x55,0x61,0x78,0x54,0x61,0x78,0x54,0x61,0x78,0x53,0x61,0x78,0x52,0x61,0x78,0x52,
    0x40,0x60,0x4A,0x00,0x28,0x39,0x00,0x30,0x39,0x00,0x30,0x38,0x00,0x28,0x38,0x00,0x28,0x37,0x00,0x28,0x37,0x00,0x28,0x37,
    0x00,0x28,0x36,0x00,0x28,0x36,0x00,0x28,0x36,0x00,0x28,0x36,0x00,0x28,0x36,0x00,0x28,0x36,0x00,0x28,0x36,0x00,0x28,0x36,
    0x00,0x28,0x36,0x00,0x28,0x35,0x00,0x20,0x35,0x00,0x20,0x34,0x00,0x20,0x33,0x00,0x18,0x32,0x00,0x18,0x32,0x00,0x18,0x31,
    0x00,0x18,0x30,0x00,0x10,0x2F,0x00,0x10,0x2F,0x00,0x10,0x2E,0x00,0x10,0x2E,0x00,0x10,0x2E,0x00,0x10,0x2D,0x00,0x10,0x2D,
    0x00,0x10,0x2D,0x00,0x10,0x2D,0x00,0x10,0x2D,0x00,0x10,0x2D,0x00,0x10,0x2D,0x00,0x10,0x2D,0x00,0x10,0x2D,0x00,0x08,0x2C,
    0x00,0x08,0x2C,0x00,0x08,0x2B,0x00,0x00,0x2A,0x00,0x08,0x2A,0x00,0x38,0x31,0x00,0x38,0x31,0x00,0x30,0x30,0x00,0x30,0x30,
    0x20,0x30,0x2F,0x20,0x30,0x2F,0x20,0x30,0x2F,0x20,0x30,0x2E,0x20,0x30,0x2E,0x20,0x30,0x2E,0x20,0x30,0x2E,0x20,0x30,0x2E,
    0x20,0x30,0x2E,0x20,0x30,0x2E,0x20,0x30,0x2E,0x20,0x30,0x2D,0x20,0x30,0x2D,0x20,0x28,0x2C,0x20,0x28,0x2C,0x20,0x28,0x2B,
    0x00,0x28,0x2A,0x20,0x30,0x2C,0x40,0x48,0x2F,0x20,0x48,0x2E,0x20,0x48,0x2D,0x20,0x40,0x2D,0x20,0x40,0x2C,0x20,0x40,0x2C,
    0x20,0x40,0x2C,0x20,0x40,0x2C,0x20,0x40,0x2C,0x20,0x40,0x2B,0x20,0x40,0x2B,0x20,0x40,0x2B,0x20,0x40,0x2B,0x20,0x40,0x2B,
    0x20,0x40,0x2A,0x20,0x40,0x2A,0x20,0x38,0x28,0x20,0x40,0x27,0x20,0x38,0x25,0x20,0x40,0x23,0x00,0x38,0x21,0x00,0x38,0x1F,
    0x00,0x20,0x1A,0x00,0x18,0x18,0x00,0x00,0x00,0x00,0x00,0x00,0x00,0x00,0x00,0x00,0x00,0x00,0x00,0x00,0x00,0x00,0x00,0x00,
    0x00,0x00,0x00,0x00,0x00,0x00,0x00,0x00,0x00,0x00,0x00,0x00,0x00,0x00,0x00,0x00,0x00,0x00,0x00,0x00,0x00,0x00,0x00,0x00,
    0x00,0x00,0x00,0x00,0x00,0x00,0x00,0x00,0x00,0x00,0x00,0x00,0x00,0x00,0x00,0x00,0x00,0x00,0x00,0x00,0x00,0x00,0x00,0x01,
    0x00,0x00,0x03,0x00,0x00,0x04,0x00,0x00,0x08,0x00,0x10,0x0C,0x00,0x08,0x11,0x00,0x20,0x17,0x00,0x18,0x1C,0x40,0x58,0x2E,
    0x81,0x88,0x49,0x61,0x68,0x3F,0x41,0x70,0x49,0x61,0x70,0x4E,0x61,0x78,0x53,0x41,0x78,0x56,0x41,0x80,0x59,0x41,0x80,0x5B,
    0x41,0x80,0x5C,0x41,0x80,0x5D,0x41,0x80,0x5E,0x41,0x80,0x5E,0x41,0x80,0x5D,0x41,0x80,0x5D,0x41,0x80,0x5D,0x41,0x80,0x5D,
    0x41,0x80,0x5D,0x41,0x80,0x5D,0x41,0x80,0x5C,0x41,0x80,0x5C,0x41,0x80,0x5B,0x41,0x78,0x59,0x00,0x50,0x46,0x00,0x48,0x43,
    0x00,0x48,0x43,0x00,0x40,0x43,0x00,0x40,0x42,0x00,0x40,0x42,0x00,0x40,0x41,0x00,0x40,0x41,0x00,0x40,0x41,0x00,0x40,0x41,
    0x00,0x40,0x41,0x00,0x40,0x41,0x00,0x40,0x41,0x00,0x40,0x41,0x00,0x40,0x41,0x00,0x40,0x41,0x00,0x40,0x40,0x00,0x38,0x40,
    0x00,0x40,0x3F,0x00,0x40,0x3F,0x00,0x38,0x3E,0x00,0x38,0x3D,0x00,0x38,0x3D,0x00,0x30,0x3C,0x00,0x30,0x3C,0x00,0x38,0x3B,
    0x00,0x30,0x3B,0x00,0x30,0x3A,0x00,0x30,0x3A,0x00,0x30,0x3A,0x00,0x30,0x3A,0x00,0x30,0x3A,0x00,0x30,0x3A,0x00,0x30,0x3A,
    0x00,0x30,0x3A,0x00,0x30,0x39,0x00,0x30,0x39,0x00,0x30,0x39,0x00,0x30,0x39,0x00,0x30,0x38,0x00,0x28,0x38,0x00,0x28,0x37,
    0x00,0x28,0x36,0x20,0x40,0x3B,0x20,0x48,0x3E,0x20,0x48,0x3D,0x20,0x48,0x3C,0x20,0x48,0x3C,0x20,0x48,0x3B,0x20,0x48,0x3B,
    0x20,0x48,0x3B,0x20,0x48,0x3B,0x20,0x48,0x3B,0x20,0x48,0x3B,0x20,0x48,0x3B,0x20,0x48,0x3B,0x20,0x48,0x3B,0x20,0x48,0x3A,
    0x20,0x48,0x3A,0x20,0x40,0x3A,0x20,0x40,0x3A,0x20,0x40,0x39,0x20,0x40,0x39,0x20,0x38,0x38,0x20,0x40,0x39,0x41,0x50,0x3D,
    0x20,0x50,0x3C,0x20,0x50,0x3B,0x20,0x50,0x3B,0x20,0x50,0x3A,0x20,0x50,0x3A,0x20,0x50,0x3A,0x20,0x50,0x39,0x20,0x50,0x39,
    0x20,0x50,0x39,0x20,0x50,0x39,0x20,0x50,0x39,0x20,0x50,0x39,0x20,0x50,0x39,0x20,0x50,0x39,0x20,0x50,0x39,0x20,0x50,0x38,
    0x20,0x50,0x38,0x20,0x50,0x37,0x20,0x48,0x37,0x20,0x50,0x36,0x20,0x50,0x36,0x20,0x48,0x35,0x20,0x48,0x34,0x20,0x48,0x34,
    0x20,0x48,0x33,0x20,0x48,0x33,0x20,0x48,0x33,0x20,0x48,0x33,0x20,0x48,0x32,0x20,0x48,0x32,0x20,0x48,0x32,0x20,0x48,0x32,
    0x20,0x48,0x32,0x20,0x48,0x32,0x20,0x48,0x32,0x20,0x48,0x32,0x20,0x48,0x32,0x20,0x48,0x31,0x20,0x48,0x31,0x20,0x48,0x30,
    0x20,0x48,0x2F,0x20,0x40,0x2F,0x20,0x38,0x2C,0x20,0x40,0x2B,0x20,0x38,0x2B,0x20,0x38,0x2A,0x20,0x38,0x2A,0x20,0x38,0x2A,
    0x20,0x38,0x2A,0x20,0x30,0x29,0x20,0x30,0x29,0x20,0x30,0x29,0x20,0x30,0x29,0x20,0x30,0x29,0x20,0x30,0x29,0x20,0x30,0x29,
    0x20,0x30,0x29,0x20,0x30,0x29,0x20,0x38,0x28,0x20,0x38,0x28,0x20,0x38,0x27,0x20,0x30,0x27,0x20,0x30,0x26,0x20,0x30,0x25,
    0x20,0x30,0x24,0x20,0x30,0x23,0x20,0x28,0x23,0x20,0x28,0x22,0x20,0x28,0x22,0x20,0x28,0x21,0x20,0x28,0x21,0x20,0x28,0x21,
    0x20,0x28,0x21,0x20,0x28,0x21,0x20,0x28,0x21,0x20,0x28,0x21,0x20,0x28,0x21,0x20,0x28,0x21,0x00,0x20,0x20,0x00,0x28,0x1F,
    0x00,0x28,0x1E,0x00,0x20,0x1D,0x00,0x20,0x1C,0x00,0x20,0x1A,0x00,0x18,0x18,0x00,0x20,0x16,0x00,0x18,0x15,0x00,0x18,0x13,
    0x00,0x00,0x00,0x00,0x00,0x00,0x00,0x00,0x00,0x00,0x00,0x00,0x00,0x00,0x00,0x00,0x00,0x00,0x00,0x00,0x00,0x00,0x00,0x00,
    0x00,0x00,0x00,0x00,0x00,0x00,0x00,0x00,0x00,0x00,0x00,0x00,0x00,0x00,0x00,0x00,0x00,0x00,0x00,0x00,0x00,0x00,0x00,0x00,
    0x00,0x00,0x00,0x00,0x00,0x00,0x00,0x00,0x00,0x00,0x00,0x00,0x00,0x00,0x00,0x00,0x00,0x01,0x00,0x00,0x02,0x00,0x00,0x04,
    0x00,0x00,0x06,0x00,0x00,0x09,0x00,0x10,0x0E,0x00,0x18,0x13,0x00,0x28,0x19,0x00,0x18,0x1D,0x00,0x00,0x1F,0x20,0x20,0x28,
    0x20,0x30,0x2E,0x20,0x38,0x33,0x20,0x40,0x37,0x20,0x40,0x3A,0x20,0x48,0x3D,0x20,0x48,0x3E,0x20,0x50,0x3F,0x00,0x48,0x40,
    0x00,0x48,0x40,0x00,0x48,0x40,0x00,0x48,0x40,0x00,0x48,0x40,0x00,0x48,0x40,0x00,0x48,0x40,0x00,0x48,0x40,0x20,0x50,0x3F,
    0x20,0x48,0x3F,0x20,0x48,0x3E,0x20,0x48,0x3E,0x20,0x48,0x3E,0x20,0x58,0x42,0x20,0x58,0x41,0x20,0x58,0x41,0x20,0x58,0x40,
    0x20,0x58,0x40,0x20,0x58,0x40,0x20,0x58,0x40,0x41,0x58,0x3F,0x41,0x58,0x3F,0x41,0x58,0x3F,0x41,0x58,0x3F,0x41,0x58,0x3F,
    0x41,0x58,0x3F,0x41,0x58,0x3F,0x41,0x58,0x3F,0x41,0x58,0x3F,0x41,0x58,0x3F,0x41,0x58,0x3E,0x41,0x58,0x3E,0x41,0x50,0x3D,
    0x41,0x50,0x3D,0x41,0x58,0x3C,0x41,0x58,0x3C,0x21,0x50,0x3B,0x21,0x50,0x3B,0x20,0x50,0x3B,0x20,0x50,0x3A,0x20,0x50,0x3A,
    0x20,0x50,0x3A,0x20,0x50,0x3A,0x20,0x50,0x3A,0x20,0x50,0x3A,0x20,0x50,0x3A,0x20,0x50,0x3A,0x20,0x50,0x3A,0x20,0x50,0x39,
    0x20,0x50,0x39,0x20,0x50,0x39,0x20,0x50,0x39,0x20,0x50,0x38,0x20,0x50,0x38,0x20,0x50,0x37,0x20,0x48,0x37,0x20,0x48,0x35,
    0x20,0x48,0x34,0x20,0x48,0x34,0x20,0x40,0x33,0x20,0x40,0x32,0x20,0x40,0x32,0x20,0x40,0x32,0x20,0x40,0x32,0x20,0x40,0x32,
    0x20,0x40,0x32,0x20,0x40,0x32,0x20,0x40,0x32,0x20,0x40,0x32,0x20,0x40,0x32,0x20,0x40,0x31,0x20,0x40,0x31,0x20,0x40,0x31,
    0x20,0x40,0x31,0x20,0x40,0x30,0x20,0x40,0x30,0x20,0x38,0x30,0x20,0x40,0x2E,0x20,0x38,0x2E,0x20,0x38,0x2D,0x20,0x38,0x2C,
    0x20,0x38,0x2C,0x20,0x38,0x2B,0x20,0x38,0x2B,0x20,0x38,0x2B,0x20,0x38,0x2B,0x20,0x38,0x2B,0x20,0x38,0x2B,0x20,0x38,0x2B,
    0x20,0x38,0x2B,0x20,0x38,0x2B,0x20,0x38,0x2B,0x20,0x38,0x2B,0x20,0x38,0x2B,0x20,0x30,0x2A,0x20,0x30,0x2A,0x20,0x30,0x29,
    0x20,0x30,0x29,0x20,0x30,0x28,0x20,0x30,0x28,0x20,0x30,0x27,0x20,0x30,0x27,0x20,0x30,0x26,0x20,0x30,0x26,0x20,0x30,0x25,
    0x20,0x30,0x25,0x20,0x30,0x25,0x20,0x30,0x25,0x20,0x30,0x25,0x20,0x30,0x25,0x20,0x30,0x25,0x20,0x30,0x25,0x20,0x30,0x25,
    0x20,0x30,0x25,0x20,0x30,0x25,0x20,0x30,0x24,0x20,0x30,0x24,0x20,0x30,0x24,0x20,0x28,0x23,0x20,0x28,0x23,0x20,0x28,0x22,
    0x00,0x28,0x22,0x00,0x28,0x21,0x00,0x28,0x21,0x00,0x20,0x20,0x00,0x20,0x20,0x00,0x28,0x1F,0x00,0x28,0x1F,0x00,0x28,0x1F,
    0x00,0x28,0x1F,0x00,0x28,0x1F,0x00,0x28,0x1F,0x00,0x28,0x1F,0x00,0x28,0x1F,0x00,0x28,0x1F,0x00,0x28,0x1F,0x00,0x28,0x1F,
    0x00,0x28,0x1E,0x00,0x28,0x1E,0x00,0x28,0x1E,0x00,0x20,0x1D,0x00,0x20,0x1D,0x00,0x20,0x1C,0x00,0x20,0x1C,0x00,0x20,0x1B,
    0x00,0x20,0x1B,0x00,0x20,0x1A,0x00,0x20,0x1A,0x00,0x18,0x19,0x00,0x18,0x19,0x00,0x18,0x19,0x00,0x18,0x19,0x00,0x18,0x19,
    0x00,0x18,0x19,0x00,0x18,0x19,0x00,0x18,0x19,0x00,0x18,0x19,0x00,0x18,0x19,0x00,0x18,0x18,0x00,0x20,0x17,0x00,0x20,0x17,
    0x00,0x18,0x15,0x00,0x18,0x14,0x00,0x18,0x12,0x00,0x18,0x11,0x00,0x08,0x10,0x00,0x10,0x0F,0x00,0x00,0x00,0x00,0x00,0x00,
    0x00,0x00,0x00,0x00,0x00,0x00,0x00,0x00,0x00,0x00,0x00,0x00,0x00,0x00,0x00,0x00,0x00,0x00,0x00,0x00,0x00,0x00,0x00,0x00,
    0x00,0x00,0x00,0x00,0x00,0x00,0x00,0x00,0x00,0x00,0x00,0x00,0x00,0x00,0x00,0x00,0x00,0x00,0x00,0x00,0x00,0x00,0x00,0x00,
    0x00,0x00,0x00,0x00,0x00,0x00,0x00,0x00,0x00,0x00,0x00,0x01,0x00,0x00,0x02,0x00,0x00,0x03,0x00,0x00,0x05,0x00,0x00,0x07,
    0x00,0x18,0x0A,0x00,0x10,0x0E,0x00,0x18,0x13,0x00,0x28,0x18,0x00,0x30,0x1E,0x00,0x30,0x22,0x20,0x38,0x27,0x20,0x38,0x2B,
    0x20,0x40,0x2E,0x20,0x40,0x30,0x20,0x40,0x32,0x20,0x40,0x33,0x20,0x40,0x34,0x20,0x48,0x35,0x20,0x48,0x35,0x20,0x48,0x35,
    0x20,0x48,0x35,0x20,0x48,0x35,0x20,0x48,0x35,0x20,0x48,0x35,0x20,0x48,0x35,0x20,0x48,0x34,0x20,0x48,0x34,0x20,0x40,0x33,
    0x20,0x40,0x33,0x20,0x40,0x32,0x20,0x40,0x31,0x20,0x38,0x31,0x20,0x38,0x30,0x20,0x38,0x30,0x20,0x40,0x2F,0x20,0x40,0x2F,
    0x20,0x40,0x2F,0x20,0x40,0x2F,0x20,0x40,0x2F,0x20,0x40,0x2F,0x20,0x40,0x2F,0x20,0x40,0x2F,0x20,0x40,0x2F,0x20,0x38,0x2F,
    0x20,0x38,0x2E,0x20,0x38,0x2E,0x20,0x38,0x2E,0x20,0x38,0x2E,0x20,0x38,0x2E,0x20,0x38,0x2D,0x20,0x38,0x2D,0x20,0x38,0x2C,
    0x20,0x38,0x2C,0x20,0x38,0x2B,0x20,0x38,0x2B,0x20,0x38,0x2B,0x20,0x38,0x2A,0x20,0x30,0x2A,0x20,0x30,0x2A,0x20,0x30,0x2A,
    0x20,0x30,0x2A,0x20,0x30,0x2A,0x20,0x30,0x2A,0x20,0x30,0x2A,0x20,0x30,0x2A,0x20,0x30,0x29,0x20,0x30,0x29,0x20,0x30,0x29,
    0x20,0x30,0x29,0x20,0x30,0x29,0x20,0x38,0x28,0x20,0x30,0x28,0x20,0x30,0x27,0x20,0x30,0x27,0x20,0x30,0x27,0x20,0x30,0x26,
    0x20,0x28,0x26,0x20,0x30,0x25,0x20,0x30,0x25,0x20,0x30,0x25,0x20,0x30,0x25,0x20,0x30,0x25,0x20,0x30,0x25,0x20,0x30,0x25,
    0x20,0x30,0x25,0x20,0x30,0x25,0x20,0x30,0x25,0x20,0x30,0x24,0x20,0x30,0x24,0x20,0x30,0x24,0x20,0x30,0x24,0x20,0x30,0x23,
    0x20,0x28,0x23,0x20,0x28,0x23,0x20,0x28,0x22,0x00,0x28,0x22,0x00,0x28,0x21,0x00,0x28,0x21,0x00,0x28,0x21,0x00,0x20,0x20,
    0x00,0x20,0x20,0x00,0x20,0x20,0x00,0x20,0x20,0x00,0x20,0x20,0x00,0x20,0x20,0x00,0x20,0x20,0x00,0x20,0x20,0x00,0x20,0x20,
    0x00,0x20,0x20,0x00,0x20,0x20,0x00,0x28,0x1F,0x00,0x28,0x1F,0x00,0x28,0x1F,0x00,0x28,0x1F,0x00,0x28,0x1E,0x00,0x28,0x1E,
    0x00,0x28,0x1D,0x00,0x20,0x1D,0x00,0x20,0x1C,0x00,0x20,0x1C,0x00,0x20,0x1C,0x00,0x20,0x1B,0x00,0x20,0x1B,0x00,0x20,0x1B,
    0x00,0x20,0x1B,0x00,0x20,0x1B,0x00,0x20,0x1B,0x00,0x20,0x1B,0x00,0x20,0x1B,0x00,0x20,0x1B,0x00,0x20,0x1B,0x00,0x20,0x1B,
    0x00,0x20,0x1B,0x00,0x20,0x1A,0x00,0x20,0x1A,0x00,0x20,0x1A,0x00,0x18,0x19,0x00,0x18,0x19,0x00,0x18,0x19,0x00,0x18,0x18,
    0x00,0x18,0x18,0x00,0x20,0x17,0x00,0x20,0x17,0x00,0x20,0x17,0x00,0x20,0x17,0x00,0x20,0x17,0x00,0x20,0x17,0x00,0x20,0x17,
    0x00,0x20,0x17,0x00,0x20,0x17,0x00,0x20,0x17,0x00,0x20,0x17,0x00,0x20,0x16,0x00,0x20,0x16,0x00,0x20,0x16,0x00,0x20,0x16,
    0x00,0x20,0x16,0x00,0x18,0x15,0x00,0x18,0x15,0x00,0x18,0x15,0x00,0x18,0x14,0x00,0x18,0x14,0x00,0x18,0x13,0x00,0x18,0x13,
    0x00,0x18,0x13,0x00,0x18,0x12,0x00,0x18,0x12,0x00,0x18,0x12,0x00,0x18,0x12,0x00,0x18,0x12,0x00,0x18,0x12,0x00,0x18,0x12,
    0x00,0x18,0x12,0x00,0x18,0x12,0x00,0x18,0x12,0x00,0x18,0x12,0x00,0x18,0x11,0x00,0x08,0x10,0x00,0x08,0x10,0x00,0x10,0x0E,
    0x00,0x10,0x0D,0x00,0x10,0x0C,0x00,0x10,0x0B,0x00,0x10,0x0B,0x00,0x00,0x00,0x00,0x00,0x00,0x00,0x00,0x00,0x00,0x00,0x00,
    0x00,0x00,0x00,0x00,0x00,0x00,0x00,0x00,0x00,0x00,0x00,0x00,0x00,0x00,0x00,0x00,0x00,0x00,0x00,0x00,0x00,0x00,0x00,0x00,
    0x00,0x00,0x00,0x00,0x00,0x00,0x00,0x00,0x00,0x00,0x00,0x00,0x00,0x00,0x00,0x00,0x00,0x00,0x00,0x00,0x00,0x00,0x00,0x00,
    0x00,0x00,0x00,0x00,0x00,0x01,0x00,0x00,0x01,0x00,0x00,0x02,0x00,0x00,0x03,0x00,0x00,0x05,0x00,0x00,0x08,0x00,0x10,0x0B,
    0x00,0x10,0x0E,0x00,0x18,0x11,0x00,0x18,0x15,0x00,0x18,0x18,0x00,0x20,0x1C,0x00,0x28,0x1F,0x00,0x28,0x21,0x20,0x28,0x23,
    0x20,0x30,0x24,0x20,0x30,0x25,0x20,0x30,0x25,0x20,0x30,0x26,0x20,0x30,0x26,0x20,0x30,0x26,0x20,0x30,0x26,0x20,0x30,0x26,
    0x20,0x30,0x26,0x20,0x30,0x26,0x20,0x28,0x26,0x20,0x30,0x25,0x20,0x30,0x25,0x20,0x30,0x25,0x20,0x30,0x24,0x20,0x30,0x24,
    0x20,0x30,0x23,0x20,0x28,0x23,0x20,0x28,0x23,0x20,0x28,0x23,0x20,0x28,0x22,0x20,0x28,0x22,0x20,0x28,0x22,0x20,0x28,0x22,
    0x20,0x28,0x22,0x20,0x28,0x22,0x20,0x28,0x22,0x20,0x28,0x22,0x20,0x28,0x22,0x20,0x28,0x22,0x20,0x28,0x22,0x20,0x28,0x22,
    0x00,0x28,0x21,0x00,0x28,0x21,0x00,0x28,0x21,0x00,0x20,0x20,0x00,0x20,0x20,0x00,0x20,0x20,0x00,0x28,0x1F,0x00,0x28,0x1F,
    0x00,0x28,0x1F,0x00,0x28,0x1E,0x00,0x28,0x1E,0x00,0x28,0x1E,0x00,0x28,0x1E,0x00,0x28,0x1E,0x00,0x28,0x1E,0x00,0x28,0x1E,
    0x00,0x28,0x1E,0x00,0x28,0x1E,0x00,0x28,0x1E,0x00,0x28,0x1D,0x00,0x28,0x1D,0x00,0x28,0x1D,0x00,0x20,0x1D,0x00,0x20,0x1D,
    0x00,0x20,0x1D,0x00,0x20,0x1C,0x00,0x20,0x1C,0x00,0x20,0x1C,0x00,0x20,0x1B,0x00,0x20,0x1B,0x00,0x20,0x1B,0x00,0x20,0x1A,
    0x00,0x20,0x1A,0x00,0x20,0x1A,0x00,0x20,0x1A,0x00,0x20,0x1A,0x00,0x18,0x1A,0x00,0x18,0x1A,0x00,0x18,0x1A,0x00,0x18,0x1A,
    0x00,0x18,0x1A,0x00,0x18,0x1A,0x00,0x18,0x1A,0x00,0x18,0x19,0x00,0x18,0x19,0x00,0x18,0x19,0x00,0x18,0x19,0x00,0x18,0x18,
    0x00,0x18,0x18,0x00,0x18,0x18,0x00,0x20,0x17,0x00,0x20,0x17,0x00,0x20,0x17,0x00,0x20,0x16,0x00,0x20,0x16,0x00,0x20,0x16,
    0x00,0x20,0x16,0x00,0x20,0x16,0x00,0x20,0x16,0x00,0x20,0x16,0x00,0x20,0x16,0x00,0x20,0x16,0x00,0x20,0x16,0x00,0x20,0x16,
    0x00,0x20,0x16,0x00,0x20,0x16,0x00,0x20,0x16,0x00,0x18,0x15,0x00,0x18,0x15,0x00,0x18,0x15,0x00,0x18,0x14,0x00,0x18,0x14,
    0x00,0x18,0x14,0x00,0x18,0x14,0x00,0x18,0x13,0x00,0x18,0x13,0x00,0x18,0x13,0x00,0x18,0x13,0x00,0x18,0x13,0x00,0x18,0x13,
    0x00,0x18,0x13,0x00,0x18,0x13,0x00,0x18,0x13,0x00,0x18,0x13,0x00,0x18,0x13,0x00,0x18,0x13,0x00,0x18,0x13,0x00,0x18,0x12,
    0x00,0x18,0x12,0x00,0x18,0x12,0x00,0x18,0x12,0x00,0x18,0x11,0x00,0x18,0x11,0x00,0x08,0x11,0x00,0x08,0x11,0x00,0x08,0x10,
    0x00,0x08,0x10,0x00,0x08,0x10,0x00,0x08,0x10,0x00,0x08,0x10,0x00,0x08,0x10,0x00,0x08,0x10,0x00,0x08,0x10,0x00,0x08,0x10,
    0x00,0x08,0x10,0x00,0x08,0x10,0x00,0x10,0x0F,0x00,0x10,0x0F,0x00,0x10,0x0F,0x00,0x10,0x0F,0x00,0x10,0x0F,0x00,0x10,0x0F,
    0x00,0x10,0x0E,0x00,0x10,0x0E,0x00,0x10,0x0E,0x00,0x10,0x0E,0x00,0x10,0x0D,0x00,0x10,0x0D,0x00,0x10,0x0D,0x00,0x10,0x0D,
    0x00,0x10,0x0D,0x00,0x10,0x0D,0x00,0x10,0x0D,0x00,0x10,0x0D,0x00,0x10,0x0D,0x00,0x10,0x0D,0x00,0x10,0x0C,0x00,0x10,0x0C,
    0x00,0x10,0x0C,0x00,0x10,0x0C,0x00,0x10,0x0C,0x00,0x10,0x0B,0x00,0x10,0x0B,0x00,0x18,0x0A,0x00,0x00,0x09,0x00,0x00,0x08,
    0x00,0x00,0x08,0x00,0x00,0x07,0x00,0x00,0x00,0x00,0x00,0x00,0x00,0x00,0x00,0x00,0x00,0x00,0x00,0x00,0x00,0x00,0x00,0x00,
    0x00,0x00,0x00,0x00,0x00,0x00,0x00,0x00,0x00,0x00,0x00,0x00,0x00,0x00,0x00,0x00,0x00,0x00,0x00,0x00,0x00,0x00,0x00,0x00,
    0x00,0x00,0x00,0x00,0x00,0x00,0x00,0x00,0x00,0x00,0x00,0x00,0x00,0x00,0x00,0x00,0x00,0x00,0x00,0x00,0x00,0x00,0x00,0x00,
    0x00,0x00,0x01,0x00,0x00,0x01,0x00,0x00,0x02,0x00,0x00,0x04,0x00,0x00,0x05,0x00,0x00,0x07,0x00,0x18,0x0A,0x00,0x10,0x0C,
    0x00,0x10,0x0E,0x00,0x18,0x11,0x00,0x18,0x13,0x00,0x18,0x15,0x00,0x20,0x17,0x00,0x18,0x18,0x00,0x18,0x19,0x00,0x18,0x19,
    0x00,0x20,0x1A,0x00,0x20,0x1A,0x00,0x20,0x1A,0x00,0x20,0x1A,0x00,0x20,0x1A,0x00,0x20,0x1A,0x00,0x20,0x1A,0x00,0x20,0x1A,
    0x00,0x20,0x1A,0x00,0x18,0x1A,0x00,0x18,0x19,0x00,0x18,0x19,0x00,0x18,0x19,0x00,0x18,0x19,0x00,0x18,0x18,0x00,0x18,0x18,
    0x00,0x18,0x18,0x00,0x20,0x17,0x00,0x20,0x17,0x00,0x20,0x17,0x00,0x20,0x17,0x00,0x20,0x17,0x00,0x20,0x17,0x00,0x20,0x17,
    0x00,0x20,0x17,0x00,0x20,0x17,0x00,0x20,0x17,0x00,0x20,0x17,0x00,0x20,0x17,0x00,0x20,0x17,0x00,0x20,0x16,0x00,0x20,0x16,
    0x00,0x10,0x16,0x00,0x10,0x16,0x00,0x20,0x16,0x00,0x18,0x15,0x00,0x18,0x15,0x00,0x18,0x15,0x00,0x18,0x15,0x00,0x18,0x14,
    0x00,0x18,0x14,0x00,0x18,0x14,0x00,0x18,0x14,0x00,0x18,0x14,0x00,0x18,0x14,0x00,0x18,0x14,0x00,0x18,0x14,0x00,0x18,0x14,
    0x00,0x18,0x14,0x00,0x18,0x14,0x00,0x18,0x14,0x00,0x18,0x13,0x00,0x18,0x13,0x00,0x18,0x13,0x00,0x18,0x13,0x00,0x18,0x13,
    0x00,0x18,0x13,0x00,0x18,0x12,0x00,0x18,0x12,0x00,0x18,0x12,0x00,0x18,0x12,0x00,0x18,0x11,0x00,0x18,0x11,0x00,0x18,0x11,
    0x00,0x18,0x11,0x00,0x18,0x11,0x00,0x18,0x11,0x00,0x18,0x11,0x00,0x18,0x11,0x00,0x18,0x11,0x00,0x18,0x11,0x00,0x18,0x11,
    0x00,0x18,0x11,0x00,0x08,0x11,0x00,0x08,0x10,0x00,0x08,0x10,0x00,0x08,0x10,0x00,0x08,0x10,0x00,0x08,0x10,0x00,0x08,0x10,
    0x00,0x10,0x0F,0x00,0x10,0x0F,0x00,0x10,0x0F,0x00,0x10,0x0F,0x00,0x10,0x0E,0x00,0x10,0x0E,0x00,0x10,0x0E,0x00,0x10,0x0E,
    0x00,0x10,0x0E,0x00,0x10,0x0E,0x00,0x10,0x0E,0x00,0x10,0x0E,0x00,0x10,0x0E,0x00,0x10,0x0E,0x00,0x10,0x0E,0x00,0x10,0x0E,
    0x00,0x10,0x0E,0x00,0x10,0x0E,0x00,0x10,0x0E,0x00,0x10,0x0D,0x00,0x10,0x0D,0x00,0x10,0x0D,0x00,0x10,0x0D,0x00,0x10,0x0D,
    0x00,0x10,0x0C,0x00,0x10,0x0C,0x00,0x10,0x0C,0x00,0x10,0x0C,0x00,0x10,0x0C,0x00,0x10,0x0C,0x00,0x10,0x0C,0x00,0x10,0x0C,
    0x00,0x10,0x0C,0x00,0x10,0x0C,0x00,0x10,0x0C,0x00,0x10,0x0C,0x00,0x10,0x0C,0x00,0x10,0x0C,0x00,0x10,0x0C,0x00,0x10,0x0B,
    0x00,0x10,0x0B,0x00,0x10,0x0B,0x00,0x10,0x0B,0x00,0x10,0x0B,0x00,0x10,0x0B,0x00,0x18,0x0A,0x00,0x18,0x0A,0x00,0x18,0x0A,
    0x00,0x18,0x0A,0x00,0x18,0x0A,0x00,0x18,0x0A,0x00,0x18,0x0A,0x00,0x18,0x0A,0x00,0x18,0x0A,0x00,0x18,0x0A,0x00,0x18,0x0A,
    0x00,0x18,0x0A,0x00,0x18,0x0A,0x00,0x18,0x0A,0x00,0x18,0x0A,0x00,0x00,0x09,0x00,0x00,0x09,0x00,0x00,0x09,0x00,0x00,0x09,
    0x00,0x00,0x09,0x00,0x00,0x09,0x00,0x00,0x08,0x00,0x00,0x08,0x00,0x00,0x08,0x00,0x00,0x08,0x00,0x00,0x08,0x00,0x00,0x08,
    0x00,0x00,0x08,0x00,0x00,0x08,0x00,0x00,0x08,0x00,0x00,0x08,0x00,0x00,0x08,0x00,0x00,0x08,0x00,0x00,0x08,0x00,0x00,0x08,
    0x00,0x00,0x07,0x00,0x00,0x07,0x00,0x00,0x07,0x00,0x00,0x06,0x00,0x00,0x06,0x00,0x00,0x05,0x00,0x00,0x05,0x00,0x00,0x05,
    0x00,0x00,0x00,0x00,0x00,0x00,0x00,0x00,0x00,0x00,0x00,0x00,0x00,0x00,0x00,0x00,0x00,0x00,0x00,0x00,0x00,0x00,0x00,0x00,
    0x00,0x00,0x00,0x00,0x00,0x00,0x00,0x00,0x00,0x00,0x00,0x00,0x00,0x00,0x00,0x00,0x00,0x00,0x00,0x00,0x00,0x00,0x00,0x00,
    0x00,0x00,0x00,0x00,0x00,0x00,0x00,0x00,0x00,0x00,0x00,0x00,0x00,0x00,0x00,0x00,0x00,0x00,0x00,0x00,0x00,0x00,0x00,0x01,
    0x00,0x00,0x02,0x00,0x00,0x02,0x00,0x00,0x03,0x00,0x00,0x05,0x00,0x00,0x06,0x00,0x00,0x08,0x00,0x00,0x09,0x00,0x10,0x0B,
    0x00,0x10,0x0C,0x00,0x10,0x0E,0x00,0x10,0x0F,0x00,0x10,0x0F,0x00,0x08,0x10,0x00,0x08,0x10,0x00,0x08,0x11,0x00,0x18,0x11,
    0x00,0x18,0x11,0x00,0x18,0x11,0x00,0x18,0x11,0x00,0x18,0x11,0x00,0x18,0x11,0x00,0x18,0x11,0x00,0x18,0x11,0x00,0x08,0x11,
    0x00,0x08,0x10,0x00,0x08,0x10,0x00,0x08,0x10,0x00,0x08,0x10,0x00,0x08,0x10,0x00,0x10,0x0F,0x00,0x10,0x0F,0x00,0x10,0x0F,
    0x00,0x10,0x0F,0x00,0x10,0x0F,0x00,0x10,0x0F,0x00,0x10,0x0F,0x00,0x10,0x0F,0x00,0x10,0x0F,0x00,0x10,0x0F,0x00,0x10,0x0F,
    0x00,0x10,0x0E,0x00,0x10,0x0E,0x00,0x10,0x0E,0x00,0x10,0x0E,0x00,0x10,0x0E,0x00,0x10,0x0E,0x00,0x10,0x0E,0x00,0x10,0x0E,
    0x00,0x10,0x0E,0x00,0x10,0x0D,0x00,0x10,0x0D,0x00,0x10,0x0D,0x00,0x10,0x0D,0x00,0x10,0x0D,0x00,0x10,0x0C,0x00,0x10,0x0C,
    0x00,0x10,0x0C,0x00,0x10,0x0C,0x00,0x10,0x0C,0x00,0x10,0x0C,0x00,0x10,0x0C,0x00,0x10,0x0C,0x00,0x10,0x0C,0x00,0x10,0x0C,
    0x00,0x10,0x0C,0x00,0x10,0x0C,0x00,0x10,0x0C,0x00,0x10,0x0C,0x00,0x10,0x0C,0x00,0x10,0x0C,0x00,0x10,0x0C,0x00,0x10,0x0B,
    0x00,0x10,0x0B,0x00,0x10,0x0B,0x00,0x10,0x0B,0x00,0x10,0x0B,0x00,0x18,0x0A,0x00,0x18,0x0A,0x00,0x18,0x0A,0x00,0x18,0x0A,
    0x00,0x18,0x0A,0x00,0x18,0x0A,0x00,0x18,0x0A,0x00,0x18,0x0A,0x00,0x18,0x0A,0x00,0x18,0x0A,0x00,0x18,0x0A,0x00,0x18,0x0A,
    0x00,0x18,0x0A,0x00,0x18,0x0A,0x00,0x18,0x0A,0x00,0x18,0x0A,0x00,0x00,0x09,0x00,0x00,0x09,0x00,0x00,0x09,0x00,0x00,0x09,
    0x00,0x00,0x09,0x00,0x00,0x09,0x00,0x00,0x09,0x00,0x00,0x09,0x00,0x00,0x09,0x00,0x00,0x09,0x00,0x00,0x09,0x00,0x00,0x09,
    0x00,0x00,0x09,0x00,0x00,0x09,0x00,0x00,0x09,0x00,0x00,0x08,0x00,0x00,0x08,0x00,0x00,0x08,0x00,0x00,0x08,0x00,0x00,0x08,
    0x00,0x00,0x08,0x00,0x00,0x08,0x00,0x00,0x08,0x00,0x00,0x08,0x00,0x00,0x07,0x00,0x00,0x07,0x00,0x00,0x07,0x00,0x00,0x07,
    0x00,0x00,0x07,0x00,0x00,0x07,0x00,0x00,0x07,0x00,0x00,0x07,0x00,0x00,0x07,0x00,0x00,0x07,0x00,0x00,0x07,0x00,0x00,0x07,
    0x00,0x00,0x07,0x00,0x00,0x07,0x00,0x00,0x07,0x00,0x00,0x07,0x00,0x00,0x07,0x00,0x00,0x07,0x00,0x00,0x06,0x00,0x00,0x06,
    0x00,0x00,0x06,0x00,0x00,0x06,0x00,0x00,0x06,0x00,0x00,0x06,0x00,0x00,0x06,0x00,0x00,0x06,0x00,0x00,0x06,0x00,0x00,0x06,
    0x00,0x00,0x06,0x00,0x00,0x06,0x00,0x00,0x06,0x00,0x00,0x06,0x00,0x00,0x06,0x00,0x00,0x06,0x00,0x00,0x06,0x00,0x00,0x06,
    0x00,0x00,0x05,0x00,0x00,0x05,0x00,0x00,0x05,0x00,0x00,0x05,0x00,0x00,0x05,0x00,0x00,0x05,0x00,0x00,0x05,0x00,0x00,0x05,
    0x00,0x00,0x05,0x00,0x00,0x05,0x00,0x00,0x05,0x00,0x00,0x04,0x00,0x00,0x04,0x00,0x00,0x04,0x00,0x00,0x04,0x00,0x00,0x04,
    0x00,0x00,0x04,0x00,0x00,0x04,0x00,0x00,0x04,0x00,0x00,0x04,0x00,0x00,0x04,0x00,0x00,0x04,0x00,0x00,0x04,0x00,0x00,0x04,
    0x00,0x00,0x04,0x00,0x00,0x03,0x00,0x00,0x03,0x00,0x00,0x03,0x00,0x00,0x03,0x00,0x00,0x02,0x00,0x00,0x00,0x00,0x00,0x00,
    0x00,0x00,0x00,0x00,0x00,0x00,0x00,0x00,0x00,0x00,0x00,0x00,0x00,0x00,0x00,0x00,0x00,0x00,0x00,0x00,0x00,0x00,0x00,0x00,
    0x00,0x00,0x00,0x00,0x00,0x00,0x00,0x00,0x00,0x00,0x00,0x00,0x00,0x00,0x00,0x00,0x00,0x00,0x00,0x00,0x00,0x00,0x00,0x00,
    0x00,0x00,0x00,0x00,0x00,0x00,0x00,0x00,0x00,0x00,0x00,0x00,0x00,0x00,0x00,0x00,0x00,0x01,0x00,0x00,0x01,0x00,0x00,0x01,
    0x00,0x00,0x02,0x00,0x00,0x03,0x00,0x00,0x04,0x00,0x00,0x05,0x00,0x00,0x06,0x00,0x00,0x07,0x00,0x00,0x08,0x00,0x00,0x08,
    0x00,0x00,0x09,0x00,0x00,0x09,0x00,0x18,0x0A,0x00,0x18,0x0A,0x00,0x18,0x0A,0x00,0x18,0x0A,0x00,0x18,0x0A,0x00,0x18,0x0A,
    0x00,0x18,0x0A,0x00,0x18,0x0A,0x00,0x18,0x0A,0x00,0x18,0x0A,0x00,0x18,0x0A,0x00,0x18,0x0A,0x00,0x18,0x0A,0x00,0x18,0x0A,
    0x00,0x18,0x0A,0x00,0x18,0x0A,0x00,0x00,0x09,0x00,0x00,0x09,0x00,0x00,0x09,0x00,0x00,0x09,0x00,0x00,0x09,0x00,0x00,0x09,
    0x00,0x00,0x09,0x00,0x00,0x09,0x00,0x00,0x09,0x00,0x00,0x09,0x00,0x00,0x09,0x00,0x00,0x09,0x00,0x00,0x09,0x00,0x00,0x09,
    0x00,0x00,0x08,0x00,0x00,0x08,0x00,0x00,0x08,0x00,0x00,0x08,0x00,0x00,0x08,0x00,0x00,0x08,0x00,0x00,0x08,0x00,0x00,0x08,
    0x00,0x00,0x08,0x00,0x00,0x07,0x00,0x00,0x07,0x00,0x00,0x07,0x00,0x00,0x07,0x00,0x00,0x07,0x00,0x00,0x07,0x00,0x00,0x07,
    0x00,0x00,0x07,0x00,0x00,0x07,0x00,0x00,0x07,0x00,0x00,0x07,0x00,0x00,0x07,0x00,0x00,0x07,0x00,0x00,0x07,0x00,0x00,0x07,
    0x00,0x00,0x07,0x00,0x00,0x07,0x00,0x00,0x07,0x00,0x00,0x07,0x00,0x00,0x06,0x00,0x00,0x06,0x00,0x00,0x06,0x00,0x00,0x06,
    0x00,0x00,0x06,0x00,0x00,0x06,0x00,0x00,0x06,0x00,0x00,0x06,0x00,0x00,0x06,0x00,0x00,0x06,0x00,0x00,0x06,0x00,0x00,0x06,
    0x00,0x00,0x06,0x00,0x00,0x06,0x00,0x00,0x06,0x00,0x00,0x06,0x00,0x00,0x06,0x00,0x00,0x06,0x00,0x00,0x05,0x00,0x00,0x05,
    0x00,0x00,0x05,0x00,0x00,0x05,0x00,0x00,0x05,0x00,0x00,0x05,0x00,0x00,0x05,0x00,0x00,0x05,0x00,0x00,0x05,0x00,0x00,0x05,
    0x00,0x00,0x04,0x00,0x00,0x04,0x00,0x00,0x04,0x00,0x00,0x04,0x00,0x00,0x04,0x00,0x00,0x04,0x00,0x00,0x04,0x00,0x00,0x04,
    0x00,0x00,0x04,0x00,0x00,0x04,0x00,0x00,0x04,0x00,0x00,0x04,0x00,0x00,0x04,0x00,0x00,0x04,0x00,0x00,0x04,0x00,0x00,0x04,
    0x00,0x00,0x04,0x00,0x00,0x04,0x00,0x00,0x04,0x00,0x00,0x04,0x00,0x00,0x04,0x00,0x00,0x03,0x00,0x00,0x03,0x00,0x00,0x03,
    0x00,0x00,0x03,0x00,0x00,0x03,0x00,0x00,0x03,0x00,0x00,0x03,0x00,0x00,0x03,0x00,0x00,0x03,0x00,0x00,0x03,0x00,0x00,0x03,
    0x00,0x00,0x03,0x00,0x00,0x03,0x00,0x00,0x03,0x00,0x00,0x03,0x00,0x00,0x03,0x00,0x00,0x03,0x00,0x00,0x03,0x00,0x00,0x03,
    0x00,0x00,0x03,0x00,0x00,0x03,0x00,0x00,0x03,0x00,0x00,0x03,0x00,0x00,0x03,0x00,0x00,0x03,0x00,0x00,0x03,0x00,0x00,0x03,
    0x00,0x00,0x03,0x00,0x00,0x03,0x00,0x00,0x03,0x00,0x00,0x03,0x00,0x00,0x03,0x00,0x00,0x03,0x00,0x00,0x03,0x00,0x00,0x03,
    0x00,0x00,0x03,0x00,0x00,0x02,0x00,0x00,0x02,0x00,0x00,0x02,0x00,0x00,0x02,0x00,0x00,0x02,0x00,0x00,0x02,0x00,0x00,0x02,
    0x00,0x00,0x02,0x00,0x00,0x02,0x00,0x00,0x02,0x00,0x00,0x02,0x00,0x00,0x02,0x00,0x00,0x02,0x00,0x00,0x02,0x00,0x00,0x02,
    0x00,0x00,0x02,0x00,0x00,0x02,0x00,0x00,0x02,0x00,0x00,0x02,0x00,0x00,0x02,0x00,0x00,0x02,0x00,0x00,0x02,0x00,0x00,0x01,
    0x00,0x00,0x01,0x00,0x00,0x01,0x00,0x00,0x01,0x00,0x00,0x01,0x00,0x00,0x00,0x00,0x00,0x00,0x00,0x00,0x00,0x00,0x00,0x00,
    0x00,0x00,0x00,0x00,0x00,0x00,0x00,0x00,0x00,0x00,0x00,0x00,0x00,0x00,0x00,0x00,0x00,0x00,0x00,0x00,0x00,0x00,0x00,0x00,
    0x00,0x00,0x00,0x00,0x00,0x00,0x00,0x00,0x00,0x00,0x00,0x00,0x00,0x00,0x00,0x00,0x00,0x00,0x00,0x00,0x00,0x00,0x00,0x00,
    0x00,0x00,0x00,0x00,0x00,0x00,0x00,0x00,0x00,0x00,0x00,0x00,0x00,0x00,0x00,0x00,0x00,0x01,0x00,0x00,0x01,0x00,0x00,0x02,
    0x00,0x00,0x02,0x00,0x00,0x03,0x00,0x00,0x03,0x00,0x00,0x04,0x00,0x00,0x04,0x00,0x00,0x05,0x00,0x00,0x05,0x00,0x00,0x05,
    0x00,0x00,0x05,0x00,0x00,0x05,0x00,0x00,0x06,0x00,0x00,0x06,0x00,0x00,0x06,0x00,0x00,0x06,0x00,0x00,0x06,0x00,0x00,0x06,
    0x00,0x00,0x06,0x00,0x00,0x06,0x00,0x00,0x06,0x00,0x00,0x05,0x00,0x00,0x05,0x00,0x00,0x05,0x00,0x00,0x05,0x00,0x00,0x05,
    0x00,0x00,0x05,0x00,0x00,0x05,0x00,0x00,0x05,0x00,0x00,0x05,0x00,0x00,0x05,0x00,0x00,0x04,0x00,0x00,0x04,0x00,0x00,0x04,
    0x00,0x00,0x04,0x00,0x00,0x04,0x00,0x00,0x04,0x00,0x00,0x04,0x00,0x00,0x04,0x00,0x00,0x04,0x00,0x00,0x04,0x00,0x00,0x04,
    0x00,0x00,0x04,0x00,0x00,0x04,0x00,0x00,0x04,0x00,0x00,0x04,0x00,0x00,0x04,0x00,0x00,0x04,0x00,0x00,0x04,0x00,0x00,0x04,
    0x00,0x00,0x04,0x00,0x00,0x04,0x00,0x00,0x04,0x00,0x00,0x03,0x00,0x00,0x03,0x00,0x00,0x03,0x00,0x00,0x03,0x00,0x00,0x03,
    0x00,0x00,0x03,0x00,0x00,0x03,0x00,0x00,0x03,0x00,0x00,0x03,0x00,0x00,0x03,0x00,0x00,0x03,0x00,0x00,0x03,0x00,0x00,0x03,
    0x00,0x00,0x03,0x00,0x00,0x03,0x00,0x00,0x03,0x00,0x00,0x03,0x00,0x00,0x03,0x00,0x00,0x03,0x00,0x00,0x03,0x00,0x00,0x03,
    0x00,0x00,0x03,0x00,0x00,0x03,0x00,0x00,0x03,0x00,0x00,0x03,0x00,0x00,0x03,0x00,0x00,0x03,0x00,0x00,0x03,0x00,0x00,0x03,
    0x00,0x00,0x03,0x00,0x00,0x03,0x00,0x00,0x03,0x00,0x00,0x03,0x00,0x00,0x03,0x00,0x00,0x03,0x00,0x00,0x02,0x00,0x00,0x02,
    0x00,0x00,0x02,0x00,0x00,0x02,0x00,0x00,0x02,0x00,0x00,0x02,0x00,0x00,0x02,0x00,0x00,0x02,0x00,0x00,0x02,0x00,0x00,0x02,
    0x00,0x00,0x02,0x00,0x00,0x02,0x00,0x00,0x02,0x00,0x00,0x02,0x00,0x00,0x02,0x00,0x00,0x02,0x00,0x00,0x02,0x00,0x00,0x02,
    0x00,0x00,0x02,0x00,0x00,0x02,0x00,0x00,0x02,0x00,0x00,0x02,0x00,0x00,0x02,0x00,0x00,0x02,0x00,0x00,0x02,0x00,0x00,0x02,
    0x00,0x00,0x02,0x00,0x00,0x02,0x00,0x00,0x01,0x00,0x00,0x01,0x00,0x00,0x01,0x00,0x00,0x01,0x00,0x00,0x01,0x00,0x00,0x01,
    0x00,0x00,0x01,0x00,0x00,0x01,0x00,0x00,0x01,0x00,0x00,0x01,0x00,0x00,0x01,0x00,0x00,0x01,0x00,0x00,0x01,0x00,0x00,0x01,
    0x00,0x00,0x01,0x00,0x00,0x01,0x00,0x00,0x01,0x00,0x00,0x01,0x00,0x00,0x01,0x00,0x00,0x01,0x00,0x00,0x01,0x00,0x00,0x01,
    0x00,0x00,0x01,0x00,0x00,0x01,0x00,0x00,0x01,0x00,0x00,0x01,0x00,0x00,0x01,0x00,0x00,0x01,0x00,0x00,0x01,0x00,0x00,0x01,
    0x00,0x00,0x01,0x00,0x00,0x01,0x00,0x00,0x01,0x00,0x00,0x01,0x00,0x00,0x01,0x00,0x00,0x01,0x00,0x00,0x01,0x00,0x00,0x01,
    0x00,0x00,0x01,0x00,0x00,0x01,0x00,0x00,0x01,0x00,0x00,0x01,0x00,0x00,0x01,0x00,0x00,0x01,0x00,0x00,0x01,0x00,0x00,0x01,
    0x00,0x00,0x01,0x00,0x00,0x01,0x00,0x00,0x01,0x00,0x00,0x01,0x00,0x00,0x01,0x00,0x00,0x01,0x00,0x00,0x01,0x00,0x00,0x01,
    0x00,0x00,0x01,0x00,0x00,0x01,0x00,0x00,0x01,0x00,0x00,0x01,0x00,0x00,0x01,0x00,0x00,0x00,0x00,0x00,0x00,0x00,0x00,0x00,
    0x00,0x00,0x00,0x00,0x00,0x00,0x00,0x00,0x00,0x00,0x00,0x00,0x00,0x00,0x00,0x00,0x00,0x00,0x00,0x00,0x00,0x00,0x00,0x00,
    0x00,0x00,0x00,0x00,0x00,0x00,0x00,0x00,0x00,0x00,0x00,0x00,0x00,0x00,0x00,0x00,0x00,0x00,0x00,0x00,0x00,0x00,0x00,0x00,
    0x00,0x00,0x00,0x00,0x00,0x00,0x00,0x00,0x00,0x00,0x00,0x00,0x00,0x00,0x00,0x00,0x00,0x00,0x00,0x00,0x00,0x00,0x00,0x00,
    0x00,0x00,0x00,0x00,0x00,0x00,0x00,0x00,0x00,0x00,0x00,0x00,0x00,0x00,0x00,0x00,0x00,0x01,0x00,0x00,0x01,0x00,0x00,0x01,
    0x00,0x00,0x01,0x00,0x00,0x02,0x00,0x00,0x02,0x00,0x00,0x02,0x00,0x00,0x02,0x00,0x00,0x02,0x00,0x00,0x03,0x00,0x00,0x03,
    0x00,0x00,0x03,0x00,0x00,0x03,0x00,0x00,0x03,0x00,0x00,0x03,0x00,0x00,0x03,0x00,0x00,0x03,0x00,0x00,0x03,0x00,0x00,0x03,
    0x00,0x00,0x03,0x00,0x00,0x03,0x00,0x00,0x03,0x00,0x00,0x02,0x00,0x00,0x02,0x00,0x00,0x02,0x00,0x00,0x02,0x00,0x00,0x02,
    0x00,0x00,0x02,0x00,0x00,0x02,0x00,0x00,0x02,0x00,0x00,0x02,0x00,0x00,0x02,0x00,0x00,0x02,0x00,0x00,0x02,0x00,0x00,0x02,
    0x00,0x00,0x02,0x00,0x00,0x02,0x00,0x00,0x02,0x00,0x00,0x02,0x00,0x00,0x02,0x00,0x00,0x02,0x00,0x00,0x02,0x00,0x00,0x02,
    0x00,0x00,0x02,0x00,0x00,0x02,0x00,0x00,0x02,0x00,0x00,0x02,0x00,0x00,0x02,0x00,0x00,0x02,0x00,0x00,0x02,0x00,0x00,0x01,
    0x00,0x00,0x01,0x00,0x00,0x01,0x00,0x00,0x01,0x00,0x00,0x01,0x00,0x00,0x01,0x00,0x00,0x01,0x00,0x00,0x01,0x00,0x00,0x01,
    0x00,0x00,0x01,0x00,0x00,0x01,0x00,0x00,0x01,0x00,0x00,0x01,0x00,0x00,0x01,0x00,0x00,0x01,0x00,0x00,0x01,0x00,0x00,0x01,
    0x00,0x00,0x01,0x00,0x00,0x01,0x00,0x00,0x01,0x00,0x00,0x01,0x00,0x00,0x01,0x00,0x00,0x01,0x00,0x00,0x01,0x00,0x00,0x01,
    0x00,0x00,0x01,0x00,0x00,0x01,0x00,0x00,0x01,0x00,0x00,0x01,0x00,0x00,0x01,0x00,0x00,0x01,0x00,0x00,0x01,0x00,0x00,0x01,
    0x00,0x00,0x01,0x00,0x00,0x01,0x00,0x00,0x01,0x00,0x00,0x01,0x00,0x00,0x01,0x00,0x00,0x01,0x00,0x00,0x01,0x00,0x00,0x01,
    0x00,0x00,0x01,0x00,0x00,0x01,0x00,0x00,0x01,0x00,0x00,0x01,0x00,0x00,0x01,0x00,0x00,0x01,0x00,0x00,0x01,0x00,0x00,0x01,
    0x00,0x00,0x01,0x00,0x00,0x01,0x00,0x00,0x01,0x00,0x00,0x01,0x00,0x00,0x01,0x00,0x00,0x01,0x00,0x00,0x01,0x00,0x00,0x01,
    0x00,0x00,0x01,0x00,0x00,0x01,0x00,0x00,0x01,0x00,0x00,0x01,0x00,0x00,0x01,0x00,0x00,0x00,0x00,0x00,0x00,0x00,0x00,0x00,
    0x00,0x00,0x00,0x00,0x00,0x00,0x00,0x00,0x00,0x00,0x00,0x00,0x00,0x00,0x00,0x00,0x00,0x00,0x00,0x00,0x00,0x00,0x00,0x00,
    0x00,0x00,0x00,0x00,0x00,0x00,0x00,0x00,0x00,0x00,0x00,0x00,0x00,0x00,0x00,0x00,0x00,0x00,0x00,0x00,0x00,0x00,0x00,0x00,
    0x00,0x00,0x00,0x00,0x00,0x00,0x00,0x00,0x00,0x00,0x00,0x00,0x00,0x00,0x00,0x00,0x00,0x00,0x00,0x00,0x00,0x00,0x00,0x00,
    0x00,0x00,0x00,0x00,0x00,0x00,0x00,0x00,0x00,0x00,0x00,0x00,0x00,0x00,0x00,0x00,0x00,0x00,0x00,0x00,0x00,0x00,0x00,0x00,
    0x00,0x00,0x00,0x00,0x00,0x00,0x00,0x00,0x00,0x00,0x00,0x00,0x00,0x00,0x00,0x00,0x00,0x00,0x00,0x00,0x00,0x00,0x00,0x00,
    0x00,0x00,0x00,0x00,0x00,0x00,0x00,0x00,0x00,0x00,0x00,0x00,0x00,0x00,0x00,0x00,0x00,0x00,0x00,0x00,0x00,0x00,0x00,0x00,
    0x00,0x00,0x00,0x00,0x00,0x00,0x00,0x00,0x00,0x00,0x00,0x00,0x00,0x00,0x00,0x00,0x00,0x00,0x00,0x00,0x00,0x00,0x00,0x00,
    0x00,0x00,0x00,0x00,0x00,0x00,0x00,0x00,0x00,0x00,0x00,0x00,0x00,0x00,0x00,0x00,0x00,0x00,0x00,0x00,0x00,0x00,0x00,0x00,
    0x00,0x00,0x00,0x00,0x00,0x00,0x00,0x00,0x00,0x00,0x00,0x00,0x00,0x00,0x00,0x00,0x00,0x00,0x00,0x00,0x00,0x00,0x00,0x00,
    0x00,0x00,0x00,0x00,0x00,0x00,0x00,0x00,0x00,0x00,0x00,0x00,0x00,0x00,0x00,0x00,0x00,0x00,0x00,0x00,0x00,0x00,0x00,0x00,
    0x00,0x00,0x00,0x00,0x00,0x00,0x00,0x00,0x00,0x00,0x00,0x00,0x00,0x00,0x00,0x00,0x00,0x00,0x00,0x00,0x00,0x00,0x00,0x00,
    0x00,0x00,0x00,0x00,0x00,0x00,0x00,0x00,0x00,0x00,0x00,0x00,0x00,0x00,0x00,0x00,0x00,0x00,0x00,0x00,0x01,0x00,0x00,0x01,
    0x00,0x00,0x01,0x00,0x00,0x01,0x00,0x00,0x01,0x00,0x00,0x01,0x00,0x00,0x01,0x00,0x00,0x01,0x00,0x00,0x01,0x00,0x00,0x01,
    0x00,0x00,0x01,0x00,0x00,0x01,0x00,0x00,0x01,0x00,0x00,0x01,0x00,0x00,0x01,0x00,0x00,0x01,0x00,0x00,0x01,0x00,0x00,0x01,
    0x00,0x00,0x01,0x00,0x00,0x01,0x00,0x00,0x01,0x00,0x00,0x01,0x00,0x00,0x01,0x00,0x00,0x01,0x00,0x00,0x01,0x00,0x00,0x01,
    0x00,0x00,0x01,0x00,0x00,0x01,0x00,0x00,0x01,0x00,0x00,0x01,0x00,0x00,0x01,0x00,0x00,0x01,0x00,0x00,0x01,0x00,0x00,0x01,
    0x00,0x00,0x01,0x00,0x00,0x01,0x00,0x00,0x01,0x00,0x00,0x01,0x00,0x00,0x01,0x00,0x00,0x01,0x00,0x00,0x01,0x00,0x00,0x01,
    0x00,0x00,0x01,0x00,0x00,0x01,0x00,0x00,0x00,0x00,0x00,0x00,0x00,0x00,0x00,0x00,0x00,0x00,0x00,0x00,0x00,0x00,0x00,0x00,
    0x00,0x00,0x00,0x00,0x00,0x00,0x00,0x00,0x00,0x00,0x00,0x00,0x00,0x00,0x00,0x00,0x00,0x00,0x00,0x00,0x00,0x00,0x00,0x00,
    0x00,0x00,0x00,0x00,0x00,0x00,0x00,0x00,0x00,0x00,0x00,0x00,0x00,0x00,0x00,0x00,0x00,0x00,0x00,0x00,0x00,0x00,0x00,0x00,
    0x00,0x00,0x00,0x00,0x00,0x00,0x00,0x00,0x00,0x00,0x00,0x00,0x00,0x00,0x00,0x00,0x00,0x00,0x00,0x00,0x00,0x00,0x00,0x00,
    0x00,0x00,0x00,0x00,0x00,0x00,0x00,0x00,0x00,0x00,0x00,0x00,0x00,0x00,0x00,0x00,0x00,0x00,0x00,0x00,0x00,0x00,0x00,0x00,
    0x00,0x00,0x00,0x00,0x00,0x00,0x00,0x00,0x00,0x00,0x00,0x00,0x00,0x00,0x00,0x00,0x00,0x00,0x00,0x00,0x00,0x00,0x00,0x00,
    0x00,0x00,0x00,0x00,0x00,0x00,0x00,0x00,0x00,0x00,0x00,0x00,0x00,0x00,0x00,0x00,0x00,0x00,0x00,0x00,0x00,0x00,0x00,0x00,
    0x00,0x00,0x00,0x00,0x00,0x00,0x00,0x00,0x00,0x00,0x00,0x00,0x00,0x00,0x00,0x00,0x00,0x00,0x00,0x00,0x00,0x00,0x00,0x00,
    0x00,0x00,0x00,0x00,0x00,0x00,0x00,0x00,0x00,0x00,0x00,0x00,0x00,0x00,0x00,0x00,0x00,0x00,0x00,0x00,0x00,0x00,0x00,0x00,
    0x00,0x00,0x00,0x00,0x00,0x00,0x00,0x00,0x00,0x00,0x00,0x00,0x00,0x00,0x00,0x00,0x00,0x00,0x00,0x00,0x00,0x00,0x00,0x00,
    0x00,0x00,0x00,0x00,0x00,0x00,0x00,0x00,0x00,0x00,0x00,0x00,0x00,0x00,0x00,0x00,0x00,0x00,0x00,0x00,0x00,0x00,0x00,0x00,
    0x00,0x00,0x00,0x00,0x00,0x00,0x00,0x00,0x00,0x00,0x00,0x00,0x00,0x00,0x00,0x00,0x00,0x00,0x00,0x00,0x00,0x00,0x00,0x00,
    0x00,0x00,0x00,0x00,0x00,0x00,0x00,0x00,0x00,0x00,0x00,0x00,0x00,0x00,0x00,0x00,0x00,0x00,0x00,0x00,0x00,0x00,0x00,0x00,
    0x00,0x00,0x00,0x00,0x00,0x00,0x00,0x00,0x00,0x00,0x00,0x00,0x00,0x00,0x00,0x00,0x00,0x00,0x00,0x00,0x00,0x00,0x00,0x00,
    0x00,0x00,0x00,0x00,0x00,0x00,0x00,0x00,0x00,0x00,0x00,0x00,0x00,0x00,0x00,0x00,0x00,0x00,0x00,0x00,0x00,0x00,0x00,0x00,
    0x00,0x00,0x00,0x00,0x00,0x00,0x00,0x00,0x00,0x00,0x00,0x00,0x00,0x00,0x00,0x00,0x00,0x00,0x00,0x00,0x00,0x00,0x00,0x00,
    0x00,0x00,0x00,0x00,0x00,0x00,0x00,0x00,0x00,0x00,0x00,0x00,0x00,0x00,0x00,0x00,0x00,0x00,0x00,0x00,0x00,0x00,0x00,0x00,
    0x00,0x00,0x00,0x00,0x00,0x00,0x00,0x00,0x00,0x00,0x00,0x00,0x00,0x00,0x00,0x00,0x00,0x00,0x00,0x00,0x00,0x00,0x00,0x00,
    0x00,0x00,0x00,0x00,0x00,0x00,0x00,0x00,0x00,0x00,0x00,0x00,0x00,0x00,0x00,0x00,0x00,0x00,0x00,0x00,0x00,0x00,0x00,0x00,
    0x00,0x00,0x00,0x00,0x00,0x00,0x00,0x00,0x00,0x00,0x00,0x00,0x00,0x00,0x00,0x00,0x00,0x00,0x00,0x00,0x00,0x00,0x00,0x00,
    0x00,0x00,0x00,0x00,0x00,0x00,0x00,0x00,0x00,0x00,0x00,0x00,0x00,0x00,0x00,0x00,0x00,0x00,0x00,0x00,0x00,0x00,0x00,0x00,
    0x00,0x00,0x00,0x00,0x00,0x00,0x00,0x00,0x00,0x00,0x00,0x00,0x00,0x00,0x00,0x00,0x00,0x00,0x00,0x00,0x00,0x00,0x00,0x00,
    0x00,0x00,0x00,0x00,0x00,0x00,0x00,0x00,0x00,0x00,0x00,0x00,0x00,0x00,0x00,0x00,0x00,0x00,0x00,0x00,0x00,0x00,0x00,0x00,
    0x00,0x00,0x00,0x00,0x00,0x00,0x00,0x00,0x00,0x00,0x00,0x00,0x00,0x00,0x00,0x00,0x00,0x00,0x00,0x00,0x00,0x00,0x00,0x00,
    0x00,0x00,0x00,0x00,0x00,0x00,0x00,0x00,0x00,0x00,0x00,0x00,0x00,0x00,0x00,0x00,0x00,0x00,0x00,0x00,0x00,0x00,0x00,0x00,
    0x00,0x00,0x00,0x00,0x00,0x00,0x00,0x00,0x00,0x00,0x00,0x00,0x00,0x00,0x00,0x00,0x00,0x00,0x00,0x00,0x00,0x00,0x00,0x00,
    0x00,0x00,0x00,0x00,0x00,0x00,0x00,0x00,0x00,0x00,0x00,0x00,0x00,0x00,0x00,0x00,0x00,0x00,0x00,0x00,0x00,0x00,0x00,0x00,
    0x00,0x00,0x00,0x00,0x00,0x00,0x00,0x00,0x00,0x00,0x00,0x00,0x00,0x00,0x00,0x00,0x00,0x00,0x00,0x00,0x00,0x00,0x00,0x00,
    0x00,0x00,0x00,0x00,0x00,0x00,0x00,0x00,0x00,0x00,0x00,0x00,0x00,0x00,0x00,0x00,0x00,0x00,0x00,0x00,0x00,0x00,0x00,0x00,
    0x00,0x00,0x00,0x00,0x00,0x00,0x00,0x00,0x00,0x00,0x00,0x00,0x00,0x00,0x00,0x00,0x00,0x00,0x00,0x00,0x00,0x00,0x00,0x00,
    0x00,0x00,0x00,0x00,0x00,0x00,0x00,0x00,0x00,0x00,0x00,0x00,0x00,0x00,0x00,0x00,0x00,0x00,0x00,0x00,0x00,0x00,0x00,0x00,
    0x00,0x00,0x00,0x00,0x00,0x00,0x00,0x00,0x00,0x00,0x00,0x00,0x00,0x00,0x00,0x00,0x00,0x00,0x00,0x00,0x00,0x00,0x00,0x00,
    0x00,0x00,0x00,0x00,0x00,0x00,0x00,0x00,0x00,0x00,0x00,0x00,0x00,0x00,0x00,0x00,0x00,0x00,0x00,0x00,0x00,0x00,0x00,0x00,
    0x00,0x00,0x00,0x00,0x00,0x00,0x00,0x00,0x00,0x00,0x00,0x00,0x00,0x00,0x00,0x00,0x00,0x00,0x00,0x00,0x00,0x00,0x00,0x00,
    0x00,0x00,0x00,0x00,0x00,0x00,0x00,0x00,0x00,0x00,0x00,0x00,0x00,0x00,0x00,0x00,0x00,0x00,0x00,0x00,0x00,0x00,0x00,0x00,
    0x00,0x00,0x00,0x00,0x00,0x00,0x00,0x00,0x00,0x00,0x00,0x00,0x00,0x00,0x00,0x00,0x00,0x00,0x00,0x00,0x00,0x00,0x00,0x00,
    0x00,0x00,0x00,0x00,0x00,0x00,0x00,0x00,0x00,0x00,0x00,0x00,0x00,0x00,0x00,0x00,0x00,0x00,0x00,0x00,0x00,0x00,0x00,0x00,
    0x00,0x00,0x00,0x00,0x00,0x00,0x00,0x00,0x00,0x00,0x00,0x00,0x00,0x00,0x00,0x00,0x00,0x00,0x00,0x00,0x00,0x00,0x00,0x00,
    0x00,0x00,0x00,0x00,0x00,0x00,0x00,0x00,0x00,0x00,0x00,0x00,0x00,0x00,0x00,0x00,0x00,0x00,0x00,0x00,0x00,0x00,0x00,0x00,
    0x00,0x00,0x00,0x00,0x00,0x00,0x00,0x00,0x00,0x00,0x00,0x00,0x00,0x00,0x00,0x00,0x00,0x00,0x00,0x00,0x00,0x00,0x00,0x00,
    0x00,0x00,0x00,0x00,0x00,0x00,0x00,0x00,0x00,0x00,0x00,0x00,0x00,0x00,0x00,0x00,0x00,0x00,0x00,0x00,0x00,0x00,0x00,0x00,
    0x00,0x00,0x00,0x00,0x00,0x00,0x00,0x00,0x00,0x00,0x00,0x00,0x00,0x00,0x00,0x00,0x00,0x00,0x00,0x00,0x00,0x00,0x00,0x00,
    0x00,0x00,0x00,0x00,0x00,0x00,0x00,0x00,0x00,0x00,0x00,0x00,
};

const lv_img_dsc_t a4_needle = {
    .header.cf = LV_IMG_CF_TRUE_COLOR_ALPHA,
    .header.w = 206, .header.h = 30,
    .data_size = sizeof a4_needle_px, .data = a4_needle_px,
};

static const uint8_t a4_cap_px[17328] = {
    0x00,0x00,0x00,0x00,0x00,0x00,0x00,0x00,0x00,0x00,0x00,0x00,0x00,0x00,0x00,0x00,0x00,0x00,0x00,0x00,0x00,0x00,0x00,0x00,
    0x00,0x00,0x00,0x00,0x00,0x00,0x00,0x00,0x00,0x00,0x00,0x00,0x00,0x00,0x00,0x00,0x00,0x00,0x00,0x00,0x00,0x00,0x00,0x00,
    0x00,0x00,0x00,0x00,0x00,0x00,0x00,0x00,0x00,0x00,0x00,0x01,0x00,0x00,0x01,0x00,0x00,0x02,0x00,0x00,0x03,0x00,0x00,0x04,
    0x00,0x00,0x06,0x00,0x00,0x07,0x00,0x00,0x0A,0x00,0x10,0x0C,0x00,0x10,0x0F,0x00,0x08,0x12,0x00,0x18,0x15,0x00,0x10,0x18,
    0x00,0x10,0x1B,0x00,0x18,0x1D,0x00,0x10,0x20,0x20,0x18,0x21,0x20,0x18,0x23,0x20,0x18,0x23,0x20,0x18,0x23,0x20,0x18,0x23,
    0x20,0x18,0x22,0x00,0x18,0x20,0x00,0x18,0x1E,0x00,0x18,0x1C,0x00,0x10,0x19,0x00,0x10,0x16,0x00,0x08,0x13,0x00,0x08,0x10,
    0x00,0x10,0x0D,0x00,0x00,0x0B,0x00,0x00,0x08,0x00,0x00,0x06,0x00,0x00,0x04,0x00,0x00,0x03,0x00,0x00,0x02,0x00,0x00,0x01,
    0x00,0x00,0x01,0x00,0x00,0x00,0x00,0x00,0x00,0x00,0x00,0x00,0x00,0x00,0x00,0x00,0x00,0x00,0x00,0x00,0x00,0x00,0x00,0x00,
    0x00,0x00,0x00,0x00,0x00,0x00,0x00,0x00,0x00,0x00,0x00,0x00,0x00,0x00,0x00,0x00,0x00,0x00,0x00,0x00,0x00,0x00,0x00,0x00,
    0x00,0x00,0x00,0x00,0x00,0x00,0x00,0x00,0x00,0x00,0x00,0x00,0x00,0x00,0x00,0x00,0x00,0x00,0x00,0x00,0x00,0x00,0x00,0x00,
    0x00,0x00,0x00,0x00,0x00,0x00,0x00,0x00,0x00,0x00,0x00,0x00,0x00,0x00,0x00,0x00,0x00,0x00,0x00,0x00,0x00,0x00,0x00,0x00,
    0x00,0x00,0x00,0x00,0x00,0x00,0x00,0x00,0x00,0x00,0x00,0x00,0x00,0x00,0x00,0x00,0x00,0x00,0x00,0x00,0x01,0x00,0x00,0x02,
    0x00,0x00,0x03,0x00,0x00,0x04,0x00,0x00,0x06,0x00,0x00,0x09,0x00,0x00,0x0B,0x00,0x10,0x0F,0x00,0x08,0x13,0x00,0x10,0x16,
    0x00,0x10,0x1A,0x00,0x18,0x1E,0x20,0x18,0x22,0x20,0x20,0x26,0x20,0x20,0x29,0x20,0x28,0x2C,0x20,0x28,0x2F,0x20,0x28,0x31,
    0x20,0x28,0x33,0x20,0x28,0x33,0x20,0x28,0x33,0x20,0x28,0x33,0x20,0x28,0x32,0x20,0x28,0x30,0x20,0x20,0x2D,0x20,0x20,0x2A,
    0x20,0x20,0x27,0x20,0x18,0x24,0x20,0x10,0x20,0x00,0x18,0x1B,0x00,0x10,0x18,0x00,0x08,0x14,0x00,0x08,0x10,0x00,0x10,0x0D,
    0x00,0x00,0x0A,0x00,0x00,0x07,0x00,0x00,0x05,0x00,0x00,0x03,0x00,0x00,0x02,0x00,0x00,0x01,0x00,0x00,0x01,0x00,0x00,0x00,
    0x00,0x00,0x00,0x00,0x00,0x00,0x00,0x00,0x00,0x00,0x00,0x00,0x00,0x00,0x00,0x00,0x00,0x00,0x00,0x00,0x00,0x00,0x00,0x00,
    0x00,0x00,0x00,0x00,0x00,0x00,0x00,0x00,0x00,0x00,0x00,0x00,0x00,0x00,0x00,0x00,0x00,0x00,0x00,0x00,0x00,0x00,0x00,0x00,
    0x00,0x00,0x00,0x00,0x00,0x00,0x00,0x00,0x00,0x00,0x00,0x00,0x00,0x00,0x00,0x00,0x00,0x00,0x00,0x00,0x00,0x00,0x00,0x00,
    0x00,0x00,0x00,0x00,0x00,0x00,0x00,0x00,0x00,0x00,0x00,0x00,0x00,0x00,0x00,0x00,0x00,0x00,0x00,0x00,0x00,0x00,0x00,0x00,
    0x00,0x00,0x01,0x00,0x00,0x02,0x00,0x00,0x03,0x00,0x00,0x04,0x00,0x00,0x07,0x00,0x00,0x0A,0x00,0x10,0x0D,0x00,0x08,0x11,
    0x00,0x10,0x16,0x00,0x10,0x1A,0x20,0x10,0x20,0x20,0x20,0x25,0x20,0x20,0x2A,0x20,0x28,0x30,0x20,0x28,0x36,0x41,0x28,0x3B,
    0x20,0x28,0x41,0x20,0x30,0x46,0x20,0x30,0x4B,0x20,0x28,0x50,0x20,0x28,0x52,0x20,0x30,0x54,0x20,0x30,0x54,0x20,0x30,0x53,
    0x20,0x28,0x51,0x20,0x30,0x4D,0x20,0x30,0x48,0x20,0x28,0x43,0x41,0x28,0x3D,0x20,0x28,0x38,0x20,0x28,0x32,0x20,0x28,0x2C,
    0x20,0x20,0x27,0x20,0x18,0x21,0x00,0x18,0x1C,0x00,0x10,0x17,0x00,0x08,0x12,0x00,0x10,0x0E,0x00,0x00,0x0A,0x00,0x00,0x08,
    0x00,0x00,0x05,0x00,0x00,0x03,0x00,0x00,0x02,0x00,0x00,0x01,0x00,0x00,0x01,0x00,0x00,0x00,0x00,0x00,0x00,0x00,0x00,0x00,
    0x00,0x00,0x00,0x00,0x00,0x00,0x00,0x00,0x00,0x00,0x00,0x00,0x00,0x00,0x00,0x00,0x00,0x00,0x00,0x00,0x00,0x00,0x00,0x00,
    0x00,0x00,0x00,0x00,0x00,0x00,0x00,0x00,0x00,0x00,0x00,0x00,0x00,0x00,0x00,0x00,0x00,0x00,0x00,0x00,0x00,0x00,0x00,0x00,
    0x00,0x00,0x00,0x00,0x00,0x00,0x00,0x00,0x00,0x00,0x00,0x00,0x00,0x00,0x00,0x00,0x00,0x00,0x00,0x00,0x00,0x00,0x00,0x00,
    0x00,0x00,0x00,0x00,0x00,0x00,0x00,0x00,0x01,0x00,0x00,0x01,0x00,0x00,0x02,0x00,0x00,0x04,0x00,0x00,0x06,0x00,0x00,0x09,
    0x00,0x10,0x0D,0x00,0x08,0x12,0x00,0x10,0x17,0x00,0x18,0x1D,0x20,0x18,0x24,0x20,0x20,0x2B,0x20,0x28,0x32,0x20,0x28,0x3A,
    0x20,0x30,0x44,0x20,0x30,0x4E,0x20,0x30,0x59,0x20,0x28,0x65,0x20,0x30,0x70,0x41,0x30,0x79,0x20,0x38,0x82,0x41,0x48,0x8A,
    0x41,0x48,0x8D,0x41,0x48,0x8F,0x41,0x48,0x8F,0x41,0x48,0x8E,0x41,0x48,0x8B,0x41,0x40,0x85,0x41,0x30,0x7C,0x41,0x30,0x73,
    0x20,0x28,0x69,0x41,0x28,0x5E,0x20,0x28,0x52,0x20,0x30,0x47,0x41,0x28,0x3E,0x20,0x28,0x35,0x20,0x20,0x2D,0x20,0x20,0x26,
    0x00,0x10,0x20,0x00,0x10,0x19,0x00,0x08,0x14,0x00,0x10,0x0F,0x00,0x00,0x0B,0x00,0x00,0x07,0x00,0x00,0x05,0x00,0x00,0x03,
    0x00,0x00,0x02,0x00,0x00,0x01,0x00,0x00,0x00,0x00,0x00,0x00,0x00,0x00,0x00,0x00,0x00,0x00,0x00,0x00,0x00,0x00,0x00,0x00,
    0x00,0x00,0x00,0x00,0x00,0x00,0x00,0x00,0x00,0x00,0x00,0x00,0x00,0x00,0x00,0x00,0x00,0x00,0x00,0x00,0x00,0x00,0x00,0x00,
    0x00,0x00,0x00,0x00,0x00,0x00,0x00,0x00,0x00,0x00,0x00,0x00,0x00,0x00,0x00,0x00,0x00,0x00,0x00,0x00,0x00,0x00,0x00,0x00,
    0x00,0x00,0x00,0x00,0x00,0x00,0x00,0x00,0x00,0x00,0x00,0x00,0x00,0x00,0x00,0x00,0x00,0x01,0x00,0x00,0x02,0x00,0x00,0x03,
    0x00,0x00,0x05,0x00,0x00,0x09,0x00,0x10,0x0C,0x00,0x08,0x12,0x00,0x10,0x17,0x00,0x18,0x1E,0x20,0x20,0x26,0x20,0x20,0x2E,
    0x20,0x28,0x38,0x20,0x30,0x44,0x20,0x30,0x52,0x20,0x28,0x63,0x20,0x30,0x74,0x41,0x40,0x86,0x41,0x58,0x96,0x61,0x68,0xA5,
    0x61,0x78,0xB2,0x82,0x80,0xBD,0x82,0x88,0xC6,0x82,0x78,0xCF,0x82,0x80,0xD2,0x82,0x80,0xD3,0x82,0x80,0xD3,0x82,0x80,0xD3,
    0x82,0x78,0xD0,0x82,0x88,0xC9,0x82,0x88,0xBF,0x82,0x78,0xB6,0x61,0x70,0xAA,0x61,0x60,0x9B,0x41,0x48,0x8C,0x41,0x38,0x7A,
    0x20,0x30,0x68,0x20,0x30,0x58,0x20,0x30,0x48,0x41,0x28,0x3B,0x20,0x28,0x31,0x20,0x18,0x28,0x20,0x18,0x21,0x00,0x10,0x1A,
    0x00,0x08,0x13,0x00,0x10,0x0E,0x00,0x00,0x0A,0x00,0x00,0x06,0x00,0x00,0x04,0x00,0x00,0x02,0x00,0x00,0x01,0x00,0x00,0x01,
    0x00,0x00,0x00,0x00,0x00,0x00,0x00,0x00,0x00,0x00,0x00,0x00,0x00,0x00,0x00,0x00,0x00,0x00,0x00,0x00,0x00,0x00,0x00,0x00,
    0x00,0x00,0x00,0x00,0x00,0x00,0x00,0x00,0x00,0x00,0x00,0x00,0x00,0x00,0x00,0x00,0x00,0x00,0x00,0x00,0x00,0x00,0x00,0x00,
    0x00,0x00,0x00,0x00,0x00,0x00,0x00,0x00,0x00,0x00,0x00,0x00,0x00,0x00,0x00,0x00,0x00,0x00,0x00,0x00,0x00,0x00,0x00,0x01,
    0x00,0x00,0x01,0x00,0x00,0x02,0x00,0x00,0x04,0x00,0x00,0x07,0x00,0x00,0x0B,0x00,0x08,0x10,0x00,0x10,0x16,0x00,0x18,0x1D,
    0x20,0x20,0x25,0x20,0x20,0x2F,0x41,0x28,0x3B,0x20,0x30,0x4A,0x41,0x28,0x5C,0x20,0x30,0x73,0x41,0x40,0x8B,0x61,0x60,0xA1,
    0x82,0x78,0xB6,0x82,0x80,0xC9,0x82,0x70,0xDA,0x61,0x60,0xE6,0x61,0x40,0xF1,0x41,0x30,0xF6,0x41,0x38,0xF9,0x41,0x10,0xFF,
    0x21,0x10,0xFF,0x21,0x10,0xFF,0x21,0x10,0xFF,0x21,0x10,0xFF,0x21,0x10,0xFF,0x41,0x28,0xFB,0x41,0x38,0xF7,0x41,0x38,0xF5,
    0x61,0x60,0xEA,0x61,0x68,0xE0,0x82,0x80,0xCF,0x82,0x80,0xBC,0x61,0x70,0xA8,0x41,0x50,0x92,0x41,0x30,0x7B,0x20,0x28,0x63,
    0x20,0x30,0x4F,0x41,0x30,0x3F,0x20,0x28,0x33,0x20,0x18,0x28,0x20,0x10,0x20,0x00,0x10,0x18,0x00,0x08,0x12,0x00,0x10,0x0C,
    0x00,0x00,0x08,0x00,0x00,0x05,0x00,0x00,0x03,0x00,0x00,0x01,0x00,0x00,0x01,0x00,0x00,0x00,0x00,0x00,0x00,0x00,0x00,0x00,
    0x00,0x00,0x00,0x00,0x00,0x00,0x00,0x00,0x00,0x00,0x00,0x00,0x00,0x00,0x00,0x00,0x00,0x00,0x00,0x00,0x00,0x00,0x00,0x00,
    0x00,0x00,0x00,0x00,0x00,0x00,0x00,0x00,0x00,0x00,0x00,0x00,0x00,0x00,0x00,0x00,0x00,0x00,0x00,0x00,0x00,0x00,0x00,0x00,
    0x00,0x00,0x00,0x00,0x00,0x00,0x00,0x00,0x01,0x00,0x00,0x01,0x00,0x00,0x03,0x00,0x00,0x05,0x00,0x00,0x08,0x00,0x10,0x0D,
    0x00,0x08,0x13,0x00,0x10,0x1A,0x20,0x18,0x23,0x20,0x20,0x2D,0x20,0x28,0x3A,0x20,0x28,0x4B,0x20,0x30,0x61,0x41,0x30,0x7C,
    0x41,0x50,0x96,0x81,0x78,0xB2,0x82,0x80,0xCC,0x82,0x70,0xE1,0x61,0x40,0xF2,0x41,0x18,0xFC,0x20,0x08,0xFF,0x20,0x00,0xFF,
    0x20,0x00,0xFF,0x20,0x00,0xFF,0x20,0x00,0xFF,0x20,0x00,0xFF,0x20,0x00,0xFF,0x20,0x00,0xFF,0x20,0x00,0xFF,0x20,0x00,0xFF,
    0x20,0x00,0xFF,0x20,0x00,0xFF,0x20,0x00,0xFF,0x20,0x00,0xFF,0x20,0x00,0xFF,0x20,0x00,0xFF,0x41,0x10,0xFE,0x41,0x30,0xF6,
    0x82,0x60,0xE7,0x82,0x80,0xD4,0x82,0x80,0xBB,0x61,0x60,0xA0,0x41,0x38,0x85,0x20,0x30,0x6A,0x20,0x30,0x52,0x20,0x28,0x3F,
    0x20,0x28,0x31,0x20,0x20,0x26,0x00,0x18,0x1D,0x00,0x08,0x15,0x00,0x10,0x0F,0x00,0x00,0x0A,0x00,0x00,0x06,0x00,0x00,0x03,
    0x00,0x00,0x02,0x00,0x00,0x01,0x00,0x00,0x00,0x00,0x00,0x00,0x00,0x00,0x00,0x00,0x00,0x00,0x00,0x00,0x00,0x00,0x00,0x00,
    0x00,0x00,0x00,0x00,0x00,0x00,0x00,0x00,0x00,0x00,0x00,0x00,0x00,0x00,0x00,0x00,0x00,0x00,0x00,0x00,0x00,0x00,0x00,0x00,
    0x00,0x00,0x00,0x00,0x00,0x00,0x00,0x00,0x00,0x00,0x00,0x00,0x00,0x00,0x00,0x00,0x00,0x01,0x00,0x00,0x02,0x00,0x00,0x03,
    0x00,0x00,0x06,0x00,0x00,0x09,0x00,0x10,0x0F,0x00,0x10,0x16,0x00,0x18,0x1E,0x20,0x18,0x28,0x20,0x28,0x35,0x20,0x28,0x46,
    0x41,0x30,0x5D,0x41,0x30,0x7C,0x61,0x58,0x9C,0x82,0x80,0xBA,0x82,0x78,0xD7,0x61,0x50,0xED,0x41,0x18,0xFC,0x20,0x00,0xFF,
    0x20,0x00,0xFF,0x20,0x00,0xFF,0x20,0x00,0xFF,0x20,0x08,0xFE,0x20,0x08,0xFE,0x20,0x08,0xFE,0x20,0x08,0xFF,0x20,0x00,0xFF,
    0x20,0x00,0xFF,0x20,0x00,0xFF,0x20,0x00,0xFF,0x20,0x00,0xFF,0x20,0x00,0xFF,0x20,0x08,0xFF,0x20,0x08,0xFF,0x20,0x08,0xFE,
    0x20,0x08,0xFE,0x20,0x00,0xFE,0x20,0x00,0xFF,0x20,0x00,0xFF,0x20,0x00,0xFF,0x21,0x10,0xFF,0x61,0x40,0xF3,0x82,0x70,0xDF,
    0x82,0x80,0xC4,0x61,0x68,0xA6,0x41,0x38,0x86,0x20,0x30,0x67,0x20,0x30,0x4C,0x20,0x28,0x39,0x20,0x20,0x2C,0x20,0x18,0x21,
    0x00,0x10,0x18,0x00,0x08,0x11,0x00,0x00,0x0B,0x00,0x00,0x07,0x00,0x00,0x04,0x00,0x00,0x02,0x00,0x00,0x01,0x00,0x00,0x00,
    0x00,0x00,0x00,0x00,0x00,0x00,0x00,0x00,0x00,0x00,0x00,0x00,0x00,0x00,0x00,0x00,0x00,0x00,0x00,0x00,0x00,0x00,0x00,0x00,
    0x00,0x00,0x00,0x00,0x00,0x00,0x00,0x00,0x00,0x00,0x00,0x00,0x00,0x00,0x00,0x00,0x00,0x00,0x00,0x00,0x00,0x00,0x00,0x00,
    0x00,0x00,0x01,0x00,0x00,0x02,0x00,0x00,0x03,0x00,0x00,0x06,0x00,0x00,0x0A,0x00,0x08,0x10,0x00,0x10,0x18,0x20,0x18,0x21,
    0x20,0x20,0x2D,0x41,0x28,0x3C,0x20,0x30,0x53,0x41,0x30,0x72,0x41,0x48,0x95,0x82,0x78,0xB8,0x82,0x78,0xDA,0x61,0x40,0xF2,
    0x21,0x08,0xFF,0x20,0x00,0xFF,0x20,0x00,0xFF,0x20,0x00,0xFE,0x20,0x08,0xFE,0x20,0x00,0xFF,0x20,0x00,0xFF,0x20,0x00,0xFF,
    0x20,0x00,0xFF,0x20,0x00,0xFF,0x20,0x00,0xFF,0x20,0x00,0xFF,0x20,0x00,0xFF,0x20,0x00,0xFF,0x20,0x00,0xFF,0x20,0x00,0xFF,
    0x20,0x00,0xFF,0x20,0x00,0xFF,0x20,0x00,0xFF,0x20,0x00,0xFF,0x20,0x00,0xFF,0x20,0x00,0xFF,0x20,0x00,0xFF,0x20,0x08,0xFE,
    0x20,0x00,0xFE,0x20,0x00,0xFF,0x20,0x00,0xFF,0x20,0x00,0xFF,0x41,0x28,0xF8,0x82,0x68,0xE3,0x82,0x80,0xC3,0x61,0x60,0xA1,
    0x41,0x38,0x7D,0x41,0x30,0x5C,0x20,0x28,0x43,0x20,0x28,0x31,0x20,0x20,0x25,0x00,0x10,0x1B,0x00,0x08,0x13,0x00,0x00,0x0C,
    0x00,0x00,0x07,0x00,0x00,0x04,0x00,0x00,0x02,0x00,0x00,0x01,0x00,0x00,0x00,0x00,0x00,0x00,0x00,0x00,0x00,0x00,0x00,0x00,
    0x00,0x00,0x00,0x00,0x00,0x00,0x00,0x00,0x00,0x00,0x00,0x00,0x00,0x00,0x00,0x00,0x00,0x00,0x00,0x00,0x00,0x00,0x00,0x00,
    0x00,0x00,0x00,0x00,0x00,0x00,0x00,0x00,0x00,0x00,0x00,0x01,0x00,0x00,0x02,0x00,0x00,0x03,0x00,0x00,0x06,0x00,0x00,0x0B,
    0x00,0x08,0x11,0x00,0x10,0x1A,0x20,0x18,0x24,0x20,0x28,0x31,0x20,0x28,0x43,0x41,0x30,0x5E,0x20,0x38,0x84,0x61,0x68,0xAC,
    0x82,0x88,0xD0,0x62,0x58,0xEE,0x20,0x08,0xFF,0x20,0x00,0xFF,0x20,0x00,0xFF,0x20,0x08,0xFE,0x20,0x00,0xFF,0x20,0x00,0xFF,
    0x20,0x00,0xFF,0x20,0x00,0xFF,0x20,0x00,0xFF,0x20,0x00,0xFF,0x20,0x00,0xFF,0x20,0x00,0xFF,0x20,0x00,0xFF,0x20,0x00,0xFF,
    0x20,0x00,0xFF,0x20,0x00,0xFF,0x20,0x00,0xFF,0x20,0x00,0xFF,0x20,0x00,0xFF,0x20,0x00,0xFF,0x20,0x00,0xFF,0x20,0x00,0xFF,
    0x20,0x00,0xFF,0x20,0x00,0xFF,0x20,0x00,0xFF,0x20,0x00,0xFF,0x20,0x00,0xFF,0x20,0x00,0xFF,0x20,0x08,0xFF,0x20,0x00,0xFE,
    0x20,0x00,0xFF,0x20,0x00,0xFF,0x41,0x38,0xF6,0x82,0x80,0xDB,0x82,0x80,0xB8,0x41,0x48,0x91,0x20,0x30,0x6A,0x20,0x28,0x4B,
    0x20,0x28,0x36,0x20,0x18,0x28,0x00,0x18,0x1D,0x00,0x08,0x14,0x00,0x10,0x0D,0x00,0x00,0x08,0x00,0x00,0x04,0x00,0x00,0x02,
    0x00,0x00,0x01,0x00,0x00,0x00,0x00,0x00,0x00,0x00,0x00,0x00,0x00,0x00,0x00,0x00,0x00,0x00,0x00,0x00,0x00,0x00,0x00,0x00,
    0x00,0x00,0x00,0x00,0x00,0x00,0x00,0x00,0x00,0x00,0x00,0x00,0x00,0x00,0x00,0x00,0x00,0x00,0x00,0x00,0x01,0x00,0x00,0x02,
    0x00,0x00,0x03,0x00,0x00,0x06,0x00,0x00,0x0B,0x00,0x08,0x12,0x00,0x10,0x1B,0x20,0x20,0x26,0x20,0x20,0x34,0x20,0x30,0x4A,
    0x20,0x30,0x6A,0x41,0x48,0x93,0x82,0x80,0xBB,0x82,0x70,0xE3,0x41,0x20,0xFC,0x20,0x00,0xFF,0x20,0x00,0xFF,0x20,0x08,0xFE,
    0x20,0x00,0xFF,0x20,0x00,0xFF,0x20,0x00,0xFF,0x20,0x00,0xFF,0x20,0x00,0xFF,0x20,0x00,0xFF,0x20,0x00,0xFF,0x20,0x00,0xFF,
    0x20,0x00,0xFF,0x20,0x00,0xFF,0x20,0x00,0xFF,0x20,0x00,0xFF,0x20,0x00,0xFF,0x20,0x00,0xFF,0x20,0x00,0xFF,0x20,0x00,0xFF,
    0x20,0x00,0xFF,0x20,0x00,0xFF,0x20,0x00,0xFF,0x20,0x00,0xFF,0x20,0x00,0xFF,0x20,0x00,0xFF,0x20,0x00,0xFF,0x20,0x00,0xFF,
    0x20,0x00,0xFF,0x20,0x00,0xFF,0x20,0x00,0xFF,0x20,0x00,0xFF,0x20,0x08,0xFF,0x20,0x00,0xFE,0x20,0x00,0xFF,0x21,0x08,0xFF,
    0x61,0x58,0xEE,0x82,0x88,0xC9,0x61,0x58,0xA0,0x20,0x30,0x76,0x20,0x30,0x53,0x20,0x28,0x3A,0x20,0x20,0x2A,0x00,0x18,0x1E,
    0x00,0x08,0x14,0x00,0x10,0x0D,0x00,0x00,0x08,0x00,0x00,0x04,0x00,0x00,0x02,0x00,0x00,0x01,0x00,0x00,0x00,0x00,0x00,0x00,
    0x00,0x00,0x00,0x00,0x00,0x00,0x00,0x00,0x00,0x00,0x00,0x00,0x00,0x00,0x00,0x00,0x00,0x00,0x00,0x00,0x00,0x00,0x00,0x00,
    0x00,0x00,0x00,0x00,0x00,0x01,0x00,0x00,0x01,0x00,0x00,0x03,0x00,0x00,0x06,0x00,0x00,0x0B,0x00,0x08,0x12,0x00,0x10,0x1B,
    0x20,0x20,0x27,0x20,0x28,0x36,0x20,0x30,0x4E,0x41,0x30,0x73,0x61,0x58,0x9E,0x82,0x88,0xCA,0x61,0x58,0xEE,0x20,0x00,0xFF,
    0x20,0x00,0xFF,0x20,0x08,0xFE,0x20,0x00,0xFF,0x20,0x00,0xFF,0x20,0x00,0xFF,0x20,0x00,0xFF,0x20,0x00,0xFF,0x20,0x00,0xFF,
    0x20,0x00,0xFF,0x20,0x00,0xFF,0x20,0x00,0xFF,0x20,0x00,0xFF,0x20,0x00,0xFF,0x20,0x00,0xFF,0x20,0x00,0xFF,0x20,0x00,0xFF,
    0x20,0x00,0xFF,0x20,0x00,0xFF,0x20,0x00,0xFF,0x20,0x00,0xFF,0x20,0x00,0xFF,0x20,0x00,0xFF,0x20,0x00,0xFF,0x20,0x00,0xFF,
    0x20,0x00,0xFF,0x20,0x00,0xFF,0x20,0x00,0xFF,0x20,0x00,0xFF,0x20,0x00,0xFF,0x20,0x00,0xFF,0x20,0x00,0xFF,0x20,0x00,0xFF,
    0x20,0x00,0xFF,0x20,0x00,0xFF,0x20,0x08,0xFF,0x20,0x00,0xFE,0x20,0x00,0xFF,0x41,0x38,0xF7,0x82,0x80,0xD7,0x82,0x70,0xAD,
    0x20,0x38,0x81,0x20,0x30,0x59,0x20,0x28,0x3C,0x20,0x20,0x2B,0x00,0x18,0x1E,0x00,0x08,0x14,0x00,0x10,0x0D,0x00,0x00,0x07,
    0x00,0x00,0x04,0x00,0x00,0x02,0x00,0x00,0x01,0x00,0x00,0x00,0x00,0x00,0x00,0x00,0x00,0x00,0x00,0x00,0x00,0x00,0x00,0x00,
    0x00,0x00,0x00,0x00,0x00,0x00,0x00,0x00,0x00,0x00,0x00,0x00,0x00,0x00,0x00,0x00,0x00,0x01,0x00,0x00,0x03,0x00,0x00,0x06,
    0x00,0x00,0x0A,0x00,0x08,0x11,0x00,0x10,0x1A,0x20,0x20,0x26,0x20,0x28,0x36,0x20,0x30,0x4F,0x41,0x30,0x77,0x61,0x60,0xA7,
    0x82,0x80,0xD5,0x41,0x38,0xF7,0x20,0x00,0xFF,0x20,0x00,0xFE,0x20,0x08,0xFF,0x20,0x00,0xFF,0x20,0x00,0xFF,0x20,0x00,0xFF,
    0x20,0x00,0xFF,0x20,0x00,0xFF,0x20,0x00,0xFF,0x20,0x00,0xFF,0x20,0x00,0xFF,0x20,0x00,0xFF,0x20,0x00,0xFF,0x20,0x00,0xFF,
    0x20,0x00,0xFF,0x20,0x00,0xFF,0x20,0x00,0xFF,0x20,0x00,0xFF,0x20,0x00,0xFF,0x20,0x00,0xFF,0x20,0x00,0xFF,0x20,0x00,0xFF,
    0x20,0x00,0xFF,0x20,0x00,0xFF,0x20,0x00,0xFF,0x20,0x00,0xFF,0x20,0x00,0xFF,0x20,0x00,0xFF,0x20,0x00,0xFF,0x20,0x00,0xFF,
    0x20,0x00,0xFF,0x20,0x00,0xFF,0x20,0x00,0xFF,0x20,0x00,0xFF,0x20,0x00,0xFF,0x20,0x00,0xFF,0x20,0x00,0xFF,0x20,0x00,0xFF,
    0x20,0x08,0xFE,0x20,0x00,0xFF,0x41,0x18,0xFD,0x82,0x70,0xE3,0x82,0x78,0xB6,0x41,0x38,0x87,0x20,0x30,0x5A,0x20,0x28,0x3D,
    0x20,0x20,0x2B,0x00,0x18,0x1E,0x00,0x08,0x14,0x00,0x10,0x0C,0x00,0x00,0x07,0x00,0x00,0x03,0x00,0x00,0x01,0x00,0x00,0x01,
    0x00,0x00,0x00,0x00,0x00,0x00,0x00,0x00,0x00,0x00,0x00,0x00,0x00,0x00,0x00,0x00,0x00,0x00,0x00,0x00,0x00,0x00,0x00,0x00,
    0x00,0x00,0x01,0x00,0x00,0x02,0x00,0x00,0x05,0x00,0x00,0x09,0x00,0x08,0x10,0x00,0x10,0x19,0x20,0x20,0x26,0x20,0x28,0x36,
    0x20,0x30,0x4F,0x41,0x30,0x77,0x61,0x68,0xA8,0x82,0x80,0xD9,0x41,0x18,0xFD,0x20,0x00,0xFF,0x20,0x08,0xFE,0x20,0x00,0xFF,
    0x20,0x00,0xFF,0x20,0x00,0xFF,0x20,0x00,0xFF,0x20,0x00,0xFF,0x20,0x00,0xFF,0x20,0x00,0xFF,0x20,0x00,0xFF,0x20,0x00,0xFF,
    0x20,0x00,0xFF,0x20,0x00,0xFF,0x20,0x00,0xFF,0x20,0x00,0xFF,0x20,0x00,0xFF,0x20,0x00,0xFF,0x20,0x00,0xFF,0x20,0x00,0xFF,
    0x20,0x00,0xFF,0x20,0x00,0xFF,0x20,0x00,0xFF,0x20,0x00,0xFF,0x20,0x00,0xFF,0x20,0x00,0xFF,0x20,0x00,0xFF,0x20,0x00,0xFF,
    0x20,0x00,0xFF,0x20,0x00,0xFF,0x20,0x00,0xFF,0x20,0x00,0xFF,0x20,0x00,0xFF,0x20,0x00,0xFF,0x20,0x00,0xFF,0x20,0x00,0xFF,
    0x20,0x00,0xFF,0x20,0x00,0xFF,0x20,0x00,0xFF,0x20,0x00,0xFF,0x20,0x00,0xFF,0x20,0x08,0xFF,0x20,0x00,0xFF,0x20,0x00,0xFF,
    0x62,0x60,0xE8,0x82,0x80,0xB8,0x41,0x38,0x87,0x20,0x30,0x5B,0x20,0x28,0x3D,0x20,0x20,0x2A,0x00,0x18,0x1D,0x00,0x08,0x13,
    0x00,0x00,0x0B,0x00,0x00,0x06,0x00,0x00,0x03,0x00,0x00,0x01,0x00,0x00,0x00,0x00,0x00,0x00,0x00,0x00,0x00,0x00,0x00,0x00,
    0x00,0x00,0x00,0x00,0x00,0x00,0x00,0x00,0x00,0x00,0x00,0x01,0x00,0x00,0x02,0x00,0x00,0x04,0x00,0x00,0x08,0x00,0x10,0x0F,
    0x00,0x10,0x18,0x20,0x18,0x24,0x20,0x20,0x34,0x20,0x30,0x4E,0x41,0x30,0x77,0x61,0x68,0xA8,0x82,0x80,0xD9,0x41,0x18,0xFD,
    0x20,0x00,0xFF,0x20,0x08,0xFF,0x20,0x00,0xFF,0x20,0x00,0xFF,0x20,0x00,0xFF,0x20,0x00,0xFF,0x20,0x00,0xFF,0x20,0x00,0xFF,
    0x20,0x00,0xFF,0x20,0x00,0xFF,0x20,0x00,0xFF,0x20,0x00,0xFF,0x20,0x00,0xFF,0x20,0x00,0xFF,0x20,0x00,0xFF,0x20,0x00,0xFF,
    0x20,0x00,0xFF,0x20,0x00,0xFF,0x20,0x00,0xFF,0x20,0x00,0xFF,0x20,0x00,0xFF,0x20,0x00,0xFF,0x20,0x00,0xFF,0x20,0x00,0xFF,
    0x20,0x00,0xFF,0x20,0x00,0xFF,0x20,0x00,0xFF,0x20,0x00,0xFF,0x20,0x00,0xFF,0x20,0x00,0xFF,0x20,0x00,0xFF,0x20,0x00,0xFF,
    0x20,0x00,0xFF,0x20,0x00,0xFF,0x20,0x00,0xFF,0x20,0x00,0xFF,0x20,0x00,0xFF,0x20,0x00,0xFF,0x20,0x00,0xFF,0x20,0x00,0xFF,
    0x20,0x00,0xFF,0x20,0x00,0xFF,0x20,0x08,0xFF,0x20,0x00,0xFE,0x20,0x00,0xFF,0x62,0x60,0xE9,0x82,0x80,0xB8,0x41,0x38,0x87,
    0x20,0x30,0x5A,0x20,0x28,0x3B,0x20,0x20,0x29,0x00,0x18,0x1B,0x00,0x08,0x11,0x00,0x00,0x0A,0x00,0x00,0x05,0x00,0x00,0x02,
    0x00,0x00,0x01,0x00,0x00,0x00,0x00,0x00,0x00,0x00,0x00,0x00,0x00,0x00,0x00,0x00,0x00,0x00,0x00,0x00,0x00,0x00,0x00,0x01,
    0x00,0x00,0x03,0x00,0x00,0x07,0x00,0x10,0x0D,0x00,0x10,0x16,0x20,0x18,0x21,0x20,0x28,0x31,0x20,0x30,0x4A,0x20,0x30,0x72,
    0x61,0x60,0xA6,0x82,0x80,0xD9,0x41,0x18,0xFD,0x20,0x00,0xFF,0x20,0x08,0xFF,0x20,0x00,0xFF,0x20,0x00,0xFF,0x20,0x00,0xFF,
    0x20,0x00,0xFF,0x20,0x00,0xFF,0x20,0x00,0xFF,0x20,0x00,0xFF,0x20,0x00,0xFF,0x20,0x00,0xFF,0x20,0x00,0xFF,0x20,0x00,0xFF,
    0x20,0x00,0xFF,0x20,0x00,0xFF,0x20,0x00,0xFF,0x20,0x00,0xFF,0x20,0x00,0xFF,0x20,0x00,0xFF,0x20,0x00,0xFF,0x20,0x00,0xFF,
    0x20,0x00,0xFF,0x20,0x00,0xFF,0x20,0x00,0xFF,0x20,0x00,0xFF,0x20,0x00,0xFF,0x20,0x00,0xFF,0x20,0x00,0xFF,0x20,0x00,0xFF,
    0x20,0x00,0xFF,0x20,0x00,0xFF,0x20,0x00,0xFF,0x20,0x00,0xFF,0x20,0x00,0xFF,0x20,0x00,0xFF,0x20,0x00,0xFF,0x20,0x00,0xFF,
    0x20,0x00,0xFF,0x20,0x00,0xFF,0x20,0x00,0xFF,0x20,0x00,0xFF,0x20,0x00,0xFF,0x20,0x00,0xFF,0x20,0x00,0xFF,0x20,0x00,0xFF,
    0x20,0x00,0xFE,0x20,0x00,0xFF,0x62,0x60,0xE9,0x82,0x80,0xB7,0x41,0x38,0x84,0x20,0x30,0x55,0x20,0x28,0x38,0x20,0x20,0x26,
    0x00,0x10,0x19,0x00,0x10,0x0F,0x00,0x00,0x09,0x00,0x00,0x04,0x00,0x00,0x02,0x00,0x00,0x01,0x00,0x00,0x00,0x00,0x00,0x00,
    0x00,0x00,0x00,0x00,0x00,0x00,0x00,0x00,0x01,0x00,0x00,0x02,0x00,0x00,0x05,0x00,0x00,0x0B,0x00,0x08,0x13,0x00,0x18,0x1E,
    0x20,0x20,0x2D,0x20,0x30,0x43,0x20,0x30,0x6A,0x61,0x58,0x9F,0x82,0x80,0xD5,0x41,0x18,0xFD,0x20,0x00,0xFF,0x20,0x08,0xFE,
    0x20,0x00,0xFF,0x20,0x00,0xFF,0x20,0x00,0xFF,0x20,0x00,0xFF,0x20,0x00,0xFF,0x20,0x00,0xFF,0x20,0x00,0xFF,0x20,0x00,0xFF,
    0x20,0x00,0xFF,0x20,0x00,0xFF,0x20,0x00,0xFF,0x20,0x00,0xFF,0x20,0x00,0xFF,0x20,0x00,0xFF,0x20,0x00,0xFF,0x20,0x00,0xFF,
    0x20,0x00,0xFF,0x20,0x00,0xFF,0x20,0x00,0xFF,0x20,0x00,0xFF,0x20,0x00,0xFF,0x20,0x00,0xFF,0x20,0x00,0xFF,0x20,0x00,0xFF,
    0x20,0x00,0xFF,0x20,0x00,0xFF,0x20,0x00,0xFF,0x20,0x00,0xFF,0x20,0x00,0xFF,0x20,0x00,0xFF,0x20,0x00,0xFF,0x20,0x00,0xFF,
    0x20,0x00,0xFF,0x20,0x00,0xFF,0x20,0x00,0xFF,0x20,0x00,0xFF,0x20,0x00,0xFF,0x20,0x00,0xFF,0x20,0x00,0xFF,0x20,0x00,0xFF,
    0x20,0x00,0xFF,0x20,0x00,0xFF,0x20,0x00,0xFF,0x20,0x00,0xFF,0x20,0x00,0xFF,0x20,0x00,0xFE,0x20,0x00,0xFF,0x81,0x60,0xE6,
    0x61,0x78,0xB0,0x41,0x30,0x7B,0x20,0x30,0x4D,0x20,0x28,0x33,0x20,0x18,0x22,0x00,0x10,0x16,0x00,0x10,0x0D,0x00,0x00,0x07,
    0x00,0x00,0x03,0x00,0x00,0x01,0x00,0x00,0x00,0x00,0x00,0x00,0x00,0x00,0x00,0x00,0x00,0x00,0x00,0x00,0x02,0x00,0x00,0x04,
    0x00,0x00,0x08,0x00,0x08,0x10,0x00,0x10,0x1A,0x20,0x18,0x28,0x20,0x28,0x3C,0x41,0x30,0x5E,0x41,0x48,0x93,0xA2,0x88,0xC9,
    0x41,0x30,0xF7,0x20,0x00,0xFF,0x20,0x08,0xFE,0x20,0x00,0xFF,0x20,0x00,0xFF,0x20,0x00,0xFF,0x20,0x00,0xFF,0x20,0x00,0xFF,
    0x20,0x00,0xFF,0x20,0x00,0xFF,0x20,0x00,0xFF,0x20,0x00,0xFF,0x20,0x00,0xFF,0x20,0x00,0xFF,0x20,0x00,0xFF,0x20,0x00,0xFF,
    0x20,0x00,0xFF,0x20,0x00,0xFF,0x20,0x00,0xFF,0x20,0x00,0xFF,0x20,0x00,0xFF,0x20,0x00,0xFF,0x20,0x00,0xFF,0x20,0x00,0xFF,
    0x20,0x00,0xFF,0x20,0x00,0xFF,0x20,0x00,0xFF,0x20,0x00,0xFF,0x20,0x00,0xFF,0x20,0x00,0xFF,0x20,0x00,0xFF,0x20,0x00,0xFF,
    0x20,0x00,0xFF,0x20,0x00,0xFF,0x20,0x00,0xFF,0x20,0x00,0xFF,0x20,0x00,0xFF,0x20,0x00,0xFF,0x20,0x00,0xFF,0x20,0x00,0xFF,
    0x20,0x00,0xFF,0x20,0x00,0xFF,0x20,0x00,0xFF,0x20,0x00,0xFF,0x20,0x00,0xFF,0x20,0x00,0xFF,0x20,0x00,0xFF,0x20,0x00,0xFF,
    0x20,0x00,0xFF,0x20,0x08,0xFF,0x20,0x00,0xFE,0x21,0x10,0xFE,0x82,0x80,0xDB,0x61,0x60,0xA5,0x20,0x30,0x6E,0x20,0x30,0x45,
    0x20,0x20,0x2E,0x00,0x18,0x1E,0x00,0x08,0x13,0x00,0x00,0x0A,0x00,0x00,0x05,0x00,0x00,0x02,0x00,0x00,0x01,0x00,0x00,0x00,
    0x00,0x00,0x00,0x00,0x00,0x01,0x00,0x00,0x03,0x00,0x00,0x06,0x00,0x10,0x0C,0x00,0x10,0x16,0x20,0x18,0x23,0x20,0x28,0x35,
    0x20,0x30,0x53,0x20,0x38,0x84,0x82,0x80,0xBC,0x61,0x58,0xEF,0x20,0x00,0xFF,0x20,0x08,0xFE,0x20,0x00,0xFF,0x20,0x00,0xFF,
    0x20,0x00,0xFF,0x20,0x00,0xFF,0x20,0x00,0xFF,0x20,0x00,0xFF,0x20,0x00,0xFF,0x20,0x00,0xFF,0x20,0x00,0xFF,0x20,0x00,0xFF,
    0x20,0x00,0xFF,0x20,0x00,0xFF,0x20,0x00,0xFF,0x20,0x00,0xFF,0x20,0x00,0xFF,0x20,0x00,0xFF,0x20,0x00,0xFF,0x20,0x00,0xFF,
    0x20,0x00,0xFF,0x20,0x00,0xFF,0x20,0x00,0xFF,0x20,0x00,0xFF,0x20,0x00,0xFF,0x20,0x00,0xFF,0x20,0x00,0xFF,0x20,0x00,0xFF,
    0x20,0x00,0xFF,0x20,0x00,0xFF,0x20,0x00,0xFF,0x20,0x00,0xFF,0x20,0x00,0xFF,0x20,0x00,0xFF,0x20,0x00,0xFF,0x20,0x00,0xFF,
    0x20,0x00,0xFF,0x20,0x00,0xFF,0x20,0x00,0xFF,0x20,0x00,0xFF,0x20,0x00,0xFF,0x20,0x00,0xFF,0x20,0x00,0xFF,0x20,0x00,0xFF,
    0x20,0x00,0xFF,0x20,0x00,0xFF,0x20,0x00,0xFF,0x20,0x00,0xFF,0x20,0x00,0xFF,0x20,0x00,0xFF,0x20,0x08,0xFF,0x20,0x00,0xFF,
    0x41,0x28,0xFA,0x82,0x90,0xCE,0x41,0x48,0x97,0x20,0x30,0x61,0x20,0x28,0x3D,0x20,0x18,0x28,0x00,0x10,0x1A,0x00,0x10,0x0F,
    0x00,0x00,0x08,0x00,0x00,0x04,0x00,0x00,0x01,0x00,0x00,0x00,0x00,0x00,0x00,0x00,0x00,0x02,0x00,0x00,0x04,0x00,0x00,0x09,
    0x00,0x08,0x11,0x00,0x18,0x1D,0x20,0x20,0x2D,0x20,0x28,0x46,0x41,0x30,0x72,0x61,0x68,0xAB,0x82,0x70,0xE4,0x20,0x00,0xFF,
    0x20,0x00,0xFE,0x20,0x00,0xFF,0x20,0x00,0xFF,0x20,0x00,0xFF,0x20,0x00,0xFF,0x20,0x00,0xFF,0x20,0x00,0xFF,0x20,0x00,0xFF,
    0x20,0x00,0xFF,0x20,0x00,0xFF,0x20,0x00,0xFF,0x20,0x00,0xFF,0x20,0x00,0xFF,0x20,0x00,0xFF,0x20,0x00,0xFF,0x20,0x00,0xFF,
    0x20,0x00,0xFF,0x20,0x00,0xFF,0x20,0x00,0xFF,0x20,0x00,0xFF,0x20,0x00,0xFF,0x20,0x00,0xFF,0x20,0x00,0xFF,0x20,0x00,0xFF,
    0x20,0x00,0xFF,0x20,0x00,0xFF,0x20,0x00,0xFF,0x20,0x00,0xFF,0x20,0x00,0xFF,0x20,0x00,0xFF,0x20,0x00,0xFF,0x20,0x00,0xFF,
    0x20,0x00,0xFF,0x20,0x00,0xFF,0x20,0x00,0xFF,0x20,0x00,0xFF,0x20,0x00,0xFF,0x20,0x00,0xFF,0x20,0x00,0xFF,0x20,0x00,0xFF,
    0x20,0x00,0xFF,0x20,0x00,0xFF,0x20,0x00,0xFF,0x20,0x00,0xFF,0x20,0x00,0xFF,0x20,0x00,0xFF,0x20,0x00,0xFF,0x20,0x00,0xFF,
    0x20,0x00,0xFF,0x20,0x00,0xFF,0x20,0x00,0xFF,0x20,0x08,0xFE,0x20,0x00,0xFF,0x61,0x48,0xF3,0x82,0x88,0xBE,0x41,0x38,0x85,
    0x20,0x30,0x52,0x20,0x20,0x34,0x20,0x18,0x22,0x00,0x08,0x15,0x00,0x00,0x0C,0x00,0x00,0x06,0x00,0x00,0x02,0x00,0x00,0x01,
    0x00,0x00,0x01,0x00,0x00,0x03,0x00,0x00,0x07,0x00,0x10,0x0D,0x00,0x10,0x17,0x20,0x20,0x25,0x20,0x28,0x39,0x20,0x30,0x5D,
    0x41,0x48,0x95,0x82,0x88,0xD0,0x41,0x18,0xFD,0x20,0x00,0xFF,0x20,0x08,0xFF,0x20,0x00,0xFF,0x20,0x00,0xFF,0x20,0x00,0xFF,
    0x20,0x00,0xFF,0x20,0x00,0xFF,0x20,0x00,0xFF,0x20,0x00,0xFF,0x20,0x00,0xFF,0x20,0x00,0xFF,0x20,0x00,0xFF,0x20,0x00,0xFF,
    0x20,0x00,0xFF,0x20,0x00,0xFF,0x20,0x00,0xFF,0x20,0x00,0xFF,0x20,0x00,0xFF,0x20,0x00,0xFF,0x20,0x00,0xFF,0x20,0x00,0xFF,
    0x20,0x00,0xFF,0x20,0x00,0xFF,0x20,0x00,0xFF,0x20,0x00,0xFF,0x20,0x00,0xFF,0x20,0x00,0xFF,0x20,0x00,0xFF,0x20,0x00,0xFF,
    0x20,0x00,0xFF,0x20,0x00,0xFF,0x20,0x00,0xFF,0x20,0x00,0xFF,0x20,0x00,0xFF,0x20,0x00,0xFF,0x20,0x00,0xFF,0x20,0x00,0xFF,
    0x20,0x00,0xFF,0x20,0x00,0xFF,0x20,0x00,0xFF,0x20,0x00,0xFF,0x20,0x00,0xFF,0x20,0x00,0xFF,0x20,0x00,0xFF,0x20,0x00,0xFF,
    0x20,0x00,0xFF,0x20,0x00,0xFF,0x20,0x00,0xFF,0x20,0x00,0xFF,0x20,0x00,0xFF,0x20,0x00,0xFF,0x20,0x00,0xFF,0x20,0x00,0xFF,
    0x20,0x00,0xFE,0x20,0x00,0xFF,0x82,0x70,0xE3,0x61,0x68,0xA9,0x20,0x30,0x6E,0x20,0x30,0x43,0x20,0x20,0x2B,0x00,0x18,0x1C,
    0x00,0x08,0x10,0x00,0x00,0x08,0x00,0x00,0x04,0x00,0x00,0x01,0x00,0x00,0x02,0x00,0x00,0x04,0x00,0x00,0x09,0x00,0x08,0x12,
    0x00,0x18,0x1E,0x20,0x20,0x2F,0x20,0x28,0x4B,0x41,0x30,0x7B,0x82,0x78,0xB8,0x61,0x58,0xEF,0x20,0x00,0xFF,0x20,0x08,0xFE,
    0x20,0x00,0xFF,0x20,0x00,0xFF,0x20,0x00,0xFF,0x20,0x00,0xFF,0x20,0x00,0xFF,0x20,0x00,0xFF,0x20,0x00,0xFF,0x20,0x00,0xFF,
    0x20,0x00,0xFF,0x20,0x00,0xFF,0x20,0x00,0xFF,0x20,0x00,0xFF,0x20,0x00,0xFF,0x20,0x00,0xFF,0x20,0x00,0xFF,0x20,0x00,0xFF,
    0x20,0x00,0xFF,0x20,0x00,0xFF,0x20,0x00,0xFF,0x20,0x00,0xFF,0x20,0x00,0xFF,0x20,0x00,0xFF,0x20,0x00,0xFF,0x20,0x00,0xFF,
    0x20,0x00,0xFF,0x20,0x00,0xFF,0x20,0x00,0xFF,0x20,0x00,0xFF,0x20,0x00,0xFF,0x20,0x00,0xFF,0x20,0x00,0xFF,0x20,0x00,0xFF,
    0x20,0x00,0xFF,0x20,0x00,0xFF,0x20,0x00,0xFF,0x20,0x00,0xFF,0x20,0x00,0xFF,0x20,0x00,0xFF,0x20,0x00,0xFF,0x20,0x00,0xFF,
    0x20,0x00,0xFF,0x20,0x00,0xFF,0x20,0x00,0xFF,0x20,0x00,0xFF,0x20,0x00,0xFF,0x20,0x00,0xFF,0x20,0x00,0xFF,0x20,0x00,0xFF,
    0x20,0x00,0xFF,0x20,0x00,0xFF,0x20,0x00,0xFF,0x20,0x00,0xFF,0x20,0x08,0xFF,0x20,0x00,0xFF,0x41,0x28,0xFA,0xA2,0x88,0xCB,
    0x41,0x40,0x90,0x20,0x30,0x58,0x20,0x28,0x36,0x20,0x18,0x23,0x00,0x10,0x16,0x00,0x00,0x0C,0x00,0x00,0x05,0x00,0x00,0x02,
    0x00,0x00,0x02,0x00,0x00,0x06,0x00,0x10,0x0D,0x00,0x10,0x17,0x20,0x20,0x26,0x41,0x28,0x3B,0x20,0x30,0x61,0x41,0x58,0x9C,
    0x82,0x78,0xD9,0x20,0x08,0xFF,0x20,0x00,0xFE,0x20,0x00,0xFF,0x20,0x00,0xFF,0x20,0x00,0xFF,0x20,0x00,0xFF,0x20,0x00,0xFF,
    0x20,0x00,0xFF,0x20,0x00,0xFF,0x20,0x00,0xFF,0x20,0x00,0xFF,0x20,0x00,0xFF,0x20,0x00,0xFF,0x20,0x00,0xFF,0x20,0x00,0xFF,
    0x20,0x00,0xFF,0x20,0x00,0xFF,0x20,0x00,0xFF,0x20,0x00,0xFF,0x20,0x00,0xFF,0x20,0x00,0xFF,0x20,0x00,0xFF,0x20,0x00,0xFF,
    0x20,0x00,0xFF,0x20,0x00,0xFF,0x20,0x00,0xFF,0x20,0x00,0xFF,0x20,0x00,0xFF,0x20,0x00,0xFF,0x20,0x00,0xFF,0x20,0x00,0xFF,
    0x20,0x00,0xFF,0x20,0x00,0xFF,0x20,0x00,0xFF,0x20,0x00,0xFF,0x20,0x00,0xFF,0x20,0x00,0xFF,0x20,0x00,0xFF,0x20,0x00,0xFF,
    0x20,0x00,0xFF,0x20,0x00,0xFF,0x20,0x00,0xFF,0x20,0x00,0xFF,0x20,0x00,0xFF,0x20,0x00,0xFF,0x20,0x00,0xFF,0x20,0x00,0xFF,
    0x20,0x00,0xFF,0x20,0x00,0xFF,0x20,0x00,0xFF,0x20,0x00,0xFF,0x20,0x00,0xFF,0x20,0x00,0xFF,0x20,0x00,0xFF,0x20,0x00,0xFF,
    0x20,0x00,0xFF,0x20,0x08,0xFE,0x20,0x00,0xFF,0x61,0x58,0xEB,0x61,0x78,0xB0,0x20,0x30,0x73,0x20,0x30,0x45,0x20,0x20,0x2C,
    0x00,0x18,0x1C,0x00,0x08,0x10,0x00,0x00,0x08,0x00,0x00,0x04,0x00,0x00,0x04,0x00,0x00,0x09,0x00,0x08,0x11,0x00,0x18,0x1D,
    0x20,0x20,0x2E,0x20,0x30,0x4A,0x41,0x30,0x7C,0x82,0x80,0xBA,0x61,0x40,0xF3,0x20,0x00,0xFF,0x20,0x08,0xFE,0x20,0x00,0xFF,
    0x20,0x00,0xFF,0x20,0x00,0xFF,0x20,0x00,0xFF,0x20,0x00,0xFF,0x20,0x00,0xFF,0x20,0x00,0xFF,0x20,0x00,0xFF,0x20,0x00,0xFF,
    0x20,0x00,0xFF,0x20,0x00,0xFF,0x20,0x00,0xFF,0x20,0x00,0xFF,0x20,0x00,0xFF,0x20,0x00,0xFF,0x20,0x00,0xFF,0x20,0x00,0xFF,
    0x20,0x00,0xFF,0x20,0x00,0xFF,0x20,0x00,0xFF,0x20,0x00,0xFF,0x20,0x00,0xFF,0x20,0x00,0xFF,0x20,0x00,0xFF,0x20,0x00,0xFF,
    0x20,0x00,0xFF,0x20,0x00,0xFF,0x20,0x00,0xFF,0x20,0x00,0xFF,0x20,0x00,0xFF,0x20,0x00,0xFF,0x20,0x00,0xFF,0x20,0x00,0xFF,
    0x20,0x00,0xFF,0x20,0x00,0xFF,0x20,0x00,0xFF,0x20,0x00,0xFF,0x20,0x00,0xFF,0x20,0x00,0xFF,0x20,0x00,0xFF,0x20,0x00,0xFF,
    0x20,0x00,0xFF,0x20,0x00,0xFF,0x20,0x00,0xFF,0x20,0x00,0xFF,0x20,0x00,0xFF,0x20,0x00,0xFF,0x20,0x00,0xFF,0x20,0x00,0xFF,
    0x20,0x00,0xFF,0x20,0x00,0xFF,0x20,0x00,0xFF,0x20,0x00,0xFF,0x20,0x00,0xFF,0x20,0x00,0xFF,0x20,0x00,0xFF,0x41,0x18,0xFD,
    0x82,0x80,0xCF,0x41,0x48,0x90,0x20,0x30,0x58,0x20,0x28,0x36,0x20,0x18,0x22,0x00,0x08,0x15,0x00,0x00,0x0B,0x00,0x00,0x05,
    0x00,0x00,0x05,0x00,0x00,0x0B,0x00,0x08,0x15,0x20,0x18,0x24,0x20,0x28,0x38,0x20,0x28,0x5C,0x41,0x50,0x97,0x82,0x78,0xD7,
    0x20,0x08,0xFF,0x20,0x00,0xFF,0x20,0x00,0xFF,0x20,0x00,0xFF,0x20,0x00,0xFF,0x20,0x00,0xFF,0x20,0x00,0xFF,0x20,0x00,0xFF,
    0x20,0x00,0xFF,0x20,0x00,0xFF,0x20,0x00,0xFF,0x20,0x00,0xFF,0x20,0x00,0xFF,0x20,0x00,0xFF,0x20,0x00,0xFF,0x20,0x00,0xFF,
    0x20,0x00,0xFF,0x20,0x00,0xFF,0x20,0x00,0xFF,0x20,0x00,0xFF,0x20,0x00,0xFF,0x20,0x00,0xFF,0x20,0x00,0xFF,0x20,0x00,0xFF,
    0x20,0x00,0xFF,0x20,0x00,0xFF,0x20,0x00,0xFF,0x20,0x00,0xFF,0x20,0x00,0xFF,0x20,0x00,0xFF,0x20,0x00,0xFF,0x20,0x00,0xFF,
    0x20,0x00,0xFF,0x20,0x00,0xFF,0x20,0x00,0xFF,0x20,0x00,0xFF,0x20,0x00,0xFF,0x20,0x00,0xFF,0x20,0x00,0xFF,0x20,0x00,0xFF,
    0x20,0x00,0xFF,0x20,0x00,0xFF,0x20,0x00,0xFF,0x20,0x00,0xFF,0x20,0x00,0xFF,0x20,0x00,0xFF,0x20,0x00,0xFF,0x20,0x00,0xFF,
    0x20,0x00,0xFF,0x20,0x00,0xFF,0x20,0x00,0xFF,0x20,0x00,0xFF,0x20,0x00,0xFF,0x20,0x00,0xFF,0x20,0x00,0xFF,0x20,0x00,0xFF,
    0x20,0x00,0xFF,0x20,0x00,0xFF,0x20,0x08,0xFE,0x20,0x00,0xFF,0x61,0x50,0xEA,0x61,0x70,0xAC,0x20,0x30,0x6E,0x20,0x28,0x42,
    0x20,0x20,0x29,0x00,0x10,0x1A,0x00,0x10,0x0E,0x00,0x00,0x07,0x00,0x00,0x07,0x00,0x10,0x0F,0x00,0x10,0x1A,0x20,0x20,0x2A,
    0x20,0x30,0x44,0x20,0x30,0x73,0x82,0x78,0xB2,0x61,0x50,0xEE,0x20,0x00,0xFF,0x20,0x08,0xFE,0x20,0x00,0xFF,0x20,0x00,0xFF,
    0x20,0x00,0xFF,0x20,0x00,0xFF,0x20,0x00,0xFF,0x20,0x00,0xFF,0x20,0x00,0xFF,0x20,0x00,0xFF,0x20,0x00,0xFF,0x20,0x00,0xFF,
    0x20,0x00,0xFF,0x20,0x00,0xFF,0x20,0x00,0xFF,0x20,0x00,0xFF,0x20,0x00,0xFF,0x20,0x00,0xFF,0x20,0x00,0xFF,0x20,0x00,0xFF,
    0x20,0x00,0xFF,0x20,0x00,0xFF,0x20,0x00,0xFF,0x20,0x00,0xFF,0x20,0x00,0xFF,0x20,0x00,0xFF,0x20,0x00,0xFF,0x20,0x00,0xFF,
    0x20,0x00,0xFF,0x20,0x00,0xFF,0x20,0x00,0xFF,0x20,0x00,0xFF,0x20,0x00,0xFF,0x20,0x00,0xFF,0x20,0x00,0xFF,0x20,0x00,0xFF,
    0x20,0x00,0xFF,0x20,0x00,0xFF,0x20,0x00,0xFF,0x20,0x00,0xFF,0x20,0x00,0xFF,0x20,0x00,0xFF,0x20,0x00,0xFF,0x20,0x00,0xFF,
    0x20,0x00,0xFF,0x20,0x00,0xFF,0x20,0x00,0xFF,0x20,0x00,0xFF,0x20,0x00,0xFF,0x20,0x00,0xFF,0x20,0x00,0xFF,0x20,0x00,0xFF,
    0x20,0x00,0xFF,0x20,0x00,0xFF,0x20,0x00,0xFF,0x20,0x00,0xFF,0x20,0x00,0xFF,0x20,0x00,0xFF,0x20,0x08,0xFF,0x20,0x00,0xFF,
    0x41,0x28,0xFA,0x82,0x88,0xC7,0x41,0x40,0x88,0x20,0x28,0x51,0x20,0x28,0x32,0x00,0x18,0x1F,0x00,0x08,0x12,0x00,0x00,0x0A,
    0x00,0x00,0x0A,0x00,0x08,0x12,0x00,0x10,0x20,0x20,0x28,0x32,0x20,0x30,0x52,0x41,0x40,0x8B,0x82,0x80,0xCC,0x41,0x18,0xFD,
    0x20,0x00,0xFF,0x20,0x00,0xFF,0x20,0x00,0xFF,0x20,0x00,0xFF,0x20,0x00,0xFF,0x20,0x00,0xFF,0x20,0x00,0xFF,0x20,0x00,0xFF,
    0x20,0x00,0xFF,0x20,0x00,0xFF,0x20,0x00,0xFF,0x20,0x00,0xFF,0x20,0x00,0xFF,0x20,0x00,0xFF,0x20,0x00,0xFF,0x20,0x00,0xFF,
    0x20,0x00,0xFF,0x20,0x00,0xFF,0x20,0x00,0xFF,0x20,0x00,0xFF,0x20,0x00,0xFF,0x20,0x00,0xFF,0x20,0x00,0xFF,0x20,0x00,0xFF,
    0x20,0x00,0xFF,0x20,0x00,0xFF,0x20,0x00,0xFF,0x20,0x00,0xFF,0x20,0x00,0xFF,0x20,0x00,0xFF,0x20,0x00,0xFF,0x20,0x00,0xFF,
    0x20,0x00,0xFF,0x20,0x00,0xFF,0x20,0x00,0xFF,0x20,0x00,0xFF,0x20,0x00,0xFF,0x20,0x00,0xFF,0x20,0x00,0xFF,0x20,0x00,0xFF,
    0x20,0x00,0xFF,0x20,0x00,0xFF,0x20,0x00,0xFF,0x20,0x00,0xFF,0x20,0x00,0xFF,0x20,0x00,0xFF,0x20,0x00,0xFF,0x20,0x00,0xFF,
    0x20,0x00,0xFF,0x20,0x00,0xFF,0x20,0x00,0xFF,0x20,0x00,0xFF,0x20,0x00,0xFF,0x20,0x00,0xFF,0x20,0x00,0xFF,0x20,0x00,0xFF,
    0x20,0x00,0xFF,0x20,0x00,0xFF,0x20,0x00,0xFF,0x20,0x00,0xFE,0x20,0x00,0xFF,0x82,0x68,0xE1,0x61,0x60,0xA1,0x20,0x30,0x63,
    0x20,0x28,0x3A,0x20,0x20,0x25,0x00,0x10,0x16,0x00,0x10,0x0C,0x00,0x10,0x0C,0x00,0x10,0x16,0x20,0x20,0x25,0x20,0x28,0x3B,
    0x20,0x30,0x63,0x61,0x60,0xA1,0x82,0x70,0xE1,0x20,0x00,0xFF,0x20,0x00,0xFE,0x20,0x00,0xFF,0x20,0x00,0xFF,0x20,0x00,0xFF,
    0x20,0x00,0xFF,0x20,0x00,0xFF,0x20,0x00,0xFF,0x20,0x00,0xFF,0x20,0x00,0xFF,0x20,0x00,0xFF,0x20,0x00,0xFF,0x20,0x00,0xFF,
    0x20,0x00,0xFF,0x20,0x00,0xFF,0x20,0x00,0xFF,0x20,0x00,0xFF,0x20,0x00,0xFF,0x20,0x00,0xFF,0x20,0x00,0xFF,0x20,0x00,0xFF,
    0x20,0x00,0xFF,0x20,0x00,0xFF,0x20,0x00,0xFF,0x20,0x00,0xFF,0x20,0x00,0xFF,0x20,0x00,0xFF,0x20,0x00,0xFF,0x20,0x00,0xFF,
    0x20,0x00,0xFF,0x20,0x00,0xFF,0x20,0x00,0xFF,0x20,0x00,0xFF,0x20,0x00,0xFF,0x20,0x00,0xFF,0x20,0x00,0xFF,0x20,0x00,0xFF,
    0x20,0x00,0xFF,0x20,0x00,0xFF,0x20,0x00,0xFF,0x20,0x00,0xFF,0x20,0x00,0xFF,0x20,0x00,0xFF,0x20,0x00,0xFF,0x20,0x00,0xFF,
    0x20,0x00,0xFF,0x20,0x00,0xFF,0x20,0x00,0xFF,0x20,0x00,0xFF,0x20,0x00,0xFF,0x20,0x00,0xFF,0x20,0x00,0xFF,0x20,0x00,0xFF,
    0x20,0x00,0xFF,0x20,0x00,0xFF,0x20,0x00,0xFF,0x20,0x00,0xFF,0x20,0x00,0xFF,0x20,0x00,0xFF,0x20,0x00,0xFF,0x20,0x08,0xFE,
    0x20,0x00,0xFF,0x61,0x40,0xF2,0x82,0x80,0xB7,0x20,0x30,0x76,0x20,0x30,0x45,0x20,0x20,0x2B,0x00,0x10,0x1B,0x00,0x08,0x10,
    0x00,0x10,0x0F,0x00,0x10,0x1A,0x20,0x20,0x2A,0x20,0x30,0x44,0x20,0x30,0x74,0x82,0x80,0xB5,0x61,0x40,0xF1,0x20,0x00,0xFF,
    0x20,0x08,0xFE,0x20,0x00,0xFF,0x20,0x00,0xFF,0x20,0x00,0xFF,0x20,0x00,0xFF,0x20,0x00,0xFF,0x20,0x00,0xFF,0x20,0x00,0xFF,
    0x20,0x00,0xFF,0x20,0x00,0xFF,0x20,0x00,0xFF,0x20,0x00,0xFF,0x20,0x00,0xFF,0x20,0x00,0xFF,0x20,0x00,0xFF,0x20,0x00,0xFF,
    0x20,0x00,0xFF,0x20,0x00,0xFF,0x20,0x00,0xFF,0x20,0x00,0xFF,0x20,0x00,0xFF,0x20,0x00,0xFF,0x20,0x00,0xFF,0x20,0x00,0xFF,
    0x20,0x00,0xFF,0x20,0x00,0xFF,0x20,0x00,0xFF,0x20,0x00,0xFF,0x20,0x00,0xFF,0x20,0x00,0xFF,0x20,0x00,0xFF,0x20,0x00,0xFF,
    0x20,0x00,0xFF,0x20,0x00,0xFF,0x20,0x00,0xFF,0x20,0x00,0xFF,0x20,0x00,0xFF,0x20,0x00,0xFF,0x20,0x00,0xFF,0x20,0x00,0xFF,
    0x20,0x00,0xFF,0x20,0x00,0xFF,0x20,0x00,0xFF,0x20,0x00,0xFF,0x20,0x00,0xFF,0x20,0x00,0xFF,0x20,0x00,0xFF,0x20,0x00,0xFF,
    0x20,0x00,0xFF,0x20,0x00,0xFF,0x20,0x00,0xFF,0x20,0x00,0xFF,0x20,0x00,0xFF,0x20,0x00,0xFF,0x20,0x00,0xFF,0x20,0x00,0xFF,
    0x20,0x00,0xFF,0x20,0x00,0xFF,0x20,0x00,0xFF,0x20,0x00,0xFF,0x20,0x00,0xFF,0x41,0x18,0xFD,0x82,0x80,0xCB,0x41,0x40,0x89,
    0x20,0x28,0x51,0x20,0x28,0x31,0x00,0x18,0x1F,0x00,0x08,0x13,0x00,0x08,0x12,0x00,0x18,0x1E,0x20,0x28,0x30,0x20,0x30,0x4F,
    0x41,0x40,0x86,0x82,0x80,0xC9,0x41,0x18,0xFD,0x20,0x00,0xFF,0x20,0x00,0xFF,0x20,0x00,0xFF,0x20,0x00,0xFF,0x20,0x00,0xFF,
    0x20,0x00,0xFF,0x20,0x00,0xFF,0x20,0x00,0xFF,0x20,0x00,0xFF,0x20,0x00,0xFF,0x20,0x00,0xFF,0x20,0x00,0xFF,0x20,0x00,0xFF,
    0x20,0x00,0xFF,0x20,0x00,0xFF,0x20,0x00,0xFF,0x20,0x00,0xFF,0x20,0x00,0xFF,0x20,0x00,0xFF,0x20,0x00,0xFF,0x20,0x00,0xFF,
    0x20,0x00,0xFF,0x20,0x00,0xFF,0x20,0x00,0xFF,0x20,0x00,0xFF,0x20,0x00,0xFF,0x20,0x00,0xFF,0x20,0x00,0xFF,0x20,0x00,0xFF,
    0x20,0x00,0xFF,0x20,0x00,0xFF,0x20,0x00,0xFF,0x20,0x00,0xFF,0x20,0x00,0xFF,0x20,0x00,0xFF,0x20,0x00,0xFF,0x20,0x00,0xFF,
    0x20,0x00,0xFF,0x20,0x00,0xFF,0x20,0x00,0xFF,0x20,0x00,0xFF,0x20,0x00,0xFF,0x20,0x00,0xFF,0x20,0x00,0xFF,0x20,0x00,0xFF,
    0x20,0x00,0xFF,0x20,0x00,0xFF,0x20,0x00,0xFF,0x20,0x00,0xFF,0x20,0x00,0xFF,0x20,0x00,0xFF,0x20,0x00,0xFF,0x20,0x00,0xFF,
    0x20,0x00,0xFF,0x20,0x00,0xFF,0x20,0x00,0xFF,0x20,0x00,0xFF,0x20,0x00,0xFF,0x20,0x00,0xFF,0x20,0x00,0xFF,0x20,0x00,0xFF,
    0x20,0x00,0xFE,0x20,0x00,0xFF,0x82,0x68,0xDF,0x61,0x60,0x9C,0x41,0x28,0x5F,0x20,0x28,0x38,0x20,0x18,0x24,0x00,0x10,0x17,
    0x00,0x08,0x15,0x20,0x18,0x22,0x20,0x28,0x35,0x20,0x28,0x5A,0x41,0x58,0x97,0x82,0x70,0xDA,0x21,0x08,0xFF,0x20,0x00,0xFF,
    0x20,0x00,0xFF,0x20,0x00,0xFF,0x20,0x00,0xFF,0x20,0x00,0xFF,0x20,0x00,0xFF,0x20,0x00,0xFF,0x20,0x00,0xFF,0x20,0x00,0xFF,
    0x20,0x00,0xFF,0x20,0x00,0xFF,0x20,0x00,0xFF,0x20,0x00,0xFF,0x20,0x00,0xFF,0x20,0x00,0xFF,0x20,0x00,0xFF,0x20,0x00,0xFF,
    0x20,0x00,0xFF,0x20,0x00,0xFF,0x20,0x00,0xFF,0x20,0x00,0xFF,0x20,0x00,0xFF,0x20,0x00,0xFF,0x20,0x00,0xFF,0x20,0x00,0xFF,
    0x20,0x00,0xFF,0x20,0x00,0xFF,0x20,0x00,0xFF,0x20,0x00,0xFF,0x20,0x00,0xFF,0x20,0x00,0xFF,0x20,0x00,0xFF,0x20,0x00,0xFF,
    0x20,0x00,0xFF,0x20,0x00,0xFF,0x20,0x00,0xFF,0x20,0x00,0xFF,0x20,0x00,0xFF,0x20,0x00,0xFF,0x20,0x00,0xFF,0x20,0x00,0xFF,
    0x20,0x00,0xFF,0x20,0x00,0xFF,0x20,0x00,0xFF,0x20,0x00,0xFF,0x20,0x00,0xFF,0x20,0x00,0xFF,0x20,0x00,0xFF,0x20,0x00,0xFF,
    0x20,0x00,0xFF,0x20,0x00,0xFF,0x20,0x00,0xFF,0x20,0x00,0xFF,0x20,0x00,0xFF,0x20,0x00,0xFF,0x20,0x00,0xFF,0x20,0x00,0xFF,
    0x20,0x00,0xFF,0x20,0x00,0xFF,0x20,0x00,0xFF,0x20,0x00,0xFF,0x20,0x08,0xFE,0x20,0x00,0xFF,0x61,0x50,0xED,0x82,0x70,0xAD,
    0x20,0x28,0x6C,0x41,0x30,0x3F,0x20,0x18,0x28,0x00,0x10,0x1A,0x00,0x10,0x18,0x20,0x20,0x26,0x41,0x28,0x3B,0x20,0x28,0x65,
    0x61,0x68,0xA5,0x62,0x60,0xE7,0x20,0x00,0xFF,0x20,0x08,0xFE,0x20,0x00,0xFF,0x20,0x00,0xFF,0x20,0x00,0xFF,0x20,0x00,0xFF,
    0x20,0x00,0xFF,0x20,0x00,0xFF,0x20,0x00,0xFF,0x20,0x00,0xFF,0x20,0x00,0xFF,0x20,0x00,0xFF,0x20,0x00,0xFF,0x20,0x00,0xFF,
    0x20,0x00,0xFF,0x20,0x00,0xFF,0x20,0x00,0xFF,0x20,0x00,0xFF,0x20,0x00,0xFF,0x20,0x00,0xFF,0x20,0x00,0xFF,0x20,0x00,0xFF,
    0x20,0x00,0xFF,0x20,0x00,0xFF,0x20,0x00,0xFF,0x20,0x00,0xFF,0x20,0x00,0xFF,0x20,0x00,0xFF,0x20,0x00,0xFF,0x20,0x00,0xFF,
    0x20,0x00,0xFF,0x20,0x00,0xFF,0x20,0x00,0xFF,0x20,0x00,0xFF,0x20,0x00,0xFF,0x20,0x00,0xFF,0x20,0x00,0xFF,0x20,0x00,0xFF,
    0x20,0x00,0xFF,0x20,0x00,0xFF,0x20,0x00,0xFF,0x20,0x00,0xFF,0x20,0x00,0xFF,0x20,0x00,0xFF,0x20,0x00,0xFF,0x20,0x00,0xFF,
    0x20,0x00,0xFF,0x20,0x00,0xFF,0x20,0x00,0xFF,0x20,0x00,0xFF,0x20,0x00,0xFF,0x20,0x00,0xFF,0x20,0x00,0xFF,0x20,0x00,0xFF,
    0x20,0x00,0xFF,0x20,0x00,0xFF,0x20,0x00,0xFF,0x20,0x00,0xFF,0x20,0x00,0xFF,0x20,0x00,0xFF,0x20,0x00,0xFF,0x20,0x00,0xFF,
    0x20,0x08,0xFE,0x20,0x00,0xFF,0x41,0x30,0xF6,0x82,0x80,0xBC,0x41,0x30,0x7A,0x20,0x30,0x46,0x20,0x28,0x2C,0x00,0x18,0x1E,
    0x00,0x10,0x1B,0x20,0x20,0x29,0x20,0x28,0x41,0x20,0x30,0x70,0x81,0x78,0xB2,0x61,0x40,0xF1,0x20,0x00,0xFF,0x20,0x08,0xFE,
    0x20,0x00,0xFF,0x20,0x00,0xFF,0x20,0x00,0xFF,0x20,0x00,0xFF,0x20,0x00,0xFF,0x20,0x00,0xFF,0x20,0x00,0xFF,0x20,0x00,0xFF,
    0x20,0x00,0xFF,0x20,0x00,0xFF,0x20,0x00,0xFF,0x20,0x00,0xFF,0x20,0x00,0xFF,0x20,0x00,0xFF,0x20,0x00,0xFF,0x20,0x00,0xFF,
    0x20,0x00,0xFF,0x20,0x00,0xFF,0x20,0x00,0xFF,0x20,0x00,0xFF,0x20,0x00,0xFF,0x20,0x00,0xFF,0x20,0x00,0xFF,0x20,0x00,0xFF,
    0x20,0x00,0xFF,0x20,0x00,0xFF,0x20,0x00,0xFF,0x20,0x00,0xFF,0x20,0x00,0xFF,0x20,0x00,0xFF,0x20,0x00,0xFF,0x20,0x00,0xFF,
    0x20,0x00,0xFF,0x20,0x00,0xFF,0x20,0x00,0xFF,0x20,0x00,0xFF,0x20,0x00,0xFF,0x20,0x00,0xFF,0x20,0x00,0xFF,0x20,0x00,0xFF,
    0x20,0x00,0xFF,0x20,0x00,0xFF,0x20,0x00,0xFF,0x20,0x00,0xFF,0x20,0x00,0xFF,0x20,0x00,0xFF,0x20,0x00,0xFF,0x20,0x00,0xFF,
    0x20,0x00,0xFF,0x20,0x00,0xFF,0x20,0x00,0xFF,0x20,0x00,0xFF,0x20,0x00,0xFF,0x20,0x00,0xFF,0x20,0x00,0xFF,0x20,0x00,0xFF,
    0x20,0x00,0xFF,0x20,0x00,0xFF,0x20,0x00,0xFF,0x20,0x00,0xFF,0x20,0x00,0xFF,0x20,0x00,0xFF,0x41,0x20,0xFD,0x82,0x80,0xC9,
    0x41,0x40,0x85,0x20,0x28,0x4E,0x20,0x28,0x30,0x20,0x18,0x21,0x00,0x18,0x1E,0x20,0x28,0x2C,0x20,0x30,0x46,0x41,0x30,0x79,
    0x82,0x80,0xBC,0x41,0x30,0xF7,0x20,0x00,0xFF,0x20,0x08,0xFE,0x20,0x00,0xFF,0x20,0x00,0xFF,0x20,0x00,0xFF,0x20,0x00,0xFF,
    0x20,0x00,0xFF,0x20,0x00,0xFF,0x20,0x00,0xFF,0x20,0x00,0xFF,0x20,0x00,0xFF,0x20,0x00,0xFF,0x20,0x00,0xFF,0x20,0x00,0xFF,
    0x20,0x00,0xFF,0x20,0x00,0xFF,0x20,0x00,0xFF,0x20,0x00,0xFF,0x20,0x00,0xFF,0x20,0x00,0xFF,0x20,0x00,0xFF,0x20,0x00,0xFF,
    0x20,0x00,0xFF,0x20,0x00,0xFF,0x20,0x00,0xFF,0x20,0x00,0xFF,0x20,0x00,0xFF,0x20,0x00,0xFF,0x20,0x00,0xFF,0x20,0x00,0xFF,
    0x20,0x00,0xFF,0x20,0x00,0xFF,0x20,0x00,0xFF,0x20,0x00,0xFF,0x20,0x00,0xFF,0x20,0x00,0xFF,0x20,0x00,0xFF,0x20,0x00,0xFF,
    0x20,0x00,0xFF,0x20,0x00,0xFF,0x20,0x00,0xFF,0x20,0x00,0xFF,0x20,0x00,0xFF,0x20,0x00,0xFF,0x20,0x00,0xFF,0x20,0x00,0xFF,
    0x20,0x00,0xFF,0x20,0x00,0xFF,0x20,0x00,0xFF,0x20,0x00,0xFF,0x20,0x00,0xFF,0x20,0x00,0xFF,0x20,0x00,0xFF,0x20,0x00,0xFF,
    0x20,0x00,0xFF,0x20,0x00,0xFF,0x20,0x00,0xFF,0x20,0x00,0xFF,0x20,0x00,0xFF,0x20,0x00,0xFF,0x20,0x00,0xFF,0x20,0x00,0xFF,
    0x20,0x00,0xFF,0x20,0x00,0xFF,0x21,0x10,0xFF,0x82,0x80,0xD3,0x41,0x48,0x8F,0x20,0x30,0x54,0x20,0x28,0x34,0x20,0x18,0x24,
    0x00,0x10,0x20,0x20,0x28,0x2F,0x20,0x30,0x4C,0x20,0x38,0x83,0x82,0x88,0xC5,0x41,0x38,0xF9,0x20,0x00,0xFF,0x20,0x08,0xFF,
    0x20,0x00,0xFF,0x20,0x00,0xFF,0x20,0x00,0xFF,0x20,0x00,0xFF,0x20,0x00,0xFF,0x20,0x00,0xFF,0x20,0x00,0xFF,0x20,0x00,0xFF,
    0x20,0x00,0xFF,0x20,0x00,0xFF,0x20,0x00,0xFF,0x20,0x00,0xFF,0x20,0x00,0xFF,0x20,0x00,0xFF,0x20,0x00,0xFF,0x20,0x00,0xFF,
    0x20,0x00,0xFF,0x20,0x00,0xFF,0x20,0x00,0xFF,0x20,0x00,0xFF,0x20,0x00,0xFF,0x20,0x00,0xFF,0x20,0x00,0xFF,0x20,0x00,0xFF,
    0x20,0x00,0xFF,0x20,0x00,0xFF,0x20,0x00,0xFF,0x20,0x00,0xFF,0x20,0x00,0xFF,0x20,0x00,0xFF,0x20,0x00,0xFF,0x20,0x00,0xFF,
    0x20,0x00,0xFF,0x20,0x00,0xFF,0x20,0x00,0xFF,0x20,0x00,0xFF,0x20,0x00,0xFF,0x20,0x00,0xFF,0x20,0x00,0xFF,0x20,0x00,0xFF,
    0x20,0x00,0xFF,0x20,0x00,0xFF,0x20,0x00,0xFF,0x20,0x00,0xFF,0x20,0x00,0xFF,0x20,0x00,0xFF,0x20,0x00,0xFF,0x20,0x00,0xFF,
    0x20,0x00,0xFF,0x20,0x00,0xFF,0x20,0x00,0xFF,0x20,0x00,0xFF,0x20,0x00,0xFF,0x20,0x00,0xFF,0x20,0x00,0xFF,0x20,0x00,0xFF,
    0x20,0x00,0xFF,0x20,0x00,0xFF,0x20,0x00,0xFF,0x20,0x00,0xFF,0x20,0x00,0xFF,0x20,0x00,0xFF,0x21,0x10,0xFF,0x82,0x88,0xDA,
    0x41,0x50,0x99,0x20,0x30,0x5B,0x20,0x28,0x37,0x20,0x20,0x26,0x20,0x18,0x21,0x20,0x28,0x31,0x20,0x28,0x50,0x41,0x48,0x8A,
    0x82,0x78,0xCF,0x21,0x10,0xFF,0x20,0x00,0xFF,0x20,0x00,0xFF,0x20,0x00,0xFF,0x20,0x00,0xFF,0x20,0x00,0xFF,0x20,0x00,0xFF,
    0x20,0x00,0xFF,0x20,0x00,0xFF,0x20,0x00,0xFF,0x20,0x00,0xFF,0x20,0x00,0xFF,0x20,0x00,0xFF,0x20,0x00,0xFF,0x20,0x00,0xFF,
    0x20,0x00,0xFF,0x20,0x00,0xFF,0x20,0x00,0xFF,0x20,0x00,0xFF,0x20,0x00,0xFF,0x20,0x00,0xFF,0x20,0x00,0xFF,0x20,0x00,0xFF,
    0x20,0x00,0xFF,0x20,0x00,0xFF,0x20,0x00,0xFF,0x20,0x00,0xFF,0x20,0x00,0xFF,0x20,0x00,0xFF,0x20,0x00,0xFF,0x20,0x00,0xFF,
    0x20,0x00,0xFF,0x20,0x00,0xFF,0x20,0x00,0xFF,0x20,0x00,0xFF,0x20,0x00,0xFF,0x20,0x00,0xFF,0x20,0x00,0xFF,0x20,0x00,0xFF,
    0x20,0x00,0xFF,0x20,0x00,0xFF,0x20,0x00,0xFF,0x20,0x00,0xFF,0x20,0x00,0xFF,0x20,0x00,0xFF,0x20,0x00,0xFF,0x20,0x00,0xFF,
    0x20,0x00,0xFF,0x20,0x00,0xFF,0x20,0x00,0xFF,0x20,0x00,0xFF,0x20,0x00,0xFF,0x20,0x00,0xFF,0x20,0x00,0xFF,0x20,0x00,0xFF,
    0x20,0x00,0xFF,0x20,0x00,0xFF,0x20,0x00,0xFF,0x20,0x00,0xFF,0x20,0x00,0xFF,0x20,0x00,0xFF,0x20,0x00,0xFF,0x20,0x00,0xFF,
    0x20,0x00,0xFF,0x20,0x00,0xFE,0x20,0x00,0xFF,0x62,0x60,0xE5,0x61,0x68,0xA0,0x20,0x28,0x61,0x41,0x30,0x3A,0x20,0x18,0x28,
    0x20,0x18,0x23,0x20,0x28,0x33,0x20,0x30,0x53,0x41,0x48,0x8E,0x82,0x80,0xD3,0x21,0x10,0xFF,0x20,0x00,0xFF,0x20,0x00,0xFF,
    0x20,0x00,0xFF,0x20,0x00,0xFF,0x20,0x00,0xFF,0x20,0x00,0xFF,0x20,0x00,0xFF,0x20,0x00,0xFF,0x20,0x00,0xFF,0x20,0x00,0xFF,
    0x20,0x00,0xFF,0x20,0x00,0xFF,0x20,0x00,0xFF,0x20,0x00,0xFF,0x20,0x00,0xFF,0x20,0x00,0xFF,0x20,0x00,0xFF,0x20,0x00,0xFF,
    0x20,0x00,0xFF,0x20,0x00,0xFF,0x20,0x00,0xFF,0x20,0x00,0xFF,0x20,0x00,0xFF,0x20,0x00,0xFF,0x20,0x00,0xFF,0x20,0x00,0xFF,
    0x20,0x00,0xFF,0x20,0x00,0xFF,0x20,0x00,0xFF,0x20,0x00,0xFF,0x20,0x00,0xFF,0x20,0x00,0xFF,0x20,0x00,0xFF,0x20,0x00,0xFF,
    0x20,0x00,0xFF,0x20,0x00,0xFF,0x20,0x00,0xFF,0x20,0x00,0xFF,0x20,0x00,0xFF,0x20,0x00,0xFF,0x20,0x00,0xFF,0x20,0x00,0xFF,
    0x20,0x00,0xFF,0x20,0x00,0xFF,0x20,0x00,0xFF,0x20,0x00,0xFF,0x20,0x00,0xFF,0x20,0x00,0xFF,0x20,0x00,0xFF,0x20,0x00,0xFF,
    0x20,0x00,0xFF,0x20,0x00,0xFF,0x20,0x00,0xFF,0x20,0x00,0xFF,0x20,0x00,0xFF,0x20,0x00,0xFF,0x20,0x00,0xFF,0x20,0x00,0xFF,
    0x20,0x00,0xFF,0x20,0x00,0xFF,0x20,0x00,0xFF,0x20,0x00,0xFF,0x20,0x00,0xFF,0x20,0x00,0xFE,0x20,0x00,0xFF,0x62,0x60,0xE7,
    0x61,0x68,0xA5,0x20,0x28,0x64,0x41,0x28,0x3C,0x20,0x20,0x29,0x20,0x18,0x23,0x20,0x28,0x34,0x41,0x30,0x54,0x41,0x48,0x8F,
    0x82,0x80,0xD3,0x21,0x10,0xFF,0x20,0x00,0xFF,0x20,0x00,0xFF,0x20,0x00,0xFF,0x20,0x00,0xFF,0x20,0x00,0xFF,0x20,0x00,0xFF,
    0x20,0x00,0xFF,0x20,0x00,0xFF,0x20,0x00,0xFF,0x20,0x00,0xFF,0x20,0x00,0xFF,0x20,0x00,0xFF,0x20,0x00,0xFF,0x20,0x00,0xFF,
    0x20,0x00,0xFF,0x20,0x00,0xFF,0x20,0x00,0xFF,0x20,0x00,0xFF,0x20,0x00,0xFF,0x20,0x00,0xFF,0x20,0x00,0xFF,0x20,0x00,0xFF,
    0x20,0x00,0xFF,0x20,0x00,0xFF,0x20,0x00,0xFF,0x20,0x00,0xFF,0x20,0x00,0xFF,0x20,0x00,0xFF,0x20,0x00,0xFF,0x20,0x00,0xFF,
    0x20,0x00,0xFF,0x20,0x00,0xFF,0x20,0x00,0xFF,0x20,0x00,0xFF,0x20,0x00,0xFF,0x20,0x00,0xFF,0x20,0x00,0xFF,0x20,0x00,0xFF,
    0x20,0x00,0xFF,0x20,0x00,0xFF,0x20,0x00,0xFF,0x20,0x00,0xFF,0x20,0x00,0xFF,0x20,0x00,0xFF,0x20,0x00,0xFF,0x20,0x00,0xFF,
    0x20,0x00,0xFF,0x20,0x00,0xFF,0x20,0x00,0xFF,0x20,0x00,0xFF,0x20,0x00,0xFF,0x20,0x00,0xFF,0x20,0x00,0xFF,0x20,0x00,0xFF,
    0x20,0x00,0xFF,0x20,0x00,0xFF,0x20,0x00,0xFF,0x20,0x00,0xFF,0x20,0x00,0xFF,0x20,0x00,0xFF,0x20,0x00,0xFF,0x20,0x00,0xFF,
    0x20,0x00,0xFF,0x20,0x00,0xFE,0x20,0x00,0xFF,0x62,0x60,0xE7,0x61,0x68,0xA5,0x20,0x28,0x65,0x41,0x30,0x3D,0x20,0x20,0x2A,
    0x20,0x18,0x23,0x20,0x28,0x34,0x41,0x30,0x54,0x41,0x48,0x8F,0x82,0x80,0xD3,0x21,0x10,0xFF,0x20,0x00,0xFF,0x20,0x00,0xFF,
    0x20,0x00,0xFF,0x20,0x00,0xFF,0x20,0x00,0xFF,0x20,0x00,0xFF,0x20,0x00,0xFF,0x20,0x00,0xFF,0x20,0x00,0xFF,0x20,0x00,0xFF,
    0x20,0x00,0xFF,0x20,0x00,0xFF,0x20,0x00,0xFF,0x20,0x00,0xFF,0x20,0x00,0xFF,0x20,0x00,0xFF,0x20,0x00,0xFF,0x20,0x00,0xFF,
    0x20,0x00,0xFF,0x20,0x00,0xFF,0x20,0x00,0xFF,0x20,0x00,0xFF,0x20,0x00,0xFF,0x20,0x00,0xFF,0x20,0x00,0xFF,0x20,0x00,0xFF,
    0x20,0x00,0xFF,0x20,0x00,0xFF,0x20,0x00,0xFF,0x20,0x00,0xFF,0x20,0x00,0xFF,0x20,0x00,0xFF,0x20,0x00,0xFF,0x20,0x00,0xFF,
    0x20,0x00,0xFF,0x20,0x00,0xFF,0x20,0x00,0xFF,0x20,0x00,0xFF,0x20,0x00,0xFF,0x20,0x00,0xFF,0x20,0x00,0xFF,0x20,0x00,0xFF,
    0x20,0x00,0xFF,0x20,0x00,0xFF,0x20,0x00,0xFF,0x20,0x00,0xFF,0x20,0x00,0xFF,0x20,0x00,0xFF,0x20,0x00,0xFF,0x20,0x00,0xFF,
    0x20,0x00,0xFF,0x20,0x00,0xFF,0x20,0x00,0xFF,0x20,0x00,0xFF,0x20,0x00,0xFF,0x20,0x00,0xFF,0x20,0x00,0xFF,0x20,0x00,0xFF,
    0x20,0x00,0xFF,0x20,0x00,0xFF,0x20,0x00,0xFF,0x20,0x00,0xFF,0x20,0x00,0xFF,0x20,0x00,0xFE,0x20,0x00,0xFF,0x62,0x60,0xE7,
    0x61,0x68,0xA5,0x20,0x28,0x65,0x41,0x30,0x3D,0x20,0x20,0x2A,0x20,0x18,0x23,0x20,0x28,0x33,0x20,0x30,0x53,0x41,0x48,0x8E,
    0x82,0x80,0xD3,0x21,0x10,0xFF,0x20,0x00,0xFF,0x20,0x00,0xFF,0x20,0x00,0xFF,0x20,0x00,0xFF,0x20,0x00,0xFF,0x20,0x00,0xFF,
    0x20,0x00,0xFF,0x20,0x00,0xFF,0x20,0x00,0xFF,0x20,0x00,0xFF,0x20,0x00,0xFF,0x20,0x00,0xFF,0x20,0x00,0xFF,0x20,0x00,0xFF,
    0x20,0x00,0xFF,0x20,0x00,0xFF,0x20,0x00,0xFF,0x20,0x00,0xFF,0x20,0x00,0xFF,0x20,0x00,0xFF,0x20,0x00,0xFF,0x20,0x00,0xFF,
    0x20,0x00,0xFF,0x20,0x00,0xFF,0x20,0x00,0xFF,0x20,0x00,0xFF,0x20,0x00,0xFF,0x20,0x00,0xFF,0x20,0x00,0xFF,0x20,0x00,0xFF,
    0x20,0x00,0xFF,0x20,0x00,0xFF,0x20,0x00,0xFF,0x20,0x00,0xFF,0x20,0x00,0xFF,0x20,0x00,0xFF,0x20,0x00,0xFF,0x20,0x00,0xFF,
    0x20,0x00,0xFF,0x20,0x00,0xFF,0x20,0x00,0xFF,0x20,0x00,0xFF,0x20,0x00,0xFF,0x20,0x00,0xFF,0x20,0x00,0xFF,0x20,0x00,0xFF,
    0x20,0x00,0xFF,0x20,0x00,0xFF,0x20,0x00,0xFF,0x20,0x00,0xFF,0x20,0x00,0xFF,0x20,0x00,0xFF,0x20,0x00,0xFF,0x20,0x00,0xFF,
    0x20,0x00,0xFF,0x20,0x00,0xFF,0x20,0x00,0xFF,0x20,0x00,0xFF,0x20,0x00,0xFF,0x20,0x00,0xFF,0x20,0x00,0xFF,0x20,0x00,0xFF,
    0x20,0x00,0xFF,0x20,0x00,0xFE,0x20,0x00,0xFF,0x62,0x60,0xE7,0x61,0x68,0xA5,0x20,0x28,0x64,0x41,0x28,0x3C,0x20,0x20,0x29,
    0x20,0x18,0x22,0x20,0x28,0x32,0x41,0x28,0x51,0x41,0x48,0x8B,0x82,0x78,0xD1,0x21,0x08,0xFF,0x20,0x00,0xFF,0x20,0x00,0xFF,
    0x20,0x00,0xFF,0x20,0x00,0xFF,0x20,0x00,0xFF,0x20,0x00,0xFF,0x20,0x00,0xFF,0x20,0x00,0xFF,0x20,0x00,0xFF,0x20,0x00,0xFF,
    0x20,0x00,0xFF,0x20,0x00,0xFF,0x20,0x00,0xFF,0x20,0x00,0xFF,0x20,0x00,0xFF,0x20,0x00,0xFF,0x20,0x00,0xFF,0x20,0x00,0xFF,
    0x20,0x00,0xFF,0x20,0x00,0xFF,0x20,0x00,0xFF,0x20,0x00,0xFF,0x20,0x00,0xFF,0x20,0x00,0xFF,0x20,0x00,0xFF,0x20,0x00,0xFF,
    0x20,0x00,0xFF,0x20,0x00,0xFF,0x20,0x00,0xFF,0x20,0x00,0xFF,0x20,0x00,0xFF,0x20,0x00,0xFF,0x20,0x00,0xFF,0x20,0x00,0xFF,
    0x20,0x00,0xFF,0x20,0x00,0xFF,0x20,0x00,0xFF,0x20,0x00,0xFF,0x20,0x00,0xFF,0x20,0x00,0xFF,0x20,0x00,0xFF,0x20,0x00,0xFF,
    0x20,0x00,0xFF,0x20,0x00,0xFF,0x20,0x00,0xFF,0x20,0x00,0xFF,0x20,0x00,0xFF,0x20,0x00,0xFF,0x20,0x00,0xFF,0x20,0x00,0xFF,
    0x20,0x00,0xFF,0x20,0x00,0xFF,0x20,0x00,0xFF,0x20,0x00,0xFF,0x20,0x00,0xFF,0x20,0x00,0xFF,0x20,0x00,0xFF,0x20,0x00,0xFF,
    0x20,0x00,0xFF,0x20,0x00,0xFF,0x20,0x00,0xFF,0x20,0x00,0xFF,0x20,0x00,0xFF,0x20,0x00,0xFE,0x20,0x00,0xFF,0x61,0x58,0xE6,
    0x61,0x68,0xA2,0x20,0x28,0x62,0x41,0x28,0x3B,0x20,0x18,0x28,0x20,0x18,0x20,0x20,0x28,0x30,0x20,0x30,0x4D,0x41,0x40,0x85,
    0x82,0x88,0xC9,0x41,0x28,0xFB,0x20,0x00,0xFF,0x20,0x08,0xFF,0x20,0x00,0xFF,0x20,0x00,0xFF,0x20,0x00,0xFF,0x20,0x00,0xFF,
    0x20,0x00,0xFF,0x20,0x00,0xFF,0x20,0x00,0xFF,0x20,0x00,0xFF,0x20,0x00,0xFF,0x20,0x00,0xFF,0x20,0x00,0xFF,0x20,0x00,0xFF,
    0x20,0x00,0xFF,0x20,0x00,0xFF,0x20,0x00,0xFF,0x20,0x00,0xFF,0x20,0x00,0xFF,0x20,0x00,0xFF,0x20,0x00,0xFF,0x20,0x00,0xFF,
    0x20,0x00,0xFF,0x20,0x00,0xFF,0x20,0x00,0xFF,0x20,0x00,0xFF,0x20,0x00,0xFF,0x20,0x00,0xFF,0x20,0x00,0xFF,0x20,0x00,0xFF,
    0x20,0x00,0xFF,0x20,0x00,0xFF,0x20,0x00,0xFF,0x20,0x00,0xFF,0x20,0x00,0xFF,0x20,0x00,0xFF,0x20,0x00,0xFF,0x20,0x00,0xFF,
    0x20,0x00,0xFF,0x20,0x00,0xFF,0x20,0x00,0xFF,0x20,0x00,0xFF,0x20,0x00,0xFF,0x20,0x00,0xFF,0x20,0x00,0xFF,0x20,0x00,0xFF,
    0x20,0x00,0xFF,0x20,0x00,0xFF,0x20,0x00,0xFF,0x20,0x00,0xFF,0x20,0x00,0xFF,0x20,0x00,0xFF,0x20,0x00,0xFF,0x20,0x00,0xFF,
    0x20,0x00,0xFF,0x20,0x00,0xFF,0x20,0x00,0xFF,0x20,0x00,0xFF,0x20,0x00,0xFF,0x20,0x00,0xFF,0x20,0x00,0xFF,0x20,0x00,0xFF,
    0x20,0x00,0xFF,0x20,0x00,0xFF,0x20,0x08,0xFF,0x82,0x78,0xDE,0x61,0x58,0x9C,0x41,0x30,0x5D,0x20,0x28,0x38,0x20,0x20,0x27,
    0x00,0x18,0x1E,0x20,0x20,0x2D,0x20,0x30,0x48,0x41,0x30,0x7C,0x82,0x88,0xBF,0x41,0x38,0xF7,0x20,0x00,0xFF,0x20,0x08,0xFF,
    0x20,0x00,0xFF,0x20,0x00,0xFF,0x20,0x00,0xFF,0x20,0x00,0xFF,0x20,0x00,0xFF,0x20,0x00,0xFF,0x20,0x00,0xFF,0x20,0x00,0xFF,
    0x20,0x00,0xFF,0x20,0x00,0xFF,0x20,0x00,0xFF,0x20,0x00,0xFF,0x20,0x00,0xFF,0x20,0x00,0xFF,0x20,0x00,0xFF,0x20,0x00,0xFF,
    0x20,0x00,0xFF,0x20,0x00,0xFF,0x20,0x00,0xFF,0x20,0x00,0xFF,0x20,0x00,0xFF,0x20,0x00,0xFF,0x20,0x00,0xFF,0x20,0x00,0xFF,
    0x20,0x00,0xFF,0x20,0x00,0xFF,0x20,0x00,0xFF,0x20,0x00,0xFF,0x20,0x00,0xFF,0x20,0x00,0xFF,0x20,0x00,0xFF,0x20,0x00,0xFF,
    0x20,0x00,0xFF,0x20,0x00,0xFF,0x20,0x00,0xFF,0x20,0x00,0xFF,0x20,0x00,0xFF,0x20,0x00,0xFF,0x20,0x00,0xFF,0x20,0x00,0xFF,
    0x20,0x00,0xFF,0x20,0x00,0xFF,0x20,0x00,0xFF,0x20,0x00,0xFF,0x20,0x00,0xFF,0x20,0x00,0xFF,0x20,0x00,0xFF,0x20,0x00,0xFF,
    0x20,0x00,0xFF,0x20,0x00,0xFF,0x20,0x00,0xFF,0x20,0x00,0xFF,0x20,0x00,0xFF,0x20,0x00,0xFF,0x20,0x00,0xFF,0x20,0x00,0xFF,
    0x20,0x00,0xFF,0x20,0x00,0xFF,0x20,0x00,0xFF,0x20,0x00,0xFF,0x20,0x00,0xFF,0x20,0x00,0xFF,0x21,0x10,0xFF,0x82,0x88,0xD5,
    0x41,0x48,0x92,0x20,0x28,0x56,0x20,0x28,0x35,0x20,0x20,0x24,0x00,0x18,0x1C,0x20,0x20,0x2A,0x20,0x30,0x43,0x20,0x30,0x73,
    0x82,0x78,0xB6,0x41,0x38,0xF5,0x20,0x00,0xFF,0x20,0x08,0xFE,0x20,0x00,0xFF,0x20,0x00,0xFF,0x20,0x00,0xFF,0x20,0x00,0xFF,
    0x20,0x00,0xFF,0x20,0x00,0xFF,0x20,0x00,0xFF,0x20,0x00,0xFF,0x20,0x00,0xFF,0x20,0x00,0xFF,0x20,0x00,0xFF,0x20,0x00,0xFF,
    0x20,0x00,0xFF,0x20,0x00,0xFF,0x20,0x00,0xFF,0x20,0x00,0xFF,0x20,0x00,0xFF,0x20,0x00,0xFF,0x20,0x00,0xFF,0x20,0x00,0xFF,
    0x20,0x00,0xFF,0x20,0x00,0xFF,0x20,0x00,0xFF,0x20,0x00,0xFF,0x20,0x00,0xFF,0x20,0x00,0xFF,0x20,0x00,0xFF,0x20,0x00,0xFF,
    0x20,0x00,0xFF,0x20,0x00,0xFF,0x20,0x00,0xFF,0x20,0x00,0xFF,0x20,0x00,0xFF,0x20,0x00,0xFF,0x20,0x00,0xFF,0x20,0x00,0xFF,
    0x20,0x00,0xFF,0x20,0x00,0xFF,0x20,0x00,0xFF,0x20,0x00,0xFF,0x20,0x00,0xFF,0x20,0x00,0xFF,0x20,0x00,0xFF,0x20,0x00,0xFF,
    0x20,0x00,0xFF,0x20,0x00,0xFF,0x20,0x00,0xFF,0x20,0x00,0xFF,0x20,0x00,0xFF,0x20,0x00,0xFF,0x20,0x00,0xFF,0x20,0x00,0xFF,
    0x20,0x00,0xFF,0x20,0x00,0xFF,0x20,0x00,0xFF,0x20,0x00,0xFF,0x20,0x00,0xFF,0x20,0x00,0xFF,0x20,0x00,0xFF,0x20,0x00,0xFF,
    0x20,0x00,0xFF,0x20,0x00,0xFF,0x21,0x10,0xFF,0x82,0x78,0xCD,0x41,0x48,0x88,0x20,0x28,0x50,0x20,0x28,0x32,0x20,0x18,0x22,
    0x00,0x10,0x19,0x20,0x20,0x27,0x41,0x28,0x3D,0x20,0x28,0x69,0x61,0x70,0xAA,0x61,0x58,0xEA,0x20,0x00,0xFF,0x20,0x08,0xFE,
    0x20,0x00,0xFF,0x20,0x00,0xFF,0x20,0x00,0xFF,0x20,0x00,0xFF,0x20,0x00,0xFF,0x20,0x00,0xFF,0x20,0x00,0xFF,0x20,0x00,0xFF,
    0x20,0x00,0xFF,0x20,0x00,0xFF,0x20,0x00,0xFF,0x20,0x00,0xFF,0x20,0x00,0xFF,0x20,0x00,0xFF,0x20,0x00,0xFF,0x20,0x00,0xFF,
    0x20,0x00,0xFF,0x20,0x00,0xFF,0x20,0x00,0xFF,0x20,0x00,0xFF,0x20,0x00,0xFF,0x20,0x00,0xFF,0x20,0x00,0xFF,0x20,0x00,0xFF,
    0x20,0x00,0xFF,0x20,0x00,0xFF,0x20,0x00,0xFF,0x20,0x00,0xFF,0x20,0x00,0xFF,0x20,0x00,0xFF,0x20,0x00,0xFF,0x20,0x00,0xFF,
    0x20,0x00,0xFF,0x20,0x00,0xFF,0x20,0x00,0xFF,0x20,0x00,0xFF,0x20,0x00,0xFF,0x20,0x00,0xFF,0x20,0x00,0xFF,0x20,0x00,0xFF,
    0x20,0x00,0xFF,0x20,0x00,0xFF,0x20,0x00,0xFF,0x20,0x00,0xFF,0x20,0x00,0xFF,0x20,0x00,0xFF,0x20,0x00,0xFF,0x20,0x00,0xFF,
    0x20,0x00,0xFF,0x20,0x00,0xFF,0x20,0x00,0xFF,0x20,0x00,0xFF,0x20,0x00,0xFF,0x20,0x00,0xFF,0x20,0x00,0xFF,0x20,0x00,0xFF,
    0x20,0x00,0xFF,0x20,0x00,0xFF,0x20,0x00,0xFF,0x20,0x00,0xFF,0x20,0x08,0xFF,0x20,0x00,0xFF,0x41,0x30,0xF8,0x82,0x80,0xC0,
    0x41,0x38,0x7E,0x20,0x30,0x49,0x20,0x20,0x2E,0x00,0x18,0x1F,0x00,0x10,0x16,0x20,0x18,0x23,0x20,0x28,0x37,0x41,0x28,0x5E,
    0x61,0x60,0x9B,0x82,0x68,0xDF,0x20,0x00,0xFF,0x20,0x00,0xFE,0x20,0x00,0xFF,0x20,0x00,0xFF,0x20,0x00,0xFF,0x20,0x00,0xFF,
    0x20,0x00,0xFF,0x20,0x00,0xFF,0x20,0x00,0xFF,0x20,0x00,0xFF,0x20,0x00,0xFF,0x20,0x00,0xFF,0x20,0x00,0xFF,0x20,0x00,0xFF,
    0x20,0x00,0xFF,0x20,0x00,0xFF,0x20,0x00,0xFF,0x20,0x00,0xFF,0x20,0x00,0xFF,0x20,0x00,0xFF,0x20,0x00,0xFF,0x20,0x00,0xFF,
    0x20,0x00,0xFF,0x20,0x00,0xFF,0x20,0x00,0xFF,0x20,0x00,0xFF,0x20,0x00,0xFF,0x20,0x00,0xFF,0x20,0x00,0xFF,0x20,0x00,0xFF,
    0x20,0x00,0xFF,0x20,0x00,0xFF,0x20,0x00,0xFF,0x20,0x00,0xFF,0x20,0x00,0xFF,0x20,0x00,0xFF,0x20,0x00,0xFF,0x20,0x00,0xFF,
    0x20,0x00,0xFF,0x20,0x00,0xFF,0x20,0x00,0xFF,0x20,0x00,0xFF,0x20,0x00,0xFF,0x20,0x00,0xFF,0x20,0x00,0xFF,0x20,0x00,0xFF,
    0x20,0x00,0xFF,0x20,0x00,0xFF,0x20,0x00,0xFF,0x20,0x00,0xFF,0x20,0x00,0xFF,0x20,0x00,0xFF,0x20,0x00,0xFF,0x20,0x00,0xFF,
    0x20,0x00,0xFF,0x20,0x00,0xFF,0x20,0x00,0xFF,0x20,0x00,0xFF,0x20,0x00,0xFF,0x20,0x00,0xFF,0x20,0x00,0xFF,0x20,0x00,0xFF,
    0x20,0x08,0xFE,0x20,0x00,0xFF,0x61,0x40,0xF1,0x81,0x78,0xB2,0x20,0x30,0x71,0x20,0x28,0x41,0x20,0x20,0x2A,0x00,0x18,0x1C,
    0x00,0x08,0x13,0x00,0x18,0x1F,0x20,0x28,0x31,0x20,0x28,0x52,0x41,0x48,0x8C,0x82,0x80,0xCF,0x21,0x10,0xFF,0x20,0x00,0xFF,
    0x20,0x00,0xFF,0x20,0x00,0xFF,0x20,0x00,0xFF,0x20,0x00,0xFF,0x20,0x00,0xFF,0x20,0x00,0xFF,0x20,0x00,0xFF,0x20,0x00,0xFF,
    0x20,0x00,0xFF,0x20,0x00,0xFF,0x20,0x00,0xFF,0x20,0x00,0xFF,0x20,0x00,0xFF,0x20,0x00,0xFF,0x20,0x00,0xFF,0x20,0x00,0xFF,
    0x20,0x00,0xFF,0x20,0x00,0xFF,0x20,0x00,0xFF,0x20,0x00,0xFF,0x20,0x00,0xFF,0x20,0x00,0xFF,0x20,0x00,0xFF,0x20,0x00,0xFF,
    0x20,0x00,0xFF,0x20,0x00,0xFF,0x20,0x00,0xFF,0x20,0x00,0xFF,0x20,0x00,0xFF,0x20,0x00,0xFF,0x20,0x00,0xFF,0x20,0x00,0xFF,
    0x20,0x00,0xFF,0x20,0x00,0xFF,0x20,0x00,0xFF,0x20,0x00,0xFF,0x20,0x00,0xFF,0x20,0x00,0xFF,0x20,0x00,0xFF,0x20,0x00,0xFF,
    0x20,0x00,0xFF,0x20,0x00,0xFF,0x20,0x00,0xFF,0x20,0x00,0xFF,0x20,0x00,0xFF,0x20,0x00,0xFF,0x20,0x00,0xFF,0x20,0x00,0xFF,
    0x20,0x00,0xFF,0x20,0x00,0xFF,0x20,0x00,0xFF,0x20,0x00,0xFF,0x20,0x00,0xFF,0x20,0x00,0xFF,0x20,0x00,0xFF,0x20,0x00,0xFF,
    0x20,0x00,0xFF,0x20,0x00,0xFF,0x20,0x00,0xFF,0x20,0x00,0xFF,0x20,0x00,0xFE,0x20,0x00,0xFF,0x61,0x60,0xE4,0x61,0x68,0xA2,
    0x20,0x28,0x63,0x41,0x28,0x3A,0x20,0x20,0x26,0x00,0x10,0x18,0x00,0x08,0x10,0x00,0x18,0x1B,0x20,0x28,0x2C,0x20,0x30,0x47,
    0x41,0x38,0x7A,0x82,0x80,0xBC,0x41,0x30,0xF6,0x20,0x00,0xFF,0x20,0x08,0xFE,0x20,0x00,0xFF,0x20,0x00,0xFF,0x20,0x00,0xFF,
    0x20,0x00,0xFF,0x20,0x00,0xFF,0x20,0x00,0xFF,0x20,0x00,0xFF,0x20,0x00,0xFF,0x20,0x00,0xFF,0x20,0x00,0xFF,0x20,0x00,0xFF,
    0x20,0x00,0xFF,0x20,0x00,0xFF,0x20,0x00,0xFF,0x20,0x00,0xFF,0x20,0x00,0xFF,0x20,0x00,0xFF,0x20,0x00,0xFF,0x20,0x00,0xFF,
    0x20,0x00,0xFF,0x20,0x00,0xFF,0x20,0x00,0xFF,0x20,0x00,0xFF,0x20,0x00,0xFF,0x20,0x00,0xFF,0x20,0x00,0xFF,0x20,0x00,0xFF,
    0x20,0x00,0xFF,0x20,0x00,0xFF,0x20,0x00,0xFF,0x20,0x00,0xFF,0x20,0x00,0xFF,0x20,0x00,0xFF,0x20,0x00,0xFF,0x20,0x00,0xFF,
    0x20,0x00,0xFF,0x20,0x00,0xFF,0x20,0x00,0xFF,0x20,0x00,0xFF,0x20,0x00,0xFF,0x20,0x00,0xFF,0x20,0x00,0xFF,0x20,0x00,0xFF,
    0x20,0x00,0xFF,0x20,0x00,0xFF,0x20,0x00,0xFF,0x20,0x00,0xFF,0x20,0x00,0xFF,0x20,0x00,0xFF,0x20,0x00,0xFF,0x20,0x00,0xFF,
    0x20,0x00,0xFF,0x20,0x00,0xFF,0x20,0x00,0xFF,0x20,0x00,0xFF,0x20,0x00,0xFF,0x20,0x00,0xFF,0x20,0x00,0xFF,0x20,0x00,0xFF,
    0x20,0x00,0xFF,0x21,0x10,0xFF,0x82,0x78,0xD2,0x41,0x48,0x90,0x20,0x30,0x55,0x20,0x28,0x33,0x20,0x18,0x21,0x00,0x08,0x14,
    0x00,0x10,0x0D,0x00,0x10,0x17,0x20,0x20,0x27,0x41,0x28,0x3E,0x20,0x30,0x69,0x61,0x70,0xA8,0x62,0x60,0xE7,0x20,0x00,0xFF,
    0x20,0x00,0xFE,0x20,0x00,0xFF,0x20,0x00,0xFF,0x20,0x00,0xFF,0x20,0x00,0xFF,0x20,0x00,0xFF,0x20,0x00,0xFF,0x20,0x00,0xFF,
    0x20,0x00,0xFF,0x20,0x00,0xFF,0x20,0x00,0xFF,0x20,0x00,0xFF,0x20,0x00,0xFF,0x20,0x00,0xFF,0x20,0x00,0xFF,0x20,0x00,0xFF,
    0x20,0x00,0xFF,0x20,0x00,0xFF,0x20,0x00,0xFF,0x20,0x00,0xFF,0x20,0x00,0xFF,0x20,0x00,0xFF,0x20,0x00,0xFF,0x20,0x00,0xFF,
    0x20,0x00,0xFF,0x20,0x00,0xFF,0x20,0x00,0xFF,0x20,0x00,0xFF,0x20,0x00,0xFF,0x20,0x00,0xFF,0x20,0x00,0xFF,0x20,0x00,0xFF,
    0x20,0x00,0xFF,0x20,0x00,0xFF,0x20,0x00,0xFF,0x20,0x00,0xFF,0x20,0x00,0xFF,0x20,0x00,0xFF,0x20,0x00,0xFF,0x20,0x00,0xFF,
    0x20,0x00,0xFF,0x20,0x00,0xFF,0x20,0x00,0xFF,0x20,0x00,0xFF,0x20,0x00,0xFF,0x20,0x00,0xFF,0x20,0x00,0xFF,0x20,0x00,0xFF,
    0x20,0x00,0xFF,0x20,0x00,0xFF,0x20,0x00,0xFF,0x20,0x00,0xFF,0x20,0x00,0xFF,0x20,0x00,0xFF,0x20,0x00,0xFF,0x20,0x00,0xFF,
    0x20,0x00,0xFF,0x20,0x00,0xFF,0x20,0x00,0xFF,0x20,0x08,0xFE,0x20,0x00,0xFF,0x41,0x38,0xF6,0x82,0x80,0xBE,0x41,0x38,0x7D,
    0x20,0x30,0x49,0x20,0x20,0x2D,0x00,0x18,0x1C,0x00,0x08,0x11,0x00,0x00,0x0A,0x00,0x08,0x14,0x20,0x18,0x21,0x20,0x28,0x35,
    0x20,0x30,0x58,0x41,0x48,0x93,0x82,0x80,0xD3,0x21,0x10,0xFF,0x20,0x00,0xFF,0x20,0x00,0xFF,0x20,0x00,0xFF,0x20,0x00,0xFF,
    0x20,0x00,0xFF,0x20,0x00,0xFF,0x20,0x00,0xFF,0x20,0x00,0xFF,0x20,0x00,0xFF,0x20,0x00,0xFF,0x20,0x00,0xFF,0x20,0x00,0xFF,
    0x20,0x00,0xFF,0x20,0x00,0xFF,0x20,0x00,0xFF,0x20,0x00,0xFF,0x20,0x00,0xFF,0x20,0x00,0xFF,0x20,0x00,0xFF,0x20,0x00,0xFF,
    0x20,0x00,0xFF,0x20,0x00,0xFF,0x20,0x00,0xFF,0x20,0x00,0xFF,0x20,0x00,0xFF,0x20,0x00,0xFF,0x20,0x00,0xFF,0x20,0x00,0xFF,
    0x20,0x00,0xFF,0x20,0x00,0xFF,0x20,0x00,0xFF,0x20,0x00,0xFF,0x20,0x00,0xFF,0x20,0x00,0xFF,0x20,0x00,0xFF,0x20,0x00,0xFF,
    0x20,0x00,0xFF,0x20,0x00,0xFF,0x20,0x00,0xFF,0x20,0x00,0xFF,0x20,0x00,0xFF,0x20,0x00,0xFF,0x20,0x00,0xFF,0x20,0x00,0xFF,
    0x20,0x00,0xFF,0x20,0x00,0xFF,0x20,0x00,0xFF,0x20,0x00,0xFF,0x20,0x00,0xFF,0x20,0x00,0xFF,0x20,0x00,0xFF,0x20,0x00,0xFF,
    0x20,0x00,0xFF,0x20,0x00,0xFF,0x20,0x00,0xFF,0x20,0x00,0xFF,0x20,0x00,0xFF,0x20,0x00,0xFF,0x20,0x00,0xFF,0x20,0x08,0xFE,
    0x20,0x00,0xFF,0x62,0x60,0xE7,0x61,0x70,0xA8,0x20,0x30,0x6A,0x41,0x28,0x3E,0x20,0x20,0x27,0x00,0x10,0x18,0x00,0x10,0x0E,
    0x00,0x00,0x08,0x00,0x08,0x10,0x00,0x18,0x1C,0x20,0x20,0x2D,0x20,0x30,0x49,0x41,0x30,0x7B,0x82,0x80,0xBB,0x61,0x40,0xF3,
    0x20,0x00,0xFF,0x20,0x08,0xFE,0x20,0x00,0xFF,0x20,0x00,0xFF,0x20,0x00,0xFF,0x20,0x00,0xFF,0x20,0x00,0xFF,0x20,0x00,0xFF,
    0x20,0x00,0xFF,0x20,0x00,0xFF,0x20,0x00,0xFF,0x20,0x00,0xFF,0x20,0x00,0xFF,0x20,0x00,0xFF,0x20,0x00,0xFF,0x20,0x00,0xFF,
    0x20,0x00,0xFF,0x20,0x00,0xFF,0x20,0x00,0xFF,0x20,0x00,0xFF,0x20,0x00,0xFF,0x20,0x00,0xFF,0x20,0x00,0xFF,0x20,0x00,0xFF,
    0x20,0x00,0xFF,0x20,0x00,0xFF,0x20,0x00,0xFF,0x20,0x00,0xFF,0x20,0x00,0xFF,0x20,0x00,0xFF,0x20,0x00,0xFF,0x20,0x00,0xFF,
    0x20,0x00,0xFF,0x20,0x00,0xFF,0x20,0x00,0xFF,0x20,0x00,0xFF,0x20,0x00,0xFF,0x20,0x00,0xFF,0x20,0x00,0xFF,0x20,0x00,0xFF,
    0x20,0x00,0xFF,0x20,0x00,0xFF,0x20,0x00,0xFF,0x20,0x00,0xFF,0x20,0x00,0xFF,0x20,0x00,0xFF,0x20,0x00,0xFF,0x20,0x00,0xFF,
    0x20,0x00,0xFF,0x20,0x00,0xFF,0x20,0x00,0xFF,0x20,0x00,0xFF,0x20,0x00,0xFF,0x20,0x00,0xFF,0x20,0x00,0xFF,0x20,0x00,0xFF,
    0x20,0x00,0xFF,0x20,0x00,0xFF,0x20,0x00,0xFF,0x20,0x00,0xFF,0x41,0x18,0xFD,0x82,0x80,0xD0,0x41,0x48,0x90,0x20,0x28,0x57,
    0x20,0x28,0x34,0x20,0x18,0x21,0x00,0x08,0x14,0x00,0x00,0x0B,0x00,0x00,0x06,0x00,0x10,0x0C,0x00,0x10,0x17,0x20,0x20,0x26,
    0x20,0x28,0x3C,0x20,0x30,0x64,0x61,0x60,0xA0,0x82,0x68,0xE0,0x20,0x00,0xFF,0x20,0x00,0xFE,0x20,0x00,0xFF,0x20,0x00,0xFF,
    0x20,0x00,0xFF,0x20,0x00,0xFF,0x20,0x00,0xFF,0x20,0x00,0xFF,0x20,0x00,0xFF,0x20,0x00,0xFF,0x20,0x00,0xFF,0x20,0x00,0xFF,
    0x20,0x00,0xFF,0x20,0x00,0xFF,0x20,0x00,0xFF,0x20,0x00,0xFF,0x20,0x00,0xFF,0x20,0x00,0xFF,0x20,0x00,0xFF,0x20,0x00,0xFF,
    0x20,0x00,0xFF,0x20,0x00,0xFF,0x20,0x00,0xFF,0x20,0x00,0xFF,0x20,0x00,0xFF,0x20,0x00,0xFF,0x20,0x00,0xFF,0x20,0x00,0xFF,
    0x20,0x00,0xFF,0x20,0x00,0xFF,0x20,0x00,0xFF,0x20,0x00,0xFF,0x20,0x00,0xFF,0x20,0x00,0xFF,0x20,0x00,0xFF,0x20,0x00,0xFF,
    0x20,0x00,0xFF,0x20,0x00,0xFF,0x20,0x00,0xFF,0x20,0x00,0xFF,0x20,0x00,0xFF,0x20,0x00,0xFF,0x20,0x00,0xFF,0x20,0x00,0xFF,
    0x20,0x00,0xFF,0x20,0x00,0xFF,0x20,0x00,0xFF,0x20,0x00,0xFF,0x20,0x00,0xFF,0x20,0x00,0xFF,0x20,0x00,0xFF,0x20,0x00,0xFF,
    0x20,0x00,0xFF,0x20,0x00,0xFF,0x20,0x00,0xFF,0x20,0x00,0xFF,0x20,0x00,0xFF,0x20,0x00,0xFF,0x20,0x08,0xFE,0x20,0x00,0xFF,
    0x61,0x40,0xF1,0x82,0x80,0xB5,0x20,0x30,0x77,0x20,0x28,0x47,0x20,0x28,0x2C,0x00,0x18,0x1B,0x00,0x08,0x10,0x00,0x00,0x08,
    0x00,0x00,0x04,0x00,0x00,0x0A,0x00,0x08,0x12,0x00,0x18,0x1F,0x20,0x28,0x31,0x20,0x30,0x4F,0x20,0x38,0x85,0x82,0x80,0xC4,
    0x41,0x28,0xF9,0x20,0x00,0xFF,0x20,0x08,0xFF,0x20,0x00,0xFF,0x20,0x00,0xFF,0x20,0x00,0xFF,0x20,0x00,0xFF,0x20,0x00,0xFF,
    0x20,0x00,0xFF,0x20,0x00,0xFF,0x20,0x00,0xFF,0x20,0x00,0xFF,0x20,0x00,0xFF,0x20,0x00,0xFF,0x20,0x00,0xFF,0x20,0x00,0xFF,
    0x20,0x00,0xFF,0x20,0x00,0xFF,0x20,0x00,0xFF,0x20,0x00,0xFF,0x20,0x00,0xFF,0x20,0x00,0xFF,0x20,0x00,0xFF,0x20,0x00,0xFF,
    0x20,0x00,0xFF,0x20,0x00,0xFF,0x20,0x00,0xFF,0x20,0x00,0xFF,0x20,0x00,0xFF,0x20,0x00,0xFF,0x20,0x00,0xFF,0x20,0x00,0xFF,
    0x20,0x00,0xFF,0x20,0x00,0xFF,0x20,0x00,0xFF,0x20,0x00,0xFF,0x20,0x00,0xFF,0x20,0x00,0xFF,0x20,0x00,0xFF,0x20,0x00,0xFF,
    0x20,0x00,0xFF,0x20,0x00,0xFF,0x20,0x00,0xFF,0x20,0x00,0xFF,0x20,0x00,0xFF,0x20,0x00,0xFF,0x20,0x00,0xFF,0x20,0x00,0xFF,
    0x20,0x00,0xFF,0x20,0x00,0xFF,0x20,0x00,0xFF,0x20,0x00,0xFF,0x20,0x00,0xFF,0x20,0x00,0xFF,0x20,0x00,0xFF,0x20,0x00,0xFF,
    0x20,0x00,0xFF,0x20,0x00,0xFF,0x20,0x00,0xFF,0x20,0x08,0xFF,0x82,0x78,0xD9,0x41,0x50,0x9A,0x41,0x30,0x5F,0x20,0x28,0x39,
    0x20,0x18,0x25,0x00,0x10,0x16,0x00,0x00,0x0C,0x00,0x00,0x06,0x00,0x00,0x03,0x00,0x00,0x07,0x00,0x10,0x0E,0x00,0x10,0x19,
    0x20,0x18,0x28,0x41,0x30,0x3F,0x20,0x30,0x6A,0x61,0x68,0xA6,0x82,0x68,0xE3,0x20,0x00,0xFF,0x20,0x00,0xFE,0x20,0x00,0xFF,
    0x20,0x00,0xFF,0x20,0x00,0xFF,0x20,0x00,0xFF,0x20,0x00,0xFF,0x20,0x00,0xFF,0x20,0x00,0xFF,0x20,0x00,0xFF,0x20,0x00,0xFF,
    0x20,0x00,0xFF,0x20,0x00,0xFF,0x20,0x00,0xFF,0x20,0x00,0xFF,0x20,0x00,0xFF,0x20,0x00,0xFF,0x20,0x00,0xFF,0x20,0x00,0xFF,
    0x20,0x00,0xFF,0x20,0x00,0xFF,0x20,0x00,0xFF,0x20,0x00,0xFF,0x20,0x00,0xFF,0x20,0x00,0xFF,0x20,0x00,0xFF,0x20,0x00,0xFF,
    0x20,0x00,0xFF,0x20,0x00,0xFF,0x20,0x00,0xFF,0x20,0x00,0xFF,0x20,0x00,0xFF,0x20,0x00,0xFF,0x20,0x00,0xFF,0x20,0x00,0xFF,
    0x20,0x00,0xFF,0x20,0x00,0xFF,0x20,0x00,0xFF,0x20,0x00,0xFF,0x20,0x00,0xFF,0x20,0x00,0xFF,0x20,0x00,0xFF,0x20,0x00,0xFF,
    0x20,0x00,0xFF,0x20,0x00,0xFF,0x20,0x00,0xFF,0x20,0x00,0xFF,0x20,0x00,0xFF,0x20,0x00,0xFF,0x20,0x00,0xFF,0x20,0x00,0xFF,
    0x20,0x00,0xFF,0x20,0x00,0xFF,0x20,0x00,0xFF,0x20,0x00,0xFF,0x20,0x00,0xFF,0x20,0x08,0xFE,0x20,0x00,0xFF,0x61,0x40,0xF3,
    0x82,0x80,0xBA,0x41,0x38,0x7D,0x20,0x28,0x4B,0x20,0x20,0x2F,0x00,0x18,0x1E,0x00,0x08,0x11,0x00,0x00,0x09,0x00,0x00,0x04,
    0x00,0x00,0x02,0x00,0x00,0x05,0x00,0x00,0x0A,0x00,0x08,0x14,0x20,0x18,0x21,0x20,0x28,0x33,0x20,0x30,0x52,0x41,0x38,0x86,
    0x82,0x80,0xC3,0x41,0x38,0xF7,0x20,0x00,0xFF,0x20,0x08,0xFF,0x20,0x00,0xFF,0x20,0x00,0xFF,0x20,0x00,0xFF,0x20,0x00,0xFF,
    0x20,0x00,0xFF,0x20,0x00,0xFF,0x20,0x00,0xFF,0x20,0x00,0xFF,0x20,0x00,0xFF,0x20,0x00,0xFF,0x20,0x00,0xFF,0x20,0x00,0xFF,
    0x20,0x00,0xFF,0x20,0x00,0xFF,0x20,0x00,0xFF,0x20,0x00,0xFF,0x20,0x00,0xFF,0x20,0x00,0xFF,0x20,0x00,0xFF,0x20,0x00,0xFF,
    0x20,0x00,0xFF,0x20,0x00,0xFF,0x20,0x00,0xFF,0x20,0x00,0xFF,0x20,0x00,0xFF,0x20,0x00,0xFF,0x20,0x00,0xFF,0x20,0x00,0xFF,
    0x20,0x00,0xFF,0x20,0x00,0xFF,0x20,0x00,0xFF,0x20,0x00,0xFF,0x20,0x00,0xFF,0x20,0x00,0xFF,0x20,0x00,0xFF,0x20,0x00,0xFF,
    0x20,0x00,0xFF,0x20,0x00,0xFF,0x20,0x00,0xFF,0x20,0x00,0xFF,0x20,0x00,0xFF,0x20,0x00,0xFF,0x20,0x00,0xFF,0x20,0x00,0xFF,
    0x20,0x00,0xFF,0x20,0x00,0xFF,0x20,0x00,0xFF,0x20,0x00,0xFF,0x20,0x00,0xFF,0x20,0x00,0xFF,0x20,0x00,0xFF,0x20,0x00,0xFF,
    0x20,0x00,0xFF,0x20,0x00,0xFE,0x41,0x10,0xFD,0x82,0x80,0xD7,0x41,0x50,0x9B,0x20,0x30,0x61,0x20,0x28,0x3B,0x20,0x20,0x26,
    0x00,0x10,0x18,0x00,0x10,0x0D,0x00,0x00,0x06,0x00,0x00,0x03,0x00,0x00,0x01,0x00,0x00,0x03,0x00,0x00,0x07,0x00,0x10,0x0F,
    0x00,0x10,0x1A,0x20,0x18,0x28,0x20,0x28,0x3F,0x20,0x30,0x67,0x61,0x58,0xA1,0x82,0x80,0xDB,0x20,0x08,0xFF,0x20,0x00,0xFE,
    0x20,0x00,0xFF,0x20,0x00,0xFF,0x20,0x00,0xFF,0x20,0x00,0xFF,0x20,0x00,0xFF,0x20,0x00,0xFF,0x20,0x00,0xFF,0x20,0x00,0xFF,
    0x20,0x00,0xFF,0x20,0x00,0xFF,0x20,0x00,0xFF,0x20,0x00,0xFF,0x20,0x00,0xFF,0x20,0x00,0xFF,0x20,0x00,0xFF,0x20,0x00,0xFF,
    0x20,0x00,0xFF,0x20,0x00,0xFF,0x20,0x00,0xFF,0x20,0x00,0xFF,0x20,0x00,0xFF,0x20,0x00,0xFF,0x20,0x00,0xFF,0x20,0x00,0xFF,
    0x20,0x00,0xFF,0x20,0x00,0xFF,0x20,0x00,0xFF,0x20,0x00,0xFF,0x20,0x00,0xFF,0x20,0x00,0xFF,0x20,0x00,0xFF,0x20,0x00,0xFF,
    0x20,0x00,0xFF,0x20,0x00,0xFF,0x20,0x00,0xFF,0x20,0x00,0xFF,0x20,0x00,0xFF,0x20,0x00,0xFF,0x20,0x00,0xFF,0x20,0x00,0xFF,
    0x20,0x00,0xFF,0x20,0x00,0xFF,0x20,0x00,0xFF,0x20,0x00,0xFF,0x20,0x00,0xFF,0x20,0x00,0xFF,0x20,0x00,0xFF,0x20,0x00,0xFF,
    0x20,0x00,0xFF,0x20,0x00,0xFF,0x20,0x00,0xFF,0x20,0x00,0xFF,0x20,0x08,0xFE,0x20,0x00,0xFF,0x62,0x58,0xED,0x82,0x80,0xB4,
    0x41,0x30,0x79,0x20,0x30,0x49,0x20,0x20,0x2F,0x00,0x18,0x1E,0x00,0x08,0x12,0x00,0x00,0x09,0x00,0x00,0x04,0x00,0x00,0x02,
    0x00,0x00,0x01,0x00,0x00,0x02,0x00,0x00,0x05,0x00,0x00,0x0A,0x00,0x08,0x13,0x20,0x10,0x20,0x20,0x28,0x31,0x20,0x30,0x4D,
    0x41,0x30,0x7E,0x82,0x80,0xB8,0x61,0x50,0xEF,0x20,0x00,0xFF,0x20,0x08,0xFE,0x20,0x00,0xFF,0x20,0x00,0xFF,0x20,0x00,0xFF,
    0x20,0x00,0xFF,0x20,0x00,0xFF,0x20,0x00,0xFF,0x20,0x00,0xFF,0x20,0x00,0xFF,0x20,0x00,0xFF,0x20,0x00,0xFF,0x20,0x00,0xFF,
    0x20,0x00,0xFF,0x20,0x00,0xFF,0x20,0x00,0xFF,0x20,0x00,0xFF,0x20,0x00,0xFF,0x20,0x00,0xFF,0x20,0x00,0xFF,0x20,0x00,0xFF,
    0x20,0x00,0xFF,0x20,0x00,0xFF,0x20,0x00,0xFF,0x20,0x00,0xFF,0x20,0x00,0xFF,0x20,0x00,0xFF,0x20,0x00,0xFF,0x20,0x00,0xFF,
    0x20,0x00,0xFF,0x20,0x00,0xFF,0x20,0x00,0xFF,0x20,0x00,0xFF,0x20,0x00,0xFF,0x20,0x00,0xFF,0x20,0x00,0xFF,0x20,0x00,0xFF,
    0x20,0x00,0xFF,0x20,0x00,0xFF,0x20,0x00,0xFF,0x20,0x00,0xFF,0x20,0x00,0xFF,0x20,0x00,0xFF,0x20,0x00,0xFF,0x20,0x00,0xFF,
    0x20,0x00,0xFF,0x20,0x00,0xFF,0x20,0x00,0xFF,0x20,0x00,0xFF,0x20,0x00,0xFF,0x20,0x00,0xFF,0x20,0x00,0xFF,0x20,0x08,0xFF,
    0x20,0x00,0xFF,0x41,0x28,0xFA,0x82,0x88,0xCB,0x41,0x48,0x91,0x20,0x30,0x5B,0x20,0x28,0x38,0x20,0x20,0x25,0x00,0x10,0x17,
    0x00,0x10,0x0D,0x00,0x00,0x06,0x00,0x00,0x03,0x00,0x00,0x01,0x00,0x00,0x00,0x00,0x00,0x01,0x00,0x00,0x03,0x00,0x00,0x07,
    0x00,0x10,0x0E,0x00,0x10,0x18,0x20,0x20,0x26,0x20,0x28,0x3A,0x41,0x30,0x5C,0x41,0x48,0x91,0x82,0x88,0xC9,0x41,0x38,0xF7,
    0x20,0x00,0xFF,0x20,0x08,0xFF,0x20,0x00,0xFF,0x20,0x00,0xFF,0x20,0x00,0xFF,0x20,0x00,0xFF,0x20,0x00,0xFF,0x20,0x00,0xFF,
    0x20,0x00,0xFF,0x20,0x00,0xFF,0x20,0x00,0xFF,0x20,0x00,0xFF,0x20,0x00,0xFF,0x20,0x00,0xFF,0x20,0x00,0xFF,0x20,0x00,0xFF,
    0x20,0x00,0xFF,0x20,0x00,0xFF,0x20,0x00,0xFF,0x20,0x00,0xFF,0x20,0x00,0xFF,0x20,0x00,0xFF,0x20,0x00,0xFF,0x20,0x00,0xFF,
    0x20,0x00,0xFF,0x20,0x00,0xFF,0x20,0x00,0xFF,0x20,0x00,0xFF,0x20,0x00,0xFF,0x20,0x00,0xFF,0x20,0x00,0xFF,0x20,0x00,0xFF,
    0x20,0x00,0xFF,0x20,0x00,0xFF,0x20,0x00,0xFF,0x20,0x00,0xFF,0x20,0x00,0xFF,0x20,0x00,0xFF,0x20,0x00,0xFF,0x20,0x00,0xFF,
    0x20,0x00,0xFF,0x20,0x00,0xFF,0x20,0x00,0xFF,0x20,0x00,0xFF,0x20,0x00,0xFF,0x20,0x00,0xFF,0x20,0x00,0xFF,0x20,0x00,0xFF,
    0x20,0x00,0xFF,0x20,0x00,0xFF,0x20,0x00,0xFF,0x20,0x00,0xFE,0x21,0x10,0xFE,0x82,0x80,0xDB,0x61,0x60,0xA4,0x20,0x30,0x6C,
    0x20,0x28,0x43,0x20,0x20,0x2C,0x00,0x18,0x1C,0x00,0x08,0x11,0x00,0x00,0x09,0x00,0x00,0x04,0x00,0x00,0x02,0x00,0x00,0x00,
    0x00,0x00,0x00,0x00,0x00,0x01,0x00,0x00,0x02,0x00,0x00,0x05,0x00,0x00,0x0A,0x00,0x08,0x12,0x00,0x18,0x1D,0x20,0x20,0x2C,
    0x20,0x28,0x42,0x20,0x30,0x6A,0x61,0x58,0xA1,0xA2,0x80,0xD7,0x41,0x18,0xFD,0x20,0x00,0xFE,0x20,0x08,0xFF,0x20,0x00,0xFF,
    0x20,0x00,0xFF,0x20,0x00,0xFF,0x20,0x00,0xFF,0x20,0x00,0xFF,0x20,0x00,0xFF,0x20,0x00,0xFF,0x20,0x00,0xFF,0x20,0x00,0xFF,
    0x20,0x00,0xFF,0x20,0x00,0xFF,0x20,0x00,0xFF,0x20,0x00,0xFF,0x20,0x00,0xFF,0x20,0x00,0xFF,0x20,0x00,0xFF,0x20,0x00,0xFF,
    0x20,0x00,0xFF,0x20,0x00,0xFF,0x20,0x00,0xFF,0x20,0x00,0xFF,0x20,0x00,0xFF,0x20,0x00,0xFF,0x20,0x00,0xFF,0x20,0x00,0xFF,
    0x20,0x00,0xFF,0x20,0x00,0xFF,0x20,0x00,0xFF,0x20,0x00,0xFF,0x20,0x00,0xFF,0x20,0x00,0xFF,0x20,0x00,0xFF,0x20,0x00,0xFF,
    0x20,0x00,0xFF,0x20,0x00,0xFF,0x20,0x00,0xFF,0x20,0x00,0xFF,0x20,0x00,0xFF,0x20,0x00,0xFF,0x20,0x00,0xFF,0x20,0x00,0xFF,
    0x20,0x00,0xFF,0x20,0x00,0xFF,0x20,0x00,0xFF,0x20,0x00,0xFF,0x20,0x00,0xFF,0x20,0x00,0xFF,0x20,0x00,0xFE,0x20,0x00,0xFF,
    0x82,0x68,0xE8,0x82,0x78,0xB2,0x41,0x30,0x7C,0x20,0x30,0x4D,0x20,0x28,0x33,0x20,0x18,0x21,0x00,0x08,0x15,0x00,0x00,0x0C,
    0x00,0x00,0x06,0x00,0x00,0x03,0x00,0x00,0x01,0x00,0x00,0x00,0x00,0x00,0x00,0x00,0x00,0x00,0x00,0x00,0x01,0x00,0x00,0x03,
    0x00,0x00,0x06,0x00,0x00,0x0C,0x00,0x08,0x15,0x20,0x18,0x21,0x20,0x28,0x32,0x20,0x30,0x4B,0x41,0x30,0x77,0x82,0x70,0xAD,
    0x82,0x70,0xE3,0x20,0x00,0xFF,0x20,0x00,0xFE,0x20,0x00,0xFF,0x20,0x00,0xFF,0x20,0x00,0xFF,0x20,0x00,0xFF,0x20,0x00,0xFF,
    0x20,0x00,0xFF,0x20,0x00,0xFF,0x20,0x00,0xFF,0x20,0x00,0xFF,0x20,0x00,0xFF,0x20,0x00,0xFF,0x20,0x00,0xFF,0x20,0x00,0xFF,
    0x20,0x00,0xFF,0x20,0x00,0xFF,0x20,0x00,0xFF,0x20,0x00,0xFF,0x20,0x00,0xFF,0x20,0x00,0xFF,0x20,0x00,0xFF,0x20,0x00,0xFF,
    0x20,0x00,0xFF,0x20,0x00,0xFF,0x20,0x00,0xFF,0x20,0x00,0xFF,0x20,0x00,0xFF,0x20,0x00,0xFF,0x20,0x00,0xFF,0x20,0x00,0xFF,
    0x20,0x00,0xFF,0x20,0x00,0xFF,0x20,0x00,0xFF,0x20,0x00,0xFF,0x20,0x00,0xFF,0x20,0x00,0xFF,0x20,0x00,0xFF,0x20,0x00,0xFF,
    0x20,0x00,0xFF,0x20,0x00,0xFF,0x20,0x00,0xFF,0x20,0x00,0xFF,0x20,0x00,0xFF,0x20,0x00,0xFF,0x20,0x00,0xFF,0x20,0x00,0xFF,
    0x20,0x00,0xFF,0x20,0x08,0xFE,0x20,0x00,0xFF,0x61,0x48,0xF2,0x82,0x88,0xBF,0x41,0x38,0x89,0x20,0x30,0x57,0x20,0x28,0x39,
    0x20,0x20,0x26,0x00,0x10,0x19,0x00,0x10,0x0F,0x00,0x00,0x08,0x00,0x00,0x04,0x00,0x00,0x01,0x00,0x00,0x00,0x00,0x00,0x00,
    0x00,0x00,0x00,0x00,0x00,0x00,0x00,0x00,0x00,0x00,0x00,0x02,0x00,0x00,0x04,0x00,0x00,0x08,0x00,0x10,0x0F,0x00,0x10,0x18,
    0x20,0x20,0x25,0x20,0x28,0x36,0x20,0x30,0x53,0x20,0x38,0x81,0x82,0x78,0xB6,0x61,0x60,0xE9,0x20,0x00,0xFF,0x20,0x00,0xFE,
    0x20,0x00,0xFF,0x20,0x00,0xFF,0x20,0x00,0xFF,0x20,0x00,0xFF,0x20,0x00,0xFF,0x20,0x00,0xFF,0x20,0x00,0xFF,0x20,0x00,0xFF,
    0x20,0x00,0xFF,0x20,0x00,0xFF,0x20,0x00,0xFF,0x20,0x00,0xFF,0x20,0x00,0xFF,0x20,0x00,0xFF,0x20,0x00,0xFF,0x20,0x00,0xFF,
    0x20,0x00,0xFF,0x20,0x00,0xFF,0x20,0x00,0xFF,0x20,0x00,0xFF,0x20,0x00,0xFF,0x20,0x00,0xFF,0x20,0x00,0xFF,0x20,0x00,0xFF,
    0x20,0x00,0xFF,0x20,0x00,0xFF,0x20,0x00,0xFF,0x20,0x00,0xFF,0x20,0x00,0xFF,0x20,0x00,0xFF,0x20,0x00,0xFF,0x20,0x00,0xFF,
    0x20,0x00,0xFF,0x20,0x00,0xFF,0x20,0x00,0xFF,0x20,0x00,0xFF,0x20,0x00,0xFF,0x20,0x00,0xFF,0x20,0x00,0xFF,0x20,0x00,0xFF,
    0x20,0x00,0xFF,0x20,0x00,0xFF,0x20,0x00,0xFF,0x20,0x00,0xFF,0x20,0x08,0xFE,0x20,0x00,0xFF,0x41,0x38,0xF5,0x82,0x88,0xC7,
    0x41,0x48,0x93,0x20,0x30,0x60,0x20,0x28,0x3E,0x20,0x20,0x2A,0x00,0x18,0x1C,0x00,0x08,0x11,0x00,0x00,0x0A,0x00,0x00,0x05,
    0x00,0x00,0x02,0x00,0x00,0x01,0x00,0x00,0x00,0x00,0x00,0x00,0x00,0x00,0x00,0x00,0x00,0x00,0x00,0x00,0x00,0x00,0x00,0x01,
    0x00,0x00,0x02,0x00,0x00,0x05,0x00,0x00,0x0A,0x00,0x08,0x11,0x00,0x10,0x1B,0x20,0x18,0x28,0x20,0x28,0x3A,0x20,0x30,0x59,
    0x41,0x38,0x86,0x82,0x80,0xB8,0x62,0x60,0xE9,0x20,0x00,0xFF,0x20,0x00,0xFE,0x20,0x08,0xFF,0x20,0x00,0xFF,0x20,0x00,0xFF,
    0x20,0x00,0xFF,0x20,0x00,0xFF,0x20,0x00,0xFF,0x20,0x00,0xFF,0x20,0x00,0xFF,0x20,0x00,0xFF,0x20,0x00,0xFF,0x20,0x00,0xFF,
    0x20,0x00,0xFF,0x20,0x00,0xFF,0x20,0x00,0xFF,0x20,0x00,0xFF,0x20,0x00,0xFF,0x20,0x00,0xFF,0x20,0x00,0xFF,0x20,0x00,0xFF,
    0x20,0x00,0xFF,0x20,0x00,0xFF,0x20,0x00,0xFF,0x20,0x00,0xFF,0x20,0x00,0xFF,0x20,0x00,0xFF,0x20,0x00,0xFF,0x20,0x00,0xFF,
    0x20,0x00,0xFF,0x20,0x00,0xFF,0x20,0x00,0xFF,0x20,0x00,0xFF,0x20,0x00,0xFF,0x20,0x00,0xFF,0x20,0x00,0xFF,0x20,0x00,0xFF,
    0x20,0x00,0xFF,0x20,0x00,0xFF,0x20,0x00,0xFF,0x20,0x00,0xFF,0x20,0x00,0xFF,0x20,0x00,0xFF,0x20,0x00,0xFF,0x20,0x08,0xFE,
    0x20,0x00,0xFF,0x41,0x38,0xF5,0x82,0x88,0xC8,0x41,0x50,0x97,0x20,0x30,0x66,0x20,0x28,0x43,0x20,0x20,0x2D,0x00,0x18,0x1F,
    0x00,0x08,0x14,0x00,0x00,0x0C,0x00,0x00,0x06,0x00,0x00,0x03,0x00,0x00,0x01,0x00,0x00,0x00,0x00,0x00,0x00,0x00,0x00,0x00,
    0x00,0x00,0x00,0x00,0x00,0x00,0x00,0x00,0x00,0x00,0x00,0x00,0x00,0x00,0x01,0x00,0x00,0x03,0x00,0x00,0x06,0x00,0x00,0x0B,
    0x00,0x08,0x13,0x00,0x18,0x1D,0x20,0x20,0x2A,0x20,0x28,0x3C,0x20,0x30,0x5B,0x41,0x38,0x87,0x82,0x80,0xB8,0x62,0x60,0xE8,
    0x20,0x00,0xFF,0x20,0x00,0xFF,0x20,0x08,0xFF,0x20,0x00,0xFF,0x20,0x00,0xFF,0x20,0x00,0xFF,0x20,0x00,0xFF,0x20,0x00,0xFF,
    0x20,0x00,0xFF,0x20,0x00,0xFF,0x20,0x00,0xFF,0x20,0x00,0xFF,0x20,0x00,0xFF,0x20,0x00,0xFF,0x20,0x00,0xFF,0x20,0x00,0xFF,
    0x20,0x00,0xFF,0x20,0x00,0xFF,0x20,0x00,0xFF,0x20,0x00,0xFF,0x20,0x00,0xFF,0x20,0x00,0xFF,0x20,0x00,0xFF,0x20,0x00,0xFF,
    0x20,0x00,0xFF,0x20,0x00,0xFF,0x20,0x00,0xFF,0x20,0x00,0xFF,0x20,0x00,0xFF,0x20,0x00,0xFF,0x20,0x00,0xFF,0x20,0x00,0xFF,
    0x20,0x00,0xFF,0x20,0x00,0xFF,0x20,0x00,0xFF,0x20,0x00,0xFF,0x20,0x00,0xFF,0x20,0x00,0xFF,0x20,0x00,0xFF,0x20,0x00,0xFF,
    0x20,0x00,0xFF,0x20,0x00,0xFF,0x20,0x00,0xFE,0x20,0x00,0xFF,0x41,0x38,0xF5,0x82,0x88,0xC8,0x41,0x48,0x97,0x20,0x30,0x68,
    0x20,0x30,0x45,0x20,0x20,0x2F,0x20,0x18,0x21,0x00,0x10,0x16,0x00,0x10,0x0D,0x00,0x00,0x07,0x00,0x00,0x04,0x00,0x00,0x02,
    0x00,0x00,0x01,0x00,0x00,0x00,0x00,0x00,0x00,0x00,0x00,0x00,0x00,0x00,0x00,0x00,0x00,0x00,0x00,0x00,0x00,0x00,0x00,0x00,
    0x00,0x00,0x01,0x00,0x00,0x01,0x00,0x00,0x03,0x00,0x00,0x07,0x00,0x00,0x0C,0x00,0x08,0x14,0x00,0x18,0x1E,0x20,0x20,0x2B,
    0x20,0x28,0x3D,0x20,0x30,0x5B,0x41,0x38,0x87,0x82,0x80,0xB7,0x82,0x60,0xE6,0x21,0x10,0xFE,0x20,0x00,0xFF,0x20,0x08,0xFE,
    0x20,0x00,0xFF,0x20,0x00,0xFF,0x20,0x00,0xFF,0x20,0x00,0xFF,0x20,0x00,0xFF,0x20,0x00,0xFF,0x20,0x00,0xFF,0x20,0x00,0xFF,
    0x20,0x00,0xFF,0x20,0x00,0xFF,0x20,0x00,0xFF,0x20,0x00,0xFF,0x20,0x00,0xFF,0x20,0x00,0xFF,0x20,0x00,0xFF,0x20,0x00,0xFF,
    0x20,0x00,0xFF,0x20,0x00,0xFF,0x20,0x00,0xFF,0x20,0x00,0xFF,0x20,0x00,0xFF,0x20,0x00,0xFF,0x20,0x00,0xFF,0x20,0x00,0xFF,
    0x20,0x00,0xFF,0x20,0x00,0xFF,0x20,0x00,0xFF,0x20,0x00,0xFF,0x20,0x00,0xFF,0x20,0x00,0xFF,0x20,0x00,0xFF,0x20,0x00,0xFF,
    0x20,0x00,0xFF,0x20,0x00,0xFF,0x20,0x00,0xFF,0x20,0x00,0xFF,0x20,0x08,0xFF,0x20,0x00,0xFF,0x20,0x00,0xFF,0x61,0x48,0xF2,
    0x82,0x88,0xC7,0x41,0x50,0x97,0x20,0x30,0x68,0x20,0x30,0x45,0x20,0x28,0x30,0x20,0x18,0x22,0x00,0x10,0x17,0x00,0x10,0x0E,
    0x00,0x00,0x08,0x00,0x00,0x04,0x00,0x00,0x02,0x00,0x00,0x01,0x00,0x00,0x00,0x00,0x00,0x00,0x00,0x00,0x00,0x00,0x00,0x00,
    0x00,0x00,0x00,0x00,0x00,0x00,0x00,0x00,0x00,0x00,0x00,0x00,0x00,0x00,0x00,0x00,0x00,0x01,0x00,0x00,0x02,0x00,0x00,0x04,
    0x00,0x00,0x07,0x00,0x10,0x0D,0x00,0x08,0x14,0x00,0x18,0x1E,0x20,0x20,0x2B,0x20,0x28,0x3D,0x20,0x30,0x5A,0x41,0x38,0x84,
    0x61,0x78,0xB0,0x82,0x80,0xDB,0x41,0x28,0xFA,0x20,0x00,0xFF,0x20,0x00,0xFE,0x20,0x08,0xFF,0x20,0x00,0xFF,0x20,0x00,0xFF,
    0x20,0x00,0xFF,0x20,0x00,0xFF,0x20,0x00,0xFF,0x20,0x00,0xFF,0x20,0x00,0xFF,0x20,0x00,0xFF,0x20,0x00,0xFF,0x20,0x00,0xFF,
    0x20,0x00,0xFF,0x20,0x00,0xFF,0x20,0x00,0xFF,0x20,0x00,0xFF,0x20,0x00,0xFF,0x20,0x00,0xFF,0x20,0x00,0xFF,0x20,0x00,0xFF,
    0x20,0x00,0xFF,0x20,0x00,0xFF,0x20,0x00,0xFF,0x20,0x00,0xFF,0x20,0x00,0xFF,0x20,0x00,0xFF,0x20,0x00,0xFF,0x20,0x00,0xFF,
    0x20,0x00,0xFF,0x20,0x00,0xFF,0x20,0x00,0xFF,0x20,0x00,0xFF,0x20,0x00,0xFF,0x20,0x00,0xFF,0x20,0x00,0xFF,0x20,0x08,0xFE,
    0x20,0x00,0xFF,0x21,0x10,0xFE,0x82,0x68,0xE8,0x82,0x88,0xBF,0x41,0x48,0x93,0x20,0x30,0x67,0x20,0x30,0x45,0x20,0x28,0x30,
    0x20,0x18,0x22,0x00,0x10,0x17,0x00,0x10,0x0F,0x00,0x00,0x09,0x00,0x00,0x05,0x00,0x00,0x02,0x00,0x00,0x01,0x00,0x00,0x00,
    0x00,0x00,0x00,0x00,0x00,0x00,0x00,0x00,0x00,0x00,0x00,0x00,0x00,0x00,0x00,0x00,0x00,0x00,0x00,0x00,0x00,0x00,0x00,0x00,
    0x00,0x00,0x00,0x00,0x00,0x00,0x00,0x00,0x01,0x00,0x00,0x02,0x00,0x00,0x04,0x00,0x00,0x08,0x00,0x10,0x0D,0x00,0x08,0x15,
    0x00,0x18,0x1E,0x20,0x20,0x2A,0x20,0x28,0x3B,0x20,0x30,0x55,0x20,0x30,0x7B,0x61,0x60,0xA5,0x82,0x90,0xCD,0x61,0x48,0xF2,
    0x20,0x00,0xFF,0x20,0x00,0xFF,0x20,0x08,0xFE,0x20,0x00,0xFF,0x20,0x00,0xFF,0x20,0x00,0xFF,0x20,0x00,0xFF,0x20,0x00,0xFF,
    0x20,0x00,0xFF,0x20,0x00,0xFF,0x20,0x00,0xFF,0x20,0x00,0xFF,0x20,0x00,0xFF,0x20,0x00,0xFF,0x20,0x00,0xFF,0x20,0x00,0xFF,
    0x20,0x00,0xFF,0x20,0x00,0xFF,0x20,0x00,0xFF,0x20,0x00,0xFF,0x20,0x00,0xFF,0x20,0x00,0xFF,0x20,0x00,0xFF,0x20,0x00,0xFF,
    0x20,0x00,0xFF,0x20,0x00,0xFF,0x20,0x00,0xFF,0x20,0x00,0xFF,0x20,0x00,0xFF,0x20,0x00,0xFF,0x20,0x00,0xFF,0x20,0x00,0xFF,
    0x20,0x00,0xFF,0x20,0x08,0xFE,0x20,0x00,0xFF,0x20,0x00,0xFF,0x41,0x28,0xF9,0x82,0x80,0xDB,0x82,0x78,0xB2,0x41,0x38,0x88,
    0x20,0x30,0x60,0x20,0x28,0x43,0x20,0x20,0x2F,0x20,0x18,0x22,0x00,0x10,0x17,0x00,0x10,0x0F,0x00,0x00,0x09,0x00,0x00,0x05,
    0x00,0x00,0x03,0x00,0x00,0x01,0x00,0x00,0x00,0x00,0x00,0x00,0x00,0x00,0x00,0x00,0x00,0x00,0x00,0x00,0x00,0x00,0x00,0x00,
    0x00,0x00,0x00,0x00,0x00,0x00,0x00,0x00,0x00,0x00,0x00,0x00,0x00,0x00,0x00,0x00,0x00,0x00,0x00,0x00,0x00,0x00,0x00,0x01,
    0x00,0x00,0x02,0x00,0x00,0x04,0x00,0x00,0x08,0x00,0x10,0x0D,0x00,0x08,0x14,0x00,0x18,0x1D,0x20,0x20,0x29,0x20,0x28,0x38,
    0x20,0x30,0x4D,0x20,0x30,0x6E,0x41,0x48,0x97,0x82,0x88,0xBF,0x82,0x70,0xE3,0x41,0x28,0xFA,0x20,0x00,0xFF,0x20,0x00,0xFF,
    0x20,0x08,0xFE,0x20,0x08,0xFF,0x20,0x00,0xFF,0x20,0x00,0xFF,0x20,0x00,0xFF,0x20,0x00,0xFF,0x20,0x00,0xFF,0x20,0x00,0xFF,
    0x20,0x00,0xFF,0x20,0x00,0xFF,0x20,0x00,0xFF,0x20,0x00,0xFF,0x20,0x00,0xFF,0x20,0x00,0xFF,0x20,0x00,0xFF,0x20,0x00,0xFF,
    0x20,0x00,0xFF,0x20,0x00,0xFF,0x20,0x00,0xFF,0x20,0x00,0xFF,0x20,0x00,0xFF,0x20,0x00,0xFF,0x20,0x00,0xFF,0x20,0x00,0xFF,
    0x20,0x00,0xFF,0x20,0x00,0xFF,0x20,0x00,0xFF,0x20,0x08,0xFE,0x20,0x00,0xFF,0x20,0x00,0xFF,0x41,0x10,0xFE,0x61,0x58,0xED,
    0x82,0x88,0xCB,0x61,0x60,0xA4,0x41,0x30,0x7B,0x20,0x30,0x57,0x20,0x28,0x3E,0x20,0x20,0x2D,0x20,0x18,0x21,0x00,0x10,0x17,
    0x00,0x10,0x0F,0x00,0x00,0x09,0x00,0x00,0x05,0x00,0x00,0x03,0x00,0x00,0x01,0x00,0x00,0x00,0x00,0x00,0x00,0x00,0x00,0x00,
    0x00,0x00,0x00,0x00,0x00,0x00,0x00,0x00,0x00,0x00,0x00,0x00,0x00,0x00,0x00,0x00,0x00,0x00,0x00,0x00,0x00,0x00,0x00,0x00,
    0x00,0x00,0x00,0x00,0x00,0x00,0x00,0x00,0x00,0x00,0x00,0x00,0x00,0x00,0x01,0x00,0x00,0x02,0x00,0x00,0x04,0x00,0x00,0x07,
    0x00,0x10,0x0C,0x00,0x08,0x13,0x00,0x18,0x1B,0x20,0x20,0x26,0x20,0x28,0x33,0x20,0x30,0x45,0x20,0x30,0x61,0x41,0x38,0x85,
    0x61,0x68,0xA9,0xA2,0x88,0xCB,0x61,0x58,0xEB,0x41,0x18,0xFD,0x20,0x00,0xFF,0x20,0x00,0xFF,0x20,0x00,0xFE,0x20,0x08,0xFE,
    0x20,0x00,0xFF,0x20,0x00,0xFF,0x20,0x00,0xFF,0x20,0x00,0xFF,0x20,0x00,0xFF,0x20,0x00,0xFF,0x20,0x00,0xFF,0x20,0x00,0xFF,
    0x20,0x00,0xFF,0x20,0x00,0xFF,0x20,0x00,0xFF,0x20,0x00,0xFF,0x20,0x00,0xFF,0x20,0x00,0xFF,0x20,0x00,0xFF,0x20,0x00,0xFF,
    0x20,0x00,0xFF,0x20,0x00,0xFF,0x20,0x00,0xFF,0x20,0x00,0xFF,0x20,0x08,0xFF,0x20,0x00,0xFE,0x20,0x00,0xFF,0x20,0x00,0xFF,
    0x21,0x08,0xFF,0x61,0x40,0xF2,0x82,0x80,0xD7,0x82,0x80,0xB5,0x41,0x48,0x91,0x20,0x30,0x6C,0x20,0x30,0x4E,0x20,0x28,0x38,
    0x20,0x20,0x2A,0x00,0x18,0x1F,0x00,0x10,0x16,0x00,0x10,0x0F,0x00,0x00,0x09,0x00,0x00,0x05,0x00,0x00,0x03,0x00,0x00,0x01,
    0x00,0x00,0x00,0x00,0x00,0x00,0x00,0x00,0x00,0x00,0x00,0x00,0x00,0x00,0x00,0x00,0x00,0x00,0x00,0x00,0x00,0x00,0x00,0x00,
    0x00,0x00,0x00,0x00,0x00,0x00,0x00,0x00,0x00,0x00,0x00,0x00,0x00,0x00,0x00,0x00,0x00,0x00,0x00,0x00,0x00,0x00,0x00,0x00,
    0x00,0x00,0x00,0x00,0x00,0x01,0x00,0x00,0x02,0x00,0x00,0x04,0x00,0x00,0x07,0x00,0x00,0x0B,0x00,0x08,0x11,0x00,0x10,0x19,
    0x20,0x18,0x22,0x20,0x20,0x2E,0x41,0x28,0x3D,0x20,0x30,0x52,0x20,0x30,0x6E,0x41,0x40,0x90,0x61,0x78,0xB1,0x82,0x80,0xCF,
    0x61,0x50,0xEA,0x41,0x28,0xFA,0x20,0x00,0xFF,0x20,0x00,0xFF,0x20,0x00,0xFF,0x20,0x00,0xFE,0x20,0x08,0xFE,0x20,0x08,0xFE,
    0x20,0x00,0xFF,0x20,0x00,0xFF,0x20,0x00,0xFF,0x20,0x00,0xFF,0x20,0x00,0xFF,0x20,0x00,0xFF,0x20,0x00,0xFF,0x20,0x00,0xFF,
    0x20,0x00,0xFF,0x20,0x00,0xFF,0x20,0x00,0xFF,0x20,0x00,0xFF,0x20,0x08,0xFF,0x20,0x08,0xFE,0x20,0x00,0xFE,0x20,0x00,0xFF,
    0x20,0x00,0xFF,0x20,0x00,0xFF,0x41,0x18,0xFD,0x61,0x40,0xF1,0x82,0x78,0xD9,0x82,0x80,0xBB,0x41,0x50,0x9A,0x41,0x30,0x79,
    0x20,0x30,0x5A,0x20,0x28,0x43,0x20,0x28,0x32,0x20,0x20,0x26,0x00,0x18,0x1C,0x00,0x08,0x14,0x00,0x10,0x0D,0x00,0x00,0x08,
    0x00,0x00,0x05,0x00,0x00,0x03,0x00,0x00,0x01,0x00,0x00,0x00,0x00,0x00,0x00,0x00,0x00,0x00,0x00,0x00,0x00,0x00,0x00,0x00,
    0x00,0x00,0x00,0x00,0x00,0x00,0x00,0x00,0x00,0x00,0x00,0x00,0x00,0x00,0x00,0x00,0x00,0x00,0x00,0x00,0x00,0x00,0x00,0x00,
    0x00,0x00,0x00,0x00,0x00,0x00,0x00,0x00,0x00,0x00,0x00,0x00,0x00,0x00,0x00,0x00,0x00,0x00,0x00,0x00,0x01,0x00,0x00,0x02,
    0x00,0x00,0x04,0x00,0x00,0x06,0x00,0x00,0x0A,0x00,0x10,0x0F,0x00,0x10,0x16,0x00,0x18,0x1E,0x20,0x18,0x28,0x20,0x20,0x34,
    0x20,0x30,0x43,0x20,0x30,0x59,0x20,0x30,0x73,0x41,0x48,0x90,0x61,0x70,0xAC,0x82,0x88,0xC7,0x62,0x70,0xE1,0x61,0x48,0xF2,
    0x41,0x18,0xFD,0x20,0x00,0xFF,0x20,0x00,0xFF,0x20,0x00,0xFF,0x20,0x00,0xFF,0x20,0x00,0xFF,0x20,0x00,0xFF,0x20,0x00,0xFE,
    0x20,0x08,0xFE,0x20,0x00,0xFE,0x20,0x00,0xFE,0x20,0x00,0xFE,0x20,0x08,0xFE,0x20,0x00,0xFF,0x20,0x00,0xFF,0x20,0x00,0xFF,
    0x20,0x00,0xFF,0x20,0x00,0xFF,0x20,0x00,0xFF,0x41,0x10,0xFF,0x41,0x38,0xF7,0x61,0x60,0xE8,0x82,0x80,0xD0,0x82,0x80,0xB5,
    0x61,0x58,0x99,0x41,0x38,0x7D,0x20,0x30,0x61,0x20,0x30,0x49,0x20,0x28,0x38,0x20,0x20,0x2C,0x20,0x18,0x21,0x00,0x10,0x19,
    0x00,0x08,0x12,0x00,0x00,0x0C,0x00,0x00,0x07,0x00,0x00,0x04,0x00,0x00,0x02,0x00,0x00,0x01,0x00,0x00,0x00,0x00,0x00,0x00,
    0x00,0x00,0x00,0x00,0x00,0x00,0x00,0x00,0x00,0x00,0x00,0x00,0x00,0x00,0x00,0x00,0x00,0x00,0x00,0x00,0x00,0x00,0x00,0x00,
    0x00,0x00,0x00,0x00,0x00,0x00,0x00,0x00,0x00,0x00,0x00,0x00,0x00,0x00,0x00,0x00,0x00,0x00,0x00,0x00,0x00,0x00,0x00,0x00,
    0x00,0x00,0x00,0x00,0x00,0x00,0x00,0x00,0x00,0x00,0x00,0x01,0x00,0x00,0x02,0x00,0x00,0x03,0x00,0x00,0x05,0x00,0x00,0x09,
    0x00,0x10,0x0D,0x00,0x08,0x13,0x00,0x10,0x1A,0x20,0x18,0x22,0x20,0x20,0x2B,0x20,0x28,0x37,0x20,0x30,0x45,0x20,0x30,0x58,
    0x20,0x30,0x6E,0x41,0x40,0x87,0x61,0x60,0xA0,0x82,0x80,0xB7,0x82,0x80,0xCC,0x82,0x68,0xDF,0x61,0x50,0xED,0x41,0x38,0xF6,
    0x41,0x20,0xFD,0x21,0x10,0xFF,0x21,0x10,0xFF,0x20,0x00,0xFF,0x20,0x00,0xFF,0x20,0x00,0xFF,0x20,0x00,0xFF,0x20,0x00,0xFF,
    0x20,0x00,0xFF,0x21,0x08,0xFF,0x21,0x10,0xFF,0x21,0x10,0xFF,0x41,0x30,0xF8,0x61,0x40,0xF1,0x61,0x60,0xE4,0x82,0x78,0xD2,
    0x82,0x80,0xBE,0x61,0x70,0xA8,0x41,0x48,0x90,0x20,0x30,0x76,0x41,0x30,0x5F,0x20,0x28,0x4B,0x41,0x28,0x3B,0x20,0x20,0x2F,
    0x20,0x20,0x25,0x00,0x18,0x1C,0x00,0x08,0x15,0x00,0x10,0x0F,0x00,0x00,0x0A,0x00,0x00,0x06,0x00,0x00,0x04,0x00,0x00,0x02,
    0x00,0x00,0x01,0x00,0x00,0x00,0x00,0x00,0x00,0x00,0x00,0x00,0x00,0x00,0x00,0x00,0x00,0x00,0x00,0x00,0x00,0x00,0x00,0x00,
    0x00,0x00,0x00,0x00,0x00,0x00,0x00,0x00,0x00,0x00,0x00,0x00,0x00,0x00,0x00,0x00,0x00,0x00,0x00,0x00,0x00,0x00,0x00,0x00,
    0x00,0x00,0x00,0x00,0x00,0x00,0x00,0x00,0x00,0x00,0x00,0x00,0x00,0x00,0x00,0x00,0x00,0x00,0x00,0x00,0x00,0x00,0x00,0x00,
    0x00,0x00,0x01,0x00,0x00,0x01,0x00,0x00,0x02,0x00,0x00,0x04,0x00,0x00,0x07,0x00,0x00,0x0B,0x00,0x10,0x0F,0x00,0x08,0x15,
    0x00,0x18,0x1C,0x20,0x18,0x23,0x20,0x20,0x2C,0x20,0x28,0x35,0x20,0x28,0x42,0x20,0x28,0x51,0x20,0x30,0x62,0x20,0x30,0x76,
    0x41,0x40,0x89,0x61,0x60,0x9C,0x82,0x70,0xAD,0x82,0x80,0xBC,0x82,0x78,0xCA,0x82,0x80,0xD3,0x82,0x88,0xDA,0x61,0x60,0xE5,
    0x61,0x60,0xE7,0x61,0x60,0xE7,0x61,0x60,0xE7,0x61,0x60,0xE7,0x61,0x58,0xE6,0x82,0x78,0xDE,0x82,0x88,0xD5,0x82,0x78,0xCD,
    0x82,0x80,0xC1,0x61,0x78,0xB2,0x61,0x68,0xA2,0x41,0x48,0x8F,0x41,0x38,0x7C,0x20,0x30,0x69,0x20,0x28,0x56,0x20,0x28,0x46,
    0x20,0x28,0x39,0x20,0x20,0x2F,0x20,0x20,0x26,0x00,0x18,0x1E,0x00,0x10,0x17,0x00,0x08,0x11,0x00,0x00,0x0C,0x00,0x00,0x08,
    0x00,0x00,0x05,0x00,0x00,0x03,0x00,0x00,0x02,0x00,0x00,0x01,0x00,0x00,0x00,0x00,0x00,0x00,0x00,0x00,0x00,0x00,0x00,0x00,
    0x00,0x00,0x00,0x00,0x00,0x00,0x00,0x00,0x00,0x00,0x00,0x00,0x00,0x00,0x00,0x00,0x00,0x00,0x00,0x00,0x00,0x00,0x00,0x00,
    0x00,0x00,0x00,0x00,0x00,0x00,0x00,0x00,0x00,0x00,0x00,0x00,0x00,0x00,0x00,0x00,0x00,0x00,0x00,0x00,0x00,0x00,0x00,0x00,
    0x00,0x00,0x00,0x00,0x00,0x00,0x00,0x00,0x00,0x00,0x00,0x00,0x00,0x00,0x00,0x00,0x00,0x00,0x00,0x00,0x01,0x00,0x00,0x02,
    0x00,0x00,0x03,0x00,0x00,0x05,0x00,0x00,0x08,0x00,0x00,0x0C,0x00,0x08,0x10,0x00,0x10,0x16,0x00,0x18,0x1C,0x20,0x18,0x22,
    0x20,0x20,0x29,0x20,0x28,0x31,0x20,0x28,0x3A,0x20,0x30,0x45,0x20,0x30,0x51,0x41,0x28,0x5E,0x20,0x30,0x6C,0x41,0x30,0x79,
    0x41,0x40,0x85,0x41,0x48,0x8F,0x41,0x50,0x99,0x61,0x68,0xA0,0x61,0x68,0xA4,0x61,0x68,0xA5,0x61,0x68,0xA5,0x61,0x68,0xA5,
    0x61,0x68,0xA2,0x41,0x58,0x9C,0x41,0x50,0x92,0x41,0x48,0x88,0x41,0x38,0x7D,0x20,0x30,0x71,0x20,0x28,0x63,0x20,0x30,0x55,
    0x20,0x30,0x49,0x41,0x28,0x3E,0x20,0x28,0x34,0x20,0x28,0x2C,0x20,0x20,0x25,0x00,0x18,0x1E,0x00,0x10,0x18,0x00,0x08,0x12,
    0x00,0x10,0x0D,0x00,0x00,0x09,0x00,0x00,0x06,0x00,0x00,0x04,0x00,0x00,0x02,0x00,0x00,0x01,0x00,0x00,0x01,0x00,0x00,0x00,
    0x00,0x00,0x00,0x00,0x00,0x00,0x00,0x00,0x00,0x00,0x00,0x00,0x00,0x00,0x00,0x00,0x00,0x00,0x00,0x00,0x00,0x00,0x00,0x00,
    0x00,0x00,0x00,0x00,0x00,0x00,0x00,0x00,0x00,0x00,0x00,0x00,0x00,0x00,0x00,0x00,0x00,0x00,0x00,0x00,0x00,0x00,0x00,0x00,
    0x00,0x00,0x00,0x00,0x00,0x00,0x00,0x00,0x00,0x00,0x00,0x00,0x00,0x00,0x00,0x00,0x00,0x00,0x00,0x00,0x00,0x00,0x00,0x00,
    0x00,0x00,0x00,0x00,0x00,0x00,0x00,0x00,0x00,0x00,0x00,0x01,0x00,0x00,0x01,0x00,0x00,0x02,0x00,0x00,0x04,0x00,0x00,0x06,
    0x00,0x00,0x09,0x00,0x00,0x0C,0x00,0x08,0x10,0x00,0x08,0x15,0x00,0x10,0x1A,0x00,0x18,0x1F,0x20,0x20,0x25,0x20,0x20,0x2B,
    0x20,0x28,0x31,0x20,0x28,0x38,0x41,0x30,0x3F,0x20,0x30,0x46,0x20,0x30,0x4E,0x20,0x30,0x54,0x41,0x28,0x5B,0x20,0x28,0x61,
    0x20,0x28,0x64,0x20,0x28,0x65,0x20,0x28,0x65,0x20,0x30,0x64,0x20,0x28,0x63,0x20,0x28,0x5D,0x20,0x30,0x56,0x20,0x28,0x50,
    0x20,0x30,0x49,0x20,0x28,0x42,0x41,0x28,0x3A,0x20,0x28,0x33,0x20,0x20,0x2D,0x20,0x20,0x27,0x20,0x18,0x21,0x00,0x18,0x1C,
    0x00,0x10,0x16,0x00,0x08,0x11,0x00,0x10,0x0D,0x00,0x00,0x0A,0x00,0x00,0x07,0x00,0x00,0x04,0x00,0x00,0x03,0x00,0x00,0x02,
    0x00,0x00,0x01,0x00,0x00,0x00,0x00,0x00,0x00,0x00,0x00,0x00,0x00,0x00,0x00,0x00,0x00,0x00,0x00,0x00,0x00,0x00,0x00,0x00,
    0x00,0x00,0x00,0x00,0x00,0x00,0x00,0x00,0x00,0x00,0x00,0x00,0x00,0x00,0x00,0x00,0x00,0x00,0x00,0x00,0x00,0x00,0x00,0x00,
    0x00,0x00,0x00,0x00,0x00,0x00,0x00,0x00,0x00,0x00,0x00,0x00,0x00,0x00,0x00,0x00,0x00,0x00,0x00,0x00,0x00,0x00,0x00,0x00,
    0x00,0x00,0x00,0x00,0x00,0x00,0x00,0x00,0x00,0x00,0x00,0x00,0x00,0x00,0x00,0x00,0x00,0x00,0x00,0x00,0x00,0x00,0x00,0x00,
    0x00,0x00,0x00,0x00,0x00,0x01,0x00,0x00,0x01,0x00,0x00,0x02,0x00,0x00,0x04,0x00,0x00,0x06,0x00,0x00,0x08,0x00,0x00,0x0B,
    0x00,0x10,0x0E,0x00,0x08,0x12,0x00,0x10,0x17,0x00,0x18,0x1B,0x20,0x10,0x20,0x20,0x18,0x24,0x20,0x20,0x29,0x20,0x20,0x2D,
    0x20,0x28,0x31,0x20,0x28,0x34,0x20,0x28,0x37,0x41,0x30,0x3A,0x41,0x28,0x3C,0x41,0x28,0x3D,0x41,0x30,0x3D,0x41,0x28,0x3C,
    0x41,0x28,0x3B,0x20,0x28,0x38,0x20,0x28,0x35,0x20,0x28,0x32,0x20,0x20,0x2E,0x20,0x20,0x29,0x20,0x20,0x25,0x20,0x18,0x21,
    0x00,0x18,0x1D,0x00,0x10,0x18,0x00,0x08,0x14,0x00,0x08,0x10,0x00,0x10,0x0C,0x00,0x00,0x09,0x00,0x00,0x06,0x00,0x00,0x04,
    0x00,0x00,0x03,0x00,0x00,0x02,0x00,0x00,0x01,0x00,0x00,0x00,0x00,0x00,0x00,0x00,0x00,0x00,0x00,0x00,0x00,0x00,0x00,0x00,
    0x00,0x00,0x00,0x00,0x00,0x00,0x00,0x00,0x00,0x00,0x00,0x00,0x00,0x00,0x00,0x00,0x00,0x00,0x00,0x00,0x00,0x00,0x00,0x00,
    0x00,0x00,0x00,0x00,0x00,0x00,0x00,0x00,0x00,0x00,0x00,0x00,0x00,0x00,0x00,0x00,0x00,0x00,0x00,0x00,0x00,0x00,0x00,0x00,
    0x00,0x00,0x00,0x00,0x00,0x00,0x00,0x00,0x00,0x00,0x00,0x00,0x00,0x00,0x00,0x00,0x00,0x00,0x00,0x00,0x00,0x00,0x00,0x00,
    0x00,0x00,0x00,0x00,0x00,0x00,0x00,0x00,0x00,0x00,0x00,0x00,0x00,0x00,0x00,0x00,0x00,0x00,0x00,0x00,0x00,0x00,0x00,0x01,
    0x00,0x00,0x01,0x00,0x00,0x02,0x00,0x00,0x04,0x00,0x00,0x05,0x00,0x00,0x07,0x00,0x00,0x0A,0x00,0x10,0x0D,0x00,0x08,0x10,
    0x00,0x08,0x13,0x00,0x10,0x17,0x00,0x10,0x1B,0x00,0x18,0x1E,0x20,0x18,0x21,0x20,0x20,0x24,0x20,0x20,0x26,0x20,0x18,0x28,
    0x20,0x20,0x2A,0x20,0x20,0x2A,0x20,0x20,0x2A,0x20,0x20,0x2A,0x20,0x20,0x29,0x20,0x20,0x27,0x20,0x20,0x25,0x20,0x18,0x22,
    0x00,0x18,0x1F,0x00,0x18,0x1C,0x00,0x10,0x18,0x00,0x08,0x14,0x00,0x08,0x11,0x00,0x10,0x0E,0x00,0x00,0x0B,0x00,0x00,0x08,
    0x00,0x00,0x06,0x00,0x00,0x04,0x00,0x00,0x03,0x00,0x00,0x02,0x00,0x00,0x01,0x00,0x00,0x00,0x00,0x00,0x00,0x00,0x00,0x00,
    0x00,0x00,0x00,0x00,0x00,0x00,0x00,0x00,0x00,0x00,0x00,0x00,0x00,0x00,0x00,0x00,0x00,0x00,0x00,0x00,0x00,0x00,0x00,0x00,
    0x00,0x00,0x00,0x00,0x00,0x00,0x00,0x00,0x00,0x00,0x00,0x00,0x00,0x00,0x00,0x00,0x00,0x00,0x00,0x00,0x00,0x00,0x00,0x00,
};

const lv_img_dsc_t a4_cap = {
    .header.cf = LV_IMG_CF_TRUE_COLOR_ALPHA,
    .header.w = 76, .header.h = 76,
    .data_size = sizeof a4_cap_px, .data = a4_cap_px,
};

static const uint8_t a4_regen_px[6480] = {
    0x00,0x00,0x00,0x00,0x00,0x00,0x00,0x00,0x00,0x00,0x00,0x00,0x00,0x00,0x00,0x00,0x00,0x00,0x00,0x00,0x00,0x00,0x00,0x00,
    0x00,0x00,0x00,0x00,0x00,0x00,0x00,0x00,0x00,0x00,0x00,0x00,0x00,0x00,0x00,0x00,0x00,0x00,0x00,0x00,0x00,0x00,0x00,0x00,
    0x00,0x00,0x00,0x00,0x00,0x00,0x00,0x00,0x00,0x00,0x00,0x00,0x00,0x00,0x00,0x00,0x00,0x00,0x00,0x00,0x00,0x00,0x00,0x00,
    0x00,0x00,0x00,0x00,0x00,0x00,0x00,0x00,0x00,0x00,0x00,0x00,0x00,0x00,0x00,0x00,0x00,0x00,0x00,0x00,0x00,0x00,0x00,0x00,
    0x00,0x00,0x00,0x00,0x00,0x00,0x00,0x00,0x00,0x00,0x00,0x00,0x00,0x00,0x00,0x00,0x00,0x00,0x00,0x00,0x00,0x00,0x00,0x00,
    0x00,0x00,0x00,0x00,0x00,0x00,0x00,0x00,0x00,0x00,0x00,0x00,0x00,0x00,0x00,0x00,0x00,0x00,0x00,0x00,0x00,0x00,0x00,0x00,
    0x00,0x00,0x00,0x00,0x00,0x00,0x00,0x00,0x00,0x00,0x00,0x00,0x00,0x00,0x00,0x00,0x00,0x00,0x00,0x00,0x00,0x00,0x00,0x00,
    0x00,0x00,0x00,0x00,0x00,0x00,0x00,0x00,0x00,0x00,0x00,0x00,0x00,0x00,0x00,0x00,0x00,0x00,0x00,0x00,0x00,0x00,0x00,0x00,
    0x00,0x00,0x00,0x00,0x00,0x00,0x00,0x00,0x00,0x00,0x00,0x00,0x00,0x00,0x00,0x00,0x00,0x00,0x00,0x00,0x00,0x00,0x00,0x00,
    0x00,0x00,0x00,0x00,0x00,0x00,0x00,0x00,0x00,0x00,0x00,0x00,0x00,0x00,0x00,0x00,0x00,0x00,0x00,0x00,0x00,0x00,0x00,0x00,
    0x00,0x00,0x00,0x00,0x00,0x00,0x00,0x00,0x00,0x00,0x00,0x00,0x00,0x00,0x00,0x00,0x00,0x00,0x00,0x00,0x00,0x00,0x00,0x00,
    0x00,0x00,0x00,0x00,0x00,0x00,0x00,0x00,0x00,0x00,0x00,0x00,0x00,0x00,0x00,0x00,0x00,0x00,0x00,0x00,0x00,0x00,0x00,0x00,
    0x00,0x00,0x00,0x00,0x00,0x00,0x00,0x00,0x00,0x00,0x00,0x00,0x00,0x00,0x00,0x00,0x00,0x00,0x00,0x00,0x00,0x00,0x00,0x00,
    0x00,0x00,0x00,0x00,0x00,0x00,0x00,0x00,0x00,0x00,0x00,0x00,0x00,0x00,0x00,0x00,0x00,0x00,0x00,0x00,0x00,0x00,0x00,0x00,
    0x00,0x00,0x00,0x00,0x00,0x00,0x00,0x00,0x00,0x00,0x00,0x00,0x00,0x00,0x00,0x00,0x00,0x00,0x00,0x00,0x00,0x00,0x00,0x00,
    0x00,0x00,0x00,0x00,0x00,0x00,0x00,0x00,0x00,0x00,0x00,0x00,0x00,0x00,0x00,0x00,0x00,0x00,0x00,0x00,0x00,0x00,0x00,0x00,
    0x00,0x00,0x00,0x00,0x00,0x00,0x00,0x00,0x00,0x00,0x00,0x00,0x00,0x00,0x00,0x00,0x00,0x00,0x00,0x00,0x00,0x00,0x00,0x00,
    0x00,0x00,0x00,0x00,0x00,0x00,0x00,0x00,0x00,0x00,0x00,0x00,0x00,0x00,0x00,0x00,0x00,0x00,0x00,0x00,0x00,0x00,0x00,0x00,
    0x00,0x00,0x00,0x00,0x00,0x00,0x00,0x00,0x00,0x00,0x00,0x00,0x00,0x00,0x00,0x00,0x00,0x00,0x00,0x00,0x00,0x00,0x00,0x00,
    0x00,0x00,0x00,0x00,0x00,0x00,0x00,0x00,0x00,0x00,0x00,0x00,0x00,0x00,0x00,0x00,0x00,0x00,0x00,0x00,0x00,0x00,0x00,0x00,
    0x00,0x00,0x00,0x00,0x00,0x00,0x00,0x00,0x00,0x00,0x00,0x00,0x00,0x00,0x00,0x00,0x00,0x00,0x00,0x00,0x00,0x00,0x00,0x00,
    0x00,0x00,0x00,0x00,0x00,0x00,0x00,0x00,0x00,0x00,0x00,0x00,0x00,0x00,0x00,0x00,0x00,0x00,0x00,0x00,0x00,0x00,0x00,0x00,
    0x00,0x00,0x00,0x00,0x00,0x00,0x00,0x00,0x00,0x00,0x00,0x00,0x00,0x00,0x00,0x00,0x00,0x00,0x00,0x00,0x00,0x00,0x00,0x00,
    0x00,0x00,0x00,0x00,0x00,0x00,0x00,0x00,0x00,0x00,0x00,0x00,0x00,0x00,0x00,0x00,0x00,0x00,0x00,0x00,0x00,0x00,0x00,0x00,
    0x00,0x00,0x00,0x00,0x00,0x00,0xE0,0xFF,0x01,0xE0,0xFF,0x01,0xE0,0xFF,0x01,0xE0,0xFF,0x01,0xE0,0xFF,0x01,0xE0,0xFF,0x01,
    0xE0,0xFF,0x01,0xE0,0xFF,0x01,0xE0,0xFF,0x01,0xE0,0xFF,0x01,0xE0,0xFF,0x01,0xE0,0xFF,0x01,0xE0,0xFF,0x01,0xE0,0xFF,0x01,
    0xE0,0xFF,0x01,0xE0,0xFF,0x01,0xE0,0xFF,0x01,0xE0,0xFF,0x01,0xE0,0xFF,0x01,0xE0,0xFF,0x01,0xE0,0xFF,0x01,0xE0,0xFF,0x01,
    0xE0,0xFF,0x01,0xE0,0xFF,0x01,0xE0,0xFF,0x01,0xE0,0xFF,0x01,0xE0,0xFF,0x01,0xE0,0xFF,0x01,0xE0,0xFF,0x01,0xE0,0xFF,0x01,
    0xE0,0xFF,0x01,0xE0,0xFF,0x01,0x00,0x00,0x00,0x00,0x00,0x00,0x00,0x00,0x00,0x00,0x00,0x00,0x00,0x00,0x00,0x00,0x00,0x00,
    0x00,0x00,0x00,0x00,0x00,0x00,0x00,0x00,0x00,0x00,0x00,0x00,0x00,0x00,0x00,0x00,0x00,0x00,0x00,0x00,0x00,0x00,0x00,0x00,
    0x00,0x00,0x00,0x00,0x00,0x00,0x00,0x00,0x00,0x00,0x00,0x00,0x00,0x00,0x00,0x00,0x00,0x00,0x00,0x00,0x00,0x00,0x00,0x00,
    0x00,0x00,0x00,0x00,0x00,0x00,0x00,0x00,0x00,0x00,0x00,0x00,0x40,0xFD,0x03,0x40,0xFD,0x03,0x00,0x00,0x00,0x00,0x00,0x00,
    0x00,0x00,0x00,0x00,0x00,0x00,0x00,0x00,0x00,0x00,0x00,0x00,0x00,0x00,0x00,0x00,0x00,0x00,0x00,0x00,0x00,0x00,0x00,0x00,
    0x00,0x00,0x00,0x00,0x00,0x00,0x00,0x00,0x00,0x00,0x00,0x00,0x00,0x00,0x00,0x00,0x00,0x00,0x00,0x00,0x00,0x00,0x00,0x00,
    0x00,0x00,0x00,0x00,0x00,0x00,0x00,0x00,0x00,0x00,0x00,0x00,0x00,0x00,0x00,0x00,0x00,0x00,0x00,0x00,0x00,0x00,0x00,0x00,
    0x00,0x00,0x00,0x00,0x00,0x00,0x00,0x00,0x00,0x00,0x00,0x00,0x00,0x00,0x00,0x00,0x00,0x00,0xE0,0xFF,0x01,0xE0,0xFB,0x04,
    0x00,0x00,0x00,0x00,0x00,0x00,0x00,0x00,0x00,0x00,0x00,0x00,0x00,0x00,0x00,0x00,0x00,0x00,0x00,0x00,0x00,0x00,0x00,0x00,
    0x00,0x00,0x00,0x00,0x00,0x00,0x00,0x00,0x00,0x00,0x00,0x00,0x00,0x00,0x00,0x00,0x00,0x00,0x00,0x00,0x00,0x00,0x00,0x00,
    0x00,0x00,0x00,0x00,0x00,0x00,0x00,0x00,0x00,0x00,0x00,0x00,0x00,0x00,0x00,0x00,0x00,0x00,0x00,0x00,0x00,0xE0,0xFF,0x02,
    0x00,0x00,0x00,0x00,0x00,0x00,0x00,0xFD,0x0E,0x60,0xFD,0x10,0xE0,0xFC,0x10,0xE0,0xFC,0x10,0xE0,0xFC,0x10,0xE0,0xFC,0x10,
    0xE0,0xFC,0x10,0xE0,0xFC,0x10,0xE0,0xFC,0x10,0xE0,0xFC,0x10,0xE0,0xFC,0x10,0xE0,0xFC,0x10,0xE0,0xFC,0x10,0xE0,0xFC,0x10,
    0xE0,0xFC,0x10,0xE0,0xFC,0x10,0xE0,0xFC,0x10,0xE0,0xFC,0x10,0xE0,0xFC,0x10,0xE0,0xFC,0x10,0xE0,0xFC,0x10,0xE0,0xFC,0x10,
    0xE0,0xFC,0x10,0xE0,0xFC,0x10,0xE0,0xFC,0x10,0xE0,0xFC,0x10,0xE0,0xFC,0x10,0xE0,0xFC,0x10,0xE0,0xFC,0x10,0xE0,0xFC,0x10,
    0x40,0xFD,0x0F,0xE0,0xFD,0x10,0x00,0x00,0x00,0x00,0x00,0x00,0x00,0xF8,0x01,0x00,0xF8,0x01,0x00,0x00,0x00,0x00,0x00,0x00,
    0x00,0x00,0x00,0x00,0x00,0x00,0x00,0x00,0x00,0x00,0x00,0x00,0x00,0x00,0x00,0x00,0x00,0x00,0x00,0x00,0x00,0x00,0x00,0x00,
    0x00,0x00,0x00,0x00,0x00,0x00,0x00,0x00,0x00,0x00,0x00,0x00,0x00,0x00,0x00,0x00,0x00,0x00,0x00,0x00,0x00,0x00,0x00,0x00,
    0x00,0x00,0x00,0x00,0x00,0x00,0x40,0xFD,0x03,0x00,0x00,0x00,0x20,0xFD,0x41,0x60,0xFD,0xA9,0x40,0xFD,0xE9,0x40,0xFD,0xEE,
    0x20,0xFD,0xEF,0x40,0xFD,0xEF,0x40,0xFD,0xEE,0x40,0xFD,0xEE,0x40,0xFD,0xEE,0x40,0xFD,0xEE,0x40,0xFD,0xEE,0x40,0xFD,0xEE,
    0x40,0xFD,0xEE,0x40,0xFD,0xEE,0x40,0xFD,0xEE,0x40,0xFD,0xEE,0x40,0xFD,0xEE,0x40,0xFD,0xEE,0x20,0xFD,0xEF,0x40,0xFD,0xEF,
    0x40,0xFD,0xEE,0x40,0xFD,0xEE,0x40,0xFD,0xEE,0x40,0xFD,0xEE,0x40,0xFD,0xEE,0x40,0xFD,0xEE,0x40,0xFD,0xEE,0x40,0xFD,0xEE,
    0x40,0xFD,0xEE,0x40,0xFD,0xEE,0x40,0xFD,0xEE,0x40,0xFD,0xEE,0x20,0xFD,0xED,0x40,0xFD,0xED,0x60,0xFD,0xC1,0x40,0xFD,0x6D,
    0x00,0x00,0x00,0x00,0xF8,0x01,0xE0,0xFF,0x01,0x00,0x00,0x00,0x00,0x00,0x00,0x00,0x00,0x00,0x00,0x00,0x00,0x00,0x00,0x00,
    0x00,0x00,0x00,0x00,0x00,0x00,0x00,0x00,0x00,0x00,0x00,0x00,0x00,0x00,0x00,0x00,0x00,0x00,0x00,0x00,0x00,0x00,0x00,0x00,
    0x00,0x00,0x00,0x00,0x00,0x00,0x00,0x00,0x00,0x00,0x00,0x00,0x00,0x00,0x00,0x40,0xFD,0x03,0x00,0x00,0x00,0x20,0xFD,0x5D,
    0x80,0xFD,0xFF,0x80,0xFD,0xFF,0x60,0xFD,0xFF,0x60,0xFD,0xFF,0x60,0xFD,0xFF,0x40,0xFD,0xFF,0x60,0xFD,0xFF,0x60,0xFD,0xFF,
    0x60,0xFD,0xFF,0x60,0xFD,0xFF,0x60,0xFD,0xFF,0x60,0xFD,0xFF,0x60,0xFD,0xFF,0x60,0xFD,0xFF,0x60,0xFD,0xFF,0x60,0xFD,0xFF,
    0x60,0xFD,0xFF,0x60,0xFD,0xFF,0x60,0xFD,0xFF,0x40,0xFD,0xFF,0x60,0xFD,0xFF,0x60,0xFD,0xFF,0x60,0xFD,0xFF,0x60,0xFD,0xFF,
    0x60,0xFD,0xFF,0x60,0xFD,0xFF,0x60,0xFD,0xFF,0x60,0xFD,0xFF,0x60,0xFD,0xFF,0x60,0xFD,0xFF,0x60,0xFD,0xFF,0x60,0xFD,0xFF,
    0x60,0xFD,0xFF,0x60,0xFD,0xFF,0x60,0xFD,0xFF,0xC0,0xFD,0xFF,0x40,0xFD,0xA2,0x40,0xFD,0x03,0xA0,0xFA,0x03,0x00,0xF8,0x01,
    0x00,0x00,0x00,0x00,0x00,0x00,0x00,0x00,0x00,0x00,0x00,0x00,0x00,0x00,0x00,0x00,0x00,0x00,0x00,0x00,0x00,0x00,0x00,0x00,
    0x00,0x00,0x00,0x00,0x00,0x00,0x00,0x00,0x00,0x00,0x00,0x00,0x00,0x00,0x00,0x00,0x00,0x00,0x00,0x00,0x00,0x00,0x00,0x00,
    0x40,0xFD,0x03,0x00,0x00,0x00,0x40,0xFD,0x41,0x80,0xFD,0xFF,0x40,0xFD,0xFB,0x60,0xFD,0xFF,0x20,0xFD,0xFA,0x40,0xFD,0xE8,
    0x20,0xFD,0xF4,0x20,0xFD,0xFE,0x20,0xFD,0xE4,0x20,0xFD,0xEF,0x40,0xFD,0xEE,0x40,0xFD,0xEE,0x40,0xFD,0xEE,0x40,0xFD,0xEE,
    0x40,0xFD,0xEE,0x40,0xFD,0xEE,0x40,0xFD,0xEE,0x40,0xFD,0xEE,0x20,0xFD,0xEF,0x40,0xFD,0xE8,0x20,0xFD,0xF4,0x20,0xFD,0xFE,
    0x20,0xFD,0xE4,0x20,0xFD,0xEF,0x40,0xFD,0xEE,0x40,0xFD,0xEE,0x40,0xFD,0xEE,0x40,0xFD,0xEE,0x40,0xFD,0xEE,0x40,0xFD,0xEE,
    0x40,0xFD,0xEE,0x40,0xFD,0xEE,0x40,0xFD,0xEE,0x40,0xFD,0xEE,0x40,0xFD,0xEE,0x20,0xFD,0xF0,0x60,0xFD,0xFF,0x40,0xFD,0xF8,
    0xC0,0xFD,0xFF,0x20,0xFD,0x8F,0x00,0x00,0x00,0xE0,0xFB,0x04,0x00,0x00,0x00,0x00,0x00,0x00,0x00,0x00,0x00,0x00,0x00,0x00,
    0x00,0x00,0x00,0x00,0x00,0x00,0x00,0x00,0x00,0x00,0x00,0x00,0x00,0x00,0x00,0x00,0x00,0x00,0x00,0x00,0x00,0x00,0x00,0x00,
    0x00,0x00,0x00,0x00,0x00,0x00,0x00,0x00,0x00,0x00,0x00,0x00,0xE0,0xFB,0x04,0xE0,0xFF,0x01,0x40,0xFD,0xAE,0x80,0xFD,0xFF,
    0x60,0xFD,0xFD,0x40,0xFD,0xB1,0x40,0xFD,0x27,0x40,0xFD,0x35,0x40,0xFD,0xE3,0x80,0xFD,0xFF,0x20,0xFD,0x6B,0x40,0xFD,0x0C,
    0x40,0xFD,0x12,0xE0,0xFC,0x10,0xE0,0xFC,0x10,0xE0,0xFC,0x10,0xE0,0xFC,0x10,0xE0,0xFC,0x10,0xE0,0xFC,0x10,0x40,0xFD,0x12,
    0xE0,0xFC,0x10,0x40,0xFD,0x32,0x60,0xFD,0xE2,0x80,0xFD,0xFF,0x20,0xFD,0x6B,0x40,0xFD,0x0C,0x40,0xFD,0x12,0xE0,0xFC,0x10,
    0xE0,0xFC,0x10,0xE0,0xFC,0x10,0xE0,0xFC,0x10,0xE0,0xFC,0x10,0xE0,0xFC,0x10,0xE0,0xFC,0x10,0xE0,0xFC,0x10,0x60,0xFD,0x10,
    0xC0,0xFC,0x12,0x20,0xFD,0x14,0x40,0xFD,0x73,0x40,0xFD,0xFE,0x40,0xFD,0xFD,0x40,0xFD,0xF2,0x00,0xFD,0x13,0x00,0x00,0x00,
    0xE0,0xFF,0x01,0x00,0x00,0x00,0x00,0x00,0x00,0x00,0x00,0x00,0x00,0x00,0x00,0x00,0x00,0x00,0x00,0x00,0x00,0x00,0x00,0x00,
    0x00,0x00,0x00,0x00,0x00,0x00,0x00,0x00,0x00,0x00,0x00,0x00,0x00,0x00,0x00,0x00,0x00,0x00,0x00,0x00,0x00,0xE0,0xFF,0x01,
    0x00,0x00,0x00,0xC0,0xFC,0x0F,0x40,0xFD,0xEA,0x60,0xFD,0xFE,0x60,0xFD,0xF5,0x00,0xFD,0x1B,0x00,0x00,0x00,0x20,0xFD,0xD5,
    0x80,0xFD,0xFF,0x40,0xFD,0xFC,0x80,0xFD,0xF9,0x20,0xFD,0x3A,0x00,0x00,0x00,0x00,0x00,0x00,0x00,0x00,0x00,0x00,0x00,0x00,
    0x00,0x00,0x00,0x00,0x00,0x00,0x00,0x00,0x00,0x00,0x00,0x00,0x80,0xFC,0x07,0x20,0xFD,0xD3,0x80,0xFD,0xFF,0x40,0xFD,0xFC,
    0x80,0xFD,0xF9,0x20,0xFD,0x3A,0x00,0x00,0x00,0x00,0x00,0x00,0x00,0x00,0x00,0x00,0x00,0x00,0x00,0x00,0x00,0x00,0x00,0x00,
    0x00,0x00,0x00,0x00,0x00,0x00,0x00,0x00,0x00,0x00,0x00,0x00,0x00,0x00,0x00,0x00,0x00,0x00,0x00,0x00,0x00,0x20,0xFD,0xC0,
    0x60,0xFD,0xFF,0x80,0xFD,0xFD,0x20,0xFD,0x51,0x00,0x00,0x00,0xE0,0xFB,0x04,0x00,0x00,0x00,0x00,0x00,0x00,0x00,0x00,0x00,
    0x00,0x00,0x00,0x00,0x00,0x00,0x00,0x00,0x00,0x00,0x00,0x00,0x00,0x00,0x00,0x00,0x00,0x00,0x00,0x00,0x00,0x00,0x00,0x00,
    0x00,0x00,0x00,0x00,0x00,0x00,0x00,0x00,0x00,0xE0,0xFF,0x01,0x00,0x00,0x00,0xE0,0xFC,0x10,0x20,0xFD,0xEF,0x60,0xFD,0xFF,
    0x20,0xFD,0xEE,0x80,0xFD,0x0A,0x00,0xFD,0x0E,0x20,0xFD,0xFC,0x40,0xFD,0xFE,0x20,0xFD,0xF6,0xC0,0xFD,0xFF,0x40,0xFD,0x58,
    0xE0,0xFF,0x01,0xC0,0xFC,0x05,0x40,0xFD,0x03,0x00,0x00,0x00,0x00,0x00,0x00,0x40,0xFD,0x03,0xE0,0xFF,0x02,0xE0,0xFF,0x01,
    0x20,0xFD,0x11,0x40,0xFD,0xFB,0x40,0xFD,0xFE,0x20,0xFD,0xF6,0xC0,0xFD,0xFF,0x40,0xFD,0x58,0xE0,0xFF,0x01,0xC0,0xFC,0x05,
    0x40,0xFD,0x03,0x00,0x00,0x00,0x00,0x00,0x00,0x40,0xFD,0x03,0xE0,0xFF,0x01,0xE0,0xFF,0x01,0xE0,0xFF,0x01,0xE0,0xFF,0x01,
    0xE0,0xFF,0x01,0xE0,0xFB,0x06,0xE0,0xFF,0x02,0x20,0xFD,0xA6,0x80,0xFD,0xFF,0x80,0xFD,0xFF,0x40,0xFD,0x56,0x00,0x00,0x00,
    0xE0,0xFB,0x04,0x00,0x00,0x00,0x00,0x00,0x00,0x00,0x00,0x00,0x00,0x00,0x00,0x00,0x00,0x00,0x00,0x00,0x00,0x00,0x00,0x00,
    0x00,0x00,0x00,0x00,0x00,0x00,0x00,0x00,0x00,0x00,0x00,0x00,0x00,0x00,0x00,0x00,0x00,0x00,0x00,0x00,0x00,0xE0,0xFF,0x01,
    0x00,0x00,0x00,0xE0,0xFC,0x10,0x40,0xFD,0xEE,0x60,0xFD,0xFF,0x40,0xFD,0xEE,0x20,0xFD,0x14,0x00,0xF8,0x01,0x20,0xFD,0x5D,
    0x60,0xFD,0xFF,0xC0,0xFD,0xFF,0x40,0xFD,0xA1,0x60,0xFC,0x09,0xE0,0xFB,0x02,0xE0,0xFF,0x01,0x00,0x00,0x00,0xC0,0xFC,0x05,
    0xE0,0xFC,0x10,0x00,0x00,0x00,0xE0,0xFF,0x01,0x40,0xFD,0x03,0xE0,0xFF,0x01,0x40,0xFD,0x5C,0x60,0xFD,0xFF,0xC0,0xFD,0xFF,
    0x40,0xFD,0xA1,0x60,0xFC,0x09,0xE0,0xFB,0x02,0xE0,0xFF,0x01,0x00,0x00,0x00,0xC0,0xFC,0x05,0xE0,0xFC,0x10,0x00,0x00,0x00,
    0xE0,0xFF,0x01,0x00,0x00,0x00,0x00,0x00,0x00,0x00,0x00,0x00,0x00,0x00,0x00,0xE0,0xFB,0x04,0x00,0x00,0x00,0x40,0xFD,0xAB,
    0x80,0xFD,0xFF,0x80,0xFD,0xFF,0x40,0xFD,0x55,0x00,0x00,0x00,0xE0,0xFB,0x04,0x00,0x00,0x00,0x00,0x00,0x00,0x00,0x00,0x00,
    0x00,0x00,0x00,0x00,0x00,0x00,0x00,0x00,0x00,0x00,0x00,0x00,0x00,0x00,0x00,0x00,0x00,0x00,0x00,0x00,0x00,0x00,0x00,0x00,
    0x00,0x00,0x00,0x00,0x00,0x00,0x00,0x00,0x00,0xE0,0xFF,0x01,0x00,0x00,0x00,0xE0,0xFC,0x10,0x40,0xFD,0xEE,0x60,0xFD,0xFF,
    0x40,0xFD,0xEE,0xE0,0xFC,0x10,0x00,0x00,0x00,0x00,0x00,0x00,0x20,0xFD,0x3C,0x60,0xFD,0x55,0x00,0x00,0x00,0x00,0x00,0x00,
    0x40,0xFD,0x03,0x00,0x00,0x00,0x20,0xFD,0x22,0x40,0xFD,0xD3,0x60,0xFD,0xF0,0x20,0xFD,0x5B,0x00,0x00,0x00,0x40,0xFD,0x03,
    0x00,0xF8,0x01,0x00,0x00,0x00,0x20,0xFD,0x3C,0x60,0xFD,0x55,0x00,0x00,0x00,0x00,0x00,0x00,0x40,0xFD,0x03,0x00,0x00,0x00,
    0x20,0xFD,0x22,0x40,0xFD,0xD3,0x60,0xFD,0xF0,0x20,0xFD,0x5B,0x00,0x00,0x00,0xA0,0xFA,0x03,0x00,0x00,0x00,0x00,0x00,0x00,
    0x00,0x00,0x00,0xE0,0xFB,0x04,0x00,0x00,0x00,0x40,0xFD,0xAA,0x80,0xFD,0xFF,0x80,0xFD,0xFF,0x40,0xFD,0x55,0x00,0x00,0x00,
    0xE0,0xFB,0x04,0x00,0x00,0x00,0x00,0x00,0x00,0x00,0x00,0x00,0x00,0x00,0x00,0x00,0x00,0x00,0x00,0x00,0x00,0x00,0x00,0x00,
    0x00,0x00,0x00,0x00,0x00,0x00,0xE0,0xFB,0x04,0xE0,0xFD,0x04,0xE0,0xFB,0x04,0xE0,0xFB,0x04,0xE0,0xFB,0x04,0xC0,0xFC,0x05,
    0xE0,0xFB,0x04,0x00,0xFD,0x13,0x40,0xFD,0xEE,0x60,0xFD,0xFF,0x40,0xFD,0xEE,0xE0,0xFC,0x10,0x00,0x00,0x00,0xE0,0xFF,0x03,
    0x00,0x00,0x00,0x00,0x00,0x00,0x00,0x00,0x00,0xE0,0xFF,0x01,0xE0,0xFF,0x01,0x00,0xFD,0x0B,0x40,0xFD,0xD7,0x80,0xFD,0xFF,
    0x40,0xFD,0xFF,0x60,0xFD,0xFE,0x40,0xFD,0x3E,0x00,0xF8,0x01,0x40,0xFD,0x03,0xE0,0xFF,0x02,0x00,0x00,0x00,0x00,0x00,0x00,
    0x00,0x00,0x00,0xE0,0xFF,0x01,0xE0,0xFF,0x01,0x00,0xFD,0x0B,0x40,0xFD,0xD7,0x80,0xFD,0xFF,0x40,0xFD,0xFF,0x60,0xFD,0xFE,
    0x40,0xFD,0x3E,0x00,0xF8,0x01,0x40,0xFD,0x03,0x00,0x00,0x00,0x00,0x00,0x00,0xE0,0xFB,0x04,0x00,0x00,0x00,0x40,0xFD,0xAA,
    0x80,0xFD,0xFF,0x80,0xFD,0xFF,0x40,0xFD,0x57,0xE0,0xFB,0x04,0xE0,0xFB,0x08,0xE0,0xFB,0x04,0xE0,0xFB,0x04,0xE0,0xFB,0x04,
    0xE0,0xFB,0x04,0xE0,0xFD,0x04,0xE0,0xFF,0x01,0x00,0x00,0x00,0x00,0x00,0x00,0x00,0x00,0x00,0x00,0x00,0x00,0x00,0x00,0x00,
    0x00,0x00,0x00,0x00,0x00,0x00,0x00,0x00,0x00,0x00,0x00,0x00,0x00,0x00,0x00,0x00,0x00,0x00,0x20,0xFD,0xED,0x60,0xFD,0xFF,
    0x40,0xFD,0xEE,0xE0,0xFC,0x10,0x00,0x00,0x00,0xE0,0xFF,0x01,0x40,0xFD,0x03,0xE0,0xFD,0x04,0x00,0x00,0x00,0xE0,0xFF,0x01,
    0x00,0x00,0x00,0xE0,0xFC,0x10,0x40,0xFD,0xFA,0x40,0xFD,0xFD,0x20,0xFD,0xF5,0xC0,0xFD,0xFF,0x20,0xFD,0x57,0x00,0x00,0x00,
    0xE0,0xFB,0x04,0x00,0x00,0x00,0x40,0xFD,0x03,0xE0,0xFD,0x04,0x00,0x00,0x00,0xE0,0xFF,0x01,0x00,0x00,0x00,0xE0,0xFC,0x10,
    0x40,0xFD,0xFA,0x40,0xFD,0xFD,0x20,0xFD,0xF5,0xC0,0xFD,0xFF,0x20,0xFD,0x57,0x00,0x00,0x00,0xE0,0xFB,0x04,0x00,0x00,0x00,
    0x00,0x00,0x00,0xE0,0xFB,0x04,0x00,0x00,0x00,0x40,0xFD,0xAA,0x80,0xFD,0xFF,0x80,0xFD,0xFF,0x40,0xFD,0x4A,0x00,0x00,0x00,
    0x00,0x00,0x00,0x00,0x00,0x00,0x00,0x00,0x00,0x00,0x00,0x00,0x00,0x00,0x00,0x00,0x00,0x00,0x00,0x00,0x00,0x00,0x00,0x00,
    0x00,0x00,0x00,0xC0,0xFC,0x05,0x40,0xFD,0x50,0x40,0xFD,0x55,0x40,0xFD,0x55,0x40,0xFD,0x55,0x40,0xFD,0x55,0x40,0xFD,0x56,
    0x40,0xFD,0x55,0x20,0xFD,0x60,0x20,0xFD,0xF3,0x60,0xFD,0xFF,0x40,0xFD,0xEE,0xE0,0xFC,0x10,0x00,0x00,0x00,0xE0,0xFF,0x01,
    0x00,0xF8,0x01,0xE0,0xFF,0x01,0x00,0x00,0x00,0x00,0x00,0x00,0x40,0xFD,0x03,0xE0,0xFF,0x01,0x40,0xFD,0x5C,0x60,0xFD,0xFF,
    0xC0,0xFD,0xFF,0x40,0xFD,0xA1,0x60,0xFC,0x09,0xA0,0xFA,0x03,0x00,0x00,0x00,0x00,0x00,0x00,0x00,0xF8,0x01,0xE0,0xFF,0x01,
    0x00,0x00,0x00,0x00,0x00,0x00,0x40,0xFD,0x03,0xE0,0xFF,0x01,0x40,0xFD,0x5C,0x60,0xFD,0xFF,0xC0,0xFD,0xFF,0x40,0xFD,0xA1,
    0x60,0xFC,0x09,0xA0,0xFA,0x03,0x00,0x00,0x00,0x00,0x00,0x00,0x00,0x00,0x00,0xE0,0xFB,0x04,0x00,0x00,0x00,0x40,0xFD,0xAA,
    0x80,0xFD,0xFF,0x60,0xFD,0xFE,0x20,0xFD,0x8E,0x40,0xFD,0x55,0x20,0xFD,0x58,0x40,0xFD,0x55,0x40,0xFD,0x55,0x40,0xFD,0x55,
    0x20,0xFD,0x54,0xA0,0xFD,0x55,0x00,0xFD,0x1C,0x00,0x00,0x00,0x00,0x00,0x00,0x20,0xFD,0x11,0x20,0xFD,0xFC,0xA0,0xFD,0xFF,
    0x60,0xFD,0xFF,0x80,0xFD,0xFF,0x80,0xFD,0xFF,0x80,0xFD,0xFF,0x80,0xFD,0xFF,0x80,0xFD,0xFF,0x40,0xFD,0xFF,0x40,0xFD,0xFF,
    0x40,0xFD,0xEF,0xE0,0xFC,0x10,0x00,0x00,0x00,0x40,0xFD,0x03,0x00,0x00,0x00,0x00,0x00,0x00,0xE0,0xFF,0x02,0x00,0x00,0x00,
    0x00,0x00,0x00,0x00,0xF8,0x01,0x00,0x00,0x00,0x20,0xFD,0x3C,0x60,0xFD,0x55,0x00,0x00,0x00,0x00,0x00,0x00,0xE0,0xFF,0x01,
    0x00,0x00,0x00,0xE0,0xFB,0x02,0x00,0x00,0x00,0x00,0x00,0x00,0xE0,0xFF,0x02,0x00,0x00,0x00,0x00,0x00,0x00,0x00,0xF8,0x01,
    0x00,0x00,0x00,0x20,0xFD,0x3C,0x60,0xFD,0x55,0x00,0x00,0x00,0x00,0x00,0x00,0xE0,0xFF,0x01,0x00,0x00,0x00,0x00,0x00,0x00,
    0x00,0x00,0x00,0xE0,0xFB,0x04,0x00,0x00,0x00,0x40,0xFD,0xAA,0x80,0xFD,0xFF,0x20,0xFD,0xFB,0x60,0xFD,0xFF,0x80,0xFD,0xFF,
    0x80,0xFD,0xFF,0x80,0xFD,0xFF,0x80,0xFD,0xFF,0x80,0xFD,0xFF,0x60,0xFD,0xFF,0xE0,0xFD,0xFF,0x40,0xFD,0x57,0x00,0x00,0x00,
    0x00,0x00,0x00,0x20,0xFD,0x11,0x20,0xFD,0xFC,0xA0,0xFD,0xFF,0x60,0xFD,0xFF,0x80,0xFD,0xFF,0x80,0xFD,0xFF,0x80,0xFD,0xFF,
    0x80,0xFD,0xFF,0x80,0xFD,0xFF,0x40,0xFD,0xFF,0x40,0xFD,0xFF,0x40,0xFD,0xEF,0xE0,0xFC,0x10,0x00,0x00,0x00,0x00,0x00,0x00,
    0xC0,0xFC,0x05,0xE0,0xFC,0x10,0x00,0x00,0x00,0xE0,0xFF,0x01,0x00,0x00,0x00,0x00,0x00,0x00,0xE0,0xFF,0x02,0x00,0x00,0x00,
    0x00,0x00,0x00,0x00,0x00,0x00,0x00,0xF8,0x01,0x00,0x00,0x00,0x00,0xF8,0x01,0x00,0x00,0x00,0xC0,0xFC,0x05,0xE0,0xFC,0x10,
    0x00,0x00,0x00,0xE0,0xFF,0x01,0x00,0x00,0x00,0x00,0x00,0x00,0xE0,0xFF,0x02,0x00,0x00,0x00,0x00,0x00,0x00,0x00,0x00,0x00,
    0x00,0xF8,0x01,0x00,0x00,0x00,0x00,0x00,0x00,0x00,0x00,0x00,0x00,0x00,0x00,0xE0,0xFB,0x04,0x00,0x00,0x00,0x40,0xFD,0xAA,
    0x80,0xFD,0xFF,0x20,0xFD,0xFB,0x60,0xFD,0xFF,0x80,0xFD,0xFF,0x80,0xFD,0xFF,0x80,0xFD,0xFF,0x80,0xFD,0xFF,0x80,0xFD,0xFF,
    0x60,0xFD,0xFF,0xE0,0xFD,0xFF,0x40,0xFD,0x57,0x00,0x00,0x00,0x00,0x00,0x00,0x00,0xFD,0x0B,0x20,0xFD,0xA0,0x40,0xFD,0xAA,
    0x20,0xFD,0xA9,0x40,0xFD,0xAA,0x40,0xFD,0xAA,0x40,0xFD,0xAA,0x40,0xFD,0xAA,0x20,0xFD,0xAF,0x20,0xFD,0xF9,0x60,0xFD,0xFF,
    0x40,0xFD,0xEF,0x40,0xFD,0x12,0x00,0x00,0x00,0x20,0xFD,0x23,0x40,0xFD,0xD3,0x60,0xFD,0xF0,0x20,0xFD,0x5B,0x00,0x00,0x00,
    0xA0,0xFA,0x03,0x00,0x00,0x00,0x00,0x00,0x00,0x40,0xFD,0x03,0xE0,0xFD,0x04,0x00,0x00,0x00,0x00,0x00,0x00,0xE0,0xFB,0x02,
    0x00,0x00,0x00,0x20,0xFD,0x22,0x40,0xFD,0xD3,0x60,0xFD,0xF0,0x20,0xFD,0x5B,0x00,0x00,0x00,0xA0,0xFA,0x03,0x00,0x00,0x00,
    0x00,0x00,0x00,0x40,0xFD,0x03,0xE0,0xFD,0x04,0x00,0x00,0x00,0x00,0x00,0x00,0x00,0x00,0x00,0x00,0x00,0x00,0x00,0x00,0x00,
    0x00,0x00,0x00,0xE0,0xFB,0x04,0x00,0x00,0x00,0x40,0xFD,0xAA,0x80,0xFD,0xFF,0x60,0xFD,0xFC,0x40,0xFD,0xC6,0x40,0xFD,0xAA,
    0x40,0xFD,0xAB,0x40,0xFD,0xAA,0x40,0xFD,0xAA,0x40,0xFD,0xAA,0x40,0xFD,0xA7,0xA0,0xFD,0xAA,0x40,0xFD,0x37,0x00,0x00,0x00,
    0x00,0x00,0x00,0x00,0x00,0x00,0x00,0x00,0x00,0x00,0x00,0x00,0x00,0x00,0x00,0x00,0x00,0x00,0x00,0x00,0x00,0x00,0x00,0x00,
    0x00,0x00,0x00,0x00,0x00,0x00,0x20,0xFD,0xED,0x60,0xFD,0xFF,0x40,0xFD,0xEF,0x40,0xFD,0x0F,0xE0,0xFC,0x08,0x20,0xFD,0xD8,
    0x80,0xFD,0xFF,0x40,0xFD,0xFF,0x60,0xFD,0xFE,0x40,0xFD,0x3E,0x00,0xF8,0x01,0x40,0xFD,0x03,0x00,0x00,0x00,0x00,0xF8,0x01,
    0xE0,0xFF,0x01,0x00,0x00,0x00,0xE0,0xFF,0x01,0xE0,0xFF,0x01,0x00,0xFD,0x0B,0x40,0xFD,0xD7,0x80,0xFD,0xFF,0x40,0xFD,0xFF,
    0x60,0xFD,0xFE,0x40,0xFD,0x3E,0x00,0xF8,0x01,0x40,0xFD,0x03,0x00,0x00,0x00,0x00,0xF8,0x01,0xE0,0xFF,0x01,0x00,0x00,0x00,
    0x00,0x00,0x00,0x00,0x00,0x00,0x00,0x00,0x00,0x00,0x00,0x00,0x00,0x00,0x00,0xE0,0xFB,0x04,0x00,0x00,0x00,0x40,0xFD,0xAA,
    0x80,0xFD,0xFF,0x80,0xFD,0xFF,0x40,0xFD,0x4A,0x00,0x00,0x00,0x00,0x00,0x00,0x00,0x00,0x00,0x00,0x00,0x00,0x00,0x00,0x00,
    0x00,0x00,0x00,0x00,0x00,0x00,0x00,0x00,0x00,0x00,0x00,0x00,0x00,0x00,0x00,0x00,0x00,0x00,0xE0,0xFB,0x04,0xE0,0xFD,0x04,
    0xE0,0xFB,0x04,0xE0,0xFB,0x04,0xE0,0xFB,0x04,0xC0,0xFC,0x05,0xE0,0xFB,0x04,0x00,0xFD,0x13,0x40,0xFD,0xEE,0x60,0xFD,0xFF,
    0x40,0xFD,0xEF,0x40,0xFD,0x0C,0x40,0xFD,0x0C,0x20,0xFD,0xFB,0x40,0xFD,0xFD,0x20,0xFD,0xF5,0xC0,0xFD,0xFF,0x20,0xFD,0x57,
    0x00,0x00,0x00,0xE0,0xFB,0x04,0xE0,0xFB,0x02,0x00,0x00,0x00,0x00,0x00,0x00,0xE0,0xFF,0x02,0xE0,0xFF,0x01,0x00,0x00,0x00,
    0xE0,0xFC,0x10,0x40,0xFD,0xFA,0x40,0xFD,0xFD,0x20,0xFD,0xF5,0xC0,0xFD,0xFF,0x20,0xFD,0x57,0x00,0x00,0x00,0xE0,0xFB,0x04,
    0xE0,0xFB,0x02,0x00,0x00,0x00,0x00,0x00,0x00,0xE0,0xFF,0x02,0x00,0x00,0x00,0x00,0x00,0x00,0x00,0x00,0x00,0x00,0x00,0x00,
    0x00,0x00,0x00,0xE0,0xFB,0x04,0x00,0x00,0x00,0x40,0xFD,0xAA,0x80,0xFD,0xFF,0x80,0xFD,0xFF,0x40,0xFD,0x57,0xE0,0xFB,0x04,
    0xE0,0xFB,0x08,0xE0,0xFB,0x04,0xE0,0xFB,0x04,0xE0,0xFB,0x04,0xE0,0xFB,0x04,0xE0,0xFD,0x04,0xE0,0xFF,0x01,0x00,0x00,0x00,
    0x00,0x00,0x00,0x00,0x00,0x00,0x00,0x00,0x00,0x00,0x00,0x00,0x00,0x00,0x00,0x00,0x00,0x00,0x00,0x00,0x00,0xE0,0xFF,0x01,
    0x00,0x00,0x00,0xE0,0xFC,0x10,0x40,0xFD,0xEE,0x60,0xFD,0xFF,0x40,0xFD,0xEE,0x00,0xFD,0x13,0x00,0xF8,0x01,0x20,0xFD,0x5D,
    0x60,0xFD,0xFF,0xC0,0xFD,0xFF,0x40,0xFD,0xA1,0x60,0xFC,0x09,0xE0,0xFB,0x02,0xE0,0xFF,0x01,0x00,0x00,0x00,0xC0,0xFC,0x05,
    0xE0,0xFC,0x10,0x00,0x00,0x00,0xE0,0xFF,0x01,0x40,0xFD,0x03,0xE0,0xFF,0x01,0x40,0xFD,0x5C,0x60,0xFD,0xFF,0xC0,0xFD,0xFF,
    0x40,0xFD,0xA1,0x60,0xFC,0x09,0xE0,0xFB,0x02,0xE0,0xFF,0x01,0x00,0x00,0x00,0xC0,0xFC,0x05,0xE0,0xFC,0x10,0x00,0x00,0x00,
    0xE0,0xFF,0x01,0x00,0x00,0x00,0x00,0x00,0x00,0x00,0x00,0x00,0x00,0x00,0x00,0xE0,0xFB,0x04,0x00,0x00,0x00,0x40,0xFD,0xAA,
    0x80,0xFD,0xFF,0x80,0xFD,0xFF,0x40,0xFD,0x55,0x00,0x00,0x00,0xE0,0xFB,0x04,0x00,0x00,0x00,0x00,0x00,0x00,0x00,0x00,0x00,
    0x00,0x00,0x00,0x00,0x00,0x00,0x00,0x00,0x00,0x00,0x00,0x00,0x00,0x00,0x00,0x00,0x00,0x00,0x00,0x00,0x00,0x00,0x00,0x00,
    0x00,0x00,0x00,0x00,0x00,0x00,0x00,0x00,0x00,0xE0,0xFF,0x01,0x00,0x00,0x00,0xE0,0xFC,0x10,0x40,0xFD,0xEE,0x60,0xFD,0xFF,
    0x40,0xFD,0xEE,0xE0,0xFC,0x10,0x00,0x00,0x00,0x00,0x00,0x00,0x20,0xFD,0x3C,0x60,0xFD,0x55,0x00,0x00,0x00,0x00,0x00,0x00,
    0x40,0xFD,0x03,0x00,0x00,0x00,0x20,0xFD,0x22,0x40,0xFD,0xD3,0x60,0xFD,0xF0,0x20,0xFD,0x5B,0x00,0x00,0x00,0x40,0xFD,0x03,
    0x00,0xF8,0x01,0x00,0x00,0x00,0x20,0xFD,0x3C,0x60,0xFD,0x55,0x00,0x00,0x00,0x00,0x00,0x00,0x40,0xFD,0x03,0x00,0x00,0x00,
    0x20,0xFD,0x22,0x40,0xFD,0xD3,0x60,0xFD,0xF0,0x20,0xFD,0x5B,0x00,0x00,0x00,0xA0,0xFA,0x03,0x00,0x00,0x00,0x00,0x00,0x00,
    0x00,0x00,0x00,0xE0,0xFB,0x04,0x00,0x00,0x00,0x40,0xFD,0xAA,0x80,0xFD,0xFF,0x80,0xFD,0xFF,0x40,0xFD,0x55,0x00,0x00,0x00,
    0xE0,0xFB,0x04,0x00,0x00,0x00,0x00,0x00,0x00,0x00,0x00,0x00,0x00,0x00,0x00,0x00,0x00,0x00,0x00,0x00,0x00,0x00,0x00,0x00,
    0x00,0x00,0x00,0x00,0x00,0x00,0x00,0x00,0x00,0x00,0x00,0x00,0x00,0x00,0x00,0x00,0x00,0x00,0x00,0x00,0x00,0xE0,0xFF,0x01,
    0x00,0x00,0x00,0xE0,0xFC,0x10,0x20,0xFD,0xED,0x60,0xFD,0xFF,0x40,0xFD,0xEE,0xE0,0xFC,0x10,0x00,0x00,0x00,0xE0,0xFF,0x03,
    0x00,0x00,0x00,0x00,0x00,0x00,0x00,0x00,0x00,0xE0,0xFF,0x01,0xE0,0xFF,0x01,0x00,0xFD,0x0B,0x40,0xFD,0xD7,0x80,0xFD,0xFF,
    0x40,0xFD,0xFF,0x60,0xFD,0xFE,0x40,0xFD,0x3E,0x00,0xF8,0x01,0x40,0xFD,0x03,0xE0,0xFF,0x02,0x00,0x00,0x00,0x00,0x00,0x00,
    0x00,0x00,0x00,0xE0,0xFF,0x01,0xE0,0xFF,0x01,0x00,0xFD,0x0B,0x40,0xFD,0xD7,0x80,0xFD,0xFF,0x40,0xFD,0xFF,0x60,0xFD,0xFE,
    0x40,0xFD,0x3E,0x00,0xF8,0x01,0x40,0xFD,0x03,0x00,0x00,0x00,0x00,0x00,0x00,0xE0,0xFB,0x04,0xE0,0xFF,0x01,0x20,0xFD,0xA9,
    0x80,0xFD,0xFF,0x80,0xFD,0xFF,0x20,0xFD,0x54,0x00,0x00,0x00,0xE0,0xFB,0x04,0x00,0x00,0x00,0x00,0x00,0x00,0x00,0x00,0x00,
    0x00,0x00,0x00,0x00,0x00,0x00,0x00,0x00,0x00,0x00,0x00,0x00,0x00,0x00,0x00,0x00,0x00,0x00,0x00,0x00,0x00,0x00,0x00,0x00,
    0x00,0x00,0x00,0x00,0x00,0x00,0x00,0x00,0x00,0xE0,0xFF,0x01,0x00,0x00,0x00,0x20,0xFD,0x11,0x40,0xFD,0xF1,0x60,0xFD,0xFF,
    0x40,0xFD,0xEF,0xE0,0xFC,0x0D,0xE0,0xFF,0x01,0x60,0xFE,0x05,0x40,0xFD,0x06,0xA0,0xFD,0x07,0xE0,0xFD,0x04,0xC0,0xFC,0x05,
    0xE0,0xFD,0x04,0xC0,0xFC,0x14,0x40,0xFD,0xFD,0x60,0xFD,0xFF,0x20,0xFD,0xF9,0xE0,0xFD,0xFF,0x20,0xFD,0x5A,0x40,0xFD,0x03,
    0xE0,0xFC,0x08,0xE0,0xFB,0x04,0x80,0xFC,0x07,0xA0,0xFD,0x07,0xE0,0xFD,0x04,0xC0,0xFC,0x05,0xE0,0xFD,0x04,0xC0,0xFC,0x14,
    0x40,0xFD,0xFD,0x60,0xFD,0xFF,0x20,0xFD,0xF9,0xE0,0xFD,0xFF,0x20,0xFD,0x5A,0x40,0xFD,0x03,0xE0,0xFC,0x08,0xE0,0xFB,0x04,
    0xE0,0xFB,0x04,0x80,0xFC,0x07,0x00,0x00,0x00,0x40,0xFD,0xAD,0x80,0xFD,0xFF,0x80,0xFD,0xFF,0x40,0xFD,0x59,0x00,0x00,0x00,
    0xE0,0xFB,0x04,0x00,0x00,0x00,0x00,0x00,0x00,0x00,0x00,0x00,0x00,0x00,0x00,0x00,0x00,0x00,0x00,0x00,0x00,0x00,0x00,0x00,
    0x00,0x00,0x00,0x00,0x00,0x00,0x00,0x00,0x00,0x00,0x00,0x00,0x00,0x00,0x00,0x00,0x00,0x00,0x00,0x00,0x00,0x00,0x00,0x00,
    0xA0,0xFA,0x03,0xC0,0xFC,0x05,0x40,0xFD,0xC7,0x60,0xFD,0xFD,0x80,0xFD,0xFD,0x60,0xFD,0x72,0x00,0x00,0x00,0x00,0x00,0x00,
    0x00,0x00,0x00,0x00,0x00,0x00,0x00,0x00,0x00,0x00,0x00,0x00,0x00,0x00,0x00,0x00,0x00,0x00,0x20,0xFD,0x4C,0x60,0xFD,0xEF,
    0x60,0xFD,0xFF,0x40,0xFD,0x90,0x00,0x00,0x00,0x00,0x00,0x00,0x00,0x00,0x00,0x00,0x00,0x00,0x00,0x00,0x00,0x00,0x00,0x00,
    0x00,0x00,0x00,0x00,0x00,0x00,0x00,0x00,0x00,0x00,0x00,0x00,0x20,0xFD,0x4C,0x60,0xFD,0xEF,0x60,0xFD,0xFF,0x40,0xFD,0x90,
    0x00,0x00,0x00,0x00,0x00,0x00,0x00,0x00,0x00,0x00,0x00,0x00,0x00,0x00,0x00,0x00,0x00,0x00,0x20,0xFD,0x2E,0x40,0xFD,0xF0,
    0x40,0xFD,0xFD,0x40,0xFD,0xF9,0x20,0xFD,0x28,0x00,0x00,0x00,0xE0,0xFB,0x02,0x00,0x00,0x00,0x00,0x00,0x00,0x00,0x00,0x00,
    0x00,0x00,0x00,0x00,0x00,0x00,0x00,0x00,0x00,0x00,0x00,0x00,0x00,0x00,0x00,0x00,0x00,0x00,0x00,0x00,0x00,0x00,0x00,0x00,
    0x00,0x00,0x00,0x00,0x00,0x00,0x00,0x00,0x00,0x00,0x00,0x00,0xE0,0xFB,0x04,0x00,0x00,0x00,0x20,0xFD,0x6A,0xC0,0xFD,0xFF,
    0x40,0xFD,0xF8,0x40,0xFD,0xFF,0x20,0xFD,0xC1,0x40,0xFD,0xAA,0x40,0xFD,0xAB,0x40,0xFD,0xAA,0x40,0xFD,0xAA,0x40,0xFD,0xAA,
    0x40,0xFD,0xAA,0x20,0xFD,0xAB,0x20,0xFD,0xA0,0x20,0xFD,0xE7,0x40,0xFD,0xFF,0x40,0xFD,0xA8,0x40,0xFD,0xA8,0x40,0xFD,0xAB,
    0x40,0xFD,0xAA,0x40,0xFD,0xAA,0x40,0xFD,0xAA,0x40,0xFD,0xAA,0x40,0xFD,0xAA,0x40,0xFD,0xAA,0x40,0xFD,0xAA,0x20,0xFD,0xAB,
    0x20,0xFD,0xA0,0x20,0xFD,0xE7,0x40,0xFD,0xFF,0x40,0xFD,0xA8,0x40,0xFD,0xA8,0x40,0xFD,0xAB,0x40,0xFD,0xAA,0x40,0xFD,0xAA,
    0x20,0xFD,0xAB,0x40,0xFD,0xAE,0x20,0xFD,0xF5,0x40,0xFD,0xFB,0xA0,0xFD,0xFF,0x20,0xFD,0xC0,0x00,0x00,0x00,0xA0,0xFA,0x03,
    0x00,0x00,0x00,0x00,0x00,0x00,0x00,0x00,0x00,0x00,0x00,0x00,0x00,0x00,0x00,0x00,0x00,0x00,0x00,0x00,0x00,0x00,0x00,0x00,
    0x00,0x00,0x00,0x00,0x00,0x00,0x00,0x00,0x00,0x00,0x00,0x00,0x00,0x00,0x00,0x00,0x00,0x00,0x00,0x00,0x00,0x00,0x00,0x00,
    0x00,0x00,0x00,0xA0,0xFA,0x03,0xC0,0xFC,0x05,0x40,0xFD,0xA2,0xC0,0xFD,0xFF,0x40,0xFD,0xFF,0x60,0xFD,0xFF,0x80,0xFD,0xFF,
    0x80,0xFD,0xFF,0x80,0xFD,0xFF,0x80,0xFD,0xFF,0x80,0xFD,0xFF,0x80,0xFD,0xFF,0x80,0xFD,0xFF,0x80,0xFD,0xFF,0x40,0xFD,0xFF,
    0x20,0xFD,0xFB,0x80,0xFD,0xFF,0x80,0xFD,0xFF,0x80,0xFD,0xFF,0x80,0xFD,0xFF,0x80,0xFD,0xFF,0x80,0xFD,0xFF,0x80,0xFD,0xFF,
    0x80,0xFD,0xFF,0x80,0xFD,0xFF,0x80,0xFD,0xFF,0x80,0xFD,0xFF,0x80,0xFD,0xFF,0x40,0xFD,0xFF,0x20,0xFD,0xFB,0x80,0xFD,0xFF,
    0x80,0xFD,0xFF,0x80,0xFD,0xFF,0x80,0xFD,0xFF,0x80,0xFD,0xFF,0x80,0xFD,0xFF,0x80,0xFD,0xFF,0x40,0xFD,0xFF,0xA0,0xFD,0xFF,
    0x60,0xFD,0xDE,0x60,0xFD,0x22,0xE0,0xFB,0x02,0xE0,0xFB,0x02,0x00,0x00,0x00,0x00,0x00,0x00,0x00,0x00,0x00,0x00,0x00,0x00,
    0x00,0x00,0x00,0x00,0x00,0x00,0x00,0x00,0x00,0x00,0x00,0x00,0x00,0x00,0x00,0x00,0x00,0x00,0x00,0x00,0x00,0x00,0x00,0x00,
    0x00,0x00,0x00,0x00,0x00,0x00,0x00,0x00,0x00,0x00,0x00,0x00,0x00,0x00,0x00,0xE0,0xFF,0x01,0x00,0xF8,0x01,0x00,0x00,0x00,
    0x40,0xFD,0x8E,0x60,0xFD,0xEC,0x80,0xFD,0xFF,0x80,0xFD,0xFF,0x80,0xFD,0xFF,0x80,0xFD,0xFF,0x80,0xFD,0xFF,0x80,0xFD,0xFF,
    0x80,0xFD,0xFF,0x80,0xFD,0xFF,0x80,0xFD,0xFF,0x80,0xFD,0xFF,0x80,0xFD,0xFF,0x80,0xFD,0xFF,0x80,0xFD,0xFF,0x80,0xFD,0xFF,
    0x80,0xFD,0xFF,0x80,0xFD,0xFF,0x80,0xFD,0xFF,0x80,0xFD,0xFF,0x80,0xFD,0xFF,0x80,0xFD,0xFF,0x80,0xFD,0xFF,0x80,0xFD,0xFF,
    0x80,0xFD,0xFF,0x80,0xFD,0xFF,0x80,0xFD,0xFF,0x80,0xFD,0xFF,0x80,0xFD,0xFF,0x80,0xFD,0xFF,0x80,0xFD,0xFF,0x80,0xFD,0xFF,
    0x80,0xFD,0xFF,0x80,0xFD,0xFF,0x40,0xFD,0xF8,0x60,0xFD,0xBC,0xE0,0xFC,0x22,0x00,0x00,0x00,0xE0,0xFB,0x02,0x00,0x00,0x00,
    0x00,0x00,0x00,0x00,0x00,0x00,0x00,0x00,0x00,0x00,0x00,0x00,0x00,0x00,0x00,0x00,0x00,0x00,0x00,0x00,0x00,0x00,0x00,0x00,
    0x00,0x00,0x00,0x00,0x00,0x00,0x00,0x00,0x00,0x00,0x00,0x00,0x00,0x00,0x00,0x00,0x00,0x00,0x00,0x00,0x00,0x00,0x00,0x00,
    0x00,0x00,0x00,0x00,0x00,0x00,0x00,0xF8,0x01,0x00,0x00,0x00,0x00,0x00,0x00,0x40,0xFD,0x12,0x40,0xFD,0x51,0x40,0xFD,0x55,
    0x40,0xFD,0x55,0x40,0xFD,0x55,0x40,0xFD,0x55,0x40,0xFD,0x55,0x40,0xFD,0x55,0x40,0xFD,0x55,0x40,0xFD,0x55,0x40,0xFD,0x55,
    0x40,0xFD,0x55,0x40,0xFD,0x55,0x40,0xFD,0x55,0x40,0xFD,0x55,0x40,0xFD,0x55,0x40,0xFD,0x55,0x40,0xFD,0x55,0x40,0xFD,0x55,
    0x40,0xFD,0x55,0x40,0xFD,0x55,0x40,0xFD,0x55,0x40,0xFD,0x55,0x40,0xFD,0x55,0x40,0xFD,0x55,0x40,0xFD,0x55,0x40,0xFD,0x55,
    0x40,0xFD,0x55,0x40,0xFD,0x55,0x40,0xFD,0x55,0x40,0xFD,0x55,0x20,0xFD,0x54,0x80,0xFD,0x54,0x80,0xFD,0x27,0x00,0x00,0x00,
    0x00,0x00,0x00,0xE0,0xFB,0x02,0x00,0x00,0x00,0x00,0x00,0x00,0x00,0x00,0x00,0x00,0x00,0x00,0x00,0x00,0x00,0x00,0x00,0x00,
    0x00,0x00,0x00,0x00,0x00,0x00,0x00,0x00,0x00,0x00,0x00,0x00,0x00,0x00,0x00,0x00,0x00,0x00,0x00,0x00,0x00,0x00,0x00,0x00,
    0x00,0x00,0x00,0x00,0x00,0x00,0x00,0x00,0x00,0x00,0x00,0x00,0x00,0x00,0x00,0x00,0x00,0x00,0x00,0x00,0x00,0x00,0x00,0x00,
    0x40,0xFD,0x03,0x00,0x00,0x00,0x00,0x00,0x00,0x00,0x00,0x00,0x00,0x00,0x00,0x00,0x00,0x00,0x00,0x00,0x00,0x00,0x00,0x00,
    0x00,0x00,0x00,0x00,0x00,0x00,0x00,0x00,0x00,0x00,0x00,0x00,0x00,0x00,0x00,0x00,0x00,0x00,0x00,0x00,0x00,0x00,0x00,0x00,
    0x00,0x00,0x00,0x00,0x00,0x00,0x00,0x00,0x00,0x00,0x00,0x00,0x00,0x00,0x00,0x00,0x00,0x00,0x00,0x00,0x00,0x00,0x00,0x00,
    0x00,0x00,0x00,0x00,0x00,0x00,0x00,0x00,0x00,0x00,0x00,0x00,0x00,0x00,0x00,0x00,0x00,0x00,0x00,0x00,0x00,0x00,0x00,0x00,
    0x00,0x00,0x00,0x00,0x00,0x00,0x00,0x00,0x00,0xE0,0xFF,0x01,0xE0,0xFF,0x01,0x00,0x00,0x00,0x00,0x00,0x00,0x00,0x00,0x00,
    0x00,0x00,0x00,0x00,0x00,0x00,0x00,0x00,0x00,0x00,0x00,0x00,0x00,0x00,0x00,0x00,0x00,0x00,0x00,0x00,0x00,0x00,0x00,0x00,
    0x00,0x00,0x00,0x00,0x00,0x00,0x00,0x00,0x00,0x00,0x00,0x00,0x00,0x00,0x00,0x00,0x00,0x00,0x00,0x00,0x00,0x00,0x00,0x00,
    0x00,0x00,0x00,0x00,0x00,0x00,0x00,0x00,0x00,0x00,0x00,0x00,0x00,0x00,0x00,0xE0,0xFF,0x01,0xE0,0xFB,0x04,0xE0,0xFB,0x04,
    0xE0,0xFB,0x04,0xE0,0xFB,0x04,0xE0,0xFB,0x04,0xE0,0xFB,0x04,0xE0,0xFB,0x04,0xE0,0xFB,0x04,0xE0,0xFB,0x04,0xE0,0xFB,0x04,
    0xE0,0xFB,0x04,0xE0,0xFB,0x04,0xE0,0xFB,0x04,0xE0,0xFB,0x04,0xE0,0xFB,0x04,0xE0,0xFB,0x04,0xE0,0xFB,0x04,0xE0,0xFB,0x04,
    0xE0,0xFB,0x04,0xE0,0xFB,0x04,0xE0,0xFB,0x04,0xE0,0xFB,0x04,0xE0,0xFB,0x04,0xE0,0xFB,0x04,0xE0,0xFB,0x04,0xE0,0xFB,0x04,
    0xE0,0xFB,0x04,0xE0,0xFB,0x04,0xE0,0xFB,0x04,0xE0,0xFB,0x04,0xE0,0xFB,0x04,0xE0,0xFD,0x04,0xE0,0xFB,0x02,0x00,0x00,0x00,
    0x00,0x00,0x00,0x00,0x00,0x00,0x00,0x00,0x00,0x00,0x00,0x00,0x00,0x00,0x00,0x00,0x00,0x00,0x00,0x00,0x00,0x00,0x00,0x00,
    0x00,0x00,0x00,0x00,0x00,0x00,0x00,0x00,0x00,0x00,0x00,0x00,0x00,0x00,0x00,0x00,0x00,0x00,0x00,0x00,0x00,0x00,0x00,0x00,
    0x00,0x00,0x00,0x00,0x00,0x00,0x00,0x00,0x00,0x00,0x00,0x00,0x00,0x00,0x00,0x00,0x00,0x00,0x00,0x00,0x00,0x00,0x00,0x00,
    0x00,0x00,0x00,0x00,0x00,0x00,0x00,0x00,0x00,0x00,0x00,0x00,0x00,0x00,0x00,0x00,0x00,0x00,0x00,0x00,0x00,0x00,0x00,0x00,
    0x00,0x00,0x00,0x00,0x00,0x00,0x00,0x00,0x00,0x00,0x00,0x00,0x00,0x00,0x00,0x00,0x00,0x00,0x00,0x00,0x00,0x00,0x00,0x00,
    0x00,0x00,0x00,0x00,0x00,0x00,0x00,0x00,0x00,0x00,0x00,0x00,0x00,0x00,0x00,0x00,0x00,0x00,0x00,0x00,0x00,0x00,0x00,0x00,
    0x00,0x00,0x00,0x00,0x00,0x00,0x00,0x00,0x00,0x00,0x00,0x00,0x00,0x00,0x00,0x00,0x00,0x00,0x00,0x00,0x00,0x00,0x00,0x00,
    0x00,0x00,0x00,0x00,0x00,0x00,0x00,0x00,0x00,0x00,0x00,0x00,0x00,0x00,0x00,0x00,0x00,0x00,0x00,0x00,0x00,0x00,0x00,0x00,
    0x00,0x00,0x00,0x00,0x00,0x00,0x00,0x00,0x00,0x00,0x00,0x00,0x00,0x00,0x00,0x00,0x00,0x00,0x00,0x00,0x00,0x00,0x00,0x00,
    0x00,0x00,0x00,0x00,0x00,0x00,0x00,0x00,0x00,0x00,0x00,0x00,0x00,0x00,0x00,0x00,0x00,0x00,0x00,0x00,0x00,0x00,0x00,0x00,
    0x00,0x00,0x00,0x00,0x00,0x00,0x00,0x00,0x00,0x00,0x00,0x00,0x00,0x00,0x00,0x00,0x00,0x00,0x00,0x00,0x00,0x00,0x00,0x00,
    0x00,0x00,0x00,0x00,0x00,0x00,0x00,0x00,0x00,0x00,0x00,0x00,0x00,0x00,0x00,0x00,0x00,0x00,0x00,0x00,0x00,0x00,0x00,0x00,
    0x00,0x00,0x00,0x00,0x00,0x00,0x00,0x00,0x00,0x00,0x00,0x00,0x00,0x00,0x00,0x00,0x00,0x00,0x00,0x00,0x00,0x00,0x00,0x00,
    0x00,0x00,0x00,0x00,0x00,0x00,0x00,0x00,0x00,0x00,0x00,0x00,0x00,0x00,0x00,0x00,0x00,0x00,0x00,0x00,0x00,0x00,0x00,0x00,
    0x00,0x00,0x00,0x00,0x00,0x00,0x00,0x00,0x00,0x00,0x00,0x00,0x00,0x00,0x00,0x00,0x00,0x00,0x00,0x00,0x00,0x00,0x00,0x00,
    0x00,0x00,0x00,0x00,0x00,0x00,0x00,0x00,0x00,0x00,0x00,0x00,0x00,0x00,0x00,0x00,0x00,0x00,0x00,0x00,0x00,0x00,0x00,0x00,
    0x00,0x00,0x00,0x00,0x00,0x00,0x00,0x00,0x00,0x00,0x00,0x00,0x00,0x00,0x00,0x00,0x00,0x00,0x00,0x00,0x00,0x00,0x00,0x00,
    0x00,0x00,0x00,0x00,0x00,0x00,0x00,0x00,0x00,0x00,0x00,0x00,0x00,0x00,0x00,0x00,0x00,0x00,0x00,0x00,0x00,0x00,0x00,0x00,
    0x00,0x00,0x00,0x00,0x00,0x00,0x00,0x00,0x00,0x00,0x00,0x00,0x00,0x00,0x00,0x00,0x00,0x00,0x00,0x00,0x00,0x00,0x00,0x00,
    0x00,0x00,0x00,0x00,0x00,0x00,0x00,0x00,0x00,0x00,0x00,0x00,0x00,0x00,0x00,0x00,0x00,0x00,0x00,0x00,0x00,0x00,0x00,0x00,
    0x00,0x00,0x00,0x00,0x00,0x00,0x00,0x00,0x00,0x00,0x00,0x00,0x00,0x00,0x00,0x00,0x00,0x00,0x00,0x00,0x00,0x00,0x00,0x00,
    0x00,0x00,0x00,0x00,0x00,0x00,0x00,0x00,0x00,0x00,0x00,0x00,0x00,0x00,0x00,0x00,0x00,0x00,0x00,0x00,0x00,0x00,0x00,0x00,
    0x00,0x00,0x00,0x00,0x00,0x00,0x00,0x00,0x00,0x00,0x00,0x00,0x00,0x00,0x00,0x00,0x00,0x00,0x00,0x00,0x00,0x00,0x00,0x00,
    0x00,0x00,0x00,0x00,0x00,0x00,0x00,0x00,0x00,0x00,0x00,0x00,0x00,0x00,0x00,0x00,0x00,0x00,0x00,0x00,0x00,0x00,0x00,0x00,
};

const lv_img_dsc_t a4_regen = {
    .header.cf = LV_IMG_CF_TRUE_COLOR_ALPHA,
    .header.w = 60, .header.h = 36,
    .data_size = sizeof a4_regen_px, .data = a4_regen_px,
};

static const uint8_t a4_dpf_icon_px[48960] = {
    0x00,0x00,0x00,0x00,0x00,0x00,0x00,0x00,0x00,0x00,0x00,0x00,0x00,0x00,0x00,0x00,0x00,0x00,0x00,0x00,0x00,0x00,0x00,0x00,
    0x00,0x00,0x00,0x00,0x00,0x00,0x00,0x00,0x00,0x00,0x00,0x00,0x00,0x00,0x00,0x00,0x00,0x00,0x00,0x00,0x00,0x00,0x00,0x00,
    0x00,0x00,0x00,0x00,0x00,0x00,0x00,0x00,0x00,0x00,0x00,0x00,0x00,0x00,0x00,0x00,0x00,0x00,0x00,0x00,0x00,0x00,0x00,0x00,
    0x00,0x00,0x00,0x00,0x00,0x00,0x00,0x00,0x00,0x00,0x00,0x00,0x00,0x00,0x00,0x00,0x00,0x00,0x00,0x00,0x00,0x00,0x00,0x00,
    0x00,0x00,0x00,0x00,0x00,0x00,0x00,0x00,0x00,0x00,0x00,0x00,0x00,0x00,0x00,0x00,0x00,0x00,0x00,0x00,0x00,0x00,0x00,0x00,
    0x00,0x00,0x00,0x00,0x00,0x00,0x00,0x00,0x00,0x00,0x00,0x00,0x00,0x00,0x00,0x00,0x00,0x00,0x00,0x00,0x00,0x00,0x00,0x00,
    0x00,0x00,0x00,0x00,0x00,0x00,0x00,0x00,0x00,0x00,0x00,0x00,0x00,0x00,0x00,0x00,0x00,0x00,0x00,0x00,0x00,0x00,0x00,0x00,
    0x00,0x00,0x00,0x00,0x00,0x00,0x00,0x00,0x00,0x00,0x00,0x00,0x00,0x00,0x00,0x00,0x00,0x00,0x00,0x00,0x00,0x00,0x00,0x00,
    0x00,0x00,0x00,0x00,0x00,0x00,0x00,0x00,0x00,0x00,0x00,0x00,0x00,0x00,0x00,0x00,0x00,0x00,0x00,0x00,0x00,0x00,0x00,0x00,
    0x00,0x00,0x00,0x00,0x00,0x00,0x00,0x00,0x00,0x00,0x00,0x00,0x00,0x00,0x00,0x00,0x00,0x00,0x00,0x00,0x00,0x00,0x00,0x00,
    0x00,0x00,0x00,0x00,0x00,0x00,0x00,0x00,0x00,0x00,0x00,0x00,0x00,0x00,0x00,0x00,0x00,0x00,0x00,0x00,0x00,0x00,0x00,0x00,
    0x00,0x00,0x00,0x00,0x00,0x00,0x00,0x00,0x00,0x00,0x00,0x00,0x00,0x00,0x00,0x00,0x00,0x00,0x00,0x00,0x00,0x00,0x00,0x00,
    0x00,0x00,0x00,0x00,0x00,0x00,0x00,0x00,0x00,0x00,0x00,0x00,0x00,0x00,0x00,0x00,0x00,0x00,0x00,0x00,0x00,0x00,0x00,0x00,
    0x00,0x00,0x00,0x00,0x00,0x00,0x00,0x00,0x00,0x00,0x00,0x00,0x00,0x00,0x00,0x00,0x00,0x00,0x00,0x00,0x00,0x00,0x00,0x00,
    0x00,0x00,0x00,0x00,0x00,0x00,0x00,0x00,0x00,0x00,0x00,0x00,0x00,0x00,0x00,0x00,0x00,0x00,0x00,0x00,0x00,0x00,0x00,0x00,
    0x00,0x00,0x00,0x00,0x00,0x00,0x00,0x00,0x00,0x00,0x00,0x00,0x00,0x00,0x00,0x00,0x00,0x00,0x00,0x00,0x00,0x00,0x00,0x00,
    0x00,0x00,0x00,0x00,0x00,0x00,0x00,0x00,0x00,0x00,0x00,0x00,0x00,0x00,0x00,0x00,0x00,0x00,0x00,0x00,0x00,0x00,0x00,0x00,
    0x00,0x00,0x00,0x00,0x00,0x00,0x00,0x00,0x00,0x00,0x00,0x00,0x00,0x00,0x00,0x00,0x00,0x00,0x00,0x00,0x00,0x00,0x00,0x00,
    0x00,0x00,0x00,0x00,0x00,0x00,0x00,0x00,0x00,0x00,0x00,0x00,0x00,0x00,0x00,0x00,0x00,0x00,0x00,0x00,0x00,0x00,0x00,0x00,
    0x00,0x00,0x00,0x00,0x00,0x00,0x00,0x00,0x00,0x00,0x00,0x00,0x00,0x00,0x00,0x00,0x00,0x00,0x00,0x00,0x00,0x00,0x00,0x00,
    0x00,0x00,0x00,0x00,0x00,0x00,0x00,0x00,0x00,0x00,0x00,0x00,0x00,0x00,0x00,0x00,0x00,0x00,0x00,0x00,0x00,0x00,0x00,0x00,
    0x00,0x00,0x00,0x00,0x00,0x00,0x00,0x00,0x00,0x00,0x00,0x00,0x00,0x00,0x00,0x00,0x00,0x00,0x00,0x00,0x00,0x00,0x00,0x00,
    0x00,0x00,0x00,0x00,0x00,0x00,0x00,0x00,0x00,0x00,0x00,0x00,0x00,0x00,0x00,0x00,0x00,0x00,0x00,0x00,0x00,0x00,0x00,0x00,
    0x00,0x00,0x00,0x00,0x00,0x00,0x00,0x00,0x00,0x00,0x00,0x00,0x00,0x00,0x00,0x00,0x00,0x00,0x00,0x00,0x00,0x00,0x00,0x00,
    0x00,0x00,0x00,0x00,0x00,0x00,0x00,0x00,0x00,0x00,0x00,0x00,0x00,0x00,0x00,0x00,0x00,0x00,0x00,0x00,0x00,0x00,0x00,0x00,
    0x00,0x00,0x00,0x00,0x00,0x00,0x00,0x00,0x00,0x00,0x00,0x00,0x00,0x00,0x00,0x00,0x00,0x00,0x00,0x00,0x00,0x00,0x00,0x00,
    0x00,0x00,0x00,0x00,0x00,0x00,0x00,0x00,0x00,0x00,0x00,0x00,0x00,0x00,0x00,0x00,0x00,0x00,0x00,0x00,0x00,0x00,0x00,0x00,
    0x00,0x00,0x00,0x00,0x00,0x00,0x00,0x00,0x00,0x00,0x00,0x00,0x00,0x00,0x00,0x00,0x00,0x00,0x00,0x00,0x00,0x00,0x00,0x00,
    0x00,0x00,0x00,0x00,0x00,0x00,0x00,0x00,0x00,0x00,0x00,0x00,0x00,0x00,0x00,0x00,0x00,0x00,0x00,0x00,0x00,0x00,0x00,0x00,
    0x00,0x00,0x00,0x00,0x00,0x00,0x00,0x00,0x00,0x00,0x00,0x00,0x00,0x00,0x00,0x00,0x00,0x00,0x00,0x00,0x00,0x00,0x00,0x00,
    0x00,0x00,0x00,0x00,0x00,0x00,0x00,0x00,0x00,0x00,0x00,0x00,0x00,0x00,0x00,0x00,0x00,0x00,0x00,0x00,0x00,0x00,0x00,0x00,
    0x00,0x00,0x00,0x00,0x00,0x00,0x00,0x00,0x00,0x00,0x00,0x00,0x00,0x00,0x00,0x00,0x00,0x00,0x00,0x00,0x00,0x00,0x00,0x00,
    0x00,0x00,0x00,0x00,0x00,0x00,0x00,0x00,0x00,0x00,0x00,0x00,0x00,0x00,0x00,0x00,0x00,0x00,0x00,0x00,0x00,0x00,0x00,0x00,
    0x00,0x00,0x00,0x00,0x00,0x00,0x00,0x00,0x00,0x00,0x00,0x00,0x00,0x00,0x00,0x00,0x00,0x00,0x00,0x00,0x00,0x00,0x00,0x00,
    0x00,0x00,0x00,0x00,0x00,0x00,0x00,0x00,0x00,0x00,0x00,0x00,0x00,0x00,0x00,0x00,0x00,0x00,0x00,0x00,0x00,0x00,0x00,0x00,
    0x00,0x00,0x00,0x00,0x00,0x00,0x00,0x00,0x00,0x00,0x00,0x00,0x00,0x00,0x00,0x00,0x00,0x00,0x00,0x00,0x00,0x00,0x00,0x00,
    0x00,0x00,0x00,0x00,0x00,0x00,0x00,0x00,0x00,0x00,0x00,0x00,0x00,0x00,0x00,0x00,0x00,0x00,0x00,0x00,0x00,0x00,0x00,0x00,
    0x00,0x00,0x00,0x00,0x00,0x00,0x00,0x00,0x00,0x00,0x00,0x00,0x00,0x00,0x00,0x00,0x00,0x00,0x00,0x00,0x00,0x00,0x00,0x00,
    0x00,0x00,0x00,0x00,0x00,0x00,0x00,0x00,0x00,0x00,0x00,0x00,0x00,0x00,0x00,0x00,0x00,0x00,0x00,0x00,0x00,0x00,0x00,0x00,
    0x00,0x00,0x00,0x00,0x00,0x00,0x00,0x00,0x00,0x00,0x00,0x00,0x00,0x00,0x00,0x00,0x00,0x00,0x00,0x00,0x00,0x00,0x00,0x00,
    0x00,0x00,0x00,0x00,0x00,0x00,0x00,0x00,0x00,0x00,0x00,0x00,0x00,0x00,0x00,0x00,0x00,0x00,0x00,0x00,0x00,0x00,0x00,0x00,
    0x00,0x00,0x00,0x00,0x00,0x00,0x00,0x00,0x00,0x00,0x00,0x00,0x00,0x00,0x00,0x00,0x00,0x00,0x00,0x00,0x00,0x00,0x00,0x00,
    0x00,0x00,0x00,0x00,0x00,0x00,0x00,0x00,0x00,0x00,0x00,0x00,0x00,0x00,0x00,0x00,0x00,0x00,0x00,0x00,0x00,0x00,0x00,0x00,
    0x00,0x00,0x00,0x00,0x00,0x00,0x00,0x00,0x00,0x00,0x00,0x00,0x00,0x00,0x00,0x00,0x00,0x00,0x00,0x00,0x00,0x00,0x00,0x00,
    0x00,0x00,0x00,0x00,0x00,0x00,0x00,0x00,0x00,0x00,0x00,0x00,0x00,0x00,0x00,0x00,0x00,0x00,0x00,0x00,0x00,0x00,0x00,0x00,
    0x00,0x00,0x00,0x00,0x00,0x00,0x00,0x00,0x00,0x00,0x00,0x00,0x00,0x00,0x00,0x00,0x00,0x00,0x00,0x00,0x00,0x00,0x00,0x00,
    0x00,0x00,0x00,0x00,0x00,0x00,0x00,0x00,0x00,0x00,0x00,0x00,0x00,0x00,0x00,0x00,0x00,0x00,0x00,0x00,0x00,0x00,0x00,0x00,
    0x00,0x00,0x00,0x00,0x00,0x00,0x00,0x00,0x00,0x00,0x00,0x00,0x00,0x00,0x00,0x00,0x00,0x00,0x00,0x00,0x00,0x00,0x00,0x00,
    0x00,0x00,0x00,0x00,0x00,0x00,0x00,0x00,0x00,0x00,0x00,0x00,0x00,0x00,0x00,0x00,0x00,0x00,0x00,0x00,0x00,0x00,0x00,0x00,
    0x00,0x00,0x00,0x00,0x00,0x00,0x00,0x00,0x00,0x00,0x00,0x00,0x00,0x00,0x00,0x00,0x00,0x00,0x00,0x00,0x00,0x00,0x00,0x00,
    0x00,0x00,0x00,0x00,0x00,0x00,0x00,0x00,0x00,0x00,0x00,0x00,0x00,0x00,0x00,0x00,0x00,0x00,0x00,0x00,0x00,0x00,0x00,0x00,
    0x00,0x00,0x00,0x00,0x00,0x00,0x00,0x00,0x00,0x00,0x00,0x00,0x00,0x00,0x00,0x00,0x00,0x00,0x00,0x00,0x00,0x00,0x00,0x00,
    0x00,0x00,0x00,0x00,0x00,0x00,0x00,0x00,0x00,0x00,0x00,0x00,0x00,0x00,0x00,0x00,0x00,0x00,0x00,0x00,0x00,0x00,0x00,0x00,
    0x00,0x00,0x00,0x00,0x00,0x00,0x00,0x00,0x00,0x00,0x00,0x00,0x00,0x00,0x00,0x00,0x00,0x00,0x00,0x00,0x00,0x00,0x00,0x00,
    0x00,0x00,0x00,0x00,0x00,0x00,0x00,0x00,0x00,0x00,0x00,0x00,0x00,0x00,0x00,0x00,0x00,0x00,0x00,0x00,0x00,0x00,0x00,0x00,
    0x00,0x00,0x00,0x00,0x00,0x00,0x00,0x00,0x00,0x00,0x00,0x00,0x00,0x00,0x00,0x00,0x00,0x00,0x00,0x00,0x00,0x00,0x00,0x00,
    0x00,0x00,0x00,0x00,0x00,0x00,0x00,0x00,0x00,0x00,0x00,0x00,0x00,0x00,0x00,0x00,0x00,0x00,0x00,0x00,0x00,0x00,0x00,0x00,
    0x00,0x00,0x00,0x00,0x00,0x00,0x00,0x00,0x00,0x00,0x00,0x00,0x00,0x00,0x00,0x00,0x00,0x00,0x00,0x00,0x00,0x00,0x00,0x00,
    0x00,0x00,0x00,0x00,0x00,0x00,0x00,0x00,0x00,0x00,0x00,0x00,0x00,0x00,0x00,0x00,0x00,0x00,0x00,0x00,0x00,0x00,0x00,0x00,
    0x00,0x00,0x00,0x00,0x00,0x00,0x00,0x00,0x00,0x00,0x00,0x00,0x00,0x00,0x00,0x00,0x00,0x00,0x00,0x00,0x00,0x00,0x00,0x00,
    0x00,0x00,0x00,0x00,0x00,0x00,0x00,0x00,0x00,0x00,0x00,0x00,0x00,0x00,0x00,0x00,0x00,0x00,0x00,0x00,0x00,0x00,0x00,0x00,
    0x00,0x00,0x00,0x00,0x00,0x00,0x00,0x00,0x00,0x00,0x00,0x00,0x00,0x00,0x00,0x00,0x00,0x00,0x00,0x00,0x00,0x00,0x00,0x00,
    0x00,0x00,0x00,0x00,0x00,0x00,0x00,0x00,0x00,0x00,0x00,0x00,0x00,0x00,0x00,0x00,0x00,0x00,0x00,0x00,0x00,0x00,0x00,0x00,
    0x00,0x00,0x00,0x00,0x00,0x00,0x00,0x00,0x00,0x00,0x00,0x00,0x00,0x00,0x00,0x00,0x00,0x00,0x00,0x00,0x00,0x00,0x00,0x00,
    0x00,0x00,0x00,0x00,0x00,0x00,0x00,0x00,0x00,0x00,0x00,0x00,0x00,0x00,0x00,0x00,0x00,0x00,0x00,0x00,0x00,0x00,0x00,0x00,
    0x00,0x00,0x00,0x00,0x00,0x00,0x00,0x00,0x00,0x00,0x00,0x00,0x00,0x00,0x00,0x00,0x00,0x00,0x00,0x00,0x00,0x00,0x00,0x00,
    0x00,0x00,0x00,0x00,0x00,0x00,0x00,0x00,0x00,0x00,0x00,0x00,0x00,0x00,0x00,0x00,0x00,0x00,0x00,0x00,0x00,0x00,0x00,0x00,
    0x00,0x00,0x00,0x00,0x00,0x00,0x00,0x00,0x00,0x00,0x00,0x00,0x00,0x00,0x00,0x00,0x00,0x00,0x00,0x00,0x00,0x00,0x00,0x00,
    0x00,0x00,0x00,0x00,0x00,0x00,0x00,0x00,0x00,0x00,0x00,0x00,0x00,0x00,0x00,0x00,0x00,0x00,0x00,0x00,0x00,0x00,0x00,0x00,
    0x00,0x00,0x00,0x00,0x00,0x00,0x00,0x00,0x00,0x00,0x00,0x00,0x00,0x00,0x00,0x00,0x00,0x00,0x00,0x00,0x00,0x00,0x00,0x00,
    0x00,0x00,0x00,0x00,0x00,0x00,0x00,0x00,0x00,0x00,0x00,0x00,0x00,0x00,0x00,0x00,0x00,0x00,0x00,0x00,0x00,0x00,0x00,0x00,
    0x00,0x00,0x00,0x00,0x00,0x00,0x00,0x00,0x00,0x00,0x00,0x00,0x00,0x00,0x00,0x00,0x00,0x00,0x00,0x00,0x00,0x00,0x00,0x00,
    0x00,0x00,0x00,0x00,0x00,0x00,0x00,0x00,0x00,0x00,0x00,0x00,0x00,0x00,0x00,0x00,0x00,0x00,0x00,0x00,0x00,0x00,0x00,0x00,
    0x00,0x00,0x00,0x00,0x00,0x00,0x00,0x00,0x00,0x00,0x00,0x00,0x00,0x00,0x00,0x00,0x00,0x00,0x00,0x00,0x00,0x00,0x00,0x00,
    0x00,0x00,0x00,0x00,0x00,0x00,0x00,0x00,0x00,0x00,0x00,0x00,0x00,0x00,0x00,0x00,0x00,0x00,0x00,0x00,0x00,0x00,0x00,0x00,
    0x00,0x00,0x00,0x00,0x00,0x00,0x00,0x00,0x00,0x00,0x00,0x00,0x00,0x00,0x00,0x00,0x00,0x00,0x00,0x00,0x00,0x00,0x00,0x00,
    0x00,0x00,0x00,0x00,0x00,0x00,0x00,0x00,0x00,0x00,0x00,0x00,0x00,0x00,0x00,0x00,0x00,0x00,0x00,0x00,0x00,0x00,0x00,0x00,
    0x00,0x00,0x00,0x00,0x00,0x00,0x00,0x00,0x00,0x00,0x00,0x00,0x00,0x00,0x00,0x00,0x00,0x00,0x00,0x00,0x00,0x00,0x00,0x00,
    0x00,0x00,0x00,0x00,0x00,0x00,0x00,0x00,0x00,0x00,0x00,0x00,0x00,0x00,0x00,0x00,0x00,0x00,0x00,0x00,0x00,0x00,0x00,0x00,
    0x00,0x00,0x00,0x00,0x00,0x00,0x00,0x00,0x00,0x00,0x00,0x00,0x00,0x00,0x00,0x00,0x00,0x00,0x00,0x00,0x00,0x00,0x00,0x00,
    0x00,0x00,0x00,0x00,0x00,0x00,0x00,0x00,0x00,0x00,0x00,0x00,0x00,0x00,0x00,0x00,0x00,0x00,0x00,0x00,0x00,0x00,0x00,0x00,
    0x00,0x00,0x00,0x00,0x00,0x00,0x00,0x00,0x00,0x00,0x00,0x00,0x00,0x00,0x00,0x00,0x00,0x00,0x00,0x00,0x00,0x00,0x00,0x00,
    0x00,0x00,0x00,0x00,0x00,0x00,0x00,0x00,0x00,0x00,0x00,0x00,0x00,0x00,0x00,0x00,0x00,0x00,0x00,0x00,0x00,0x00,0x00,0x00,
    0x00,0x00,0x00,0x00,0x00,0x00,0x00,0x00,0x00,0x00,0x00,0x00,0x00,0x00,0x00,0x00,0x00,0x00,0x00,0x00,0x00,0x00,0x00,0x00,
    0x00,0x00,0x00,0x00,0x00,0x00,0x00,0x00,0x00,0x00,0x00,0x00,0x00,0x00,0x00,0x00,0x00,0x00,0x00,0x00,0x00,0x00,0x00,0x00,
    0x00,0x00,0x00,0x00,0x00,0x00,0x00,0x00,0x00,0x00,0x00,0x00,0x00,0x00,0x00,0x00,0x00,0x00,0x00,0x00,0x00,0x00,0x00,0x00,
    0x00,0x00,0x00,0x00,0x00,0x00,0x00,0x00,0x00,0x00,0x00,0x00,0x00,0x00,0x00,0x00,0x00,0x00,0x00,0x00,0x00,0x00,0x00,0x00,
    0x00,0x00,0x00,0x00,0x00,0x00,0x00,0x00,0x00,0x00,0x00,0x00,0x00,0x00,0x00,0x00,0x00,0x00,0x00,0x00,0x00,0x00,0x00,0x00,
    0x00,0x00,0x00,0x00,0x00,0x00,0x00,0x00,0x00,0x00,0x00,0x00,0x00,0x00,0x00,0x00,0x00,0x00,0x00,0x00,0x00,0x00,0x00,0x00,
    0x00,0x00,0x00,0x00,0x00,0x00,0x00,0x00,0x00,0x00,0x00,0x00,0x00,0x00,0x00,0x00,0x00,0x00,0x00,0x00,0x00,0x00,0x00,0x00,
    0x00,0x00,0x00,0x00,0x00,0x00,0x00,0x00,0x00,0x00,0x00,0x00,0x00,0x00,0x00,0x00,0x00,0x00,0x00,0x00,0x00,0x00,0x00,0x00,
    0x00,0x00,0x00,0x00,0x00,0x00,0x00,0x00,0x00,0x00,0x00,0x00,0x00,0x00,0x00,0x00,0x00,0x00,0x00,0x00,0x00,0x00,0x00,0x00,
    0x00,0x00,0x00,0x00,0x00,0x00,0x00,0x00,0x00,0x00,0x00,0x00,0x00,0x00,0x00,0x00,0x00,0x00,0x00,0x00,0x00,0x00,0x00,0x00,
    0x00,0x00,0x00,0x00,0x00,0x00,0x00,0x00,0x00,0x00,0x00,0x00,0x00,0x00,0x00,0x00,0x00,0x00,0x00,0x00,0x00,0x00,0x00,0x00,
    0x00,0x00,0x00,0x00,0x00,0x00,0x00,0x00,0x00,0x00,0x00,0x00,0x00,0x00,0x00,0x00,0x00,0x00,0x00,0x00,0x00,0x00,0x00,0x00,
    0x00,0x00,0x00,0x00,0x00,0x00,0x00,0x00,0x00,0x00,0x00,0x00,0x00,0x00,0x00,0x00,0x00,0x00,0x00,0x00,0x00,0x00,0x00,0x00,
    0x00,0x00,0x00,0x00,0x00,0x00,0x00,0x00,0x00,0x00,0x00,0x00,0x00,0x00,0x00,0x00,0x00,0x00,0x00,0x00,0x00,0x00,0x00,0x00,
    0x00,0x00,0x00,0x00,0x00,0x00,0x00,0x00,0x00,0x00,0x00,0x00,0x00,0x00,0x00,0x00,0x00,0x00,0x00,0x00,0x00,0x00,0x00,0x00,
    0x00,0x00,0x00,0x00,0x00,0x00,0x00,0x00,0x00,0x00,0x00,0x00,0x00,0x00,0x00,0x00,0x00,0x00,0x00,0x00,0x00,0x00,0x00,0x00,
    0x00,0x00,0x00,0x00,0x00,0x00,0x00,0x00,0x00,0x00,0x00,0x00,0x00,0x00,0x00,0x00,0x00,0x00,0x00,0x00,0x00,0x00,0x00,0x00,
    0x00,0x00,0x00,0x00,0x00,0x00,0x00,0x00,0x00,0x00,0x00,0x00,0x00,0x00,0x00,0x00,0x00,0x00,0x00,0x00,0x00,0x00,0x00,0x00,
    0x00,0x00,0x00,0x00,0x00,0x00,0x00,0x00,0x00,0x00,0x00,0x00,0x00,0x00,0x00,0x00,0x00,0x00,0x00,0x00,0x00,0x00,0x00,0x00,
    0x00,0x00,0x00,0x00,0x00,0x00,0x00,0x00,0x00,0x00,0x00,0x00,0x00,0x00,0x00,0x00,0x00,0x00,0x00,0x00,0x00,0x00,0x00,0x00,
    0x00,0x00,0x00,0x00,0x00,0x00,0x00,0x00,0x00,0x00,0x00,0x00,0x00,0x00,0x00,0x00,0x00,0x00,0x00,0x00,0x00,0x00,0x00,0x00,
    0x00,0x00,0x00,0x00,0x00,0x00,0x00,0x00,0x00,0x00,0x00,0x00,0x00,0x00,0x00,0x00,0x00,0x00,0x00,0x00,0x00,0x00,0x00,0x00,
    0x00,0x00,0x00,0x00,0x00,0x00,0x00,0x00,0x00,0x00,0x00,0x00,0x00,0x00,0x00,0x00,0x00,0x00,0x00,0x00,0x00,0x00,0x00,0x00,
    0x00,0x00,0x00,0x00,0x00,0x00,0x00,0x00,0x00,0x00,0x00,0x00,0x00,0x00,0x00,0x00,0x00,0x00,0x00,0x00,0x00,0x00,0x00,0x00,
    0x00,0x00,0x00,0x00,0x00,0x00,0x00,0x00,0x00,0x00,0x00,0x00,0x00,0x00,0x00,0x00,0x00,0x00,0x00,0x00,0x00,0x00,0x00,0x00,
    0x00,0x00,0x00,0x00,0x00,0x00,0x00,0x00,0x00,0x00,0x00,0x00,0x00,0x00,0x00,0x00,0x00,0x00,0x00,0x00,0x00,0x00,0x00,0x00,
    0x00,0x00,0x00,0x00,0x00,0x00,0x00,0x00,0x00,0x00,0x00,0x00,0x00,0x00,0x00,0x00,0x00,0x00,0x00,0x00,0x00,0x00,0x00,0x00,
    0x00,0x00,0x00,0x00,0x00,0x00,0x00,0x00,0x00,0x00,0x00,0x00,0x00,0x00,0x00,0x00,0x00,0x00,0x00,0x00,0x00,0x00,0x00,0x00,
    0x00,0x00,0x00,0x00,0x00,0x00,0x00,0x00,0x00,0x00,0x00,0x00,0x00,0x00,0x00,0x00,0x00,0x00,0x00,0x00,0x00,0x00,0x00,0x00,
    0x00,0x00,0x00,0x00,0x00,0x00,0x00,0x00,0x00,0x00,0x00,0x00,0x00,0x00,0x00,0x00,0x00,0x00,0x00,0x00,0x00,0x00,0x00,0x00,
    0x00,0x00,0x00,0x00,0x00,0x00,0x00,0x00,0x00,0x00,0x00,0x00,0x00,0x00,0x00,0x00,0x00,0x00,0x00,0x00,0x00,0x00,0x00,0x00,
    0x00,0x00,0x00,0x00,0x00,0x00,0x00,0x00,0x00,0x00,0x00,0x00,0x00,0x00,0x00,0x00,0x00,0x00,0x00,0x00,0x00,0x00,0x00,0x00,
    0x00,0x00,0x00,0x00,0x00,0x00,0x00,0x00,0x00,0x00,0x00,0x00,0x00,0x00,0x00,0x00,0x00,0x00,0x00,0x00,0x00,0x00,0x00,0x00,
    0x00,0x00,0x00,0x00,0x00,0x00,0x00,0x00,0x00,0x00,0x00,0x00,0x00,0x00,0x00,0x00,0x00,0x00,0x00,0x00,0x00,0x00,0x00,0x00,
    0x00,0x00,0x00,0x00,0x00,0x00,0x00,0x00,0x00,0x00,0x00,0x00,0x00,0x00,0x00,0x00,0x00,0x00,0x00,0x00,0x00,0x00,0x00,0x00,
    0x00,0x00,0x00,0x00,0x00,0x00,0x00,0x00,0x00,0x00,0x00,0x00,0x00,0x00,0x00,0x00,0x00,0x00,0x00,0x00,0x00,0x00,0x00,0x00,
    0x00,0x00,0x00,0x00,0x00,0x00,0x00,0x00,0x00,0x00,0x00,0x00,0x00,0x00,0x00,0x00,0x00,0x00,0x00,0x00,0x00,0x00,0x00,0x00,
    0x00,0x00,0x00,0x00,0x00,0x00,0x00,0x00,0x00,0x00,0x00,0x00,0x00,0x00,0x00,0x00,0x00,0x00,0x00,0x00,0x00,0x00,0x00,0x00,
    0x00,0x00,0x00,0x00,0x00,0x00,0x00,0x00,0x00,0x00,0x00,0x00,0x00,0x00,0x00,0x00,0x00,0x00,0x00,0x00,0x00,0x00,0x00,0x00,
    0x00,0x00,0x00,0x00,0x00,0x00,0x00,0x00,0x00,0x00,0x00,0x00,0x00,0x00,0x00,0x00,0x00,0x00,0x00,0x00,0x00,0x00,0x00,0x00,
    0x00,0x00,0x00,0x00,0x00,0x00,0x00,0x00,0x00,0x00,0x00,0x00,0x00,0x00,0x00,0x00,0x00,0x00,0x00,0x00,0x00,0x00,0x00,0x00,
    0x00,0x00,0x00,0x00,0x00,0x00,0x00,0x00,0x00,0x00,0x00,0x00,0x00,0x00,0x00,0x00,0x00,0x00,0x00,0x00,0x00,0x00,0x00,0x00,
    0x00,0x00,0x00,0x00,0x00,0x00,0x00,0x00,0x00,0x00,0x00,0x00,0x00,0x00,0x00,0x00,0x00,0x00,0x00,0x00,0x00,0x00,0x00,0x00,
    0x00,0x00,0x00,0x00,0x00,0x00,0x00,0x00,0x00,0x00,0x00,0x00,0x00,0x00,0x00,0x00,0x00,0x00,0x00,0x00,0x00,0x00,0x00,0x00,
    0x00,0x00,0x00,0x00,0x00,0x00,0x00,0x00,0x00,0x00,0x00,0x00,0x00,0x00,0x00,0x00,0x00,0x00,0x00,0x00,0x00,0x00,0x00,0x00,
    0x00,0x00,0x00,0x00,0x00,0x00,0x00,0x00,0x00,0x00,0x00,0x00,0x00,0x00,0x00,0x00,0x00,0x00,0x00,0x00,0x00,0x00,0x00,0x00,
    0x00,0x00,0x00,0x00,0x00,0x00,0x00,0x00,0x00,0x00,0x00,0x00,0x00,0x00,0x00,0x00,0x00,0x00,0x00,0x00,0x00,0x00,0x00,0x00,
    0x00,0x00,0x00,0x00,0x00,0x00,0x00,0x00,0x00,0x00,0x00,0x00,0x00,0x00,0x00,0x00,0x00,0x00,0x00,0x00,0x00,0x00,0x00,0x00,
    0x00,0x00,0x00,0x00,0x00,0x00,0x00,0x00,0x00,0x00,0x00,0x00,0x00,0x00,0x00,0x00,0x00,0x00,0x00,0x00,0x00,0x00,0x00,0x00,
    0x00,0x00,0x00,0x00,0x00,0x00,0x00,0x00,0x00,0x00,0x00,0x00,0x00,0x00,0x00,0x00,0x00,0x00,0x00,0x00,0x00,0x00,0x00,0x00,
    0x00,0x00,0x00,0x00,0x00,0x00,0x00,0x00,0x00,0x00,0x00,0x00,0x00,0x00,0x00,0x00,0x00,0x00,0x00,0x00,0x00,0x00,0x00,0x00,
    0x00,0x00,0x00,0x00,0x00,0x00,0x00,0x00,0x00,0x00,0x00,0x00,0x00,0x00,0x00,0x00,0x00,0x00,0x00,0x00,0x00,0x00,0x00,0x00,
    0x00,0x00,0x00,0x00,0x00,0x00,0x00,0x00,0x00,0x00,0x00,0x00,0x00,0x00,0x00,0x00,0x00,0x00,0x00,0x00,0x00,0x00,0x00,0x00,
    0x00,0x00,0x00,0x00,0x00,0x00,0x00,0x00,0x00,0x00,0x00,0x00,0x00,0x00,0x00,0x00,0x00,0x00,0x00,0x00,0x00,0x00,0x00,0x00,
    0x00,0x00,0x00,0x00,0x00,0x00,0x00,0x00,0x00,0x00,0x00,0x00,0x00,0x00,0x00,0x00,0x00,0x00,0x00,0x00,0x00,0x00,0x00,0x00,
    0x00,0x00,0x00,0x00,0x00,0x00,0x00,0x00,0x00,0x00,0x00,0x00,0x00,0x00,0x00,0x00,0x00,0x00,0x00,0x00,0x00,0x00,0x00,0x00,
    0x00,0x00,0x00,0x00,0x00,0x00,0x00,0x00,0x00,0x00,0x00,0x00,0x00,0x00,0x00,0x00,0x00,0x00,0x00,0x00,0x00,0x00,0x00,0x00,
    0x00,0x00,0x00,0x00,0x00,0x00,0x00,0x00,0x00,0x00,0x00,0x00,0x00,0x00,0x00,0x00,0x00,0x00,0x00,0x00,0x00,0x00,0x00,0x00,
    0x00,0x00,0x00,0x00,0x00,0x00,0x00,0x00,0x00,0x00,0x00,0x00,0x00,0x00,0x00,0x00,0x00,0x00,0x00,0x00,0x00,0x00,0x00,0x00,
    0x00,0x00,0x00,0x00,0x00,0x00,0x00,0x00,0x00,0x00,0x00,0x00,0x00,0x00,0x00,0x00,0x00,0x00,0x00,0x00,0x00,0x00,0x00,0x00,
    0x00,0x00,0x00,0x00,0x00,0x00,0x00,0x00,0x00,0x00,0x00,0x00,0x00,0x00,0x00,0x00,0x00,0x00,0x00,0x00,0x00,0x00,0x00,0x00,
    0x00,0x00,0x00,0x00,0x00,0x00,0x00,0x00,0x00,0x00,0x00,0x00,0x00,0x00,0x00,0x00,0x00,0x00,0x00,0x00,0x00,0x00,0x00,0x00,
    0x00,0x00,0x00,0x00,0x00,0x00,0x00,0x00,0x00,0x00,0x00,0x00,0x00,0x00,0x00,0x00,0x00,0x00,0x00,0x00,0x00,0x00,0x00,0x00,
    0x00,0x00,0x00,0x00,0x00,0x00,0x00,0x00,0x00,0x00,0x00,0x00,0x00,0x00,0x00,0x00,0x00,0x00,0x00,0x00,0x00,0x00,0x00,0x00,
    0x00,0x00,0x00,0x00,0x00,0x00,0x00,0x00,0x00,0x00,0x00,0x00,0x00,0x00,0x00,0x00,0x00,0x00,0x00,0x00,0x00,0x00,0x00,0x00,
    0x00,0x00,0x00,0x00,0x00,0x00,0x00,0x00,0x00,0x00,0x00,0x00,0x00,0x00,0x00,0x00,0x00,0x00,0x00,0x00,0x00,0x00,0x00,0x00,
    0x00,0x00,0x00,0x00,0x00,0x00,0x00,0x00,0x00,0x00,0x00,0x00,0x00,0x00,0x00,0x00,0x00,0x00,0x00,0x00,0x00,0x00,0x00,0x00,
    0x00,0x00,0x00,0x00,0x00,0x00,0x00,0x00,0x00,0x00,0x00,0x00,0x00,0x00,0x00,0x00,0x00,0x00,0x00,0x00,0x00,0x00,0x00,0x00,
    0x00,0x00,0x00,0x00,0x00,0x00,0x00,0x00,0x00,0x00,0x00,0x00,0x00,0x00,0x00,0x00,0x00,0x00,0x00,0x00,0x00,0x00,0x00,0x00,
    0x00,0x00,0x00,0x00,0x00,0x00,0x00,0x00,0x00,0x00,0x00,0x00,0x00,0x00,0x00,0x00,0x00,0x00,0x00,0x00,0x00,0x00,0x00,0x00,
    0x00,0x00,0x00,0x00,0x00,0x00,0x00,0x00,0x00,0x00,0x00,0x00,0x00,0x00,0x00,0x00,0x00,0x00,0x00,0x00,0x00,0x00,0x00,0x00,
    0x00,0x00,0x00,0x00,0x00,0x00,0x00,0x00,0x00,0x00,0x00,0x00,0x00,0x00,0x00,0x00,0x00,0x00,0x00,0x00,0x00,0x00,0x00,0x00,
    0x00,0x00,0x00,0x00,0x00,0x00,0x00,0x00,0x00,0x00,0x00,0x00,0x00,0x00,0x00,0x00,0x00,0x00,0x00,0x00,0x00,0x00,0x00,0x00,
    0x00,0x00,0x00,0x00,0x00,0x00,0x00,0x00,0x00,0x00,0x00,0x00,0x00,0x00,0x00,0x00,0x00,0x00,0x00,0x00,0x00,0x00,0x00,0x00,
    0x00,0x00,0x00,0x00,0x00,0x00,0x00,0x00,0x00,0x00,0x00,0x00,0x00,0x00,0x00,0x00,0x00,0x00,0x00,0x00,0x00,0x00,0x00,0x00,
    0x00,0x00,0x00,0x00,0x00,0x00,0x00,0x00,0x00,0x00,0x00,0x00,0x00,0x00,0x00,0x00,0x00,0x00,0x00,0x00,0x00,0x00,0x00,0x00,
    0x00,0x00,0x00,0x00,0x00,0x00,0x00,0x00,0x00,0x00,0x00,0x00,0x00,0x00,0x00,0x00,0x00,0x00,0x00,0x00,0x00,0x00,0x00,0x00,
    0x00,0x00,0x00,0x00,0x00,0x00,0x00,0x00,0x00,0x00,0x00,0x00,0x00,0x00,0x00,0x00,0x00,0x00,0x00,0x00,0x00,0x00,0x00,0x00,
    0x00,0x00,0x00,0x00,0x00,0x00,0x00,0x00,0x00,0x00,0x00,0x00,0x00,0x00,0x00,0x00,0x00,0x00,0x00,0x00,0x00,0x00,0x00,0x00,
    0x00,0x00,0x00,0x00,0x00,0x00,0x00,0x00,0x00,0x00,0x00,0x00,0x00,0x00,0x00,0x00,0x00,0x00,0x00,0x00,0x00,0x00,0x00,0x00,
    0x00,0x00,0x00,0x00,0x00,0x00,0x00,0x00,0x00,0x00,0x00,0x00,0x00,0x00,0x00,0x00,0x00,0x00,0x00,0x00,0x00,0x00,0x00,0x00,
    0x00,0x00,0x00,0x00,0x00,0x00,0x00,0x00,0x00,0x00,0x00,0x00,0x00,0x00,0x00,0x00,0x00,0x00,0x00,0x00,0x00,0x00,0x00,0x00,
    0x00,0x00,0x00,0x00,0x00,0x00,0x00,0x00,0x00,0x00,0x00,0x00,0x00,0x00,0x00,0x00,0x00,0x00,0x00,0x00,0x00,0x00,0x00,0x00,
    0x00,0x00,0x00,0x00,0x00,0x00,0x00,0x00,0x00,0x00,0x00,0x00,0x00,0x00,0x00,0x00,0x00,0x00,0x00,0x00,0x00,0x00,0x00,0x00,
    0x00,0x00,0x00,0x00,0x00,0x00,0x00,0x00,0x00,0x00,0x00,0x00,0x00,0x00,0x00,0x00,0x00,0x00,0x00,0x00,0x00,0x00,0x00,0x00,
    0x00,0x00,0x00,0x00,0x00,0x00,0x00,0x00,0x00,0x00,0x00,0x00,0x00,0x00,0x00,0x00,0x00,0x00,0x00,0x00,0x00,0x00,0x00,0x00,
    0x00,0x00,0x00,0x00,0x00,0x00,0x00,0x00,0x00,0x00,0x00,0x00,0x00,0x00,0x00,0x00,0x00,0x00,0x00,0x00,0x00,0x00,0x00,0x00,
    0x00,0x00,0x00,0x00,0x00,0x00,0x00,0x00,0x00,0x00,0x00,0x00,0x00,0x00,0x00,0x00,0x00,0x00,0x00,0x00,0x00,0x00,0x00,0x00,
    0x00,0x00,0x00,0x00,0x00,0x00,0x00,0x00,0x00,0x00,0x00,0x00,0x00,0x00,0x00,0x00,0x00,0x00,0x00,0x00,0x00,0x00,0x00,0x00,
    0x00,0x00,0x00,0x00,0x00,0x00,0x00,0x00,0x00,0x00,0x00,0x00,0x00,0x00,0x00,0x00,0x00,0x00,0x00,0x00,0x00,0x00,0x00,0x00,
    0x00,0x00,0x00,0x00,0x00,0x00,0x00,0x00,0x00,0x00,0x00,0x00,0x00,0x00,0x00,0x00,0x00,0x00,0x00,0x00,0x00,0x00,0x00,0x00,
    0x00,0x00,0x00,0x00,0x00,0x00,0x00,0x00,0x00,0x00,0x00,0x00,0x00,0x00,0x00,0x00,0x00,0x00,0x00,0x00,0x00,0x00,0x00,0x00,
    0x00,0x00,0x00,0x00,0x00,0x00,0x00,0x00,0x00,0x00,0x00,0x00,0x00,0x00,0x00,0x00,0x00,0x00,0x00,0x00,0x00,0x00,0x00,0x00,
    0x00,0x00,0x00,0x00,0x00,0x00,0x00,0x00,0x00,0x00,0x00,0x00,0x00,0x00,0x00,0x00,0x00,0x00,0x00,0x00,0x00,0x00,0x00,0x00,
    0x00,0x00,0x00,0x00,0x00,0x00,0x00,0x00,0x00,0x00,0x00,0x00,0x00,0x00,0x00,0x00,0x00,0x00,0x00,0x00,0x00,0x00,0x00,0x00,
    0x00,0x00,0x00,0x00,0x00,0x00,0x00,0x00,0x00,0x00,0x00,0x00,0x00,0x00,0x00,0x00,0x00,0x00,0x00,0x00,0x00,0x00,0x00,0x00,
    0x00,0x00,0x00,0x00,0x00,0x00,0x00,0x00,0x00,0x00,0x00,0x00,0x00,0x00,0x00,0x00,0x00,0x00,0x00,0x00,0x00,0x00,0x00,0x00,
    0x00,0x00,0x00,0x00,0x00,0x00,0x00,0x00,0x00,0x00,0x00,0x00,0x00,0x00,0x00,0x00,0x00,0x00,0x00,0x00,0x00,0x00,0x00,0x00,
    0x00,0x00,0x00,0x00,0x00,0x00,0x00,0x00,0x00,0x00,0x00,0x00,0x00,0x00,0x00,0x00,0x00,0x00,0x00,0x00,0x00,0x00,0x00,0x00,
    0x00,0x00,0x00,0x00,0x00,0x00,0x00,0x00,0x00,0x00,0x00,0x00,0x00,0x00,0x00,0x00,0x00,0x00,0x00,0x00,0x00,0x00,0x00,0x00,
    0x00,0x00,0x00,0x00,0x00,0x00,0x00,0x00,0x00,0x00,0x00,0x00,0x00,0x00,0x00,0x00,0x00,0x00,0x00,0x00,0x00,0x00,0x00,0x00,
    0x00,0x00,0x00,0x00,0x00,0x00,0x00,0x00,0x00,0x00,0x00,0x00,0x00,0x00,0x00,0x00,0x00,0x00,0x00,0x00,0x00,0x00,0x00,0x00,
    0x00,0x00,0x00,0x00,0x00,0x00,0x00,0x00,0x00,0x00,0x00,0x00,0x00,0x00,0x00,0x00,0x00,0x00,0x00,0x00,0x00,0x00,0x00,0x00,
    0x00,0x00,0x00,0x00,0x00,0x00,0x00,0x00,0x00,0x00,0x00,0x00,0x00,0x00,0x00,0x00,0x00,0x00,0x00,0x00,0x00,0x00,0x00,0x00,
    0x00,0x00,0x00,0x00,0x00,0x00,0x00,0x00,0x00,0x00,0x00,0x00,0x00,0x00,0x00,0x00,0x00,0x00,0x00,0x00,0x00,0x00,0x00,0x00,
    0x00,0x00,0x00,0x00,0x00,0x00,0x00,0x00,0x00,0x00,0x00,0x00,0x00,0x00,0x00,0x00,0x00,0x00,0x00,0x00,0x00,0x00,0x00,0x00,
    0x00,0x00,0x00,0x00,0x00,0x00,0x00,0x00,0x00,0x00,0x00,0x00,0x00,0x00,0x00,0x00,0x00,0x00,0x00,0x00,0x00,0x00,0x00,0x00,
    0x00,0x00,0x00,0x00,0x00,0x00,0x00,0x00,0x00,0x00,0x00,0x00,0x00,0x00,0x00,0x00,0x00,0x00,0x00,0x00,0x00,0x00,0x00,0x00,
    0x00,0x00,0x00,0x00,0x00,0x00,0x00,0x00,0x00,0x00,0x00,0x00,0x00,0x00,0x00,0x00,0x00,0x00,0x00,0x00,0x00,0x00,0x00,0x00,
    0x00,0x00,0x00,0x00,0x00,0x00,0x00,0x00,0x00,0x00,0x00,0x00,0x00,0x00,0x00,0x00,0x00,0x00,0x00,0x00,0x00,0x00,0x00,0x00,
    0x00,0x00,0x00,0x00,0x00,0x00,0x00,0x00,0x00,0x00,0x00,0x00,0x00,0x00,0x00,0x00,0x00,0x00,0x00,0x00,0x00,0x00,0x00,0x00,
    0x00,0x00,0x00,0x00,0x00,0x00,0x00,0x00,0x00,0x00,0x00,0x00,0x00,0x00,0x00,0x00,0x00,0x00,0x00,0x00,0x00,0x00,0x00,0x00,
    0x00,0x00,0x00,0x00,0x00,0x00,0x00,0x00,0x00,0x00,0x00,0x00,0x00,0x00,0x00,0x00,0x00,0x00,0x00,0x00,0x00,0x00,0x00,0x00,
    0x00,0x00,0x00,0x00,0x00,0x00,0xFF,0xFF,0x01,0xFF,0xFF,0x01,0xFF,0xFF,0x01,0xFF,0xFF,0x01,0xFF,0xFF,0x01,0xFF,0xFF,0x01,
    0xFF,0xFF,0x01,0xFF,0xFF,0x01,0xFF,0xFF,0x01,0xFF,0xFF,0x01,0xFF,0xFF,0x01,0xFF,0xFF,0x01,0xFF,0xFF,0x01,0xFF,0xFF,0x01,
    0xFF,0xFF,0x01,0xFF,0xFF,0x01,0xFF,0xFF,0x01,0xFF,0xFF,0x01,0xFF,0xFF,0x01,0xFF,0xFF,0x01,0xFF,0xFF,0x01,0xFF,0xFF,0x01,
    0xFF,0xFF,0x01,0xFF,0xFF,0x01,0xFF,0xFF,0x01,0xFF,0xFF,0x01,0xFF,0xFF,0x01,0xFF,0xFF,0x01,0xFF,0xFF,0x01,0xFF,0xFF,0x01,
    0xFF,0xFF,0x01,0xFF,0xFF,0x01,0xFF,0xFF,0x01,0xFF,0xFF,0x01,0xFF,0xFF,0x01,0xFF,0xFF,0x01,0xFF,0xFF,0x01,0xFF,0xFF,0x01,
    0xFF,0xFF,0x01,0xFF,0xFF,0x01,0xFF,0xFF,0x01,0xFF,0xFF,0x01,0xFF,0xFF,0x01,0xFF,0xFF,0x01,0xFF,0xFF,0x01,0xFF,0xFF,0x01,
    0xFF,0xFF,0x01,0xFF,0xFF,0x01,0xFF,0xFF,0x01,0xFF,0xFF,0x01,0xFF,0xFF,0x01,0xFF,0xFF,0x01,0xFF,0xFF,0x01,0xFF,0xFF,0x01,
    0xFF,0xFF,0x01,0xFF,0xFF,0x01,0xFF,0xFF,0x01,0xFF,0xFF,0x01,0xFF,0xFF,0x01,0xFF,0xFF,0x01,0xFF,0xFF,0x01,0xFF,0xFF,0x01,
    0xFF,0xFF,0x01,0xFF,0xFF,0x01,0xFF,0xFF,0x01,0xFF,0xFF,0x01,0xFF,0xFF,0x01,0xFF,0xFF,0x01,0xFF,0xFF,0x01,0xFF,0xFF,0x01,
    0xFF,0xFF,0x01,0xFF,0xFF,0x01,0xFF,0xFF,0x01,0xFF,0xFF,0x01,0xFF,0xFF,0x01,0xFF,0xFF,0x01,0xFF,0xFF,0x01,0xFF,0xFF,0x01,
    0xFF,0xFF,0x01,0xFF,0xFF,0x01,0xFF,0xFF,0x01,0xFF,0xFF,0x01,0xFF,0xFF,0x01,0xFF,0xFF,0x01,0xFF,0xFF,0x01,0xFF,0xFF,0x01,
    0xFF,0xFF,0x01,0xFF,0xFF,0x01,0xFF,0xFF,0x01,0xFF,0xFF,0x01,0x00,0x00,0x00,0x00,0x00,0x00,0x00,0x00,0x00,0x00,0x00,0x00,
    0x00,0x00,0x00,0x00,0x00,0x00,0x00,0x00,0x00,0x00,0x00,0x00,0x00,0x00,0x00,0x00,0x00,0x00,0x00,0x00,0x00,0x00,0x00,0x00,
    0x00,0x00,0x00,0x00,0x00,0x00,0x00,0x00,0x00,0x00,0x00,0x00,0x00,0x00,0x00,0x00,0x00,0x00,0x00,0x00,0x00,0x00,0x00,0x00,
    0x00,0x00,0x00,0x00,0x00,0x00,0x00,0x00,0x00,0x00,0x00,0x00,0x00,0x00,0x00,0x00,0x00,0x00,0x00,0x00,0x00,0x00,0x00,0x00,
    0x00,0x00,0x00,0x00,0x00,0x00,0x00,0x00,0x00,0x00,0x00,0x00,0x00,0x00,0x00,0x00,0x00,0x00,0x00,0x00,0x00,0x00,0x00,0x00,
    0x00,0x00,0x00,0x00,0x00,0x00,0x00,0x00,0x00,0x00,0x00,0x00,0x00,0x00,0x00,0x00,0x00,0x00,0x00,0x00,0x00,0x00,0x00,0x00,
    0x00,0x00,0x00,0x00,0x00,0x00,0x00,0x00,0x00,0x00,0x00,0x00,0x00,0x00,0x00,0x00,0x00,0x00,0x00,0x00,0x00,0x00,0x00,0x00,
    0x00,0x00,0x00,0x00,0x00,0x00,0x00,0x00,0x00,0x00,0x00,0x00,0x00,0x00,0x00,0x00,0x00,0x00,0x00,0x00,0x00,0x00,0x00,0x00,
    0x00,0x00,0x00,0x00,0x00,0x00,0x00,0x00,0x00,0x00,0x00,0x00,0x00,0x00,0x00,0x00,0x00,0x00,0x00,0x00,0x00,0x00,0x00,0x00,
    0x00,0x00,0x00,0x00,0x00,0x00,0x00,0x00,0x00,0x00,0x00,0x00,0x00,0x00,0x00,0x00,0x00,0x00,0x00,0x00,0x00,0x00,0x00,0x00,
    0x00,0x00,0x00,0xFF,0xFF,0x03,0xFF,0xFF,0x04,0xFF,0xFF,0x03,0x00,0x00,0x00,0x00,0x00,0x00,0x00,0x00,0x00,0x00,0x00,0x00,
    0x00,0x00,0x00,0x00,0x00,0x00,0x00,0x00,0x00,0x00,0x00,0x00,0x00,0x00,0x00,0x00,0x00,0x00,0x00,0x00,0x00,0x00,0x00,0x00,
    0x00,0x00,0x00,0x00,0x00,0x00,0x00,0x00,0x00,0x00,0x00,0x00,0x00,0x00,0x00,0x00,0x00,0x00,0x00,0x00,0x00,0x00,0x00,0x00,
    0x00,0x00,0x00,0x00,0x00,0x00,0x00,0x00,0x00,0x00,0x00,0x00,0x00,0x00,0x00,0x00,0x00,0x00,0x00,0x00,0x00,0x00,0x00,0x00,
    0x00,0x00,0x00,0x00,0x00,0x00,0x00,0x00,0x00,0x00,0x00,0x00,0x00,0x00,0x00,0x00,0x00,0x00,0x00,0x00,0x00,0x00,0x00,0x00,
    0x00,0x00,0x00,0x00,0x00,0x00,0x00,0x00,0x00,0x00,0x00,0x00,0x00,0x00,0x00,0x00,0x00,0x00,0x00,0x00,0x00,0x00,0x00,0x00,
    0x00,0x00,0x00,0x00,0x00,0x00,0x00,0x00,0x00,0x00,0x00,0x00,0x00,0x00,0x00,0x00,0x00,0x00,0x00,0x00,0x00,0x00,0x00,0x00,
    0x00,0x00,0x00,0x00,0x00,0x00,0x00,0x00,0x00,0x00,0x00,0x00,0x00,0x00,0x00,0x00,0x00,0x00,0x00,0x00,0x00,0x00,0x00,0x00,
    0x00,0x00,0x00,0x00,0x00,0x00,0x00,0x00,0x00,0x00,0x00,0x00,0x00,0x00,0x00,0x00,0x00,0x00,0x00,0x00,0x00,0x00,0x00,0x00,
    0x00,0x00,0x00,0x00,0x00,0x00,0x00,0x00,0x00,0x00,0x00,0x00,0x00,0x00,0x00,0x00,0x00,0x00,0x00,0x00,0x00,0x00,0x00,0x00,
    0x00,0x00,0x00,0x00,0x00,0x00,0x00,0x00,0x00,0x00,0x00,0x00,0x00,0x00,0x00,0x00,0x00,0x00,0x00,0x00,0x00,0x00,0x00,0x00,
    0x00,0x00,0x00,0x00,0x00,0x00,0x00,0x00,0x00,0x00,0x00,0x00,0x00,0x00,0x00,0x00,0x00,0x00,0xFF,0xFF,0x01,0xFF,0xFF,0x04,
    0xFF,0xFF,0x03,0xFF,0xFF,0x01,0x00,0x00,0x00,0x00,0x00,0x00,0x00,0x00,0x00,0x00,0x00,0x00,0x00,0x00,0x00,0x00,0x00,0x00,
    0x00,0x00,0x00,0x00,0x00,0x00,0x00,0x00,0x00,0x00,0x00,0x00,0x00,0x00,0x00,0x00,0x00,0x00,0x00,0x00,0x00,0x00,0x00,0x00,
    0x00,0x00,0x00,0x00,0x00,0x00,0x00,0x00,0x00,0x00,0x00,0x00,0x00,0x00,0x00,0x00,0x00,0x00,0x00,0x00,0x00,0x00,0x00,0x00,
    0x00,0x00,0x00,0x00,0x00,0x00,0x00,0x00,0x00,0x00,0x00,0x00,0x00,0x00,0x00,0x00,0x00,0x00,0x00,0x00,0x00,0x00,0x00,0x00,
    0x00,0x00,0x00,0x00,0x00,0x00,0x00,0x00,0x00,0x00,0x00,0x00,0x00,0x00,0x00,0x00,0x00,0x00,0x00,0x00,0x00,0x00,0x00,0x00,
    0x00,0x00,0x00,0x00,0x00,0x00,0x00,0x00,0x00,0x00,0x00,0x00,0x00,0x00,0x00,0x00,0x00,0x00,0x00,0x00,0x00,0x00,0x00,0x00,
    0x00,0x00,0x00,0x00,0x00,0x00,0x00,0x00,0x00,0x00,0x00,0x00,0x00,0x00,0x00,0x00,0x00,0x00,0x00,0x00,0x00,0x00,0x00,0x00,
    0x00,0x00,0x00,0x00,0x00,0x00,0x00,0x00,0x00,0x00,0x00,0x00,0x00,0x00,0x00,0x00,0x00,0x00,0x00,0x00,0x00,0x00,0x00,0x00,
    0x00,0x00,0x00,0x00,0x00,0x00,0x00,0x00,0x00,0x00,0x00,0x00,0x00,0x00,0x00,0x00,0x00,0x00,0x00,0x00,0x00,0x00,0x00,0x00,
    0x00,0x00,0x00,0xFF,0xFF,0x03,0xFF,0xFF,0x01,0x00,0x00,0x00,0x00,0x00,0x00,0x00,0x00,0x00,0xFF,0xFF,0x0E,0xFF,0xFF,0x10,
    0xFF,0xFF,0x10,0xFF,0xFF,0x10,0xFF,0xFF,0x10,0xFF,0xFF,0x10,0xFF,0xFF,0x10,0xFF,0xFF,0x10,0xFF,0xFF,0x10,0xFF,0xFF,0x10,
    0xFF,0xFF,0x10,0xFF,0xFF,0x10,0xFF,0xFF,0x10,0xFF,0xFF,0x10,0xFF,0xFF,0x10,0xFF,0xFF,0x10,0xFF,0xFF,0x10,0xFF,0xFF,0x10,
    0xFF,0xFF,0x10,0xFF,0xFF,0x10,0xFF,0xFF,0x10,0xFF,0xFF,0x10,0xFF,0xFF,0x10,0xFF,0xFF,0x10,0xFF,0xFF,0x10,0xFF,0xFF,0x10,
    0xFF,0xFF,0x10,0xFF,0xFF,0x10,0xFF,0xFF,0x10,0xFF,0xFF,0x10,0xFF,0xFF,0x10,0xFF,0xFF,0x10,0xFF,0xFF,0x10,0xFF,0xFF,0x10,
    0xFF,0xFF,0x10,0xFF,0xFF,0x10,0xFF,0xFF,0x10,0xFF,0xFF,0x10,0xFF,0xFF,0x10,0xFF,0xFF,0x10,0xFF,0xFF,0x10,0xFF,0xFF,0x10,
    0xFF,0xFF,0x10,0xFF,0xFF,0x10,0xFF,0xFF,0x10,0xFF,0xFF,0x10,0xFF,0xFF,0x10,0xFF,0xFF,0x10,0xFF,0xFF,0x10,0xFF,0xFF,0x10,
    0xFF,0xFF,0x10,0xFF,0xFF,0x10,0xFF,0xFF,0x10,0xFF,0xFF,0x10,0xFF,0xFF,0x10,0xFF,0xFF,0x10,0xFF,0xFF,0x10,0xFF,0xFF,0x10,
    0xFF,0xFF,0x10,0xFF,0xFF,0x10,0xFF,0xFF,0x10,0xFF,0xFF,0x10,0xFF,0xFF,0x10,0xFF,0xFF,0x10,0xFF,0xFF,0x10,0xFF,0xFF,0x10,
    0xFF,0xFF,0x10,0xFF,0xFF,0x10,0xFF,0xFF,0x10,0xFF,0xFF,0x10,0xFF,0xFF,0x10,0xFF,0xFF,0x10,0xFF,0xFF,0x10,0xFF,0xFF,0x10,
    0xFF,0xFF,0x10,0xFF,0xFF,0x10,0xFF,0xFF,0x10,0xFF,0xFF,0x10,0xFF,0xFF,0x10,0xFF,0xFF,0x10,0xFF,0xFF,0x10,0xFF,0xFF,0x10,
    0xFF,0xFF,0x10,0xFF,0xFF,0x10,0xFF,0xFF,0x10,0xFF,0xFF,0x10,0xFF,0xFF,0x10,0xFF,0xFF,0x10,0xFF,0xFF,0x0F,0xFF,0xFF,0x10,
    0x00,0x00,0x00,0x00,0x00,0x00,0x00,0x00,0x00,0x00,0x00,0x00,0xFF,0xFF,0x04,0xFF,0xFF,0x01,0x00,0x00,0x00,0x00,0x00,0x00,
    0x00,0x00,0x00,0x00,0x00,0x00,0x00,0x00,0x00,0x00,0x00,0x00,0x00,0x00,0x00,0x00,0x00,0x00,0x00,0x00,0x00,0x00,0x00,0x00,
    0x00,0x00,0x00,0x00,0x00,0x00,0x00,0x00,0x00,0x00,0x00,0x00,0x00,0x00,0x00,0x00,0x00,0x00,0x00,0x00,0x00,0x00,0x00,0x00,
    0x00,0x00,0x00,0x00,0x00,0x00,0x00,0x00,0x00,0x00,0x00,0x00,0x00,0x00,0x00,0x00,0x00,0x00,0x00,0x00,0x00,0x00,0x00,0x00,
    0x00,0x00,0x00,0x00,0x00,0x00,0x00,0x00,0x00,0x00,0x00,0x00,0x00,0x00,0x00,0x00,0x00,0x00,0x00,0x00,0x00,0x00,0x00,0x00,
    0x00,0x00,0x00,0x00,0x00,0x00,0x00,0x00,0x00,0x00,0x00,0x00,0x00,0x00,0x00,0x00,0x00,0x00,0x00,0x00,0x00,0x00,0x00,0x00,
    0x00,0x00,0x00,0x00,0x00,0x00,0x00,0x00,0x00,0x00,0x00,0x00,0x00,0x00,0x00,0x00,0x00,0x00,0x00,0x00,0x00,0x00,0x00,0x00,
    0x00,0x00,0x00,0x00,0x00,0x00,0x00,0x00,0x00,0x00,0x00,0x00,0x00,0x00,0x00,0x00,0x00,0x00,0x00,0x00,0x00,0x00,0x00,0x00,
    0x00,0x00,0x00,0x00,0x00,0x00,0x00,0x00,0x00,0x00,0x00,0x00,0x00,0x00,0x00,0x00,0x00,0x00,0x00,0x00,0x00,0x00,0x00,0x00,
    0x00,0x00,0x00,0xFF,0xFF,0x01,0xFF,0xFF,0x02,0x00,0x00,0x00,0x00,0x00,0x00,0xFF,0xFF,0x3E,0xFF,0xFF,0x8D,0xFF,0xFF,0xAD,
    0xFF,0xFF,0xEA,0xFF,0xFF,0xEF,0xFF,0xFF,0xEF,0xFF,0xFF,0xEF,0xFF,0xFF,0xEF,0xFF,0xFF,0xEF,0xFF,0xFF,0xEF,0xFF,0xFF,0xEF,
    0xFF,0xFF,0xEF,0xFF,0xFF,0xEF,0xFF,0xFF,0xEF,0xFF,0xFF,0xEF,0xFF,0xFF,0xEF,0xFF,0xFF,0xEF,0xFF,0xFF,0xEF,0xFF,0xFF,0xEF,
    0xFF,0xFF,0xEF,0xFF,0xFF,0xEF,0xFF,0xFF,0xEF,0xFF,0xFF,0xEF,0xFF,0xFF,0xEF,0xFF,0xFF,0xEF,0xFF,0xFF,0xEF,0xFF,0xFF,0xEF,
    0xFF,0xFF,0xEF,0xFF,0xFF,0xEF,0xFF,0xFF,0xEF,0xFF,0xFF,0xEF,0xFF,0xFF,0xEF,0xFF,0xFF,0xEF,0xFF,0xFF,0xEF,0xFF,0xFF,0xEF,
    0xFF,0xFF,0xEF,0xFF,0xFF,0xEF,0xFF,0xFF,0xEF,0xFF,0xFF,0xEF,0xFF,0xFF,0xEF,0xFF,0xFF,0xEF,0xFF,0xFF,0xEF,0xFF,0xFF,0xEF,
    0xFF,0xFF,0xEF,0xFF,0xFF,0xEF,0xFF,0xFF,0xEF,0xFF,0xFF,0xEF,0xFF,0xFF,0xEF,0xFF,0xFF,0xEF,0xFF,0xFF,0xEF,0xFF,0xFF,0xEF,
    0xFF,0xFF,0xEF,0xFF,0xFF,0xEF,0xFF,0xFF,0xEF,0xFF,0xFF,0xEF,0xFF,0xFF,0xEF,0xFF,0xFF,0xEF,0xFF,0xFF,0xEF,0xFF,0xFF,0xEF,
    0xFF,0xFF,0xEF,0xFF,0xFF,0xEF,0xFF,0xFF,0xEF,0xFF,0xFF,0xEF,0xFF,0xFF,0xEF,0xFF,0xFF,0xEF,0xFF,0xFF,0xEF,0xFF,0xFF,0xEF,
    0xFF,0xFF,0xEF,0xFF,0xFF,0xEF,0xFF,0xFF,0xEF,0xFF,0xFF,0xEF,0xFF,0xFF,0xEF,0xFF,0xFF,0xEF,0xFF,0xFF,0xEF,0xFF,0xFF,0xEF,
    0xFF,0xFF,0xEF,0xFF,0xFF,0xEF,0xFF,0xFF,0xEF,0xFF,0xFF,0xEF,0xFF,0xFF,0xEF,0xFF,0xFF,0xEF,0xFF,0xFF,0xEF,0xFF,0xFF,0xEF,
    0xFF,0xFF,0xEF,0xFF,0xFF,0xEF,0xFF,0xFF,0xEF,0xFF,0xFF,0xEF,0xFF,0xFF,0xEF,0xFF,0xFF,0xEF,0xFF,0xFF,0xEF,0xFF,0xFF,0xEF,
    0xFF,0xFF,0xEE,0xFF,0xFF,0xEF,0xFF,0xFF,0xC1,0xFF,0xFF,0xA4,0xFF,0xFF,0x57,0xFF,0xFF,0x09,0x00,0x00,0x00,0x00,0x00,0x00,
    0xFF,0xFF,0x03,0x00,0x00,0x00,0x00,0x00,0x00,0x00,0x00,0x00,0x00,0x00,0x00,0x00,0x00,0x00,0x00,0x00,0x00,0x00,0x00,0x00,
    0x00,0x00,0x00,0x00,0x00,0x00,0x00,0x00,0x00,0x00,0x00,0x00,0x00,0x00,0x00,0x00,0x00,0x00,0x00,0x00,0x00,0x00,0x00,0x00,
    0x00,0x00,0x00,0x00,0x00,0x00,0x00,0x00,0x00,0x00,0x00,0x00,0x00,0x00,0x00,0x00,0x00,0x00,0x00,0x00,0x00,0x00,0x00,0x00,
    0x00,0x00,0x00,0x00,0x00,0x00,0x00,0x00,0x00,0x00,0x00,0x00,0x00,0x00,0x00,0x00,0x00,0x00,0x00,0x00,0x00,0x00,0x00,0x00,
    0x00,0x00,0x00,0x00,0x00,0x00,0x00,0x00,0x00,0x00,0x00,0x00,0x00,0x00,0x00,0x00,0x00,0x00,0x00,0x00,0x00,0x00,0x00,0x00,
    0x00,0x00,0x00,0x00,0x00,0x00,0x00,0x00,0x00,0x00,0x00,0x00,0x00,0x00,0x00,0x00,0x00,0x00,0x00,0x00,0x00,0x00,0x00,0x00,
    0x00,0x00,0x00,0x00,0x00,0x00,0x00,0x00,0x00,0x00,0x00,0x00,0x00,0x00,0x00,0x00,0x00,0x00,0x00,0x00,0x00,0x00,0x00,0x00,
    0x00,0x00,0x00,0x00,0x00,0x00,0x00,0x00,0x00,0x00,0x00,0x00,0x00,0x00,0x00,0x00,0x00,0x00,0x00,0x00,0x00,0x00,0x00,0x00,
    0x00,0x00,0x00,0x00,0x00,0x00,0xFF,0xFF,0x02,0x00,0x00,0x00,0x00,0x00,0x00,0xFF,0xFF,0x44,0xFF,0xFF,0xBB,0xFF,0xFF,0xFF,
    0xFF,0xFF,0xFF,0xFF,0xFF,0xFF,0xFF,0xFF,0xFF,0xFF,0xFF,0xFF,0xFF,0xFF,0xFF,0xFF,0xFF,0xFF,0xFF,0xFF,0xFF,0xFF,0xFF,0xFF,
    0xFF,0xFF,0xFF,0xFF,0xFF,0xFF,0xFF,0xFF,0xFF,0xFF,0xFF,0xFF,0xFF,0xFF,0xFF,0xFF,0xFF,0xFF,0xFF,0xFF,0xFF,0xFF,0xFF,0xFF,
    0xFF,0xFF,0xFF,0xFF,0xFF,0xFF,0xFF,0xFF,0xFF,0xFF,0xFF,0xFF,0xFF,0xFF,0xFF,0xFF,0xFF,0xFF,0xFF,0xFF,0xFF,0xFF,0xFF,0xFF,
    0xFF,0xFF,0xFF,0xFF,0xFF,0xFF,0xFF,0xFF,0xFF,0xFF,0xFF,0xFF,0xFF,0xFF,0xFF,0xFF,0xFF,0xFF,0xFF,0xFF,0xFF,0xFF,0xFF,0xFF,
    0xFF,0xFF,0xFF,0xFF,0xFF,0xFF,0xFF,0xFF,0xFF,0xFF,0xFF,0xFF,0xFF,0xFF,0xFF,0xFF,0xFF,0xFF,0xFF,0xFF,0xFF,0xFF,0xFF,0xFF,
    0xFF,0xFF,0xFF,0xFF,0xFF,0xFF,0xFF,0xFF,0xFF,0xFF,0xFF,0xFF,0xFF,0xFF,0xFF,0xFF,0xFF,0xFF,0xFF,0xFF,0xFF,0xFF,0xFF,0xFF,
    0xFF,0xFF,0xFF,0xFF,0xFF,0xFF,0xFF,0xFF,0xFF,0xFF,0xFF,0xFF,0xFF,0xFF,0xFF,0xFF,0xFF,0xFF,0xFF,0xFF,0xFF,0xFF,0xFF,0xFF,
    0xFF,0xFF,0xFF,0xFF,0xFF,0xFF,0xFF,0xFF,0xFF,0xFF,0xFF,0xFF,0xFF,0xFF,0xFF,0xFF,0xFF,0xFF,0xFF,0xFF,0xFF,0xFF,0xFF,0xFF,
    0xFF,0xFF,0xFF,0xFF,0xFF,0xFF,0xFF,0xFF,0xFF,0xFF,0xFF,0xFF,0xFF,0xFF,0xFF,0xFF,0xFF,0xFF,0xFF,0xFF,0xFF,0xFF,0xFF,0xFF,
    0xFF,0xFF,0xFF,0xFF,0xFF,0xFF,0xFF,0xFF,0xFF,0xFF,0xFF,0xFF,0xFF,0xFF,0xFF,0xFF,0xFF,0xFF,0xFF,0xFF,0xFF,0xFF,0xFF,0xFF,
    0xFF,0xFF,0xFF,0xFF,0xFF,0xFF,0xFF,0xFF,0xFF,0xFF,0xFF,0xFF,0xFF,0xFF,0xFF,0xFF,0xFF,0xFF,0xFF,0xFF,0xFF,0xFF,0xFF,0xFF,
    0xFF,0xFF,0xFF,0xFF,0xFF,0xFF,0xFF,0xFF,0xFF,0xFF,0xFF,0xFF,0xFF,0xFF,0xFF,0xFF,0xFF,0xFF,0xFF,0xFF,0xFF,0xFF,0xFF,0xDA,
    0xFF,0xFF,0x6D,0xFF,0xFF,0x0A,0x00,0x00,0x00,0xFF,0xFF,0x03,0x00,0x00,0x00,0x00,0x00,0x00,0x00,0x00,0x00,0x00,0x00,0x00,
    0x00,0x00,0x00,0x00,0x00,0x00,0x00,0x00,0x00,0x00,0x00,0x00,0x00,0x00,0x00,0x00,0x00,0x00,0x00,0x00,0x00,0x00,0x00,0x00,
    0x00,0x00,0x00,0x00,0x00,0x00,0x00,0x00,0x00,0x00,0x00,0x00,0x00,0x00,0x00,0x00,0x00,0x00,0x00,0x00,0x00,0x00,0x00,0x00,
    0x00,0x00,0x00,0x00,0x00,0x00,0x00,0x00,0x00,0x00,0x00,0x00,0x00,0x00,0x00,0x00,0x00,0x00,0x00,0x00,0x00,0x00,0x00,0x00,
    0x00,0x00,0x00,0x00,0x00,0x00,0x00,0x00,0x00,0x00,0x00,0x00,0x00,0x00,0x00,0x00,0x00,0x00,0x00,0x00,0x00,0x00,0x00,0x00,
    0x00,0x00,0x00,0x00,0x00,0x00,0x00,0x00,0x00,0x00,0x00,0x00,0x00,0x00,0x00,0x00,0x00,0x00,0x00,0x00,0x00,0x00,0x00,0x00,
    0x00,0x00,0x00,0x00,0x00,0x00,0x00,0x00,0x00,0x00,0x00,0x00,0x00,0x00,0x00,0x00,0x00,0x00,0x00,0x00,0x00,0x00,0x00,0x00,
    0x00,0x00,0x00,0x00,0x00,0x00,0x00,0x00,0x00,0x00,0x00,0x00,0x00,0x00,0x00,0x00,0x00,0x00,0x00,0x00,0x00,0x00,0x00,0x00,
    0x00,0x00,0x00,0x00,0x00,0x00,0x00,0x00,0x00,0xFF,0xFF,0x03,0x00,0x00,0x00,0xFF,0xFF,0x1C,0xFF,0xFF,0xA5,0xFF,0xFF,0xFF,
    0xFF,0xFF,0xFF,0xFF,0xFF,0xFD,0xFF,0xFF,0xFB,0xFF,0xFF,0xFC,0xFF,0xFF,0xFE,0xFF,0xFF,0xFE,0xFF,0xFF,0xFE,0xFF,0xFF,0xFE,
    0xFF,0xFF,0xFE,0xFF,0xFF,0xFE,0xFF,0xFF,0xFE,0xFF,0xFF,0xFE,0xFF,0xFF,0xFE,0xFF,0xFF,0xFE,0xFF,0xFF,0xFE,0xFF,0xFF,0xFE,
    0xFF,0xFF,0xFE,0xFF,0xFF,0xFE,0xFF,0xFF,0xFE,0xFF,0xFF,0xFE,0xFF,0xFF,0xFE,0xFF,0xFF,0xFE,0xFF,0xFF,0xFE,0xFF,0xFF,0xFE,
    0xFF,0xFF,0xFE,0xFF,0xFF,0xFE,0xFF,0xFF,0xFE,0xFF,0xFF,0xFE,0xFF,0xFF,0xFE,0xFF,0xFF,0xFE,0xFF,0xFF,0xFE,0xFF,0xFF,0xFE,
    0xFF,0xFF,0xFE,0xFF,0xFF,0xFE,0xFF,0xFF,0xFE,0xFF,0xFF,0xFE,0xFF,0xFF,0xFE,0xFF,0xFF,0xFE,0xFF,0xFF,0xFE,0xFF,0xFF,0xFE,
    0xFF,0xFF,0xFE,0xFF,0xFF,0xFE,0xFF,0xFF,0xFE,0xFF,0xFF,0xFE,0xFF,0xFF,0xFE,0xFF,0xFF,0xFE,0xFF,0xFF,0xFE,0xFF,0xFF,0xFE,
    0xFF,0xFF,0xFE,0xFF,0xFF,0xFE,0xFF,0xFF,0xFE,0xFF,0xFF,0xFE,0xFF,0xFF,0xFE,0xFF,0xFF,0xFE,0xFF,0xFF,0xFE,0xFF,0xFF,0xFE,
    0xFF,0xFF,0xFE,0xFF,0xFF,0xFE,0xFF,0xFF,0xFE,0xFF,0xFF,0xFE,0xFF,0xFF,0xFE,0xFF,0xFF,0xFE,0xFF,0xFF,0xFE,0xFF,0xFF,0xFE,
    0xFF,0xFF,0xFE,0xFF,0xFF,0xFE,0xFF,0xFF,0xFE,0xFF,0xFF,0xFE,0xFF,0xFF,0xFE,0xFF,0xFF,0xFE,0xFF,0xFF,0xFE,0xFF,0xFF,0xFE,
    0xFF,0xFF,0xFE,0xFF,0xFF,0xFE,0xFF,0xFF,0xFE,0xFF,0xFF,0xFE,0xFF,0xFF,0xFE,0xFF,0xFF,0xFE,0xFF,0xFF,0xFE,0xFF,0xFF,0xFE,
    0xFF,0xFF,0xFE,0xFF,0xFF,0xFE,0xFF,0xFF,0xFE,0xFF,0xFF,0xFE,0xFF,0xFF,0xFE,0xFF,0xFF,0xFE,0xFF,0xFF,0xFE,0xFF,0xFF,0xFE,
    0xFF,0xFF,0xFE,0xFF,0xFF,0xFE,0xFF,0xFF,0xFE,0xFF,0xFF,0xFE,0xFF,0xFF,0xFE,0xFF,0xFF,0xFE,0xFF,0xFF,0xFC,0xFF,0xFF,0xFB,
    0xFF,0xFF,0xFC,0xFF,0xFF,0xFF,0xFF,0xFF,0xFF,0xFF,0xFF,0xD5,0xFF,0xFF,0x41,0x00,0x00,0x00,0xFF,0xFF,0x04,0x00,0x00,0x00,
    0x00,0x00,0x00,0x00,0x00,0x00,0x00,0x00,0x00,0x00,0x00,0x00,0x00,0x00,0x00,0x00,0x00,0x00,0x00,0x00,0x00,0x00,0x00,0x00,
    0x00,0x00,0x00,0x00,0x00,0x00,0x00,0x00,0x00,0x00,0x00,0x00,0x00,0x00,0x00,0x00,0x00,0x00,0x00,0x00,0x00,0x00,0x00,0x00,
    0x00,0x00,0x00,0x00,0x00,0x00,0x00,0x00,0x00,0x00,0x00,0x00,0x00,0x00,0x00,0x00,0x00,0x00,0x00,0x00,0x00,0x00,0x00,0x00,
    0x00,0x00,0x00,0x00,0x00,0x00,0x00,0x00,0x00,0x00,0x00,0x00,0x00,0x00,0x00,0x00,0x00,0x00,0x00,0x00,0x00,0x00,0x00,0x00,
    0x00,0x00,0x00,0x00,0x00,0x00,0x00,0x00,0x00,0x00,0x00,0x00,0x00,0x00,0x00,0x00,0x00,0x00,0x00,0x00,0x00,0x00,0x00,0x00,
    0x00,0x00,0x00,0x00,0x00,0x00,0x00,0x00,0x00,0x00,0x00,0x00,0x00,0x00,0x00,0x00,0x00,0x00,0x00,0x00,0x00,0x00,0x00,0x00,
    0x00,0x00,0x00,0x00,0x00,0x00,0x00,0x00,0x00,0x00,0x00,0x00,0x00,0x00,0x00,0x00,0x00,0x00,0x00,0x00,0x00,0x00,0x00,0x00,
    0x00,0x00,0x00,0x00,0x00,0x00,0x00,0x00,0x00,0x00,0x00,0x00,0xFF,0xFF,0x03,0x00,0x00,0x00,0xFF,0xFF,0x21,0xFF,0xFF,0xDE,
    0xFF,0xFF,0xFF,0xFF,0xFF,0xFC,0xFF,0xFF,0xFC,0xFF,0xFF,0xFF,0xFF,0xFF,0xFF,0xFF,0xFF,0xFF,0xFF,0xFF,0xFF,0xFF,0xFF,0xFF,
    0xFF,0xFF,0xFF,0xFF,0xFF,0xFF,0xFF,0xFF,0xFF,0xFF,0xFF,0xFF,0xFF,0xFF,0xFF,0xFF,0xFF,0xFF,0xFF,0xFF,0xFF,0xFF,0xFF,0xFF,
    0xFF,0xFF,0xFF,0xFF,0xFF,0xFF,0xFF,0xFF,0xFF,0xFF,0xFF,0xFF,0xFF,0xFF,0xFF,0xFF,0xFF,0xFF,0xFF,0xFF,0xFF,0xFF,0xFF,0xFF,
    0xFF,0xFF,0xFF,0xFF,0xFF,0xFF,0xFF,0xFF,0xFF,0xFF,0xFF,0xFF,0xFF,0xFF,0xFF,0xFF,0xFF,0xFF,0xFF,0xFF,0xFF,0xFF,0xFF,0xFF,
    0xFF,0xFF,0xFF,0xFF,0xFF,0xFF,0xFF,0xFF,0xFF,0xFF,0xFF,0xFF,0xFF,0xFF,0xFF,0xFF,0xFF,0xFF,0xFF,0xFF,0xFF,0xFF,0xFF,0xFF,
    0xFF,0xFF,0xFF,0xFF,0xFF,0xFF,0xFF,0xFF,0xFF,0xFF,0xFF,0xFF,0xFF,0xFF,0xFF,0xFF,0xFF,0xFF,0xFF,0xFF,0xFF,0xFF,0xFF,0xFF,
    0xFF,0xFF,0xFF,0xFF,0xFF,0xFF,0xFF,0xFF,0xFF,0xFF,0xFF,0xFF,0xFF,0xFF,0xFF,0xFF,0xFF,0xFF,0xFF,0xFF,0xFF,0xFF,0xFF,0xFF,
    0xFF,0xFF,0xFF,0xFF,0xFF,0xFF,0xFF,0xFF,0xFF,0xFF,0xFF,0xFF,0xFF,0xFF,0xFF,0xFF,0xFF,0xFF,0xFF,0xFF,0xFF,0xFF,0xFF,0xFF,
    0xFF,0xFF,0xFF,0xFF,0xFF,0xFF,0xFF,0xFF,0xFF,0xFF,0xFF,0xFF,0xFF,0xFF,0xFF,0xFF,0xFF,0xFF,0xFF,0xFF,0xFF,0xFF,0xFF,0xFF,
    0xFF,0xFF,0xFF,0xFF,0xFF,0xFF,0xFF,0xFF,0xFF,0xFF,0xFF,0xFF,0xFF,0xFF,0xFF,0xFF,0xFF,0xFF,0xFF,0xFF,0xFF,0xFF,0xFF,0xFF,
    0xFF,0xFF,0xFF,0xFF,0xFF,0xFF,0xFF,0xFF,0xFF,0xFF,0xFF,0xFF,0xFF,0xFF,0xFF,0xFF,0xFF,0xFF,0xFF,0xFF,0xFF,0xFF,0xFF,0xFF,
    0xFF,0xFF,0xFF,0xFF,0xFF,0xFF,0xFF,0xFF,0xFF,0xFF,0xFF,0xFF,0xFF,0xFF,0xFF,0xFF,0xFF,0xFF,0xFF,0xFF,0xFF,0xFF,0xFF,0xFF,
    0xFF,0xFF,0xFF,0xFF,0xFF,0xFF,0xFF,0xFF,0xFF,0xFF,0xFF,0xFD,0xFF,0xFF,0xFB,0xFF,0xFF,0xFF,0xFF,0xFF,0xFF,0xFF,0xFF,0x5C,
    0x00,0x00,0x00,0xFF,0xFF,0x05,0x00,0x00,0x00,0x00,0x00,0x00,0x00,0x00,0x00,0x00,0x00,0x00,0x00,0x00,0x00,0x00,0x00,0x00,
    0x00,0x00,0x00,0x00,0x00,0x00,0x00,0x00,0x00,0x00,0x00,0x00,0x00,0x00,0x00,0x00,0x00,0x00,0x00,0x00,0x00,0x00,0x00,0x00,
    0x00,0x00,0x00,0x00,0x00,0x00,0x00,0x00,0x00,0x00,0x00,0x00,0x00,0x00,0x00,0x00,0x00,0x00,0x00,0x00,0x00,0x00,0x00,0x00,
    0x00,0x00,0x00,0x00,0x00,0x00,0x00,0x00,0x00,0x00,0x00,0x00,0x00,0x00,0x00,0x00,0x00,0x00,0x00,0x00,0x00,0x00,0x00,0x00,
    0x00,0x00,0x00,0x00,0x00,0x00,0x00,0x00,0x00,0x00,0x00,0x00,0x00,0x00,0x00,0x00,0x00,0x00,0x00,0x00,0x00,0x00,0x00,0x00,
    0x00,0x00,0x00,0x00,0x00,0x00,0x00,0x00,0x00,0x00,0x00,0x00,0x00,0x00,0x00,0x00,0x00,0x00,0x00,0x00,0x00,0x00,0x00,0x00,
    0x00,0x00,0x00,0x00,0x00,0x00,0x00,0x00,0x00,0x00,0x00,0x00,0x00,0x00,0x00,0x00,0x00,0x00,0x00,0x00,0x00,0x00,0x00,0x00,
    0x00,0x00,0x00,0x00,0x00,0x00,0x00,0x00,0x00,0x00,0x00,0x00,0x00,0x00,0x00,0xFF,0xFF,0x02,0x00,0x00,0x00,0xFF,0xFF,0x21,
    0xFF,0xFF,0xDE,0xFF,0xFF,0xFF,0xFF,0xFF,0xFA,0xFF,0xFF,0xFF,0xFF,0xFF,0xFF,0xFF,0xFF,0xFF,0xFF,0xFF,0xFF,0xFF,0xFF,0xFF,
    0xFF,0xFF,0xFF,0xFF,0xFF,0xFE,0xFF,0xFF,0xFE,0xFF,0xFF,0xFE,0xFF,0xFF,0xFE,0xFF,0xFF,0xFE,0xFF,0xFF,0xFE,0xFF,0xFF,0xFE,
    0xFF,0xFF,0xFE,0xFF,0xFF,0xFE,0xFF,0xFF,0xFE,0xFF,0xFF,0xFE,0xFF,0xFF,0xFE,0xFF,0xFF,0xFE,0xFF,0xFF,0xFE,0xFF,0xFF,0xFE,
    0xFF,0xFF,0xFE,0xFF,0xFF,0xFE,0xFF,0xFF,0xFE,0xFF,0xFF,0xFE,0xFF,0xFF,0xFE,0xFF,0xFF,0xFE,0xFF,0xFF,0xFE,0xFF,0xFF,0xFE,
    0xFF,0xFF,0xFE,0xFF,0xFF,0xFE,0xFF,0xFF,0xFE,0xFF,0xFF,0xFE,0xFF,0xFF,0xFE,0xFF,0xFF,0xFE,0xFF,0xFF,0xFE,0xFF,0xFF,0xFE,
    0xFF,0xFF,0xFE,0xFF,0xFF,0xFE,0xFF,0xFF,0xFE,0xFF,0xFF,0xFE,0xFF,0xFF,0xFE,0xFF,0xFF,0xFE,0xFF,0xFF,0xFE,0xFF,0xFF,0xFE,
    0xFF,0xFF,0xFE,0xFF,0xFF,0xFE,0xFF,0xFF,0xFE,0xFF,0xFF,0xFE,0xFF,0xFF,0xFE,0xFF,0xFF,0xFE,0xFF,0xFF,0xFE,0xFF,0xFF,0xFE,
    0xFF,0xFF,0xFE,0xFF,0xFF,0xFE,0xFF,0xFF,0xFE,0xFF,0xFF,0xFE,0xFF,0xFF,0xFE,0xFF,0xFF,0xFE,0xFF,0xFF,0xFE,0xFF,0xFF,0xFE,
    0xFF,0xFF,0xFE,0xFF,0xFF,0xFE,0xFF,0xFF,0xFE,0xFF,0xFF,0xFE,0xFF,0xFF,0xFE,0xFF,0xFF,0xFE,0xFF,0xFF,0xFE,0xFF,0xFF,0xFE,
    0xFF,0xFF,0xFE,0xFF,0xFF,0xFE,0xFF,0xFF,0xFE,0xFF,0xFF,0xFE,0xFF,0xFF,0xFE,0xFF,0xFF,0xFE,0xFF,0xFF,0xFE,0xFF,0xFF,0xFE,
    0xFF,0xFF,0xFE,0xFF,0xFF,0xFE,0xFF,0xFF,0xFE,0xFF,0xFF,0xFE,0xFF,0xFF,0xFE,0xFF,0xFF,0xFE,0xFF,0xFF,0xFE,0xFF,0xFF,0xFE,
    0xFF,0xFF,0xFE,0xFF,0xFF,0xFE,0xFF,0xFF,0xFE,0xFF,0xFF,0xFE,0xFF,0xFF,0xFE,0xFF,0xFF,0xFE,0xFF,0xFF,0xFE,0xFF,0xFF,0xFE,
    0xFF,0xFF,0xFE,0xFF,0xFF,0xFE,0xFF,0xFF,0xFF,0xFF,0xFF,0xFF,0xFF,0xFF,0xFF,0xFF,0xFF,0xFF,0xFF,0xFF,0xFF,0xFF,0xFF,0xFC,
    0xFF,0xFF,0xFC,0xFF,0xFF,0xFF,0xFF,0xFF,0x5C,0x00,0x00,0x00,0xFF,0xFF,0x04,0x00,0x00,0x00,0x00,0x00,0x00,0x00,0x00,0x00,
    0x00,0x00,0x00,0x00,0x00,0x00,0x00,0x00,0x00,0x00,0x00,0x00,0x00,0x00,0x00,0x00,0x00,0x00,0x00,0x00,0x00,0x00,0x00,0x00,
    0x00,0x00,0x00,0x00,0x00,0x00,0x00,0x00,0x00,0x00,0x00,0x00,0x00,0x00,0x00,0x00,0x00,0x00,0x00,0x00,0x00,0x00,0x00,0x00,
    0x00,0x00,0x00,0x00,0x00,0x00,0x00,0x00,0x00,0x00,0x00,0x00,0x00,0x00,0x00,0x00,0x00,0x00,0x00,0x00,0x00,0x00,0x00,0x00,
    0x00,0x00,0x00,0x00,0x00,0x00,0x00,0x00,0x00,0x00,0x00,0x00,0x00,0x00,0x00,0x00,0x00,0x00,0x00,0x00,0x00,0x00,0x00,0x00,
    0x00,0x00,0x00,0x00,0x00,0x00,0x00,0x00,0x00,0x00,0x00,0x00,0x00,0x00,0x00,0x00,0x00,0x00,0x00,0x00,0x00,0x00,0x00,0x00,
    0x00,0x00,0x00,0x00,0x00,0x00,0x00,0x00,0x00,0x00,0x00,0x00,0x00,0x00,0x00,0x00,0x00,0x00,0x00,0x00,0x00,0x00,0x00,0x00,
    0x00,0x00,0x00,0x00,0x00,0x00,0x00,0x00,0x00,0x00,0x00,0x00,0x00,0x00,0x00,0x00,0x00,0x00,0xFF,0xFF,0x02,0xFF,0xFF,0x02,
    0xFF,0xFF,0x17,0xFF,0xFF,0xDE,0xFF,0xFF,0xFF,0xFF,0xFF,0xFB,0xFF,0xFF,0xFF,0xFF,0xFF,0xFF,0xFF,0xFF,0xFF,0xFF,0xFF,0xFF,
    0xFF,0xFF,0xFE,0xFF,0xFF,0xFB,0xFF,0xFF,0xFE,0xFF,0xFF,0xFF,0xFF,0xFF,0xFF,0xFF,0xFF,0xFF,0xFF,0xFF,0xFF,0xFF,0xFF,0xFF,
    0xFF,0xFF,0xFF,0xFF,0xFF,0xFF,0xFF,0xFF,0xFF,0xFF,0xFF,0xFF,0xFF,0xFF,0xFF,0xFF,0xFF,0xFF,0xFF,0xFF,0xFF,0xFF,0xFF,0xFF,
    0xFF,0xFF,0xFF,0xFF,0xFF,0xFF,0xFF,0xFF,0xFF,0xFF,0xFF,0xFF,0xFF,0xFF,0xFF,0xFF,0xFF,0xFF,0xFF,0xFF,0xFF,0xFF,0xFF,0xFF,
    0xFF,0xFF,0xFF,0xFF,0xFF,0xFF,0xFF,0xFF,0xFF,0xFF,0xFF,0xFF,0xFF,0xFF,0xFF,0xFF,0xFF,0xFF,0xFF,0xFF,0xFF,0xFF,0xFF,0xFF,
    0xFF,0xFF,0xFF,0xFF,0xFF,0xFF,0xFF,0xFF,0xFF,0xFF,0xFF,0xFF,0xFF,0xFF,0xFF,0xFF,0xFF,0xFF,0xFF,0xFF,0xFF,0xFF,0xFF,0xFF,
    0xFF,0xFF,0xFF,0xFF,0xFF,0xFF,0xFF,0xFF,0xFF,0xFF,0xFF,0xFF,0xFF,0xFF,0xFF,0xFF,0xFF,0xFF,0xFF,0xFF,0xFF,0xFF,0xFF,0xFF,
    0xFF,0xFF,0xFF,0xFF,0xFF,0xFF,0xFF,0xFF,0xFF,0xFF,0xFF,0xFF,0xFF,0xFF,0xFF,0xFF,0xFF,0xFF,0xFF,0xFF,0xFF,0xFF,0xFF,0xFF,
    0xFF,0xFF,0xFF,0xFF,0xFF,0xFF,0xFF,0xFF,0xFF,0xFF,0xFF,0xFF,0xFF,0xFF,0xFF,0xFF,0xFF,0xFF,0xFF,0xFF,0xFF,0xFF,0xFF,0xFF,
    0xFF,0xFF,0xFF,0xFF,0xFF,0xFF,0xFF,0xFF,0xFF,0xFF,0xFF,0xFF,0xFF,0xFF,0xFF,0xFF,0xFF,0xFF,0xFF,0xFF,0xFF,0xFF,0xFF,0xFF,
    0xFF,0xFF,0xFF,0xFF,0xFF,0xFF,0xFF,0xFF,0xFF,0xFF,0xFF,0xFF,0xFF,0xFF,0xFF,0xFF,0xFF,0xFF,0xFF,0xFF,0xFF,0xFF,0xFF,0xFF,
    0xFF,0xFF,0xFF,0xFF,0xFF,0xFF,0xFF,0xFF,0xFF,0xFF,0xFF,0xFF,0xFF,0xFF,0xFF,0xFF,0xFF,0xFF,0xFF,0xFF,0xFF,0xFF,0xFF,0xFF,
    0xFF,0xFF,0xFF,0xFF,0xFF,0xFF,0xFF,0xFF,0xFF,0xFF,0xFF,0xFF,0xFF,0xFF,0xFB,0xFF,0xFF,0xFC,0xFF,0xFF,0xFF,0xFF,0xFF,0xFF,
    0xFF,0xFF,0xFF,0xFF,0xFF,0xFF,0xFF,0xFF,0xFE,0xFF,0xFF,0xFC,0xFF,0xFF,0xFF,0xFF,0xFF,0x54,0x00,0x00,0x00,0xFF,0xFF,0x03,
    0x00,0x00,0x00,0x00,0x00,0x00,0x00,0x00,0x00,0x00,0x00,0x00,0x00,0x00,0x00,0x00,0x00,0x00,0x00,0x00,0x00,0x00,0x00,0x00,
    0x00,0x00,0x00,0x00,0x00,0x00,0x00,0x00,0x00,0x00,0x00,0x00,0x00,0x00,0x00,0x00,0x00,0x00,0x00,0x00,0x00,0x00,0x00,0x00,
    0x00,0x00,0x00,0x00,0x00,0x00,0x00,0x00,0x00,0x00,0x00,0x00,0x00,0x00,0x00,0x00,0x00,0x00,0x00,0x00,0x00,0x00,0x00,0x00,
    0x00,0x00,0x00,0x00,0x00,0x00,0x00,0x00,0x00,0x00,0x00,0x00,0x00,0x00,0x00,0x00,0x00,0x00,0x00,0x00,0x00,0x00,0x00,0x00,
    0x00,0x00,0x00,0x00,0x00,0x00,0x00,0x00,0x00,0x00,0x00,0x00,0x00,0x00,0x00,0x00,0x00,0x00,0x00,0x00,0x00,0x00,0x00,0x00,
    0x00,0x00,0x00,0x00,0x00,0x00,0x00,0x00,0x00,0x00,0x00,0x00,0x00,0x00,0x00,0x00,0x00,0x00,0x00,0x00,0x00,0x00,0x00,0x00,
    0x00,0x00,0x00,0x00,0x00,0x00,0x00,0x00,0x00,0x00,0x00,0x00,0x00,0x00,0x00,0x00,0x00,0x00,0x00,0x00,0x00,0x00,0x00,0x00,
    0xFF,0xFF,0x03,0x00,0x00,0x00,0xFF,0xFF,0xA9,0xFF,0xFF,0xFF,0xFF,0xFF,0xFA,0xFF,0xFF,0xFF,0xFF,0xFF,0xFF,0xFF,0xFF,0xFF,
    0xFF,0xFF,0xFF,0xFF,0xFF,0xFC,0xFF,0xFF,0xFF,0xFF,0xFF,0xFF,0xFF,0xFF,0xFF,0xFF,0xFF,0xEF,0xFF,0xFF,0xF0,0xFF,0xFF,0xEF,
    0xFF,0xFF,0xEF,0xFF,0xFF,0xEF,0xFF,0xFF,0xEF,0xFF,0xFF,0xEF,0xFF,0xFF,0xEF,0xFF,0xFF,0xEF,0xFF,0xFF,0xEF,0xFF,0xFF,0xEF,
    0xFF,0xFF,0xEF,0xFF,0xFF,0xEF,0xFF,0xFF,0xEF,0xFF,0xFF,0xEF,0xFF,0xFF,0xEF,0xFF,0xFF,0xEF,0xFF,0xFF,0xEF,0xFF,0xFF,0xEF,
    0xFF,0xFF,0xEF,0xFF,0xFF,0xEF,0xFF,0xFF,0xEF,0xFF,0xFF,0xEF,0xFF,0xFF,0xEF,0xFF,0xFF,0xEF,0xFF,0xFF,0xEF,0xFF,0xFF,0xEF,
    0xFF,0xFF,0xEF,0xFF,0xFF,0xEF,0xFF,0xFF,0xEF,0xFF,0xFF,0xEF,0xFF,0xFF,0xEF,0xFF,0xFF,0xEF,0xFF,0xFF,0xEF,0xFF,0xFF,0xEF,
    0xFF,0xFF,0xEF,0xFF,0xFF,0xEF,0xFF,0xFF,0xEF,0xFF,0xFF,0xEF,0xFF,0xFF,0xEF,0xFF,0xFF,0xEF,0xFF,0xFF,0xEF,0xFF,0xFF,0xEF,
    0xFF,0xFF,0xEF,0xFF,0xFF,0xEF,0xFF,0xFF,0xEF,0xFF,0xFF,0xEF,0xFF,0xFF,0xEF,0xFF,0xFF,0xEF,0xFF,0xFF,0xEF,0xFF,0xFF,0xEF,
    0xFF,0xFF,0xEF,0xFF,0xFF,0xEF,0xFF,0xFF,0xEF,0xFF,0xFF,0xEF,0xFF,0xFF,0xEF,0xFF,0xFF,0xEF,0xFF,0xFF,0xEF,0xFF,0xFF,0xEF,
    0xFF,0xFF,0xEF,0xFF,0xFF,0xEF,0xFF,0xFF,0xEF,0xFF,0xFF,0xEF,0xFF,0xFF,0xEF,0xFF,0xFF,0xEF,0xFF,0xFF,0xEF,0xFF,0xFF,0xEF,
    0xFF,0xFF,0xEF,0xFF,0xFF,0xEF,0xFF,0xFF,0xEF,0xFF,0xFF,0xEF,0xFF,0xFF,0xEF,0xFF,0xFF,0xEF,0xFF,0xFF,0xEF,0xFF,0xFF,0xEF,
    0xFF,0xFF,0xEF,0xFF,0xFF,0xEF,0xFF,0xFF,0xEF,0xFF,0xFF,0xEF,0xFF,0xFF,0xEF,0xFF,0xFF,0xEF,0xFF,0xFF,0xEF,0xFF,0xFF,0xEF,
    0xFF,0xFF,0xEF,0xFF,0xFF,0xEF,0xFF,0xFF,0xEF,0xFF,0xFF,0xF0,0xFF,0xFF,0xEF,0xFF,0xFF,0xFA,0xFF,0xFF,0xFF,0xFF,0xFF,0xFF,
    0xFF,0xFF,0xFC,0xFF,0xFF,0xFF,0xFF,0xFF,0xFF,0xFF,0xFF,0xFF,0xFF,0xFF,0xFF,0xFF,0xFF,0xFD,0xFF,0xFF,0xFE,0xFF,0xFF,0xE8,
    0xFF,0xFF,0x1B,0xFF,0xFF,0x02,0xFF,0xFF,0x02,0x00,0x00,0x00,0x00,0x00,0x00,0x00,0x00,0x00,0x00,0x00,0x00,0x00,0x00,0x00,
    0x00,0x00,0x00,0x00,0x00,0x00,0x00,0x00,0x00,0x00,0x00,0x00,0x00,0x00,0x00,0x00,0x00,0x00,0x00,0x00,0x00,0x00,0x00,0x00,
    0x00,0x00,0x00,0x00,0x00,0x00,0x00,0x00,0x00,0x00,0x00,0x00,0x00,0x00,0x00,0x00,0x00,0x00,0x00,0x00,0x00,0x00,0x00,0x00,
    0x00,0x00,0x00,0x00,0x00,0x00,0x00,0x00,0x00,0x00,0x00,0x00,0x00,0x00,0x00,0x00,0x00,0x00,0x00,0x00,0x00,0x00,0x00,0x00,
    0x00,0x00,0x00,0x00,0x00,0x00,0x00,0x00,0x00,0x00,0x00,0x00,0x00,0x00,0x00,0x00,0x00,0x00,0x00,0x00,0x00,0x00,0x00,0x00,
    0x00,0x00,0x00,0x00,0x00,0x00,0x00,0x00,0x00,0x00,0x00,0x00,0x00,0x00,0x00,0x00,0x00,0x00,0x00,0x00,0x00,0x00,0x00,0x00,
    0x00,0x00,0x00,0x00,0x00,0x00,0x00,0x00,0x00,0x00,0x00,0x00,0x00,0x00,0x00,0x00,0x00,0x00,0x00,0x00,0x00,0x00,0x00,0x00,
    0x00,0x00,0x00,0xFF,0xFF,0x03,0x00,0x00,0x00,0xFF,0xFF,0x40,0xFF,0xFF,0xFF,0xFF,0xFF,0xFB,0xFF,0xFF,0xFF,0xFF,0xFF,0xFF,
    0xFF,0xFF,0xFF,0xFF,0xFF,0xFF,0xFF,0xFF,0xFB,0xFF,0xFF,0xFF,0xFF,0xFF,0xE2,0xFF,0xFF,0x8D,0xFF,0xFF,0x3F,0xFF,0xFF,0x11,
    0xFF,0xFF,0x11,0xFF,0xFF,0x10,0xFF,0xFF,0x10,0xFF,0xFF,0x10,0xFF,0xFF,0x10,0xFF,0xFF,0x10,0xFF,0xFF,0x10,0xFF,0xFF,0x10,
    0xFF,0xFF,0x10,0xFF,0xFF,0x10,0xFF,0xFF,0x10,0xFF,0xFF,0x10,0xFF,0xFF,0x10,0xFF,0xFF,0x10,0xFF,0xFF,0x10,0xFF,0xFF,0x10,
    0xFF,0xFF,0x10,0xFF,0xFF,0x10,0xFF,0xFF,0x10,0xFF,0xFF,0x10,0xFF,0xFF,0x10,0xFF,0xFF,0x10,0xFF,0xFF,0x10,0xFF,0xFF,0x10,
    0xFF,0xFF,0x10,0xFF,0xFF,0x10,0xFF,0xFF,0x10,0xFF,0xFF,0x10,0xFF,0xFF,0x10,0xFF,0xFF,0x10,0xFF,0xFF,0x10,0xFF,0xFF,0x10,
    0xFF,0xFF,0x10,0xFF,0xFF,0x10,0xFF,0xFF,0x10,0xFF,0xFF,0x10,0xFF,0xFF,0x10,0xFF,0xFF,0x10,0xFF,0xFF,0x10,0xFF,0xFF,0x10,
    0xFF,0xFF,0x10,0xFF,0xFF,0x10,0xFF,0xFF,0x10,0xFF,0xFF,0x10,0xFF,0xFF,0x10,0xFF,0xFF,0x10,0xFF,0xFF,0x10,0xFF,0xFF,0x10,
    0xFF,0xFF,0x10,0xFF,0xFF,0x10,0xFF,0xFF,0x10,0xFF,0xFF,0x10,0xFF,0xFF,0x10,0xFF,0xFF,0x10,0xFF,0xFF,0x10,0xFF,0xFF,0x10,
    0xFF,0xFF,0x10,0xFF,0xFF,0x10,0xFF,0xFF,0x10,0xFF,0xFF,0x10,0xFF,0xFF,0x10,0xFF,0xFF,0x10,0xFF,0xFF,0x10,0xFF,0xFF,0x10,
    0xFF,0xFF,0x10,0xFF,0xFF,0x10,0xFF,0xFF,0x10,0xFF,0xFF,0x10,0xFF,0xFF,0x10,0xFF,0xFF,0x10,0xFF,0xFF,0x10,0xFF,0xFF,0x10,
    0xFF,0xFF,0x10,0xFF,0xFF,0x10,0xFF,0xFF,0x10,0xFF,0xFF,0x10,0xFF,0xFF,0x10,0xFF,0xFF,0x10,0xFF,0xFF,0x10,0xFF,0xFF,0x10,
    0xFF,0xFF,0x10,0xFF,0xFF,0x10,0xFF,0xFF,0x10,0xFF,0xFF,0x10,0xFF,0xFF,0x10,0xFF,0xFF,0x11,0xFF,0xFF,0x11,0xFF,0xFF,0x28,
    0xFF,0xFF,0x71,0xFF,0xFF,0xC2,0xFF,0xFF,0xFF,0xFF,0xFF,0xFE,0xFF,0xFF,0xFF,0xFF,0xFF,0xFF,0xFF,0xFF,0xFF,0xFF,0xFF,0xFF,
    0xFF,0xFF,0xFA,0xFF,0xFF,0xFF,0xFF,0xFF,0x97,0x00,0x00,0x00,0xFF,0xFF,0x04,0x00,0x00,0x00,0x00,0x00,0x00,0x00,0x00,0x00,
    0x00,0x00,0x00,0x00,0x00,0x00,0x00,0x00,0x00,0x00,0x00,0x00,0x00,0x00,0x00,0x00,0x00,0x00,0x00,0x00,0x00,0x00,0x00,0x00,
    0x00,0x00,0x00,0x00,0x00,0x00,0x00,0x00,0x00,0x00,0x00,0x00,0x00,0x00,0x00,0x00,0x00,0x00,0x00,0x00,0x00,0x00,0x00,0x00,
    0x00,0x00,0x00,0x00,0x00,0x00,0x00,0x00,0x00,0x00,0x00,0x00,0x00,0x00,0x00,0x00,0x00,0x00,0x00,0x00,0x00,0x00,0x00,0x00,
    0x00,0x00,0x00,0x00,0x00,0x00,0x00,0x00,0x00,0x00,0x00,0x00,0x00,0x00,0x00,0x00,0x00,0x00,0x00,0x00,0x00,0x00,0x00,0x00,
    0x00,0x00,0x00,0x00,0x00,0x00,0x00,0x00,0x00,0x00,0x00,0x00,0x00,0x00,0x00,0x00,0x00,0x00,0x00,0x00,0x00,0x00,0x00,0x00,
    0x00,0x00,0x00,0x00,0x00,0x00,0x00,0x00,0x00,0x00,0x00,0x00,0x00,0x00,0x00,0x00,0x00,0x00,0x00,0x00,0x00,0x00,0x00,0x00,
    0x00,0x00,0x00,0x00,0x00,0x00,0x00,0x00,0x00,0xFF,0xFF,0x03,0xFF,0xFF,0x02,0xFF,0xFF,0xBF,0xFF,0xFF,0xFE,0xFF,0xFF,0xFC,
    0xFF,0xFF,0xFF,0xFF,0xFF,0xFF,0xFF,0xFF,0xFF,0xFF,0xFF,0xFB,0xFF,0xFF,0xFF,0xFF,0xFF,0xA7,0xFF,0xFF,0x1C,0x00,0x00,0x00,
    0x00,0x00,0x00,0x00,0x00,0x00,0x00,0x00,0x00,0x00,0x00,0x00,0x00,0x00,0x00,0x00,0x00,0x00,0x00,0x00,0x00,0x00,0x00,0x00,
    0x00,0x00,0x00,0x00,0x00,0x00,0x00,0x00,0x00,0x00,0x00,0x00,0x00,0x00,0x00,0x00,0x00,0x00,0x00,0x00,0x00,0x00,0x00,0x00,
    0x00,0x00,0x00,0x00,0x00,0x00,0x00,0x00,0x00,0x00,0x00,0x00,0x00,0x00,0x00,0x00,0x00,0x00,0x00,0x00,0x00,0x00,0x00,0x00,
    0x00,0x00,0x00,0x00,0x00,0x00,0x00,0x00,0x00,0x00,0x00,0x00,0x00,0x00,0x00,0x00,0x00,0x00,0x00,0x00,0x00,0x00,0x00,0x00,
    0x00,0x00,0x00,0x00,0x00,0x00,0x00,0x00,0x00,0x00,0x00,0x00,0x00,0x00,0x00,0x00,0x00,0x00,0x00,0x00,0x00,0x00,0x00,0x00,
    0x00,0x00,0x00,0x00,0x00,0x00,0x00,0x00,0x00,0x00,0x00,0x00,0x00,0x00,0x00,0x00,0x00,0x00,0x00,0x00,0x00,0x00,0x00,0x00,
    0x00,0x00,0x00,0x00,0x00,0x00,0x00,0x00,0x00,0x00,0x00,0x00,0x00,0x00,0x00,0x00,0x00,0x00,0x00,0x00,0x00,0x00,0x00,0x00,
    0x00,0x00,0x00,0x00,0x00,0x00,0x00,0x00,0x00,0x00,0x00,0x00,0x00,0x00,0x00,0x00,0x00,0x00,0x00,0x00,0x00,0x00,0x00,0x00,
    0x00,0x00,0x00,0x00,0x00,0x00,0x00,0x00,0x00,0x00,0x00,0x00,0x00,0x00,0x00,0x00,0x00,0x00,0x00,0x00,0x00,0x00,0x00,0x00,
    0x00,0x00,0x00,0x00,0x00,0x00,0x00,0x00,0x00,0x00,0x00,0x00,0x00,0x00,0x00,0x00,0x00,0x00,0x00,0x00,0x00,0x00,0x00,0x00,
    0x00,0x00,0x00,0x00,0x00,0x00,0x00,0x00,0x00,0x00,0x00,0x00,0x00,0x00,0x00,0x00,0x00,0x00,0x00,0x00,0x00,0x00,0x00,0x00,
    0x00,0x00,0x00,0x00,0x00,0x00,0x00,0x00,0x00,0x00,0x00,0x00,0xFF,0xFF,0x71,0xFF,0xFF,0xFF,0xFF,0xFF,0xFC,0xFF,0xFF,0xFE,
    0xFF,0xFF,0xFF,0xFF,0xFF,0xFF,0xFF,0xFF,0xFE,0xFF,0xFF,0xFC,0xFF,0xFF,0xF4,0xFF,0xFF,0x21,0x00,0x00,0x00,0xFF,0xFF,0x02,
    0x00,0x00,0x00,0x00,0x00,0x00,0x00,0x00,0x00,0x00,0x00,0x00,0x00,0x00,0x00,0x00,0x00,0x00,0x00,0x00,0x00,0x00,0x00,0x00,
    0x00,0x00,0x00,0x00,0x00,0x00,0x00,0x00,0x00,0x00,0x00,0x00,0x00,0x00,0x00,0x00,0x00,0x00,0x00,0x00,0x00,0x00,0x00,0x00,
    0x00,0x00,0x00,0x00,0x00,0x00,0x00,0x00,0x00,0x00,0x00,0x00,0x00,0x00,0x00,0x00,0x00,0x00,0x00,0x00,0x00,0x00,0x00,0x00,
    0x00,0x00,0x00,0x00,0x00,0x00,0x00,0x00,0x00,0x00,0x00,0x00,0x00,0x00,0x00,0x00,0x00,0x00,0x00,0x00,0x00,0x00,0x00,0x00,
    0x00,0x00,0x00,0x00,0x00,0x00,0x00,0x00,0x00,0x00,0x00,0x00,0x00,0x00,0x00,0x00,0x00,0x00,0x00,0x00,0x00,0x00,0x00,0x00,
    0x00,0x00,0x00,0x00,0x00,0x00,0x00,0x00,0x00,0x00,0x00,0x00,0x00,0x00,0x00,0x00,0x00,0x00,0x00,0x00,0x00,0x00,0x00,0x00,
    0x00,0x00,0x00,0x00,0x00,0x00,0x00,0x00,0x00,0x00,0x00,0x00,0xFF,0xFF,0x03,0x00,0x00,0x00,0xFF,0xFF,0x3A,0xFF,0xFF,0xFF,
    0xFF,0xFF,0xFC,0xFF,0xFF,0xFF,0xFF,0xFF,0xFF,0xFF,0xFF,0xFF,0xFF,0xFF,0xFC,0xFF,0xFF,0xFF,0xFF,0xFF,0xAC,0x00,0x00,0x00,
    0x00,0x00,0x00,0xFF,0xFF,0x05,0xFF,0xFF,0x03,0xFF,0xFF,0x01,0xFF,0xFF,0x01,0xFF,0xFF,0x01,0xFF,0xFF,0x01,0xFF,0xFF,0x05,
    0xFF,0xFF,0x02,0x00,0x00,0x00,0x00,0x00,0x00,0x00,0x00,0x00,0xFF,0xFF,0x05,0xFF,0xFF,0x03,0xFF,0xFF,0x01,0xFF,0xFF,0x01,
    0xFF,0xFF,0x01,0xFF,0xFF,0x01,0xFF,0xFF,0x01,0xFF,0xFF,0x01,0xFF,0xFF,0x01,0xFF,0xFF,0x01,0xFF,0xFF,0x01,0xFF,0xFF,0x01,
    0xFF,0xFF,0x01,0xFF,0xFF,0x01,0xFF,0xFF,0x01,0xFF,0xFF,0x01,0xFF,0xFF,0x01,0xFF,0xFF,0x01,0xFF,0xFF,0x01,0xFF,0xFF,0x01,
    0xFF,0xFF,0x01,0xFF,0xFF,0x01,0xFF,0xFF,0x01,0xFF,0xFF,0x01,0xFF,0xFF,0x01,0xFF,0xFF,0x01,0xFF,0xFF,0x01,0xFF,0xFF,0x01,
    0xFF,0xFF,0x01,0xFF,0xFF,0x01,0xFF,0xFF,0x01,0xFF,0xFF,0x05,0xFF,0xFF,0x02,0x00,0x00,0x00,0x00,0x00,0x00,0x00,0x00,0x00,
    0xFF,0xFF,0x05,0xFF,0xFF,0x03,0xFF,0xFF,0x01,0xFF,0xFF,0x01,0xFF,0xFF,0x01,0xFF,0xFF,0x01,0xFF,0xFF,0x01,0xFF,0xFF,0x01,
    0xFF,0xFF,0x01,0xFF,0xFF,0x01,0xFF,0xFF,0x01,0xFF,0xFF,0x01,0xFF,0xFF,0x01,0xFF,0xFF,0x01,0xFF,0xFF,0x01,0xFF,0xFF,0x01,
    0xFF,0xFF,0x01,0xFF,0xFF,0x01,0xFF,0xFF,0x01,0xFF,0xFF,0x01,0xFF,0xFF,0x01,0xFF,0xFF,0x01,0xFF,0xFF,0x01,0xFF,0xFF,0x01,
    0xFF,0xFF,0x01,0xFF,0xFF,0x01,0xFF,0xFF,0x01,0xFF,0xFF,0x01,0xFF,0xFF,0x01,0xFF,0xFF,0x01,0xFF,0xFF,0x01,0xFF,0xFF,0x05,
    0xFF,0xFF,0x02,0x00,0x00,0x00,0x00,0x00,0x00,0x00,0x00,0x00,0xFF,0xFF,0x05,0xFF,0xFF,0x03,0xFF,0xFF,0x01,0xFF,0xFF,0x01,
    0xFF,0xFF,0x01,0xFF,0xFF,0x01,0xFF,0xFF,0x01,0xFF,0xFF,0x02,0xFF,0xFF,0x04,0xFF,0xFF,0x03,0x00,0x00,0x00,0xFF,0xFF,0x5F,
    0xFF,0xFF,0xFF,0xFF,0xFF,0xFC,0xFF,0xFF,0xFF,0xFF,0xFF,0xFF,0xFF,0xFF,0xFF,0xFF,0xFF,0xFB,0xFF,0xFF,0xFF,0xFF,0xFF,0x8E,
    0x00,0x00,0x00,0xFF,0xFF,0x04,0x00,0x00,0x00,0x00,0x00,0x00,0x00,0x00,0x00,0x00,0x00,0x00,0x00,0x00,0x00,0x00,0x00,0x00,
    0x00,0x00,0x00,0x00,0x00,0x00,0x00,0x00,0x00,0x00,0x00,0x00,0x00,0x00,0x00,0x00,0x00,0x00,0x00,0x00,0x00,0x00,0x00,0x00,
    0x00,0x00,0x00,0x00,0x00,0x00,0x00,0x00,0x00,0x00,0x00,0x00,0x00,0x00,0x00,0x00,0x00,0x00,0x00,0x00,0x00,0x00,0x00,0x00,
    0x00,0x00,0x00,0x00,0x00,0x00,0x00,0x00,0x00,0x00,0x00,0x00,0x00,0x00,0x00,0x00,0x00,0x00,0x00,0x00,0x00,0x00,0x00,0x00,
    0x00,0x00,0x00,0x00,0x00,0x00,0x00,0x00,0x00,0x00,0x00,0x00,0x00,0x00,0x00,0x00,0x00,0x00,0x00,0x00,0x00,0x00,0x00,0x00,
    0x00,0x00,0x00,0x00,0x00,0x00,0x00,0x00,0x00,0x00,0x00,0x00,0x00,0x00,0x00,0x00,0x00,0x00,0x00,0x00,0x00,0x00,0x00,0x00,
    0x00,0x00,0x00,0x00,0x00,0x00,0x00,0x00,0x00,0x00,0x00,0x00,0x00,0x00,0x00,0x00,0x00,0x00,0xFF,0xFF,0x04,0x00,0x00,0x00,
    0xFF,0xFF,0x91,0xFF,0xFF,0xFF,0xFF,0xFF,0xFB,0xFF,0xFF,0xFF,0xFF,0xFF,0xFF,0xFF,0xFF,0xFD,0xFF,0xFF,0xFD,0xFF,0xFF,0xE2,
    0xFF,0xFF,0x17,0xFF,0xFF,0x02,0xFF,0xFF,0x04,0x00,0x00,0x00,0x00,0x00,0x00,0x00,0x00,0x00,0x00,0x00,0x00,0xFF,0xFF,0x01,
    0xFF,0xFF,0x01,0x00,0x00,0x00,0x00,0x00,0x00,0xFF,0xFF,0x10,0xFF,0xFF,0x10,0xFF,0xFF,0x05,0x00,0x00,0x00,0x00,0x00,0x00,
    0xFF,0xFF,0x02,0x00,0x00,0x00,0x00,0x00,0x00,0x00,0x00,0x00,0x00,0x00,0x00,0x00,0x00,0x00,0x00,0x00,0x00,0x00,0x00,0x00,
    0x00,0x00,0x00,0x00,0x00,0x00,0x00,0x00,0x00,0x00,0x00,0x00,0x00,0x00,0x00,0x00,0x00,0x00,0x00,0x00,0x00,0x00,0x00,0x00,
    0x00,0x00,0x00,0x00,0x00,0x00,0x00,0x00,0x00,0x00,0x00,0x00,0x00,0x00,0x00,0x00,0x00,0x00,0x00,0x00,0x00,0x00,0x00,0x00,
    0x00,0x00,0x00,0x00,0x00,0x00,0x00,0x00,0x00,0xFF,0xFF,0x01,0xFF,0xFF,0x01,0x00,0x00,0x00,0x00,0x00,0x00,0xFF,0xFF,0x10,
    0xFF,0xFF,0x10,0xFF,0xFF,0x05,0x00,0x00,0x00,0x00,0x00,0x00,0xFF,0xFF,0x02,0x00,0x00,0x00,0x00,0x00,0x00,0x00,0x00,0x00,
    0x00,0x00,0x00,0x00,0x00,0x00,0x00,0x00,0x00,0x00,0x00,0x00,0x00,0x00,0x00,0x00,0x00,0x00,0x00,0x00,0x00,0x00,0x00,0x00,
    0x00,0x00,0x00,0x00,0x00,0x00,0x00,0x00,0x00,0x00,0x00,0x00,0x00,0x00,0x00,0x00,0x00,0x00,0x00,0x00,0x00,0x00,0x00,0x00,
    0x00,0x00,0x00,0x00,0x00,0x00,0x00,0x00,0x00,0x00,0x00,0x00,0x00,0x00,0x00,0x00,0x00,0x00,0x00,0x00,0x00,0xFF,0xFF,0x01,
    0xFF,0xFF,0x01,0x00,0x00,0x00,0x00,0x00,0x00,0xFF,0xFF,0x10,0xFF,0xFF,0x10,0xFF,0xFF,0x05,0x00,0x00,0x00,0x00,0x00,0x00,
    0xFF,0xFF,0x02,0x00,0x00,0x00,0x00,0x00,0x00,0x00,0x00,0x00,0x00,0x00,0x00,0x00,0x00,0x00,0x00,0x00,0x00,0xFF,0xFF,0x01,
    0xFF,0xFF,0x06,0x00,0x00,0x00,0xFF,0xFF,0xA8,0xFF,0xFF,0xFF,0xFF,0xFF,0xFC,0xFF,0xFF,0xFF,0xFF,0xFF,0xFF,0xFF,0xFF,0xFD,
    0xFF,0xFF,0xFF,0xFF,0xFF,0xDC,0xFF,0xFF,0x0A,0xFF,0xFF,0x01,0xFF,0xFF,0x01,0x00,0x00,0x00,0x00,0x00,0x00,0x00,0x00,0x00,
    0x00,0x00,0x00,0x00,0x00,0x00,0x00,0x00,0x00,0x00,0x00,0x00,0x00,0x00,0x00,0x00,0x00,0x00,0x00,0x00,0x00,0x00,0x00,0x00,
    0x00,0x00,0x00,0x00,0x00,0x00,0x00,0x00,0x00,0x00,0x00,0x00,0x00,0x00,0x00,0x00,0x00,0x00,0x00,0x00,0x00,0x00,0x00,0x00,
    0x00,0x00,0x00,0x00,0x00,0x00,0x00,0x00,0x00,0x00,0x00,0x00,0x00,0x00,0x00,0x00,0x00,0x00,0x00,0x00,0x00,0x00,0x00,0x00,
    0x00,0x00,0x00,0x00,0x00,0x00,0x00,0x00,0x00,0x00,0x00,0x00,0x00,0x00,0x00,0x00,0x00,0x00,0x00,0x00,0x00,0x00,0x00,0x00,
    0x00,0x00,0x00,0x00,0x00,0x00,0x00,0x00,0x00,0x00,0x00,0x00,0x00,0x00,0x00,0x00,0x00,0x00,0x00,0x00,0x00,0x00,0x00,0x00,
    0x00,0x00,0x00,0x00,0x00,0x00,0x00,0x00,0x00,0x00,0x00,0x00,0x00,0x00,0x00,0x00,0x00,0x00,0x00,0x00,0x00,0x00,0x00,0x00,
    0xFF,0xFF,0x04,0xFF,0xFF,0x01,0xFF,0xFF,0xB3,0xFF,0xFF,0xFF,0xFF,0xFF,0xFB,0xFF,0xFF,0xFF,0xFF,0xFF,0xFF,0xFF,0xFF,0xFA,
    0xFF,0xFF,0xFF,0xFF,0xFF,0x8D,0x00,0x00,0x00,0xFF,0xFF,0x05,0x00,0x00,0x00,0x00,0x00,0x00,0x00,0x00,0x00,0x00,0x00,0x00,
    0xFF,0xFF,0x01,0xFF,0xFF,0x01,0x00,0x00,0x00,0xFF,0xFF,0x6D,0xFF,0xFF,0xC1,0xFF,0xFF,0xEE,0xFF,0xFF,0xEE,0xFF,0xFF,0xD7,
    0xFF,0xFF,0x8E,0xFF,0xFF,0x1D,0x00,0x00,0x00,0xFF,0xFF,0x03,0x00,0x00,0x00,0x00,0x00,0x00,0x00,0x00,0x00,0x00,0x00,0x00,
    0x00,0x00,0x00,0x00,0x00,0x00,0x00,0x00,0x00,0x00,0x00,0x00,0x00,0x00,0x00,0x00,0x00,0x00,0x00,0x00,0x00,0x00,0x00,0x00,
    0x00,0x00,0x00,0x00,0x00,0x00,0x00,0x00,0x00,0x00,0x00,0x00,0x00,0x00,0x00,0x00,0x00,0x00,0x00,0x00,0x00,0x00,0x00,0x00,
    0x00,0x00,0x00,0x00,0x00,0x00,0x00,0x00,0x00,0x00,0x00,0x00,0xFF,0xFF,0x01,0xFF,0xFF,0x01,0x00,0x00,0x00,0xFF,0xFF,0x6D,
    0xFF,0xFF,0xC1,0xFF,0xFF,0xEE,0xFF,0xFF,0xEE,0xFF,0xFF,0xD7,0xFF,0xFF,0x8E,0xFF,0xFF,0x1D,0x00,0x00,0x00,0xFF,0xFF,0x03,
    0x00,0x00,0x00,0x00,0x00,0x00,0x00,0x00,0x00,0x00,0x00,0x00,0x00,0x00,0x00,0x00,0x00,0x00,0x00,0x00,0x00,0x00,0x00,0x00,
    0x00,0x00,0x00,0x00,0x00,0x00,0x00,0x00,0x00,0x00,0x00,0x00,0x00,0x00,0x00,0x00,0x00,0x00,0x00,0x00,0x00,0x00,0x00,0x00,
    0x00,0x00,0x00,0x00,0x00,0x00,0x00,0x00,0x00,0x00,0x00,0x00,0x00,0x00,0x00,0x00,0x00,0x00,0x00,0x00,0x00,0x00,0x00,0x00,
    0xFF,0xFF,0x01,0xFF,0xFF,0x01,0x00,0x00,0x00,0xFF,0xFF,0x6D,0xFF,0xFF,0xC1,0xFF,0xFF,0xEE,0xFF,0xFF,0xEE,0xFF,0xFF,0xD7,
    0xFF,0xFF,0x8E,0xFF,0xFF,0x1D,0x00,0x00,0x00,0xFF,0xFF,0x03,0x00,0x00,0x00,0x00,0x00,0x00,0x00,0x00,0x00,0x00,0x00,0x00,
    0x00,0x00,0x00,0x00,0x00,0x00,0xFF,0xFF,0x03,0xFF,0xFF,0x01,0xFF,0xFF,0x35,0xFF,0xFF,0xFE,0xFF,0xFF,0xFC,0xFF,0xFF,0xFF,
    0xFF,0xFF,0xFF,0xFF,0xFF,0xFE,0xFF,0xFF,0xFF,0xFF,0xFF,0xF3,0xFF,0xFF,0x15,0x00,0x00,0x00,0xFF,0xFF,0x01,0x00,0x00,0x00,
    0x00,0x00,0x00,0x00,0x00,0x00,0x00,0x00,0x00,0x00,0x00,0x00,0x00,0x00,0x00,0x00,0x00,0x00,0x00,0x00,0x00,0x00,0x00,0x00,
    0x00,0x00,0x00,0x00,0x00,0x00,0x00,0x00,0x00,0x00,0x00,0x00,0x00,0x00,0x00,0x00,0x00,0x00,0x00,0x00,0x00,0x00,0x00,0x00,
    0x00,0x00,0x00,0x00,0x00,0x00,0x00,0x00,0x00,0x00,0x00,0x00,0x00,0x00,0x00,0x00,0x00,0x00,0x00,0x00,0x00,0x00,0x00,0x00,
    0x00,0x00,0x00,0x00,0x00,0x00,0x00,0x00,0x00,0x00,0x00,0x00,0x00,0x00,0x00,0x00,0x00,0x00,0x00,0x00,0x00,0x00,0x00,0x00,
    0x00,0x00,0x00,0x00,0x00,0x00,0x00,0x00,0x00,0x00,0x00,0x00,0x00,0x00,0x00,0x00,0x00,0x00,0x00,0x00,0x00,0x00,0x00,0x00,
    0x00,0x00,0x00,0x00,0x00,0x00,0x00,0x00,0x00,0x00,0x00,0x00,0x00,0x00,0x00,0x00,0x00,0x00,0x00,0x00,0x00,0x00,0x00,0x00,
    0x00,0x00,0x00,0xFF,0xFF,0x01,0x00,0x00,0x00,0xFF,0xFF,0x0F,0xFF,0xFF,0xE9,0xFF,0xFF,0xFF,0xFF,0xFF,0xFE,0xFF,0xFF,0xFF,
    0xFF,0xFF,0xFF,0xFF,0xFF,0xFC,0xFF,0xFF,0xFA,0xFF,0xFF,0x3A,0xFF,0xFF,0x01,0xFF,0xFF,0x03,0x00,0x00,0x00,0x00,0x00,0x00,
    0x00,0x00,0x00,0xFF,0xFF,0x01,0xFF,0xFF,0x02,0x00,0x00,0x00,0xFF,0xFF,0xA2,0xFF,0xFF,0xFF,0xFF,0xFF,0xFF,0xFF,0xFF,0xFF,
    0xFF,0xFF,0xFF,0xFF,0xFF,0xFF,0xFF,0xFF,0xFF,0xFF,0xFF,0xDE,0xFF,0xFF,0x21,0x00,0x00,0x00,0xFF,0xFF,0x02,0x00,0x00,0x00,
    0x00,0x00,0x00,0x00,0x00,0x00,0x00,0x00,0x00,0x00,0x00,0x00,0x00,0x00,0x00,0x00,0x00,0x00,0x00,0x00,0x00,0x00,0x00,0x00,
    0x00,0x00,0x00,0x00,0x00,0x00,0x00,0x00,0x00,0x00,0x00,0x00,0x00,0x00,0x00,0x00,0x00,0x00,0x00,0x00,0x00,0x00,0x00,0x00,
    0x00,0x00,0x00,0x00,0x00,0x00,0x00,0x00,0x00,0x00,0x00,0x00,0x00,0x00,0x00,0xFF,0xFF,0x01,0xFF,0xFF,0x02,0x00,0x00,0x00,
    0xFF,0xFF,0xA2,0xFF,0xFF,0xFF,0xFF,0xFF,0xFF,0xFF,0xFF,0xFF,0xFF,0xFF,0xFF,0xFF,0xFF,0xFF,0xFF,0xFF,0xFF,0xFF,0xFF,0xDE,
    0xFF,0xFF,0x21,0x00,0x00,0x00,0xFF,0xFF,0x02,0x00,0x00,0x00,0x00,0x00,0x00,0x00,0x00,0x00,0x00,0x00,0x00,0x00,0x00,0x00,
    0x00,0x00,0x00,0x00,0x00,0x00,0x00,0x00,0x00,0x00,0x00,0x00,0x00,0x00,0x00,0x00,0x00,0x00,0x00,0x00,0x00,0x00,0x00,0x00,
    0x00,0x00,0x00,0x00,0x00,0x00,0x00,0x00,0x00,0x00,0x00,0x00,0x00,0x00,0x00,0x00,0x00,0x00,0x00,0x00,0x00,0x00,0x00,0x00,
    0x00,0x00,0x00,0xFF,0xFF,0x01,0xFF,0xFF,0x02,0x00,0x00,0x00,0xFF,0xFF,0xA2,0xFF,0xFF,0xFF,0xFF,0xFF,0xFF,0xFF,0xFF,0xFF,
    0xFF,0xFF,0xFF,0xFF,0xFF,0xFF,0xFF,0xFF,0xFF,0xFF,0xFF,0xDE,0xFF,0xFF,0x21,0x00,0x00,0x00,0xFF,0xFF,0x02,0x00,0x00,0x00,
    0x00,0x00,0x00,0x00,0x00,0x00,0x00,0x00,0x00,0x00,0x00,0x00,0x00,0x00,0x00,0xFF,0xFF,0x02,0xFF,0xFF,0x08,0xFF,0xFF,0xD7,
    0xFF,0xFF,0xFF,0xFF,0xFF,0xFD,0xFF,0xFF,0xFF,0xFF,0xFF,0xFF,0xFF,0xFF,0xFB,0xFF,0xFF,0xFD,0xFF,0xFF,0x50,0x00,0x00,0x00,
    0xFF,0xFF,0x04,0x00,0x00,0x00,0x00,0x00,0x00,0x00,0x00,0x00,0x00,0x00,0x00,0x00,0x00,0x00,0x00,0x00,0x00,0x00,0x00,0x00,
    0x00,0x00,0x00,0x00,0x00,0x00,0x00,0x00,0x00,0x00,0x00,0x00,0x00,0x00,0x00,0x00,0x00,0x00,0x00,0x00,0x00,0x00,0x00,0x00,
    0x00,0x00,0x00,0x00,0x00,0x00,0x00,0x00,0x00,0x00,0x00,0x00,0x00,0x00,0x00,0x00,0x00,0x00,0x00,0x00,0x00,0x00,0x00,0x00,
    0x00,0x00,0x00,0x00,0x00,0x00,0x00,0x00,0x00,0x00,0x00,0x00,0x00,0x00,0x00,0x00,0x00,0x00,0x00,0x00,0x00,0x00,0x00,0x00,
    0x00,0x00,0x00,0x00,0x00,0x00,0x00,0x00,0x00,0x00,0x00,0x00,0x00,0x00,0x00,0x00,0x00,0x00,0x00,0x00,0x00,0x00,0x00,0x00,
    0x00,0x00,0x00,0x00,0x00,0x00,0x00,0x00,0x00,0x00,0x00,0x00,0x00,0x00,0x00,0x00,0x00,0x00,0x00,0x00,0x00,0x00,0x00,0x00,
    0x00,0x00,0x00,0x00,0x00,0x00,0x00,0x00,0x00,0xFF,0xFF,0x01,0x00,0x00,0x00,0xFF,0xFF,0x10,0xFF,0xFF,0xF0,0xFF,0xFF,0xFF,
    0xFF,0xFF,0xFE,0xFF,0xFF,0xFF,0xFF,0xFF,0xFE,0xFF,0xFF,0xFF,0xFF,0xFF,0xEE,0xFF,0xFF,0x0D,0x00,0x00,0x00,0xFF,0xFF,0x01,
    0x00,0x00,0x00,0x00,0x00,0x00,0x00,0x00,0x00,0xFF,0xFF,0x03,0xFF,0xFF,0x05,0xFF,0xFF,0xA2,0xFF,0xFF,0xFF,0xFF,0xFF,0xF9,
    0xFF,0xFF,0xFC,0xFF,0xFF,0xFE,0xFF,0xFF,0xFE,0xFF,0xFF,0xFD,0xFF,0xFF,0xF9,0xFF,0xFF,0xFF,0xFF,0xFF,0xDE,0xFF,0xFF,0x22,
    0xFF,0xFF,0x02,0xFF,0xFF,0x02,0x00,0x00,0x00,0x00,0x00,0x00,0x00,0x00,0x00,0x00,0x00,0x00,0x00,0x00,0x00,0x00,0x00,0x00,
    0x00,0x00,0x00,0x00,0x00,0x00,0x00,0x00,0x00,0x00,0x00,0x00,0x00,0x00,0x00,0x00,0x00,0x00,0x00,0x00,0x00,0x00,0x00,0x00,
    0x00,0x00,0x00,0x00,0x00,0x00,0x00,0x00,0x00,0x00,0x00,0x00,0x00,0x00,0x00,0x00,0x00,0x00,0x00,0x00,0x00,0xFF,0xFF,0x03,
    0xFF,0xFF,0x05,0xFF,0xFF,0xA2,0xFF,0xFF,0xFF,0xFF,0xFF,0xF9,0xFF,0xFF,0xFC,0xFF,0xFF,0xFE,0xFF,0xFF,0xFE,0xFF,0xFF,0xFD,
    0xFF,0xFF,0xF9,0xFF,0xFF,0xFF,0xFF,0xFF,0xDE,0xFF,0xFF,0x22,0xFF,0xFF,0x02,0xFF,0xFF,0x02,0x00,0x00,0x00,0x00,0x00,0x00,
    0x00,0x00,0x00,0x00,0x00,0x00,0x00,0x00,0x00,0x00,0x00,0x00,0x00,0x00,0x00,0x00,0x00,0x00,0x00,0x00,0x00,0x00,0x00,0x00,
    0x00,0x00,0x00,0x00,0x00,0x00,0x00,0x00,0x00,0x00,0x00,0x00,0x00,0x00,0x00,0x00,0x00,0x00,0x00,0x00,0x00,0x00,0x00,0x00,
    0x00,0x00,0x00,0x00,0x00,0x00,0x00,0x00,0x00,0xFF,0xFF,0x03,0xFF,0xFF,0x05,0xFF,0xFF,0xA2,0xFF,0xFF,0xFF,0xFF,0xFF,0xF9,
    0xFF,0xFF,0xFC,0xFF,0xFF,0xFE,0xFF,0xFF,0xFE,0xFF,0xFF,0xFD,0xFF,0xFF,0xF9,0xFF,0xFF,0xFF,0xFF,0xFF,0xDE,0xFF,0xFF,0x22,
    0xFF,0xFF,0x02,0xFF,0xFF,0x02,0x00,0x00,0x00,0x00,0x00,0x00,0x00,0x00,0x00,0x00,0x00,0x00,0x00,0x00,0x00,0xFF,0xFF,0x04,
    0x00,0x00,0x00,0xFF,0xFF,0xA6,0xFF,0xFF,0xFF,0xFF,0xFF,0xFB,0xFF,0xFF,0xFF,0xFF,0xFF,0xFF,0xFF,0xFF,0xFB,0xFF,0xFF,0xFF,
    0xFF,0xFF,0x56,0x00,0x00,0x00,0xFF,0xFF,0x04,0x00,0x00,0x00,0x00,0x00,0x00,0x00,0x00,0x00,0x00,0x00,0x00,0x00,0x00,0x00,
    0x00,0x00,0x00,0x00,0x00,0x00,0x00,0x00,0x00,0x00,0x00,0x00,0x00,0x00,0x00,0x00,0x00,0x00,0x00,0x00,0x00,0x00,0x00,0x00,
    0x00,0x00,0x00,0x00,0x00,0x00,0x00,0x00,0x00,0x00,0x00,0x00,0x00,0x00,0x00,0x00,0x00,0x00,0x00,0x00,0x00,0x00,0x00,0x00,
    0x00,0x00,0x00,0x00,0x00,0x00,0x00,0x00,0x00,0x00,0x00,0x00,0x00,0x00,0x00,0x00,0x00,0x00,0x00,0x00,0x00,0x00,0x00,0x00,
    0x00,0x00,0x00,0x00,0x00,0x00,0x00,0x00,0x00,0x00,0x00,0x00,0x00,0x00,0x00,0x00,0x00,0x00,0x00,0x00,0x00,0x00,0x00,0x00,
    0x00,0x00,0x00,0x00,0x00,0x00,0x00,0x00,0x00,0x00,0x00,0x00,0x00,0x00,0x00,0x00,0x00,0x00,0x00,0x00,0x00,0x00,0x00,0x00,
    0x00,0x00,0x00,0x00,0x00,0x00,0x00,0x00,0x00,0x00,0x00,0x00,0x00,0x00,0x00,0xFF,0xFF,0x01,0x00,0x00,0x00,0xFF,0xFF,0x10,
    0xFF,0xFF,0xEF,0xFF,0xFF,0xFF,0xFF,0xFF,0xFE,0xFF,0xFF,0xFF,0xFF,0xFF,0xFE,0xFF,0xFF,0xFF,0xFF,0xFF,0xEF,0xFF,0xFF,0x11,
    0x00,0x00,0x00,0xFF,0xFF,0x01,0x00,0x00,0x00,0x00,0x00,0x00,0xFF,0xFF,0x04,0x00,0x00,0x00,0xFF,0xFF,0x6A,0xFF,0xFF,0xFF,
    0xFF,0xFF,0xF9,0xFF,0xFF,0xFF,0xFF,0xFF,0xFF,0xFF,0xFF,0xFF,0xFF,0xFF,0xFF,0xFF,0xFF,0xFF,0xFF,0xFF,0xFF,0xFF,0xFF,0xFA,
    0xFF,0xFF,0xFF,0xFF,0xFF,0xC0,0x00,0x00,0x00,0xFF,0xFF,0x03,0x00,0x00,0x00,0x00,0x00,0x00,0x00,0x00,0x00,0x00,0x00,0x00,
    0x00,0x00,0x00,0x00,0x00,0x00,0x00,0x00,0x00,0x00,0x00,0x00,0x00,0x00,0x00,0x00,0x00,0x00,0x00,0x00,0x00,0x00,0x00,0x00,
    0x00,0x00,0x00,0x00,0x00,0x00,0x00,0x00,0x00,0x00,0x00,0x00,0x00,0x00,0x00,0x00,0x00,0x00,0x00,0x00,0x00,0x00,0x00,0x00,
    0xFF,0xFF,0x04,0x00,0x00,0x00,0xFF,0xFF,0x6A,0xFF,0xFF,0xFF,0xFF,0xFF,0xF9,0xFF,0xFF,0xFF,0xFF,0xFF,0xFF,0xFF,0xFF,0xFF,
    0xFF,0xFF,0xFF,0xFF,0xFF,0xFF,0xFF,0xFF,0xFF,0xFF,0xFF,0xFA,0xFF,0xFF,0xFF,0xFF,0xFF,0xC0,0x00,0x00,0x00,0xFF,0xFF,0x03,
    0x00,0x00,0x00,0x00,0x00,0x00,0x00,0x00,0x00,0x00,0x00,0x00,0x00,0x00,0x00,0x00,0x00,0x00,0x00,0x00,0x00,0x00,0x00,0x00,
    0x00,0x00,0x00,0x00,0x00,0x00,0x00,0x00,0x00,0x00,0x00,0x00,0x00,0x00,0x00,0x00,0x00,0x00,0x00,0x00,0x00,0x00,0x00,0x00,
    0x00,0x00,0x00,0x00,0x00,0x00,0x00,0x00,0x00,0x00,0x00,0x00,0xFF,0xFF,0x04,0x00,0x00,0x00,0xFF,0xFF,0x6A,0xFF,0xFF,0xFF,
    0xFF,0xFF,0xF9,0xFF,0xFF,0xFF,0xFF,0xFF,0xFF,0xFF,0xFF,0xFF,0xFF,0xFF,0xFF,0xFF,0xFF,0xFF,0xFF,0xFF,0xFF,0xFF,0xFF,0xFA,
    0xFF,0xFF,0xFF,0xFF,0xFF,0xC0,0x00,0x00,0x00,0xFF,0xFF,0x03,0x00,0x00,0x00,0x00,0x00,0x00,0x00,0x00,0x00,0x00,0x00,0x00,
    0x00,0x00,0x00,0xFF,0xFF,0x04,0x00,0x00,0x00,0xFF,0xFF,0xAB,0xFF,0xFF,0xFF,0xFF,0xFF,0xFB,0xFF,0xFF,0xFF,0xFF,0xFF,0xFF,
    0xFF,0xFF,0xFB,0xFF,0xFF,0xFF,0xFF,0xFF,0x55,0x00,0x00,0x00,0xFF,0xFF,0x04,0x00,0x00,0x00,0x00,0x00,0x00,0x00,0x00,0x00,
    0x00,0x00,0x00,0x00,0x00,0x00,0x00,0x00,0x00,0x00,0x00,0x00,0x00,0x00,0x00,0x00,0x00,0x00,0x00,0x00,0x00,0x00,0x00,0x00,
    0x00,0x00,0x00,0x00,0x00,0x00,0x00,0x00,0x00,0x00,0x00,0x00,0x00,0x00,0x00,0x00,0x00,0x00,0x00,0x00,0x00,0x00,0x00,0x00,
    0x00,0x00,0x00,0x00,0x00,0x00,0x00,0x00,0x00,0x00,0x00,0x00,0x00,0x00,0x00,0x00,0x00,0x00,0x00,0x00,0x00,0x00,0x00,0x00,
    0x00,0x00,0x00,0x00,0x00,0x00,0x00,0x00,0x00,0x00,0x00,0x00,0x00,0x00,0x00,0x00,0x00,0x00,0x00,0x00,0x00,0x00,0x00,0x00,
    0x00,0x00,0x00,0x00,0x00,0x00,0x00,0x00,0x00,0x00,0x00,0x00,0x00,0x00,0x00,0x00,0x00,0x00,0x00,0x00,0x00,0x00,0x00,0x00,
    0x00,0x00,0x00,0x00,0x00,0x00,0x00,0x00,0x00,0x00,0x00,0x00,0x00,0x00,0x00,0x00,0x00,0x00,0x00,0x00,0x00,0xFF,0xFF,0x01,
    0x00,0x00,0x00,0xFF,0xFF,0x10,0xFF,0xFF,0xEF,0xFF,0xFF,0xFF,0xFF,0xFF,0xFE,0xFF,0xFF,0xFF,0xFF,0xFF,0xFE,0xFF,0xFF,0xFF,
    0xFF,0xFF,0xEF,0xFF,0xFF,0x10,0x00,0x00,0x00,0xFF,0xFF,0x01,0x00,0x00,0x00,0x00,0x00,0x00,0xFF,0xFF,0x03,0xFF,0xFF,0x05,
    0xFF,0xFF,0xC7,0xFF,0xFF,0xFD,0xFF,0xFF,0xFC,0xFF,0xFF,0xFF,0xFF,0xFF,0xFF,0xFF,0xFF,0xFF,0xFF,0xFF,0xFF,0xFF,0xFF,0xFF,
    0xFF,0xFF,0xFF,0xFF,0xFF,0xFF,0xFF,0xFF,0xFC,0xFF,0xFF,0xF9,0xFF,0xFF,0x28,0x00,0x00,0x00,0xFF,0xFF,0x02,0x00,0x00,0x00,
    0x00,0x00,0x00,0x00,0x00,0x00,0x00,0x00,0x00,0x00,0x00,0x00,0x00,0x00,0x00,0x00,0x00,0x00,0x00,0x00,0x00,0x00,0x00,0x00,
    0x00,0x00,0x00,0x00,0x00,0x00,0x00,0x00,0x00,0x00,0x00,0x00,0x00,0x00,0x00,0x00,0x00,0x00,0x00,0x00,0x00,0x00,0x00,0x00,
    0x00,0x00,0x00,0x00,0x00,0x00,0xFF,0xFF,0x03,0xFF,0xFF,0x05,0xFF,0xFF,0xC7,0xFF,0xFF,0xFD,0xFF,0xFF,0xFC,0xFF,0xFF,0xFF,
    0xFF,0xFF,0xFF,0xFF,0xFF,0xFF,0xFF,0xFF,0xFF,0xFF,0xFF,0xFF,0xFF,0xFF,0xFF,0xFF,0xFF,0xFF,0xFF,0xFF,0xFC,0xFF,0xFF,0xF9,
    0xFF,0xFF,0x28,0x00,0x00,0x00,0xFF,0xFF,0x02,0x00,0x00,0x00,0x00,0x00,0x00,0x00,0x00,0x00,0x00,0x00,0x00,0x00,0x00,0x00,
    0x00,0x00,0x00,0x00,0x00,0x00,0x00,0x00,0x00,0x00,0x00,0x00,0x00,0x00,0x00,0x00,0x00,0x00,0x00,0x00,0x00,0x00,0x00,0x00,
    0x00,0x00,0x00,0x00,0x00,0x00,0x00,0x00,0x00,0x00,0x00,0x00,0x00,0x00,0x00,0x00,0x00,0x00,0xFF,0xFF,0x03,0xFF,0xFF,0x05,
    0xFF,0xFF,0xC7,0xFF,0xFF,0xFD,0xFF,0xFF,0xFC,0xFF,0xFF,0xFF,0xFF,0xFF,0xFF,0xFF,0xFF,0xFF,0xFF,0xFF,0xFF,0xFF,0xFF,0xFF,
    0xFF,0xFF,0xFF,0xFF,0xFF,0xFF,0xFF,0xFF,0xFC,0xFF,0xFF,0xF9,0xFF,0xFF,0x28,0x00,0x00,0x00,0xFF,0xFF,0x02,0x00,0x00,0x00,
    0x00,0x00,0x00,0x00,0x00,0x00,0x00,0x00,0x00,0xFF,0xFF,0x04,0x00,0x00,0x00,0xFF,0xFF,0xAA,0xFF,0xFF,0xFF,0xFF,0xFF,0xFB,
    0xFF,0xFF,0xFF,0xFF,0xFF,0xFF,0xFF,0xFF,0xFB,0xFF,0xFF,0xFF,0xFF,0xFF,0x55,0x00,0x00,0x00,0xFF,0xFF,0x04,0x00,0x00,0x00,
    0x00,0x00,0x00,0x00,0x00,0x00,0x00,0x00,0x00,0x00,0x00,0x00,0x00,0x00,0x00,0x00,0x00,0x00,0x00,0x00,0x00,0x00,0x00,0x00,
    0x00,0x00,0x00,0x00,0x00,0x00,0x00,0x00,0x00,0x00,0x00,0x00,0x00,0x00,0x00,0x00,0x00,0x00,0x00,0x00,0x00,0x00,0x00,0x00,
    0x00,0x00,0x00,0x00,0x00,0x00,0x00,0x00,0x00,0x00,0x00,0x00,0x00,0x00,0x00,0x00,0x00,0x00,0x00,0x00,0x00,0x00,0x00,0x00,
    0x00,0x00,0x00,0x00,0x00,0x00,0x00,0x00,0x00,0x00,0x00,0x00,0x00,0x00,0x00,0x00,0x00,0x00,0x00,0x00,0x00,0x00,0x00,0x00,
    0x00,0x00,0x00,0x00,0x00,0x00,0x00,0x00,0x00,0x00,0x00,0x00,0x00,0x00,0x00,0x00,0x00,0x00,0x00,0x00,0x00,0x00,0x00,0x00,
    0x00,0x00,0x00,0x00,0x00,0x00,0x00,0x00,0x00,0x00,0x00,0x00,0x00,0x00,0x00,0x00,0x00,0x00,0x00,0x00,0x00,0x00,0x00,0x00,
    0x00,0x00,0x00,0xFF,0xFF,0x01,0x00,0x00,0x00,0xFF,0xFF,0x10,0xFF,0xFF,0xEF,0xFF,0xFF,0xFF,0xFF,0xFF,0xFE,0xFF,0xFF,0xFF,
    0xFF,0xFF,0xFE,0xFF,0xFF,0xFF,0xFF,0xFF,0xEF,0xFF,0xFF,0x10,0x00,0x00,0x00,0xFF,0xFF,0x01,0x00,0x00,0x00,0xFF,0xFF,0x01,
    0x00,0x00,0x00,0xFF,0xFF,0x11,0xFF,0xFF,0xF1,0xFF,0xFF,0xFF,0xFF,0xFF,0xFE,0xFF,0xFF,0xFF,0xFF,0xFF,0xFF,0xFF,0xFF,0xFF,
    0xFF,0xFF,0xFF,0xFF,0xFF,0xFF,0xFF,0xFF,0xFF,0xFF,0xFF,0xFF,0xFF,0xFF,0xFB,0xFF,0xFF,0xFE,0xFF,0xFF,0x58,0x00,0x00,0x00,
    0xFF,0xFF,0x04,0x00,0x00,0x00,0x00,0x00,0x00,0x00,0x00,0x00,0x00,0x00,0x00,0x00,0x00,0x00,0x00,0x00,0x00,0x00,0x00,0x00,
    0x00,0x00,0x00,0x00,0x00,0x00,0x00,0x00,0x00,0x00,0x00,0x00,0x00,0x00,0x00,0x00,0x00,0x00,0x00,0x00,0x00,0x00,0x00,0x00,
    0x00,0x00,0x00,0x00,0x00,0x00,0x00,0x00,0x00,0xFF,0xFF,0x01,0x00,0x00,0x00,0xFF,0xFF,0x11,0xFF,0xFF,0xF1,0xFF,0xFF,0xFF,
    0xFF,0xFF,0xFE,0xFF,0xFF,0xFF,0xFF,0xFF,0xFF,0xFF,0xFF,0xFF,0xFF,0xFF,0xFF,0xFF,0xFF,0xFF,0xFF,0xFF,0xFF,0xFF,0xFF,0xFF,
    0xFF,0xFF,0xFB,0xFF,0xFF,0xFE,0xFF,0xFF,0x58,0x00,0x00,0x00,0xFF,0xFF,0x04,0x00,0x00,0x00,0x00,0x00,0x00,0x00,0x00,0x00,
    0x00,0x00,0x00,0x00,0x00,0x00,0x00,0x00,0x00,0x00,0x00,0x00,0x00,0x00,0x00,0x00,0x00,0x00,0x00,0x00,0x00,0x00,0x00,0x00,
    0x00,0x00,0x00,0x00,0x00,0x00,0x00,0x00,0x00,0x00,0x00,0x00,0x00,0x00,0x00,0x00,0x00,0x00,0x00,0x00,0x00,0xFF,0xFF,0x01,
    0x00,0x00,0x00,0xFF,0xFF,0x11,0xFF,0xFF,0xF1,0xFF,0xFF,0xFF,0xFF,0xFF,0xFE,0xFF,0xFF,0xFF,0xFF,0xFF,0xFF,0xFF,0xFF,0xFF,
    0xFF,0xFF,0xFF,0xFF,0xFF,0xFF,0xFF,0xFF,0xFF,0xFF,0xFF,0xFF,0xFF,0xFF,0xFB,0xFF,0xFF,0xFE,0xFF,0xFF,0x58,0x00,0x00,0x00,
    0xFF,0xFF,0x04,0x00,0x00,0x00,0x00,0x00,0x00,0x00,0x00,0x00,0x00,0x00,0x00,0xFF,0xFF,0x04,0x00,0x00,0x00,0xFF,0xFF,0xAA,
    0xFF,0xFF,0xFF,0xFF,0xFF,0xFB,0xFF,0xFF,0xFF,0xFF,0xFF,0xFF,0xFF,0xFF,0xFB,0xFF,0xFF,0xFF,0xFF,0xFF,0x55,0x00,0x00,0x00,
    0xFF,0xFF,0x04,0x00,0x00,0x00,0x00,0x00,0x00,0x00,0x00,0x00,0x00,0x00,0x00,0x00,0x00,0x00,0x00,0x00,0x00,0x00,0x00,0x00,
    0x00,0x00,0x00,0x00,0x00,0x00,0x00,0x00,0x00,0x00,0x00,0x00,0x00,0x00,0x00,0x00,0x00,0x00,0x00,0x00,0x00,0x00,0x00,0x00,
    0x00,0x00,0x00,0x00,0x00,0x00,0x00,0x00,0x00,0x00,0x00,0x00,0x00,0x00,0x00,0x00,0x00,0x00,0x00,0x00,0x00,0x00,0x00,0x00,
    0x00,0x00,0x00,0x00,0x00,0x00,0x00,0x00,0x00,0x00,0x00,0x00,0x00,0x00,0x00,0x00,0x00,0x00,0x00,0x00,0x00,0x00,0x00,0x00,
    0x00,0x00,0x00,0x00,0x00,0x00,0x00,0x00,0x00,0x00,0x00,0x00,0x00,0x00,0x00,0x00,0x00,0x00,0x00,0x00,0x00,0x00,0x00,0x00,
    0x00,0x00,0x00,0x00,0x00,0x00,0x00,0x00,0x00,0x00,0x00,0x00,0x00,0x00,0x00,0x00,0x00,0x00,0x00,0x00,0x00,0x00,0x00,0x00,
    0x00,0x00,0x00,0x00,0x00,0x00,0x00,0x00,0x00,0xFF,0xFF,0x01,0x00,0x00,0x00,0xFF,0xFF,0x10,0xFF,0xFF,0xEF,0xFF,0xFF,0xFF,
    0xFF,0xFF,0xFE,0xFF,0xFF,0xFF,0xFF,0xFF,0xFE,0xFF,0xFF,0xFF,0xFF,0xFF,0xEF,0xFF,0xFF,0x10,0x00,0x00,0x00,0xFF,0xFF,0x01,
    0x00,0x00,0x00,0xFF,0xFF,0x01,0x00,0x00,0x00,0xFF,0xFF,0x11,0xFF,0xFF,0xF1,0xFF,0xFF,0xFF,0xFF,0xFF,0xFE,0xFF,0xFF,0xFF,
    0xFF,0xFF,0xFF,0xFF,0xFF,0xFF,0xFF,0xFF,0xFF,0xFF,0xFF,0xFF,0xFF,0xFF,0xFF,0xFF,0xFF,0xFF,0xFF,0xFF,0xFB,0xFF,0xFF,0xFF,
    0xFF,0xFF,0x58,0x00,0x00,0x00,0xFF,0xFF,0x04,0x00,0x00,0x00,0x00,0x00,0x00,0x00,0x00,0x00,0x00,0x00,0x00,0x00,0x00,0x00,
    0x00,0x00,0x00,0x00,0x00,0x00,0x00,0x00,0x00,0x00,0x00,0x00,0x00,0x00,0x00,0x00,0x00,0x00,0x00,0x00,0x00,0x00,0x00,0x00,
    0x00,0x00,0x00,0x00,0x00,0x00,0x00,0x00,0x00,0x00,0x00,0x00,0x00,0x00,0x00,0xFF,0xFF,0x01,0x00,0x00,0x00,0xFF,0xFF,0x11,
    0xFF,0xFF,0xF1,0xFF,0xFF,0xFF,0xFF,0xFF,0xFE,0xFF,0xFF,0xFF,0xFF,0xFF,0xFF,0xFF,0xFF,0xFF,0xFF,0xFF,0xFF,0xFF,0xFF,0xFF,
    0xFF,0xFF,0xFF,0xFF,0xFF,0xFF,0xFF,0xFF,0xFB,0xFF,0xFF,0xFF,0xFF,0xFF,0x58,0x00,0x00,0x00,0xFF,0xFF,0x04,0x00,0x00,0x00,
    0x00,0x00,0x00,0x00,0x00,0x00,0x00,0x00,0x00,0x00,0x00,0x00,0x00,0x00,0x00,0x00,0x00,0x00,0x00,0x00,0x00,0x00,0x00,0x00,
    0x00,0x00,0x00,0x00,0x00,0x00,0x00,0x00,0x00,0x00,0x00,0x00,0x00,0x00,0x00,0x00,0x00,0x00,0x00,0x00,0x00,0x00,0x00,0x00,
    0x00,0x00,0x00,0xFF,0xFF,0x01,0x00,0x00,0x00,0xFF,0xFF,0x11,0xFF,0xFF,0xF1,0xFF,0xFF,0xFF,0xFF,0xFF,0xFE,0xFF,0xFF,0xFF,
    0xFF,0xFF,0xFF,0xFF,0xFF,0xFF,0xFF,0xFF,0xFF,0xFF,0xFF,0xFF,0xFF,0xFF,0xFF,0xFF,0xFF,0xFF,0xFF,0xFF,0xFB,0xFF,0xFF,0xFF,
    0xFF,0xFF,0x58,0x00,0x00,0x00,0xFF,0xFF,0x04,0x00,0x00,0x00,0x00,0x00,0x00,0x00,0x00,0x00,0x00,0x00,0x00,0xFF,0xFF,0x04,
    0x00,0x00,0x00,0xFF,0xFF,0xAA,0xFF,0xFF,0xFF,0xFF,0xFF,0xFB,0xFF,0xFF,0xFF,0xFF,0xFF,0xFF,0xFF,0xFF,0xFB,0xFF,0xFF,0xFF,
    0xFF,0xFF,0x55,0x00,0x00,0x00,0xFF,0xFF,0x04,0x00,0x00,0x00,0x00,0x00,0x00,0x00,0x00,0x00,0x00,0x00,0x00,0x00,0x00,0x00,
    0x00,0x00,0x00,0x00,0x00,0x00,0x00,0x00,0x00,0x00,0x00,0x00,0x00,0x00,0x00,0x00,0x00,0x00,0x00,0x00,0x00,0x00,0x00,0x00,
    0x00,0x00,0x00,0x00,0x00,0x00,0x00,0x00,0x00,0x00,0x00,0x00,0x00,0x00,0x00,0x00,0x00,0x00,0x00,0x00,0x00,0x00,0x00,0x00,
    0x00,0x00,0x00,0x00,0x00,0x00,0x00,0x00,0x00,0x00,0x00,0x00,0x00,0x00,0x00,0x00,0x00,0x00,0x00,0x00,0x00,0x00,0x00,0x00,
    0x00,0x00,0x00,0x00,0x00,0x00,0x00,0x00,0x00,0x00,0x00,0x00,0x00,0x00,0x00,0x00,0x00,0x00,0x00,0x00,0x00,0x00,0x00,0x00,
    0x00,0x00,0x00,0x00,0x00,0x00,0x00,0x00,0x00,0x00,0x00,0x00,0x00,0x00,0x00,0x00,0x00,0x00,0x00,0x00,0x00,0x00,0x00,0x00,
    0x00,0x00,0x00,0x00,0x00,0x00,0x00,0x00,0x00,0x00,0x00,0x00,0x00,0x00,0x00,0xFF,0xFF,0x01,0x00,0x00,0x00,0xFF,0xFF,0x10,
    0xFF,0xFF,0xEF,0xFF,0xFF,0xFF,0xFF,0xFF,0xFE,0xFF,0xFF,0xFF,0xFF,0xFF,0xFE,0xFF,0xFF,0xFF,0xFF,0xFF,0xEF,0xFF,0xFF,0x10,
    0x00,0x00,0x00,0xFF,0xFF,0x01,0x00,0x00,0x00,0xFF,0xFF,0x01,0xFF,0xFF,0x01,0xFF,0xFF,0x0B,0xFF,0xFF,0xDC,0xFF,0xFF,0xFD,
    0xFF,0xFF,0xFD,0xFF,0xFF,0xFF,0xFF,0xFF,0xFF,0xFF,0xFF,0xFF,0xFF,0xFF,0xFF,0xFF,0xFF,0xFF,0xFF,0xFF,0xFF,0xFF,0xFF,0xFF,
    0xFF,0xFF,0xFC,0xFF,0xFF,0xFC,0xFF,0xFF,0x3F,0x00,0x00,0x00,0xFF,0xFF,0x03,0x00,0x00,0x00,0x00,0x00,0x00,0x00,0x00,0x00,
    0x00,0x00,0x00,0x00,0x00,0x00,0x00,0x00,0x00,0x00,0x00,0x00,0x00,0x00,0x00,0xFF,0xFF,0x01,0xFF,0xFF,0x01,0xFF,0xFF,0x01,
    0x00,0x00,0x00,0x00,0x00,0x00,0x00,0x00,0x00,0x00,0x00,0x00,0x00,0x00,0x00,0x00,0x00,0x00,0x00,0x00,0x00,0xFF,0xFF,0x01,
    0xFF,0xFF,0x01,0xFF,0xFF,0x0B,0xFF,0xFF,0xDC,0xFF,0xFF,0xFD,0xFF,0xFF,0xFD,0xFF,0xFF,0xFF,0xFF,0xFF,0xFF,0xFF,0xFF,0xFF,
    0xFF,0xFF,0xFF,0xFF,0xFF,0xFF,0xFF,0xFF,0xFF,0xFF,0xFF,0xFF,0xFF,0xFF,0xFC,0xFF,0xFF,0xFC,0xFF,0xFF,0x3F,0x00,0x00,0x00,
    0xFF,0xFF,0x03,0x00,0x00,0x00,0x00,0x00,0x00,0x00,0x00,0x00,0x00,0x00,0x00,0x00,0x00,0x00,0x00,0x00,0x00,0x00,0x00,0x00,
    0x00,0x00,0x00,0xFF,0xFF,0x01,0xFF,0xFF,0x01,0xFF,0xFF,0x01,0x00,0x00,0x00,0x00,0x00,0x00,0x00,0x00,0x00,0x00,0x00,0x00,
    0x00,0x00,0x00,0x00,0x00,0x00,0x00,0x00,0x00,0xFF,0xFF,0x01,0xFF,0xFF,0x01,0xFF,0xFF,0x0B,0xFF,0xFF,0xDC,0xFF,0xFF,0xFD,
    0xFF,0xFF,0xFD,0xFF,0xFF,0xFF,0xFF,0xFF,0xFF,0xFF,0xFF,0xFF,0xFF,0xFF,0xFF,0xFF,0xFF,0xFF,0xFF,0xFF,0xFF,0xFF,0xFF,0xFF,
    0xFF,0xFF,0xFC,0xFF,0xFF,0xFC,0xFF,0xFF,0x3F,0x00,0x00,0x00,0xFF,0xFF,0x03,0x00,0x00,0x00,0x00,0x00,0x00,0x00,0x00,0x00,
    0x00,0x00,0x00,0xFF,0xFF,0x04,0x00,0x00,0x00,0xFF,0xFF,0xAA,0xFF,0xFF,0xFF,0xFF,0xFF,0xFB,0xFF,0xFF,0xFF,0xFF,0xFF,0xFF,
    0xFF,0xFF,0xFB,0xFF,0xFF,0xFF,0xFF,0xFF,0x55,0x00,0x00,0x00,0xFF,0xFF,0x04,0x00,0x00,0x00,0x00,0x00,0x00,0x00,0x00,0x00,
    0x00,0x00,0x00,0x00,0x00,0x00,0x00,0x00,0x00,0x00,0x00,0x00,0x00,0x00,0x00,0x00,0x00,0x00,0x00,0x00,0x00,0x00,0x00,0x00,
    0x00,0x00,0x00,0x00,0x00,0x00,0x00,0x00,0x00,0x00,0x00,0x00,0x00,0x00,0x00,0x00,0x00,0x00,0x00,0x00,0x00,0x00,0x00,0x00,
    0x00,0x00,0x00,0x00,0x00,0x00,0x00,0x00,0x00,0x00,0x00,0x00,0x00,0x00,0x00,0x00,0x00,0x00,0x00,0x00,0x00,0x00,0x00,0x00,
    0x00,0x00,0x00,0x00,0x00,0x00,0x00,0x00,0x00,0x00,0x00,0x00,0x00,0x00,0x00,0x00,0x00,0x00,0x00,0x00,0x00,0x00,0x00,0x00,
    0x00,0x00,0x00,0x00,0x00,0x00,0x00,0x00,0x00,0x00,0x00,0x00,0x00,0x00,0x00,0x00,0x00,0x00,0x00,0x00,0x00,0x00,0x00,0x00,
    0x00,0x00,0x00,0x00,0x00,0x00,0x00,0x00,0x00,0x00,0x00,0x00,0x00,0x00,0x00,0x00,0x00,0x00,0x00,0x00,0x00,0xFF,0xFF,0x01,
    0x00,0x00,0x00,0xFF,0xFF,0x10,0xFF,0xFF,0xEF,0xFF,0xFF,0xFF,0xFF,0xFF,0xFE,0xFF,0xFF,0xFF,0xFF,0xFF,0xFE,0xFF,0xFF,0xFF,
    0xFF,0xFF,0xEF,0xFF,0xFF,0x10,0x00,0x00,0x00,0xFF,0xFF,0x01,0x00,0x00,0x00,0x00,0x00,0x00,0xFF,0xFF,0x05,0x00,0x00,0x00,
    0xFF,0xFF,0x8F,0xFF,0xFF,0xFF,0xFF,0xFF,0xF9,0xFF,0xFF,0xFF,0xFF,0xFF,0xFF,0xFF,0xFF,0xFF,0xFF,0xFF,0xFF,0xFF,0xFF,0xFF,
    0xFF,0xFF,0xFF,0xFF,0xFF,0xFC,0xFF,0xFF,0xFF,0xFF,0xFF,0xE1,0xFF,0xFF,0x06,0xFF,0xFF,0x02,0x00,0x00,0x00,0x00,0x00,0x00,
    0x00,0x00,0x00,0x00,0x00,0x00,0x00,0x00,0x00,0x00,0x00,0x00,0x00,0x00,0x00,0xFF,0xFF,0x04,0xFF,0xFF,0x01,0x00,0x00,0x00,
    0x00,0x00,0x00,0x00,0x00,0x00,0xFF,0xFF,0x04,0xFF,0xFF,0x01,0x00,0x00,0x00,0x00,0x00,0x00,0x00,0x00,0x00,0x00,0x00,0x00,
    0x00,0x00,0x00,0x00,0x00,0x00,0xFF,0xFF,0x05,0x00,0x00,0x00,0xFF,0xFF,0x8F,0xFF,0xFF,0xFF,0xFF,0xFF,0xF9,0xFF,0xFF,0xFF,
    0xFF,0xFF,0xFF,0xFF,0xFF,0xFF,0xFF,0xFF,0xFF,0xFF,0xFF,0xFF,0xFF,0xFF,0xFF,0xFF,0xFF,0xFC,0xFF,0xFF,0xFF,0xFF,0xFF,0xE1,
    0xFF,0xFF,0x06,0xFF,0xFF,0x02,0x00,0x00,0x00,0x00,0x00,0x00,0x00,0x00,0x00,0x00,0x00,0x00,0x00,0x00,0x00,0x00,0x00,0x00,
    0x00,0x00,0x00,0xFF,0xFF,0x04,0xFF,0xFF,0x01,0x00,0x00,0x00,0x00,0x00,0x00,0x00,0x00,0x00,0xFF,0xFF,0x04,0xFF,0xFF,0x01,
    0x00,0x00,0x00,0x00,0x00,0x00,0x00,0x00,0x00,0x00,0x00,0x00,0x00,0x00,0x00,0x00,0x00,0x00,0xFF,0xFF,0x05,0x00,0x00,0x00,
    0xFF,0xFF,0x8F,0xFF,0xFF,0xFF,0xFF,0xFF,0xF9,0xFF,0xFF,0xFF,0xFF,0xFF,0xFF,0xFF,0xFF,0xFF,0xFF,0xFF,0xFF,0xFF,0xFF,0xFF,
    0xFF,0xFF,0xFF,0xFF,0xFF,0xFC,0xFF,0xFF,0xFF,0xFF,0xFF,0xE1,0xFF,0xFF,0x06,0xFF,0xFF,0x02,0x00,0x00,0x00,0x00,0x00,0x00,
    0x00,0x00,0x00,0x00,0x00,0x00,0x00,0x00,0x00,0xFF,0xFF,0x04,0x00,0x00,0x00,0xFF,0xFF,0xAA,0xFF,0xFF,0xFF,0xFF,0xFF,0xFB,
    0xFF,0xFF,0xFF,0xFF,0xFF,0xFF,0xFF,0xFF,0xFB,0xFF,0xFF,0xFF,0xFF,0xFF,0x55,0x00,0x00,0x00,0xFF,0xFF,0x04,0x00,0x00,0x00,
    0x00,0x00,0x00,0x00,0x00,0x00,0x00,0x00,0x00,0x00,0x00,0x00,0x00,0x00,0x00,0x00,0x00,0x00,0x00,0x00,0x00,0x00,0x00,0x00,
    0x00,0x00,0x00,0x00,0x00,0x00,0x00,0x00,0x00,0x00,0x00,0x00,0x00,0x00,0x00,0x00,0x00,0x00,0x00,0x00,0x00,0x00,0x00,0x00,
    0x00,0x00,0x00,0x00,0x00,0x00,0x00,0x00,0x00,0x00,0x00,0x00,0x00,0x00,0x00,0x00,0x00,0x00,0x00,0x00,0x00,0x00,0x00,0x00,
    0x00,0x00,0x00,0x00,0x00,0x00,0x00,0x00,0x00,0x00,0x00,0x00,0x00,0x00,0x00,0x00,0x00,0x00,0x00,0x00,0x00,0x00,0x00,0x00,
    0x00,0x00,0x00,0x00,0x00,0x00,0x00,0x00,0x00,0x00,0x00,0x00,0x00,0x00,0x00,0x00,0x00,0x00,0x00,0x00,0x00,0x00,0x00,0x00,
    0x00,0x00,0x00,0x00,0x00,0x00,0x00,0x00,0x00,0x00,0x00,0x00,0x00,0x00,0x00,0x00,0x00,0x00,0x00,0x00,0x00,0x00,0x00,0x00,
    0x00,0x00,0x00,0xFF,0xFF,0x01,0x00,0x00,0x00,0xFF,0xFF,0x10,0xFF,0xFF,0xEF,0xFF,0xFF,0xFF,0xFF,0xFF,0xFE,0xFF,0xFF,0xFF,
    0xFF,0xFF,0xFE,0xFF,0xFF,0xFF,0xFF,0xFF,0xEF,0xFF,0xFF,0x10,0x00,0x00,0x00,0xFF,0xFF,0x01,0x00,0x00,0x00,0x00,0x00,0x00,
    0xFF,0xFF,0x02,0xFF,0xFF,0x02,0xFF,0xFF,0x1D,0xFF,0xFF,0xDE,0xFF,0xFF,0xFF,0xFF,0xFF,0xFA,0xFF,0xFF,0xFF,0xFF,0xFF,0xFF,
    0xFF,0xFF,0xFF,0xFF,0xFF,0xFF,0xFF,0xFF,0xFC,0xFF,0xFF,0xFC,0xFF,0xFF,0xFF,0xFF,0xFF,0x55,0x00,0x00,0x00,0xFF,0xFF,0x03,
    0x00,0x00,0x00,0x00,0x00,0x00,0x00,0x00,0x00,0x00,0x00,0x00,0x00,0x00,0x00,0xFF,0xFF,0x01,0xFF,0xFF,0x01,0x00,0x00,0x00,
    0x00,0x00,0x00,0xFF,0xFF,0x10,0xFF,0xFF,0x10,0xFF,0xFF,0x05,0x00,0x00,0x00,0x00,0x00,0x00,0xFF,0xFF,0x02,0x00,0x00,0x00,
    0x00,0x00,0x00,0x00,0x00,0x00,0x00,0x00,0x00,0x00,0x00,0x00,0xFF,0xFF,0x02,0xFF,0xFF,0x02,0xFF,0xFF,0x1D,0xFF,0xFF,0xDE,
    0xFF,0xFF,0xFF,0xFF,0xFF,0xFA,0xFF,0xFF,0xFF,0xFF,0xFF,0xFF,0xFF,0xFF,0xFF,0xFF,0xFF,0xFF,0xFF,0xFF,0xFC,0xFF,0xFF,0xFC,
    0xFF,0xFF,0xFF,0xFF,0xFF,0x55,0x00,0x00,0x00,0xFF,0xFF,0x03,0x00,0x00,0x00,0x00,0x00,0x00,0x00,0x00,0x00,0x00,0x00,0x00,
    0x00,0x00,0x00,0xFF,0xFF,0x01,0xFF,0xFF,0x01,0x00,0x00,0x00,0x00,0x00,0x00,0xFF,0xFF,0x10,0xFF,0xFF,0x10,0xFF,0xFF,0x05,
    0x00,0x00,0x00,0x00,0x00,0x00,0xFF,0xFF,0x02,0x00,0x00,0x00,0x00,0x00,0x00,0x00,0x00,0x00,0x00,0x00,0x00,0x00,0x00,0x00,
    0xFF,0xFF,0x02,0xFF,0xFF,0x02,0xFF,0xFF,0x1D,0xFF,0xFF,0xDE,0xFF,0xFF,0xFF,0xFF,0xFF,0xFA,0xFF,0xFF,0xFF,0xFF,0xFF,0xFF,
    0xFF,0xFF,0xFF,0xFF,0xFF,0xFF,0xFF,0xFF,0xFC,0xFF,0xFF,0xFC,0xFF,0xFF,0xFF,0xFF,0xFF,0x55,0x00,0x00,0x00,0xFF,0xFF,0x03,
    0x00,0x00,0x00,0x00,0x00,0x00,0x00,0x00,0x00,0x00,0x00,0x00,0x00,0x00,0x00,0xFF,0xFF,0x04,0x00,0x00,0x00,0xFF,0xFF,0xAA,
    0xFF,0xFF,0xFF,0xFF,0xFF,0xFB,0xFF,0xFF,0xFF,0xFF,0xFF,0xFF,0xFF,0xFF,0xFB,0xFF,0xFF,0xFF,0xFF,0xFF,0x55,0x00,0x00,0x00,
    0xFF,0xFF,0x04,0x00,0x00,0x00,0x00,0x00,0x00,0x00,0x00,0x00,0x00,0x00,0x00,0x00,0x00,0x00,0x00,0x00,0x00,0x00,0x00,0x00,
    0x00,0x00,0x00,0x00,0x00,0x00,0x00,0x00,0x00,0x00,0x00,0x00,0x00,0x00,0x00,0x00,0x00,0x00,0x00,0x00,0x00,0x00,0x00,0x00,
    0x00,0x00,0x00,0x00,0x00,0x00,0x00,0x00,0x00,0x00,0x00,0x00,0x00,0x00,0x00,0x00,0x00,0x00,0x00,0x00,0x00,0x00,0x00,0x00,
    0x00,0x00,0x00,0x00,0x00,0x00,0x00,0x00,0x00,0x00,0x00,0x00,0x00,0x00,0x00,0x00,0x00,0x00,0x00,0x00,0x00,0x00,0x00,0x00,
    0x00,0x00,0x00,0x00,0x00,0x00,0x00,0x00,0x00,0x00,0x00,0x00,0x00,0x00,0x00,0x00,0x00,0x00,0x00,0x00,0x00,0x00,0x00,0x00,
    0x00,0x00,0x00,0x00,0x00,0x00,0x00,0x00,0x00,0x00,0x00,0x00,0x00,0x00,0x00,0x00,0x00,0x00,0x00,0x00,0x00,0x00,0x00,0x00,
    0x00,0x00,0x00,0x00,0x00,0x00,0x00,0x00,0x00,0xFF,0xFF,0x01,0x00,0x00,0x00,0xFF,0xFF,0x10,0xFF,0xFF,0xEF,0xFF,0xFF,0xFF,
    0xFF,0xFF,0xFE,0xFF,0xFF,0xFF,0xFF,0xFF,0xFE,0xFF,0xFF,0xFF,0xFF,0xFF,0xEF,0xFF,0xFF,0x10,0x00,0x00,0x00,0xFF,0xFF,0x01,
    0x00,0x00,0x00,0x00,0x00,0x00,0x00,0x00,0x00,0xFF,0xFF,0x02,0x00,0x00,0x00,0xFF,0xFF,0x21,0xFF,0xFF,0xDE,0xFF,0xFF,0xFF,
    0xFF,0xFF,0xFF,0xFF,0xFF,0xFB,0xFF,0xFF,0xFB,0xFF,0xFF,0xFD,0xFF,0xFF,0xFF,0xFF,0xFF,0xFF,0xFF,0xFF,0x5C,0x00,0x00,0x00,
    0xFF,0xFF,0x03,0x00,0x00,0x00,0x00,0x00,0x00,0x00,0x00,0x00,0x00,0x00,0x00,0x00,0x00,0x00,0xFF,0xFF,0x01,0xFF,0xFF,0x01,
    0x00,0x00,0x00,0xFF,0xFF,0x6D,0xFF,0xFF,0xC1,0xFF,0xFF,0xEE,0xFF,0xFF,0xEE,0xFF,0xFF,0xD7,0xFF,0xFF,0x8E,0xFF,0xFF,0x1D,
    0x00,0x00,0x00,0xFF,0xFF,0x03,0x00,0x00,0x00,0x00,0x00,0x00,0x00,0x00,0x00,0x00,0x00,0x00,0x00,0x00,0x00,0xFF,0xFF,0x02,
    0x00,0x00,0x00,0xFF,0xFF,0x21,0xFF,0xFF,0xDE,0xFF,0xFF,0xFF,0xFF,0xFF,0xFF,0xFF,0xFF,0xFB,0xFF,0xFF,0xFB,0xFF,0xFF,0xFD,
    0xFF,0xFF,0xFF,0xFF,0xFF,0xFF,0xFF,0xFF,0x5C,0x00,0x00,0x00,0xFF,0xFF,0x03,0x00,0x00,0x00,0x00,0x00,0x00,0x00,0x00,0x00,
    0x00,0x00,0x00,0x00,0x00,0x00,0xFF,0xFF,0x01,0xFF,0xFF,0x01,0x00,0x00,0x00,0xFF,0xFF,0x6D,0xFF,0xFF,0xC1,0xFF,0xFF,0xEE,
    0xFF,0xFF,0xEE,0xFF,0xFF,0xD7,0xFF,0xFF,0x8E,0xFF,0xFF,0x1D,0x00,0x00,0x00,0xFF,0xFF,0x03,0x00,0x00,0x00,0x00,0x00,0x00,
    0x00,0x00,0x00,0x00,0x00,0x00,0x00,0x00,0x00,0xFF,0xFF,0x02,0x00,0x00,0x00,0xFF,0xFF,0x21,0xFF,0xFF,0xDE,0xFF,0xFF,0xFF,
    0xFF,0xFF,0xFF,0xFF,0xFF,0xFB,0xFF,0xFF,0xFB,0xFF,0xFF,0xFD,0xFF,0xFF,0xFF,0xFF,0xFF,0xFF,0xFF,0xFF,0x5C,0x00,0x00,0x00,
    0xFF,0xFF,0x03,0x00,0x00,0x00,0x00,0x00,0x00,0x00,0x00,0x00,0x00,0x00,0x00,0x00,0x00,0x00,0x00,0x00,0x00,0xFF,0xFF,0x04,
    0x00,0x00,0x00,0xFF,0xFF,0xAA,0xFF,0xFF,0xFF,0xFF,0xFF,0xFB,0xFF,0xFF,0xFF,0xFF,0xFF,0xFF,0xFF,0xFF,0xFB,0xFF,0xFF,0xFF,
    0xFF,0xFF,0x55,0x00,0x00,0x00,0xFF,0xFF,0x04,0x00,0x00,0x00,0x00,0x00,0x00,0x00,0x00,0x00,0x00,0x00,0x00,0x00,0x00,0x00,
    0x00,0x00,0x00,0x00,0x00,0x00,0x00,0x00,0x00,0x00,0x00,0x00,0x00,0x00,0x00,0x00,0x00,0x00,0x00,0x00,0x00,0x00,0x00,0x00,
    0x00,0x00,0x00,0x00,0x00,0x00,0x00,0x00,0x00,0x00,0x00,0x00,0x00,0x00,0x00,0x00,0x00,0x00,0x00,0x00,0x00,0x00,0x00,0x00,
    0x00,0x00,0x00,0x00,0x00,0x00,0x00,0x00,0x00,0x00,0x00,0x00,0x00,0x00,0x00,0x00,0x00,0x00,0x00,0x00,0x00,0x00,0x00,0x00,
    0x00,0x00,0x00,0x00,0x00,0x00,0x00,0x00,0x00,0x00,0x00,0x00,0x00,0x00,0x00,0x00,0x00,0x00,0x00,0x00,0x00,0x00,0x00,0x00,
    0x00,0x00,0x00,0x00,0x00,0x00,0x00,0x00,0x00,0x00,0x00,0x00,0x00,0x00,0x00,0x00,0x00,0x00,0x00,0x00,0x00,0x00,0x00,0x00,
    0x00,0x00,0x00,0x00,0x00,0x00,0x00,0x00,0x00,0x00,0x00,0x00,0x00,0x00,0x00,0xFF,0xFF,0x01,0x00,0x00,0x00,0xFF,0xFF,0x10,
    0xFF,0xFF,0xEF,0xFF,0xFF,0xFF,0xFF,0xFF,0xFE,0xFF,0xFF,0xFF,0xFF,0xFF,0xFE,0xFF,0xFF,0xFF,0xFF,0xFF,0xEF,0xFF,0xFF,0x10,
    0x00,0x00,0x00,0xFF,0xFF,0x01,0x00,0x00,0x00,0x00,0x00,0x00,0x00,0x00,0x00,0x00,0x00,0x00,0xFF,0xFF,0x03,0x00,0x00,0x00,
    0xFF,0xFF,0x22,0xFF,0xFF,0xBC,0xFF,0xFF,0xF8,0xFF,0xFF,0xFF,0xFF,0xFF,0xFF,0xFF,0xFF,0xFF,0xFF,0xFF,0xD8,0xFF,0xFF,0x59,
    0x00,0x00,0x00,0xFF,0xFF,0x04,0x00,0x00,0x00,0x00,0x00,0x00,0x00,0x00,0x00,0x00,0x00,0x00,0x00,0x00,0x00,0xFF,0xFF,0x01,
    0xFF,0xFF,0x02,0x00,0x00,0x00,0xFF,0xFF,0xA2,0xFF,0xFF,0xFF,0xFF,0xFF,0xFF,0xFF,0xFF,0xFF,0xFF,0xFF,0xFF,0xFF,0xFF,0xFF,
    0xFF,0xFF,0xFF,0xFF,0xFF,0xDE,0xFF,0xFF,0x21,0x00,0x00,0x00,0xFF,0xFF,0x02,0x00,0x00,0x00,0x00,0x00,0x00,0x00,0x00,0x00,
    0x00,0x00,0x00,0x00,0x00,0x00,0xFF,0xFF,0x03,0x00,0x00,0x00,0xFF,0xFF,0x22,0xFF,0xFF,0xBC,0xFF,0xFF,0xF8,0xFF,0xFF,0xFF,
    0xFF,0xFF,0xFF,0xFF,0xFF,0xFF,0xFF,0xFF,0xD8,0xFF,0xFF,0x59,0x00,0x00,0x00,0xFF,0xFF,0x04,0x00,0x00,0x00,0x00,0x00,0x00,
    0x00,0x00,0x00,0x00,0x00,0x00,0x00,0x00,0x00,0xFF,0xFF,0x01,0xFF,0xFF,0x02,0x00,0x00,0x00,0xFF,0xFF,0xA2,0xFF,0xFF,0xFF,
    0xFF,0xFF,0xFF,0xFF,0xFF,0xFF,0xFF,0xFF,0xFF,0xFF,0xFF,0xFF,0xFF,0xFF,0xFF,0xFF,0xFF,0xDE,0xFF,0xFF,0x21,0x00,0x00,0x00,
    0xFF,0xFF,0x02,0x00,0x00,0x00,0x00,0x00,0x00,0x00,0x00,0x00,0x00,0x00,0x00,0x00,0x00,0x00,0xFF,0xFF,0x03,0x00,0x00,0x00,
    0xFF,0xFF,0x22,0xFF,0xFF,0xBC,0xFF,0xFF,0xF8,0xFF,0xFF,0xFF,0xFF,0xFF,0xFF,0xFF,0xFF,0xFF,0xFF,0xFF,0xD8,0xFF,0xFF,0x59,
    0x00,0x00,0x00,0xFF,0xFF,0x04,0x00,0x00,0x00,0x00,0x00,0x00,0x00,0x00,0x00,0x00,0x00,0x00,0x00,0x00,0x00,0x00,0x00,0x00,
    0x00,0x00,0x00,0xFF,0xFF,0x04,0x00,0x00,0x00,0xFF,0xFF,0xAA,0xFF,0xFF,0xFF,0xFF,0xFF,0xFB,0xFF,0xFF,0xFF,0xFF,0xFF,0xFF,
    0xFF,0xFF,0xFB,0xFF,0xFF,0xFF,0xFF,0xFF,0x55,0x00,0x00,0x00,0xFF,0xFF,0x04,0x00,0x00,0x00,0x00,0x00,0x00,0x00,0x00,0x00,
    0x00,0x00,0x00,0x00,0x00,0x00,0x00,0x00,0x00,0x00,0x00,0x00,0x00,0x00,0x00,0x00,0x00,0x00,0x00,0x00,0x00,0x00,0x00,0x00,
    0x00,0x00,0x00,0x00,0x00,0x00,0x00,0x00,0x00,0x00,0x00,0x00,0x00,0x00,0x00,0x00,0x00,0x00,0x00,0x00,0x00,0x00,0x00,0x00,
    0x00,0x00,0x00,0x00,0x00,0x00,0x00,0x00,0x00,0x00,0x00,0x00,0x00,0x00,0x00,0x00,0x00,0x00,0x00,0x00,0x00,0x00,0x00,0x00,
    0x00,0x00,0x00,0x00,0x00,0x00,0x00,0x00,0x00,0x00,0x00,0x00,0x00,0x00,0x00,0x00,0x00,0x00,0x00,0x00,0x00,0x00,0x00,0x00,
    0x00,0x00,0x00,0x00,0x00,0x00,0x00,0x00,0x00,0x00,0x00,0x00,0x00,0x00,0x00,0x00,0x00,0x00,0x00,0x00,0x00,0x00,0x00,0x00,
    0x00,0x00,0x00,0x00,0x00,0x00,0x00,0x00,0x00,0x00,0x00,0x00,0x00,0x00,0x00,0x00,0x00,0x00,0x00,0x00,0x00,0xFF,0xFF,0x01,
    0x00,0x00,0x00,0xFF,0xFF,0x10,0xFF,0xFF,0xEF,0xFF,0xFF,0xFF,0xFF,0xFF,0xFE,0xFF,0xFF,0xFF,0xFF,0xFF,0xFE,0xFF,0xFF,0xFF,
    0xFF,0xFF,0xEF,0xFF,0xFF,0x10,0x00,0x00,0x00,0xFF,0xFF,0x01,0x00,0x00,0x00,0x00,0x00,0x00,0x00,0x00,0x00,0x00,0x00,0x00,
    0x00,0x00,0x00,0xFF,0xFF,0x02,0x00,0x00,0x00,0x00,0x00,0x00,0xFF,0xFF,0x27,0xFF,0xFF,0x54,0xFF,0xFF,0x54,0xFF,0xFF,0x3E,
    0xFF,0xFF,0x05,0x00,0x00,0x00,0xFF,0xFF,0x03,0x00,0x00,0x00,0x00,0x00,0x00,0x00,0x00,0x00,0x00,0x00,0x00,0x00,0x00,0x00,
    0x00,0x00,0x00,0xFF,0xFF,0x03,0xFF,0xFF,0x05,0xFF,0xFF,0xA2,0xFF,0xFF,0xFF,0xFF,0xFF,0xF9,0xFF,0xFF,0xFC,0xFF,0xFF,0xFE,
    0xFF,0xFF,0xFE,0xFF,0xFF,0xFD,0xFF,0xFF,0xF9,0xFF,0xFF,0xFF,0xFF,0xFF,0xDE,0xFF,0xFF,0x22,0xFF,0xFF,0x02,0xFF,0xFF,0x02,
    0x00,0x00,0x00,0x00,0x00,0x00,0x00,0x00,0x00,0x00,0x00,0x00,0x00,0x00,0x00,0xFF,0xFF,0x02,0x00,0x00,0x00,0x00,0x00,0x00,
    0xFF,0xFF,0x27,0xFF,0xFF,0x54,0xFF,0xFF,0x54,0xFF,0xFF,0x3E,0xFF,0xFF,0x05,0x00,0x00,0x00,0xFF,0xFF,0x03,0x00,0x00,0x00,
    0x00,0x00,0x00,0x00,0x00,0x00,0x00,0x00,0x00,0x00,0x00,0x00,0x00,0x00,0x00,0xFF,0xFF,0x03,0xFF,0xFF,0x05,0xFF,0xFF,0xA2,
    0xFF,0xFF,0xFF,0xFF,0xFF,0xF9,0xFF,0xFF,0xFC,0xFF,0xFF,0xFE,0xFF,0xFF,0xFE,0xFF,0xFF,0xFD,0xFF,0xFF,0xF9,0xFF,0xFF,0xFF,
    0xFF,0xFF,0xDE,0xFF,0xFF,0x22,0xFF,0xFF,0x02,0xFF,0xFF,0x02,0x00,0x00,0x00,0x00,0x00,0x00,0x00,0x00,0x00,0x00,0x00,0x00,
    0x00,0x00,0x00,0xFF,0xFF,0x02,0x00,0x00,0x00,0x00,0x00,0x00,0xFF,0xFF,0x27,0xFF,0xFF,0x54,0xFF,0xFF,0x54,0xFF,0xFF,0x3E,
    0xFF,0xFF,0x05,0x00,0x00,0x00,0xFF,0xFF,0x03,0x00,0x00,0x00,0x00,0x00,0x00,0x00,0x00,0x00,0x00,0x00,0x00,0x00,0x00,0x00,
    0x00,0x00,0x00,0x00,0x00,0x00,0x00,0x00,0x00,0xFF,0xFF,0x04,0x00,0x00,0x00,0xFF,0xFF,0xAA,0xFF,0xFF,0xFF,0xFF,0xFF,0xFB,
    0xFF,0xFF,0xFF,0xFF,0xFF,0xFF,0xFF,0xFF,0xFB,0xFF,0xFF,0xFF,0xFF,0xFF,0x55,0x00,0x00,0x00,0xFF,0xFF,0x04,0x00,0x00,0x00,
    0x00,0x00,0x00,0x00,0x00,0x00,0x00,0x00,0x00,0x00,0x00,0x00,0x00,0x00,0x00,0x00,0x00,0x00,0x00,0x00,0x00,0x00,0x00,0x00,
    0x00,0x00,0x00,0x00,0x00,0x00,0x00,0x00,0x00,0x00,0x00,0x00,0x00,0x00,0x00,0x00,0x00,0x00,0x00,0x00,0x00,0x00,0x00,0x00,
    0x00,0x00,0x00,0x00,0x00,0x00,0x00,0x00,0x00,0x00,0x00,0x00,0x00,0x00,0x00,0x00,0x00,0x00,0x00,0x00,0x00,0x00,0x00,0x00,
    0x00,0x00,0x00,0x00,0x00,0x00,0x00,0x00,0x00,0x00,0x00,0x00,0x00,0x00,0x00,0x00,0x00,0x00,0x00,0x00,0x00,0x00,0x00,0x00,
    0x00,0x00,0x00,0x00,0x00,0x00,0x00,0x00,0x00,0x00,0x00,0x00,0x00,0x00,0x00,0x00,0x00,0x00,0x00,0x00,0x00,0x00,0x00,0x00,
    0x00,0x00,0x00,0x00,0x00,0x00,0x00,0x00,0x00,0x00,0x00,0x00,0x00,0x00,0x00,0x00,0x00,0x00,0x00,0x00,0x00,0x00,0x00,0x00,
    0x00,0x00,0x00,0xFF,0xFF,0x01,0x00,0x00,0x00,0xFF,0xFF,0x10,0xFF,0xFF,0xEF,0xFF,0xFF,0xFF,0xFF,0xFF,0xFE,0xFF,0xFF,0xFF,
    0xFF,0xFF,0xFE,0xFF,0xFF,0xFF,0xFF,0xFF,0xEF,0xFF,0xFF,0x10,0x00,0x00,0x00,0xFF,0xFF,0x01,0x00,0x00,0x00,0x00,0x00,0x00,
    0x00,0x00,0x00,0x00,0x00,0x00,0x00,0x00,0x00,0x00,0x00,0x00,0xFF,0xFF,0x01,0xFF,0xFF,0x01,0x00,0x00,0x00,0x00,0x00,0x00,
    0x00,0x00,0x00,0x00,0x00,0x00,0x00,0x00,0x00,0xFF,0xFF,0x03,0x00,0x00,0x00,0x00,0x00,0x00,0x00,0x00,0x00,0x00,0x00,0x00,
    0x00,0x00,0x00,0x00,0x00,0x00,0xFF,0xFF,0x04,0x00,0x00,0x00,0xFF,0xFF,0x6A,0xFF,0xFF,0xFF,0xFF,0xFF,0xF9,0xFF,0xFF,0xFF,
    0xFF,0xFF,0xFF,0xFF,0xFF,0xFF,0xFF,0xFF,0xFF,0xFF,0xFF,0xFF,0xFF,0xFF,0xFF,0xFF,0xFF,0xFA,0xFF,0xFF,0xFF,0xFF,0xFF,0xC0,
    0x00,0x00,0x00,0xFF,0xFF,0x03,0x00,0x00,0x00,0x00,0x00,0x00,0x00,0x00,0x00,0x00,0x00,0x00,0x00,0x00,0x00,0x00,0x00,0x00,
    0xFF,0xFF,0x01,0xFF,0xFF,0x01,0x00,0x00,0x00,0x00,0x00,0x00,0x00,0x00,0x00,0x00,0x00,0x00,0x00,0x00,0x00,0xFF,0xFF,0x03,
    0x00,0x00,0x00,0x00,0x00,0x00,0x00,0x00,0x00,0x00,0x00,0x00,0x00,0x00,0x00,0x00,0x00,0x00,0xFF,0xFF,0x04,0x00,0x00,0x00,
    0xFF,0xFF,0x6A,0xFF,0xFF,0xFF,0xFF,0xFF,0xF9,0xFF,0xFF,0xFF,0xFF,0xFF,0xFF,0xFF,0xFF,0xFF,0xFF,0xFF,0xFF,0xFF,0xFF,0xFF,
    0xFF,0xFF,0xFF,0xFF,0xFF,0xFA,0xFF,0xFF,0xFF,0xFF,0xFF,0xC0,0x00,0x00,0x00,0xFF,0xFF,0x03,0x00,0x00,0x00,0x00,0x00,0x00,
    0x00,0x00,0x00,0x00,0x00,0x00,0x00,0x00,0x00,0x00,0x00,0x00,0xFF,0xFF,0x01,0xFF,0xFF,0x01,0x00,0x00,0x00,0x00,0x00,0x00,
    0x00,0x00,0x00,0x00,0x00,0x00,0x00,0x00,0x00,0xFF,0xFF,0x03,0x00,0x00,0x00,0x00,0x00,0x00,0x00,0x00,0x00,0x00,0x00,0x00,
    0x00,0x00,0x00,0x00,0x00,0x00,0x00,0x00,0x00,0x00,0x00,0x00,0x00,0x00,0x00,0xFF,0xFF,0x04,0x00,0x00,0x00,0xFF,0xFF,0xAA,
    0xFF,0xFF,0xFF,0xFF,0xFF,0xFB,0xFF,0xFF,0xFF,0xFF,0xFF,0xFF,0xFF,0xFF,0xFB,0xFF,0xFF,0xFF,0xFF,0xFF,0x55,0x00,0x00,0x00,
    0xFF,0xFF,0x04,0x00,0x00,0x00,0x00,0x00,0x00,0x00,0x00,0x00,0x00,0x00,0x00,0x00,0x00,0x00,0x00,0x00,0x00,0x00,0x00,0x00,
    0x00,0x00,0x00,0x00,0x00,0x00,0x00,0x00,0x00,0x00,0x00,0x00,0x00,0x00,0x00,0x00,0x00,0x00,0x00,0x00,0x00,0x00,0x00,0x00,
    0x00,0x00,0x00,0x00,0x00,0x00,0x00,0x00,0x00,0x00,0x00,0x00,0x00,0x00,0x00,0x00,0x00,0x00,0x00,0x00,0x00,0x00,0x00,0x00,
    0x00,0x00,0x00,0x00,0x00,0x00,0x00,0x00,0x00,0x00,0x00,0x00,0x00,0x00,0x00,0x00,0x00,0x00,0x00,0x00,0x00,0x00,0x00,0x00,
    0x00,0x00,0x00,0x00,0x00,0x00,0x00,0x00,0x00,0x00,0x00,0x00,0x00,0x00,0x00,0x00,0x00,0x00,0x00,0x00,0x00,0x00,0x00,0x00,
    0x00,0x00,0x00,0x00,0x00,0x00,0x00,0x00,0x00,0x00,0x00,0x00,0x00,0x00,0x00,0x00,0x00,0x00,0x00,0x00,0x00,0x00,0x00,0x00,
    0x00,0x00,0x00,0x00,0x00,0x00,0x00,0x00,0x00,0xFF,0xFF,0x01,0x00,0x00,0x00,0xFF,0xFF,0x10,0xFF,0xFF,0xEF,0xFF,0xFF,0xFF,
    0xFF,0xFF,0xFE,0xFF,0xFF,0xFF,0xFF,0xFF,0xFE,0xFF,0xFF,0xFF,0xFF,0xFF,0xEF,0xFF,0xFF,0x10,0x00,0x00,0x00,0xFF,0xFF,0x01,
    0x00,0x00,0x00,0x00,0x00,0x00,0x00,0x00,0x00,0x00,0x00,0x00,0x00,0x00,0x00,0x00,0x00,0x00,0x00,0x00,0x00,0x00,0x00,0x00,
    0xFF,0xFF,0x02,0xFF,0xFF,0x04,0xFF,0xFF,0x04,0xFF,0xFF,0x03,0xFF,0xFF,0x01,0x00,0x00,0x00,0x00,0x00,0x00,0x00,0x00,0x00,
    0x00,0x00,0x00,0x00,0x00,0x00,0x00,0x00,0x00,0x00,0x00,0x00,0xFF,0xFF,0x03,0xFF,0xFF,0x05,0xFF,0xFF,0xC7,0xFF,0xFF,0xFD,
    0xFF,0xFF,0xFC,0xFF,0xFF,0xFF,0xFF,0xFF,0xFF,0xFF,0xFF,0xFF,0xFF,0xFF,0xFF,0xFF,0xFF,0xFF,0xFF,0xFF,0xFF,0xFF,0xFF,0xFF,
    0xFF,0xFF,0xFC,0xFF,0xFF,0xF9,0xFF,0xFF,0x28,0x00,0x00,0x00,0xFF,0xFF,0x02,0x00,0x00,0x00,0x00,0x00,0x00,0x00,0x00,0x00,
    0x00,0x00,0x00,0x00,0x00,0x00,0x00,0x00,0x00,0x00,0x00,0x00,0xFF,0xFF,0x02,0xFF,0xFF,0x04,0xFF,0xFF,0x04,0xFF,0xFF,0x03,
    0xFF,0xFF,0x01,0x00,0x00,0x00,0x00,0x00,0x00,0x00,0x00,0x00,0x00,0x00,0x00,0x00,0x00,0x00,0x00,0x00,0x00,0x00,0x00,0x00,
    0xFF,0xFF,0x03,0xFF,0xFF,0x05,0xFF,0xFF,0xC7,0xFF,0xFF,0xFD,0xFF,0xFF,0xFC,0xFF,0xFF,0xFF,0xFF,0xFF,0xFF,0xFF,0xFF,0xFF,
    0xFF,0xFF,0xFF,0xFF,0xFF,0xFF,0xFF,0xFF,0xFF,0xFF,0xFF,0xFF,0xFF,0xFF,0xFC,0xFF,0xFF,0xF9,0xFF,0xFF,0x28,0x00,0x00,0x00,
    0xFF,0xFF,0x02,0x00,0x00,0x00,0x00,0x00,0x00,0x00,0x00,0x00,0x00,0x00,0x00,0x00,0x00,0x00,0x00,0x00,0x00,0x00,0x00,0x00,
    0xFF,0xFF,0x02,0xFF,0xFF,0x04,0xFF,0xFF,0x04,0xFF,0xFF,0x03,0xFF,0xFF,0x01,0x00,0x00,0x00,0x00,0x00,0x00,0x00,0x00,0x00,
    0x00,0x00,0x00,0x00,0x00,0x00,0x00,0x00,0x00,0x00,0x00,0x00,0x00,0x00,0x00,0x00,0x00,0x00,0x00,0x00,0x00,0xFF,0xFF,0x04,
    0x00,0x00,0x00,0xFF,0xFF,0xAA,0xFF,0xFF,0xFF,0xFF,0xFF,0xFB,0xFF,0xFF,0xFF,0xFF,0xFF,0xFF,0xFF,0xFF,0xFB,0xFF,0xFF,0xFF,
    0xFF,0xFF,0x55,0x00,0x00,0x00,0xFF,0xFF,0x04,0x00,0x00,0x00,0x00,0x00,0x00,0x00,0x00,0x00,0x00,0x00,0x00,0x00,0x00,0x00,
    0x00,0x00,0x00,0x00,0x00,0x00,0x00,0x00,0x00,0x00,0x00,0x00,0x00,0x00,0x00,0x00,0x00,0x00,0x00,0x00,0x00,0x00,0x00,0x00,
    0x00,0x00,0x00,0x00,0x00,0x00,0x00,0x00,0x00,0x00,0x00,0x00,0x00,0x00,0x00,0x00,0x00,0x00,0x00,0x00,0x00,0x00,0x00,0x00,
    0x00,0x00,0x00,0x00,0x00,0x00,0x00,0x00,0x00,0x00,0x00,0x00,0x00,0x00,0x00,0x00,0x00,0x00,0x00,0x00,0x00,0x00,0x00,0x00,
    0x00,0x00,0x00,0x00,0x00,0x00,0x00,0x00,0x00,0x00,0x00,0x00,0x00,0x00,0x00,0x00,0x00,0x00,0x00,0x00,0x00,0x00,0x00,0x00,
    0x00,0x00,0x00,0x00,0x00,0x00,0x00,0x00,0x00,0x00,0x00,0x00,0x00,0x00,0x00,0x00,0x00,0x00,0x00,0x00,0x00,0x00,0x00,0x00,
    0x00,0x00,0x00,0x00,0x00,0x00,0x00,0x00,0x00,0x00,0x00,0x00,0x00,0x00,0x00,0xFF,0xFF,0x01,0x00,0x00,0x00,0xFF,0xFF,0x10,
    0xFF,0xFF,0xEF,0xFF,0xFF,0xFF,0xFF,0xFF,0xFE,0xFF,0xFF,0xFF,0xFF,0xFF,0xFE,0xFF,0xFF,0xFF,0xFF,0xFF,0xEF,0xFF,0xFF,0x10,
    0x00,0x00,0x00,0xFF,0xFF,0x01,0x00,0x00,0x00,0x00,0x00,0x00,0x00,0x00,0x00,0x00,0x00,0x00,0x00,0x00,0x00,0x00,0x00,0x00,
    0x00,0x00,0x00,0x00,0x00,0x00,0x00,0x00,0x00,0x00,0x00,0x00,0x00,0x00,0x00,0x00,0x00,0x00,0x00,0x00,0x00,0x00,0x00,0x00,
    0x00,0x00,0x00,0x00,0x00,0x00,0x00,0x00,0x00,0x00,0x00,0x00,0x00,0x00,0x00,0xFF,0xFF,0x01,0x00,0x00,0x00,0xFF,0xFF,0x11,
    0xFF,0xFF,0xF1,0xFF,0xFF,0xFF,0xFF,0xFF,0xFE,0xFF,0xFF,0xFF,0xFF,0xFF,0xFF,0xFF,0xFF,0xFF,0xFF,0xFF,0xFF,0xFF,0xFF,0xFF,
    0xFF,0xFF,0xFF,0xFF,0xFF,0xFF,0xFF,0xFF,0xFB,0xFF,0xFF,0xFE,0xFF,0xFF,0x58,0x00,0x00,0x00,0xFF,0xFF,0x04,0x00,0x00,0x00,
    0x00,0x00,0x00,0x00,0x00,0x00,0x00,0x00,0x00,0x00,0x00,0x00,0x00,0x00,0x00,0x00,0x00,0x00,0x00,0x00,0x00,0x00,0x00,0x00,
    0x00,0x00,0x00,0x00,0x00,0x00,0x00,0x00,0x00,0x00,0x00,0x00,0x00,0x00,0x00,0x00,0x00,0x00,0x00,0x00,0x00,0x00,0x00,0x00,
    0x00,0x00,0x00,0xFF,0xFF,0x01,0x00,0x00,0x00,0xFF,0xFF,0x11,0xFF,0xFF,0xF1,0xFF,0xFF,0xFF,0xFF,0xFF,0xFE,0xFF,0xFF,0xFF,
    0xFF,0xFF,0xFF,0xFF,0xFF,0xFF,0xFF,0xFF,0xFF,0xFF,0xFF,0xFF,0xFF,0xFF,0xFF,0xFF,0xFF,0xFF,0xFF,0xFF,0xFB,0xFF,0xFF,0xFE,
    0xFF,0xFF,0x58,0x00,0x00,0x00,0xFF,0xFF,0x04,0x00,0x00,0x00,0x00,0x00,0x00,0x00,0x00,0x00,0x00,0x00,0x00,0x00,0x00,0x00,
    0x00,0x00,0x00,0x00,0x00,0x00,0x00,0x00,0x00,0x00,0x00,0x00,0x00,0x00,0x00,0x00,0x00,0x00,0x00,0x00,0x00,0x00,0x00,0x00,
    0x00,0x00,0x00,0x00,0x00,0x00,0x00,0x00,0x00,0x00,0x00,0x00,0x00,0x00,0x00,0x00,0x00,0x00,0x00,0x00,0x00,0x00,0x00,0x00,
    0x00,0x00,0x00,0xFF,0xFF,0x04,0x00,0x00,0x00,0xFF,0xFF,0xAA,0xFF,0xFF,0xFF,0xFF,0xFF,0xFB,0xFF,0xFF,0xFF,0xFF,0xFF,0xFF,
    0xFF,0xFF,0xFB,0xFF,0xFF,0xFF,0xFF,0xFF,0x55,0x00,0x00,0x00,0xFF,0xFF,0x04,0x00,0x00,0x00,0x00,0x00,0x00,0x00,0x00,0x00,
    0x00,0x00,0x00,0x00,0x00,0x00,0x00,0x00,0x00,0x00,0x00,0x00,0x00,0x00,0x00,0x00,0x00,0x00,0x00,0x00,0x00,0x00,0x00,0x00,
    0x00,0x00,0x00,0x00,0x00,0x00,0x00,0x00,0x00,0x00,0x00,0x00,0x00,0x00,0x00,0x00,0x00,0x00,0x00,0x00,0x00,0x00,0x00,0x00,
    0x00,0x00,0x00,0x00,0x00,0x00,0x00,0x00,0x00,0x00,0x00,0x00,0x00,0x00,0x00,0x00,0x00,0x00,0x00,0x00,0x00,0x00,0x00,0x00,
    0x00,0x00,0x00,0x00,0x00,0x00,0x00,0x00,0x00,0x00,0x00,0x00,0x00,0x00,0x00,0x00,0x00,0x00,0x00,0x00,0x00,0x00,0x00,0x00,
    0x00,0x00,0x00,0x00,0x00,0x00,0x00,0x00,0x00,0x00,0x00,0x00,0x00,0x00,0x00,0x00,0x00,0x00,0x00,0x00,0x00,0x00,0x00,0x00,
    0x00,0x00,0x00,0x00,0x00,0x00,0x00,0x00,0x00,0x00,0x00,0x00,0x00,0x00,0x00,0x00,0x00,0x00,0x00,0x00,0x00,0xFF,0xFF,0x01,
    0x00,0x00,0x00,0xFF,0xFF,0x10,0xFF,0xFF,0xEF,0xFF,0xFF,0xFF,0xFF,0xFF,0xFE,0xFF,0xFF,0xFF,0xFF,0xFF,0xFE,0xFF,0xFF,0xFF,
    0xFF,0xFF,0xEF,0xFF,0xFF,0x10,0x00,0x00,0x00,0xFF,0xFF,0x01,0x00,0x00,0x00,0x00,0x00,0x00,0x00,0x00,0x00,0x00,0x00,0x00,
    0x00,0x00,0x00,0x00,0x00,0x00,0x00,0x00,0x00,0x00,0x00,0x00,0x00,0x00,0x00,0x00,0x00,0x00,0x00,0x00,0x00,0x00,0x00,0x00,
    0x00,0x00,0x00,0x00,0x00,0x00,0x00,0x00,0x00,0x00,0x00,0x00,0x00,0x00,0x00,0x00,0x00,0x00,0x00,0x00,0x00,0xFF,0xFF,0x01,
    0x00,0x00,0x00,0xFF,0xFF,0x11,0xFF,0xFF,0xF1,0xFF,0xFF,0xFF,0xFF,0xFF,0xFE,0xFF,0xFF,0xFF,0xFF,0xFF,0xFF,0xFF,0xFF,0xFF,
    0xFF,0xFF,0xFF,0xFF,0xFF,0xFF,0xFF,0xFF,0xFF,0xFF,0xFF,0xFF,0xFF,0xFF,0xFB,0xFF,0xFF,0xFF,0xFF,0xFF,0x58,0x00,0x00,0x00,
    0xFF,0xFF,0x04,0x00,0x00,0x00,0x00,0x00,0x00,0x00,0x00,0x00,0x00,0x00,0x00,0x00,0x00,0x00,0x00,0x00,0x00,0x00,0x00,0x00,
    0x00,0x00,0x00,0x00,0x00,0x00,0x00,0x00,0x00,0x00,0x00,0x00,0x00,0x00,0x00,0x00,0x00,0x00,0x00,0x00,0x00,0x00,0x00,0x00,
    0x00,0x00,0x00,0x00,0x00,0x00,0x00,0x00,0x00,0xFF,0xFF,0x01,0x00,0x00,0x00,0xFF,0xFF,0x11,0xFF,0xFF,0xF1,0xFF,0xFF,0xFF,
    0xFF,0xFF,0xFE,0xFF,0xFF,0xFF,0xFF,0xFF,0xFF,0xFF,0xFF,0xFF,0xFF,0xFF,0xFF,0xFF,0xFF,0xFF,0xFF,0xFF,0xFF,0xFF,0xFF,0xFF,
    0xFF,0xFF,0xFB,0xFF,0xFF,0xFF,0xFF,0xFF,0x58,0x00,0x00,0x00,0xFF,0xFF,0x04,0x00,0x00,0x00,0x00,0x00,0x00,0x00,0x00,0x00,
    0x00,0x00,0x00,0x00,0x00,0x00,0x00,0x00,0x00,0x00,0x00,0x00,0x00,0x00,0x00,0x00,0x00,0x00,0x00,0x00,0x00,0x00,0x00,0x00,
    0x00,0x00,0x00,0x00,0x00,0x00,0x00,0x00,0x00,0x00,0x00,0x00,0x00,0x00,0x00,0x00,0x00,0x00,0x00,0x00,0x00,0x00,0x00,0x00,
    0x00,0x00,0x00,0x00,0x00,0x00,0x00,0x00,0x00,0xFF,0xFF,0x04,0x00,0x00,0x00,0xFF,0xFF,0xAA,0xFF,0xFF,0xFF,0xFF,0xFF,0xFB,
    0xFF,0xFF,0xFF,0xFF,0xFF,0xFF,0xFF,0xFF,0xFB,0xFF,0xFF,0xFF,0xFF,0xFF,0x55,0x00,0x00,0x00,0xFF,0xFF,0x04,0x00,0x00,0x00,
    0x00,0x00,0x00,0x00,0x00,0x00,0x00,0x00,0x00,0x00,0x00,0x00,0x00,0x00,0x00,0x00,0x00,0x00,0x00,0x00,0x00,0x00,0x00,0x00,
    0x00,0x00,0x00,0x00,0x00,0x00,0x00,0x00,0x00,0x00,0x00,0x00,0x00,0x00,0x00,0x00,0x00,0x00,0x00,0x00,0x00,0x00,0x00,0x00,
    0x00,0x00,0x00,0x00,0x00,0x00,0x00,0x00,0x00,0x00,0x00,0x00,0x00,0x00,0x00,0x00,0x00,0x00,0x00,0x00,0x00,0x00,0x00,0x00,
    0x00,0x00,0x00,0x00,0x00,0x00,0x00,0x00,0x00,0x00,0x00,0x00,0x00,0x00,0x00,0x00,0x00,0x00,0x00,0x00,0x00,0x00,0x00,0x00,
    0x00,0x00,0x00,0x00,0x00,0x00,0x00,0x00,0x00,0x00,0x00,0x00,0x00,0x00,0x00,0x00,0x00,0x00,0x00,0x00,0x00,0x00,0x00,0x00,
    0x00,0x00,0x00,0x00,0x00,0x00,0x00,0x00,0x00,0x00,0x00,0x00,0x00,0x00,0x00,0x00,0x00,0x00,0x00,0x00,0x00,0x00,0x00,0x00,
    0x00,0x00,0x00,0xFF,0xFF,0x01,0x00,0x00,0x00,0xFF,0xFF,0x10,0xFF,0xFF,0xEF,0xFF,0xFF,0xFF,0xFF,0xFF,0xFE,0xFF,0xFF,0xFF,
    0xFF,0xFF,0xFE,0xFF,0xFF,0xFF,0xFF,0xFF,0xEF,0xFF,0xFF,0x10,0x00,0x00,0x00,0xFF,0xFF,0x01,0x00,0x00,0x00,0x00,0x00,0x00,
    0x00,0x00,0x00,0x00,0x00,0x00,0x00,0x00,0x00,0x00,0x00,0x00,0x00,0x00,0x00,0x00,0x00,0x00,0x00,0x00,0x00,0x00,0x00,0x00,
    0x00,0x00,0x00,0x00,0x00,0x00,0x00,0x00,0x00,0x00,0x00,0x00,0x00,0x00,0x00,0x00,0x00,0x00,0x00,0x00,0x00,0x00,0x00,0x00,
    0x00,0x00,0x00,0xFF,0xFF,0x01,0xFF,0xFF,0x01,0xFF,0xFF,0x0B,0xFF,0xFF,0xDC,0xFF,0xFF,0xFD,0xFF,0xFF,0xFD,0xFF,0xFF,0xFF,
    0xFF,0xFF,0xFF,0xFF,0xFF,0xFF,0xFF,0xFF,0xFF,0xFF,0xFF,0xFF,0xFF,0xFF,0xFF,0xFF,0xFF,0xFF,0xFF,0xFF,0xFC,0xFF,0xFF,0xFC,
    0xFF,0xFF,0x3F,0x00,0x00,0x00,0xFF,0xFF,0x03,0x00,0x00,0x00,0x00,0x00,0x00,0x00,0x00,0x00,0x00,0x00,0x00,0x00,0x00,0x00,
    0x00,0x00,0x00,0x00,0x00,0x00,0x00,0x00,0x00,0x00,0x00,0x00,0x00,0x00,0x00,0x00,0x00,0x00,0x00,0x00,0x00,0x00,0x00,0x00,
    0x00,0x00,0x00,0x00,0x00,0x00,0x00,0x00,0x00,0x00,0x00,0x00,0x00,0x00,0x00,0xFF,0xFF,0x01,0xFF,0xFF,0x01,0xFF,0xFF,0x0B,
    0xFF,0xFF,0xDC,0xFF,0xFF,0xFD,0xFF,0xFF,0xFD,0xFF,0xFF,0xFF,0xFF,0xFF,0xFF,0xFF,0xFF,0xFF,0xFF,0xFF,0xFF,0xFF,0xFF,0xFF,
    0xFF,0xFF,0xFF,0xFF,0xFF,0xFF,0xFF,0xFF,0xFC,0xFF,0xFF,0xFC,0xFF,0xFF,0x3F,0x00,0x00,0x00,0xFF,0xFF,0x03,0x00,0x00,0x00,
    0x00,0x00,0x00,0x00,0x00,0x00,0x00,0x00,0x00,0x00,0x00,0x00,0x00,0x00,0x00,0x00,0x00,0x00,0x00,0x00,0x00,0x00,0x00,0x00,
    0x00,0x00,0x00,0x00,0x00,0x00,0x00,0x00,0x00,0x00,0x00,0x00,0x00,0x00,0x00,0x00,0x00,0x00,0x00,0x00,0x00,0x00,0x00,0x00,
    0x00,0x00,0x00,0x00,0x00,0x00,0x00,0x00,0x00,0x00,0x00,0x00,0x00,0x00,0x00,0xFF,0xFF,0x04,0x00,0x00,0x00,0xFF,0xFF,0xAA,
    0xFF,0xFF,0xFF,0xFF,0xFF,0xFB,0xFF,0xFF,0xFF,0xFF,0xFF,0xFF,0xFF,0xFF,0xFB,0xFF,0xFF,0xFF,0xFF,0xFF,0x55,0x00,0x00,0x00,
    0xFF,0xFF,0x04,0x00,0x00,0x00,0x00,0x00,0x00,0x00,0x00,0x00,0x00,0x00,0x00,0x00,0x00,0x00,0x00,0x00,0x00,0x00,0x00,0x00,
    0x00,0x00,0x00,0x00,0x00,0x00,0x00,0x00,0x00,0x00,0x00,0x00,0x00,0x00,0x00,0x00,0x00,0x00,0x00,0x00,0x00,0x00,0x00,0x00,
    0x00,0x00,0x00,0x00,0x00,0x00,0x00,0x00,0x00,0x00,0x00,0x00,0x00,0x00,0x00,0x00,0x00,0x00,0x00,0x00,0x00,0x00,0x00,0x00,
    0x00,0x00,0x00,0x00,0x00,0x00,0x00,0x00,0x00,0x00,0x00,0x00,0x00,0x00,0x00,0x00,0x00,0x00,0x00,0x00,0x00,0x00,0x00,0x00,
    0x00,0x00,0x00,0x00,0x00,0x00,0x00,0x00,0x00,0x00,0x00,0x00,0x00,0x00,0x00,0x00,0x00,0x00,0x00,0x00,0x00,0x00,0x00,0x00,
    0x00,0x00,0x00,0x00,0x00,0x00,0x00,0x00,0x00,0x00,0x00,0x00,0x00,0x00,0x00,0x00,0x00,0x00,0x00,0x00,0x00,0x00,0x00,0x00,
    0x00,0x00,0x00,0x00,0x00,0x00,0x00,0x00,0x00,0xFF,0xFF,0x01,0x00,0x00,0x00,0xFF,0xFF,0x10,0xFF,0xFF,0xEF,0xFF,0xFF,0xFF,
    0xFF,0xFF,0xFE,0xFF,0xFF,0xFF,0xFF,0xFF,0xFE,0xFF,0xFF,0xFF,0xFF,0xFF,0xEF,0xFF,0xFF,0x10,0x00,0x00,0x00,0xFF,0xFF,0x01,
    0x00,0x00,0x00,0x00,0x00,0x00,0x00,0x00,0x00,0x00,0x00,0x00,0x00,0x00,0x00,0x00,0x00,0x00,0x00,0x00,0x00,0x00,0x00,0x00,
    0x00,0x00,0x00,0x00,0x00,0x00,0x00,0x00,0x00,0x00,0x00,0x00,0x00,0x00,0x00,0x00,0x00,0x00,0x00,0x00,0x00,0x00,0x00,0x00,
    0x00,0x00,0x00,0x00,0x00,0x00,0x00,0x00,0x00,0x00,0x00,0x00,0xFF,0xFF,0x05,0x00,0x00,0x00,0xFF,0xFF,0x8F,0xFF,0xFF,0xFF,
    0xFF,0xFF,0xF9,0xFF,0xFF,0xFF,0xFF,0xFF,0xFF,0xFF,0xFF,0xFF,0xFF,0xFF,0xFF,0xFF,0xFF,0xFF,0xFF,0xFF,0xFF,0xFF,0xFF,0xFC,
    0xFF,0xFF,0xFF,0xFF,0xFF,0xE1,0xFF,0xFF,0x06,0xFF,0xFF,0x02,0x00,0x00,0x00,0x00,0x00,0x00,0x00,0x00,0x00,0x00,0x00,0x00,
    0x00,0x00,0x00,0x00,0x00,0x00,0x00,0x00,0x00,0x00,0x00,0x00,0x00,0x00,0x00,0x00,0x00,0x00,0x00,0x00,0x00,0x00,0x00,0x00,
    0x00,0x00,0x00,0x00,0x00,0x00,0x00,0x00,0x00,0x00,0x00,0x00,0x00,0x00,0x00,0x00,0x00,0x00,0x00,0x00,0x00,0x00,0x00,0x00,
    0xFF,0xFF,0x05,0x00,0x00,0x00,0xFF,0xFF,0x8F,0xFF,0xFF,0xFF,0xFF,0xFF,0xF9,0xFF,0xFF,0xFF,0xFF,0xFF,0xFF,0xFF,0xFF,0xFF,
    0xFF,0xFF,0xFF,0xFF,0xFF,0xFF,0xFF,0xFF,0xFF,0xFF,0xFF,0xFC,0xFF,0xFF,0xFF,0xFF,0xFF,0xE1,0xFF,0xFF,0x06,0xFF,0xFF,0x02,
    0x00,0x00,0x00,0x00,0x00,0x00,0x00,0x00,0x00,0x00,0x00,0x00,0x00,0x00,0x00,0x00,0x00,0x00,0x00,0x00,0x00,0x00,0x00,0x00,
    0x00,0x00,0x00,0x00,0x00,0x00,0x00,0x00,0x00,0x00,0x00,0x00,0x00,0x00,0x00,0x00,0x00,0x00,0x00,0x00,0x00,0x00,0x00,0x00,
    0x00,0x00,0x00,0x00,0x00,0x00,0x00,0x00,0x00,0x00,0x00,0x00,0x00,0x00,0x00,0x00,0x00,0x00,0x00,0x00,0x00,0xFF,0xFF,0x04,
    0x00,0x00,0x00,0xFF,0xFF,0xAA,0xFF,0xFF,0xFF,0xFF,0xFF,0xFB,0xFF,0xFF,0xFF,0xFF,0xFF,0xFF,0xFF,0xFF,0xFB,0xFF,0xFF,0xFF,
    0xFF,0xFF,0x55,0x00,0x00,0x00,0xFF,0xFF,0x04,0x00,0x00,0x00,0x00,0x00,0x00,0x00,0x00,0x00,0x00,0x00,0x00,0x00,0x00,0x00,
    0x00,0x00,0x00,0x00,0x00,0x00,0x00,0x00,0x00,0x00,0x00,0x00,0x00,0x00,0x00,0x00,0x00,0x00,0x00,0x00,0x00,0x00,0x00,0x00,
    0x00,0x00,0x00,0x00,0x00,0x00,0x00,0x00,0x00,0x00,0x00,0x00,0x00,0x00,0x00,0x00,0x00,0x00,0x00,0x00,0x00,0x00,0x00,0x00,
    0x00,0x00,0x00,0x00,0x00,0x00,0x00,0x00,0x00,0x00,0x00,0x00,0x00,0x00,0x00,0x00,0x00,0x00,0xFF,0xFF,0x04,0xFF,0xFF,0x04,
    0xFF,0xFF,0x04,0xFF,0xFF,0x04,0xFF,0xFF,0x04,0xFF,0xFF,0x04,0xFF,0xFF,0x04,0xFF,0xFF,0x04,0xFF,0xFF,0x04,0xFF,0xFF,0x04,
    0xFF,0xFF,0x04,0xFF,0xFF,0x04,0xFF,0xFF,0x04,0xFF,0xFF,0x04,0xFF,0xFF,0x04,0xFF,0xFF,0x04,0xFF,0xFF,0x04,0xFF,0xFF,0x04,
    0xFF,0xFF,0x04,0xFF,0xFF,0x04,0xFF,0xFF,0x04,0xFF,0xFF,0x04,0xFF,0xFF,0x04,0xFF,0xFF,0x05,0xFF,0xFF,0x04,0xFF,0xFF,0x13,
    0xFF,0xFF,0xEF,0xFF,0xFF,0xFF,0xFF,0xFF,0xFE,0xFF,0xFF,0xFF,0xFF,0xFF,0xFE,0xFF,0xFF,0xFF,0xFF,0xFF,0xEF,0xFF,0xFF,0x10,
    0x00,0x00,0x00,0xFF,0xFF,0x01,0x00,0x00,0x00,0x00,0x00,0x00,0x00,0x00,0x00,0x00,0x00,0x00,0x00,0x00,0x00,0x00,0x00,0x00,
    0x00,0x00,0x00,0x00,0x00,0x00,0x00,0x00,0x00,0x00,0x00,0x00,0x00,0x00,0x00,0x00,0x00,0x00,0x00,0x00,0x00,0x00,0x00,0x00,
    0x00,0x00,0x00,0x00,0x00,0x00,0x00,0x00,0x00,0x00,0x00,0x00,0x00,0x00,0x00,0x00,0x00,0x00,0xFF,0xFF,0x02,0xFF,0xFF,0x02,
    0xFF,0xFF,0x1D,0xFF,0xFF,0xDE,0xFF,0xFF,0xFF,0xFF,0xFF,0xFA,0xFF,0xFF,0xFF,0xFF,0xFF,0xFF,0xFF,0xFF,0xFF,0xFF,0xFF,0xFF,
    0xFF,0xFF,0xFC,0xFF,0xFF,0xFC,0xFF,0xFF,0xFF,0xFF,0xFF,0x55,0x00,0x00,0x00,0xFF,0xFF,0x03,0x00,0x00,0x00,0x00,0x00,0x00,
    0x00,0x00,0x00,0x00,0x00,0x00,0x00,0x00,0x00,0x00,0x00,0x00,0x00,0x00,0x00,0x00,0x00,0x00,0x00,0x00,0x00,0x00,0x00,0x00,
    0x00,0x00,0x00,0x00,0x00,0x00,0x00,0x00,0x00,0x00,0x00,0x00,0x00,0x00,0x00,0x00,0x00,0x00,0x00,0x00,0x00,0x00,0x00,0x00,
    0x00,0x00,0x00,0x00,0x00,0x00,0xFF,0xFF,0x02,0xFF,0xFF,0x02,0xFF,0xFF,0x1D,0xFF,0xFF,0xDE,0xFF,0xFF,0xFF,0xFF,0xFF,0xFA,
    0xFF,0xFF,0xFF,0xFF,0xFF,0xFF,0xFF,0xFF,0xFF,0xFF,0xFF,0xFF,0xFF,0xFF,0xFC,0xFF,0xFF,0xFC,0xFF,0xFF,0xFF,0xFF,0xFF,0x55,
    0x00,0x00,0x00,0xFF,0xFF,0x03,0x00,0x00,0x00,0x00,0x00,0x00,0x00,0x00,0x00,0x00,0x00,0x00,0x00,0x00,0x00,0x00,0x00,0x00,
    0x00,0x00,0x00,0x00,0x00,0x00,0x00,0x00,0x00,0x00,0x00,0x00,0x00,0x00,0x00,0x00,0x00,0x00,0x00,0x00,0x00,0x00,0x00,0x00,
    0x00,0x00,0x00,0x00,0x00,0x00,0x00,0x00,0x00,0x00,0x00,0x00,0x00,0x00,0x00,0x00,0x00,0x00,0x00,0x00,0x00,0x00,0x00,0x00,
    0x00,0x00,0x00,0xFF,0xFF,0x04,0x00,0x00,0x00,0xFF,0xFF,0xAA,0xFF,0xFF,0xFF,0xFF,0xFF,0xFB,0xFF,0xFF,0xFF,0xFF,0xFF,0xFF,
    0xFF,0xFF,0xFB,0xFF,0xFF,0xFF,0xFF,0xFF,0x57,0xFF,0xFF,0x04,0xFF,0xFF,0x08,0xFF,0xFF,0x04,0xFF,0xFF,0x04,0xFF,0xFF,0x04,
    0xFF,0xFF,0x04,0xFF,0xFF,0x04,0xFF,0xFF,0x04,0xFF,0xFF,0x04,0xFF,0xFF,0x04,0xFF,0xFF,0x04,0xFF,0xFF,0x04,0xFF,0xFF,0x04,
    0xFF,0xFF,0x04,0xFF,0xFF,0x04,0xFF,0xFF,0x04,0xFF,0xFF,0x04,0xFF,0xFF,0x04,0xFF,0xFF,0x04,0xFF,0xFF,0x04,0xFF,0xFF,0x04,
    0xFF,0xFF,0x04,0xFF,0xFF,0x04,0xFF,0xFF,0x04,0xFF,0xFF,0x04,0xFF,0xFF,0x01,0x00,0x00,0x00,0x00,0x00,0x00,0x00,0x00,0x00,
    0x00,0x00,0x00,0x00,0x00,0x00,0x00,0x00,0x00,0x00,0x00,0x00,0x00,0x00,0x00,0x00,0x00,0x00,0x00,0x00,0x00,0x00,0x00,0x00,
    0x00,0x00,0x00,0x00,0x00,0x00,0x00,0x00,0x00,0x00,0x00,0x00,0x00,0x00,0x00,0x00,0x00,0x00,0x00,0x00,0x00,0x00,0x00,0x00,
    0x00,0x00,0x00,0x00,0x00,0x00,0x00,0x00,0x00,0x00,0x00,0x00,0x00,0x00,0x00,0x00,0x00,0x00,0x00,0x00,0x00,0x00,0x00,0x00,
    0x00,0x00,0x00,0x00,0x00,0x00,0xFF,0xFF,0xEE,0xFF,0xFF,0xFF,0xFF,0xFF,0xFE,0xFF,0xFF,0xFF,0xFF,0xFF,0xFE,0xFF,0xFF,0xFF,
    0xFF,0xFF,0xEF,0xFF,0xFF,0x10,0x00,0x00,0x00,0xFF,0xFF,0x01,0x00,0x00,0x00,0x00,0x00,0x00,0x00,0x00,0x00,0x00,0x00,0x00,
    0x00,0x00,0x00,0x00,0x00,0x00,0x00,0x00,0x00,0x00,0x00,0x00,0x00,0x00,0x00,0x00,0x00,0x00,0x00,0x00,0x00,0x00,0x00,0x00,
    0x00,0x00,0x00,0x00,0x00,0x00,0x00,0x00,0x00,0x00,0x00,0x00,0x00,0x00,0x00,0x00,0x00,0x00,0x00,0x00,0x00,0x00,0x00,0x00,
    0x00,0x00,0x00,0xFF,0xFF,0x02,0x00,0x00,0x00,0xFF,0xFF,0x21,0xFF,0xFF,0xDE,0xFF,0xFF,0xFF,0xFF,0xFF,0xFF,0xFF,0xFF,0xFB,
    0xFF,0xFF,0xFB,0xFF,0xFF,0xFD,0xFF,0xFF,0xFF,0xFF,0xFF,0xFF,0xFF,0xFF,0x5C,0x00,0x00,0x00,0xFF,0xFF,0x03,0x00,0x00,0x00,
    0x00,0x00,0x00,0x00,0x00,0x00,0x00,0x00,0x00,0x00,0x00,0x00,0x00,0x00,0x00,0x00,0x00,0x00,0x00,0x00,0x00,0x00,0x00,0x00,
    0x00,0x00,0x00,0x00,0x00,0x00,0x00,0x00,0x00,0x00,0x00,0x00,0x00,0x00,0x00,0x00,0x00,0x00,0x00,0x00,0x00,0x00,0x00,0x00,
    0x00,0x00,0x00,0x00,0x00,0x00,0x00,0x00,0x00,0x00,0x00,0x00,0x00,0x00,0x00,0xFF,0xFF,0x02,0x00,0x00,0x00,0xFF,0xFF,0x21,
    0xFF,0xFF,0xDE,0xFF,0xFF,0xFF,0xFF,0xFF,0xFF,0xFF,0xFF,0xFB,0xFF,0xFF,0xFB,0xFF,0xFF,0xFD,0xFF,0xFF,0xFF,0xFF,0xFF,0xFF,
    0xFF,0xFF,0x5C,0x00,0x00,0x00,0xFF,0xFF,0x03,0x00,0x00,0x00,0x00,0x00,0x00,0x00,0x00,0x00,0x00,0x00,0x00,0x00,0x00,0x00,
    0x00,0x00,0x00,0x00,0x00,0x00,0x00,0x00,0x00,0x00,0x00,0x00,0x00,0x00,0x00,0x00,0x00,0x00,0x00,0x00,0x00,0x00,0x00,0x00,
    0x00,0x00,0x00,0x00,0x00,0x00,0x00,0x00,0x00,0x00,0x00,0x00,0x00,0x00,0x00,0x00,0x00,0x00,0x00,0x00,0x00,0x00,0x00,0x00,
    0x00,0x00,0x00,0x00,0x00,0x00,0x00,0x00,0x00,0xFF,0xFF,0x04,0x00,0x00,0x00,0xFF,0xFF,0xAA,0xFF,0xFF,0xFF,0xFF,0xFF,0xFB,
    0xFF,0xFF,0xFF,0xFF,0xFF,0xFF,0xFF,0xFF,0xFB,0xFF,0xFF,0xFF,0xFF,0xFF,0x4A,0x00,0x00,0x00,0x00,0x00,0x00,0x00,0x00,0x00,
    0x00,0x00,0x00,0x00,0x00,0x00,0x00,0x00,0x00,0x00,0x00,0x00,0x00,0x00,0x00,0x00,0x00,0x00,0x00,0x00,0x00,0x00,0x00,0x00,
    0x00,0x00,0x00,0x00,0x00,0x00,0x00,0x00,0x00,0x00,0x00,0x00,0x00,0x00,0x00,0x00,0x00,0x00,0x00,0x00,0x00,0x00,0x00,0x00,
    0x00,0x00,0x00,0x00,0x00,0x00,0x00,0x00,0x00,0x00,0x00,0x00,0x00,0x00,0x00,0x00,0x00,0x00,0x00,0x00,0x00,0x00,0x00,0x00,
    0x00,0x00,0x00,0xFF,0xFF,0x05,0xFF,0xFF,0x50,0xFF,0xFF,0x55,0xFF,0xFF,0x55,0xFF,0xFF,0x55,0xFF,0xFF,0x55,0xFF,0xFF,0x55,
    0xFF,0xFF,0x55,0xFF,0xFF,0x55,0xFF,0xFF,0x55,0xFF,0xFF,0x55,0xFF,0xFF,0x55,0xFF,0xFF,0x55,0xFF,0xFF,0x55,0xFF,0xFF,0x55,
    0xFF,0xFF,0x55,0xFF,0xFF,0x55,0xFF,0xFF,0x55,0xFF,0xFF,0x55,0xFF,0xFF,0x55,0xFF,0xFF,0x55,0xFF,0xFF,0x55,0xFF,0xFF,0x55,
    0xFF,0xFF,0x55,0xFF,0xFF,0x56,0xFF,0xFF,0x55,0xFF,0xFF,0x60,0xFF,0xFF,0xF4,0xFF,0xFF,0xFF,0xFF,0xFF,0xFE,0xFF,0xFF,0xFF,
    0xFF,0xFF,0xFE,0xFF,0xFF,0xFF,0xFF,0xFF,0xEF,0xFF,0xFF,0x10,0x00,0x00,0x00,0xFF,0xFF,0x01,0x00,0x00,0x00,0x00,0x00,0x00,
    0x00,0x00,0x00,0x00,0x00,0x00,0x00,0x00,0x00,0x00,0x00,0x00,0x00,0x00,0x00,0x00,0x00,0x00,0x00,0x00,0x00,0x00,0x00,0x00,
    0x00,0x00,0x00,0x00,0x00,0x00,0x00,0x00,0x00,0x00,0x00,0x00,0x00,0x00,0x00,0x00,0x00,0x00,0x00,0x00,0x00,0x00,0x00,0x00,
    0x00,0x00,0x00,0x00,0x00,0x00,0x00,0x00,0x00,0x00,0x00,0x00,0xFF,0xFF,0x03,0x00,0x00,0x00,0xFF,0xFF,0x22,0xFF,0xFF,0xBC,
    0xFF,0xFF,0xF8,0xFF,0xFF,0xFF,0xFF,0xFF,0xFF,0xFF,0xFF,0xFF,0xFF,0xFF,0xD8,0xFF,0xFF,0x59,0x00,0x00,0x00,0xFF,0xFF,0x04,
    0x00,0x00,0x00,0x00,0x00,0x00,0x00,0x00,0x00,0x00,0x00,0x00,0x00,0x00,0x00,0x00,0x00,0x00,0x00,0x00,0x00,0x00,0x00,0x00,
    0x00,0x00,0x00,0x00,0x00,0x00,0x00,0x00,0x00,0x00,0x00,0x00,0x00,0x00,0x00,0x00,0x00,0x00,0x00,0x00,0x00,0x00,0x00,0x00,
    0x00,0x00,0x00,0x00,0x00,0x00,0x00,0x00,0x00,0x00,0x00,0x00,0x00,0x00,0x00,0x00,0x00,0x00,0x00,0x00,0x00,0x00,0x00,0x00,
    0xFF,0xFF,0x03,0x00,0x00,0x00,0xFF,0xFF,0x22,0xFF,0xFF,0xBC,0xFF,0xFF,0xF8,0xFF,0xFF,0xFF,0xFF,0xFF,0xFF,0xFF,0xFF,0xFF,
    0xFF,0xFF,0xD8,0xFF,0xFF,0x59,0x00,0x00,0x00,0xFF,0xFF,0x04,0x00,0x00,0x00,0x00,0x00,0x00,0x00,0x00,0x00,0x00,0x00,0x00,
    0x00,0x00,0x00,0x00,0x00,0x00,0x00,0x00,0x00,0x00,0x00,0x00,0x00,0x00,0x00,0x00,0x00,0x00,0x00,0x00,0x00,0x00,0x00,0x00,
    0x00,0x00,0x00,0x00,0x00,0x00,0x00,0x00,0x00,0x00,0x00,0x00,0x00,0x00,0x00,0x00,0x00,0x00,0x00,0x00,0x00,0x00,0x00,0x00,
    0x00,0x00,0x00,0x00,0x00,0x00,0x00,0x00,0x00,0x00,0x00,0x00,0x00,0x00,0x00,0xFF,0xFF,0x04,0x00,0x00,0x00,0xFF,0xFF,0xAA,
    0xFF,0xFF,0xFF,0xFF,0xFF,0xFB,0xFF,0xFF,0xFF,0xFF,0xFF,0xFF,0xFF,0xFF,0xFC,0xFF,0xFF,0xFF,0xFF,0xFF,0x8E,0xFF,0xFF,0x55,
    0xFF,0xFF,0x58,0xFF,0xFF,0x55,0xFF,0xFF,0x55,0xFF,0xFF,0x55,0xFF,0xFF,0x55,0xFF,0xFF,0x55,0xFF,0xFF,0x55,0xFF,0xFF,0x55,
    0xFF,0xFF,0x55,0xFF,0xFF,0x55,0xFF,0xFF,0x55,0xFF,0xFF,0x55,0xFF,0xFF,0x55,0xFF,0xFF,0x55,0xFF,0xFF,0x55,0xFF,0xFF,0x55,
    0xFF,0xFF,0x55,0xFF,0xFF,0x55,0xFF,0xFF,0x55,0xFF,0xFF,0x55,0xFF,0xFF,0x55,0xFF,0xFF,0x55,0xFF,0xFF,0x54,0xFF,0xFF,0x55,
    0xFF,0xFF,0x1C,0x00,0x00,0x00,0x00,0x00,0x00,0xFF,0xFF,0x11,0xFF,0xFF,0xFF,0xFF,0xFF,0xFF,0xFF,0xFF,0xFF,0xFF,0xFF,0xFF,
    0xFF,0xFF,0xFF,0xFF,0xFF,0xFF,0xFF,0xFF,0xFF,0xFF,0xFF,0xFF,0xFF,0xFF,0xFF,0xFF,0xFF,0xFF,0xFF,0xFF,0xFF,0xFF,0xFF,0xFF,
    0xFF,0xFF,0xFF,0xFF,0xFF,0xFF,0xFF,0xFF,0xFF,0xFF,0xFF,0xFF,0xFF,0xFF,0xFF,0xFF,0xFF,0xFF,0xFF,0xFF,0xFF,0xFF,0xFF,0xFF,
    0xFF,0xFF,0xFF,0xFF,0xFF,0xFF,0xFF,0xFF,0xFF,0xFF,0xFF,0xFF,0xFF,0xFF,0xFF,0xFF,0xFF,0xFF,0xFF,0xFF,0xFF,0xFF,0xFF,0xFF,
    0xFF,0xFF,0xFF,0xFF,0xFF,0xFF,0xFF,0xFF,0xFE,0xFF,0xFF,0xFF,0xFF,0xFF,0xEF,0xFF,0xFF,0x10,0x00,0x00,0x00,0xFF,0xFF,0x01,
    0x00,0x00,0x00,0x00,0x00,0x00,0x00,0x00,0x00,0x00,0x00,0x00,0x00,0x00,0x00,0x00,0x00,0x00,0x00,0x00,0x00,0x00,0x00,0x00,
    0x00,0x00,0x00,0x00,0x00,0x00,0x00,0x00,0x00,0x00,0x00,0x00,0x00,0x00,0x00,0x00,0x00,0x00,0x00,0x00,0x00,0x00,0x00,0x00,
    0x00,0x00,0x00,0x00,0x00,0x00,0x00,0x00,0x00,0x00,0x00,0x00,0x00,0x00,0x00,0x00,0x00,0x00,0x00,0x00,0x00,0xFF,0xFF,0x02,
    0x00,0x00,0x00,0x00,0x00,0x00,0xFF,0xFF,0x27,0xFF,0xFF,0x54,0xFF,0xFF,0x54,0xFF,0xFF,0x3E,0xFF,0xFF,0x05,0x00,0x00,0x00,
    0xFF,0xFF,0x03,0x00,0x00,0x00,0x00,0x00,0x00,0x00,0x00,0x00,0x00,0x00,0x00,0x00,0x00,0x00,0x00,0x00,0x00,0x00,0x00,0x00,
    0x00,0x00,0x00,0x00,0x00,0x00,0x00,0x00,0x00,0x00,0x00,0x00,0x00,0x00,0x00,0x00,0x00,0x00,0x00,0x00,0x00,0x00,0x00,0x00,
    0x00,0x00,0x00,0x00,0x00,0x00,0x00,0x00,0x00,0x00,0x00,0x00,0x00,0x00,0x00,0x00,0x00,0x00,0x00,0x00,0x00,0x00,0x00,0x00,
    0x00,0x00,0x00,0x00,0x00,0x00,0x00,0x00,0x00,0xFF,0xFF,0x02,0x00,0x00,0x00,0x00,0x00,0x00,0xFF,0xFF,0x27,0xFF,0xFF,0x54,
    0xFF,0xFF,0x54,0xFF,0xFF,0x3E,0xFF,0xFF,0x05,0x00,0x00,0x00,0xFF,0xFF,0x03,0x00,0x00,0x00,0x00,0x00,0x00,0x00,0x00,0x00,
    0x00,0x00,0x00,0x00,0x00,0x00,0x00,0x00,0x00,0x00,0x00,0x00,0x00,0x00,0x00,0x00,0x00,0x00,0x00,0x00,0x00,0x00,0x00,0x00,
    0x00,0x00,0x00,0x00,0x00,0x00,0x00,0x00,0x00,0x00,0x00,0x00,0x00,0x00,0x00,0x00,0x00,0x00,0x00,0x00,0x00,0x00,0x00,0x00,
    0x00,0x00,0x00,0x00,0x00,0x00,0x00,0x00,0x00,0x00,0x00,0x00,0x00,0x00,0x00,0x00,0x00,0x00,0x00,0x00,0x00,0xFF,0xFF,0x04,
    0x00,0x00,0x00,0xFF,0xFF,0xAA,0xFF,0xFF,0xFF,0xFF,0xFF,0xFB,0xFF,0xFF,0xFF,0xFF,0xFF,0xFF,0xFF,0xFF,0xFF,0xFF,0xFF,0xFF,
    0xFF,0xFF,0xFF,0xFF,0xFF,0xFF,0xFF,0xFF,0xFF,0xFF,0xFF,0xFF,0xFF,0xFF,0xFF,0xFF,0xFF,0xFF,0xFF,0xFF,0xFF,0xFF,0xFF,0xFF,
    0xFF,0xFF,0xFF,0xFF,0xFF,0xFF,0xFF,0xFF,0xFF,0xFF,0xFF,0xFF,0xFF,0xFF,0xFF,0xFF,0xFF,0xFF,0xFF,0xFF,0xFF,0xFF,0xFF,0xFF,
    0xFF,0xFF,0xFF,0xFF,0xFF,0xFF,0xFF,0xFF,0xFF,0xFF,0xFF,0xFF,0xFF,0xFF,0xFF,0xFF,0xFF,0xFF,0xFF,0xFF,0xFF,0xFF,0xFF,0xFF,
    0xFF,0xFF,0xFF,0xFF,0xFF,0xFF,0xFF,0xFF,0x58,0x00,0x00,0x00,0x00,0x00,0x00,0xFF,0xFF,0x10,0xFF,0xFF,0xEC,0xFF,0xFF,0xFB,
    0xFF,0xFF,0xFA,0xFF,0xFF,0xFB,0xFF,0xFF,0xFB,0xFF,0xFF,0xFB,0xFF,0xFF,0xFB,0xFF,0xFF,0xFB,0xFF,0xFF,0xFB,0xFF,0xFF,0xFB,
    0xFF,0xFF,0xFB,0xFF,0xFF,0xFB,0xFF,0xFF,0xFB,0xFF,0xFF,0xFB,0xFF,0xFF,0xFB,0xFF,0xFF,0xFB,0xFF,0xFF,0xFB,0xFF,0xFF,0xFB,
    0xFF,0xFF,0xFB,0xFF,0xFF,0xFB,0xFF,0xFF,0xFB,0xFF,0xFF,0xFB,0xFF,0xFF,0xFB,0xFF,0xFF,0xFB,0xFF,0xFF,0xFB,0xFF,0xFF,0xFC,
    0xFF,0xFF,0xFF,0xFF,0xFF,0xFF,0xFF,0xFF,0xFF,0xFF,0xFF,0xFF,0xFF,0xFF,0xFE,0xFF,0xFF,0xFF,0xFF,0xFF,0xEF,0xFF,0xFF,0x10,
    0x00,0x00,0x00,0xFF,0xFF,0x01,0x00,0x00,0x00,0x00,0x00,0x00,0x00,0x00,0x00,0x00,0x00,0x00,0x00,0x00,0x00,0x00,0x00,0x00,
    0x00,0x00,0x00,0x00,0x00,0x00,0x00,0x00,0x00,0x00,0x00,0x00,0x00,0x00,0x00,0x00,0x00,0x00,0x00,0x00,0x00,0x00,0x00,0x00,
    0x00,0x00,0x00,0x00,0x00,0x00,0x00,0x00,0x00,0x00,0x00,0x00,0x00,0x00,0x00,0x00,0x00,0x00,0x00,0x00,0x00,0x00,0x00,0x00,
    0x00,0x00,0x00,0x00,0x00,0x00,0xFF,0xFF,0x01,0xFF,0xFF,0x01,0x00,0x00,0x00,0x00,0x00,0x00,0x00,0x00,0x00,0x00,0x00,0x00,
    0x00,0x00,0x00,0xFF,0xFF,0x03,0x00,0x00,0x00,0x00,0x00,0x00,0x00,0x00,0x00,0x00,0x00,0x00,0x00,0x00,0x00,0x00,0x00,0x00,
    0x00,0x00,0x00,0x00,0x00,0x00,0x00,0x00,0x00,0x00,0x00,0x00,0x00,0x00,0x00,0x00,0x00,0x00,0x00,0x00,0x00,0x00,0x00,0x00,
    0x00,0x00,0x00,0x00,0x00,0x00,0x00,0x00,0x00,0x00,0x00,0x00,0x00,0x00,0x00,0x00,0x00,0x00,0x00,0x00,0x00,0x00,0x00,0x00,
    0x00,0x00,0x00,0x00,0x00,0x00,0x00,0x00,0x00,0x00,0x00,0x00,0x00,0x00,0x00,0x00,0x00,0x00,0xFF,0xFF,0x01,0xFF,0xFF,0x01,
    0x00,0x00,0x00,0x00,0x00,0x00,0x00,0x00,0x00,0x00,0x00,0x00,0x00,0x00,0x00,0xFF,0xFF,0x03,0x00,0x00,0x00,0x00,0x00,0x00,
    0x00,0x00,0x00,0x00,0x00,0x00,0x00,0x00,0x00,0x00,0x00,0x00,0x00,0x00,0x00,0x00,0x00,0x00,0x00,0x00,0x00,0x00,0x00,0x00,
    0x00,0x00,0x00,0x00,0x00,0x00,0x00,0x00,0x00,0x00,0x00,0x00,0x00,0x00,0x00,0x00,0x00,0x00,0x00,0x00,0x00,0x00,0x00,0x00,
    0x00,0x00,0x00,0x00,0x00,0x00,0x00,0x00,0x00,0x00,0x00,0x00,0x00,0x00,0x00,0x00,0x00,0x00,0x00,0x00,0x00,0x00,0x00,0x00,
    0x00,0x00,0x00,0xFF,0xFF,0x04,0x00,0x00,0x00,0xFF,0xFF,0xAA,0xFF,0xFF,0xFF,0xFF,0xFF,0xFB,0xFF,0xFF,0xFF,0xFF,0xFF,0xFF,
    0xFF,0xFF,0xFF,0xFF,0xFF,0xFF,0xFF,0xFF,0xFD,0xFF,0xFF,0xFB,0xFF,0xFF,0xFB,0xFF,0xFF,0xFB,0xFF,0xFF,0xFB,0xFF,0xFF,0xFB,
    0xFF,0xFF,0xFB,0xFF,0xFF,0xFB,0xFF,0xFF,0xFB,0xFF,0xFF,0xFB,0xFF,0xFF,0xFB,0xFF,0xFF,0xFB,0xFF,0xFF,0xFB,0xFF,0xFF,0xFB,
    0xFF,0xFF,0xFB,0xFF,0xFF,0xFB,0xFF,0xFF,0xFB,0xFF,0xFF,0xFB,0xFF,0xFF,0xFB,0xFF,0xFF,0xFB,0xFF,0xFF,0xFB,0xFF,0xFF,0xFB,
    0xFF,0xFF,0xFB,0xFF,0xFF,0xFB,0xFF,0xFF,0xF7,0xFF,0xFF,0xFB,0xFF,0xFF,0x52,0x00,0x00,0x00,0x00,0x00,0x00,0xFF,0xFF,0x10,
    0xFF,0xFF,0xF0,0xFF,0xFF,0xFF,0xFF,0xFF,0xFE,0xFF,0xFF,0xFF,0xFF,0xFF,0xFF,0xFF,0xFF,0xFF,0xFF,0xFF,0xFF,0xFF,0xFF,0xFF,
    0xFF,0xFF,0xFF,0xFF,0xFF,0xFF,0xFF,0xFF,0xFF,0xFF,0xFF,0xFF,0xFF,0xFF,0xFF,0xFF,0xFF,0xFF,0xFF,0xFF,0xFF,0xFF,0xFF,0xFF,
    0xFF,0xFF,0xFF,0xFF,0xFF,0xFF,0xFF,0xFF,0xFF,0xFF,0xFF,0xFF,0xFF,0xFF,0xFF,0xFF,0xFF,0xFF,0xFF,0xFF,0xFF,0xFF,0xFF,0xFF,
    0xFF,0xFF,0xFF,0xFF,0xFF,0xFF,0xFF,0xFF,0xFF,0xFF,0xFF,0xFF,0xFF,0xFF,0xFF,0xFF,0xFF,0xFF,0xFF,0xFF,0xFE,0xFF,0xFF,0xFF,
    0xFF,0xFF,0xEF,0xFF,0xFF,0x10,0x00,0x00,0x00,0xFF,0xFF,0x01,0x00,0x00,0x00,0x00,0x00,0x00,0x00,0x00,0x00,0x00,0x00,0x00,
    0x00,0x00,0x00,0x00,0x00,0x00,0x00,0x00,0x00,0x00,0x00,0x00,0x00,0x00,0x00,0x00,0x00,0x00,0x00,0x00,0x00,0x00,0x00,0x00,
    0x00,0x00,0x00,0x00,0x00,0x00,0x00,0x00,0x00,0x00,0x00,0x00,0x00,0x00,0x00,0x00,0x00,0x00,0x00,0x00,0x00,0x00,0x00,0x00,
    0x00,0x00,0x00,0x00,0x00,0x00,0x00,0x00,0x00,0x00,0x00,0x00,0x00,0x00,0x00,0x00,0x00,0x00,0xFF,0xFF,0x02,0xFF,0xFF,0x04,
    0xFF,0xFF,0x04,0xFF,0xFF,0x03,0xFF,0xFF,0x01,0x00,0x00,0x00,0x00,0x00,0x00,0x00,0x00,0x00,0x00,0x00,0x00,0x00,0x00,0x00,
    0x00,0x00,0x00,0x00,0x00,0x00,0x00,0x00,0x00,0x00,0x00,0x00,0x00,0x00,0x00,0x00,0x00,0x00,0x00,0x00,0x00,0x00,0x00,0x00,
    0x00,0x00,0x00,0x00,0x00,0x00,0x00,0x00,0x00,0x00,0x00,0x00,0x00,0x00,0x00,0x00,0x00,0x00,0x00,0x00,0x00,0x00,0x00,0x00,
    0x00,0x00,0x00,0x00,0x00,0x00,0x00,0x00,0x00,0x00,0x00,0x00,0x00,0x00,0x00,0x00,0x00,0x00,0x00,0x00,0x00,0x00,0x00,0x00,
    0x00,0x00,0x00,0x00,0x00,0x00,0xFF,0xFF,0x02,0xFF,0xFF,0x04,0xFF,0xFF,0x04,0xFF,0xFF,0x03,0xFF,0xFF,0x01,0x00,0x00,0x00,
    0x00,0x00,0x00,0x00,0x00,0x00,0x00,0x00,0x00,0x00,0x00,0x00,0x00,0x00,0x00,0x00,0x00,0x00,0x00,0x00,0x00,0x00,0x00,0x00,
    0x00,0x00,0x00,0x00,0x00,0x00,0x00,0x00,0x00,0x00,0x00,0x00,0x00,0x00,0x00,0x00,0x00,0x00,0x00,0x00,0x00,0x00,0x00,0x00,
    0x00,0x00,0x00,0x00,0x00,0x00,0x00,0x00,0x00,0x00,0x00,0x00,0x00,0x00,0x00,0x00,0x00,0x00,0x00,0x00,0x00,0x00,0x00,0x00,
    0x00,0x00,0x00,0x00,0x00,0x00,0x00,0x00,0x00,0xFF,0xFF,0x04,0x00,0x00,0x00,0xFF,0xFF,0xAA,0xFF,0xFF,0xFF,0xFF,0xFF,0xFB,
    0xFF,0xFF,0xFF,0xFF,0xFF,0xFF,0xFF,0xFF,0xFF,0xFF,0xFF,0xFF,0xFF,0xFF,0xFF,0xFF,0xFF,0xFF,0xFF,0xFF,0xFF,0xFF,0xFF,0xFF,
    0xFF,0xFF,0xFF,0xFF,0xFF,0xFF,0xFF,0xFF,0xFF,0xFF,0xFF,0xFF,0xFF,0xFF,0xFF,0xFF,0xFF,0xFF,0xFF,0xFF,0xFF,0xFF,0xFF,0xFF,
    0xFF,0xFF,0xFF,0xFF,0xFF,0xFF,0xFF,0xFF,0xFF,0xFF,0xFF,0xFF,0xFF,0xFF,0xFF,0xFF,0xFF,0xFF,0xFF,0xFF,0xFF,0xFF,0xFF,0xFF,
    0xFF,0xFF,0xFF,0xFF,0xFF,0xFF,0xFF,0xFF,0xFF,0xFF,0xFF,0xFF,0xFF,0xFF,0xFB,0xFF,0xFF,0xFF,0xFF,0xFF,0x53,0x00,0x00,0x00,
    0x00,0x00,0x00,0xFF,0xFF,0x10,0xFF,0xFF,0xF0,0xFF,0xFF,0xFF,0xFF,0xFF,0xFE,0xFF,0xFF,0xFF,0xFF,0xFF,0xFF,0xFF,0xFF,0xFF,
    0xFF,0xFF,0xFF,0xFF,0xFF,0xFF,0xFF,0xFF,0xFF,0xFF,0xFF,0xFF,0xFF,0xFF,0xFF,0xFF,0xFF,0xFF,0xFF,0xFF,0xFF,0xFF,0xFF,0xFF,
    0xFF,0xFF,0xFF,0xFF,0xFF,0xFF,0xFF,0xFF,0xFF,0xFF,0xFF,0xFF,0xFF,0xFF,0xFF,0xFF,0xFF,0xFF,0xFF,0xFF,0xFF,0xFF,0xFF,0xFF,
    0xFF,0xFF,0xFF,0xFF,0xFF,0xFF,0xFF,0xFF,0xFF,0xFF,0xFF,0xFF,0xFF,0xFF,0xFF,0xFF,0xFF,0xFF,0xFF,0xFF,0xFF,0xFF,0xFF,0xFF,
    0xFF,0xFF,0xFE,0xFF,0xFF,0xFF,0xFF,0xFF,0xEF,0xFF,0xFF,0x10,0x00,0x00,0x00,0xFF,0xFF,0x01,0x00,0x00,0x00,0x00,0x00,0x00,
    0x00,0x00,0x00,0x00,0x00,0x00,0x00,0x00,0x00,0x00,0x00,0x00,0x00,0x00,0x00,0x00,0x00,0x00,0x00,0x00,0x00,0xFF,0xFF,0x01,
    0xFF,0xFF,0x01,0xFF,0xFF,0x01,0x00,0x00,0x00,0x00,0x00,0x00,0x00,0x00,0x00,0x00,0x00,0x00,0x00,0x00,0x00,0x00,0x00,0x00,
    0x00,0x00,0x00,0x00,0x00,0x00,0x00,0x00,0x00,0x00,0x00,0x00,0x00,0x00,0x00,0x00,0x00,0x00,0x00,0x00,0x00,0x00,0x00,0x00,
    0x00,0x00,0x00,0x00,0x00,0x00,0x00,0x00,0x00,0x00,0x00,0x00,0x00,0x00,0x00,0x00,0x00,0x00,0x00,0x00,0x00,0x00,0x00,0x00,
    0x00,0x00,0x00,0x00,0x00,0x00,0x00,0x00,0x00,0x00,0x00,0x00,0x00,0x00,0x00,0x00,0x00,0x00,0x00,0x00,0x00,0x00,0x00,0x00,
    0x00,0x00,0x00,0x00,0x00,0x00,0x00,0x00,0x00,0xFF,0xFF,0x01,0xFF,0xFF,0x01,0xFF,0xFF,0x01,0x00,0x00,0x00,0x00,0x00,0x00,
    0x00,0x00,0x00,0x00,0x00,0x00,0x00,0x00,0x00,0x00,0x00,0x00,0x00,0x00,0x00,0x00,0x00,0x00,0x00,0x00,0x00,0x00,0x00,0x00,
    0x00,0x00,0x00,0x00,0x00,0x00,0x00,0x00,0x00,0x00,0x00,0x00,0x00,0x00,0x00,0x00,0x00,0x00,0x00,0x00,0x00,0x00,0x00,0x00,
    0x00,0x00,0x00,0x00,0x00,0x00,0x00,0x00,0x00,0x00,0x00,0x00,0x00,0x00,0x00,0x00,0x00,0x00,0x00,0x00,0x00,0x00,0x00,0x00,
    0x00,0x00,0x00,0x00,0x00,0x00,0x00,0x00,0x00,0x00,0x00,0x00,0x00,0x00,0x00,0x00,0x00,0x00,0x00,0x00,0x00,0xFF,0xFF,0x01,
    0xFF,0xFF,0x01,0xFF,0xFF,0x01,0x00,0x00,0x00,0x00,0x00,0x00,0x00,0x00,0x00,0x00,0x00,0x00,0x00,0x00,0x00,0x00,0x00,0x00,
    0x00,0x00,0x00,0x00,0x00,0x00,0x00,0x00,0x00,0x00,0x00,0x00,0x00,0x00,0x00,0xFF,0xFF,0x04,0x00,0x00,0x00,0xFF,0xFF,0xAA,
    0xFF,0xFF,0xFF,0xFF,0xFF,0xFB,0xFF,0xFF,0xFF,0xFF,0xFF,0xFF,0xFF,0xFF,0xFF,0xFF,0xFF,0xFF,0xFF,0xFF,0xFF,0xFF,0xFF,0xFF,
    0xFF,0xFF,0xFF,0xFF,0xFF,0xFF,0xFF,0xFF,0xFF,0xFF,0xFF,0xFF,0xFF,0xFF,0xFF,0xFF,0xFF,0xFF,0xFF,0xFF,0xFF,0xFF,0xFF,0xFF,
    0xFF,0xFF,0xFF,0xFF,0xFF,0xFF,0xFF,0xFF,0xFF,0xFF,0xFF,0xFF,0xFF,0xFF,0xFF,0xFF,0xFF,0xFF,0xFF,0xFF,0xFF,0xFF,0xFF,0xFF,
    0xFF,0xFF,0xFF,0xFF,0xFF,0xFF,0xFF,0xFF,0xFF,0xFF,0xFF,0xFF,0xFF,0xFF,0xFF,0xFF,0xFF,0xFF,0xFF,0xFF,0xFB,0xFF,0xFF,0xFF,
    0xFF,0xFF,0x53,0x00,0x00,0x00,0x00,0x00,0x00,0xFF,0xFF,0x10,0xFF,0xFF,0xEC,0xFF,0xFF,0xFB,0xFF,0xFF,0xFA,0xFF,0xFF,0xFB,
    0xFF,0xFF,0xFB,0xFF,0xFF,0xFB,0xFF,0xFF,0xFB,0xFF,0xFF,0xFB,0xFF,0xFF,0xFB,0xFF,0xFF,0xFB,0xFF,0xFF,0xFB,0xFF,0xFF,0xFB,
    0xFF,0xFF,0xFB,0xFF,0xFF,0xFB,0xFF,0xFF,0xFB,0xFF,0xFF,0xFB,0xFF,0xFF,0xFB,0xFF,0xFF,0xFB,0xFF,0xFF,0xFB,0xFF,0xFF,0xFB,
    0xFF,0xFF,0xFB,0xFF,0xFF,0xFB,0xFF,0xFF,0xFB,0xFF,0xFF,0xFB,0xFF,0xFF,0xFB,0xFF,0xFF,0xFC,0xFF,0xFF,0xFF,0xFF,0xFF,0xFF,
    0xFF,0xFF,0xFF,0xFF,0xFF,0xFF,0xFF,0xFF,0xFE,0xFF,0xFF,0xFF,0xFF,0xFF,0xEF,0xFF,0xFF,0x10,0x00,0x00,0x00,0xFF,0xFF,0x01,
    0x00,0x00,0x00,0x00,0x00,0x00,0x00,0x00,0x00,0x00,0x00,0x00,0x00,0x00,0x00,0x00,0x00,0x00,0x00,0x00,0x00,0xFF,0xFF,0x04,
    0xFF,0xFF,0x01,0x00,0x00,0x00,0x00,0x00,0x00,0x00,0x00,0x00,0xFF,0xFF,0x04,0xFF,0xFF,0x01,0x00,0x00,0x00,0x00,0x00,0x00,
    0x00,0x00,0x00,0x00,0x00,0x00,0x00,0x00,0x00,0x00,0x00,0x00,0x00,0x00,0x00,0x00,0x00,0x00,0x00,0x00,0x00,0x00,0x00,0x00,
    0x00,0x00,0x00,0x00,0x00,0x00,0x00,0x00,0x00,0x00,0x00,0x00,0x00,0x00,0x00,0x00,0x00,0x00,0x00,0x00,0x00,0x00,0x00,0x00,
    0x00,0x00,0x00,0x00,0x00,0x00,0x00,0x00,0x00,0x00,0x00,0x00,0x00,0x00,0x00,0x00,0x00,0x00,0x00,0x00,0x00,0x00,0x00,0x00,
    0x00,0x00,0x00,0x00,0x00,0x00,0x00,0x00,0x00,0xFF,0xFF,0x04,0xFF,0xFF,0x01,0x00,0x00,0x00,0x00,0x00,0x00,0x00,0x00,0x00,
    0xFF,0xFF,0x04,0xFF,0xFF,0x01,0x00,0x00,0x00,0x00,0x00,0x00,0x00,0x00,0x00,0x00,0x00,0x00,0x00,0x00,0x00,0x00,0x00,0x00,
    0x00,0x00,0x00,0x00,0x00,0x00,0x00,0x00,0x00,0x00,0x00,0x00,0x00,0x00,0x00,0x00,0x00,0x00,0x00,0x00,0x00,0x00,0x00,0x00,
    0x00,0x00,0x00,0x00,0x00,0x00,0x00,0x00,0x00,0x00,0x00,0x00,0x00,0x00,0x00,0x00,0x00,0x00,0x00,0x00,0x00,0x00,0x00,0x00,
    0x00,0x00,0x00,0x00,0x00,0x00,0x00,0x00,0x00,0x00,0x00,0x00,0x00,0x00,0x00,0x00,0x00,0x00,0x00,0x00,0x00,0xFF,0xFF,0x04,
    0xFF,0xFF,0x01,0x00,0x00,0x00,0x00,0x00,0x00,0x00,0x00,0x00,0xFF,0xFF,0x04,0xFF,0xFF,0x01,0x00,0x00,0x00,0x00,0x00,0x00,
    0x00,0x00,0x00,0x00,0x00,0x00,0x00,0x00,0x00,0x00,0x00,0x00,0x00,0x00,0x00,0x00,0x00,0x00,0x00,0x00,0x00,0xFF,0xFF,0x04,
    0x00,0x00,0x00,0xFF,0xFF,0xAA,0xFF,0xFF,0xFF,0xFF,0xFF,0xFB,0xFF,0xFF,0xFF,0xFF,0xFF,0xFF,0xFF,0xFF,0xFF,0xFF,0xFF,0xFF,
    0xFF,0xFF,0xFD,0xFF,0xFF,0xFB,0xFF,0xFF,0xFB,0xFF,0xFF,0xFB,0xFF,0xFF,0xFB,0xFF,0xFF,0xFB,0xFF,0xFF,0xFB,0xFF,0xFF,0xFB,
    0xFF,0xFF,0xFB,0xFF,0xFF,0xFB,0xFF,0xFF,0xFB,0xFF,0xFF,0xFB,0xFF,0xFF,0xFB,0xFF,0xFF,0xFB,0xFF,0xFF,0xFB,0xFF,0xFF,0xFB,
    0xFF,0xFF,0xFB,0xFF,0xFF,0xFB,0xFF,0xFF,0xFB,0xFF,0xFF,0xFB,0xFF,0xFF,0xFB,0xFF,0xFF,0xFB,0xFF,0xFF,0xFB,0xFF,0xFF,0xFB,
    0xFF,0xFF,0xF7,0xFF,0xFF,0xFB,0xFF,0xFF,0x52,0x00,0x00,0x00,0x00,0x00,0x00,0xFF,0xFF,0x11,0xFF,0xFF,0xFF,0xFF,0xFF,0xFF,
    0xFF,0xFF,0xFF,0xFF,0xFF,0xFF,0xFF,0xFF,0xFF,0xFF,0xFF,0xFF,0xFF,0xFF,0xFF,0xFF,0xFF,0xFF,0xFF,0xFF,0xFF,0xFF,0xFF,0xFF,
    0xFF,0xFF,0xFF,0xFF,0xFF,0xFF,0xFF,0xFF,0xFF,0xFF,0xFF,0xFF,0xFF,0xFF,0xFF,0xFF,0xFF,0xFF,0xFF,0xFF,0xFF,0xFF,0xFF,0xFF,
    0xFF,0xFF,0xFF,0xFF,0xFF,0xFF,0xFF,0xFF,0xFF,0xFF,0xFF,0xFF,0xFF,0xFF,0xFF,0xFF,0xFF,0xFF,0xFF,0xFF,0xFF,0xFF,0xFF,0xFF,
    0xFF,0xFF,0xFF,0xFF,0xFF,0xFF,0xFF,0xFF,0xFF,0xFF,0xFF,0xFF,0xFF,0xFF,0xFE,0xFF,0xFF,0xFF,0xFF,0xFF,0xEF,0xFF,0xFF,0x10,
    0x00,0x00,0x00,0xFF,0xFF,0x01,0x00,0x00,0x00,0x00,0x00,0x00,0x00,0x00,0x00,0x00,0x00,0x00,0x00,0x00,0x00,0xFF,0xFF,0x01,
    0xFF,0xFF,0x01,0x00,0x00,0x00,0x00,0x00,0x00,0xFF,0xFF,0x10,0xFF,0xFF,0x10,0xFF,0xFF,0x05,0x00,0x00,0x00,0x00,0x00,0x00,
    0xFF,0xFF,0x02,0x00,0x00,0x00,0x00,0x00,0x00,0x00,0x00,0x00,0x00,0x00,0x00,0x00,0x00,0x00,0x00,0x00,0x00,0x00,0x00,0x00,
    0x00,0x00,0x00,0x00,0x00,0x00,0x00,0x00,0x00,0x00,0x00,0x00,0x00,0x00,0x00,0x00,0x00,0x00,0x00,0x00,0x00,0x00,0x00,0x00,
    0x00,0x00,0x00,0x00,0x00,0x00,0x00,0x00,0x00,0x00,0x00,0x00,0x00,0x00,0x00,0x00,0x00,0x00,0x00,0x00,0x00,0x00,0x00,0x00,
    0x00,0x00,0x00,0x00,0x00,0x00,0x00,0x00,0x00,0xFF,0xFF,0x01,0xFF,0xFF,0x01,0x00,0x00,0x00,0x00,0x00,0x00,0xFF,0xFF,0x10,
    0xFF,0xFF,0x10,0xFF,0xFF,0x05,0x00,0x00,0x00,0x00,0x00,0x00,0xFF,0xFF,0x02,0x00,0x00,0x00,0x00,0x00,0x00,0x00,0x00,0x00,
    0x00,0x00,0x00,0x00,0x00,0x00,0x00,0x00,0x00,0x00,0x00,0x00,0x00,0x00,0x00,0x00,0x00,0x00,0x00,0x00,0x00,0x00,0x00,0x00,
    0x00,0x00,0x00,0x00,0x00,0x00,0x00,0x00,0x00,0x00,0x00,0x00,0x00,0x00,0x00,0x00,0x00,0x00,0x00,0x00,0x00,0x00,0x00,0x00,
    0x00,0x00,0x00,0x00,0x00,0x00,0x00,0x00,0x00,0x00,0x00,0x00,0x00,0x00,0x00,0x00,0x00,0x00,0x00,0x00,0x00,0xFF,0xFF,0x01,
    0xFF,0xFF,0x01,0x00,0x00,0x00,0x00,0x00,0x00,0xFF,0xFF,0x10,0xFF,0xFF,0x10,0xFF,0xFF,0x05,0x00,0x00,0x00,0x00,0x00,0x00,
    0xFF,0xFF,0x02,0x00,0x00,0x00,0x00,0x00,0x00,0x00,0x00,0x00,0x00,0x00,0x00,0x00,0x00,0x00,0x00,0x00,0x00,0x00,0x00,0x00,
    0x00,0x00,0x00,0xFF,0xFF,0x04,0x00,0x00,0x00,0xFF,0xFF,0xAA,0xFF,0xFF,0xFF,0xFF,0xFF,0xFB,0xFF,0xFF,0xFF,0xFF,0xFF,0xFF,
    0xFF,0xFF,0xFF,0xFF,0xFF,0xFF,0xFF,0xFF,0xFF,0xFF,0xFF,0xFF,0xFF,0xFF,0xFF,0xFF,0xFF,0xFF,0xFF,0xFF,0xFF,0xFF,0xFF,0xFF,
    0xFF,0xFF,0xFF,0xFF,0xFF,0xFF,0xFF,0xFF,0xFF,0xFF,0xFF,0xFF,0xFF,0xFF,0xFF,0xFF,0xFF,0xFF,0xFF,0xFF,0xFF,0xFF,0xFF,0xFF,
    0xFF,0xFF,0xFF,0xFF,0xFF,0xFF,0xFF,0xFF,0xFF,0xFF,0xFF,0xFF,0xFF,0xFF,0xFF,0xFF,0xFF,0xFF,0xFF,0xFF,0xFF,0xFF,0xFF,0xFF,
    0xFF,0xFF,0xFF,0xFF,0xFF,0xFF,0xFF,0xFF,0xFF,0xFF,0xFF,0xFF,0xFF,0xFF,0x58,0x00,0x00,0x00,0x00,0x00,0x00,0xFF,0xFF,0x0B,
    0xFF,0xFF,0xA0,0xFF,0xFF,0xAA,0xFF,0xFF,0xA9,0xFF,0xFF,0xAA,0xFF,0xFF,0xAA,0xFF,0xFF,0xAA,0xFF,0xFF,0xAA,0xFF,0xFF,0xAA,
    0xFF,0xFF,0xAA,0xFF,0xFF,0xAA,0xFF,0xFF,0xAA,0xFF,0xFF,0xAA,0xFF,0xFF,0xAA,0xFF,0xFF,0xAA,0xFF,0xFF,0xAA,0xFF,0xFF,0xAA,
    0xFF,0xFF,0xAA,0xFF,0xFF,0xAA,0xFF,0xFF,0xAA,0xFF,0xFF,0xAA,0xFF,0xFF,0xAA,0xFF,0xFF,0xAA,0xFF,0xFF,0xAA,0xFF,0xFF,0xAA,
    0xFF,0xFF,0xAA,0xFF,0xFF,0xAF,0xFF,0xFF,0xFA,0xFF,0xFF,0xFF,0xFF,0xFF,0xFF,0xFF,0xFF,0xFF,0xFF,0xFF,0xFE,0xFF,0xFF,0xFF,
    0xFF,0xFF,0xEF,0xFF,0xFF,0x10,0x00,0x00,0x00,0xFF,0xFF,0x01,0x00,0x00,0x00,0x00,0x00,0x00,0x00,0x00,0x00,0x00,0x00,0x00,
    0xFF,0xFF,0x01,0xFF,0xFF,0x01,0x00,0x00,0x00,0xFF,0xFF,0x6D,0xFF,0xFF,0xC1,0xFF,0xFF,0xEE,0xFF,0xFF,0xEE,0xFF,0xFF,0xD7,
    0xFF,0xFF,0x8E,0xFF,0xFF,0x1D,0x00,0x00,0x00,0xFF,0xFF,0x03,0x00,0x00,0x00,0x00,0x00,0x00,0x00,0x00,0x00,0x00,0x00,0x00,
    0x00,0x00,0x00,0x00,0x00,0x00,0x00,0x00,0x00,0x00,0x00,0x00,0x00,0x00,0x00,0x00,0x00,0x00,0x00,0x00,0x00,0x00,0x00,0x00,
    0x00,0x00,0x00,0x00,0x00,0x00,0x00,0x00,0x00,0x00,0x00,0x00,0x00,0x00,0x00,0x00,0x00,0x00,0x00,0x00,0x00,0x00,0x00,0x00,
    0x00,0x00,0x00,0x00,0x00,0x00,0x00,0x00,0x00,0x00,0x00,0x00,0xFF,0xFF,0x01,0xFF,0xFF,0x01,0x00,0x00,0x00,0xFF,0xFF,0x6D,
    0xFF,0xFF,0xC1,0xFF,0xFF,0xEE,0xFF,0xFF,0xEE,0xFF,0xFF,0xD7,0xFF,0xFF,0x8E,0xFF,0xFF,0x1D,0x00,0x00,0x00,0xFF,0xFF,0x03,
    0x00,0x00,0x00,0x00,0x00,0x00,0x00,0x00,0x00,0x00,0x00,0x00,0x00,0x00,0x00,0x00,0x00,0x00,0x00,0x00,0x00,0x00,0x00,0x00,
    0x00,0x00,0x00,0x00,0x00,0x00,0x00,0x00,0x00,0x00,0x00,0x00,0x00,0x00,0x00,0x00,0x00,0x00,0x00,0x00,0x00,0x00,0x00,0x00,
    0x00,0x00,0x00,0x00,0x00,0x00,0x00,0x00,0x00,0x00,0x00,0x00,0x00,0x00,0x00,0x00,0x00,0x00,0x00,0x00,0x00,0x00,0x00,0x00,
    0xFF,0xFF,0x01,0xFF,0xFF,0x01,0x00,0x00,0x00,0xFF,0xFF,0x6D,0xFF,0xFF,0xC1,0xFF,0xFF,0xEE,0xFF,0xFF,0xEE,0xFF,0xFF,0xD7,
    0xFF,0xFF,0x8E,0xFF,0xFF,0x1D,0x00,0x00,0x00,0xFF,0xFF,0x03,0x00,0x00,0x00,0x00,0x00,0x00,0x00,0x00,0x00,0x00,0x00,0x00,
    0x00,0x00,0x00,0x00,0x00,0x00,0x00,0x00,0x00,0xFF,0xFF,0x04,0x00,0x00,0x00,0xFF,0xFF,0xAA,0xFF,0xFF,0xFF,0xFF,0xFF,0xFB,
    0xFF,0xFF,0xFF,0xFF,0xFF,0xFF,0xFF,0xFF,0xFE,0xFF,0xFF,0xFF,0xFF,0xFF,0xC6,0xFF,0xFF,0xAA,0xFF,0xFF,0xAB,0xFF,0xFF,0xAA,
    0xFF,0xFF,0xAA,0xFF,0xFF,0xAA,0xFF,0xFF,0xAA,0xFF,0xFF,0xAA,0xFF,0xFF,0xAA,0xFF,0xFF,0xAA,0xFF,0xFF,0xAA,0xFF,0xFF,0xAA,
    0xFF,0xFF,0xAA,0xFF,0xFF,0xAA,0xFF,0xFF,0xAA,0xFF,0xFF,0xAA,0xFF,0xFF,0xAA,0xFF,0xFF,0xAA,0xFF,0xFF,0xAA,0xFF,0xFF,0xAA,
    0xFF,0xFF,0xAA,0xFF,0xFF,0xAA,0xFF,0xFF,0xAA,0xFF,0xFF,0xAA,0xFF,0xFF,0xA7,0xFF,0xFF,0xAA,0xFF,0xFF,0x37,0x00,0x00,0x00,
    0x00,0x00,0x00,0x00,0x00,0x00,0x00,0x00,0x00,0x00,0x00,0x00,0x00,0x00,0x00,0x00,0x00,0x00,0x00,0x00,0x00,0x00,0x00,0x00,
    0x00,0x00,0x00,0x00,0x00,0x00,0x00,0x00,0x00,0x00,0x00,0x00,0x00,0x00,0x00,0x00,0x00,0x00,0x00,0x00,0x00,0x00,0x00,0x00,
    0x00,0x00,0x00,0x00,0x00,0x00,0x00,0x00,0x00,0x00,0x00,0x00,0x00,0x00,0x00,0x00,0x00,0x00,0x00,0x00,0x00,0x00,0x00,0x00,
    0x00,0x00,0x00,0x00,0x00,0x00,0x00,0x00,0x00,0x00,0x00,0x00,0xFF,0xFF,0xEE,0xFF,0xFF,0xFF,0xFF,0xFF,0xFE,0xFF,0xFF,0xFF,
    0xFF,0xFF,0xFE,0xFF,0xFF,0xFF,0xFF,0xFF,0xEF,0xFF,0xFF,0x10,0x00,0x00,0x00,0xFF,0xFF,0x01,0x00,0x00,0x00,0x00,0x00,0x00,
    0x00,0x00,0x00,0xFF,0xFF,0x01,0xFF,0xFF,0x02,0x00,0x00,0x00,0xFF,0xFF,0xA2,0xFF,0xFF,0xFF,0xFF,0xFF,0xFF,0xFF,0xFF,0xFF,
    0xFF,0xFF,0xFF,0xFF,0xFF,0xFF,0xFF,0xFF,0xFF,0xFF,0xFF,0xDE,0xFF,0xFF,0x21,0x00,0x00,0x00,0xFF,0xFF,0x02,0x00,0x00,0x00,
    0x00,0x00,0x00,0x00,0x00,0x00,0x00,0x00,0x00,0x00,0x00,0x00,0x00,0x00,0x00,0x00,0x00,0x00,0x00,0x00,0x00,0x00,0x00,0x00,
    0x00,0x00,0x00,0x00,0x00,0x00,0x00,0x00,0x00,0x00,0x00,0x00,0x00,0x00,0x00,0x00,0x00,0x00,0x00,0x00,0x00,0x00,0x00,0x00,
    0x00,0x00,0x00,0x00,0x00,0x00,0x00,0x00,0x00,0x00,0x00,0x00,0x00,0x00,0x00,0xFF,0xFF,0x01,0xFF,0xFF,0x02,0x00,0x00,0x00,
    0xFF,0xFF,0xA2,0xFF,0xFF,0xFF,0xFF,0xFF,0xFF,0xFF,0xFF,0xFF,0xFF,0xFF,0xFF,0xFF,0xFF,0xFF,0xFF,0xFF,0xFF,0xFF,0xFF,0xDE,
    0xFF,0xFF,0x21,0x00,0x00,0x00,0xFF,0xFF,0x02,0x00,0x00,0x00,0x00,0x00,0x00,0x00,0x00,0x00,0x00,0x00,0x00,0x00,0x00,0x00,
    0x00,0x00,0x00,0x00,0x00,0x00,0x00,0x00,0x00,0x00,0x00,0x00,0x00,0x00,0x00,0x00,0x00,0x00,0x00,0x00,0x00,0x00,0x00,0x00,
    0x00,0x00,0x00,0x00,0x00,0x00,0x00,0x00,0x00,0x00,0x00,0x00,0x00,0x00,0x00,0x00,0x00,0x00,0x00,0x00,0x00,0x00,0x00,0x00,
    0x00,0x00,0x00,0xFF,0xFF,0x01,0xFF,0xFF,0x02,0x00,0x00,0x00,0xFF,0xFF,0xA2,0xFF,0xFF,0xFF,0xFF,0xFF,0xFF,0xFF,0xFF,0xFF,
    0xFF,0xFF,0xFF,0xFF,0xFF,0xFF,0xFF,0xFF,0xFF,0xFF,0xFF,0xDE,0xFF,0xFF,0x21,0x00,0x00,0x00,0xFF,0xFF,0x02,0x00,0x00,0x00,
    0x00,0x00,0x00,0x00,0x00,0x00,0x00,0x00,0x00,0x00,0x00,0x00,0x00,0x00,0x00,0xFF,0xFF,0x04,0x00,0x00,0x00,0xFF,0xFF,0xAA,
    0xFF,0xFF,0xFF,0xFF,0xFF,0xFB,0xFF,0xFF,0xFF,0xFF,0xFF,0xFF,0xFF,0xFF,0xFB,0xFF,0xFF,0xFF,0xFF,0xFF,0x4A,0x00,0x00,0x00,
    0x00,0x00,0x00,0x00,0x00,0x00,0x00,0x00,0x00,0x00,0x00,0x00,0x00,0x00,0x00,0x00,0x00,0x00,0x00,0x00,0x00,0x00,0x00,0x00,
    0x00,0x00,0x00,0x00,0x00,0x00,0x00,0x00,0x00,0x00,0x00,0x00,0x00,0x00,0x00,0x00,0x00,0x00,0x00,0x00,0x00,0x00,0x00,0x00,
    0x00,0x00,0x00,0x00,0x00,0x00,0x00,0x00,0x00,0x00,0x00,0x00,0x00,0x00,0x00,0x00,0x00,0x00,0x00,0x00,0x00,0x00,0x00,0x00,
    0x00,0x00,0x00,0x00,0x00,0x00,0x00,0x00,0x00,0x00,0x00,0x00,0xFF,0xFF,0x04,0xFF,0xFF,0x04,0xFF,0xFF,0x04,0xFF,0xFF,0x04,
    0xFF,0xFF,0x04,0xFF,0xFF,0x04,0xFF,0xFF,0x04,0xFF,0xFF,0x04,0xFF,0xFF,0x04,0xFF,0xFF,0x04,0xFF,0xFF,0x04,0xFF,0xFF,0x04,
    0xFF,0xFF,0x04,0xFF,0xFF,0x04,0xFF,0xFF,0x04,0xFF,0xFF,0x04,0xFF,0xFF,0x04,0xFF,0xFF,0x04,0xFF,0xFF,0x04,0xFF,0xFF,0x04,
    0xFF,0xFF,0x04,0xFF,0xFF,0x04,0xFF,0xFF,0x04,0xFF,0xFF,0x05,0xFF,0xFF,0x04,0xFF,0xFF,0x13,0xFF,0xFF,0xEF,0xFF,0xFF,0xFF,
    0xFF,0xFF,0xFE,0xFF,0xFF,0xFF,0xFF,0xFF,0xFE,0xFF,0xFF,0xFF,0xFF,0xFF,0xEF,0xFF,0xFF,0x10,0x00,0x00,0x00,0xFF,0xFF,0x01,
    0x00,0x00,0x00,0x00,0x00,0x00,0x00,0x00,0x00,0xFF,0xFF,0x03,0xFF,0xFF,0x05,0xFF,0xFF,0xA2,0xFF,0xFF,0xFF,0xFF,0xFF,0xF9,
    0xFF,0xFF,0xFC,0xFF,0xFF,0xFE,0xFF,0xFF,0xFE,0xFF,0xFF,0xFD,0xFF,0xFF,0xF9,0xFF,0xFF,0xFF,0xFF,0xFF,0xDE,0xFF,0xFF,0x22,
    0xFF,0xFF,0x02,0xFF,0xFF,0x02,0x00,0x00,0x00,0x00,0x00,0x00,0x00,0x00,0x00,0x00,0x00,0x00,0x00,0x00,0x00,0x00,0x00,0x00,
    0x00,0x00,0x00,0x00,0x00,0x00,0x00,0x00,0x00,0x00,0x00,0x00,0x00,0x00,0x00,0x00,0x00,0x00,0x00,0x00,0x00,0x00,0x00,0x00,
    0x00,0x00,0x00,0x00,0x00,0x00,0x00,0x00,0x00,0x00,0x00,0x00,0x00,0x00,0x00,0x00,0x00,0x00,0x00,0x00,0x00,0xFF,0xFF,0x03,
    0xFF,0xFF,0x05,0xFF,0xFF,0xA2,0xFF,0xFF,0xFF,0xFF,0xFF,0xF9,0xFF,0xFF,0xFC,0xFF,0xFF,0xFE,0xFF,0xFF,0xFE,0xFF,0xFF,0xFD,
    0xFF,0xFF,0xF9,0xFF,0xFF,0xFF,0xFF,0xFF,0xDE,0xFF,0xFF,0x22,0xFF,0xFF,0x02,0xFF,0xFF,0x02,0x00,0x00,0x00,0x00,0x00,0x00,
    0x00,0x00,0x00,0x00,0x00,0x00,0x00,0x00,0x00,0x00,0x00,0x00,0x00,0x00,0x00,0x00,0x00,0x00,0x00,0x00,0x00,0x00,0x00,0x00,
    0x00,0x00,0x00,0x00,0x00,0x00,0x00,0x00,0x00,0x00,0x00,0x00,0x00,0x00,0x00,0x00,0x00,0x00,0x00,0x00,0x00,0x00,0x00,0x00,
    0x00,0x00,0x00,0x00,0x00,0x00,0x00,0x00,0x00,0xFF,0xFF,0x03,0xFF,0xFF,0x05,0xFF,0xFF,0xA2,0xFF,0xFF,0xFF,0xFF,0xFF,0xF9,
    0xFF,0xFF,0xFC,0xFF,0xFF,0xFE,0xFF,0xFF,0xFE,0xFF,0xFF,0xFD,0xFF,0xFF,0xF9,0xFF,0xFF,0xFF,0xFF,0xFF,0xDE,0xFF,0xFF,0x22,
    0xFF,0xFF,0x02,0xFF,0xFF,0x02,0x00,0x00,0x00,0x00,0x00,0x00,0x00,0x00,0x00,0x00,0x00,0x00,0x00,0x00,0x00,0xFF,0xFF,0x04,
    0x00,0x00,0x00,0xFF,0xFF,0xAA,0xFF,0xFF,0xFF,0xFF,0xFF,0xFB,0xFF,0xFF,0xFF,0xFF,0xFF,0xFF,0xFF,0xFF,0xFB,0xFF,0xFF,0xFF,
    0xFF,0xFF,0x57,0xFF,0xFF,0x04,0xFF,0xFF,0x08,0xFF,0xFF,0x04,0xFF,0xFF,0x04,0xFF,0xFF,0x04,0xFF,0xFF,0x04,0xFF,0xFF,0x04,
    0xFF,0xFF,0x04,0xFF,0xFF,0x04,0xFF,0xFF,0x04,0xFF,0xFF,0x04,0xFF,0xFF,0x04,0xFF,0xFF,0x04,0xFF,0xFF,0x04,0xFF,0xFF,0x04,
    0xFF,0xFF,0x04,0xFF,0xFF,0x04,0xFF,0xFF,0x04,0xFF,0xFF,0x04,0xFF,0xFF,0x04,0xFF,0xFF,0x04,0xFF,0xFF,0x04,0xFF,0xFF,0x04,
    0xFF,0xFF,0x04,0xFF,0xFF,0x04,0xFF,0xFF,0x01,0x00,0x00,0x00,0x00,0x00,0x00,0x00,0x00,0x00,0x00,0x00,0x00,0x00,0x00,0x00,
    0x00,0x00,0x00,0x00,0x00,0x00,0x00,0x00,0x00,0x00,0x00,0x00,0x00,0x00,0x00,0x00,0x00,0x00,0x00,0x00,0x00,0x00,0x00,0x00,
    0x00,0x00,0x00,0x00,0x00,0x00,0x00,0x00,0x00,0x00,0x00,0x00,0x00,0x00,0x00,0x00,0x00,0x00,0x00,0x00,0x00,0x00,0x00,0x00,
    0x00,0x00,0x00,0x00,0x00,0x00,0x00,0x00,0x00,0x00,0x00,0x00,0x00,0x00,0x00,0xFF,0xFF,0x01,0x00,0x00,0x00,0xFF,0xFF,0x10,
    0xFF,0xFF,0xEF,0xFF,0xFF,0xFF,0xFF,0xFF,0xFE,0xFF,0xFF,0xFF,0xFF,0xFF,0xFE,0xFF,0xFF,0xFF,0xFF,0xFF,0xEF,0xFF,0xFF,0x10,
    0x00,0x00,0x00,0xFF,0xFF,0x01,0x00,0x00,0x00,0x00,0x00,0x00,0xFF,0xFF,0x04,0x00,0x00,0x00,0xFF,0xFF,0x6A,0xFF,0xFF,0xFF,
    0xFF,0xFF,0xF9,0xFF,0xFF,0xFF,0xFF,0xFF,0xFF,0xFF,0xFF,0xFF,0xFF,0xFF,0xFF,0xFF,0xFF,0xFF,0xFF,0xFF,0xFF,0xFF,0xFF,0xFA,
    0xFF,0xFF,0xFF,0xFF,0xFF,0xC0,0x00,0x00,0x00,0xFF,0xFF,0x03,0x00,0x00,0x00,0x00,0x00,0x00,0x00,0x00,0x00,0x00,0x00,0x00,
    0x00,0x00,0x00,0x00,0x00,0x00,0x00,0x00,0x00,0x00,0x00,0x00,0x00,0x00,0x00,0x00,0x00,0x00,0x00,0x00,0x00,0x00,0x00,0x00,
    0x00,0x00,0x00,0x00,0x00,0x00,0x00,0x00,0x00,0x00,0x00,0x00,0x00,0x00,0x00,0x00,0x00,0x00,0x00,0x00,0x00,0x00,0x00,0x00,
    0xFF,0xFF,0x04,0x00,0x00,0x00,0xFF,0xFF,0x6A,0xFF,0xFF,0xFF,0xFF,0xFF,0xF9,0xFF,0xFF,0xFF,0xFF,0xFF,0xFF,0xFF,0xFF,0xFF,
    0xFF,0xFF,0xFF,0xFF,0xFF,0xFF,0xFF,0xFF,0xFF,0xFF,0xFF,0xFA,0xFF,0xFF,0xFF,0xFF,0xFF,0xC0,0x00,0x00,0x00,0xFF,0xFF,0x03,
    0x00,0x00,0x00,0x00,0x00,0x00,0x00,0x00,0x00,0x00,0x00,0x00,0x00,0x00,0x00,0x00,0x00,0x00,0x00,0x00,0x00,0x00,0x00,0x00,
    0x00,0x00,0x00,0x00,0x00,0x00,0x00,0x00,0x00,0x00,0x00,0x00,0x00,0x00,0x00,0x00,0x00,0x00,0x00,0x00,0x00,0x00,0x00,0x00,
    0x00,0x00,0x00,0x00,0x00,0x00,0x00,0x00,0x00,0x00,0x00,0x00,0xFF,0xFF,0x04,0x00,0x00,0x00,0xFF,0xFF,0x6A,0xFF,0xFF,0xFF,
    0xFF,0xFF,0xF9,0xFF,0xFF,0xFF,0xFF,0xFF,0xFF,0xFF,0xFF,0xFF,0xFF,0xFF,0xFF,0xFF,0xFF,0xFF,0xFF,0xFF,0xFF,0xFF,0xFF,0xFA,
    0xFF,0xFF,0xFF,0xFF,0xFF,0xC0,0x00,0x00,0x00,0xFF,0xFF,0x03,0x00,0x00,0x00,0x00,0x00,0x00,0x00,0x00,0x00,0x00,0x00,0x00,
    0x00,0x00,0x00,0xFF,0xFF,0x04,0x00,0x00,0x00,0xFF,0xFF,0xAA,0xFF,0xFF,0xFF,0xFF,0xFF,0xFB,0xFF,0xFF,0xFF,0xFF,0xFF,0xFF,
    0xFF,0xFF,0xFB,0xFF,0xFF,0xFF,0xFF,0xFF,0x55,0x00,0x00,0x00,0xFF,0xFF,0x04,0x00,0x00,0x00,0x00,0x00,0x00,0x00,0x00,0x00,
    0x00,0x00,0x00,0x00,0x00,0x00,0x00,0x00,0x00,0x00,0x00,0x00,0x00,0x00,0x00,0x00,0x00,0x00,0x00,0x00,0x00,0x00,0x00,0x00,
    0x00,0x00,0x00,0x00,0x00,0x00,0x00,0x00,0x00,0x00,0x00,0x00,0x00,0x00,0x00,0x00,0x00,0x00,0x00,0x00,0x00,0x00,0x00,0x00,
    0x00,0x00,0x00,0x00,0x00,0x00,0x00,0x00,0x00,0x00,0x00,0x00,0x00,0x00,0x00,0x00,0x00,0x00,0x00,0x00,0x00,0x00,0x00,0x00,
    0x00,0x00,0x00,0x00,0x00,0x00,0x00,0x00,0x00,0x00,0x00,0x00,0x00,0x00,0x00,0x00,0x00,0x00,0x00,0x00,0x00,0x00,0x00,0x00,
    0x00,0x00,0x00,0x00,0x00,0x00,0x00,0x00,0x00,0x00,0x00,0x00,0x00,0x00,0x00,0x00,0x00,0x00,0x00,0x00,0x00,0x00,0x00,0x00,
    0x00,0x00,0x00,0x00,0x00,0x00,0x00,0x00,0x00,0x00,0x00,0x00,0x00,0x00,0x00,0x00,0x00,0x00,0x00,0x00,0x00,0xFF,0xFF,0x01,
    0x00,0x00,0x00,0xFF,0xFF,0x10,0xFF,0xFF,0xEF,0xFF,0xFF,0xFF,0xFF,0xFF,0xFE,0xFF,0xFF,0xFF,0xFF,0xFF,0xFE,0xFF,0xFF,0xFF,
    0xFF,0xFF,0xEF,0xFF,0xFF,0x10,0x00,0x00,0x00,0xFF,0xFF,0x01,0x00,0x00,0x00,0x00,0x00,0x00,0xFF,0xFF,0x03,0xFF,0xFF,0x05,
    0xFF,0xFF,0xC7,0xFF,0xFF,0xFD,0xFF,0xFF,0xFC,0xFF,0xFF,0xFF,0xFF,0xFF,0xFF,0xFF,0xFF,0xFF,0xFF,0xFF,0xFF,0xFF,0xFF,0xFF,
    0xFF,0xFF,0xFF,0xFF,0xFF,0xFF,0xFF,0xFF,0xFC,0xFF,0xFF,0xF9,0xFF,0xFF,0x28,0x00,0x00,0x00,0xFF,0xFF,0x02,0x00,0x00,0x00,
    0x00,0x00,0x00,0x00,0x00,0x00,0x00,0x00,0x00,0x00,0x00,0x00,0x00,0x00,0x00,0x00,0x00,0x00,0x00,0x00,0x00,0x00,0x00,0x00,
    0x00,0x00,0x00,0x00,0x00,0x00,0x00,0x00,0x00,0x00,0x00,0x00,0x00,0x00,0x00,0x00,0x00,0x00,0x00,0x00,0x00,0x00,0x00,0x00,
    0x00,0x00,0x00,0x00,0x00,0x00,0xFF,0xFF,0x03,0xFF,0xFF,0x05,0xFF,0xFF,0xC7,0xFF,0xFF,0xFD,0xFF,0xFF,0xFC,0xFF,0xFF,0xFF,
    0xFF,0xFF,0xFF,0xFF,0xFF,0xFF,0xFF,0xFF,0xFF,0xFF,0xFF,0xFF,0xFF,0xFF,0xFF,0xFF,0xFF,0xFF,0xFF,0xFF,0xFC,0xFF,0xFF,0xF9,
    0xFF,0xFF,0x28,0x00,0x00,0x00,0xFF,0xFF,0x02,0x00,0x00,0x00,0x00,0x00,0x00,0x00,0x00,0x00,0x00,0x00,0x00,0x00,0x00,0x00,
    0x00,0x00,0x00,0x00,0x00,0x00,0x00,0x00,0x00,0x00,0x00,0x00,0x00,0x00,0x00,0x00,0x00,0x00,0x00,0x00,0x00,0x00,0x00,0x00,
    0x00,0x00,0x00,0x00,0x00,0x00,0x00,0x00,0x00,0x00,0x00,0x00,0x00,0x00,0x00,0x00,0x00,0x00,0xFF,0xFF,0x03,0xFF,0xFF,0x05,
    0xFF,0xFF,0xC7,0xFF,0xFF,0xFD,0xFF,0xFF,0xFC,0xFF,0xFF,0xFF,0xFF,0xFF,0xFF,0xFF,0xFF,0xFF,0xFF,0xFF,0xFF,0xFF,0xFF,0xFF,
    0xFF,0xFF,0xFF,0xFF,0xFF,0xFF,0xFF,0xFF,0xFC,0xFF,0xFF,0xF9,0xFF,0xFF,0x28,0x00,0x00,0x00,0xFF,0xFF,0x02,0x00,0x00,0x00,
    0x00,0x00,0x00,0x00,0x00,0x00,0x00,0x00,0x00,0xFF,0xFF,0x04,0x00,0x00,0x00,0xFF,0xFF,0xAA,0xFF,0xFF,0xFF,0xFF,0xFF,0xFB,
    0xFF,0xFF,0xFF,0xFF,0xFF,0xFF,0xFF,0xFF,0xFB,0xFF,0xFF,0xFF,0xFF,0xFF,0x55,0x00,0x00,0x00,0xFF,0xFF,0x04,0x00,0x00,0x00,
    0x00,0x00,0x00,0x00,0x00,0x00,0x00,0x00,0x00,0x00,0x00,0x00,0x00,0x00,0x00,0x00,0x00,0x00,0x00,0x00,0x00,0x00,0x00,0x00,
    0x00,0x00,0x00,0x00,0x00,0x00,0x00,0x00,0x00,0x00,0x00,0x00,0x00,0x00,0x00,0x00,0x00,0x00,0x00,0x00,0x00,0x00,0x00,0x00,
    0x00,0x00,0x00,0x00,0x00,0x00,0x00,0x00,0x00,0x00,0x00,0x00,0x00,0x00,0x00,0x00,0x00,0x00,0x00,0x00,0x00,0x00,0x00,0x00,
    0x00,0x00,0x00,0x00,0x00,0x00,0x00,0x00,0x00,0x00,0x00,0x00,0x00,0x00,0x00,0x00,0x00,0x00,0x00,0x00,0x00,0x00,0x00,0x00,
    0x00,0x00,0x00,0x00,0x00,0x00,0x00,0x00,0x00,0x00,0x00,0x00,0x00,0x00,0x00,0x00,0x00,0x00,0x00,0x00,0x00,0x00,0x00,0x00,
    0x00,0x00,0x00,0x00,0x00,0x00,0x00,0x00,0x00,0x00,0x00,0x00,0x00,0x00,0x00,0x00,0x00,0x00,0x00,0x00,0x00,0x00,0x00,0x00,
    0x00,0x00,0x00,0xFF,0xFF,0x01,0x00,0x00,0x00,0xFF,0xFF,0x10,0xFF,0xFF,0xEF,0xFF,0xFF,0xFF,0xFF,0xFF,0xFE,0xFF,0xFF,0xFF,
    0xFF,0xFF,0xFE,0xFF,0xFF,0xFF,0xFF,0xFF,0xEF,0xFF,0xFF,0x10,0x00,0x00,0x00,0xFF,0xFF,0x01,0x00,0x00,0x00,0xFF,0xFF,0x01,
    0x00,0x00,0x00,0xFF,0xFF,0x11,0xFF,0xFF,0xF1,0xFF,0xFF,0xFF,0xFF,0xFF,0xFE,0xFF,0xFF,0xFF,0xFF,0xFF,0xFF,0xFF,0xFF,0xFF,
    0xFF,0xFF,0xFF,0xFF,0xFF,0xFF,0xFF,0xFF,0xFF,0xFF,0xFF,0xFF,0xFF,0xFF,0xFB,0xFF,0xFF,0xFE,0xFF,0xFF,0x58,0x00,0x00,0x00,
    0xFF,0xFF,0x04,0x00,0x00,0x00,0x00,0x00,0x00,0x00,0x00,0x00,0x00,0x00,0x00,0x00,0x00,0x00,0x00,0x00,0x00,0x00,0x00,0x00,
    0x00,0x00,0x00,0x00,0x00,0x00,0x00,0x00,0x00,0x00,0x00,0x00,0x00,0x00,0x00,0x00,0x00,0x00,0x00,0x00,0x00,0x00,0x00,0x00,
    0x00,0x00,0x00,0x00,0x00,0x00,0x00,0x00,0x00,0xFF,0xFF,0x01,0x00,0x00,0x00,0xFF,0xFF,0x11,0xFF,0xFF,0xF1,0xFF,0xFF,0xFF,
    0xFF,0xFF,0xFE,0xFF,0xFF,0xFF,0xFF,0xFF,0xFF,0xFF,0xFF,0xFF,0xFF,0xFF,0xFF,0xFF,0xFF,0xFF,0xFF,0xFF,0xFF,0xFF,0xFF,0xFF,
    0xFF,0xFF,0xFB,0xFF,0xFF,0xFE,0xFF,0xFF,0x58,0x00,0x00,0x00,0xFF,0xFF,0x04,0x00,0x00,0x00,0x00,0x00,0x00,0x00,0x00,0x00,
    0x00,0x00,0x00,0x00,0x00,0x00,0x00,0x00,0x00,0x00,0x00,0x00,0x00,0x00,0x00,0x00,0x00,0x00,0x00,0x00,0x00,0x00,0x00,0x00,
    0x00,0x00,0x00,0x00,0x00,0x00,0x00,0x00,0x00,0x00,0x00,0x00,0x00,0x00,0x00,0x00,0x00,0x00,0x00,0x00,0x00,0xFF,0xFF,0x01,
    0x00,0x00,0x00,0xFF,0xFF,0x11,0xFF,0xFF,0xF1,0xFF,0xFF,0xFF,0xFF,0xFF,0xFE,0xFF,0xFF,0xFF,0xFF,0xFF,0xFF,0xFF,0xFF,0xFF,
    0xFF,0xFF,0xFF,0xFF,0xFF,0xFF,0xFF,0xFF,0xFF,0xFF,0xFF,0xFF,0xFF,0xFF,0xFB,0xFF,0xFF,0xFE,0xFF,0xFF,0x58,0x00,0x00,0x00,
    0xFF,0xFF,0x04,0x00,0x00,0x00,0x00,0x00,0x00,0x00,0x00,0x00,0x00,0x00,0x00,0xFF,0xFF,0x04,0x00,0x00,0x00,0xFF,0xFF,0xAA,
    0xFF,0xFF,0xFF,0xFF,0xFF,0xFB,0xFF,0xFF,0xFF,0xFF,0xFF,0xFF,0xFF,0xFF,0xFB,0xFF,0xFF,0xFF,0xFF,0xFF,0x55,0x00,0x00,0x00,
    0xFF,0xFF,0x04,0x00,0x00,0x00,0x00,0x00,0x00,0x00,0x00,0x00,0x00,0x00,0x00,0x00,0x00,0x00,0x00,0x00,0x00,0x00,0x00,0x00,
    0x00,0x00,0x00,0x00,0x00,0x00,0x00,0x00,0x00,0x00,0x00,0x00,0x00,0x00,0x00,0x00,0x00,0x00,0x00,0x00,0x00,0x00,0x00,0x00,
    0x00,0x00,0x00,0x00,0x00,0x00,0x00,0x00,0x00,0x00,0x00,0x00,0x00,0x00,0x00,0x00,0x00,0x00,0x00,0x00,0x00,0x00,0x00,0x00,
    0x00,0x00,0x00,0x00,0x00,0x00,0x00,0x00,0x00,0x00,0x00,0x00,0x00,0x00,0x00,0x00,0x00,0x00,0x00,0x00,0x00,0x00,0x00,0x00,
    0x00,0x00,0x00,0x00,0x00,0x00,0x00,0x00,0x00,0x00,0x00,0x00,0x00,0x00,0x00,0x00,0x00,0x00,0x00,0x00,0x00,0x00,0x00,0x00,
    0x00,0x00,0x00,0x00,0x00,0x00,0x00,0x00,0x00,0x00,0x00,0x00,0x00,0x00,0x00,0x00,0x00,0x00,0x00,0x00,0x00,0x00,0x00,0x00,
    0x00,0x00,0x00,0x00,0x00,0x00,0x00,0x00,0x00,0xFF,0xFF,0x01,0x00,0x00,0x00,0xFF,0xFF,0x10,0xFF,0xFF,0xEF,0xFF,0xFF,0xFF,
    0xFF,0xFF,0xFE,0xFF,0xFF,0xFF,0xFF,0xFF,0xFE,0xFF,0xFF,0xFF,0xFF,0xFF,0xEF,0xFF,0xFF,0x10,0x00,0x00,0x00,0xFF,0xFF,0x01,
    0x00,0x00,0x00,0xFF,0xFF,0x01,0x00,0x00,0x00,0xFF,0xFF,0x11,0xFF,0xFF,0xF1,0xFF,0xFF,0xFF,0xFF,0xFF,0xFE,0xFF,0xFF,0xFF,
    0xFF,0xFF,0xFF,0xFF,0xFF,0xFF,0xFF,0xFF,0xFF,0xFF,0xFF,0xFF,0xFF,0xFF,0xFF,0xFF,0xFF,0xFF,0xFF,0xFF,0xFB,0xFF,0xFF,0xFF,
    0xFF,0xFF,0x58,0x00,0x00,0x00,0xFF,0xFF,0x04,0x00,0x00,0x00,0x00,0x00,0x00,0x00,0x00,0x00,0x00,0x00,0x00,0x00,0x00,0x00,
    0x00,0x00,0x00,0x00,0x00,0x00,0x00,0x00,0x00,0x00,0x00,0x00,0x00,0x00,0x00,0x00,0x00,0x00,0x00,0x00,0x00,0x00,0x00,0x00,
    0x00,0x00,0x00,0x00,0x00,0x00,0x00,0x00,0x00,0x00,0x00,0x00,0x00,0x00,0x00,0xFF,0xFF,0x01,0x00,0x00,0x00,0xFF,0xFF,0x11,
    0xFF,0xFF,0xF1,0xFF,0xFF,0xFF,0xFF,0xFF,0xFE,0xFF,0xFF,0xFF,0xFF,0xFF,0xFF,0xFF,0xFF,0xFF,0xFF,0xFF,0xFF,0xFF,0xFF,0xFF,
    0xFF,0xFF,0xFF,0xFF,0xFF,0xFF,0xFF,0xFF,0xFB,0xFF,0xFF,0xFF,0xFF,0xFF,0x58,0x00,0x00,0x00,0xFF,0xFF,0x04,0x00,0x00,0x00,
    0x00,0x00,0x00,0x00,0x00,0x00,0x00,0x00,0x00,0x00,0x00,0x00,0x00,0x00,0x00,0x00,0x00,0x00,0x00,0x00,0x00,0x00,0x00,0x00,
    0x00,0x00,0x00,0x00,0x00,0x00,0x00,0x00,0x00,0x00,0x00,0x00,0x00,0x00,0x00,0x00,0x00,0x00,0x00,0x00,0x00,0x00,0x00,0x00,
    0x00,0x00,0x00,0xFF,0xFF,0x01,0x00,0x00,0x00,0xFF,0xFF,0x11,0xFF,0xFF,0xF1,0xFF,0xFF,0xFF,0xFF,0xFF,0xFE,0xFF,0xFF,0xFF,
    0xFF,0xFF,0xFF,0xFF,0xFF,0xFF,0xFF,0xFF,0xFF,0xFF,0xFF,0xFF,0xFF,0xFF,0xFF,0xFF,0xFF,0xFF,0xFF,0xFF,0xFB,0xFF,0xFF,0xFF,
    0xFF,0xFF,0x58,0x00,0x00,0x00,0xFF,0xFF,0x04,0x00,0x00,0x00,0x00,0x00,0x00,0x00,0x00,0x00,0x00,0x00,0x00,0xFF,0xFF,0x04,
    0x00,0x00,0x00,0xFF,0xFF,0xAA,0xFF,0xFF,0xFF,0xFF,0xFF,0xFB,0xFF,0xFF,0xFF,0xFF,0xFF,0xFF,0xFF,0xFF,0xFB,0xFF,0xFF,0xFF,
    0xFF,0xFF,0x55,0x00,0x00,0x00,0xFF,0xFF,0x04,0x00,0x00,0x00,0x00,0x00,0x00,0x00,0x00,0x00,0x00,0x00,0x00,0x00,0x00,0x00,
    0x00,0x00,0x00,0x00,0x00,0x00,0x00,0x00,0x00,0x00,0x00,0x00,0x00,0x00,0x00,0x00,0x00,0x00,0x00,0x00,0x00,0x00,0x00,0x00,
    0x00,0x00,0x00,0x00,0x00,0x00,0x00,0x00,0x00,0x00,0x00,0x00,0x00,0x00,0x00,0x00,0x00,0x00,0x00,0x00,0x00,0x00,0x00,0x00,
    0x00,0x00,0x00,0x00,0x00,0x00,0x00,0x00,0x00,0x00,0x00,0x00,0x00,0x00,0x00,0x00,0x00,0x00,0x00,0x00,0x00,0x00,0x00,0x00,
    0x00,0x00,0x00,0x00,0x00,0x00,0x00,0x00,0x00,0x00,0x00,0x00,0x00,0x00,0x00,0x00,0x00,0x00,0x00,0x00,0x00,0x00,0x00,0x00,
    0x00,0x00,0x00,0x00,0x00,0x00,0x00,0x00,0x00,0x00,0x00,0x00,0x00,0x00,0x00,0x00,0x00,0x00,0x00,0x00,0x00,0x00,0x00,0x00,
    0x00,0x00,0x00,0x00,0x00,0x00,0x00,0x00,0x00,0x00,0x00,0x00,0x00,0x00,0x00,0xFF,0xFF,0x01,0x00,0x00,0x00,0xFF,0xFF,0x10,
    0xFF,0xFF,0xEF,0xFF,0xFF,0xFF,0xFF,0xFF,0xFE,0xFF,0xFF,0xFF,0xFF,0xFF,0xFE,0xFF,0xFF,0xFF,0xFF,0xFF,0xEF,0xFF,0xFF,0x10,
    0x00,0x00,0x00,0xFF,0xFF,0x01,0x00,0x00,0x00,0xFF,0xFF,0x01,0xFF,0xFF,0x01,0xFF,0xFF,0x0B,0xFF,0xFF,0xDC,0xFF,0xFF,0xFD,
    0xFF,0xFF,0xFD,0xFF,0xFF,0xFF,0xFF,0xFF,0xFF,0xFF,0xFF,0xFF,0xFF,0xFF,0xFF,0xFF,0xFF,0xFF,0xFF,0xFF,0xFF,0xFF,0xFF,0xFF,
    0xFF,0xFF,0xFC,0xFF,0xFF,0xFC,0xFF,0xFF,0x3F,0x00,0x00,0x00,0xFF,0xFF,0x03,0x00,0x00,0x00,0x00,0x00,0x00,0x00,0x00,0x00,
    0x00,0x00,0x00,0x00,0x00,0x00,0x00,0x00,0x00,0x00,0x00,0x00,0x00,0x00,0x00,0xFF,0xFF,0x01,0xFF,0xFF,0x01,0xFF,0xFF,0x01,
    0x00,0x00,0x00,0x00,0x00,0x00,0x00,0x00,0x00,0x00,0x00,0x00,0x00,0x00,0x00,0x00,0x00,0x00,0x00,0x00,0x00,0xFF,0xFF,0x01,
    0xFF,0xFF,0x01,0xFF,0xFF,0x0B,0xFF,0xFF,0xDC,0xFF,0xFF,0xFD,0xFF,0xFF,0xFD,0xFF,0xFF,0xFF,0xFF,0xFF,0xFF,0xFF,0xFF,0xFF,
    0xFF,0xFF,0xFF,0xFF,0xFF,0xFF,0xFF,0xFF,0xFF,0xFF,0xFF,0xFF,0xFF,0xFF,0xFC,0xFF,0xFF,0xFC,0xFF,0xFF,0x3F,0x00,0x00,0x00,
    0xFF,0xFF,0x03,0x00,0x00,0x00,0x00,0x00,0x00,0x00,0x00,0x00,0x00,0x00,0x00,0x00,0x00,0x00,0x00,0x00,0x00,0x00,0x00,0x00,
    0x00,0x00,0x00,0xFF,0xFF,0x01,0xFF,0xFF,0x01,0xFF,0xFF,0x01,0x00,0x00,0x00,0x00,0x00,0x00,0x00,0x00,0x00,0x00,0x00,0x00,
    0x00,0x00,0x00,0x00,0x00,0x00,0x00,0x00,0x00,0xFF,0xFF,0x01,0xFF,0xFF,0x01,0xFF,0xFF,0x0B,0xFF,0xFF,0xDC,0xFF,0xFF,0xFD,
    0xFF,0xFF,0xFD,0xFF,0xFF,0xFF,0xFF,0xFF,0xFF,0xFF,0xFF,0xFF,0xFF,0xFF,0xFF,0xFF,0xFF,0xFF,0xFF,0xFF,0xFF,0xFF,0xFF,0xFF,
    0xFF,0xFF,0xFC,0xFF,0xFF,0xFC,0xFF,0xFF,0x3F,0x00,0x00,0x00,0xFF,0xFF,0x03,0x00,0x00,0x00,0x00,0x00,0x00,0x00,0x00,0x00,
    0x00,0x00,0x00,0xFF,0xFF,0x04,0x00,0x00,0x00,0xFF,0xFF,0xAA,0xFF,0xFF,0xFF,0xFF,0xFF,0xFB,0xFF,0xFF,0xFF,0xFF,0xFF,0xFF,
    0xFF,0xFF,0xFB,0xFF,0xFF,0xFF,0xFF,0xFF,0x55,0x00,0x00,0x00,0xFF,0xFF,0x04,0x00,0x00,0x00,0x00,0x00,0x00,0x00,0x00,0x00,
    0x00,0x00,0x00,0x00,0x00,0x00,0x00,0x00,0x00,0x00,0x00,0x00,0x00,0x00,0x00,0x00,0x00,0x00,0x00,0x00,0x00,0x00,0x00,0x00,
    0x00,0x00,0x00,0x00,0x00,0x00,0x00,0x00,0x00,0x00,0x00,0x00,0x00,0x00,0x00,0x00,0x00,0x00,0x00,0x00,0x00,0x00,0x00,0x00,
    0x00,0x00,0x00,0x00,0x00,0x00,0x00,0x00,0x00,0x00,0x00,0x00,0x00,0x00,0x00,0x00,0x00,0x00,0x00,0x00,0x00,0x00,0x00,0x00,
    0x00,0x00,0x00,0x00,0x00,0x00,0x00,0x00,0x00,0x00,0x00,0x00,0x00,0x00,0x00,0x00,0x00,0x00,0x00,0x00,0x00,0x00,0x00,0x00,
    0x00,0x00,0x00,0x00,0x00,0x00,0x00,0x00,0x00,0x00,0x00,0x00,0x00,0x00,0x00,0x00,0x00,0x00,0x00,0x00,0x00,0x00,0x00,0x00,
    0x00,0x00,0x00,0x00,0x00,0x00,0x00,0x00,0x00,0x00,0x00,0x00,0x00,0x00,0x00,0x00,0x00,0x00,0x00,0x00,0x00,0xFF,0xFF,0x01,
    0x00,0x00,0x00,0xFF,0xFF,0x10,0xFF,0xFF,0xEF,0xFF,0xFF,0xFF,0xFF,0xFF,0xFE,0xFF,0xFF,0xFF,0xFF,0xFF,0xFE,0xFF,0xFF,0xFF,
    0xFF,0xFF,0xEF,0xFF,0xFF,0x10,0x00,0x00,0x00,0xFF,0xFF,0x01,0x00,0x00,0x00,0x00,0x00,0x00,0xFF,0xFF,0x05,0x00,0x00,0x00,
    0xFF,0xFF,0x8F,0xFF,0xFF,0xFF,0xFF,0xFF,0xF9,0xFF,0xFF,0xFF,0xFF,0xFF,0xFF,0xFF,0xFF,0xFF,0xFF,0xFF,0xFF,0xFF,0xFF,0xFF,
    0xFF,0xFF,0xFF,0xFF,0xFF,0xFC,0xFF,0xFF,0xFF,0xFF,0xFF,0xE1,0xFF,0xFF,0x06,0xFF,0xFF,0x02,0x00,0x00,0x00,0x00,0x00,0x00,
    0x00,0x00,0x00,0x00,0x00,0x00,0x00,0x00,0x00,0x00,0x00,0x00,0x00,0x00,0x00,0xFF,0xFF,0x04,0xFF,0xFF,0x01,0x00,0x00,0x00,
    0x00,0x00,0x00,0x00,0x00,0x00,0xFF,0xFF,0x04,0xFF,0xFF,0x01,0x00,0x00,0x00,0x00,0x00,0x00,0x00,0x00,0x00,0x00,0x00,0x00,
    0x00,0x00,0x00,0x00,0x00,0x00,0xFF,0xFF,0x05,0x00,0x00,0x00,0xFF,0xFF,0x8F,0xFF,0xFF,0xFF,0xFF,0xFF,0xF9,0xFF,0xFF,0xFF,
    0xFF,0xFF,0xFF,0xFF,0xFF,0xFF,0xFF,0xFF,0xFF,0xFF,0xFF,0xFF,0xFF,0xFF,0xFF,0xFF,0xFF,0xFC,0xFF,0xFF,0xFF,0xFF,0xFF,0xE1,
    0xFF,0xFF,0x06,0xFF,0xFF,0x02,0x00,0x00,0x00,0x00,0x00,0x00,0x00,0x00,0x00,0x00,0x00,0x00,0x00,0x00,0x00,0x00,0x00,0x00,
    0x00,0x00,0x00,0xFF,0xFF,0x04,0xFF,0xFF,0x01,0x00,0x00,0x00,0x00,0x00,0x00,0x00,0x00,0x00,0xFF,0xFF,0x04,0xFF,0xFF,0x01,
    0x00,0x00,0x00,0x00,0x00,0x00,0x00,0x00,0x00,0x00,0x00,0x00,0x00,0x00,0x00,0x00,0x00,0x00,0xFF,0xFF,0x05,0x00,0x00,0x00,
    0xFF,0xFF,0x8F,0xFF,0xFF,0xFF,0xFF,0xFF,0xF9,0xFF,0xFF,0xFF,0xFF,0xFF,0xFF,0xFF,0xFF,0xFF,0xFF,0xFF,0xFF,0xFF,0xFF,0xFF,
    0xFF,0xFF,0xFF,0xFF,0xFF,0xFC,0xFF,0xFF,0xFF,0xFF,0xFF,0xE1,0xFF,0xFF,0x06,0xFF,0xFF,0x02,0x00,0x00,0x00,0x00,0x00,0x00,
    0x00,0x00,0x00,0x00,0x00,0x00,0x00,0x00,0x00,0xFF,0xFF,0x04,0x00,0x00,0x00,0xFF,0xFF,0xAA,0xFF,0xFF,0xFF,0xFF,0xFF,0xFB,
    0xFF,0xFF,0xFF,0xFF,0xFF,0xFF,0xFF,0xFF,0xFB,0xFF,0xFF,0xFF,0xFF,0xFF,0x55,0x00,0x00,0x00,0xFF,0xFF,0x04,0x00,0x00,0x00,
    0x00,0x00,0x00,0x00,0x00,0x00,0x00,0x00,0x00,0x00,0x00,0x00,0x00,0x00,0x00,0x00,0x00,0x00,0x00,0x00,0x00,0x00,0x00,0x00,
    0x00,0x00,0x00,0x00,0x00,0x00,0x00,0x00,0x00,0x00,0x00,0x00,0x00,0x00,0x00,0x00,0x00,0x00,0x00,0x00,0x00,0x00,0x00,0x00,
    0x00,0x00,0x00,0x00,0x00,0x00,0x00,0x00,0x00,0x00,0x00,0x00,0x00,0x00,0x00,0x00,0x00,0x00,0x00,0x00,0x00,0x00,0x00,0x00,
    0x00,0x00,0x00,0x00,0x00,0x00,0x00,0x00,0x00,0x00,0x00,0x00,0x00,0x00,0x00,0x00,0x00,0x00,0x00,0x00,0x00,0x00,0x00,0x00,
    0x00,0x00,0x00,0x00,0x00,0x00,0x00,0x00,0x00,0x00,0x00,0x00,0x00,0x00,0x00,0x00,0x00,0x00,0x00,0x00,0x00,0x00,0x00,0x00,
    0x00,0x00,0x00,0x00,0x00,0x00,0x00,0x00,0x00,0x00,0x00,0x00,0x00,0x00,0x00,0x00,0x00,0x00,0x00,0x00,0x00,0x00,0x00,0x00,
    0x00,0x00,0x00,0xFF,0xFF,0x01,0x00,0x00,0x00,0xFF,0xFF,0x10,0xFF,0xFF,0xEF,0xFF,0xFF,0xFF,0xFF,0xFF,0xFE,0xFF,0xFF,0xFF,
    0xFF,0xFF,0xFE,0xFF,0xFF,0xFF,0xFF,0xFF,0xEF,0xFF,0xFF,0x10,0x00,0x00,0x00,0xFF,0xFF,0x01,0x00,0x00,0x00,0x00,0x00,0x00,
    0xFF,0xFF,0x02,0xFF,0xFF,0x02,0xFF,0xFF,0x1D,0xFF,0xFF,0xDE,0xFF,0xFF,0xFF,0xFF,0xFF,0xFA,0xFF,0xFF,0xFF,0xFF,0xFF,0xFF,
    0xFF,0xFF,0xFF,0xFF,0xFF,0xFF,0xFF,0xFF,0xFC,0xFF,0xFF,0xFC,0xFF,0xFF,0xFF,0xFF,0xFF,0x55,0x00,0x00,0x00,0xFF,0xFF,0x03,
    0x00,0x00,0x00,0x00,0x00,0x00,0x00,0x00,0x00,0x00,0x00,0x00,0x00,0x00,0x00,0xFF,0xFF,0x01,0xFF,0xFF,0x01,0x00,0x00,0x00,
    0x00,0x00,0x00,0xFF,0xFF,0x10,0xFF,0xFF,0x10,0xFF,0xFF,0x05,0x00,0x00,0x00,0x00,0x00,0x00,0xFF,0xFF,0x02,0x00,0x00,0x00,
    0x00,0x00,0x00,0x00,0x00,0x00,0x00,0x00,0x00,0x00,0x00,0x00,0xFF,0xFF,0x02,0xFF,0xFF,0x02,0xFF,0xFF,0x1D,0xFF,0xFF,0xDE,
    0xFF,0xFF,0xFF,0xFF,0xFF,0xFA,0xFF,0xFF,0xFF,0xFF,0xFF,0xFF,0xFF,0xFF,0xFF,0xFF,0xFF,0xFF,0xFF,0xFF,0xFC,0xFF,0xFF,0xFC,
    0xFF,0xFF,0xFF,0xFF,0xFF,0x55,0x00,0x00,0x00,0xFF,0xFF,0x03,0x00,0x00,0x00,0x00,0x00,0x00,0x00,0x00,0x00,0x00,0x00,0x00,
    0x00,0x00,0x00,0xFF,0xFF,0x01,0xFF,0xFF,0x01,0x00,0x00,0x00,0x00,0x00,0x00,0xFF,0xFF,0x10,0xFF,0xFF,0x10,0xFF,0xFF,0x05,
    0x00,0x00,0x00,0x00,0x00,0x00,0xFF,0xFF,0x02,0x00,0x00,0x00,0x00,0x00,0x00,0x00,0x00,0x00,0x00,0x00,0x00,0x00,0x00,0x00,
    0xFF,0xFF,0x02,0xFF,0xFF,0x02,0xFF,0xFF,0x1D,0xFF,0xFF,0xDE,0xFF,0xFF,0xFF,0xFF,0xFF,0xFA,0xFF,0xFF,0xFF,0xFF,0xFF,0xFF,
    0xFF,0xFF,0xFF,0xFF,0xFF,0xFF,0xFF,0xFF,0xFC,0xFF,0xFF,0xFC,0xFF,0xFF,0xFF,0xFF,0xFF,0x55,0x00,0x00,0x00,0xFF,0xFF,0x03,
    0x00,0x00,0x00,0x00,0x00,0x00,0x00,0x00,0x00,0x00,0x00,0x00,0x00,0x00,0x00,0xFF,0xFF,0x04,0x00,0x00,0x00,0xFF,0xFF,0xAA,
    0xFF,0xFF,0xFF,0xFF,0xFF,0xFB,0xFF,0xFF,0xFF,0xFF,0xFF,0xFF,0xFF,0xFF,0xFB,0xFF,0xFF,0xFF,0xFF,0xFF,0x55,0x00,0x00,0x00,
    0xFF,0xFF,0x04,0x00,0x00,0x00,0x00,0x00,0x00,0x00,0x00,0x00,0x00,0x00,0x00,0x00,0x00,0x00,0x00,0x00,0x00,0x00,0x00,0x00,
    0x00,0x00,0x00,0x00,0x00,0x00,0x00,0x00,0x00,0x00,0x00,0x00,0x00,0x00,0x00,0x00,0x00,0x00,0x00,0x00,0x00,0x00,0x00,0x00,
    0x00,0x00,0x00,0x00,0x00,0x00,0x00,0x00,0x00,0x00,0x00,0x00,0x00,0x00,0x00,0x00,0x00,0x00,0x00,0x00,0x00,0x00,0x00,0x00,
    0x00,0x00,0x00,0x00,0x00,0x00,0x00,0x00,0x00,0x00,0x00,0x00,0x00,0x00,0x00,0x00,0x00,0x00,0x00,0x00,0x00,0x00,0x00,0x00,
    0x00,0x00,0x00,0x00,0x00,0x00,0x00,0x00,0x00,0x00,0x00,0x00,0x00,0x00,0x00,0x00,0x00,0x00,0x00,0x00,0x00,0x00,0x00,0x00,
    0x00,0x00,0x00,0x00,0x00,0x00,0x00,0x00,0x00,0x00,0x00,0x00,0x00,0x00,0x00,0x00,0x00,0x00,0x00,0x00,0x00,0x00,0x00,0x00,
    0x00,0x00,0x00,0x00,0x00,0x00,0x00,0x00,0x00,0xFF,0xFF,0x01,0x00,0x00,0x00,0xFF,0xFF,0x10,0xFF,0xFF,0xEF,0xFF,0xFF,0xFF,
    0xFF,0xFF,0xFE,0xFF,0xFF,0xFF,0xFF,0xFF,0xFE,0xFF,0xFF,0xFF,0xFF,0xFF,0xEF,0xFF,0xFF,0x10,0x00,0x00,0x00,0xFF,0xFF,0x01,
    0x00,0x00,0x00,0x00,0x00,0x00,0x00,0x00,0x00,0xFF,0xFF,0x02,0x00,0x00,0x00,0xFF,0xFF,0x21,0xFF,0xFF,0xDE,0xFF,0xFF,0xFF,
    0xFF,0xFF,0xFF,0xFF,0xFF,0xFB,0xFF,0xFF,0xFB,0xFF,0xFF,0xFD,0xFF,0xFF,0xFF,0xFF,0xFF,0xFF,0xFF,0xFF,0x5C,0x00,0x00,0x00,
    0xFF,0xFF,0x03,0x00,0x00,0x00,0x00,0x00,0x00,0x00,0x00,0x00,0x00,0x00,0x00,0x00,0x00,0x00,0xFF,0xFF,0x01,0xFF,0xFF,0x01,
    0x00,0x00,0x00,0xFF,0xFF,0x6D,0xFF,0xFF,0xC1,0xFF,0xFF,0xEE,0xFF,0xFF,0xEE,0xFF,0xFF,0xD7,0xFF,0xFF,0x8E,0xFF,0xFF,0x1D,
    0x00,0x00,0x00,0xFF,0xFF,0x03,0x00,0x00,0x00,0x00,0x00,0x00,0x00,0x00,0x00,0x00,0x00,0x00,0x00,0x00,0x00,0xFF,0xFF,0x02,
    0x00,0x00,0x00,0xFF,0xFF,0x21,0xFF,0xFF,0xDE,0xFF,0xFF,0xFF,0xFF,0xFF,0xFF,0xFF,0xFF,0xFB,0xFF,0xFF,0xFB,0xFF,0xFF,0xFD,
    0xFF,0xFF,0xFF,0xFF,0xFF,0xFF,0xFF,0xFF,0x5C,0x00,0x00,0x00,0xFF,0xFF,0x03,0x00,0x00,0x00,0x00,0x00,0x00,0x00,0x00,0x00,
    0x00,0x00,0x00,0x00,0x00,0x00,0xFF,0xFF,0x01,0xFF,0xFF,0x01,0x00,0x00,0x00,0xFF,0xFF,0x6D,0xFF,0xFF,0xC1,0xFF,0xFF,0xEE,
    0xFF,0xFF,0xEE,0xFF,0xFF,0xD7,0xFF,0xFF,0x8E,0xFF,0xFF,0x1D,0x00,0x00,0x00,0xFF,0xFF,0x03,0x00,0x00,0x00,0x00,0x00,0x00,
    0x00,0x00,0x00,0x00,0x00,0x00,0x00,0x00,0x00,0xFF,0xFF,0x02,0x00,0x00,0x00,0xFF,0xFF,0x21,0xFF,0xFF,0xDE,0xFF,0xFF,0xFF,
    0xFF,0xFF,0xFF,0xFF,0xFF,0xFB,0xFF,0xFF,0xFB,0xFF,0xFF,0xFD,0xFF,0xFF,0xFF,0xFF,0xFF,0xFF,0xFF,0xFF,0x5C,0x00,0x00,0x00,
    0xFF,0xFF,0x03,0x00,0x00,0x00,0x00,0x00,0x00,0x00,0x00,0x00,0x00,0x00,0x00,0x00,0x00,0x00,0x00,0x00,0x00,0xFF,0xFF,0x04,
    0x00,0x00,0x00,0xFF,0xFF,0xAA,0xFF,0xFF,0xFF,0xFF,0xFF,0xFB,0xFF,0xFF,0xFF,0xFF,0xFF,0xFF,0xFF,0xFF,0xFB,0xFF,0xFF,0xFF,
    0xFF,0xFF,0x55,0x00,0x00,0x00,0xFF,0xFF,0x04,0x00,0x00,0x00,0x00,0x00,0x00,0x00,0x00,0x00,0x00,0x00,0x00,0x00,0x00,0x00,
    0x00,0x00,0x00,0x00,0x00,0x00,0x00,0x00,0x00,0x00,0x00,0x00,0x00,0x00,0x00,0x00,0x00,0x00,0x00,0x00,0x00,0x00,0x00,0x00,
    0x00,0x00,0x00,0x00,0x00,0x00,0x00,0x00,0x00,0x00,0x00,0x00,0x00,0x00,0x00,0x00,0x00,0x00,0x00,0x00,0x00,0x00,0x00,0x00,
    0x00,0x00,0x00,0x00,0x00,0x00,0x00,0x00,0x00,0x00,0x00,0x00,0x00,0x00,0x00,0x00,0x00,0x00,0x00,0x00,0x00,0x00,0x00,0x00,
    0x00,0x00,0x00,0x00,0x00,0x00,0x00,0x00,0x00,0x00,0x00,0x00,0x00,0x00,0x00,0x00,0x00,0x00,0x00,0x00,0x00,0x00,0x00,0x00,
    0x00,0x00,0x00,0x00,0x00,0x00,0x00,0x00,0x00,0x00,0x00,0x00,0x00,0x00,0x00,0x00,0x00,0x00,0x00,0x00,0x00,0x00,0x00,0x00,
    0x00,0x00,0x00,0x00,0x00,0x00,0x00,0x00,0x00,0x00,0x00,0x00,0x00,0x00,0x00,0xFF,0xFF,0x01,0x00,0x00,0x00,0xFF,0xFF,0x10,
    0xFF,0xFF,0xEF,0xFF,0xFF,0xFF,0xFF,0xFF,0xFE,0xFF,0xFF,0xFF,0xFF,0xFF,0xFE,0xFF,0xFF,0xFF,0xFF,0xFF,0xEF,0xFF,0xFF,0x10,
    0x00,0x00,0x00,0xFF,0xFF,0x01,0x00,0x00,0x00,0x00,0x00,0x00,0x00,0x00,0x00,0x00,0x00,0x00,0xFF,0xFF,0x03,0x00,0x00,0x00,
    0xFF,0xFF,0x22,0xFF,0xFF,0xBC,0xFF,0xFF,0xF8,0xFF,0xFF,0xFF,0xFF,0xFF,0xFF,0xFF,0xFF,0xFF,0xFF,0xFF,0xD8,0xFF,0xFF,0x59,
    0x00,0x00,0x00,0xFF,0xFF,0x04,0x00,0x00,0x00,0x00,0x00,0x00,0x00,0x00,0x00,0x00,0x00,0x00,0x00,0x00,0x00,0xFF,0xFF,0x01,
    0xFF,0xFF,0x02,0x00,0x00,0x00,0xFF,0xFF,0xA2,0xFF,0xFF,0xFF,0xFF,0xFF,0xFF,0xFF,0xFF,0xFF,0xFF,0xFF,0xFF,0xFF,0xFF,0xFF,
    0xFF,0xFF,0xFF,0xFF,0xFF,0xDE,0xFF,0xFF,0x21,0x00,0x00,0x00,0xFF,0xFF,0x02,0x00,0x00,0x00,0x00,0x00,0x00,0x00,0x00,0x00,
    0x00,0x00,0x00,0x00,0x00,0x00,0xFF,0xFF,0x03,0x00,0x00,0x00,0xFF,0xFF,0x22,0xFF,0xFF,0xBC,0xFF,0xFF,0xF8,0xFF,0xFF,0xFF,
    0xFF,0xFF,0xFF,0xFF,0xFF,0xFF,0xFF,0xFF,0xD8,0xFF,0xFF,0x59,0x00,0x00,0x00,0xFF,0xFF,0x04,0x00,0x00,0x00,0x00,0x00,0x00,
    0x00,0x00,0x00,0x00,0x00,0x00,0x00,0x00,0x00,0xFF,0xFF,0x01,0xFF,0xFF,0x02,0x00,0x00,0x00,0xFF,0xFF,0xA2,0xFF,0xFF,0xFF,
    0xFF,0xFF,0xFF,0xFF,0xFF,0xFF,0xFF,0xFF,0xFF,0xFF,0xFF,0xFF,0xFF,0xFF,0xFF,0xFF,0xFF,0xDE,0xFF,0xFF,0x21,0x00,0x00,0x00,
    0xFF,0xFF,0x02,0x00,0x00,0x00,0x00,0x00,0x00,0x00,0x00,0x00,0x00,0x00,0x00,0x00,0x00,0x00,0xFF,0xFF,0x03,0x00,0x00,0x00,
    0xFF,0xFF,0x22,0xFF,0xFF,0xBC,0xFF,0xFF,0xF8,0xFF,0xFF,0xFF,0xFF,0xFF,0xFF,0xFF,0xFF,0xFF,0xFF,0xFF,0xD8,0xFF,0xFF,0x59,
    0x00,0x00,0x00,0xFF,0xFF,0x04,0x00,0x00,0x00,0x00,0x00,0x00,0x00,0x00,0x00,0x00,0x00,0x00,0x00,0x00,0x00,0x00,0x00,0x00,
    0x00,0x00,0x00,0xFF,0xFF,0x04,0x00,0x00,0x00,0xFF,0xFF,0xAA,0xFF,0xFF,0xFF,0xFF,0xFF,0xFB,0xFF,0xFF,0xFF,0xFF,0xFF,0xFF,
    0xFF,0xFF,0xFB,0xFF,0xFF,0xFF,0xFF,0xFF,0x55,0x00,0x00,0x00,0xFF,0xFF,0x04,0x00,0x00,0x00,0x00,0x00,0x00,0x00,0x00,0x00,
    0x00,0x00,0x00,0x00,0x00,0x00,0x00,0x00,0x00,0x00,0x00,0x00,0x00,0x00,0x00,0x00,0x00,0x00,0x00,0x00,0x00,0x00,0x00,0x00,
    0x00,0x00,0x00,0x00,0x00,0x00,0x00,0x00,0x00,0x00,0x00,0x00,0x00,0x00,0x00,0x00,0x00,0x00,0x00,0x00,0x00,0x00,0x00,0x00,
    0x00,0x00,0x00,0x00,0x00,0x00,0x00,0x00,0x00,0x00,0x00,0x00,0x00,0x00,0x00,0x00,0x00,0x00,0x00,0x00,0x00,0x00,0x00,0x00,
    0x00,0x00,0x00,0x00,0x00,0x00,0x00,0x00,0x00,0x00,0x00,0x00,0x00,0x00,0x00,0x00,0x00,0x00,0x00,0x00,0x00,0x00,0x00,0x00,
    0x00,0x00,0x00,0x00,0x00,0x00,0x00,0x00,0x00,0x00,0x00,0x00,0x00,0x00,0x00,0x00,0x00,0x00,0x00,0x00,0x00,0x00,0x00,0x00,
    0x00,0x00,0x00,0x00,0x00,0x00,0x00,0x00,0x00,0x00,0x00,0x00,0x00,0x00,0x00,0x00,0x00,0x00,0x00,0x00,0x00,0xFF,0xFF,0x01,
    0x00,0x00,0x00,0xFF,0xFF,0x10,0xFF,0xFF,0xEF,0xFF,0xFF,0xFF,0xFF,0xFF,0xFE,0xFF,0xFF,0xFF,0xFF,0xFF,0xFE,0xFF,0xFF,0xFF,
    0xFF,0xFF,0xEF,0xFF,0xFF,0x10,0x00,0x00,0x00,0xFF,0xFF,0x01,0x00,0x00,0x00,0x00,0x00,0x00,0x00,0x00,0x00,0x00,0x00,0x00,
    0x00,0x00,0x00,0xFF,0xFF,0x02,0x00,0x00,0x00,0x00,0x00,0x00,0xFF,0xFF,0x27,0xFF,0xFF,0x54,0xFF,0xFF,0x54,0xFF,0xFF,0x3E,
    0xFF,0xFF,0x05,0x00,0x00,0x00,0xFF,0xFF,0x03,0x00,0x00,0x00,0x00,0x00,0x00,0x00,0x00,0x00,0x00,0x00,0x00,0x00,0x00,0x00,
    0x00,0x00,0x00,0xFF,0xFF,0x03,0xFF,0xFF,0x05,0xFF,0xFF,0xA2,0xFF,0xFF,0xFF,0xFF,0xFF,0xF9,0xFF,0xFF,0xFC,0xFF,0xFF,0xFE,
    0xFF,0xFF,0xFE,0xFF,0xFF,0xFD,0xFF,0xFF,0xF9,0xFF,0xFF,0xFF,0xFF,0xFF,0xDE,0xFF,0xFF,0x22,0xFF,0xFF,0x02,0xFF,0xFF,0x02,
    0x00,0x00,0x00,0x00,0x00,0x00,0x00,0x00,0x00,0x00,0x00,0x00,0x00,0x00,0x00,0xFF,0xFF,0x02,0x00,0x00,0x00,0x00,0x00,0x00,
    0xFF,0xFF,0x27,0xFF,0xFF,0x54,0xFF,0xFF,0x54,0xFF,0xFF,0x3E,0xFF,0xFF,0x05,0x00,0x00,0x00,0xFF,0xFF,0x03,0x00,0x00,0x00,
    0x00,0x00,0x00,0x00,0x00,0x00,0x00,0x00,0x00,0x00,0x00,0x00,0x00,0x00,0x00,0xFF,0xFF,0x03,0xFF,0xFF,0x05,0xFF,0xFF,0xA2,
    0xFF,0xFF,0xFF,0xFF,0xFF,0xF9,0xFF,0xFF,0xFC,0xFF,0xFF,0xFE,0xFF,0xFF,0xFE,0xFF,0xFF,0xFD,0xFF,0xFF,0xF9,0xFF,0xFF,0xFF,
    0xFF,0xFF,0xDE,0xFF,0xFF,0x22,0xFF,0xFF,0x02,0xFF,0xFF,0x02,0x00,0x00,0x00,0x00,0x00,0x00,0x00,0x00,0x00,0x00,0x00,0x00,
    0x00,0x00,0x00,0xFF,0xFF,0x02,0x00,0x00,0x00,0x00,0x00,0x00,0xFF,0xFF,0x27,0xFF,0xFF,0x54,0xFF,0xFF,0x54,0xFF,0xFF,0x3E,
    0xFF,0xFF,0x05,0x00,0x00,0x00,0xFF,0xFF,0x03,0x00,0x00,0x00,0x00,0x00,0x00,0x00,0x00,0x00,0x00,0x00,0x00,0x00,0x00,0x00,
    0x00,0x00,0x00,0x00,0x00,0x00,0x00,0x00,0x00,0xFF,0xFF,0x04,0x00,0x00,0x00,0xFF,0xFF,0xAA,0xFF,0xFF,0xFF,0xFF,0xFF,0xFB,
    0xFF,0xFF,0xFF,0xFF,0xFF,0xFF,0xFF,0xFF,0xFB,0xFF,0xFF,0xFF,0xFF,0xFF,0x55,0x00,0x00,0x00,0xFF,0xFF,0x04,0x00,0x00,0x00,
    0x00,0x00,0x00,0x00,0x00,0x00,0x00,0x00,0x00,0x00,0x00,0x00,0x00,0x00,0x00,0x00,0x00,0x00,0x00,0x00,0x00,0x00,0x00,0x00,
    0x00,0x00,0x00,0x00,0x00,0x00,0x00,0x00,0x00,0x00,0x00,0x00,0x00,0x00,0x00,0x00,0x00,0x00,0x00,0x00,0x00,0x00,0x00,0x00,
    0x00,0x00,0x00,0x00,0x00,0x00,0x00,0x00,0x00,0x00,0x00,0x00,0x00,0x00,0x00,0x00,0x00,0x00,0x00,0x00,0x00,0x00,0x00,0x00,
    0x00,0x00,0x00,0x00,0x00,0x00,0x00,0x00,0x00,0x00,0x00,0x00,0x00,0x00,0x00,0x00,0x00,0x00,0x00,0x00,0x00,0x00,0x00,0x00,
    0x00,0x00,0x00,0x00,0x00,0x00,0x00,0x00,0x00,0x00,0x00,0x00,0x00,0x00,0x00,0x00,0x00,0x00,0x00,0x00,0x00,0x00,0x00,0x00,
    0x00,0x00,0x00,0x00,0x00,0x00,0x00,0x00,0x00,0x00,0x00,0x00,0x00,0x00,0x00,0x00,0x00,0x00,0x00,0x00,0x00,0x00,0x00,0x00,
    0x00,0x00,0x00,0xFF,0xFF,0x01,0x00,0x00,0x00,0xFF,0xFF,0x10,0xFF,0xFF,0xEF,0xFF,0xFF,0xFF,0xFF,0xFF,0xFE,0xFF,0xFF,0xFF,
    0xFF,0xFF,0xFE,0xFF,0xFF,0xFF,0xFF,0xFF,0xEF,0xFF,0xFF,0x10,0x00,0x00,0x00,0xFF,0xFF,0x01,0x00,0x00,0x00,0x00,0x00,0x00,
    0x00,0x00,0x00,0x00,0x00,0x00,0x00,0x00,0x00,0x00,0x00,0x00,0xFF,0xFF,0x01,0xFF,0xFF,0x01,0x00,0x00,0x00,0x00,0x00,0x00,
    0x00,0x00,0x00,0x00,0x00,0x00,0x00,0x00,0x00,0xFF,0xFF,0x03,0x00,0x00,0x00,0x00,0x00,0x00,0x00,0x00,0x00,0x00,0x00,0x00,
    0x00,0x00,0x00,0x00,0x00,0x00,0xFF,0xFF,0x04,0x00,0x00,0x00,0xFF,0xFF,0x6A,0xFF,0xFF,0xFF,0xFF,0xFF,0xF9,0xFF,0xFF,0xFF,
    0xFF,0xFF,0xFF,0xFF,0xFF,0xFF,0xFF,0xFF,0xFF,0xFF,0xFF,0xFF,0xFF,0xFF,0xFF,0xFF,0xFF,0xFA,0xFF,0xFF,0xFF,0xFF,0xFF,0xC0,
    0x00,0x00,0x00,0xFF,0xFF,0x03,0x00,0x00,0x00,0x00,0x00,0x00,0x00,0x00,0x00,0x00,0x00,0x00,0x00,0x00,0x00,0x00,0x00,0x00,
    0xFF,0xFF,0x01,0xFF,0xFF,0x01,0x00,0x00,0x00,0x00,0x00,0x00,0x00,0x00,0x00,0x00,0x00,0x00,0x00,0x00,0x00,0xFF,0xFF,0x03,
    0x00,0x00,0x00,0x00,0x00,0x00,0x00,0x00,0x00,0x00,0x00,0x00,0x00,0x00,0x00,0x00,0x00,0x00,0xFF,0xFF,0x04,0x00,0x00,0x00,
    0xFF,0xFF,0x6A,0xFF,0xFF,0xFF,0xFF,0xFF,0xF9,0xFF,0xFF,0xFF,0xFF,0xFF,0xFF,0xFF,0xFF,0xFF,0xFF,0xFF,0xFF,0xFF,0xFF,0xFF,
    0xFF,0xFF,0xFF,0xFF,0xFF,0xFA,0xFF,0xFF,0xFF,0xFF,0xFF,0xC0,0x00,0x00,0x00,0xFF,0xFF,0x03,0x00,0x00,0x00,0x00,0x00,0x00,
    0x00,0x00,0x00,0x00,0x00,0x00,0x00,0x00,0x00,0x00,0x00,0x00,0xFF,0xFF,0x01,0xFF,0xFF,0x01,0x00,0x00,0x00,0x00,0x00,0x00,
    0x00,0x00,0x00,0x00,0x00,0x00,0x00,0x00,0x00,0xFF,0xFF,0x03,0x00,0x00,0x00,0x00,0x00,0x00,0x00,0x00,0x00,0x00,0x00,0x00,
    0x00,0x00,0x00,0x00,0x00,0x00,0x00,0x00,0x00,0x00,0x00,0x00,0x00,0x00,0x00,0xFF,0xFF,0x04,0x00,0x00,0x00,0xFF,0xFF,0xAA,
    0xFF,0xFF,0xFF,0xFF,0xFF,0xFB,0xFF,0xFF,0xFF,0xFF,0xFF,0xFF,0xFF,0xFF,0xFB,0xFF,0xFF,0xFF,0xFF,0xFF,0x55,0x00,0x00,0x00,
    0xFF,0xFF,0x04,0x00,0x00,0x00,0x00,0x00,0x00,0x00,0x00,0x00,0x00,0x00,0x00,0x00,0x00,0x00,0x00,0x00,0x00,0x00,0x00,0x00,
    0x00,0x00,0x00,0x00,0x00,0x00,0x00,0x00,0x00,0x00,0x00,0x00,0x00,0x00,0x00,0x00,0x00,0x00,0x00,0x00,0x00,0x00,0x00,0x00,
    0x00,0x00,0x00,0x00,0x00,0x00,0x00,0x00,0x00,0x00,0x00,0x00,0x00,0x00,0x00,0x00,0x00,0x00,0x00,0x00,0x00,0x00,0x00,0x00,
    0x00,0x00,0x00,0x00,0x00,0x00,0x00,0x00,0x00,0x00,0x00,0x00,0x00,0x00,0x00,0x00,0x00,0x00,0x00,0x00,0x00,0x00,0x00,0x00,
    0x00,0x00,0x00,0x00,0x00,0x00,0x00,0x00,0x00,0x00,0x00,0x00,0x00,0x00,0x00,0x00,0x00,0x00,0x00,0x00,0x00,0x00,0x00,0x00,
    0x00,0x00,0x00,0x00,0x00,0x00,0x00,0x00,0x00,0x00,0x00,0x00,0x00,0x00,0x00,0x00,0x00,0x00,0x00,0x00,0x00,0x00,0x00,0x00,
    0x00,0x00,0x00,0x00,0x00,0x00,0x00,0x00,0x00,0xFF,0xFF,0x01,0x00,0x00,0x00,0xFF,0xFF,0x10,0xFF,0xFF,0xEF,0xFF,0xFF,0xFF,
    0xFF,0xFF,0xFE,0xFF,0xFF,0xFF,0xFF,0xFF,0xFE,0xFF,0xFF,0xFF,0xFF,0xFF,0xEF,0xFF,0xFF,0x10,0x00,0x00,0x00,0xFF,0xFF,0x01,
    0x00,0x00,0x00,0x00,0x00,0x00,0x00,0x00,0x00,0x00,0x00,0x00,0x00,0x00,0x00,0x00,0x00,0x00,0x00,0x00,0x00,0x00,0x00,0x00,
    0xFF,0xFF,0x02,0xFF,0xFF,0x04,0xFF,0xFF,0x04,0xFF,0xFF,0x03,0xFF,0xFF,0x01,0x00,0x00,0x00,0x00,0x00,0x00,0x00,0x00,0x00,
    0x00,0x00,0x00,0x00,0x00,0x00,0x00,0x00,0x00,0x00,0x00,0x00,0xFF,0xFF,0x03,0xFF,0xFF,0x05,0xFF,0xFF,0xC7,0xFF,0xFF,0xFD,
    0xFF,0xFF,0xFC,0xFF,0xFF,0xFF,0xFF,0xFF,0xFF,0xFF,0xFF,0xFF,0xFF,0xFF,0xFF,0xFF,0xFF,0xFF,0xFF,0xFF,0xFF,0xFF,0xFF,0xFF,
    0xFF,0xFF,0xFC,0xFF,0xFF,0xF9,0xFF,0xFF,0x28,0x00,0x00,0x00,0xFF,0xFF,0x02,0x00,0x00,0x00,0x00,0x00,0x00,0x00,0x00,0x00,
    0x00,0x00,0x00,0x00,0x00,0x00,0x00,0x00,0x00,0x00,0x00,0x00,0xFF,0xFF,0x02,0xFF,0xFF,0x04,0xFF,0xFF,0x04,0xFF,0xFF,0x03,
    0xFF,0xFF,0x01,0x00,0x00,0x00,0x00,0x00,0x00,0x00,0x00,0x00,0x00,0x00,0x00,0x00,0x00,0x00,0x00,0x00,0x00,0x00,0x00,0x00,
    0xFF,0xFF,0x03,0xFF,0xFF,0x05,0xFF,0xFF,0xC7,0xFF,0xFF,0xFD,0xFF,0xFF,0xFC,0xFF,0xFF,0xFF,0xFF,0xFF,0xFF,0xFF,0xFF,0xFF,
    0xFF,0xFF,0xFF,0xFF,0xFF,0xFF,0xFF,0xFF,0xFF,0xFF,0xFF,0xFF,0xFF,0xFF,0xFC,0xFF,0xFF,0xF9,0xFF,0xFF,0x28,0x00,0x00,0x00,
    0xFF,0xFF,0x02,0x00,0x00,0x00,0x00,0x00,0x00,0x00,0x00,0x00,0x00,0x00,0x00,0x00,0x00,0x00,0x00,0x00,0x00,0x00,0x00,0x00,
    0xFF,0xFF,0x02,0xFF,0xFF,0x04,0xFF,0xFF,0x04,0xFF,0xFF,0x03,0xFF,0xFF,0x01,0x00,0x00,0x00,0x00,0x00,0x00,0x00,0x00,0x00,
    0x00,0x00,0x00,0x00,0x00,0x00,0x00,0x00,0x00,0x00,0x00,0x00,0x00,0x00,0x00,0x00,0x00,0x00,0x00,0x00,0x00,0xFF,0xFF,0x04,
    0x00,0x00,0x00,0xFF,0xFF,0xAA,0xFF,0xFF,0xFF,0xFF,0xFF,0xFB,0xFF,0xFF,0xFF,0xFF,0xFF,0xFF,0xFF,0xFF,0xFB,0xFF,0xFF,0xFF,
    0xFF,0xFF,0x55,0x00,0x00,0x00,0xFF,0xFF,0x04,0x00,0x00,0x00,0x00,0x00,0x00,0x00,0x00,0x00,0x00,0x00,0x00,0x00,0x00,0x00,
    0x00,0x00,0x00,0x00,0x00,0x00,0x00,0x00,0x00,0x00,0x00,0x00,0x00,0x00,0x00,0x00,0x00,0x00,0x00,0x00,0x00,0x00,0x00,0x00,
    0x00,0x00,0x00,0x00,0x00,0x00,0x00,0x00,0x00,0x00,0x00,0x00,0x00,0x00,0x00,0x00,0x00,0x00,0x00,0x00,0x00,0x00,0x00,0x00,
    0x00,0x00,0x00,0x00,0x00,0x00,0x00,0x00,0x00,0x00,0x00,0x00,0x00,0x00,0x00,0x00,0x00,0x00,0x00,0x00,0x00,0x00,0x00,0x00,
    0x00,0x00,0x00,0x00,0x00,0x00,0x00,0x00,0x00,0x00,0x00,0x00,0x00,0x00,0x00,0x00,0x00,0x00,0x00,0x00,0x00,0x00,0x00,0x00,
    0x00,0x00,0x00,0x00,0x00,0x00,0x00,0x00,0x00,0x00,0x00,0x00,0x00,0x00,0x00,0x00,0x00,0x00,0x00,0x00,0x00,0x00,0x00,0x00,
    0x00,0x00,0x00,0x00,0x00,0x00,0x00,0x00,0x00,0x00,0x00,0x00,0x00,0x00,0x00,0xFF,0xFF,0x01,0x00,0x00,0x00,0xFF,0xFF,0x10,
    0xFF,0xFF,0xEF,0xFF,0xFF,0xFF,0xFF,0xFF,0xFE,0xFF,0xFF,0xFF,0xFF,0xFF,0xFE,0xFF,0xFF,0xFF,0xFF,0xFF,0xEF,0xFF,0xFF,0x10,
    0x00,0x00,0x00,0xFF,0xFF,0x01,0x00,0x00,0x00,0x00,0x00,0x00,0x00,0x00,0x00,0x00,0x00,0x00,0x00,0x00,0x00,0x00,0x00,0x00,
    0x00,0x00,0x00,0x00,0x00,0x00,0x00,0x00,0x00,0x00,0x00,0x00,0x00,0x00,0x00,0x00,0x00,0x00,0x00,0x00,0x00,0x00,0x00,0x00,
    0x00,0x00,0x00,0x00,0x00,0x00,0x00,0x00,0x00,0x00,0x00,0x00,0x00,0x00,0x00,0xFF,0xFF,0x01,0x00,0x00,0x00,0xFF,0xFF,0x11,
    0xFF,0xFF,0xF1,0xFF,0xFF,0xFF,0xFF,0xFF,0xFE,0xFF,0xFF,0xFF,0xFF,0xFF,0xFF,0xFF,0xFF,0xFF,0xFF,0xFF,0xFF,0xFF,0xFF,0xFF,
    0xFF,0xFF,0xFF,0xFF,0xFF,0xFF,0xFF,0xFF,0xFB,0xFF,0xFF,0xFE,0xFF,0xFF,0x58,0x00,0x00,0x00,0xFF,0xFF,0x04,0x00,0x00,0x00,
    0x00,0x00,0x00,0x00,0x00,0x00,0x00,0x00,0x00,0x00,0x00,0x00,0x00,0x00,0x00,0x00,0x00,0x00,0x00,0x00,0x00,0x00,0x00,0x00,
    0x00,0x00,0x00,0x00,0x00,0x00,0x00,0x00,0x00,0x00,0x00,0x00,0x00,0x00,0x00,0x00,0x00,0x00,0x00,0x00,0x00,0x00,0x00,0x00,
    0x00,0x00,0x00,0xFF,0xFF,0x01,0x00,0x00,0x00,0xFF,0xFF,0x11,0xFF,0xFF,0xF1,0xFF,0xFF,0xFF,0xFF,0xFF,0xFE,0xFF,0xFF,0xFF,
    0xFF,0xFF,0xFF,0xFF,0xFF,0xFF,0xFF,0xFF,0xFF,0xFF,0xFF,0xFF,0xFF,0xFF,0xFF,0xFF,0xFF,0xFF,0xFF,0xFF,0xFB,0xFF,0xFF,0xFE,
    0xFF,0xFF,0x58,0x00,0x00,0x00,0xFF,0xFF,0x04,0x00,0x00,0x00,0x00,0x00,0x00,0x00,0x00,0x00,0x00,0x00,0x00,0x00,0x00,0x00,
    0x00,0x00,0x00,0x00,0x00,0x00,0x00,0x00,0x00,0x00,0x00,0x00,0x00,0x00,0x00,0x00,0x00,0x00,0x00,0x00,0x00,0x00,0x00,0x00,
    0x00,0x00,0x00,0x00,0x00,0x00,0x00,0x00,0x00,0x00,0x00,0x00,0x00,0x00,0x00,0x00,0x00,0x00,0x00,0x00,0x00,0x00,0x00,0x00,
    0x00,0x00,0x00,0xFF,0xFF,0x04,0x00,0x00,0x00,0xFF,0xFF,0xAA,0xFF,0xFF,0xFF,0xFF,0xFF,0xFB,0xFF,0xFF,0xFF,0xFF,0xFF,0xFF,
    0xFF,0xFF,0xFB,0xFF,0xFF,0xFF,0xFF,0xFF,0x55,0x00,0x00,0x00,0xFF,0xFF,0x04,0x00,0x00,0x00,0x00,0x00,0x00,0x00,0x00,0x00,
    0x00,0x00,0x00,0x00,0x00,0x00,0x00,0x00,0x00,0x00,0x00,0x00,0x00,0x00,0x00,0x00,0x00,0x00,0x00,0x00,0x00,0x00,0x00,0x00,
    0x00,0x00,0x00,0x00,0x00,0x00,0x00,0x00,0x00,0x00,0x00,0x00,0x00,0x00,0x00,0x00,0x00,0x00,0x00,0x00,0x00,0x00,0x00,0x00,
    0x00,0x00,0x00,0x00,0x00,0x00,0x00,0x00,0x00,0x00,0x00,0x00,0x00,0x00,0x00,0x00,0x00,0x00,0x00,0x00,0x00,0x00,0x00,0x00,
    0x00,0x00,0x00,0x00,0x00,0x00,0x00,0x00,0x00,0x00,0x00,0x00,0x00,0x00,0x00,0x00,0x00,0x00,0x00,0x00,0x00,0x00,0x00,0x00,
    0x00,0x00,0x00,0x00,0x00,0x00,0x00,0x00,0x00,0x00,0x00,0x00,0x00,0x00,0x00,0x00,0x00,0x00,0x00,0x00,0x00,0x00,0x00,0x00,
    0x00,0x00,0x00,0x00,0x00,0x00,0x00,0x00,0x00,0x00,0x00,0x00,0x00,0x00,0x00,0x00,0x00,0x00,0x00,0x00,0x00,0xFF,0xFF,0x01,
    0x00,0x00,0x00,0xFF,0xFF,0x10,0xFF,0xFF,0xEF,0xFF,0xFF,0xFF,0xFF,0xFF,0xFE,0xFF,0xFF,0xFF,0xFF,0xFF,0xFE,0xFF,0xFF,0xFF,
    0xFF,0xFF,0xEF,0xFF,0xFF,0x10,0x00,0x00,0x00,0xFF,0xFF,0x01,0x00,0x00,0x00,0x00,0x00,0x00,0x00,0x00,0x00,0x00,0x00,0x00,
    0x00,0x00,0x00,0x00,0x00,0x00,0x00,0x00,0x00,0x00,0x00,0x00,0x00,0x00,0x00,0x00,0x00,0x00,0x00,0x00,0x00,0x00,0x00,0x00,
    0x00,0x00,0x00,0x00,0x00,0x00,0x00,0x00,0x00,0x00,0x00,0x00,0x00,0x00,0x00,0x00,0x00,0x00,0x00,0x00,0x00,0xFF,0xFF,0x01,
    0x00,0x00,0x00,0xFF,0xFF,0x11,0xFF,0xFF,0xF1,0xFF,0xFF,0xFF,0xFF,0xFF,0xFE,0xFF,0xFF,0xFF,0xFF,0xFF,0xFF,0xFF,0xFF,0xFF,
    0xFF,0xFF,0xFF,0xFF,0xFF,0xFF,0xFF,0xFF,0xFF,0xFF,0xFF,0xFF,0xFF,0xFF,0xFB,0xFF,0xFF,0xFF,0xFF,0xFF,0x58,0x00,0x00,0x00,
    0xFF,0xFF,0x04,0x00,0x00,0x00,0x00,0x00,0x00,0x00,0x00,0x00,0x00,0x00,0x00,0x00,0x00,0x00,0x00,0x00,0x00,0x00,0x00,0x00,
    0x00,0x00,0x00,0x00,0x00,0x00,0x00,0x00,0x00,0x00,0x00,0x00,0x00,0x00,0x00,0x00,0x00,0x00,0x00,0x00,0x00,0x00,0x00,0x00,
    0x00,0x00,0x00,0x00,0x00,0x00,0x00,0x00,0x00,0xFF,0xFF,0x01,0x00,0x00,0x00,0xFF,0xFF,0x11,0xFF,0xFF,0xF1,0xFF,0xFF,0xFF,
    0xFF,0xFF,0xFE,0xFF,0xFF,0xFF,0xFF,0xFF,0xFF,0xFF,0xFF,0xFF,0xFF,0xFF,0xFF,0xFF,0xFF,0xFF,0xFF,0xFF,0xFF,0xFF,0xFF,0xFF,
    0xFF,0xFF,0xFB,0xFF,0xFF,0xFF,0xFF,0xFF,0x58,0x00,0x00,0x00,0xFF,0xFF,0x04,0x00,0x00,0x00,0x00,0x00,0x00,0x00,0x00,0x00,
    0x00,0x00,0x00,0x00,0x00,0x00,0x00,0x00,0x00,0x00,0x00,0x00,0x00,0x00,0x00,0x00,0x00,0x00,0x00,0x00,0x00,0x00,0x00,0x00,
    0x00,0x00,0x00,0x00,0x00,0x00,0x00,0x00,0x00,0x00,0x00,0x00,0x00,0x00,0x00,0x00,0x00,0x00,0x00,0x00,0x00,0x00,0x00,0x00,
    0x00,0x00,0x00,0x00,0x00,0x00,0x00,0x00,0x00,0xFF,0xFF,0x04,0x00,0x00,0x00,0xFF,0xFF,0xAA,0xFF,0xFF,0xFF,0xFF,0xFF,0xFB,
    0xFF,0xFF,0xFF,0xFF,0xFF,0xFF,0xFF,0xFF,0xFB,0xFF,0xFF,0xFF,0xFF,0xFF,0x55,0x00,0x00,0x00,0xFF,0xFF,0x04,0x00,0x00,0x00,
    0x00,0x00,0x00,0x00,0x00,0x00,0x00,0x00,0x00,0x00,0x00,0x00,0x00,0x00,0x00,0x00,0x00,0x00,0x00,0x00,0x00,0x00,0x00,0x00,
    0x00,0x00,0x00,0x00,0x00,0x00,0x00,0x00,0x00,0x00,0x00,0x00,0x00,0x00,0x00,0x00,0x00,0x00,0x00,0x00,0x00,0x00,0x00,0x00,
    0x00,0x00,0x00,0x00,0x00,0x00,0x00,0x00,0x00,0x00,0x00,0x00,0x00,0x00,0x00,0x00,0x00,0x00,0x00,0x00,0x00,0x00,0x00,0x00,
    0x00,0x00,0x00,0x00,0x00,0x00,0x00,0x00,0x00,0x00,0x00,0x00,0x00,0x00,0x00,0x00,0x00,0x00,0x00,0x00,0x00,0x00,0x00,0x00,
    0x00,0x00,0x00,0x00,0x00,0x00,0x00,0x00,0x00,0x00,0x00,0x00,0x00,0x00,0x00,0x00,0x00,0x00,0x00,0x00,0x00,0x00,0x00,0x00,
    0x00,0x00,0x00,0x00,0x00,0x00,0x00,0x00,0x00,0x00,0x00,0x00,0x00,0x00,0x00,0x00,0x00,0x00,0x00,0x00,0x00,0x00,0x00,0x00,
    0x00,0x00,0x00,0xFF,0xFF,0x01,0x00,0x00,0x00,0xFF,0xFF,0x10,0xFF,0xFF,0xEF,0xFF,0xFF,0xFF,0xFF,0xFF,0xFE,0xFF,0xFF,0xFF,
    0xFF,0xFF,0xFE,0xFF,0xFF,0xFF,0xFF,0xFF,0xEF,0xFF,0xFF,0x10,0x00,0x00,0x00,0xFF,0xFF,0x01,0x00,0x00,0x00,0x00,0x00,0x00,
    0x00,0x00,0x00,0x00,0x00,0x00,0x00,0x00,0x00,0x00,0x00,0x00,0x00,0x00,0x00,0x00,0x00,0x00,0x00,0x00,0x00,0x00,0x00,0x00,
    0x00,0x00,0x00,0x00,0x00,0x00,0x00,0x00,0x00,0x00,0x00,0x00,0x00,0x00,0x00,0x00,0x00,0x00,0x00,0x00,0x00,0x00,0x00,0x00,
    0x00,0x00,0x00,0xFF,0xFF,0x01,0xFF,0xFF,0x01,0xFF,0xFF,0x0B,0xFF,0xFF,0xDC,0xFF,0xFF,0xFD,0xFF,0xFF,0xFD,0xFF,0xFF,0xFF,
    0xFF,0xFF,0xFF,0xFF,0xFF,0xFF,0xFF,0xFF,0xFF,0xFF,0xFF,0xFF,0xFF,0xFF,0xFF,0xFF,0xFF,0xFF,0xFF,0xFF,0xFC,0xFF,0xFF,0xFC,
    0xFF,0xFF,0x3F,0x00,0x00,0x00,0xFF,0xFF,0x03,0x00,0x00,0x00,0x00,0x00,0x00,0x00,0x00,0x00,0x00,0x00,0x00,0x00,0x00,0x00,
    0x00,0x00,0x00,0x00,0x00,0x00,0x00,0x00,0x00,0x00,0x00,0x00,0x00,0x00,0x00,0x00,0x00,0x00,0x00,0x00,0x00,0x00,0x00,0x00,
    0x00,0x00,0x00,0x00,0x00,0x00,0x00,0x00,0x00,0x00,0x00,0x00,0x00,0x00,0x00,0xFF,0xFF,0x01,0xFF,0xFF,0x01,0xFF,0xFF,0x0B,
    0xFF,0xFF,0xDC,0xFF,0xFF,0xFD,0xFF,0xFF,0xFD,0xFF,0xFF,0xFF,0xFF,0xFF,0xFF,0xFF,0xFF,0xFF,0xFF,0xFF,0xFF,0xFF,0xFF,0xFF,
    0xFF,0xFF,0xFF,0xFF,0xFF,0xFF,0xFF,0xFF,0xFC,0xFF,0xFF,0xFC,0xFF,0xFF,0x3F,0x00,0x00,0x00,0xFF,0xFF,0x03,0x00,0x00,0x00,
    0x00,0x00,0x00,0x00,0x00,0x00,0x00,0x00,0x00,0x00,0x00,0x00,0x00,0x00,0x00,0x00,0x00,0x00,0x00,0x00,0x00,0x00,0x00,0x00,
    0x00,0x00,0x00,0x00,0x00,0x00,0x00,0x00,0x00,0x00,0x00,0x00,0x00,0x00,0x00,0x00,0x00,0x00,0x00,0x00,0x00,0x00,0x00,0x00,
    0x00,0x00,0x00,0x00,0x00,0x00,0x00,0x00,0x00,0x00,0x00,0x00,0x00,0x00,0x00,0xFF,0xFF,0x04,0x00,0x00,0x00,0xFF,0xFF,0xAA,
    0xFF,0xFF,0xFF,0xFF,0xFF,0xFB,0xFF,0xFF,0xFF,0xFF,0xFF,0xFF,0xFF,0xFF,0xFB,0xFF,0xFF,0xFF,0xFF,0xFF,0x55,0x00,0x00,0x00,
    0xFF,0xFF,0x04,0x00,0x00,0x00,0x00,0x00,0x00,0x00,0x00,0x00,0x00,0x00,0x00,0x00,0x00,0x00,0x00,0x00,0x00,0x00,0x00,0x00,
    0x00,0x00,0x00,0x00,0x00,0x00,0x00,0x00,0x00,0x00,0x00,0x00,0x00,0x00,0x00,0x00,0x00,0x00,0x00,0x00,0x00,0x00,0x00,0x00,
    0x00,0x00,0x00,0x00,0x00,0x00,0x00,0x00,0x00,0x00,0x00,0x00,0x00,0x00,0x00,0x00,0x00,0x00,0x00,0x00,0x00,0x00,0x00,0x00,
    0x00,0x00,0x00,0x00,0x00,0x00,0x00,0x00,0x00,0x00,0x00,0x00,0x00,0x00,0x00,0x00,0x00,0x00,0x00,0x00,0x00,0x00,0x00,0x00,
    0x00,0x00,0x00,0x00,0x00,0x00,0x00,0x00,0x00,0x00,0x00,0x00,0x00,0x00,0x00,0x00,0x00,0x00,0x00,0x00,0x00,0x00,0x00,0x00,
    0x00,0x00,0x00,0x00,0x00,0x00,0x00,0x00,0x00,0x00,0x00,0x00,0x00,0x00,0x00,0x00,0x00,0x00,0x00,0x00,0x00,0x00,0x00,0x00,
    0x00,0x00,0x00,0x00,0x00,0x00,0x00,0x00,0x00,0xFF,0xFF,0x01,0x00,0x00,0x00,0xFF,0xFF,0x10,0xFF,0xFF,0xEF,0xFF,0xFF,0xFF,
    0xFF,0xFF,0xFE,0xFF,0xFF,0xFF,0xFF,0xFF,0xFE,0xFF,0xFF,0xFF,0xFF,0xFF,0xEF,0xFF,0xFF,0x11,0x00,0x00,0x00,0xFF,0xFF,0x01,
    0x00,0x00,0x00,0x00,0x00,0x00,0x00,0x00,0x00,0x00,0x00,0x00,0x00,0x00,0x00,0x00,0x00,0x00,0x00,0x00,0x00,0x00,0x00,0x00,
    0x00,0x00,0x00,0x00,0x00,0x00,0x00,0x00,0x00,0x00,0x00,0x00,0x00,0x00,0x00,0x00,0x00,0x00,0x00,0x00,0x00,0x00,0x00,0x00,
    0x00,0x00,0x00,0x00,0x00,0x00,0x00,0x00,0x00,0x00,0x00,0x00,0xFF,0xFF,0x05,0x00,0x00,0x00,0xFF,0xFF,0x8F,0xFF,0xFF,0xFF,
    0xFF,0xFF,0xF9,0xFF,0xFF,0xFF,0xFF,0xFF,0xFF,0xFF,0xFF,0xFF,0xFF,0xFF,0xFF,0xFF,0xFF,0xFF,0xFF,0xFF,0xFF,0xFF,0xFF,0xFC,
    0xFF,0xFF,0xFF,0xFF,0xFF,0xE1,0xFF,0xFF,0x06,0xFF,0xFF,0x02,0x00,0x00,0x00,0x00,0x00,0x00,0x00,0x00,0x00,0x00,0x00,0x00,
    0x00,0x00,0x00,0x00,0x00,0x00,0x00,0x00,0x00,0x00,0x00,0x00,0x00,0x00,0x00,0x00,0x00,0x00,0x00,0x00,0x00,0x00,0x00,0x00,
    0x00,0x00,0x00,0x00,0x00,0x00,0x00,0x00,0x00,0x00,0x00,0x00,0x00,0x00,0x00,0x00,0x00,0x00,0x00,0x00,0x00,0x00,0x00,0x00,
    0xFF,0xFF,0x05,0x00,0x00,0x00,0xFF,0xFF,0x8F,0xFF,0xFF,0xFF,0xFF,0xFF,0xF9,0xFF,0xFF,0xFF,0xFF,0xFF,0xFF,0xFF,0xFF,0xFF,
    0xFF,0xFF,0xFF,0xFF,0xFF,0xFF,0xFF,0xFF,0xFF,0xFF,0xFF,0xFC,0xFF,0xFF,0xFF,0xFF,0xFF,0xE1,0xFF,0xFF,0x06,0xFF,0xFF,0x02,
    0x00,0x00,0x00,0x00,0x00,0x00,0x00,0x00,0x00,0x00,0x00,0x00,0x00,0x00,0x00,0x00,0x00,0x00,0x00,0x00,0x00,0x00,0x00,0x00,
    0x00,0x00,0x00,0x00,0x00,0x00,0x00,0x00,0x00,0x00,0x00,0x00,0x00,0x00,0x00,0x00,0x00,0x00,0x00,0x00,0x00,0x00,0x00,0x00,
    0x00,0x00,0x00,0x00,0x00,0x00,0x00,0x00,0x00,0x00,0x00,0x00,0x00,0x00,0x00,0x00,0x00,0x00,0x00,0x00,0x00,0xFF,0xFF,0x04,
    0x00,0x00,0x00,0xFF,0xFF,0xAB,0xFF,0xFF,0xFF,0xFF,0xFF,0xFB,0xFF,0xFF,0xFF,0xFF,0xFF,0xFF,0xFF,0xFF,0xFB,0xFF,0xFF,0xFF,
    0xFF,0xFF,0x55,0x00,0x00,0x00,0xFF,0xFF,0x04,0x00,0x00,0x00,0x00,0x00,0x00,0x00,0x00,0x00,0x00,0x00,0x00,0x00,0x00,0x00,
    0x00,0x00,0x00,0x00,0x00,0x00,0x00,0x00,0x00,0x00,0x00,0x00,0x00,0x00,0x00,0x00,0x00,0x00,0x00,0x00,0x00,0x00,0x00,0x00,
    0x00,0x00,0x00,0x00,0x00,0x00,0x00,0x00,0x00,0x00,0x00,0x00,0x00,0x00,0x00,0x00,0x00,0x00,0x00,0x00,0x00,0x00,0x00,0x00,
    0x00,0x00,0x00,0x00,0x00,0x00,0x00,0x00,0x00,0x00,0x00,0x00,0x00,0x00,0x00,0x00,0x00,0x00,0x00,0x00,0x00,0x00,0x00,0x00,
    0x00,0x00,0x00,0x00,0x00,0x00,0x00,0x00,0x00,0x00,0x00,0x00,0x00,0x00,0x00,0x00,0x00,0x00,0x00,0x00,0x00,0x00,0x00,0x00,
    0x00,0x00,0x00,0x00,0x00,0x00,0x00,0x00,0x00,0x00,0x00,0x00,0x00,0x00,0x00,0x00,0x00,0x00,0x00,0x00,0x00,0x00,0x00,0x00,
    0x00,0x00,0x00,0x00,0x00,0x00,0x00,0x00,0x00,0x00,0x00,0x00,0x00,0x00,0x00,0xFF,0xFF,0x01,0x00,0x00,0x00,0xFF,0xFF,0x10,
    0xFF,0xFF,0xEE,0xFF,0xFF,0xFF,0xFF,0xFF,0xFE,0xFF,0xFF,0xFF,0xFF,0xFF,0xFE,0xFF,0xFF,0xFF,0xFF,0xFF,0xEE,0xFF,0xFF,0x0D,
    0x00,0x00,0x00,0xFF,0xFF,0x01,0x00,0x00,0x00,0x00,0x00,0x00,0x00,0x00,0x00,0x00,0x00,0x00,0x00,0x00,0x00,0x00,0x00,0x00,
    0x00,0x00,0x00,0x00,0x00,0x00,0x00,0x00,0x00,0x00,0x00,0x00,0x00,0x00,0x00,0x00,0x00,0x00,0x00,0x00,0x00,0x00,0x00,0x00,
    0x00,0x00,0x00,0x00,0x00,0x00,0x00,0x00,0x00,0x00,0x00,0x00,0x00,0x00,0x00,0x00,0x00,0x00,0xFF,0xFF,0x02,0xFF,0xFF,0x02,
    0xFF,0xFF,0x1D,0xFF,0xFF,0xDE,0xFF,0xFF,0xFF,0xFF,0xFF,0xFA,0xFF,0xFF,0xFF,0xFF,0xFF,0xFF,0xFF,0xFF,0xFF,0xFF,0xFF,0xFF,
    0xFF,0xFF,0xFC,0xFF,0xFF,0xFC,0xFF,0xFF,0xFF,0xFF,0xFF,0x55,0x00,0x00,0x00,0xFF,0xFF,0x03,0x00,0x00,0x00,0x00,0x00,0x00,
    0x00,0x00,0x00,0x00,0x00,0x00,0x00,0x00,0x00,0x00,0x00,0x00,0x00,0x00,0x00,0x00,0x00,0x00,0x00,0x00,0x00,0x00,0x00,0x00,
    0x00,0x00,0x00,0x00,0x00,0x00,0x00,0x00,0x00,0x00,0x00,0x00,0x00,0x00,0x00,0x00,0x00,0x00,0x00,0x00,0x00,0x00,0x00,0x00,
    0x00,0x00,0x00,0x00,0x00,0x00,0xFF,0xFF,0x02,0xFF,0xFF,0x02,0xFF,0xFF,0x1D,0xFF,0xFF,0xDE,0xFF,0xFF,0xFF,0xFF,0xFF,0xFA,
    0xFF,0xFF,0xFF,0xFF,0xFF,0xFF,0xFF,0xFF,0xFF,0xFF,0xFF,0xFF,0xFF,0xFF,0xFC,0xFF,0xFF,0xFC,0xFF,0xFF,0xFF,0xFF,0xFF,0x55,
    0x00,0x00,0x00,0xFF,0xFF,0x03,0x00,0x00,0x00,0x00,0x00,0x00,0x00,0x00,0x00,0x00,0x00,0x00,0x00,0x00,0x00,0x00,0x00,0x00,
    0x00,0x00,0x00,0x00,0x00,0x00,0x00,0x00,0x00,0x00,0x00,0x00,0x00,0x00,0x00,0x00,0x00,0x00,0x00,0x00,0x00,0x00,0x00,0x00,
    0x00,0x00,0x00,0x00,0x00,0x00,0x00,0x00,0x00,0x00,0x00,0x00,0x00,0x00,0x00,0x00,0x00,0x00,0x00,0x00,0x00,0x00,0x00,0x00,
    0x00,0x00,0x00,0xFF,0xFF,0x04,0x00,0x00,0x00,0xFF,0xFF,0xA6,0xFF,0xFF,0xFF,0xFF,0xFF,0xFB,0xFF,0xFF,0xFF,0xFF,0xFF,0xFF,
    0xFF,0xFF,0xFB,0xFF,0xFF,0xFF,0xFF,0xFF,0x54,0x00,0x00,0x00,0xFF,0xFF,0x04,0x00,0x00,0x00,0x00,0x00,0x00,0x00,0x00,0x00,
    0x00,0x00,0x00,0x00,0x00,0x00,0x00,0x00,0x00,0x00,0x00,0x00,0x00,0x00,0x00,0x00,0x00,0x00,0x00,0x00,0x00,0x00,0x00,0x00,
    0x00,0x00,0x00,0x00,0x00,0x00,0x00,0x00,0x00,0x00,0x00,0x00,0x00,0x00,0x00,0x00,0x00,0x00,0x00,0x00,0x00,0x00,0x00,0x00,
    0x00,0x00,0x00,0x00,0x00,0x00,0x00,0x00,0x00,0x00,0x00,0x00,0x00,0x00,0x00,0x00,0x00,0x00,0x00,0x00,0x00,0x00,0x00,0x00,
    0x00,0x00,0x00,0x00,0x00,0x00,0x00,0x00,0x00,0x00,0x00,0x00,0x00,0x00,0x00,0x00,0x00,0x00,0x00,0x00,0x00,0x00,0x00,0x00,
    0x00,0x00,0x00,0x00,0x00,0x00,0x00,0x00,0x00,0x00,0x00,0x00,0x00,0x00,0x00,0x00,0x00,0x00,0x00,0x00,0x00,0x00,0x00,0x00,
    0x00,0x00,0x00,0x00,0x00,0x00,0x00,0x00,0x00,0x00,0x00,0x00,0x00,0x00,0x00,0x00,0x00,0x00,0x00,0x00,0x00,0xFF,0xFF,0x01,
    0x00,0x00,0x00,0xFF,0xFF,0x11,0xFF,0xFF,0xF3,0xFF,0xFF,0xFF,0xFF,0xFF,0xFE,0xFF,0xFF,0xFF,0xFF,0xFF,0xFE,0xFF,0xFF,0xFE,
    0xFF,0xFF,0xF4,0xFF,0xFF,0x22,0xFF,0xFF,0x01,0xFF,0xFF,0x02,0x00,0x00,0x00,0x00,0x00,0x00,0x00,0x00,0x00,0x00,0x00,0x00,
    0x00,0x00,0x00,0x00,0x00,0x00,0x00,0x00,0x00,0x00,0x00,0x00,0x00,0x00,0x00,0x00,0x00,0x00,0x00,0x00,0x00,0x00,0x00,0x00,
    0x00,0x00,0x00,0x00,0x00,0x00,0x00,0x00,0x00,0x00,0x00,0x00,0x00,0x00,0x00,0x00,0x00,0x00,0x00,0x00,0x00,0x00,0x00,0x00,
    0x00,0x00,0x00,0xFF,0xFF,0x02,0x00,0x00,0x00,0xFF,0xFF,0x21,0xFF,0xFF,0xDE,0xFF,0xFF,0xFF,0xFF,0xFF,0xFF,0xFF,0xFF,0xFB,
    0xFF,0xFF,0xFB,0xFF,0xFF,0xFD,0xFF,0xFF,0xFF,0xFF,0xFF,0xFF,0xFF,0xFF,0x5C,0x00,0x00,0x00,0xFF,0xFF,0x03,0x00,0x00,0x00,
    0x00,0x00,0x00,0x00,0x00,0x00,0x00,0x00,0x00,0x00,0x00,0x00,0x00,0x00,0x00,0x00,0x00,0x00,0x00,0x00,0x00,0x00,0x00,0x00,
    0x00,0x00,0x00,0x00,0x00,0x00,0x00,0x00,0x00,0x00,0x00,0x00,0x00,0x00,0x00,0x00,0x00,0x00,0x00,0x00,0x00,0x00,0x00,0x00,
    0x00,0x00,0x00,0x00,0x00,0x00,0x00,0x00,0x00,0x00,0x00,0x00,0x00,0x00,0x00,0xFF,0xFF,0x02,0x00,0x00,0x00,0xFF,0xFF,0x21,
    0xFF,0xFF,0xDE,0xFF,0xFF,0xFF,0xFF,0xFF,0xFF,0xFF,0xFF,0xFB,0xFF,0xFF,0xFB,0xFF,0xFF,0xFD,0xFF,0xFF,0xFF,0xFF,0xFF,0xFF,
    0xFF,0xFF,0x5C,0x00,0x00,0x00,0xFF,0xFF,0x03,0x00,0x00,0x00,0x00,0x00,0x00,0x00,0x00,0x00,0x00,0x00,0x00,0x00,0x00,0x00,
    0x00,0x00,0x00,0x00,0x00,0x00,0x00,0x00,0x00,0x00,0x00,0x00,0x00,0x00,0x00,0x00,0x00,0x00,0x00,0x00,0x00,0x00,0x00,0x00,
    0x00,0x00,0x00,0x00,0x00,0x00,0x00,0x00,0x00,0x00,0x00,0x00,0x00,0x00,0x00,0x00,0x00,0x00,0x00,0x00,0x00,0x00,0x00,0x00,
    0x00,0x00,0x00,0x00,0x00,0x00,0x00,0x00,0x00,0xFF,0xFF,0x03,0xFF,0xFF,0x02,0xFF,0xFF,0xC0,0xFF,0xFF,0xFF,0xFF,0xFF,0xFC,
    0xFF,0xFF,0xFF,0xFF,0xFF,0xFF,0xFF,0xFF,0xFB,0xFF,0xFF,0xFF,0xFF,0xFF,0x59,0x00,0x00,0x00,0xFF,0xFF,0x04,0x00,0x00,0x00,
    0x00,0x00,0x00,0x00,0x00,0x00,0x00,0x00,0x00,0x00,0x00,0x00,0x00,0x00,0x00,0x00,0x00,0x00,0x00,0x00,0x00,0x00,0x00,0x00,
    0x00,0x00,0x00,0x00,0x00,0x00,0x00,0x00,0x00,0x00,0x00,0x00,0x00,0x00,0x00,0x00,0x00,0x00,0x00,0x00,0x00,0x00,0x00,0x00,
    0x00,0x00,0x00,0x00,0x00,0x00,0x00,0x00,0x00,0x00,0x00,0x00,0x00,0x00,0x00,0x00,0x00,0x00,0x00,0x00,0x00,0x00,0x00,0x00,
    0x00,0x00,0x00,0x00,0x00,0x00,0x00,0x00,0x00,0x00,0x00,0x00,0x00,0x00,0x00,0x00,0x00,0x00,0x00,0x00,0x00,0x00,0x00,0x00,
    0x00,0x00,0x00,0x00,0x00,0x00,0x00,0x00,0x00,0x00,0x00,0x00,0x00,0x00,0x00,0x00,0x00,0x00,0x00,0x00,0x00,0x00,0x00,0x00,
    0x00,0x00,0x00,0x00,0x00,0x00,0x00,0x00,0x00,0x00,0x00,0x00,0x00,0x00,0x00,0x00,0x00,0x00,0x00,0x00,0x00,0x00,0x00,0x00,
    0x00,0x00,0x00,0x00,0x00,0x00,0xFF,0xFF,0x03,0xFF,0xFF,0x05,0xFF,0xFF,0xC2,0xFF,0xFF,0xFF,0xFF,0xFF,0xFC,0xFF,0xFF,0xFF,
    0xFF,0xFF,0xFF,0xFF,0xFF,0xFB,0xFF,0xFF,0xFF,0xFF,0xFF,0x71,0x00,0x00,0x00,0xFF,0xFF,0x05,0x00,0x00,0x00,0x00,0x00,0x00,
    0x00,0x00,0x00,0x00,0x00,0x00,0x00,0x00,0x00,0x00,0x00,0x00,0x00,0x00,0x00,0x00,0x00,0x00,0x00,0x00,0x00,0x00,0x00,0x00,
    0x00,0x00,0x00,0x00,0x00,0x00,0x00,0x00,0x00,0x00,0x00,0x00,0x00,0x00,0x00,0x00,0x00,0x00,0x00,0x00,0x00,0x00,0x00,0x00,
    0x00,0x00,0x00,0x00,0x00,0x00,0x00,0x00,0x00,0x00,0x00,0x00,0xFF,0xFF,0x03,0x00,0x00,0x00,0xFF,0xFF,0x22,0xFF,0xFF,0xBC,
    0xFF,0xFF,0xF8,0xFF,0xFF,0xFF,0xFF,0xFF,0xFF,0xFF,0xFF,0xFF,0xFF,0xFF,0xD8,0xFF,0xFF,0x59,0x00,0x00,0x00,0xFF,0xFF,0x04,
    0x00,0x00,0x00,0x00,0x00,0x00,0x00,0x00,0x00,0x00,0x00,0x00,0x00,0x00,0x00,0x00,0x00,0x00,0x00,0x00,0x00,0x00,0x00,0x00,
    0x00,0x00,0x00,0x00,0x00,0x00,0x00,0x00,0x00,0x00,0x00,0x00,0x00,0x00,0x00,0x00,0x00,0x00,0x00,0x00,0x00,0x00,0x00,0x00,
    0x00,0x00,0x00,0x00,0x00,0x00,0x00,0x00,0x00,0x00,0x00,0x00,0x00,0x00,0x00,0x00,0x00,0x00,0x00,0x00,0x00,0x00,0x00,0x00,
    0xFF,0xFF,0x03,0x00,0x00,0x00,0xFF,0xFF,0x22,0xFF,0xFF,0xBC,0xFF,0xFF,0xF8,0xFF,0xFF,0xFF,0xFF,0xFF,0xFF,0xFF,0xFF,0xFF,
    0xFF,0xFF,0xD8,0xFF,0xFF,0x59,0x00,0x00,0x00,0xFF,0xFF,0x04,0x00,0x00,0x00,0x00,0x00,0x00,0x00,0x00,0x00,0x00,0x00,0x00,
    0x00,0x00,0x00,0x00,0x00,0x00,0x00,0x00,0x00,0x00,0x00,0x00,0x00,0x00,0x00,0x00,0x00,0x00,0x00,0x00,0x00,0x00,0x00,0x00,
    0x00,0x00,0x00,0x00,0x00,0x00,0x00,0x00,0x00,0x00,0x00,0x00,0x00,0x00,0x00,0x00,0x00,0x00,0x00,0x00,0x00,0x00,0x00,0x00,
    0x00,0x00,0x00,0x00,0x00,0x00,0x00,0x00,0x00,0x00,0x00,0x00,0xFF,0xFF,0x02,0xFF,0xFF,0x01,0xFF,0xFF,0x22,0xFF,0xFF,0xF9,
    0xFF,0xFF,0xFE,0xFF,0xFF,0xFF,0xFF,0xFF,0xFF,0xFF,0xFF,0xFE,0xFF,0xFF,0xFE,0xFF,0xFF,0xF5,0xFF,0xFF,0x27,0x00,0x00,0x00,
    0xFF,0xFF,0x02,0x00,0x00,0x00,0x00,0x00,0x00,0x00,0x00,0x00,0x00,0x00,0x00,0x00,0x00,0x00,0x00,0x00,0x00,0x00,0x00,0x00,
    0x00,0x00,0x00,0x00,0x00,0x00,0x00,0x00,0x00,0x00,0x00,0x00,0x00,0x00,0x00,0x00,0x00,0x00,0x00,0x00,0x00,0x00,0x00,0x00,
    0x00,0x00,0x00,0x00,0x00,0x00,0x00,0x00,0x00,0x00,0x00,0x00,0x00,0x00,0x00,0x00,0x00,0x00,0x00,0x00,0x00,0x00,0x00,0x00,
    0x00,0x00,0x00,0x00,0x00,0x00,0x00,0x00,0x00,0x00,0x00,0x00,0x00,0x00,0x00,0x00,0x00,0x00,0x00,0x00,0x00,0x00,0x00,0x00,
    0x00,0x00,0x00,0x00,0x00,0x00,0x00,0x00,0x00,0x00,0x00,0x00,0x00,0x00,0x00,0x00,0x00,0x00,0x00,0x00,0x00,0x00,0x00,0x00,
    0x00,0x00,0x00,0x00,0x00,0x00,0x00,0x00,0x00,0x00,0x00,0x00,0x00,0x00,0x00,0x00,0x00,0x00,0x00,0x00,0x00,0x00,0x00,0x00,
    0x00,0x00,0x00,0x00,0x00,0x00,0x00,0x00,0x00,0x00,0x00,0x00,0xFF,0xFF,0x04,0x00,0x00,0x00,0xFF,0xFF,0xA1,0xFF,0xFF,0xFE,
    0xFF,0xFF,0xFB,0xFF,0xFF,0xFF,0xFF,0xFF,0xFF,0xFF,0xFF,0xFC,0xFF,0xFF,0xFE,0xFF,0xFF,0xC6,0xFF,0xFF,0x03,0xFF,0xFF,0x05,
    0xFF,0xFF,0x01,0x00,0x00,0x00,0x00,0x00,0x00,0x00,0x00,0x00,0x00,0x00,0x00,0x00,0x00,0x00,0x00,0x00,0x00,0x00,0x00,0x00,
    0x00,0x00,0x00,0x00,0x00,0x00,0x00,0x00,0x00,0x00,0x00,0x00,0x00,0x00,0x00,0x00,0x00,0x00,0x00,0x00,0x00,0x00,0x00,0x00,
    0x00,0x00,0x00,0x00,0x00,0x00,0x00,0x00,0x00,0x00,0x00,0x00,0x00,0x00,0x00,0x00,0x00,0x00,0x00,0x00,0x00,0xFF,0xFF,0x02,
    0x00,0x00,0x00,0x00,0x00,0x00,0xFF,0xFF,0x27,0xFF,0xFF,0x54,0xFF,0xFF,0x54,0xFF,0xFF,0x3E,0xFF,0xFF,0x05,0x00,0x00,0x00,
    0xFF,0xFF,0x03,0x00,0x00,0x00,0x00,0x00,0x00,0x00,0x00,0x00,0x00,0x00,0x00,0x00,0x00,0x00,0x00,0x00,0x00,0x00,0x00,0x00,
    0x00,0x00,0x00,0x00,0x00,0x00,0x00,0x00,0x00,0x00,0x00,0x00,0x00,0x00,0x00,0x00,0x00,0x00,0x00,0x00,0x00,0x00,0x00,0x00,
    0x00,0x00,0x00,0x00,0x00,0x00,0x00,0x00,0x00,0x00,0x00,0x00,0x00,0x00,0x00,0x00,0x00,0x00,0x00,0x00,0x00,0x00,0x00,0x00,
    0x00,0x00,0x00,0x00,0x00,0x00,0x00,0x00,0x00,0xFF,0xFF,0x02,0x00,0x00,0x00,0x00,0x00,0x00,0xFF,0xFF,0x27,0xFF,0xFF,0x54,
    0xFF,0xFF,0x54,0xFF,0xFF,0x3E,0xFF,0xFF,0x05,0x00,0x00,0x00,0xFF,0xFF,0x03,0x00,0x00,0x00,0x00,0x00,0x00,0x00,0x00,0x00,
    0x00,0x00,0x00,0x00,0x00,0x00,0x00,0x00,0x00,0x00,0x00,0x00,0x00,0x00,0x00,0x00,0x00,0x00,0x00,0x00,0x00,0x00,0x00,0x00,
    0x00,0x00,0x00,0x00,0x00,0x00,0x00,0x00,0x00,0x00,0x00,0x00,0x00,0x00,0x00,0x00,0x00,0x00,0x00,0x00,0x00,0x00,0x00,0x00,
    0x00,0x00,0x00,0x00,0x00,0x00,0x00,0x00,0x00,0x00,0x00,0x00,0x00,0x00,0x00,0x00,0x00,0x00,0xFF,0xFF,0x06,0x00,0x00,0x00,
    0xFF,0xFF,0x79,0xFF,0xFF,0xFF,0xFF,0xFF,0xFB,0xFF,0xFF,0xFF,0xFF,0xFF,0xFF,0xFF,0xFF,0xFE,0xFF,0xFF,0xFF,0xFF,0xFF,0xEA,
    0xFF,0xFF,0x0B,0x00,0x00,0x00,0xFF,0xFF,0x01,0x00,0x00,0x00,0x00,0x00,0x00,0x00,0x00,0x00,0x00,0x00,0x00,0x00,0x00,0x00,
    0x00,0x00,0x00,0x00,0x00,0x00,0x00,0x00,0x00,0x00,0x00,0x00,0x00,0x00,0x00,0x00,0x00,0x00,0x00,0x00,0x00,0x00,0x00,0x00,
    0x00,0x00,0x00,0x00,0x00,0x00,0x00,0x00,0x00,0x00,0x00,0x00,0x00,0x00,0x00,0x00,0x00,0x00,0x00,0x00,0x00,0x00,0x00,0x00,
    0x00,0x00,0x00,0x00,0x00,0x00,0x00,0x00,0x00,0x00,0x00,0x00,0x00,0x00,0x00,0x00,0x00,0x00,0x00,0x00,0x00,0x00,0x00,0x00,
    0x00,0x00,0x00,0x00,0x00,0x00,0x00,0x00,0x00,0x00,0x00,0x00,0x00,0x00,0x00,0x00,0x00,0x00,0x00,0x00,0x00,0x00,0x00,0x00,
    0x00,0x00,0x00,0x00,0x00,0x00,0x00,0x00,0x00,0x00,0x00,0x00,0x00,0x00,0x00,0x00,0x00,0x00,0x00,0x00,0x00,0x00,0x00,0x00,
    0x00,0x00,0x00,0x00,0x00,0x00,0x00,0x00,0x00,0x00,0x00,0x00,0x00,0x00,0x00,0x00,0x00,0x00,0xFF,0xFF,0x04,0x00,0x00,0x00,
    0xFF,0xFF,0x58,0xFF,0xFF,0xFF,0xFF,0xFF,0xFB,0xFF,0xFF,0xFF,0xFF,0xFF,0xFF,0xFF,0xFF,0xFF,0xFF,0xFF,0xFB,0xFF,0xFF,0xFF,
    0xFF,0xFF,0x71,0x00,0x00,0x00,0xFF,0xFF,0x05,0xFF,0xFF,0x03,0xFF,0xFF,0x01,0x00,0x00,0x00,0x00,0x00,0x00,0x00,0x00,0x00,
    0x00,0x00,0x00,0x00,0x00,0x00,0x00,0x00,0x00,0x00,0x00,0x00,0x00,0x00,0x00,0x00,0x00,0x00,0x00,0x00,0x00,0x00,0x00,0x00,
    0x00,0x00,0x00,0x00,0x00,0x00,0x00,0x00,0x00,0x00,0x00,0x00,0x00,0x00,0x00,0x00,0x00,0x00,0x00,0x00,0x00,0x00,0x00,0x00,
    0x00,0x00,0x00,0x00,0x00,0x00,0xFF,0xFF,0x01,0xFF,0xFF,0x01,0x00,0x00,0x00,0x00,0x00,0x00,0x00,0x00,0x00,0x00,0x00,0x00,
    0x00,0x00,0x00,0xFF,0xFF,0x03,0x00,0x00,0x00,0x00,0x00,0x00,0x00,0x00,0x00,0x00,0x00,0x00,0x00,0x00,0x00,0x00,0x00,0x00,
    0x00,0x00,0x00,0x00,0x00,0x00,0x00,0x00,0x00,0x00,0x00,0x00,0x00,0x00,0x00,0x00,0x00,0x00,0x00,0x00,0x00,0x00,0x00,0x00,
    0x00,0x00,0x00,0x00,0x00,0x00,0x00,0x00,0x00,0x00,0x00,0x00,0x00,0x00,0x00,0x00,0x00,0x00,0x00,0x00,0x00,0x00,0x00,0x00,
    0x00,0x00,0x00,0x00,0x00,0x00,0x00,0x00,0x00,0x00,0x00,0x00,0x00,0x00,0x00,0x00,0x00,0x00,0xFF,0xFF,0x01,0xFF,0xFF,0x01,
    0x00,0x00,0x00,0x00,0x00,0x00,0x00,0x00,0x00,0x00,0x00,0x00,0x00,0x00,0x00,0xFF,0xFF,0x03,0x00,0x00,0x00,0x00,0x00,0x00,
    0x00,0x00,0x00,0x00,0x00,0x00,0x00,0x00,0x00,0x00,0x00,0x00,0x00,0x00,0x00,0x00,0x00,0x00,0x00,0x00,0x00,0x00,0x00,0x00,
    0x00,0x00,0x00,0x00,0x00,0x00,0x00,0x00,0x00,0x00,0x00,0x00,0x00,0x00,0x00,0x00,0x00,0x00,0x00,0x00,0x00,0x00,0x00,0x00,
    0x00,0x00,0x00,0x00,0x00,0x00,0x00,0x00,0x00,0x00,0x00,0x00,0x00,0x00,0x00,0x00,0x00,0x00,0xFF,0xFF,0x02,0xFF,0xFF,0x05,
    0x00,0x00,0x00,0xFF,0xFF,0x26,0xFF,0xFF,0xF5,0xFF,0xFF,0xFD,0xFF,0xFF,0xFE,0xFF,0xFF,0xFF,0xFF,0xFF,0xFF,0xFF,0xFF,0xFB,
    0xFF,0xFF,0xFF,0xFF,0xFF,0xAE,0xFF,0xFF,0x02,0xFF,0xFF,0x04,0x00,0x00,0x00,0x00,0x00,0x00,0x00,0x00,0x00,0x00,0x00,0x00,
    0x00,0x00,0x00,0x00,0x00,0x00,0x00,0x00,0x00,0x00,0x00,0x00,0x00,0x00,0x00,0x00,0x00,0x00,0x00,0x00,0x00,0x00,0x00,0x00,
    0x00,0x00,0x00,0x00,0x00,0x00,0x00,0x00,0x00,0x00,0x00,0x00,0x00,0x00,0x00,0x00,0x00,0x00,0x00,0x00,0x00,0x00,0x00,0x00,
    0x00,0x00,0x00,0x00,0x00,0x00,0x00,0x00,0x00,0x00,0x00,0x00,0x00,0x00,0x00,0x00,0x00,0x00,0x00,0x00,0x00,0x00,0x00,0x00,
    0x00,0x00,0x00,0x00,0x00,0x00,0x00,0x00,0x00,0x00,0x00,0x00,0x00,0x00,0x00,0x00,0x00,0x00,0x00,0x00,0x00,0x00,0x00,0x00,
    0x00,0x00,0x00,0x00,0x00,0x00,0x00,0x00,0x00,0x00,0x00,0x00,0x00,0x00,0x00,0x00,0x00,0x00,0x00,0x00,0x00,0x00,0x00,0x00,
    0x00,0x00,0x00,0x00,0x00,0x00,0x00,0x00,0x00,0x00,0x00,0x00,0x00,0x00,0x00,0x00,0x00,0x00,0x00,0x00,0x00,0x00,0x00,0x00,
    0xFF,0xFF,0x01,0xFF,0xFF,0x01,0xFF,0xFF,0x0E,0xFF,0xFF,0xDF,0xFF,0xFF,0xFE,0xFF,0xFF,0xFD,0xFF,0xFF,0xFF,0xFF,0xFF,0xFF,
    0xFF,0xFF,0xFE,0xFF,0xFF,0xFC,0xFF,0xFF,0xFB,0xFF,0xFF,0x5F,0x00,0x00,0x00,0x00,0x00,0x00,0x00,0x00,0x00,0xFF,0xFF,0x04,
    0xFF,0xFF,0x04,0xFF,0xFF,0x04,0xFF,0xFF,0x04,0xFF,0xFF,0x04,0xFF,0xFF,0x04,0xFF,0xFF,0x04,0xFF,0xFF,0x04,0xFF,0xFF,0x04,
    0xFF,0xFF,0x04,0xFF,0xFF,0x04,0xFF,0xFF,0x04,0xFF,0xFF,0x04,0xFF,0xFF,0x04,0xFF,0xFF,0x04,0xFF,0xFF,0x04,0xFF,0xFF,0x04,
    0xFF,0xFF,0x04,0xFF,0xFF,0x04,0xFF,0xFF,0x04,0xFF,0xFF,0x04,0xFF,0xFF,0x04,0xFF,0xFF,0x04,0xFF,0xFF,0x06,0xFF,0xFF,0x07,
    0xFF,0xFF,0x07,0xFF,0xFF,0x07,0xFF,0xFF,0x04,0xFF,0xFF,0x04,0xFF,0xFF,0x04,0xFF,0xFF,0x04,0xFF,0xFF,0x04,0xFF,0xFF,0x04,
    0xFF,0xFF,0x04,0xFF,0xFF,0x04,0xFF,0xFF,0x04,0xFF,0xFF,0x04,0xFF,0xFF,0x04,0xFF,0xFF,0x04,0xFF,0xFF,0x04,0xFF,0xFF,0x04,
    0xFF,0xFF,0x04,0xFF,0xFF,0x04,0xFF,0xFF,0x04,0xFF,0xFF,0x04,0xFF,0xFF,0x04,0xFF,0xFF,0x04,0xFF,0xFF,0x04,0xFF,0xFF,0x04,
    0xFF,0xFF,0x04,0xFF,0xFF,0x04,0xFF,0xFF,0x04,0xFF,0xFF,0x04,0xFF,0xFF,0x04,0xFF,0xFF,0x04,0xFF,0xFF,0x04,0xFF,0xFF,0x04,
    0xFF,0xFF,0x04,0xFF,0xFF,0x04,0xFF,0xFF,0x06,0xFF,0xFF,0x07,0xFF,0xFF,0x07,0xFF,0xFF,0x07,0xFF,0xFF,0x04,0xFF,0xFF,0x04,
    0xFF,0xFF,0x04,0xFF,0xFF,0x04,0xFF,0xFF,0x04,0xFF,0xFF,0x04,0xFF,0xFF,0x04,0xFF,0xFF,0x04,0xFF,0xFF,0x04,0xFF,0xFF,0x04,
    0xFF,0xFF,0x04,0xFF,0xFF,0x04,0xFF,0xFF,0x04,0xFF,0xFF,0x04,0xFF,0xFF,0x04,0xFF,0xFF,0x04,0xFF,0xFF,0x04,0xFF,0xFF,0x04,
    0xFF,0xFF,0x04,0xFF,0xFF,0x04,0xFF,0xFF,0x04,0xFF,0xFF,0x04,0xFF,0xFF,0x04,0xFF,0xFF,0x04,0xFF,0xFF,0x04,0xFF,0xFF,0x01,
    0x00,0x00,0x00,0x00,0x00,0x00,0xFF,0xFF,0x2A,0xFF,0xFF,0xDD,0xFF,0xFF,0xFF,0xFF,0xFF,0xFD,0xFF,0xFF,0xFF,0xFF,0xFF,0xFF,
    0xFF,0xFF,0xFF,0xFF,0xFF,0xFC,0xFF,0xFF,0xFF,0xFF,0xFF,0x43,0x00,0x00,0x00,0xFF,0xFF,0x03,0x00,0x00,0x00,0x00,0x00,0x00,
    0x00,0x00,0x00,0x00,0x00,0x00,0x00,0x00,0x00,0x00,0x00,0x00,0x00,0x00,0x00,0x00,0x00,0x00,0x00,0x00,0x00,0x00,0x00,0x00,
    0x00,0x00,0x00,0x00,0x00,0x00,0x00,0x00,0x00,0x00,0x00,0x00,0x00,0x00,0x00,0x00,0x00,0x00,0x00,0x00,0x00,0x00,0x00,0x00,
    0x00,0x00,0x00,0x00,0x00,0x00,0x00,0x00,0x00,0x00,0x00,0x00,0x00,0x00,0x00,0x00,0x00,0x00,0x00,0x00,0x00,0x00,0x00,0x00,
    0x00,0x00,0x00,0x00,0x00,0x00,0x00,0x00,0x00,0x00,0x00,0x00,0x00,0x00,0x00,0x00,0x00,0x00,0x00,0x00,0x00,0x00,0x00,0x00,
    0x00,0x00,0x00,0x00,0x00,0x00,0x00,0x00,0x00,0x00,0x00,0x00,0x00,0x00,0x00,0x00,0x00,0x00,0x00,0x00,0x00,0x00,0x00,0x00,
    0x00,0x00,0x00,0x00,0x00,0x00,0x00,0x00,0x00,0x00,0x00,0x00,0x00,0x00,0x00,0x00,0x00,0x00,0x00,0x00,0x00,0x00,0x00,0x00,
    0x00,0x00,0x00,0x00,0x00,0x00,0x00,0x00,0x00,0xFF,0xFF,0x04,0x00,0x00,0x00,0xFF,0xFF,0x69,0xFF,0xFF,0xFF,0xFF,0xFF,0xFB,
    0xFF,0xFF,0xFF,0xFF,0xFF,0xFF,0xFF,0xFF,0xFF,0xFF,0xFF,0xFE,0xFF,0xFF,0xFD,0xFF,0xFF,0xFF,0xFF,0xFF,0xA4,0xFF,0xFF,0x3E,
    0xFF,0xFF,0x07,0x00,0x00,0x00,0x00,0x00,0x00,0x00,0x00,0x00,0x00,0x00,0x00,0x00,0x00,0x00,0x00,0x00,0x00,0x00,0x00,0x00,
    0x00,0x00,0x00,0x00,0x00,0x00,0x00,0x00,0x00,0x00,0x00,0x00,0x00,0x00,0x00,0x00,0x00,0x00,0x00,0x00,0x00,0x00,0x00,0x00,
    0x00,0x00,0x00,0x00,0x00,0x00,0x00,0x00,0x00,0x00,0x00,0x00,0x00,0x00,0x00,0x00,0x00,0x00,0x00,0x00,0x00,0x00,0x00,0x00,
    0x00,0x00,0x00,0x00,0x00,0x00,0x00,0x00,0x00,0x00,0x00,0x00,0x00,0x00,0x00,0x00,0x00,0x00,0x00,0x00,0x00,0x00,0x00,0x00,
    0x00,0x00,0x00,0x00,0x00,0x00,0x00,0x00,0x00,0x00,0x00,0x00,0x00,0x00,0x00,0x00,0x00,0x00,0x00,0x00,0x00,0x00,0x00,0x00,
    0x00,0x00,0x00,0x00,0x00,0x00,0x00,0x00,0x00,0x00,0x00,0x00,0x00,0x00,0x00,0x00,0x00,0x00,0x00,0x00,0x00,0x00,0x00,0x00,
    0x00,0x00,0x00,0x00,0x00,0x00,0x00,0x00,0x00,0x00,0x00,0x00,0x00,0x00,0x00,0x00,0x00,0x00,0x00,0x00,0x00,0x00,0x00,0x00,
    0x00,0x00,0x00,0x00,0x00,0x00,0x00,0x00,0x00,0x00,0x00,0x00,0x00,0x00,0x00,0x00,0x00,0x00,0x00,0x00,0x00,0x00,0x00,0x00,
    0x00,0x00,0x00,0x00,0x00,0x00,0x00,0x00,0x00,0x00,0x00,0x00,0x00,0x00,0x00,0x00,0x00,0x00,0x00,0x00,0x00,0x00,0x00,0x00,
    0x00,0x00,0x00,0x00,0x00,0x00,0x00,0x00,0x00,0x00,0x00,0x00,0x00,0x00,0x00,0x00,0x00,0x00,0x00,0x00,0x00,0x00,0x00,0x00,
    0x00,0x00,0x00,0x00,0x00,0x00,0x00,0x00,0x00,0x00,0x00,0x00,0x00,0x00,0x00,0x00,0x00,0x00,0x00,0x00,0x00,0x00,0x00,0x00,
    0x00,0x00,0x00,0x00,0x00,0x00,0xFF,0xFF,0x27,0xFF,0xFF,0x75,0xFF,0xFF,0xF5,0xFF,0xFF,0xFF,0xFF,0xFF,0xFE,0xFF,0xFF,0xFF,
    0xFF,0xFF,0xFF,0xFF,0xFF,0xFF,0xFF,0xFF,0xFC,0xFF,0xFF,0xFF,0xFF,0xFF,0xBF,0x00,0x00,0x00,0xFF,0xFF,0x03,0x00,0x00,0x00,
    0x00,0x00,0x00,0x00,0x00,0x00,0x00,0x00,0x00,0x00,0x00,0x00,0x00,0x00,0x00,0x00,0x00,0x00,0x00,0x00,0x00,0x00,0x00,0x00,
    0x00,0x00,0x00,0x00,0x00,0x00,0x00,0x00,0x00,0x00,0x00,0x00,0x00,0x00,0x00,0x00,0x00,0x00,0x00,0x00,0x00,0x00,0x00,0x00,
    0x00,0x00,0x00,0x00,0x00,0x00,0x00,0x00,0x00,0x00,0x00,0x00,0x00,0x00,0x00,0x00,0x00,0x00,0x00,0x00,0x00,0x00,0x00,0x00,
    0x00,0x00,0x00,0x00,0x00,0x00,0x00,0x00,0x00,0x00,0x00,0x00,0x00,0x00,0x00,0x00,0x00,0x00,0x00,0x00,0x00,0x00,0x00,0x00,
    0x00,0x00,0x00,0x00,0x00,0x00,0x00,0x00,0x00,0x00,0x00,0x00,0x00,0x00,0x00,0x00,0x00,0x00,0x00,0x00,0x00,0x00,0x00,0x00,
    0x00,0x00,0x00,0x00,0x00,0x00,0x00,0x00,0x00,0x00,0x00,0x00,0x00,0x00,0x00,0x00,0x00,0x00,0x00,0x00,0x00,0x00,0x00,0x00,
    0x00,0x00,0x00,0x00,0x00,0x00,0x00,0x00,0x00,0x00,0x00,0x00,0x00,0x00,0x00,0xFF,0xFF,0x01,0xFF,0xFF,0x02,0xFF,0xFF,0x0A,
    0xFF,0xFF,0xD9,0xFF,0xFF,0xFF,0xFF,0xFF,0xFC,0xFF,0xFF,0xFF,0xFF,0xFF,0xFF,0xFF,0xFF,0xFF,0xFF,0xFF,0xFF,0xFF,0xFF,0xFE,
    0xFF,0xFF,0xFF,0xFF,0xFF,0xFF,0xFF,0xFF,0xD8,0xFF,0xFF,0xAB,0xFF,0xFF,0xAB,0xFF,0xFF,0xAA,0xFF,0xFF,0xAA,0xFF,0xFF,0xAA,
    0xFF,0xFF,0xAA,0xFF,0xFF,0xAA,0xFF,0xFF,0xAA,0xFF,0xFF,0xAA,0xFF,0xFF,0xAA,0xFF,0xFF,0xAA,0xFF,0xFF,0xAA,0xFF,0xFF,0xAA,
    0xFF,0xFF,0xAA,0xFF,0xFF,0xAA,0xFF,0xFF,0xAA,0xFF,0xFF,0xAA,0xFF,0xFF,0xAA,0xFF,0xFF,0xAA,0xFF,0xFF,0xAA,0xFF,0xFF,0xAA,
    0xFF,0xFF,0xAA,0xFF,0xFF,0xAA,0xFF,0xFF,0xAA,0xFF,0xFF,0xAA,0xFF,0xFF,0xAA,0xFF,0xFF,0xAA,0xFF,0xFF,0xAA,0xFF,0xFF,0xAA,
    0xFF,0xFF,0xAA,0xFF,0xFF,0xAA,0xFF,0xFF,0xAA,0xFF,0xFF,0xAA,0xFF,0xFF,0xAA,0xFF,0xFF,0xAA,0xFF,0xFF,0xAA,0xFF,0xFF,0xAA,
    0xFF,0xFF,0xAA,0xFF,0xFF,0xAA,0xFF,0xFF,0xAA,0xFF,0xFF,0xAA,0xFF,0xFF,0xAA,0xFF,0xFF,0xAA,0xFF,0xFF,0xAA,0xFF,0xFF,0xAA,
    0xFF,0xFF,0xAA,0xFF,0xFF,0xAA,0xFF,0xFF,0xAA,0xFF,0xFF,0xAA,0xFF,0xFF,0xAA,0xFF,0xFF,0xAA,0xFF,0xFF,0xAA,0xFF,0xFF,0xAA,
    0xFF,0xFF,0xAA,0xFF,0xFF,0xAA,0xFF,0xFF,0xAA,0xFF,0xFF,0xAA,0xFF,0xFF,0xAA,0xFF,0xFF,0xAA,0xFF,0xFF,0xAA,0xFF,0xFF,0xAA,
    0xFF,0xFF,0xAA,0xFF,0xFF,0xAA,0xFF,0xFF,0xAA,0xFF,0xFF,0xAA,0xFF,0xFF,0xAA,0xFF,0xFF,0xAA,0xFF,0xFF,0xAA,0xFF,0xFF,0xAA,
    0xFF,0xFF,0xAA,0xFF,0xFF,0xAA,0xFF,0xFF,0xAA,0xFF,0xFF,0xAA,0xFF,0xFF,0xAA,0xFF,0xFF,0xAA,0xFF,0xFF,0xAA,0xFF,0xFF,0xAA,
    0xFF,0xFF,0xAA,0xFF,0xFF,0xAA,0xFF,0xFF,0xAA,0xFF,0xFF,0xAA,0xFF,0xFF,0xAA,0xFF,0xFF,0xAA,0xFF,0xFF,0xAA,0xFF,0xFF,0xAA,
    0xFF,0xFF,0xAA,0xFF,0xFF,0xAB,0xFF,0xFF,0xAB,0xFF,0xFF,0xC1,0xFF,0xFF,0xFA,0xFF,0xFF,0xFF,0xFF,0xFF,0xFF,0xFF,0xFF,0xFD,
    0xFF,0xFF,0xFF,0xFF,0xFF,0xFF,0xFF,0xFF,0xFF,0xFF,0xFF,0xFE,0xFF,0xFF,0xFA,0xFF,0xFF,0xFC,0xFF,0xFF,0x3E,0xFF,0xFF,0x01,
    0xFF,0xFF,0x03,0x00,0x00,0x00,0x00,0x00,0x00,0x00,0x00,0x00,0x00,0x00,0x00,0x00,0x00,0x00,0x00,0x00,0x00,0x00,0x00,0x00,
    0x00,0x00,0x00,0x00,0x00,0x00,0x00,0x00,0x00,0x00,0x00,0x00,0x00,0x00,0x00,0x00,0x00,0x00,0x00,0x00,0x00,0x00,0x00,0x00,
    0x00,0x00,0x00,0x00,0x00,0x00,0x00,0x00,0x00,0x00,0x00,0x00,0x00,0x00,0x00,0x00,0x00,0x00,0x00,0x00,0x00,0x00,0x00,0x00,
    0x00,0x00,0x00,0x00,0x00,0x00,0x00,0x00,0x00,0x00,0x00,0x00,0x00,0x00,0x00,0x00,0x00,0x00,0x00,0x00,0x00,0x00,0x00,0x00,
    0x00,0x00,0x00,0x00,0x00,0x00,0x00,0x00,0x00,0x00,0x00,0x00,0x00,0x00,0x00,0x00,0x00,0x00,0x00,0x00,0x00,0x00,0x00,0x00,
    0x00,0x00,0x00,0x00,0x00,0x00,0x00,0x00,0x00,0x00,0x00,0x00,0x00,0x00,0x00,0x00,0x00,0x00,0x00,0x00,0x00,0x00,0x00,0x00,
    0x00,0x00,0x00,0x00,0x00,0x00,0x00,0x00,0x00,0x00,0x00,0x00,0x00,0x00,0x00,0x00,0x00,0x00,0x00,0x00,0x00,0x00,0x00,0x00,
    0xFF,0xFF,0x03,0x00,0x00,0x00,0xFF,0xFF,0x3D,0xFF,0xFF,0xFF,0xFF,0xFF,0xFC,0xFF,0xFF,0xFE,0xFF,0xFF,0xFF,0xFF,0xFF,0xFF,
    0xFF,0xFF,0xFF,0xFF,0xFF,0xFF,0xFF,0xFF,0xFC,0xFF,0xFF,0xFE,0xFF,0xFF,0xFF,0xFF,0xFF,0xFF,0xFF,0xFF,0xFF,0xFF,0xFF,0xFF,
    0xFF,0xFF,0xFF,0xFF,0xFF,0xFF,0xFF,0xFF,0xFF,0xFF,0xFF,0xFF,0xFF,0xFF,0xFF,0xFF,0xFF,0xFF,0xFF,0xFF,0xFF,0xFF,0xFF,0xFF,
    0xFF,0xFF,0xFF,0xFF,0xFF,0xFF,0xFF,0xFF,0xFF,0xFF,0xFF,0xFF,0xFF,0xFF,0xFF,0xFF,0xFF,0xFF,0xFF,0xFF,0xFF,0xFF,0xFF,0xFF,
    0xFF,0xFF,0xFF,0xFF,0xFF,0xFF,0xFF,0xFF,0xFF,0xFF,0xFF,0xFF,0xFF,0xFF,0xFF,0xFF,0xFF,0xFF,0xFF,0xFF,0xFF,0xFF,0xFF,0xFF,
    0xFF,0xFF,0xFF,0xFF,0xFF,0xFF,0xFF,0xFF,0xFF,0xFF,0xFF,0xFF,0xFF,0xFF,0xFF,0xFF,0xFF,0xFF,0xFF,0xFF,0xFF,0xFF,0xFF,0xFF,
    0xFF,0xFF,0xFF,0xFF,0xFF,0xFF,0xFF,0xFF,0xFF,0xFF,0xFF,0xFF,0xFF,0xFF,0xFF,0xFF,0xFF,0xFF,0xFF,0xFF,0xFF,0xFF,0xFF,0xFF,
    0xFF,0xFF,0xFF,0xFF,0xFF,0xFF,0xFF,0xFF,0xFF,0xFF,0xFF,0xFF,0xFF,0xFF,0xFF,0xFF,0xFF,0xFF,0xFF,0xFF,0xFF,0xFF,0xFF,0xFF,
    0xFF,0xFF,0xFF,0xFF,0xFF,0xFF,0xFF,0xFF,0xFF,0xFF,0xFF,0xFF,0xFF,0xFF,0xFF,0xFF,0xFF,0xFF,0xFF,0xFF,0xFF,0xFF,0xFF,0xFF,
    0xFF,0xFF,0xFF,0xFF,0xFF,0xFF,0xFF,0xFF,0xFF,0xFF,0xFF,0xFF,0xFF,0xFF,0xFF,0xFF,0xFF,0xFF,0xFF,0xFF,0xFF,0xFF,0xFF,0xFF,
    0xFF,0xFF,0xFF,0xFF,0xFF,0xFF,0xFF,0xFF,0xFF,0xFF,0xFF,0xFF,0xFF,0xFF,0xFF,0xFF,0xFF,0xFF,0xFF,0xFF,0xFF,0xFF,0xFF,0xFF,
    0xFF,0xFF,0xFF,0xFF,0xFF,0xFF,0xFF,0xFF,0xFF,0xFF,0xFF,0xFF,0xFF,0xFF,0xFF,0xFF,0xFF,0xFF,0xFF,0xFF,0xFF,0xFF,0xFF,0xFF,
    0xFF,0xFF,0xFF,0xFF,0xFF,0xFF,0xFF,0xFF,0xFF,0xFF,0xFF,0xFF,0xFF,0xFF,0xFF,0xFF,0xFF,0xFF,0xFF,0xFF,0xFF,0xFF,0xFF,0xFC,
    0xFF,0xFF,0xFE,0xFF,0xFF,0xFF,0xFF,0xFF,0xFF,0xFF,0xFF,0xFF,0xFF,0xFF,0xFF,0xFF,0xFF,0xF9,0xFF,0xFF,0xFF,0xFF,0xFF,0x8E,
    0x00,0x00,0x00,0xFF,0xFF,0x04,0x00,0x00,0x00,0x00,0x00,0x00,0x00,0x00,0x00,0x00,0x00,0x00,0x00,0x00,0x00,0x00,0x00,0x00,
    0x00,0x00,0x00,0x00,0x00,0x00,0x00,0x00,0x00,0x00,0x00,0x00,0x00,0x00,0x00,0x00,0x00,0x00,0x00,0x00,0x00,0x00,0x00,0x00,
    0x00,0x00,0x00,0x00,0x00,0x00,0x00,0x00,0x00,0x00,0x00,0x00,0x00,0x00,0x00,0x00,0x00,0x00,0x00,0x00,0x00,0x00,0x00,0x00,
    0x00,0x00,0x00,0x00,0x00,0x00,0x00,0x00,0x00,0x00,0x00,0x00,0x00,0x00,0x00,0x00,0x00,0x00,0x00,0x00,0x00,0x00,0x00,0x00,
    0x00,0x00,0x00,0x00,0x00,0x00,0x00,0x00,0x00,0x00,0x00,0x00,0x00,0x00,0x00,0x00,0x00,0x00,0x00,0x00,0x00,0x00,0x00,0x00,
    0x00,0x00,0x00,0x00,0x00,0x00,0x00,0x00,0x00,0x00,0x00,0x00,0x00,0x00,0x00,0x00,0x00,0x00,0x00,0x00,0x00,0x00,0x00,0x00,
    0x00,0x00,0x00,0x00,0x00,0x00,0x00,0x00,0x00,0x00,0x00,0x00,0x00,0x00,0x00,0x00,0x00,0x00,0x00,0x00,0x00,0x00,0x00,0x00,
    0x00,0x00,0x00,0x00,0x00,0x00,0x00,0x00,0x00,0xFF,0xFF,0x03,0x00,0x00,0x00,0xFF,0xFF,0x5C,0xFF,0xFF,0xFF,0xFF,0xFF,0xFC,
    0xFF,0xFF,0xFD,0xFF,0xFF,0xFF,0xFF,0xFF,0xFF,0xFF,0xFF,0xFF,0xFF,0xFF,0xFF,0xFF,0xFF,0xFF,0xFF,0xFF,0xFD,0xFF,0xFF,0xFB,
    0xFF,0xFF,0xFB,0xFF,0xFF,0xFB,0xFF,0xFF,0xFB,0xFF,0xFF,0xFB,0xFF,0xFF,0xFB,0xFF,0xFF,0xFB,0xFF,0xFF,0xFB,0xFF,0xFF,0xFB,
    0xFF,0xFF,0xFB,0xFF,0xFF,0xFB,0xFF,0xFF,0xFB,0xFF,0xFF,0xFB,0xFF,0xFF,0xFB,0xFF,0xFF,0xFB,0xFF,0xFF,0xFB,0xFF,0xFF,0xFB,
    0xFF,0xFF,0xFB,0xFF,0xFF,0xFB,0xFF,0xFF,0xFB,0xFF,0xFF,0xFB,0xFF,0xFF,0xFB,0xFF,0xFF,0xFB,0xFF,0xFF,0xFB,0xFF,0xFF,0xFB,
    0xFF,0xFF,0xFB,0xFF,0xFF,0xFB,0xFF,0xFF,0xFB,0xFF,0xFF,0xFB,0xFF,0xFF,0xFB,0xFF,0xFF,0xFB,0xFF,0xFF,0xFB,0xFF,0xFF,0xFB,
    0xFF,0xFF,0xFB,0xFF,0xFF,0xFB,0xFF,0xFF,0xFB,0xFF,0xFF,0xFB,0xFF,0xFF,0xFB,0xFF,0xFF,0xFB,0xFF,0xFF,0xFB,0xFF,0xFF,0xFB,
    0xFF,0xFF,0xFB,0xFF,0xFF,0xFB,0xFF,0xFF,0xFB,0xFF,0xFF,0xFB,0xFF,0xFF,0xFB,0xFF,0xFF,0xFB,0xFF,0xFF,0xFB,0xFF,0xFF,0xFB,
    0xFF,0xFF,0xFB,0xFF,0xFF,0xFB,0xFF,0xFF,0xFB,0xFF,0xFF,0xFB,0xFF,0xFF,0xFB,0xFF,0xFF,0xFB,0xFF,0xFF,0xFB,0xFF,0xFF,0xFB,
    0xFF,0xFF,0xFB,0xFF,0xFF,0xFB,0xFF,0xFF,0xFB,0xFF,0xFF,0xFB,0xFF,0xFF,0xFB,0xFF,0xFF,0xFB,0xFF,0xFF,0xFB,0xFF,0xFF,0xFB,
    0xFF,0xFF,0xFB,0xFF,0xFF,0xFB,0xFF,0xFF,0xFB,0xFF,0xFF,0xFB,0xFF,0xFF,0xFB,0xFF,0xFF,0xFB,0xFF,0xFF,0xFB,0xFF,0xFF,0xFB,
    0xFF,0xFF,0xFB,0xFF,0xFF,0xFB,0xFF,0xFF,0xFB,0xFF,0xFF,0xFB,0xFF,0xFF,0xFB,0xFF,0xFF,0xFB,0xFF,0xFF,0xFB,0xFF,0xFF,0xFB,
    0xFF,0xFF,0xFB,0xFF,0xFF,0xFB,0xFF,0xFF,0xFB,0xFF,0xFF,0xFB,0xFF,0xFF,0xFB,0xFF,0xFF,0xFB,0xFF,0xFF,0xFB,0xFF,0xFF,0xFC,
    0xFF,0xFF,0xFE,0xFF,0xFF,0xFF,0xFF,0xFF,0xFF,0xFF,0xFF,0xFF,0xFF,0xFF,0xFF,0xFF,0xFF,0xFF,0xFF,0xFF,0xF9,0xFF,0xFF,0xFF,
    0xFF,0xFF,0xA2,0xFF,0xFF,0x03,0xFF,0xFF,0x04,0xFF,0xFF,0x01,0x00,0x00,0x00,0x00,0x00,0x00,0x00,0x00,0x00,0x00,0x00,0x00,
    0x00,0x00,0x00,0x00,0x00,0x00,0x00,0x00,0x00,0x00,0x00,0x00,0x00,0x00,0x00,0x00,0x00,0x00,0x00,0x00,0x00,0x00,0x00,0x00,
    0x00,0x00,0x00,0x00,0x00,0x00,0x00,0x00,0x00,0x00,0x00,0x00,0x00,0x00,0x00,0x00,0x00,0x00,0x00,0x00,0x00,0x00,0x00,0x00,
    0x00,0x00,0x00,0x00,0x00,0x00,0x00,0x00,0x00,0x00,0x00,0x00,0x00,0x00,0x00,0x00,0x00,0x00,0x00,0x00,0x00,0x00,0x00,0x00,
    0x00,0x00,0x00,0x00,0x00,0x00,0x00,0x00,0x00,0x00,0x00,0x00,0x00,0x00,0x00,0x00,0x00,0x00,0x00,0x00,0x00,0x00,0x00,0x00,
    0x00,0x00,0x00,0x00,0x00,0x00,0x00,0x00,0x00,0x00,0x00,0x00,0x00,0x00,0x00,0x00,0x00,0x00,0x00,0x00,0x00,0x00,0x00,0x00,
    0x00,0x00,0x00,0x00,0x00,0x00,0x00,0x00,0x00,0x00,0x00,0x00,0x00,0x00,0x00,0x00,0x00,0x00,0x00,0x00,0x00,0x00,0x00,0x00,
    0x00,0x00,0x00,0x00,0x00,0x00,0x00,0x00,0x00,0x00,0x00,0x00,0x00,0x00,0x00,0x00,0x00,0x00,0xFF,0xFF,0x04,0x00,0x00,0x00,
    0xFF,0xFF,0x5C,0xFF,0xFF,0xFF,0xFF,0xFF,0xFF,0xFF,0xFF,0xFB,0xFF,0xFF,0xFE,0xFF,0xFF,0xFF,0xFF,0xFF,0xFF,0xFF,0xFF,0xFF,
    0xFF,0xFF,0xFF,0xFF,0xFF,0xFF,0xFF,0xFF,0xFF,0xFF,0xFF,0xFF,0xFF,0xFF,0xFF,0xFF,0xFF,0xFF,0xFF,0xFF,0xFF,0xFF,0xFF,0xFF,
    0xFF,0xFF,0xFF,0xFF,0xFF,0xFF,0xFF,0xFF,0xFF,0xFF,0xFF,0xFF,0xFF,0xFF,0xFF,0xFF,0xFF,0xFF,0xFF,0xFF,0xFF,0xFF,0xFF,0xFF,
    0xFF,0xFF,0xFF,0xFF,0xFF,0xFF,0xFF,0xFF,0xFF,0xFF,0xFF,0xFF,0xFF,0xFF,0xFF,0xFF,0xFF,0xFF,0xFF,0xFF,0xFF,0xFF,0xFF,0xFF,
    0xFF,0xFF,0xFF,0xFF,0xFF,0xFF,0xFF,0xFF,0xFF,0xFF,0xFF,0xFF,0xFF,0xFF,0xFF,0xFF,0xFF,0xFF,0xFF,0xFF,0xFF,0xFF,0xFF,0xFF,
    0xFF,0xFF,0xFF,0xFF,0xFF,0xFF,0xFF,0xFF,0xFF,0xFF,0xFF,0xFF,0xFF,0xFF,0xFF,0xFF,0xFF,0xFF,0xFF,0xFF,0xFF,0xFF,0xFF,0xFF,
    0xFF,0xFF,0xFF,0xFF,0xFF,0xFF,0xFF,0xFF,0xFF,0xFF,0xFF,0xFF,0xFF,0xFF,0xFF,0xFF,0xFF,0xFF,0xFF,0xFF,0xFF,0xFF,0xFF,0xFF,
    0xFF,0xFF,0xFF,0xFF,0xFF,0xFF,0xFF,0xFF,0xFF,0xFF,0xFF,0xFF,0xFF,0xFF,0xFF,0xFF,0xFF,0xFF,0xFF,0xFF,0xFF,0xFF,0xFF,0xFF,
    0xFF,0xFF,0xFF,0xFF,0xFF,0xFF,0xFF,0xFF,0xFF,0xFF,0xFF,0xFF,0xFF,0xFF,0xFF,0xFF,0xFF,0xFF,0xFF,0xFF,0xFF,0xFF,0xFF,0xFF,
    0xFF,0xFF,0xFF,0xFF,0xFF,0xFF,0xFF,0xFF,0xFF,0xFF,0xFF,0xFF,0xFF,0xFF,0xFF,0xFF,0xFF,0xFF,0xFF,0xFF,0xFF,0xFF,0xFF,0xFF,
    0xFF,0xFF,0xFF,0xFF,0xFF,0xFF,0xFF,0xFF,0xFF,0xFF,0xFF,0xFF,0xFF,0xFF,0xFF,0xFF,0xFF,0xFF,0xFF,0xFF,0xFF,0xFF,0xFF,0xFF,
    0xFF,0xFF,0xFF,0xFF,0xFF,0xFF,0xFF,0xFF,0xFF,0xFF,0xFF,0xFF,0xFF,0xFF,0xFF,0xFF,0xFF,0xFF,0xFF,0xFF,0xFF,0xFF,0xFF,0xFF,
    0xFF,0xFF,0xFF,0xFF,0xFF,0xFF,0xFF,0xFF,0xFF,0xFF,0xFF,0xFF,0xFF,0xFF,0xFF,0xFF,0xFF,0xFF,0xFF,0xFF,0xFC,0xFF,0xFF,0xFC,
    0xFF,0xFF,0xFF,0xFF,0xFF,0xA2,0x00,0x00,0x00,0xFF,0xFF,0x02,0xFF,0xFF,0x01,0x00,0x00,0x00,0x00,0x00,0x00,0x00,0x00,0x00,
    0x00,0x00,0x00,0x00,0x00,0x00,0x00,0x00,0x00,0x00,0x00,0x00,0x00,0x00,0x00,0x00,0x00,0x00,0x00,0x00,0x00,0x00,0x00,0x00,
    0x00,0x00,0x00,0x00,0x00,0x00,0x00,0x00,0x00,0x00,0x00,0x00,0x00,0x00,0x00,0x00,0x00,0x00,0x00,0x00,0x00,0x00,0x00,0x00,
    0x00,0x00,0x00,0x00,0x00,0x00,0x00,0x00,0x00,0x00,0x00,0x00,0x00,0x00,0x00,0x00,0x00,0x00,0x00,0x00,0x00,0x00,0x00,0x00,
    0x00,0x00,0x00,0x00,0x00,0x00,0x00,0x00,0x00,0x00,0x00,0x00,0x00,0x00,0x00,0x00,0x00,0x00,0x00,0x00,0x00,0x00,0x00,0x00,
    0x00,0x00,0x00,0x00,0x00,0x00,0x00,0x00,0x00,0x00,0x00,0x00,0x00,0x00,0x00,0x00,0x00,0x00,0x00,0x00,0x00,0x00,0x00,0x00,
    0x00,0x00,0x00,0x00,0x00,0x00,0x00,0x00,0x00,0x00,0x00,0x00,0x00,0x00,0x00,0x00,0x00,0x00,0x00,0x00,0x00,0x00,0x00,0x00,
    0x00,0x00,0x00,0x00,0x00,0x00,0x00,0x00,0x00,0x00,0x00,0x00,0x00,0x00,0x00,0x00,0x00,0x00,0x00,0x00,0x00,0x00,0x00,0x00,
    0x00,0x00,0x00,0xFF,0xFF,0x05,0x00,0x00,0x00,0xFF,0xFF,0x58,0xFF,0xFF,0xE3,0xFF,0xFF,0xFF,0xFF,0xFF,0xFF,0xFF,0xFF,0xFB,
    0xFF,0xFF,0xFD,0xFF,0xFF,0xFE,0xFF,0xFF,0xFF,0xFF,0xFF,0xFF,0xFF,0xFF,0xFF,0xFF,0xFF,0xFF,0xFF,0xFF,0xFF,0xFF,0xFF,0xFF,
    0xFF,0xFF,0xFF,0xFF,0xFF,0xFF,0xFF,0xFF,0xFF,0xFF,0xFF,0xFF,0xFF,0xFF,0xFF,0xFF,0xFF,0xFF,0xFF,0xFF,0xFF,0xFF,0xFF,0xFF,
    0xFF,0xFF,0xFF,0xFF,0xFF,0xFF,0xFF,0xFF,0xFF,0xFF,0xFF,0xFF,0xFF,0xFF,0xFF,0xFF,0xFF,0xFF,0xFF,0xFF,0xFF,0xFF,0xFF,0xFF,
    0xFF,0xFF,0xFF,0xFF,0xFF,0xFF,0xFF,0xFF,0xFF,0xFF,0xFF,0xFF,0xFF,0xFF,0xFF,0xFF,0xFF,0xFF,0xFF,0xFF,0xFF,0xFF,0xFF,0xFF,
    0xFF,0xFF,0xFF,0xFF,0xFF,0xFF,0xFF,0xFF,0xFF,0xFF,0xFF,0xFF,0xFF,0xFF,0xFF,0xFF,0xFF,0xFF,0xFF,0xFF,0xFF,0xFF,0xFF,0xFF,
    0xFF,0xFF,0xFF,0xFF,0xFF,0xFF,0xFF,0xFF,0xFF,0xFF,0xFF,0xFF,0xFF,0xFF,0xFF,0xFF,0xFF,0xFF,0xFF,0xFF,0xFF,0xFF,0xFF,0xFF,
    0xFF,0xFF,0xFF,0xFF,0xFF,0xFF,0xFF,0xFF,0xFF,0xFF,0xFF,0xFF,0xFF,0xFF,0xFF,0xFF,0xFF,0xFF,0xFF,0xFF,0xFF,0xFF,0xFF,0xFF,
    0xFF,0xFF,0xFF,0xFF,0xFF,0xFF,0xFF,0xFF,0xFF,0xFF,0xFF,0xFF,0xFF,0xFF,0xFF,0xFF,0xFF,0xFF,0xFF,0xFF,0xFF,0xFF,0xFF,0xFF,
    0xFF,0xFF,0xFF,0xFF,0xFF,0xFF,0xFF,0xFF,0xFF,0xFF,0xFF,0xFF,0xFF,0xFF,0xFF,0xFF,0xFF,0xFF,0xFF,0xFF,0xFF,0xFF,0xFF,0xFF,
    0xFF,0xFF,0xFF,0xFF,0xFF,0xFF,0xFF,0xFF,0xFF,0xFF,0xFF,0xFF,0xFF,0xFF,0xFF,0xFF,0xFF,0xFF,0xFF,0xFF,0xFF,0xFF,0xFF,0xFF,
    0xFF,0xFF,0xFF,0xFF,0xFF,0xFF,0xFF,0xFF,0xFF,0xFF,0xFF,0xFF,0xFF,0xFF,0xFF,0xFF,0xFF,0xFF,0xFF,0xFF,0xFF,0xFF,0xFF,0xFF,
    0xFF,0xFF,0xFF,0xFF,0xFF,0xFF,0xFF,0xFF,0xFF,0xFF,0xFF,0xFF,0xFF,0xFF,0xFE,0xFF,0xFF,0xFE,0xFF,0xFF,0xFC,0xFF,0xFF,0xFD,
    0xFF,0xFF,0xFF,0xFF,0xFF,0xFF,0xFF,0xFF,0x8E,0x00,0x00,0x00,0xFF,0xFF,0x02,0xFF,0xFF,0x01,0x00,0x00,0x00,0x00,0x00,0x00,
    0x00,0x00,0x00,0x00,0x00,0x00,0x00,0x00,0x00,0x00,0x00,0x00,0x00,0x00,0x00,0x00,0x00,0x00,0x00,0x00,0x00,0x00,0x00,0x00,
    0x00,0x00,0x00,0x00,0x00,0x00,0x00,0x00,0x00,0x00,0x00,0x00,0x00,0x00,0x00,0x00,0x00,0x00,0x00,0x00,0x00,0x00,0x00,0x00,
    0x00,0x00,0x00,0x00,0x00,0x00,0x00,0x00,0x00,0x00,0x00,0x00,0x00,0x00,0x00,0x00,0x00,0x00,0x00,0x00,0x00,0x00,0x00,0x00,
    0x00,0x00,0x00,0x00,0x00,0x00,0x00,0x00,0x00,0x00,0x00,0x00,0x00,0x00,0x00,0x00,0x00,0x00,0x00,0x00,0x00,0x00,0x00,0x00,
    0x00,0x00,0x00,0x00,0x00,0x00,0x00,0x00,0x00,0x00,0x00,0x00,0x00,0x00,0x00,0x00,0x00,0x00,0x00,0x00,0x00,0x00,0x00,0x00,
    0x00,0x00,0x00,0x00,0x00,0x00,0x00,0x00,0x00,0x00,0x00,0x00,0x00,0x00,0x00,0x00,0x00,0x00,0x00,0x00,0x00,0x00,0x00,0x00,
    0x00,0x00,0x00,0x00,0x00,0x00,0x00,0x00,0x00,0x00,0x00,0x00,0x00,0x00,0x00,0x00,0x00,0x00,0x00,0x00,0x00,0x00,0x00,0x00,
    0x00,0x00,0x00,0x00,0x00,0x00,0x00,0x00,0x00,0x00,0x00,0x00,0xFF,0xFF,0x04,0x00,0x00,0x00,0xFF,0xFF,0x1C,0xFF,0xFF,0x92,
    0xFF,0xFF,0xF4,0xFF,0xFF,0xFF,0xFF,0xFF,0xFF,0xFF,0xFF,0xFF,0xFF,0xFF,0xFC,0xFF,0xFF,0xFB,0xFF,0xFF,0xFB,0xFF,0xFF,0xFB,
    0xFF,0xFF,0xFB,0xFF,0xFF,0xFB,0xFF,0xFF,0xFB,0xFF,0xFF,0xFB,0xFF,0xFF,0xFB,0xFF,0xFF,0xFB,0xFF,0xFF,0xFB,0xFF,0xFF,0xFB,
    0xFF,0xFF,0xFB,0xFF,0xFF,0xFB,0xFF,0xFF,0xFB,0xFF,0xFF,0xFB,0xFF,0xFF,0xFB,0xFF,0xFF,0xFB,0xFF,0xFF,0xFB,0xFF,0xFF,0xFB,
    0xFF,0xFF,0xFB,0xFF,0xFF,0xFB,0xFF,0xFF,0xFB,0xFF,0xFF,0xFB,0xFF,0xFF,0xFB,0xFF,0xFF,0xFB,0xFF,0xFF,0xFB,0xFF,0xFF,0xFB,
    0xFF,0xFF,0xFB,0xFF,0xFF,0xFB,0xFF,0xFF,0xFB,0xFF,0xFF,0xFB,0xFF,0xFF,0xFB,0xFF,0xFF,0xFB,0xFF,0xFF,0xFB,0xFF,0xFF,0xFB,
    0xFF,0xFF,0xFB,0xFF,0xFF,0xFB,0xFF,0xFF,0xFB,0xFF,0xFF,0xFB,0xFF,0xFF,0xFB,0xFF,0xFF,0xFB,0xFF,0xFF,0xFB,0xFF,0xFF,0xFB,
    0xFF,0xFF,0xFB,0xFF,0xFF,0xFB,0xFF,0xFF,0xFB,0xFF,0xFF,0xFB,0xFF,0xFF,0xFB,0xFF,0xFF,0xFB,0xFF,0xFF,0xFB,0xFF,0xFF,0xFB,
    0xFF,0xFF,0xFB,0xFF,0xFF,0xFB,0xFF,0xFF,0xFB,0xFF,0xFF,0xFB,0xFF,0xFF,0xFB,0xFF,0xFF,0xFB,0xFF,0xFF,0xFB,0xFF,0xFF,0xFB,
    0xFF,0xFF,0xFB,0xFF,0xFF,0xFB,0xFF,0xFF,0xFB,0xFF,0xFF,0xFB,0xFF,0xFF,0xFB,0xFF,0xFF,0xFB,0xFF,0xFF,0xFB,0xFF,0xFF,0xFB,
    0xFF,0xFF,0xFB,0xFF,0xFF,0xFB,0xFF,0xFF,0xFB,0xFF,0xFF,0xFB,0xFF,0xFF,0xFB,0xFF,0xFF,0xFB,0xFF,0xFF,0xFB,0xFF,0xFF,0xFB,
    0xFF,0xFF,0xFB,0xFF,0xFF,0xFB,0xFF,0xFF,0xFB,0xFF,0xFF,0xFB,0xFF,0xFF,0xFB,0xFF,0xFF,0xFB,0xFF,0xFF,0xFB,0xFF,0xFF,0xFB,
    0xFF,0xFF,0xFB,0xFF,0xFF,0xFB,0xFF,0xFF,0xFB,0xFF,0xFF,0xFB,0xFF,0xFF,0xFB,0xFF,0xFF,0xFB,0xFF,0xFF,0xFF,0xFF,0xFF,0xFF,
    0xFF,0xFF,0xFF,0xFF,0xFF,0xFF,0xFF,0xFF,0xBC,0xFF,0xFF,0x42,0x00,0x00,0x00,0xFF,0xFF,0x02,0xFF,0xFF,0x01,0x00,0x00,0x00,
    0x00,0x00,0x00,0x00,0x00,0x00,0x00,0x00,0x00,0x00,0x00,0x00,0x00,0x00,0x00,0x00,0x00,0x00,0x00,0x00,0x00,0x00,0x00,0x00,
    0x00,0x00,0x00,0x00,0x00,0x00,0x00,0x00,0x00,0x00,0x00,0x00,0x00,0x00,0x00,0x00,0x00,0x00,0x00,0x00,0x00,0x00,0x00,0x00,
    0x00,0x00,0x00,0x00,0x00,0x00,0x00,0x00,0x00,0x00,0x00,0x00,0x00,0x00,0x00,0x00,0x00,0x00,0x00,0x00,0x00,0x00,0x00,0x00,
    0x00,0x00,0x00,0x00,0x00,0x00,0x00,0x00,0x00,0x00,0x00,0x00,0x00,0x00,0x00,0x00,0x00,0x00,0x00,0x00,0x00,0x00,0x00,0x00,
    0x00,0x00,0x00,0x00,0x00,0x00,0x00,0x00,0x00,0x00,0x00,0x00,0x00,0x00,0x00,0x00,0x00,0x00,0x00,0x00,0x00,0x00,0x00,0x00,
    0x00,0x00,0x00,0x00,0x00,0x00,0x00,0x00,0x00,0x00,0x00,0x00,0x00,0x00,0x00,0x00,0x00,0x00,0x00,0x00,0x00,0x00,0x00,0x00,
    0x00,0x00,0x00,0x00,0x00,0x00,0x00,0x00,0x00,0x00,0x00,0x00,0x00,0x00,0x00,0x00,0x00,0x00,0x00,0x00,0x00,0x00,0x00,0x00,
    0x00,0x00,0x00,0x00,0x00,0x00,0x00,0x00,0x00,0x00,0x00,0x00,0x00,0x00,0x00,0x00,0x00,0x00,0x00,0x00,0x00,0xFF,0xFF,0x03,
    0x00,0x00,0x00,0x00,0x00,0x00,0xFF,0xFF,0x26,0xFF,0xFF,0x8E,0xFF,0xFF,0xD7,0xFF,0xFF,0xF0,0xFF,0xFF,0xFF,0xFF,0xFF,0xFF,
    0xFF,0xFF,0xFF,0xFF,0xFF,0xFF,0xFF,0xFF,0xFF,0xFF,0xFF,0xFF,0xFF,0xFF,0xFF,0xFF,0xFF,0xFF,0xFF,0xFF,0xFF,0xFF,0xFF,0xFF,
    0xFF,0xFF,0xFF,0xFF,0xFF,0xFF,0xFF,0xFF,0xFF,0xFF,0xFF,0xFF,0xFF,0xFF,0xFF,0xFF,0xFF,0xFF,0xFF,0xFF,0xFF,0xFF,0xFF,0xFF,
    0xFF,0xFF,0xFF,0xFF,0xFF,0xFF,0xFF,0xFF,0xFF,0xFF,0xFF,0xFF,0xFF,0xFF,0xFF,0xFF,0xFF,0xFF,0xFF,0xFF,0xFF,0xFF,0xFF,0xFF,
    0xFF,0xFF,0xFF,0xFF,0xFF,0xFF,0xFF,0xFF,0xFF,0xFF,0xFF,0xFF,0xFF,0xFF,0xFF,0xFF,0xFF,0xFF,0xFF,0xFF,0xFF,0xFF,0xFF,0xFF,
    0xFF,0xFF,0xFF,0xFF,0xFF,0xFF,0xFF,0xFF,0xFF,0xFF,0xFF,0xFF,0xFF,0xFF,0xFF,0xFF,0xFF,0xFF,0xFF,0xFF,0xFF,0xFF,0xFF,0xFF,
    0xFF,0xFF,0xFF,0xFF,0xFF,0xFF,0xFF,0xFF,0xFF,0xFF,0xFF,0xFF,0xFF,0xFF,0xFF,0xFF,0xFF,0xFF,0xFF,0xFF,0xFF,0xFF,0xFF,0xFF,
    0xFF,0xFF,0xFF,0xFF,0xFF,0xFF,0xFF,0xFF,0xFF,0xFF,0xFF,0xFF,0xFF,0xFF,0xFF,0xFF,0xFF,0xFF,0xFF,0xFF,0xFF,0xFF,0xFF,0xFF,
    0xFF,0xFF,0xFF,0xFF,0xFF,0xFF,0xFF,0xFF,0xFF,0xFF,0xFF,0xFF,0xFF,0xFF,0xFF,0xFF,0xFF,0xFF,0xFF,0xFF,0xFF,0xFF,0xFF,0xFF,
    0xFF,0xFF,0xFF,0xFF,0xFF,0xFF,0xFF,0xFF,0xFF,0xFF,0xFF,0xFF,0xFF,0xFF,0xFF,0xFF,0xFF,0xFF,0xFF,0xFF,0xFF,0xFF,0xFF,0xFF,
    0xFF,0xFF,0xFF,0xFF,0xFF,0xFF,0xFF,0xFF,0xFF,0xFF,0xFF,0xFF,0xFF,0xFF,0xFF,0xFF,0xFF,0xFF,0xFF,0xFF,0xFF,0xFF,0xFF,0xFF,
    0xFF,0xFF,0xFF,0xFF,0xFF,0xFF,0xFF,0xFF,0xFF,0xFF,0xFF,0xFF,0xFF,0xFF,0xFF,0xFF,0xFF,0xFF,0xFF,0xFF,0xFF,0xFF,0xFF,0xFF,
    0xFF,0xFF,0xFA,0xFF,0xFF,0xEA,0xFF,0xFF,0xA9,0xFF,0xFF,0x43,0x00,0x00,0x00,0x00,0x00,0x00,0xFF,0xFF,0x04,0x00,0x00,0x00,
    0x00,0x00,0x00,0x00,0x00,0x00,0x00,0x00,0x00,0x00,0x00,0x00,0x00,0x00,0x00,0x00,0x00,0x00,0x00,0x00,0x00,0x00,0x00,0x00,
    0x00,0x00,0x00,0x00,0x00,0x00,0x00,0x00,0x00,0x00,0x00,0x00,0x00,0x00,0x00,0x00,0x00,0x00,0x00,0x00,0x00,0x00,0x00,0x00,
    0x00,0x00,0x00,0x00,0x00,0x00,0x00,0x00,0x00,0x00,0x00,0x00,0x00,0x00,0x00,0x00,0x00,0x00,0x00,0x00,0x00,0x00,0x00,0x00,
    0x00,0x00,0x00,0x00,0x00,0x00,0x00,0x00,0x00,0x00,0x00,0x00,0x00,0x00,0x00,0x00,0x00,0x00,0x00,0x00,0x00,0x00,0x00,0x00,
    0x00,0x00,0x00,0x00,0x00,0x00,0x00,0x00,0x00,0x00,0x00,0x00,0x00,0x00,0x00,0x00,0x00,0x00,0x00,0x00,0x00,0x00,0x00,0x00,
    0x00,0x00,0x00,0x00,0x00,0x00,0x00,0x00,0x00,0x00,0x00,0x00,0x00,0x00,0x00,0x00,0x00,0x00,0x00,0x00,0x00,0x00,0x00,0x00,
    0x00,0x00,0x00,0x00,0x00,0x00,0x00,0x00,0x00,0x00,0x00,0x00,0x00,0x00,0x00,0x00,0x00,0x00,0x00,0x00,0x00,0x00,0x00,0x00,
    0x00,0x00,0x00,0x00,0x00,0x00,0x00,0x00,0x00,0x00,0x00,0x00,0x00,0x00,0x00,0x00,0x00,0x00,0x00,0x00,0x00,0x00,0x00,0x00,
    0x00,0x00,0x00,0x00,0x00,0x00,0xFF,0xFF,0x01,0xFF,0xFF,0x03,0x00,0x00,0x00,0x00,0x00,0x00,0xFF,0xFF,0x05,0xFF,0xFF,0x14,
    0xFF,0xFF,0x50,0xFF,0xFF,0x55,0xFF,0xFF,0x55,0xFF,0xFF,0x55,0xFF,0xFF,0x55,0xFF,0xFF,0x55,0xFF,0xFF,0x55,0xFF,0xFF,0x55,
    0xFF,0xFF,0x55,0xFF,0xFF,0x55,0xFF,0xFF,0x55,0xFF,0xFF,0x55,0xFF,0xFF,0x55,0xFF,0xFF,0x55,0xFF,0xFF,0x55,0xFF,0xFF,0x55,
    0xFF,0xFF,0x55,0xFF,0xFF,0x55,0xFF,0xFF,0x55,0xFF,0xFF,0x55,0xFF,0xFF,0x55,0xFF,0xFF,0x55,0xFF,0xFF,0x55,0xFF,0xFF,0x55,
    0xFF,0xFF,0x55,0xFF,0xFF,0x55,0xFF,0xFF,0x55,0xFF,0xFF,0x55,0xFF,0xFF,0x55,0xFF,0xFF,0x55,0xFF,0xFF,0x55,0xFF,0xFF,0x55,
    0xFF,0xFF,0x55,0xFF,0xFF,0x55,0xFF,0xFF,0x55,0xFF,0xFF,0x55,0xFF,0xFF,0x55,0xFF,0xFF,0x55,0xFF,0xFF,0x55,0xFF,0xFF,0x55,
    0xFF,0xFF,0x55,0xFF,0xFF,0x55,0xFF,0xFF,0x55,0xFF,0xFF,0x55,0xFF,0xFF,0x55,0xFF,0xFF,0x55,0xFF,0xFF,0x55,0xFF,0xFF,0x55,
    0xFF,0xFF,0x55,0xFF,0xFF,0x55,0xFF,0xFF,0x55,0xFF,0xFF,0x55,0xFF,0xFF,0x55,0xFF,0xFF,0x55,0xFF,0xFF,0x55,0xFF,0xFF,0x55,
    0xFF,0xFF,0x55,0xFF,0xFF,0x55,0xFF,0xFF,0x55,0xFF,0xFF,0x55,0xFF,0xFF,0x55,0xFF,0xFF,0x55,0xFF,0xFF,0x55,0xFF,0xFF,0x55,
    0xFF,0xFF,0x55,0xFF,0xFF,0x55,0xFF,0xFF,0x55,0xFF,0xFF,0x55,0xFF,0xFF,0x55,0xFF,0xFF,0x55,0xFF,0xFF,0x55,0xFF,0xFF,0x55,
    0xFF,0xFF,0x55,0xFF,0xFF,0x55,0xFF,0xFF,0x55,0xFF,0xFF,0x55,0xFF,0xFF,0x55,0xFF,0xFF,0x55,0xFF,0xFF,0x55,0xFF,0xFF,0x55,
    0xFF,0xFF,0x55,0xFF,0xFF,0x55,0xFF,0xFF,0x55,0xFF,0xFF,0x55,0xFF,0xFF,0x55,0xFF,0xFF,0x55,0xFF,0xFF,0x55,0xFF,0xFF,0x55,
    0xFF,0xFF,0x54,0xFF,0xFF,0x55,0xFF,0xFF,0x27,0xFF,0xFF,0x0E,0x00,0x00,0x00,0x00,0x00,0x00,0xFF,0xFF,0x01,0xFF,0xFF,0x03,
    0x00,0x00,0x00,0x00,0x00,0x00,0x00,0x00,0x00,0x00,0x00,0x00,0x00,0x00,0x00,0x00,0x00,0x00,0x00,0x00,0x00,0x00,0x00,0x00,
    0x00,0x00,0x00,0x00,0x00,0x00,0x00,0x00,0x00,0x00,0x00,0x00,0x00,0x00,0x00,0x00,0x00,0x00,0x00,0x00,0x00,0x00,0x00,0x00,
    0x00,0x00,0x00,0x00,0x00,0x00,0x00,0x00,0x00,0x00,0x00,0x00,0x00,0x00,0x00,0x00,0x00,0x00,0x00,0x00,0x00,0x00,0x00,0x00,
    0x00,0x00,0x00,0x00,0x00,0x00,0x00,0x00,0x00,0x00,0x00,0x00,0x00,0x00,0x00,0x00,0x00,0x00,0x00,0x00,0x00,0x00,0x00,0x00,
    0x00,0x00,0x00,0x00,0x00,0x00,0x00,0x00,0x00,0x00,0x00,0x00,0x00,0x00,0x00,0x00,0x00,0x00,0x00,0x00,0x00,0x00,0x00,0x00,
    0x00,0x00,0x00,0x00,0x00,0x00,0x00,0x00,0x00,0x00,0x00,0x00,0x00,0x00,0x00,0x00,0x00,0x00,0x00,0x00,0x00,0x00,0x00,0x00,
    0x00,0x00,0x00,0x00,0x00,0x00,0x00,0x00,0x00,0x00,0x00,0x00,0x00,0x00,0x00,0x00,0x00,0x00,0x00,0x00,0x00,0x00,0x00,0x00,
    0x00,0x00,0x00,0x00,0x00,0x00,0x00,0x00,0x00,0x00,0x00,0x00,0x00,0x00,0x00,0x00,0x00,0x00,0x00,0x00,0x00,0x00,0x00,0x00,
    0x00,0x00,0x00,0x00,0x00,0x00,0x00,0x00,0x00,0x00,0x00,0x00,0x00,0x00,0x00,0x00,0x00,0x00,0xFF,0xFF,0x02,0xFF,0xFF,0x04,
    0x00,0x00,0x00,0x00,0x00,0x00,0x00,0x00,0x00,0x00,0x00,0x00,0x00,0x00,0x00,0x00,0x00,0x00,0x00,0x00,0x00,0x00,0x00,0x00,
    0x00,0x00,0x00,0x00,0x00,0x00,0x00,0x00,0x00,0x00,0x00,0x00,0x00,0x00,0x00,0x00,0x00,0x00,0x00,0x00,0x00,0x00,0x00,0x00,
    0x00,0x00,0x00,0x00,0x00,0x00,0x00,0x00,0x00,0x00,0x00,0x00,0x00,0x00,0x00,0x00,0x00,0x00,0x00,0x00,0x00,0x00,0x00,0x00,
    0x00,0x00,0x00,0x00,0x00,0x00,0x00,0x00,0x00,0x00,0x00,0x00,0x00,0x00,0x00,0x00,0x00,0x00,0x00,0x00,0x00,0x00,0x00,0x00,
    0x00,0x00,0x00,0x00,0x00,0x00,0x00,0x00,0x00,0x00,0x00,0x00,0x00,0x00,0x00,0x00,0x00,0x00,0x00,0x00,0x00,0x00,0x00,0x00,
    0x00,0x00,0x00,0x00,0x00,0x00,0x00,0x00,0x00,0x00,0x00,0x00,0x00,0x00,0x00,0x00,0x00,0x00,0x00,0x00,0x00,0x00,0x00,0x00,
    0x00,0x00,0x00,0x00,0x00,0x00,0x00,0x00,0x00,0x00,0x00,0x00,0x00,0x00,0x00,0x00,0x00,0x00,0x00,0x00,0x00,0x00,0x00,0x00,
    0x00,0x00,0x00,0x00,0x00,0x00,0x00,0x00,0x00,0x00,0x00,0x00,0x00,0x00,0x00,0x00,0x00,0x00,0x00,0x00,0x00,0x00,0x00,0x00,
    0x00,0x00,0x00,0x00,0x00,0x00,0x00,0x00,0x00,0x00,0x00,0x00,0x00,0x00,0x00,0x00,0x00,0x00,0x00,0x00,0x00,0x00,0x00,0x00,
    0x00,0x00,0x00,0x00,0x00,0x00,0x00,0x00,0x00,0x00,0x00,0x00,0x00,0x00,0x00,0x00,0x00,0x00,0x00,0x00,0x00,0x00,0x00,0x00,
    0x00,0x00,0x00,0x00,0x00,0x00,0x00,0x00,0x00,0x00,0x00,0x00,0x00,0x00,0x00,0x00,0x00,0x00,0x00,0x00,0x00,0x00,0x00,0x00,
    0x00,0x00,0x00,0x00,0x00,0x00,0x00,0x00,0x00,0x00,0x00,0x00,0x00,0x00,0x00,0x00,0x00,0x00,0xFF,0xFF,0x03,0xFF,0xFF,0x03,
    0x00,0x00,0x00,0x00,0x00,0x00,0x00,0x00,0x00,0x00,0x00,0x00,0x00,0x00,0x00,0x00,0x00,0x00,0x00,0x00,0x00,0x00,0x00,0x00,
    0x00,0x00,0x00,0x00,0x00,0x00,0x00,0x00,0x00,0x00,0x00,0x00,0x00,0x00,0x00,0x00,0x00,0x00,0x00,0x00,0x00,0x00,0x00,0x00,
    0x00,0x00,0x00,0x00,0x00,0x00,0x00,0x00,0x00,0x00,0x00,0x00,0x00,0x00,0x00,0x00,0x00,0x00,0x00,0x00,0x00,0x00,0x00,0x00,
    0x00,0x00,0x00,0x00,0x00,0x00,0x00,0x00,0x00,0x00,0x00,0x00,0x00,0x00,0x00,0x00,0x00,0x00,0x00,0x00,0x00,0x00,0x00,0x00,
    0x00,0x00,0x00,0x00,0x00,0x00,0x00,0x00,0x00,0x00,0x00,0x00,0x00,0x00,0x00,0x00,0x00,0x00,0x00,0x00,0x00,0x00,0x00,0x00,
    0x00,0x00,0x00,0x00,0x00,0x00,0x00,0x00,0x00,0x00,0x00,0x00,0x00,0x00,0x00,0x00,0x00,0x00,0x00,0x00,0x00,0x00,0x00,0x00,
    0x00,0x00,0x00,0x00,0x00,0x00,0x00,0x00,0x00,0x00,0x00,0x00,0x00,0x00,0x00,0x00,0x00,0x00,0x00,0x00,0x00,0x00,0x00,0x00,
    0x00,0x00,0x00,0x00,0x00,0x00,0x00,0x00,0x00,0x00,0x00,0x00,0x00,0x00,0x00,0x00,0x00,0x00,0x00,0x00,0x00,0x00,0x00,0x00,
    0x00,0x00,0x00,0x00,0x00,0x00,0x00,0x00,0x00,0x00,0x00,0x00,0x00,0x00,0x00,0x00,0x00,0x00,0x00,0x00,0x00,0x00,0x00,0x00,
    0x00,0x00,0x00,0x00,0x00,0x00,0xFF,0xFF,0x01,0xFF,0xFF,0x01,0xFF,0xFF,0x04,0xFF,0xFF,0x04,0xFF,0xFF,0x04,0xFF,0xFF,0x04,
    0xFF,0xFF,0x04,0xFF,0xFF,0x04,0xFF,0xFF,0x04,0xFF,0xFF,0x04,0xFF,0xFF,0x04,0xFF,0xFF,0x04,0xFF,0xFF,0x04,0xFF,0xFF,0x04,
    0xFF,0xFF,0x04,0xFF,0xFF,0x04,0xFF,0xFF,0x04,0xFF,0xFF,0x04,0xFF,0xFF,0x04,0xFF,0xFF,0x04,0xFF,0xFF,0x04,0xFF,0xFF,0x04,
    0xFF,0xFF,0x04,0xFF,0xFF,0x04,0xFF,0xFF,0x04,0xFF,0xFF,0x04,0xFF,0xFF,0x04,0xFF,0xFF,0x04,0xFF,0xFF,0x04,0xFF,0xFF,0x04,
    0xFF,0xFF,0x04,0xFF,0xFF,0x04,0xFF,0xFF,0x04,0xFF,0xFF,0x04,0xFF,0xFF,0x04,0xFF,0xFF,0x04,0xFF,0xFF,0x04,0xFF,0xFF,0x04,
    0xFF,0xFF,0x04,0xFF,0xFF,0x04,0xFF,0xFF,0x04,0xFF,0xFF,0x04,0xFF,0xFF,0x04,0xFF,0xFF,0x04,0xFF,0xFF,0x04,0xFF,0xFF,0x04,
    0xFF,0xFF,0x04,0xFF,0xFF,0x04,0xFF,0xFF,0x04,0xFF,0xFF,0x04,0xFF,0xFF,0x04,0xFF,0xFF,0x04,0xFF,0xFF,0x04,0xFF,0xFF,0x04,
    0xFF,0xFF,0x04,0xFF,0xFF,0x04,0xFF,0xFF,0x04,0xFF,0xFF,0x04,0xFF,0xFF,0x04,0xFF,0xFF,0x04,0xFF,0xFF,0x04,0xFF,0xFF,0x04,
    0xFF,0xFF,0x04,0xFF,0xFF,0x04,0xFF,0xFF,0x04,0xFF,0xFF,0x04,0xFF,0xFF,0x04,0xFF,0xFF,0x04,0xFF,0xFF,0x04,0xFF,0xFF,0x04,
    0xFF,0xFF,0x04,0xFF,0xFF,0x04,0xFF,0xFF,0x04,0xFF,0xFF,0x04,0xFF,0xFF,0x04,0xFF,0xFF,0x04,0xFF,0xFF,0x04,0xFF,0xFF,0x04,
    0xFF,0xFF,0x04,0xFF,0xFF,0x04,0xFF,0xFF,0x04,0xFF,0xFF,0x04,0xFF,0xFF,0x04,0xFF,0xFF,0x04,0xFF,0xFF,0x04,0xFF,0xFF,0x04,
    0xFF,0xFF,0x04,0xFF,0xFF,0x04,0xFF,0xFF,0x04,0xFF,0xFF,0x04,0xFF,0xFF,0x04,0xFF,0xFF,0x04,0xFF,0xFF,0x02,0xFF,0xFF,0x01,
    0x00,0x00,0x00,0x00,0x00,0x00,0x00,0x00,0x00,0x00,0x00,0x00,0x00,0x00,0x00,0x00,0x00,0x00,0x00,0x00,0x00,0x00,0x00,0x00,
    0x00,0x00,0x00,0x00,0x00,0x00,0x00,0x00,0x00,0x00,0x00,0x00,0x00,0x00,0x00,0x00,0x00,0x00,0x00,0x00,0x00,0x00,0x00,0x00,
    0x00,0x00,0x00,0x00,0x00,0x00,0x00,0x00,0x00,0x00,0x00,0x00,0x00,0x00,0x00,0x00,0x00,0x00,0x00,0x00,0x00,0x00,0x00,0x00,
    0x00,0x00,0x00,0x00,0x00,0x00,0x00,0x00,0x00,0x00,0x00,0x00,0x00,0x00,0x00,0x00,0x00,0x00,0x00,0x00,0x00,0x00,0x00,0x00,
    0x00,0x00,0x00,0x00,0x00,0x00,0x00,0x00,0x00,0x00,0x00,0x00,0x00,0x00,0x00,0x00,0x00,0x00,0x00,0x00,0x00,0x00,0x00,0x00,
    0x00,0x00,0x00,0x00,0x00,0x00,0x00,0x00,0x00,0x00,0x00,0x00,0x00,0x00,0x00,0x00,0x00,0x00,0x00,0x00,0x00,0x00,0x00,0x00,
    0x00,0x00,0x00,0x00,0x00,0x00,0x00,0x00,0x00,0x00,0x00,0x00,0x00,0x00,0x00,0x00,0x00,0x00,0x00,0x00,0x00,0x00,0x00,0x00,
    0x00,0x00,0x00,0x00,0x00,0x00,0x00,0x00,0x00,0x00,0x00,0x00,0x00,0x00,0x00,0x00,0x00,0x00,0x00,0x00,0x00,0x00,0x00,0x00,
    0x00,0x00,0x00,0x00,0x00,0x00,0x00,0x00,0x00,0x00,0x00,0x00,0x00,0x00,0x00,0x00,0x00,0x00,0x00,0x00,0x00,0x00,0x00,0x00,
    0x00,0x00,0x00,0x00,0x00,0x00,0x00,0x00,0x00,0x00,0x00,0x00,0x00,0x00,0x00,0x00,0x00,0x00,0x00,0x00,0x00,0x00,0x00,0x00,
    0x00,0x00,0x00,0x00,0x00,0x00,0x00,0x00,0x00,0x00,0x00,0x00,0x00,0x00,0x00,0x00,0x00,0x00,0x00,0x00,0x00,0x00,0x00,0x00,
    0x00,0x00,0x00,0x00,0x00,0x00,0x00,0x00,0x00,0x00,0x00,0x00,0x00,0x00,0x00,0x00,0x00,0x00,0x00,0x00,0x00,0x00,0x00,0x00,
    0x00,0x00,0x00,0x00,0x00,0x00,0x00,0x00,0x00,0x00,0x00,0x00,0x00,0x00,0x00,0x00,0x00,0x00,0x00,0x00,0x00,0x00,0x00,0x00,
    0x00,0x00,0x00,0x00,0x00,0x00,0x00,0x00,0x00,0x00,0x00,0x00,0x00,0x00,0x00,0x00,0x00,0x00,0x00,0x00,0x00,0x00,0x00,0x00,
    0x00,0x00,0x00,0x00,0x00,0x00,0x00,0x00,0x00,0x00,0x00,0x00,0x00,0x00,0x00,0x00,0x00,0x00,0x00,0x00,0x00,0x00,0x00,0x00,
    0x00,0x00,0x00,0x00,0x00,0x00,0x00,0x00,0x00,0x00,0x00,0x00,0x00,0x00,0x00,0x00,0x00,0x00,0x00,0x00,0x00,0x00,0x00,0x00,
    0x00,0x00,0x00,0x00,0x00,0x00,0x00,0x00,0x00,0x00,0x00,0x00,0x00,0x00,0x00,0x00,0x00,0x00,0x00,0x00,0x00,0x00,0x00,0x00,
    0x00,0x00,0x00,0x00,0x00,0x00,0x00,0x00,0x00,0x00,0x00,0x00,0x00,0x00,0x00,0x00,0x00,0x00,0x00,0x00,0x00,0x00,0x00,0x00,
    0x00,0x00,0x00,0x00,0x00,0x00,0x00,0x00,0x00,0x00,0x00,0x00,0x00,0x00,0x00,0x00,0x00,0x00,0x00,0x00,0x00,0x00,0x00,0x00,
    0x00,0x00,0x00,0x00,0x00,0x00,0x00,0x00,0x00,0x00,0x00,0x00,0x00,0x00,0x00,0x00,0x00,0x00,0x00,0x00,0x00,0x00,0x00,0x00,
    0x00,0x00,0x00,0x00,0x00,0x00,0x00,0x00,0x00,0x00,0x00,0x00,0x00,0x00,0x00,0x00,0x00,0x00,0x00,0x00,0x00,0x00,0x00,0x00,
    0x00,0x00,0x00,0x00,0x00,0x00,0x00,0x00,0x00,0x00,0x00,0x00,0x00,0x00,0x00,0x00,0x00,0x00,0x00,0x00,0x00,0x00,0x00,0x00,
    0x00,0x00,0x00,0x00,0x00,0x00,0x00,0x00,0x00,0x00,0x00,0x00,0x00,0x00,0x00,0x00,0x00,0x00,0x00,0x00,0x00,0x00,0x00,0x00,
    0x00,0x00,0x00,0x00,0x00,0x00,0x00,0x00,0x00,0x00,0x00,0x00,0x00,0x00,0x00,0x00,0x00,0x00,0x00,0x00,0x00,0x00,0x00,0x00,
    0x00,0x00,0x00,0x00,0x00,0x00,0x00,0x00,0x00,0x00,0x00,0x00,0x00,0x00,0x00,0x00,0x00,0x00,0x00,0x00,0x00,0x00,0x00,0x00,
    0x00,0x00,0x00,0x00,0x00,0x00,0x00,0x00,0x00,0x00,0x00,0x00,0x00,0x00,0x00,0x00,0x00,0x00,0x00,0x00,0x00,0x00,0x00,0x00,
    0x00,0x00,0x00,0x00,0x00,0x00,0x00,0x00,0x00,0x00,0x00,0x00,0x00,0x00,0x00,0x00,0x00,0x00,0x00,0x00,0x00,0x00,0x00,0x00,
    0x00,0x00,0x00,0x00,0x00,0x00,0x00,0x00,0x00,0x00,0x00,0x00,0x00,0x00,0x00,0x00,0x00,0x00,0x00,0x00,0x00,0x00,0x00,0x00,
    0x00,0x00,0x00,0x00,0x00,0x00,0x00,0x00,0x00,0x00,0x00,0x00,0x00,0x00,0x00,0x00,0x00,0x00,0x00,0x00,0x00,0x00,0x00,0x00,
    0x00,0x00,0x00,0x00,0x00,0x00,0x00,0x00,0x00,0x00,0x00,0x00,0x00,0x00,0x00,0x00,0x00,0x00,0x00,0x00,0x00,0x00,0x00,0x00,
    0x00,0x00,0x00,0x00,0x00,0x00,0x00,0x00,0x00,0x00,0x00,0x00,0x00,0x00,0x00,0x00,0x00,0x00,0x00,0x00,0x00,0x00,0x00,0x00,
    0x00,0x00,0x00,0x00,0x00,0x00,0x00,0x00,0x00,0x00,0x00,0x00,0x00,0x00,0x00,0x00,0x00,0x00,0x00,0x00,0x00,0x00,0x00,0x00,
    0x00,0x00,0x00,0x00,0x00,0x00,0x00,0x00,0x00,0x00,0x00,0x00,0x00,0x00,0x00,0x00,0x00,0x00,0x00,0x00,0x00,0x00,0x00,0x00,
    0x00,0x00,0x00,0x00,0x00,0x00,0x00,0x00,0x00,0x00,0x00,0x00,0x00,0x00,0x00,0x00,0x00,0x00,0x00,0x00,0x00,0x00,0x00,0x00,
    0x00,0x00,0x00,0x00,0x00,0x00,0x00,0x00,0x00,0x00,0x00,0x00,0x00,0x00,0x00,0x00,0x00,0x00,0x00,0x00,0x00,0x00,0x00,0x00,
    0x00,0x00,0x00,0x00,0x00,0x00,0x00,0x00,0x00,0x00,0x00,0x00,0x00,0x00,0x00,0x00,0x00,0x00,0x00,0x00,0x00,0x00,0x00,0x00,
    0x00,0x00,0x00,0x00,0x00,0x00,0x00,0x00,0x00,0x00,0x00,0x00,0x00,0x00,0x00,0x00,0x00,0x00,0x00,0x00,0x00,0x00,0x00,0x00,
    0x00,0x00,0x00,0x00,0x00,0x00,0x00,0x00,0x00,0x00,0x00,0x00,0x00,0x00,0x00,0x00,0x00,0x00,0x00,0x00,0x00,0x00,0x00,0x00,
    0x00,0x00,0x00,0x00,0x00,0x00,0x00,0x00,0x00,0x00,0x00,0x00,0x00,0x00,0x00,0x00,0x00,0x00,0x00,0x00,0x00,0x00,0x00,0x00,
    0x00,0x00,0x00,0x00,0x00,0x00,0x00,0x00,0x00,0x00,0x00,0x00,0x00,0x00,0x00,0x00,0x00,0x00,0x00,0x00,0x00,0x00,0x00,0x00,
    0x00,0x00,0x00,0x00,0x00,0x00,0x00,0x00,0x00,0x00,0x00,0x00,0x00,0x00,0x00,0x00,0x00,0x00,0x00,0x00,0x00,0x00,0x00,0x00,
    0x00,0x00,0x00,0x00,0x00,0x00,0x00,0x00,0x00,0x00,0x00,0x00,0x00,0x00,0x00,0x00,0x00,0x00,0x00,0x00,0x00,0x00,0x00,0x00,
    0x00,0x00,0x00,0x00,0x00,0x00,0x00,0x00,0x00,0x00,0x00,0x00,0x00,0x00,0x00,0x00,0x00,0x00,0x00,0x00,0x00,0x00,0x00,0x00,
    0x00,0x00,0x00,0x00,0x00,0x00,0x00,0x00,0x00,0x00,0x00,0x00,0x00,0x00,0x00,0x00,0x00,0x00,0x00,0x00,0x00,0x00,0x00,0x00,
    0x00,0x00,0x00,0x00,0x00,0x00,0x00,0x00,0x00,0x00,0x00,0x00,0x00,0x00,0x00,0x00,0x00,0x00,0x00,0x00,0x00,0x00,0x00,0x00,
    0x00,0x00,0x00,0x00,0x00,0x00,0x00,0x00,0x00,0x00,0x00,0x00,0x00,0x00,0x00,0x00,0x00,0x00,0x00,0x00,0x00,0x00,0x00,0x00,
    0x00,0x00,0x00,0x00,0x00,0x00,0x00,0x00,0x00,0x00,0x00,0x00,0x00,0x00,0x00,0x00,0x00,0x00,0x00,0x00,0x00,0x00,0x00,0x00,
    0x00,0x00,0x00,0x00,0x00,0x00,0x00,0x00,0x00,0x00,0x00,0x00,0x00,0x00,0x00,0x00,0x00,0x00,0x00,0x00,0x00,0x00,0x00,0x00,
    0x00,0x00,0x00,0x00,0x00,0x00,0x00,0x00,0x00,0x00,0x00,0x00,0x00,0x00,0x00,0x00,0x00,0x00,0x00,0x00,0x00,0x00,0x00,0x00,
    0x00,0x00,0x00,0x00,0x00,0x00,0x00,0x00,0x00,0x00,0x00,0x00,0x00,0x00,0x00,0x00,0x00,0x00,0x00,0x00,0x00,0x00,0x00,0x00,
    0x00,0x00,0x00,0x00,0x00,0x00,0x00,0x00,0x00,0x00,0x00,0x00,0x00,0x00,0x00,0x00,0x00,0x00,0x00,0x00,0x00,0x00,0x00,0x00,
    0x00,0x00,0x00,0x00,0x00,0x00,0x00,0x00,0x00,0x00,0x00,0x00,0x00,0x00,0x00,0x00,0x00,0x00,0x00,0x00,0x00,0x00,0x00,0x00,
    0x00,0x00,0x00,0x00,0x00,0x00,0x00,0x00,0x00,0x00,0x00,0x00,0x00,0x00,0x00,0x00,0x00,0x00,0x00,0x00,0x00,0x00,0x00,0x00,
    0x00,0x00,0x00,0x00,0x00,0x00,0x00,0x00,0x00,0x00,0x00,0x00,0x00,0x00,0x00,0x00,0x00,0x00,0x00,0x00,0x00,0x00,0x00,0x00,
    0x00,0x00,0x00,0x00,0x00,0x00,0x00,0x00,0x00,0x00,0x00,0x00,0x00,0x00,0x00,0x00,0x00,0x00,0x00,0x00,0x00,0x00,0x00,0x00,
    0x00,0x00,0x00,0x00,0x00,0x00,0x00,0x00,0x00,0x00,0x00,0x00,0x00,0x00,0x00,0x00,0x00,0x00,0x00,0x00,0x00,0x00,0x00,0x00,
    0x00,0x00,0x00,0x00,0x00,0x00,0x00,0x00,0x00,0x00,0x00,0x00,0x00,0x00,0x00,0x00,0x00,0x00,0x00,0x00,0x00,0x00,0x00,0x00,
    0x00,0x00,0x00,0x00,0x00,0x00,0x00,0x00,0x00,0x00,0x00,0x00,0x00,0x00,0x00,0x00,0x00,0x00,0x00,0x00,0x00,0x00,0x00,0x00,
    0x00,0x00,0x00,0x00,0x00,0x00,0x00,0x00,0x00,0x00,0x00,0x00,0x00,0x00,0x00,0x00,0x00,0x00,0x00,0x00,0x00,0x00,0x00,0x00,
    0x00,0x00,0x00,0x00,0x00,0x00,0x00,0x00,0x00,0x00,0x00,0x00,0x00,0x00,0x00,0x00,0x00,0x00,0x00,0x00,0x00,0x00,0x00,0x00,
    0x00,0x00,0x00,0x00,0x00,0x00,0x00,0x00,0x00,0x00,0x00,0x00,0x00,0x00,0x00,0x00,0x00,0x00,0x00,0x00,0x00,0x00,0x00,0x00,
    0x00,0x00,0x00,0x00,0x00,0x00,0x00,0x00,0x00,0x00,0x00,0x00,0x00,0x00,0x00,0x00,0x00,0x00,0x00,0x00,0x00,0x00,0x00,0x00,
    0x00,0x00,0x00,0x00,0x00,0x00,0x00,0x00,0x00,0x00,0x00,0x00,0x00,0x00,0x00,0x00,0x00,0x00,0x00,0x00,0x00,0x00,0x00,0x00,
    0x00,0x00,0x00,0x00,0x00,0x00,0x00,0x00,0x00,0x00,0x00,0x00,0x00,0x00,0x00,0x00,0x00,0x00,0x00,0x00,0x00,0x00,0x00,0x00,
    0x00,0x00,0x00,0x00,0x00,0x00,0x00,0x00,0x00,0x00,0x00,0x00,0x00,0x00,0x00,0x00,0x00,0x00,0x00,0x00,0x00,0x00,0x00,0x00,
    0x00,0x00,0x00,0x00,0x00,0x00,0x00,0x00,0x00,0x00,0x00,0x00,0x00,0x00,0x00,0x00,0x00,0x00,0x00,0x00,0x00,0x00,0x00,0x00,
    0x00,0x00,0x00,0x00,0x00,0x00,0x00,0x00,0x00,0x00,0x00,0x00,0x00,0x00,0x00,0x00,0x00,0x00,0x00,0x00,0x00,0x00,0x00,0x00,
    0x00,0x00,0x00,0x00,0x00,0x00,0x00,0x00,0x00,0x00,0x00,0x00,0x00,0x00,0x00,0x00,0x00,0x00,0x00,0x00,0x00,0x00,0x00,0x00,
    0x00,0x00,0x00,0x00,0x00,0x00,0x00,0x00,0x00,0x00,0x00,0x00,0x00,0x00,0x00,0x00,0x00,0x00,0x00,0x00,0x00,0x00,0x00,0x00,
    0x00,0x00,0x00,0x00,0x00,0x00,0x00,0x00,0x00,0x00,0x00,0x00,0x00,0x00,0x00,0x00,0x00,0x00,0x00,0x00,0x00,0x00,0x00,0x00,
    0x00,0x00,0x00,0x00,0x00,0x00,0x00,0x00,0x00,0x00,0x00,0x00,0x00,0x00,0x00,0x00,0x00,0x00,0x00,0x00,0x00,0x00,0x00,0x00,
    0x00,0x00,0x00,0x00,0x00,0x00,0x00,0x00,0x00,0x00,0x00,0x00,0x00,0x00,0x00,0x00,0x00,0x00,0x00,0x00,0x00,0x00,0x00,0x00,
    0x00,0x00,0x00,0x00,0x00,0x00,0x00,0x00,0x00,0x00,0x00,0x00,0x00,0x00,0x00,0x00,0x00,0x00,0x00,0x00,0x00,0x00,0x00,0x00,
    0x00,0x00,0x00,0x00,0x00,0x00,0x00,0x00,0x00,0x00,0x00,0x00,0x00,0x00,0x00,0x00,0x00,0x00,0x00,0x00,0x00,0x00,0x00,0x00,
    0x00,0x00,0x00,0x00,0x00,0x00,0x00,0x00,0x00,0x00,0x00,0x00,0x00,0x00,0x00,0x00,0x00,0x00,0x00,0x00,0x00,0x00,0x00,0x00,
    0x00,0x00,0x00,0x00,0x00,0x00,0x00,0x00,0x00,0x00,0x00,0x00,0x00,0x00,0x00,0x00,0x00,0x00,0x00,0x00,0x00,0x00,0x00,0x00,
    0x00,0x00,0x00,0x00,0x00,0x00,0x00,0x00,0x00,0x00,0x00,0x00,0x00,0x00,0x00,0x00,0x00,0x00,0x00,0x00,0x00,0x00,0x00,0x00,
    0x00,0x00,0x00,0x00,0x00,0x00,0x00,0x00,0x00,0x00,0x00,0x00,0x00,0x00,0x00,0x00,0x00,0x00,0x00,0x00,0x00,0x00,0x00,0x00,
    0x00,0x00,0x00,0x00,0x00,0x00,0x00,0x00,0x00,0x00,0x00,0x00,0x00,0x00,0x00,0x00,0x00,0x00,0x00,0x00,0x00,0x00,0x00,0x00,
    0x00,0x00,0x00,0x00,0x00,0x00,0x00,0x00,0x00,0x00,0x00,0x00,0x00,0x00,0x00,0x00,0x00,0x00,0x00,0x00,0x00,0x00,0x00,0x00,
    0x00,0x00,0x00,0x00,0x00,0x00,0x00,0x00,0x00,0x00,0x00,0x00,0x00,0x00,0x00,0x00,0x00,0x00,0x00,0x00,0x00,0x00,0x00,0x00,
    0x00,0x00,0x00,0x00,0x00,0x00,0x00,0x00,0x00,0x00,0x00,0x00,0x00,0x00,0x00,0x00,0x00,0x00,0x00,0x00,0x00,0x00,0x00,0x00,
    0x00,0x00,0x00,0x00,0x00,0x00,0x00,0x00,0x00,0x00,0x00,0x00,0x00,0x00,0x00,0x00,0x00,0x00,0x00,0x00,0x00,0x00,0x00,0x00,
    0x00,0x00,0x00,0x00,0x00,0x00,0x00,0x00,0x00,0x00,0x00,0x00,0x00,0x00,0x00,0x00,0x00,0x00,0x00,0x00,0x00,0x00,0x00,0x00,
    0x00,0x00,0x00,0x00,0x00,0x00,0x00,0x00,0x00,0x00,0x00,0x00,0x00,0x00,0x00,0x00,0x00,0x00,0x00,0x00,0x00,0x00,0x00,0x00,
    0x00,0x00,0x00,0x00,0x00,0x00,0x00,0x00,0x00,0x00,0x00,0x00,0x00,0x00,0x00,0x00,0x00,0x00,0x00,0x00,0x00,0x00,0x00,0x00,
    0x00,0x00,0x00,0x00,0x00,0x00,0x00,0x00,0x00,0x00,0x00,0x00,0x00,0x00,0x00,0x00,0x00,0x00,0x00,0x00,0x00,0x00,0x00,0x00,
    0x00,0x00,0x00,0x00,0x00,0x00,0x00,0x00,0x00,0x00,0x00,0x00,0x00,0x00,0x00,0x00,0x00,0x00,0x00,0x00,0x00,0x00,0x00,0x00,
    0x00,0x00,0x00,0x00,0x00,0x00,0x00,0x00,0x00,0x00,0x00,0x00,0x00,0x00,0x00,0x00,0x00,0x00,0x00,0x00,0x00,0x00,0x00,0x00,
    0x00,0x00,0x00,0x00,0x00,0x00,0x00,0x00,0x00,0x00,0x00,0x00,0x00,0x00,0x00,0x00,0x00,0x00,0x00,0x00,0x00,0x00,0x00,0x00,
    0x00,0x00,0x00,0x00,0x00,0x00,0x00,0x00,0x00,0x00,0x00,0x00,0x00,0x00,0x00,0x00,0x00,0x00,0x00,0x00,0x00,0x00,0x00,0x00,
    0x00,0x00,0x00,0x00,0x00,0x00,0x00,0x00,0x00,0x00,0x00,0x00,0x00,0x00,0x00,0x00,0x00,0x00,0x00,0x00,0x00,0x00,0x00,0x00,
    0x00,0x00,0x00,0x00,0x00,0x00,0x00,0x00,0x00,0x00,0x00,0x00,0x00,0x00,0x00,0x00,0x00,0x00,0x00,0x00,0x00,0x00,0x00,0x00,
    0x00,0x00,0x00,0x00,0x00,0x00,0x00,0x00,0x00,0x00,0x00,0x00,0x00,0x00,0x00,0x00,0x00,0x00,0x00,0x00,0x00,0x00,0x00,0x00,
    0x00,0x00,0x00,0x00,0x00,0x00,0x00,0x00,0x00,0x00,0x00,0x00,0x00,0x00,0x00,0x00,0x00,0x00,0x00,0x00,0x00,0x00,0x00,0x00,
    0x00,0x00,0x00,0x00,0x00,0x00,0x00,0x00,0x00,0x00,0x00,0x00,0x00,0x00,0x00,0x00,0x00,0x00,0x00,0x00,0x00,0x00,0x00,0x00,
    0x00,0x00,0x00,0x00,0x00,0x00,0x00,0x00,0x00,0x00,0x00,0x00,0x00,0x00,0x00,0x00,0x00,0x00,0x00,0x00,0x00,0x00,0x00,0x00,
    0x00,0x00,0x00,0x00,0x00,0x00,0x00,0x00,0x00,0x00,0x00,0x00,0x00,0x00,0x00,0x00,0x00,0x00,0x00,0x00,0x00,0x00,0x00,0x00,
    0x00,0x00,0x00,0x00,0x00,0x00,0x00,0x00,0x00,0x00,0x00,0x00,0x00,0x00,0x00,0x00,0x00,0x00,0x00,0x00,0x00,0x00,0x00,0x00,
    0x00,0x00,0x00,0x00,0x00,0x00,0x00,0x00,0x00,0x00,0x00,0x00,0x00,0x00,0x00,0x00,0x00,0x00,0x00,0x00,0x00,0x00,0x00,0x00,
    0x00,0x00,0x00,0x00,0x00,0x00,0x00,0x00,0x00,0x00,0x00,0x00,0x00,0x00,0x00,0x00,0x00,0x00,0x00,0x00,0x00,0x00,0x00,0x00,
    0x00,0x00,0x00,0x00,0x00,0x00,0x00,0x00,0x00,0x00,0x00,0x00,0x00,0x00,0x00,0x00,0x00,0x00,0x00,0x00,0x00,0x00,0x00,0x00,
    0x00,0x00,0x00,0x00,0x00,0x00,0x00,0x00,0x00,0x00,0x00,0x00,0x00,0x00,0x00,0x00,0x00,0x00,0x00,0x00,0x00,0x00,0x00,0x00,
    0x00,0x00,0x00,0x00,0x00,0x00,0x00,0x00,0x00,0x00,0x00,0x00,0x00,0x00,0x00,0x00,0x00,0x00,0x00,0x00,0x00,0x00,0x00,0x00,
    0x00,0x00,0x00,0x00,0x00,0x00,0x00,0x00,0x00,0x00,0x00,0x00,0x00,0x00,0x00,0x00,0x00,0x00,0x00,0x00,0x00,0x00,0x00,0x00,
    0x00,0x00,0x00,0x00,0x00,0x00,0x00,0x00,0x00,0x00,0x00,0x00,0x00,0x00,0x00,0x00,0x00,0x00,0x00,0x00,0x00,0x00,0x00,0x00,
    0x00,0x00,0x00,0x00,0x00,0x00,0x00,0x00,0x00,0x00,0x00,0x00,0x00,0x00,0x00,0x00,0x00,0x00,0x00,0x00,0x00,0x00,0x00,0x00,
    0x00,0x00,0x00,0x00,0x00,0x00,0x00,0x00,0x00,0x00,0x00,0x00,0x00,0x00,0x00,0x00,0x00,0x00,0x00,0x00,0x00,0x00,0x00,0x00,
    0x00,0x00,0x00,0x00,0x00,0x00,0x00,0x00,0x00,0x00,0x00,0x00,0x00,0x00,0x00,0x00,0x00,0x00,0x00,0x00,0x00,0x00,0x00,0x00,
    0x00,0x00,0x00,0x00,0x00,0x00,0x00,0x00,0x00,0x00,0x00,0x00,0x00,0x00,0x00,0x00,0x00,0x00,0x00,0x00,0x00,0x00,0x00,0x00,
    0x00,0x00,0x00,0x00,0x00,0x00,0x00,0x00,0x00,0x00,0x00,0x00,0x00,0x00,0x00,0x00,0x00,0x00,0x00,0x00,0x00,0x00,0x00,0x00,
    0x00,0x00,0x00,0x00,0x00,0x00,0x00,0x00,0x00,0x00,0x00,0x00,0x00,0x00,0x00,0x00,0x00,0x00,0x00,0x00,0x00,0x00,0x00,0x00,
    0x00,0x00,0x00,0x00,0x00,0x00,0x00,0x00,0x00,0x00,0x00,0x00,0x00,0x00,0x00,0x00,0x00,0x00,0x00,0x00,0x00,0x00,0x00,0x00,
    0x00,0x00,0x00,0x00,0x00,0x00,0x00,0x00,0x00,0x00,0x00,0x00,0x00,0x00,0x00,0x00,0x00,0x00,0x00,0x00,0x00,0x00,0x00,0x00,
    0x00,0x00,0x00,0x00,0x00,0x00,0x00,0x00,0x00,0x00,0x00,0x00,0x00,0x00,0x00,0x00,0x00,0x00,0x00,0x00,0x00,0x00,0x00,0x00,
    0x00,0x00,0x00,0x00,0x00,0x00,0x00,0x00,0x00,0x00,0x00,0x00,0x00,0x00,0x00,0x00,0x00,0x00,0x00,0x00,0x00,0x00,0x00,0x00,
    0x00,0x00,0x00,0x00,0x00,0x00,0x00,0x00,0x00,0x00,0x00,0x00,0x00,0x00,0x00,0x00,0x00,0x00,0x00,0x00,0x00,0x00,0x00,0x00,
    0x00,0x00,0x00,0x00,0x00,0x00,0x00,0x00,0x00,0x00,0x00,0x00,0x00,0x00,0x00,0x00,0x00,0x00,0x00,0x00,0x00,0x00,0x00,0x00,
    0x00,0x00,0x00,0x00,0x00,0x00,0x00,0x00,0x00,0x00,0x00,0x00,0x00,0x00,0x00,0x00,0x00,0x00,0x00,0x00,0x00,0x00,0x00,0x00,
    0x00,0x00,0x00,0x00,0x00,0x00,0x00,0x00,0x00,0x00,0x00,0x00,0x00,0x00,0x00,0x00,0x00,0x00,0x00,0x00,0x00,0x00,0x00,0x00,
    0x00,0x00,0x00,0x00,0x00,0x00,0x00,0x00,0x00,0x00,0x00,0x00,0x00,0x00,0x00,0x00,0x00,0x00,0x00,0x00,0x00,0x00,0x00,0x00,
    0x00,0x00,0x00,0x00,0x00,0x00,0x00,0x00,0x00,0x00,0x00,0x00,0x00,0x00,0x00,0x00,0x00,0x00,0x00,0x00,0x00,0x00,0x00,0x00,
    0x00,0x00,0x00,0x00,0x00,0x00,0x00,0x00,0x00,0x00,0x00,0x00,0x00,0x00,0x00,0x00,0x00,0x00,0x00,0x00,0x00,0x00,0x00,0x00,
    0x00,0x00,0x00,0x00,0x00,0x00,0x00,0x00,0x00,0x00,0x00,0x00,0x00,0x00,0x00,0x00,0x00,0x00,0x00,0x00,0x00,0x00,0x00,0x00,
    0x00,0x00,0x00,0x00,0x00,0x00,0x00,0x00,0x00,0x00,0x00,0x00,0x00,0x00,0x00,0x00,0x00,0x00,0x00,0x00,0x00,0x00,0x00,0x00,
    0x00,0x00,0x00,0x00,0x00,0x00,0x00,0x00,0x00,0x00,0x00,0x00,0x00,0x00,0x00,0x00,0x00,0x00,0x00,0x00,0x00,0x00,0x00,0x00,
    0x00,0x00,0x00,0x00,0x00,0x00,0x00,0x00,0x00,0x00,0x00,0x00,0x00,0x00,0x00,0x00,0x00,0x00,0x00,0x00,0x00,0x00,0x00,0x00,
    0x00,0x00,0x00,0x00,0x00,0x00,0x00,0x00,0x00,0x00,0x00,0x00,0x00,0x00,0x00,0x00,0x00,0x00,0x00,0x00,0x00,0x00,0x00,0x00,
    0x00,0x00,0x00,0x00,0x00,0x00,0x00,0x00,0x00,0x00,0x00,0x00,0x00,0x00,0x00,0x00,0x00,0x00,0x00,0x00,0x00,0x00,0x00,0x00,
    0x00,0x00,0x00,0x00,0x00,0x00,0x00,0x00,0x00,0x00,0x00,0x00,0x00,0x00,0x00,0x00,0x00,0x00,0x00,0x00,0x00,0x00,0x00,0x00,
    0x00,0x00,0x00,0x00,0x00,0x00,0x00,0x00,0x00,0x00,0x00,0x00,0x00,0x00,0x00,0x00,0x00,0x00,0x00,0x00,0x00,0x00,0x00,0x00,
    0x00,0x00,0x00,0x00,0x00,0x00,0x00,0x00,0x00,0x00,0x00,0x00,0x00,0x00,0x00,0x00,0x00,0x00,0x00,0x00,0x00,0x00,0x00,0x00,
    0x00,0x00,0x00,0x00,0x00,0x00,0x00,0x00,0x00,0x00,0x00,0x00,0x00,0x00,0x00,0x00,0x00,0x00,0x00,0x00,0x00,0x00,0x00,0x00,
    0x00,0x00,0x00,0x00,0x00,0x00,0x00,0x00,0x00,0x00,0x00,0x00,0x00,0x00,0x00,0x00,0x00,0x00,0x00,0x00,0x00,0x00,0x00,0x00,
    0x00,0x00,0x00,0x00,0x00,0x00,0x00,0x00,0x00,0x00,0x00,0x00,0x00,0x00,0x00,0x00,0x00,0x00,0x00,0x00,0x00,0x00,0x00,0x00,
    0x00,0x00,0x00,0x00,0x00,0x00,0x00,0x00,0x00,0x00,0x00,0x00,0x00,0x00,0x00,0x00,0x00,0x00,0x00,0x00,0x00,0x00,0x00,0x00,
    0x00,0x00,0x00,0x00,0x00,0x00,0x00,0x00,0x00,0x00,0x00,0x00,0x00,0x00,0x00,0x00,0x00,0x00,0x00,0x00,0x00,0x00,0x00,0x00,
    0x00,0x00,0x00,0x00,0x00,0x00,0x00,0x00,0x00,0x00,0x00,0x00,0x00,0x00,0x00,0x00,0x00,0x00,0x00,0x00,0x00,0x00,0x00,0x00,
    0x00,0x00,0x00,0x00,0x00,0x00,0x00,0x00,0x00,0x00,0x00,0x00,0x00,0x00,0x00,0x00,0x00,0x00,0x00,0x00,0x00,0x00,0x00,0x00,
    0x00,0x00,0x00,0x00,0x00,0x00,0x00,0x00,0x00,0x00,0x00,0x00,0x00,0x00,0x00,0x00,0x00,0x00,0x00,0x00,0x00,0x00,0x00,0x00,
    0x00,0x00,0x00,0x00,0x00,0x00,0x00,0x00,0x00,0x00,0x00,0x00,0x00,0x00,0x00,0x00,0x00,0x00,0x00,0x00,0x00,0x00,0x00,0x00,
    0x00,0x00,0x00,0x00,0x00,0x00,0x00,0x00,0x00,0x00,0x00,0x00,0x00,0x00,0x00,0x00,0x00,0x00,0x00,0x00,0x00,0x00,0x00,0x00,
    0x00,0x00,0x00,0x00,0x00,0x00,0x00,0x00,0x00,0x00,0x00,0x00,0x00,0x00,0x00,0x00,0x00,0x00,0x00,0x00,0x00,0x00,0x00,0x00,
    0x00,0x00,0x00,0x00,0x00,0x00,0x00,0x00,0x00,0x00,0x00,0x00,0x00,0x00,0x00,0x00,0x00,0x00,0x00,0x00,0x00,0x00,0x00,0x00,
    0x00,0x00,0x00,0x00,0x00,0x00,0x00,0x00,0x00,0x00,0x00,0x00,0x00,0x00,0x00,0x00,0x00,0x00,0x00,0x00,0x00,0x00,0x00,0x00,
    0x00,0x00,0x00,0x00,0x00,0x00,0x00,0x00,0x00,0x00,0x00,0x00,0x00,0x00,0x00,0x00,0x00,0x00,0x00,0x00,0x00,0x00,0x00,0x00,
    0x00,0x00,0x00,0x00,0x00,0x00,0x00,0x00,0x00,0x00,0x00,0x00,0x00,0x00,0x00,0x00,0x00,0x00,0x00,0x00,0x00,0x00,0x00,0x00,
    0x00,0x00,0x00,0x00,0x00,0x00,0x00,0x00,0x00,0x00,0x00,0x00,0x00,0x00,0x00,0x00,0x00,0x00,0x00,0x00,0x00,0x00,0x00,0x00,
    0x00,0x00,0x00,0x00,0x00,0x00,0x00,0x00,0x00,0x00,0x00,0x00,0x00,0x00,0x00,0x00,0x00,0x00,0x00,0x00,0x00,0x00,0x00,0x00,
    0x00,0x00,0x00,0x00,0x00,0x00,0x00,0x00,0x00,0x00,0x00,0x00,0x00,0x00,0x00,0x00,0x00,0x00,0x00,0x00,0x00,0x00,0x00,0x00,
    0x00,0x00,0x00,0x00,0x00,0x00,0x00,0x00,0x00,0x00,0x00,0x00,0x00,0x00,0x00,0x00,0x00,0x00,0x00,0x00,0x00,0x00,0x00,0x00,
    0x00,0x00,0x00,0x00,0x00,0x00,0x00,0x00,0x00,0x00,0x00,0x00,0x00,0x00,0x00,0x00,0x00,0x00,0x00,0x00,0x00,0x00,0x00,0x00,
    0x00,0x00,0x00,0x00,0x00,0x00,0x00,0x00,0x00,0x00,0x00,0x00,0x00,0x00,0x00,0x00,0x00,0x00,0x00,0x00,0x00,0x00,0x00,0x00,
    0x00,0x00,0x00,0x00,0x00,0x00,0x00,0x00,0x00,0x00,0x00,0x00,0x00,0x00,0x00,0x00,0x00,0x00,0x00,0x00,0x00,0x00,0x00,0x00,
    0x00,0x00,0x00,0x00,0x00,0x00,0x00,0x00,0x00,0x00,0x00,0x00,0x00,0x00,0x00,0x00,0x00,0x00,0x00,0x00,0x00,0x00,0x00,0x00,
    0x00,0x00,0x00,0x00,0x00,0x00,0x00,0x00,0x00,0x00,0x00,0x00,0x00,0x00,0x00,0x00,0x00,0x00,0x00,0x00,0x00,0x00,0x00,0x00,
    0x00,0x00,0x00,0x00,0x00,0x00,0x00,0x00,0x00,0x00,0x00,0x00,0x00,0x00,0x00,0x00,0x00,0x00,0x00,0x00,0x00,0x00,0x00,0x00,
    0x00,0x00,0x00,0x00,0x00,0x00,0x00,0x00,0x00,0x00,0x00,0x00,0x00,0x00,0x00,0x00,0x00,0x00,0x00,0x00,0x00,0x00,0x00,0x00,
    0x00,0x00,0x00,0x00,0x00,0x00,0x00,0x00,0x00,0x00,0x00,0x00,0x00,0x00,0x00,0x00,0x00,0x00,0x00,0x00,0x00,0x00,0x00,0x00,
    0x00,0x00,0x00,0x00,0x00,0x00,0x00,0x00,0x00,0x00,0x00,0x00,0x00,0x00,0x00,0x00,0x00,0x00,0x00,0x00,0x00,0x00,0x00,0x00,
    0x00,0x00,0x00,0x00,0x00,0x00,0x00,0x00,0x00,0x00,0x00,0x00,0x00,0x00,0x00,0x00,0x00,0x00,0x00,0x00,0x00,0x00,0x00,0x00,
    0x00,0x00,0x00,0x00,0x00,0x00,0x00,0x00,0x00,0x00,0x00,0x00,0x00,0x00,0x00,0x00,0x00,0x00,0x00,0x00,0x00,0x00,0x00,0x00,
    0x00,0x00,0x00,0x00,0x00,0x00,0x00,0x00,0x00,0x00,0x00,0x00,0x00,0x00,0x00,0x00,0x00,0x00,0x00,0x00,0x00,0x00,0x00,0x00,
    0x00,0x00,0x00,0x00,0x00,0x00,0x00,0x00,0x00,0x00,0x00,0x00,0x00,0x00,0x00,0x00,0x00,0x00,0x00,0x00,0x00,0x00,0x00,0x00,
    0x00,0x00,0x00,0x00,0x00,0x00,0x00,0x00,0x00,0x00,0x00,0x00,0x00,0x00,0x00,0x00,0x00,0x00,0x00,0x00,0x00,0x00,0x00,0x00,
    0x00,0x00,0x00,0x00,0x00,0x00,0x00,0x00,0x00,0x00,0x00,0x00,0x00,0x00,0x00,0x00,0x00,0x00,0x00,0x00,0x00,0x00,0x00,0x00,
    0x00,0x00,0x00,0x00,0x00,0x00,0x00,0x00,0x00,0x00,0x00,0x00,0x00,0x00,0x00,0x00,0x00,0x00,0x00,0x00,0x00,0x00,0x00,0x00,
    0x00,0x00,0x00,0x00,0x00,0x00,0x00,0x00,0x00,0x00,0x00,0x00,0x00,0x00,0x00,0x00,0x00,0x00,0x00,0x00,0x00,0x00,0x00,0x00,
    0x00,0x00,0x00,0x00,0x00,0x00,0x00,0x00,0x00,0x00,0x00,0x00,0x00,0x00,0x00,0x00,0x00,0x00,0x00,0x00,0x00,0x00,0x00,0x00,
    0x00,0x00,0x00,0x00,0x00,0x00,0x00,0x00,0x00,0x00,0x00,0x00,0x00,0x00,0x00,0x00,0x00,0x00,0x00,0x00,0x00,0x00,0x00,0x00,
    0x00,0x00,0x00,0x00,0x00,0x00,0x00,0x00,0x00,0x00,0x00,0x00,0x00,0x00,0x00,0x00,0x00,0x00,0x00,0x00,0x00,0x00,0x00,0x00,
    0x00,0x00,0x00,0x00,0x00,0x00,0x00,0x00,0x00,0x00,0x00,0x00,0x00,0x00,0x00,0x00,0x00,0x00,0x00,0x00,0x00,0x00,0x00,0x00,
    0x00,0x00,0x00,0x00,0x00,0x00,0x00,0x00,0x00,0x00,0x00,0x00,0x00,0x00,0x00,0x00,0x00,0x00,0x00,0x00,0x00,0x00,0x00,0x00,
    0x00,0x00,0x00,0x00,0x00,0x00,0x00,0x00,0x00,0x00,0x00,0x00,0x00,0x00,0x00,0x00,0x00,0x00,0x00,0x00,0x00,0x00,0x00,0x00,
    0x00,0x00,0x00,0x00,0x00,0x00,0x00,0x00,0x00,0x00,0x00,0x00,0x00,0x00,0x00,0x00,0x00,0x00,0x00,0x00,0x00,0x00,0x00,0x00,
    0x00,0x00,0x00,0x00,0x00,0x00,0x00,0x00,0x00,0x00,0x00,0x00,0x00,0x00,0x00,0x00,0x00,0x00,0x00,0x00,0x00,0x00,0x00,0x00,
    0x00,0x00,0x00,0x00,0x00,0x00,0x00,0x00,0x00,0x00,0x00,0x00,0x00,0x00,0x00,0x00,0x00,0x00,0x00,0x00,0x00,0x00,0x00,0x00,
    0x00,0x00,0x00,0x00,0x00,0x00,0x00,0x00,0x00,0x00,0x00,0x00,0x00,0x00,0x00,0x00,0x00,0x00,0x00,0x00,0x00,0x00,0x00,0x00,
    0x00,0x00,0x00,0x00,0x00,0x00,0x00,0x00,0x00,0x00,0x00,0x00,0x00,0x00,0x00,0x00,0x00,0x00,0x00,0x00,0x00,0x00,0x00,0x00,
    0x00,0x00,0x00,0x00,0x00,0x00,0x00,0x00,0x00,0x00,0x00,0x00,0x00,0x00,0x00,0x00,0x00,0x00,0x00,0x00,0x00,0x00,0x00,0x00,
    0x00,0x00,0x00,0x00,0x00,0x00,0x00,0x00,0x00,0x00,0x00,0x00,0x00,0x00,0x00,0x00,0x00,0x00,0x00,0x00,0x00,0x00,0x00,0x00,
    0x00,0x00,0x00,0x00,0x00,0x00,0x00,0x00,0x00,0x00,0x00,0x00,0x00,0x00,0x00,0x00,0x00,0x00,0x00,0x00,0x00,0x00,0x00,0x00,
    0x00,0x00,0x00,0x00,0x00,0x00,0x00,0x00,0x00,0x00,0x00,0x00,0x00,0x00,0x00,0x00,0x00,0x00,0x00,0x00,0x00,0x00,0x00,0x00,
    0x00,0x00,0x00,0x00,0x00,0x00,0x00,0x00,0x00,0x00,0x00,0x00,0x00,0x00,0x00,0x00,0x00,0x00,0x00,0x00,0x00,0x00,0x00,0x00,
    0x00,0x00,0x00,0x00,0x00,0x00,0x00,0x00,0x00,0x00,0x00,0x00,0x00,0x00,0x00,0x00,0x00,0x00,0x00,0x00,0x00,0x00,0x00,0x00,
    0x00,0x00,0x00,0x00,0x00,0x00,0x00,0x00,0x00,0x00,0x00,0x00,0x00,0x00,0x00,0x00,0x00,0x00,0x00,0x00,0x00,0x00,0x00,0x00,
    0x00,0x00,0x00,0x00,0x00,0x00,0x00,0x00,0x00,0x00,0x00,0x00,0x00,0x00,0x00,0x00,0x00,0x00,0x00,0x00,0x00,0x00,0x00,0x00,
    0x00,0x00,0x00,0x00,0x00,0x00,0x00,0x00,0x00,0x00,0x00,0x00,0x00,0x00,0x00,0x00,0x00,0x00,0x00,0x00,0x00,0x00,0x00,0x00,
    0x00,0x00,0x00,0x00,0x00,0x00,0x00,0x00,0x00,0x00,0x00,0x00,0x00,0x00,0x00,0x00,0x00,0x00,0x00,0x00,0x00,0x00,0x00,0x00,
    0x00,0x00,0x00,0x00,0x00,0x00,0x00,0x00,0x00,0x00,0x00,0x00,0x00,0x00,0x00,0x00,0x00,0x00,0x00,0x00,0x00,0x00,0x00,0x00,
    0x00,0x00,0x00,0x00,0x00,0x00,0x00,0x00,0x00,0x00,0x00,0x00,0x00,0x00,0x00,0x00,0x00,0x00,0x00,0x00,0x00,0x00,0x00,0x00,
    0x00,0x00,0x00,0x00,0x00,0x00,0x00,0x00,0x00,0x00,0x00,0x00,0x00,0x00,0x00,0x00,0x00,0x00,0x00,0x00,0x00,0x00,0x00,0x00,
    0x00,0x00,0x00,0x00,0x00,0x00,0x00,0x00,0x00,0x00,0x00,0x00,0x00,0x00,0x00,0x00,0x00,0x00,0x00,0x00,0x00,0x00,0x00,0x00,
    0x00,0x00,0x00,0x00,0x00,0x00,0x00,0x00,0x00,0x00,0x00,0x00,0x00,0x00,0x00,0x00,0x00,0x00,0x00,0x00,0x00,0x00,0x00,0x00,
    0x00,0x00,0x00,0x00,0x00,0x00,0x00,0x00,0x00,0x00,0x00,0x00,0x00,0x00,0x00,0x00,0x00,0x00,0x00,0x00,0x00,0x00,0x00,0x00,
    0x00,0x00,0x00,0x00,0x00,0x00,0x00,0x00,0x00,0x00,0x00,0x00,0x00,0x00,0x00,0x00,0x00,0x00,0x00,0x00,0x00,0x00,0x00,0x00,
};

const lv_img_dsc_t a4_dpf_icon = {
    .header.cf = LV_IMG_CF_TRUE_COLOR_ALPHA,
    .header.w = 170, .header.h = 96,
    .data_size = sizeof a4_dpf_icon_px, .data = a4_dpf_icon_px,
};
