/* made by tools/gen_bg.py */
#include "lvgl.h"

static const uint8_t px[153600] = {
    0x20,0x00,0x20,0x00,0x20,0x00,0x20,0x00,0x20,0x00,0x20,0x00,0x20,0x00,0x20,0x00,0x41,0x08,0x82,0x08,0x41,0x08,0x20,0x00,
    0x20,0x00,0x20,0x00,0x20,0x00,0x20,0x00,0x20,0x00,0x20,0x00,0x20,0x00,0x20,0x00,0x20,0x00,0x20,0x00,0x20,0x00,0x20,0x00,
    0x20,0x00,0x20,0x00,0x20,0x00,0x41,0x08,0x82,0x08,0x41,0x08,0x20,0x00,0x20,0x00,0x20,0x00,0x20,0x00,0x20,0x00,0x20,0x00,
    0x20,0x00,0x20,0x00,0x20,0x00,0x20,0x00,0x20,0x00,0x20,0x00,0x20,0x00,0x20,0x00,0x20,0x00,0x20,0x00,0x41,0x08,0x82,0x08,
    0x41,0x08,0x20,0x00,0x20,0x00,0x20,0x00,0x20,0x00,0x20,0x00,0x20,0x00,0x20,0x00,0x20,0x00,0x20,0x00,0x20,0x00,0x20,0x00,
    0x20,0x00,0x20,0x00,0x20,0x00,0x20,0x00,0x20,0x00,0x41,0x08,0x62,0x08,0x61,0x08,0x20,0x00,0x20,0x00,0x20,0x00,0x20,0x00,
    0x20,0x00,0x20,0x00,0x20,0x00,0x20,0x00,0x20,0x00,0x20,0x00,0x20,0x00,0x20,0x00,0x20,0x00,0x20,0x00,0x20,0x00,0x20,0x00,
    0x41,0x08,0x62,0x08,0x61,0x08,0x20,0x00,0x20,0x00,0x20,0x00,0x20,0x00,0x20,0x00,0x20,0x00,0x20,0x00,0x20,0x00,0x20,0x00,
    0x20,0x00,0x20,0x00,0x20,0x00,0x20,0x00,0x20,0x00,0x20,0x00,0x20,0x00,0x41,0x08,0x62,0x08,0x61,0x08,0x20,0x00,0x20,0x00,
    0x20,0x00,0x20,0x00,0x20,0x00,0x20,0x00,0x20,0x00,0x20,0x00,0x20,0x00,0x20,0x00,0x20,0x00,0x20,0x00,0x20,0x00,0x20,0x00,
    0x20,0x00,0x20,0x00,0x41,0x08,0x62,0x08,0x61,0x08,0x20,0x00,0x20,0x00,0x20,0x00,0x20,0x00,0x20,0x00,0x20,0x00,0x20,0x00,
    0x20,0x00,0x20,0x00,0x20,0x00,0x20,0x00,0x20,0x00,0x20,0x00,0x20,0x00,0x20,0x00,0x20,0x00,0x41,0x08,0x62,0x08,0x61,0x08,
    0x20,0x00,0x20,0x00,0x20,0x00,0x20,0x00,0x20,0x00,0x20,0x00,0x20,0x00,0x20,0x00,0x20,0x00,0x20,0x00,0x20,0x00,0x20,0x00,
    0x20,0x00,0x20,0x00,0x20,0x00,0x20,0x00,0x41,0x08,0x62,0x08,0x61,0x08,0x20,0x00,0x20,0x00,0x20,0x00,0x20,0x00,0x20,0x00,
    0x20,0x00,0x20,0x00,0x20,0x00,0x20,0x00,0x20,0x00,0x20,0x00,0x20,0x00,0x20,0x00,0x20,0x00,0x20,0x00,0x20,0x00,0x41,0x08,
    0x62,0x08,0x61,0x08,0x20,0x00,0x20,0x00,0x20,0x00,0x20,0x00,0x20,0x00,0x20,0x00,0x20,0x00,0x20,0x00,0x20,0x00,0x20,0x00,
    0x20,0x00,0x20,0x00,0x20,0x00,0x20,0x00,0x20,0x00,0x20,0x00,0x20,0x00,0x61,0x08,0x62,0x08,0x41,0x08,0x20,0x00,0x20,0x00,
    0x20,0x00,0x20,0x00,0x20,0x00,0x20,0x00,0x20,0x00,0x20,0x00,0x20,0x00,0x20,0x00,0x20,0x00,0x20,0x00,0x20,0x00,0x20,0x00,
    0x20,0x00,0x20,0x00,0x61,0x08,0x62,0x08,0x41,0x08,0x20,0x00,0x20,0x00,0x20,0x00,0x20,0x00,0x20,0x00,0x20,0x00,0x20,0x00,
    0x20,0x00,0x20,0x00,0x20,0x00,0x20,0x00,0x20,0x00,0x20,0x00,0x20,0x00,0x20,0x00,0x20,0x00,0x61,0x08,0x62,0x08,0x41,0x08,
    0x20,0x00,0x20,0x00,0x20,0x00,0x20,0x00,0x20,0x00,0x20,0x00,0x20,0x00,0x20,0x00,0x20,0x00,0x20,0x00,0x20,0x00,0x20,0x00,
    0x20,0x00,0x20,0x00,0x20,0x00,0x20,0x00,0x61,0x08,0x62,0x08,0x41,0x08,0x20,0x00,0x20,0x00,0x20,0x00,0x20,0x00,0x20,0x00,
    0x20,0x00,0x20,0x00,0x20,0x00,0x20,0x00,0x20,0x00,0x20,0x00,0x20,0x00,0x20,0x00,0x20,0x00,0x20,0x00,0x20,0x00,0x61,0x08,
    0x62,0x08,0x41,0x08,0x20,0x00,0x20,0x00,0x20,0x00,0x20,0x00,0x20,0x00,0x20,0x00,0x20,0x00,0x20,0x00,0x20,0x00,0x20,0x00,
    0x20,0x00,0x20,0x00,0x20,0x00,0x20,0x00,0x20,0x00,0x20,0x00,0x61,0x08,0x62,0x08,0x41,0x08,0x20,0x00,0x20,0x00,0x20,0x00,
    0x20,0x00,0x20,0x00,0x20,0x00,0x20,0x00,0x20,0x00,0x20,0x00,0x20,0x00,0x20,0x00,0x20,0x00,0x20,0x00,0x20,0x00,0x20,0x00,
    0x20,0x00,0x41,0x08,0x82,0x08,0x41,0x08,0x20,0x00,0x20,0x00,0x20,0x00,0x20,0x00,0x20,0x00,0x20,0x00,0x20,0x00,0x20,0x00,
    0x20,0x00,0x20,0x00,0x20,0x00,0x20,0x00,0x61,0x08,0x82,0x08,0x61,0x08,0x20,0x00,0x20,0x00,0x20,0x00,0x20,0x00,0x20,0x00,
    0x20,0x00,0x20,0x00,0x20,0x00,0x20,0x00,0x20,0x00,0x20,0x00,0x20,0x00,0x20,0x00,0x20,0x00,0x20,0x00,0x20,0x00,0x61,0x08,
    0x82,0x08,0x61,0x08,0x20,0x00,0x20,0x00,0x20,0x00,0x20,0x00,0x20,0x00,0x20,0x00,0x20,0x00,0x20,0x00,0x20,0x00,0x20,0x00,
    0x20,0x00,0x20,0x00,0x20,0x00,0x20,0x00,0x20,0x00,0x20,0x00,0x61,0x08,0x82,0x08,0x61,0x08,0x20,0x00,0x20,0x00,0x20,0x00,
    0x20,0x00,0x20,0x00,0x20,0x00,0x20,0x00,0x20,0x00,0x20,0x00,0x20,0x00,0x20,0x00,0x20,0x00,0x20,0x00,0x20,0x00,0x20,0x00,
    0x20,0x00,0x41,0x08,0x82,0x08,0x62,0x08,0x20,0x00,0x20,0x00,0x20,0x00,0x20,0x00,0x20,0x00,0x20,0x00,0x20,0x00,0x20,0x00,
    0x20,0x00,0x20,0x00,0x20,0x00,0x20,0x00,0x20,0x00,0x20,0x00,0x20,0x00,0x20,0x00,0x41,0x08,0x82,0x08,0x62,0x08,0x20,0x00,
    0x20,0x00,0x20,0x00,0x20,0x00,0x20,0x00,0x20,0x00,0x20,0x00,0x20,0x00,0x20,0x00,0x20,0x00,0x20,0x00,0x20,0x00,0x20,0x00,
    0x20,0x00,0x20,0x00,0x20,0x00,0x41,0x08,0x82,0x08,0x62,0x08,0x20,0x00,0x20,0x00,0x20,0x00,0x20,0x00,0x20,0x00,0x20,0x00,
    0x20,0x00,0x20,0x00,0x20,0x00,0x20,0x00,0x20,0x00,0x20,0x00,0x20,0x00,0x20,0x00,0x20,0x00,0x20,0x00,0x41,0x08,0x82,0x08,
    0x62,0x08,0x20,0x00,0x20,0x00,0x20,0x00,0x20,0x00,0x20,0x00,0x20,0x00,0x20,0x00,0x20,0x00,0x20,0x00,0x20,0x00,0x20,0x00,
    0x20,0x00,0x20,0x00,0x20,0x00,0x20,0x00,0x20,0x00,0x41,0x08,0x82,0x08,0x62,0x08,0x20,0x00,0x20,0x00,0x20,0x00,0x20,0x00,
    0x20,0x00,0x20,0x00,0x20,0x00,0x20,0x00,0x20,0x00,0x20,0x00,0x20,0x00,0x20,0x00,0x20,0x00,0x20,0x00,0x20,0x00,0x20,0x00,
    0x41,0x08,0x82,0x08,0x62,0x08,0x20,0x00,0x20,0x00,0x20,0x00,0x20,0x00,0x20,0x00,0x20,0x00,0x20,0x00,0x20,0x00,0x20,0x00,
    0x20,0x00,0x20,0x00,0x20,0x00,0x20,0x00,0x20,0x00,0x20,0x00,0x20,0x00,0x41,0x08,0x82,0x08,0x62,0x08,0x20,0x00,0x20,0x00,
    0x20,0x00,0x20,0x00,0x20,0x00,0x20,0x00,0x20,0x00,0x20,0x00,0x20,0x00,0x20,0x00,0x20,0x00,0x20,0x00,0x20,0x00,0x20,0x00,
    0x20,0x00,0x20,0x00,0x20,0x00,0x62,0x08,0x82,0x08,0x41,0x08,0x20,0x00,0x20,0x00,0x20,0x00,0x20,0x00,0x20,0x00,0x20,0x00,
    0x20,0x00,0x20,0x00,0x20,0x00,0x20,0x00,0x20,0x00,0x20,0x00,0x20,0x00,0x20,0x00,0x20,0x00,0x20,0x00,0x62,0x08,0x82,0x08,
    0x41,0x08,0x20,0x00,0x20,0x00,0x20,0x00,0x20,0x00,0x20,0x00,0x20,0x00,0x20,0x00,0x20,0x00,0x20,0x00,0x20,0x00,0x20,0x00,
    0x20,0x00,0x20,0x00,0x20,0x00,0x20,0x00,0x20,0x00,0x62,0x08,0x82,0x08,0x41,0x08,0x20,0x00,0x20,0x00,0x20,0x00,0x20,0x00,
    0x20,0x00,0x20,0x00,0x20,0x00,0x20,0x00,0x20,0x00,0x20,0x00,0x20,0x00,0x20,0x00,0x20,0x00,0x20,0x00,0x20,0x00,0x20,0x00,
    0x62,0x08,0x82,0x08,0x41,0x08,0x20,0x00,0x20,0x00,0x20,0x00,0x20,0x00,0x20,0x00,0x20,0x00,0x20,0x00,0x20,0x00,0x20,0x00,
    0x20,0x00,0x20,0x00,0x20,0x00,0x20,0x00,0x20,0x00,0x20,0x00,0x20,0x00,0x62,0x08,0x82,0x08,0x41,0x08,0x20,0x00,0x20,0x00,
    0x20,0x00,0x20,0x00,0x20,0x00,0x20,0x00,0x20,0x00,0x20,0x00,0x20,0x00,0x20,0x00,0x20,0x00,0x20,0x00,0x20,0x00,0x20,0x00,
    0x20,0x00,0x20,0x00,0x62,0x08,0x82,0x08,0x41,0x08,0x20,0x00,0x20,0x00,0x20,0x00,0x20,0x00,0x20,0x00,0x20,0x00,0x20,0x00,
    0x20,0x00,0x20,0x00,0x20,0x00,0x20,0x00,0x20,0x00,0x20,0x00,0x20,0x00,0x20,0x00,0x20,0x00,0x61,0x08,0x82,0x08,0x61,0x08,
    0x20,0x00,0x20,0x00,0x20,0x00,0x20,0x00,0x20,0x00,0x20,0x00,0x20,0x00,0x20,0x00,0x20,0x00,0x20,0x00,0x20,0x00,0x20,0x00,
    0x61,0x08,0x82,0x10,0x61,0x08,0x20,0x00,0x20,0x00,0x20,0x00,0x20,0x00,0x20,0x00,0x20,0x00,0x20,0x00,0x20,0x00,0x20,0x00,
    0x20,0x00,0x20,0x00,0x20,0x00,0x20,0x00,0x20,0x00,0x20,0x00,0x20,0x00,0x61,0x08,0x82,0x10,0x61,0x08,0x20,0x00,0x20,0x00,
    0x20,0x00,0x20,0x00,0x20,0x00,0x20,0x00,0x20,0x00,0x20,0x00,0x20,0x00,0x20,0x00,0x20,0x00,0x20,0x00,0x20,0x00,0x20,0x00,
    0x20,0x00,0x20,0x00,0x61,0x08,0x82,0x10,0x61,0x08,0x20,0x00,0x20,0x00,0x20,0x00,0x20,0x00,0x20,0x00,0x20,0x00,0x20,0x00,
    0x20,0x00,0x20,0x00,0x20,0x00,0x20,0x00,0x20,0x00,0x20,0x00,0x20,0x00,0x20,0x00,0x20,0x00,0x41,0x08,0x82,0x08,0x62,0x08,
    0x20,0x00,0x20,0x00,0x20,0x00,0x20,0x00,0x20,0x00,0x20,0x00,0x20,0x00,0x20,0x00,0x20,0x00,0x20,0x00,0x20,0x00,0x20,0x00,
    0x20,0x00,0x20,0x00,0x20,0x00,0x20,0x00,0x41,0x08,0x82,0x08,0x62,0x08,0x20,0x00,0x20,0x00,0x20,0x00,0x20,0x00,0x20,0x00,
    0x20,0x00,0x20,0x00,0x20,0x00,0x20,0x00,0x20,0x00,0x20,0x00,0x20,0x00,0x20,0x00,0x20,0x00,0x20,0x00,0x20,0x00,0x41,0x08,
    0x82,0x08,0x62,0x08,0x20,0x00,0x20,0x00,0x20,0x00,0x20,0x00,0x20,0x00,0x20,0x00,0x20,0x00,0x20,0x00,0x20,0x00,0x20,0x00,
    0x20,0x00,0x20,0x00,0x20,0x00,0x20,0x00,0x20,0x00,0x20,0x00,0x41,0x08,0x82,0x08,0x62,0x08,0x20,0x00,0x20,0x00,0x20,0x00,
    0x20,0x00,0x20,0x00,0x20,0x00,0x20,0x00,0x20,0x00,0x20,0x00,0x20,0x00,0x20,0x00,0x20,0x00,0x20,0x00,0x20,0x00,0x20,0x00,
    0x20,0x00,0x41,0x08,0x82,0x08,0x62,0x08,0x20,0x00,0x20,0x00,0x20,0x00,0x20,0x00,0x20,0x00,0x20,0x00,0x20,0x00,0x20,0x00,
    0x20,0x00,0x20,0x00,0x20,0x00,0x20,0x00,0x20,0x00,0x20,0x00,0x20,0x00,0x20,0x00,0x41,0x08,0x82,0x08,0x62,0x08,0x20,0x00,
    0x20,0x00,0x20,0x00,0x20,0x00,0x20,0x00,0x20,0x00,0x20,0x00,0x20,0x00,0x20,0x00,0x20,0x00,0x20,0x00,0x20,0x00,0x20,0x00,
    0x20,0x00,0x20,0x00,0x20,0x00,0x41,0x08,0x82,0x08,0x62,0x08,0x20,0x00,0x20,0x00,0x20,0x00,0x20,0x00,0x20,0x00,0x20,0x00,
    0x20,0x00,0x20,0x00,0x20,0x00,0x20,0x00,0x20,0x00,0x20,0x00,0x20,0x00,0x20,0x00,0x20,0x00,0x20,0x00,0x20,0x00,0x62,0x08,
    0x82,0x08,0x41,0x08,0x20,0x00,0x20,0x00,0x20,0x00,0x20,0x00,0x20,0x00,0x20,0x00,0x20,0x00,0x20,0x00,0x20,0x00,0x20,0x00,
    0x20,0x00,0x20,0x00,0x20,0x00,0x20,0x00,0x20,0x00,0x20,0x00,0x62,0x08,0x82,0x08,0x41,0x08,0x20,0x00,0x20,0x00,0x20,0x00,
    0x20,0x00,0x20,0x00,0x20,0x00,0x20,0x00,0x20,0x00,0x20,0x00,0x20,0x00,0x20,0x00,0x20,0x00,0x20,0x00,0x20,0x00,0x20,0x00,
    0x20,0x00,0x62,0x08,0x82,0x08,0x41,0x08,0x20,0x00,0x20,0x00,0x20,0x00,0x20,0x00,0x20,0x00,0x20,0x00,0x20,0x00,0x20,0x00,
    0x20,0x00,0x20,0x00,0x20,0x00,0x20,0x00,0x20,0x00,0x20,0x00,0x20,0x00,0x20,0x00,0x62,0x08,0x82,0x08,0x41,0x08,0x20,0x00,
    0x20,0x00,0x20,0x00,0x20,0x00,0x20,0x00,0x20,0x00,0x20,0x00,0x20,0x00,0x20,0x00,0x20,0x00,0x20,0x00,0x20,0x00,0x20,0x00,
    0x20,0x00,0x20,0x00,0x20,0x00,0x62,0x08,0x82,0x08,0x41,0x08,0x20,0x00,0x20,0x00,0x20,0x00,0x20,0x00,0x20,0x00,0x20,0x00,
    0x20,0x00,0x20,0x00,0x20,0x00,0x20,0x00,0x20,0x00,0x20,0x00,0x20,0x00,0x20,0x00,0x20,0x00,0x20,0x00,0x62,0x08,0x82,0x08,
    0x41,0x08,0x20,0x00,0x20,0x00,0x20,0x00,0x20,0x00,0x20,0x00,0x20,0x00,0x20,0x00,0x20,0x00,0x20,0x00,0x20,0x00,0x20,0x00,
    0x20,0x00,0x20,0x00,0x20,0x00,0x20,0x00,0x20,0x00,0x61,0x08,0x82,0x10,0x61,0x08,0x20,0x00,0x20,0x00,0x20,0x00,0x20,0x00,
    0x20,0x00,0x20,0x00,0x20,0x00,0x20,0x00,0x20,0x00,0x20,0x00,0x20,0x00,0x20,0x00,0x61,0x08,0x82,0x10,0x61,0x08,0x20,0x00,
    0x20,0x00,0x20,0x00,0x20,0x00,0x20,0x00,0x20,0x00,0x20,0x00,0x20,0x00,0x20,0x00,0x20,0x00,0x20,0x00,0x20,0x00,0x20,0x00,
    0x20,0x00,0x20,0x00,0x20,0x00,0x61,0x08,0x82,0x10,0x61,0x08,0x20,0x00,0x20,0x00,0x20,0x00,0x20,0x00,0x20,0x00,0x20,0x00,
    0x20,0x00,0x20,0x00,0x20,0x00,0x20,0x00,0x20,0x00,0x20,0x00,0x20,0x00,0x20,0x00,0x20,0x00,0x20,0x00,0x61,0x08,0x82,0x10,
    0x61,0x08,0x20,0x00,0x20,0x00,0x20,0x00,0x20,0x00,0x20,0x00,0x20,0x00,0x20,0x00,0x20,0x00,0x20,0x00,0x20,0x00,0x20,0x00,
    0x20,0x00,0x20,0x00,0x20,0x00,0x20,0x00,0x20,0x00,0x41,0x08,0x82,0x10,0x62,0x08,0x20,0x00,0x20,0x00,0x20,0x00,0x20,0x00,
    0x20,0x00,0x20,0x00,0x20,0x00,0x20,0x00,0x20,0x00,0x20,0x00,0x20,0x00,0x20,0x00,0x20,0x00,0x20,0x00,0x20,0x00,0x20,0x00,
    0x41,0x08,0x82,0x10,0x62,0x08,0x20,0x00,0x20,0x00,0x20,0x00,0x20,0x00,0x20,0x00,0x20,0x00,0x20,0x00,0x20,0x00,0x20,0x00,
    0x20,0x00,0x20,0x00,0x20,0x00,0x20,0x00,0x20,0x00,0x20,0x00,0x20,0x00,0x41,0x08,0x82,0x10,0x62,0x08,0x20,0x00,0x20,0x00,
    0x20,0x00,0x20,0x00,0x20,0x00,0x20,0x00,0x20,0x00,0x20,0x00,0x20,0x00,0x20,0x00,0x20,0x00,0x20,0x00,0x20,0x00,0x20,0x00,
    0x20,0x00,0x20,0x00,0x41,0x08,0x82,0x10,0x62,0x08,0x20,0x00,0x20,0x00,0x20,0x00,0x20,0x00,0x20,0x00,0x20,0x00,0x20,0x00,
    0x20,0x00,0x20,0x00,0x20,0x00,0x20,0x00,0x20,0x00,0x20,0x00,0x20,0x00,0x20,0x00,0x20,0x00,0x41,0x08,0x82,0x10,0x62,0x08,
    0x20,0x00,0x20,0x00,0x20,0x00,0x20,0x00,0x20,0x00,0x20,0x00,0x20,0x00,0x20,0x00,0x20,0x00,0x20,0x00,0x20,0x00,0x20,0x00,
    0x20,0x00,0x20,0x00,0x20,0x00,0x20,0x00,0x41,0x08,0x82,0x10,0x62,0x08,0x20,0x00,0x20,0x00,0x20,0x00,0x20,0x00,0x20,0x00,
    0x20,0x00,0x20,0x00,0x20,0x00,0x20,0x00,0x20,0x00,0x20,0x00,0x20,0x00,0x20,0x00,0x20,0x00,0x20,0x00,0x20,0x00,0x41,0x08,
    0x82,0x10,0x62,0x08,0x20,0x00,0x20,0x00,0x20,0x00,0x20,0x00,0x20,0x00,0x20,0x00,0x20,0x00,0x20,0x00,0x20,0x00,0x20,0x00,
    0x20,0x00,0x20,0x00,0x20,0x00,0x20,0x00,0x20,0x00,0x20,0x00,0x20,0x00,0x62,0x08,0x82,0x10,0x41,0x08,0x20,0x00,0x20,0x00,
    0x20,0x00,0x20,0x00,0x20,0x00,0x20,0x00,0x20,0x00,0x20,0x00,0x20,0x00,0x20,0x00,0x20,0x00,0x20,0x00,0x20,0x00,0x20,0x00,
    0x20,0x00,0x20,0x00,0x62,0x08,0x82,0x10,0x41,0x08,0x20,0x00,0x20,0x00,0x20,0x00,0x20,0x00,0x20,0x00,0x20,0x00,0x20,0x00,
    0x20,0x00,0x20,0x00,0x20,0x00,0x20,0x00,0x20,0x00,0x20,0x00,0x20,0x00,0x20,0x00,0x20,0x00,0x62,0x08,0x82,0x10,0x41,0x08,
    0x20,0x00,0x20,0x00,0x20,0x00,0x20,0x00,0x20,0x00,0x20,0x00,0x20,0x00,0x20,0x00,0x20,0x00,0x20,0x00,0x20,0x00,0x20,0x00,
    0x20,0x00,0x20,0x00,0x20,0x00,0x20,0x00,0x62,0x08,0x82,0x10,0x41,0x08,0x20,0x00,0x20,0x00,0x20,0x00,0x20,0x00,0x20,0x00,
    0x20,0x00,0x20,0x00,0x20,0x00,0x20,0x00,0x20,0x00,0x20,0x00,0x20,0x00,0x20,0x00,0x20,0x00,0x20,0x00,0x20,0x00,0x62,0x08,
    0x82,0x10,0x41,0x08,0x20,0x00,0x20,0x00,0x20,0x00,0x20,0x00,0x20,0x00,0x20,0x00,0x20,0x00,0x20,0x00,0x20,0x00,0x20,0x00,
    0x20,0x00,0x20,0x00,0x20,0x00,0x20,0x00,0x20,0x00,0x20,0x00,0x62,0x08,0x82,0x10,0x41,0x08,0x20,0x00,0x20,0x00,0x20,0x00,
    0x20,0x00,0x20,0x00,0x20,0x00,0x20,0x00,0x20,0x00,0x20,0x00,0x20,0x00,0x20,0x00,0x20,0x00,0x20,0x00,0x20,0x00,0x20,0x00,
    0x20,0x00,0x61,0x08,0x82,0x10,0x61,0x08,0x20,0x00,0x20,0x00,0x20,0x00,0x20,0x00,0x20,0x00,0x20,0x00,0x20,0x00,0x20,0x00,
    0x20,0x00,0x20,0x00,0x20,0x00,0x20,0x00,0x61,0x08,0x82,0x10,0x61,0x08,0x20,0x00,0x20,0x00,0x20,0x00,0x20,0x00,0x20,0x00,
    0x20,0x00,0x20,0x00,0x20,0x00,0x20,0x00,0x20,0x00,0x20,0x00,0x20,0x00,0x20,0x00,0x20,0x00,0x20,0x00,0x20,0x00,0x61,0x08,
    0x82,0x10,0x61,0x08,0x20,0x00,0x20,0x00,0x20,0x00,0x20,0x00,0x20,0x00,0x20,0x00,0x20,0x00,0x20,0x00,0x20,0x00,0x20,0x00,
    0x20,0x00,0x20,0x00,0x20,0x00,0x20,0x00,0x20,0x00,0x20,0x00,0x61,0x08,0x82,0x10,0x61,0x08,0x20,0x00,0x20,0x00,0x20,0x00,
    0x20,0x00,0x20,0x00,0x20,0x00,0x20,0x00,0x20,0x00,0x20,0x00,0x20,0x00,0x20,0x00,0x20,0x00,0x20,0x00,0x20,0x00,0x20,0x00,
    0x20,0x00,0x41,0x08,0x82,0x10,0x82,0x08,0x21,0x00,0x20,0x00,0x20,0x00,0x20,0x00,0x20,0x00,0x20,0x00,0x20,0x00,0x20,0x00,
    0x20,0x00,0x20,0x00,0x20,0x00,0x20,0x00,0x20,0x00,0x20,0x00,0x20,0x00,0x20,0x00,0x41,0x08,0x82,0x10,0x82,0x08,0x21,0x00,
    0x20,0x00,0x20,0x00,0x20,0x00,0x20,0x00,0x20,0x00,0x20,0x00,0x20,0x00,0x20,0x00,0x20,0x00,0x20,0x00,0x20,0x00,0x20,0x00,
    0x20,0x00,0x20,0x00,0x20,0x00,0x41,0x08,0x82,0x10,0x82,0x08,0x21,0x00,0x20,0x00,0x20,0x00,0x20,0x00,0x20,0x00,0x20,0x00,
    0x20,0x00,0x20,0x00,0x20,0x00,0x20,0x00,0x20,0x00,0x20,0x00,0x20,0x00,0x20,0x00,0x20,0x00,0x20,0x00,0x41,0x08,0x82,0x10,
    0x82,0x08,0x21,0x00,0x20,0x00,0x20,0x00,0x20,0x00,0x20,0x00,0x20,0x00,0x20,0x00,0x20,0x00,0x20,0x00,0x20,0x00,0x20,0x00,
    0x20,0x00,0x20,0x00,0x20,0x00,0x20,0x00,0x20,0x00,0x41,0x08,0x82,0x10,0x82,0x08,0x21,0x00,0x20,0x00,0x20,0x00,0x20,0x00,
    0x20,0x00,0x20,0x00,0x20,0x00,0x20,0x00,0x20,0x00,0x20,0x00,0x20,0x00,0x20,0x00,0x20,0x00,0x20,0x00,0x20,0x00,0x20,0x00,
    0x41,0x08,0x82,0x10,0x82,0x08,0x21,0x00,0x20,0x00,0x20,0x00,0x20,0x00,0x20,0x00,0x20,0x00,0x20,0x00,0x20,0x00,0x20,0x00,
    0x20,0x00,0x20,0x00,0x20,0x00,0x20,0x00,0x20,0x00,0x20,0x00,0x20,0x00,0x41,0x08,0x82,0x10,0x82,0x08,0x21,0x00,0x20,0x00,
    0x20,0x00,0x20,0x00,0x20,0x00,0x20,0x00,0x20,0x00,0x20,0x00,0x20,0x00,0x20,0x00,0x20,0x00,0x20,0x00,0x20,0x00,0x20,0x00,
    0x20,0x00,0x20,0x00,0x21,0x00,0x82,0x08,0x82,0x10,0x41,0x08,0x20,0x00,0x20,0x00,0x20,0x00,0x20,0x00,0x20,0x00,0x20,0x00,
    0x20,0x00,0x20,0x00,0x20,0x00,0x20,0x00,0x20,0x00,0x20,0x00,0x20,0x00,0x20,0x00,0x20,0x00,0x21,0x00,0x82,0x08,0x82,0x10,
    0x41,0x08,0x20,0x00,0x20,0x00,0x20,0x00,0x20,0x00,0x20,0x00,0x20,0x00,0x20,0x00,0x20,0x00,0x20,0x00,0x20,0x00,0x20,0x00,
    0x20,0x00,0x20,0x00,0x20,0x00,0x20,0x00,0x21,0x00,0x82,0x08,0x82,0x10,0x41,0x08,0x20,0x00,0x20,0x00,0x20,0x00,0x20,0x00,
    0x20,0x00,0x20,0x00,0x20,0x00,0x20,0x00,0x20,0x00,0x20,0x00,0x20,0x00,0x20,0x00,0x20,0x00,0x20,0x00,0x20,0x00,0x21,0x00,
    0x82,0x08,0x82,0x10,0x41,0x08,0x20,0x00,0x20,0x00,0x20,0x00,0x20,0x00,0x20,0x00,0x20,0x00,0x20,0x00,0x20,0x00,0x20,0x00,
    0x20,0x00,0x20,0x00,0x20,0x00,0x20,0x00,0x20,0x00,0x20,0x00,0x21,0x00,0x82,0x08,0x82,0x10,0x41,0x08,0x20,0x00,0x20,0x00,
    0x20,0x00,0x20,0x00,0x20,0x00,0x20,0x00,0x20,0x00,0x20,0x00,0x20,0x00,0x20,0x00,0x20,0x00,0x20,0x00,0x20,0x00,0x20,0x00,
    0x20,0x00,0x21,0x00,0x82,0x08,0x82,0x10,0x41,0x08,0x20,0x00,0x20,0x00,0x20,0x00,0x20,0x00,0x20,0x00,0x20,0x00,0x20,0x00,
    0x20,0x00,0x20,0x00,0x20,0x00,0x20,0x00,0x20,0x00,0x20,0x00,0x20,0x00,0x20,0x00,0x20,0x00,0x61,0x08,0x82,0x10,0x61,0x08,
    0x20,0x00,0x20,0x00,0x20,0x00,0x20,0x00,0x20,0x00,0x20,0x00,0x20,0x00,0x20,0x00,0x20,0x00,0x20,0x00,0x41,0x08,0x62,0x08,
    0x82,0x10,0x82,0x10,0x82,0x10,0x62,0x08,0x41,0x08,0x20,0x00,0x20,0x00,0x20,0x00,0x20,0x00,0x20,0x00,0x20,0x00,0x20,0x00,
    0x20,0x00,0x20,0x00,0x20,0x00,0x20,0x00,0x20,0x00,0x41,0x08,0x62,0x08,0x82,0x10,0x82,0x10,0x82,0x10,0x62,0x08,0x41,0x08,
    0x20,0x00,0x20,0x00,0x20,0x00,0x20,0x00,0x20,0x00,0x20,0x00,0x20,0x00,0x20,0x00,0x20,0x00,0x20,0x00,0x20,0x00,0x20,0x00,
    0x41,0x08,0x62,0x08,0x82,0x10,0x82,0x10,0x82,0x10,0x62,0x08,0x41,0x08,0x20,0x00,0x20,0x00,0x20,0x00,0x20,0x00,0x20,0x00,
    0x20,0x00,0x20,0x00,0x20,0x00,0x20,0x00,0x20,0x00,0x20,0x00,0x20,0x00,0x21,0x00,0x61,0x08,0x82,0x10,0x82,0x10,0x82,0x10,
    0x82,0x08,0x41,0x08,0x20,0x00,0x20,0x00,0x20,0x00,0x20,0x00,0x20,0x00,0x20,0x00,0x20,0x00,0x20,0x00,0x20,0x00,0x20,0x00,
    0x20,0x00,0x20,0x00,0x21,0x00,0x61,0x08,0x82,0x10,0x82,0x10,0x82,0x10,0x82,0x08,0x41,0x08,0x20,0x00,0x20,0x00,0x20,0x00,
    0x20,0x00,0x20,0x00,0x20,0x00,0x20,0x00,0x20,0x00,0x20,0x00,0x20,0x00,0x20,0x00,0x20,0x00,0x21,0x00,0x61,0x08,0x82,0x10,
    0x82,0x10,0x82,0x10,0x82,0x08,0x41,0x08,0x20,0x00,0x20,0x00,0x20,0x00,0x20,0x00,0x20,0x00,0x20,0x00,0x20,0x00,0x20,0x00,
    0x20,0x00,0x20,0x00,0x20,0x00,0x20,0x00,0x21,0x00,0x61,0x08,0x82,0x10,0x82,0x10,0x82,0x10,0x82,0x08,0x41,0x08,0x20,0x00,
    0x20,0x00,0x20,0x00,0x20,0x00,0x20,0x00,0x20,0x00,0x20,0x00,0x20,0x00,0x20,0x00,0x20,0x00,0x20,0x00,0x20,0x00,0x21,0x00,
    0x61,0x08,0x82,0x10,0x82,0x10,0x82,0x10,0x82,0x08,0x41,0x08,0x20,0x00,0x20,0x00,0x20,0x00,0x20,0x00,0x20,0x00,0x20,0x00,
    0x20,0x00,0x20,0x00,0x20,0x00,0x20,0x00,0x20,0x00,0x20,0x00,0x21,0x00,0x61,0x08,0x82,0x10,0x82,0x10,0x82,0x10,0x82,0x08,
    0x41,0x08,0x20,0x00,0x20,0x00,0x20,0x00,0x20,0x00,0x20,0x00,0x20,0x00,0x20,0x00,0x20,0x00,0x20,0x00,0x20,0x00,0x20,0x00,
    0x20,0x00,0x21,0x00,0x61,0x08,0x82,0x10,0x82,0x10,0x82,0x10,0x82,0x08,0x41,0x08,0x20,0x00,0x20,0x00,0x20,0x00,0x20,0x00,
    0x20,0x00,0x20,0x00,0x20,0x00,0x20,0x00,0x20,0x00,0x20,0x00,0x20,0x00,0x20,0x00,0x20,0x00,0x41,0x08,0x82,0x08,0x82,0x10,
    0x82,0x10,0x82,0x10,0x61,0x08,0x21,0x00,0x20,0x00,0x20,0x00,0x20,0x00,0x20,0x00,0x20,0x00,0x20,0x00,0x20,0x00,0x20,0x00,
    0x20,0x00,0x20,0x00,0x20,0x00,0x20,0x00,0x41,0x08,0x82,0x08,0x82,0x10,0x82,0x10,0x82,0x10,0x61,0x08,0x21,0x00,0x20,0x00,
    0x20,0x00,0x20,0x00,0x20,0x00,0x20,0x00,0x20,0x00,0x20,0x00,0x20,0x00,0x20,0x00,0x20,0x00,0x20,0x00,0x20,0x00,0x41,0x08,
    0x82,0x08,0x82,0x10,0x82,0x10,0x82,0x10,0x61,0x08,0x21,0x00,0x20,0x00,0x20,0x00,0x20,0x00,0x20,0x00,0x20,0x00,0x20,0x00,
    0x20,0x00,0x20,0x00,0x20,0x00,0x20,0x00,0x20,0x00,0x20,0x00,0x41,0x08,0x82,0x08,0x82,0x10,0x82,0x10,0x82,0x10,0x61,0x08,
    0x21,0x00,0x20,0x00,0x20,0x00,0x20,0x00,0x20,0x00,0x20,0x00,0x20,0x00,0x20,0x00,0x20,0x00,0x20,0x00,0x20,0x00,0x20,0x00,
    0x20,0x00,0x41,0x08,0x82,0x08,0x82,0x10,0x82,0x10,0x82,0x10,0x61,0x08,0x21,0x00,0x20,0x00,0x20,0x00,0x20,0x00,0x20,0x00,
    0x20,0x00,0x20,0x00,0x20,0x00,0x20,0x00,0x20,0x00,0x20,0x00,0x20,0x00,0x20,0x00,0x41,0x08,0x82,0x08,0x82,0x10,0x82,0x10,
    0x82,0x10,0x61,0x08,0x21,0x00,0x20,0x00,0x20,0x00,0x20,0x00,0x20,0x00,0x20,0x00,0x20,0x00,0x20,0x00,0x20,0x00,0x20,0x00,
    0x20,0x00,0x20,0x00,0x20,0x00,0x41,0x08,0x62,0x08,0x82,0x10,0x82,0x08,0x82,0x08,0x61,0x08,0x41,0x00,0x20,0x00,0x20,0x00,
    0x20,0x00,0x20,0x00,0x20,0x00,0x20,0x00,0x20,0x00,0x61,0x08,0x82,0x10,0x82,0x10,0x82,0x10,0x82,0x10,0x82,0x10,0x82,0x10,
    0x82,0x10,0x61,0x08,0x21,0x00,0x20,0x00,0x20,0x00,0x20,0x00,0x20,0x00,0x20,0x00,0x20,0x00,0x20,0x00,0x20,0x00,0x21,0x00,
    0x61,0x08,0x82,0x10,0x82,0x10,0x82,0x10,0x82,0x10,0x82,0x10,0x82,0x10,0x82,0x10,0x61,0x08,0x21,0x00,0x20,0x00,0x20,0x00,
    0x20,0x00,0x20,0x00,0x20,0x00,0x20,0x00,0x20,0x00,0x20,0x00,0x21,0x00,0x61,0x08,0x82,0x10,0x82,0x10,0x82,0x10,0x82,0x10,
    0x82,0x10,0x82,0x10,0x82,0x10,0x61,0x08,0x21,0x00,0x20,0x00,0x20,0x00,0x20,0x00,0x20,0x00,0x20,0x00,0x20,0x00,0x20,0x00,
    0x20,0x00,0x20,0x00,0x41,0x08,0x82,0x10,0x82,0x10,0x82,0x10,0x82,0x10,0x82,0x10,0x82,0x10,0x82,0x10,0x62,0x08,0x41,0x08,
    0x20,0x00,0x20,0x00,0x20,0x00,0x20,0x00,0x20,0x00,0x20,0x00,0x20,0x00,0x20,0x00,0x20,0x00,0x41,0x08,0x82,0x10,0x82,0x10,
    0x82,0x10,0x82,0x10,0x82,0x10,0x82,0x10,0x82,0x10,0x62,0x08,0x41,0x08,0x20,0x00,0x20,0x00,0x20,0x00,0x20,0x00,0x20,0x00,
    0x20,0x00,0x20,0x00,0x20,0x00,0x20,0x00,0x41,0x08,0x82,0x10,0x82,0x10,0x82,0x10,0x82,0x10,0x82,0x10,0x82,0x10,0x82,0x10,
    0x62,0x08,0x41,0x08,0x20,0x00,0x20,0x00,0x20,0x00,0x20,0x00,0x20,0x00,0x20,0x00,0x20,0x00,0x20,0x00,0x20,0x00,0x41,0x08,
    0x82,0x10,0x82,0x10,0x82,0x10,0x82,0x10,0x82,0x10,0x82,0x10,0x82,0x10,0x82,0x08,0x41,0x08,0x20,0x00,0x20,0x00,0x20,0x00,
    0x20,0x00,0x20,0x00,0x20,0x00,0x20,0x00,0x20,0x00,0x20,0x00,0x41,0x08,0x82,0x08,0x82,0x10,0x82,0x10,0x82,0x10,0x82,0x10,
    0x82,0x10,0x82,0x10,0x82,0x08,0x41,0x08,0x20,0x00,0x20,0x00,0x20,0x00,0x20,0x00,0x20,0x00,0x20,0x00,0x20,0x00,0x20,0x00,
    0x20,0x00,0x41,0x08,0x82,0x08,0x82,0x10,0x82,0x10,0x82,0x10,0x82,0x10,0x82,0x10,0x82,0x10,0x82,0x08,0x41,0x08,0x20,0x00,
    0x20,0x00,0x20,0x00,0x20,0x00,0x20,0x00,0x20,0x00,0x20,0x00,0x20,0x00,0x20,0x00,0x41,0x08,0x82,0x08,0x82,0x10,0x82,0x10,
    0x82,0x10,0x82,0x10,0x82,0x10,0x82,0x10,0x82,0x08,0x41,0x08,0x20,0x00,0x20,0x00,0x20,0x00,0x20,0x00,0x20,0x00,0x20,0x00,
    0x20,0x00,0x20,0x00,0x20,0x00,0x41,0x08,0x82,0x08,0x82,0x10,0x82,0x10,0x82,0x10,0x82,0x10,0x82,0x10,0x82,0x10,0x82,0x08,
    0x41,0x08,0x20,0x00,0x20,0x00,0x20,0x00,0x20,0x00,0x20,0x00,0x20,0x00,0x20,0x00,0x20,0x00,0x20,0x00,0x41,0x08,0x82,0x08,
    0x82,0x10,0x82,0x10,0x82,0x10,0x82,0x10,0x82,0x10,0x82,0x10,0x82,0x08,0x41,0x08,0x20,0x00,0x20,0x00,0x20,0x00,0x20,0x00,
    0x20,0x00,0x20,0x00,0x20,0x00,0x20,0x00,0x20,0x00,0x41,0x08,0x82,0x08,0x82,0x10,0x82,0x10,0x82,0x10,0x82,0x10,0x82,0x10,
    0x82,0x10,0x82,0x10,0x41,0x08,0x20,0x00,0x20,0x00,0x20,0x00,0x20,0x00,0x20,0x00,0x20,0x00,0x20,0x00,0x20,0x00,0x20,0x00,
    0x41,0x08,0x62,0x08,0x82,0x10,0x82,0x10,0x82,0x10,0x82,0x10,0x82,0x10,0x82,0x10,0x82,0x10,0x41,0x08,0x20,0x00,0x20,0x00,
    0x20,0x00,0x20,0x00,0x20,0x00,0x20,0x00,0x20,0x00,0x20,0x00,0x20,0x00,0x41,0x08,0x62,0x08,0x82,0x10,0x82,0x10,0x82,0x10,
    0x82,0x10,0x82,0x10,0x82,0x10,0x82,0x10,0x41,0x08,0x20,0x00,0x20,0x00,0x20,0x00,0x20,0x00,0x20,0x00,0x20,0x00,0x20,0x00,
    0x20,0x00,0x20,0x00,0x41,0x08,0x62,0x08,0x82,0x10,0x82,0x10,0x82,0x10,0x82,0x10,0x82,0x10,0x82,0x10,0x82,0x10,0x41,0x08,
    0x20,0x00,0x20,0x00,0x20,0x00,0x20,0x00,0x20,0x00,0x20,0x00,0x20,0x00,0x20,0x00,0x20,0x00,0x21,0x00,0x61,0x08,0x82,0x10,
    0x82,0x10,0x82,0x10,0x82,0x08,0x82,0x08,0x82,0x08,0x62,0x08,0x41,0x08,0x20,0x00,0x20,0x00,0x20,0x00,0x20,0x00,0x41,0x08,
    0x62,0x08,0x82,0x10,0x82,0x10,0x82,0x10,0x61,0x08,0x21,0x00,0x41,0x08,0x82,0x08,0x82,0x10,0x82,0x10,0x82,0x10,0x41,0x08,
    0x20,0x00,0x20,0x00,0x20,0x00,0x20,0x00,0x20,0x00,0x20,0x00,0x41,0x08,0x82,0x10,0x82,0x10,0x82,0x10,0x82,0x10,0x61,0x08,
    0x21,0x00,0x41,0x08,0x82,0x08,0x82,0x10,0x82,0x10,0x82,0x10,0x41,0x08,0x20,0x00,0x20,0x00,0x20,0x00,0x20,0x00,0x20,0x00,
    0x20,0x00,0x41,0x08,0x82,0x10,0x82,0x10,0x82,0x10,0x82,0x10,0x61,0x08,0x21,0x00,0x41,0x08,0x82,0x08,0x82,0x10,0x82,0x10,
    0x82,0x10,0x41,0x08,0x20,0x00,0x20,0x00,0x20,0x00,0x20,0x00,0x20,0x00,0x20,0x00,0x41,0x08,0x82,0x08,0x82,0x10,0x82,0x10,
    0x82,0x10,0x62,0x08,0x41,0x08,0x41,0x00,0x62,0x08,0x82,0x10,0x82,0x10,0x82,0x10,0x61,0x08,0x20,0x00,0x20,0x00,0x20,0x00,
    0x20,0x00,0x20,0x00,0x20,0x00,0x41,0x08,0x82,0x08,0x82,0x10,0x82,0x10,0x82,0x10,0x62,0x08,0x41,0x08,0x41,0x00,0x62,0x08,
    0x82,0x10,0x82,0x10,0x82,0x10,0x61,0x08,0x20,0x00,0x20,0x00,0x20,0x00,0x20,0x00,0x20,0x00,0x20,0x00,0x41,0x08,0x82,0x08,
    0x82,0x10,0x82,0x10,0x82,0x10,0x62,0x08,0x41,0x08,0x41,0x00,0x62,0x08,0x82,0x10,0x82,0x10,0x82,0x10,0x61,0x08,0x20,0x00,
    0x20,0x00,0x20,0x00,0x20,0x00,0x20,0x00,0x20,0x00,0x41,0x08,0x82,0x08,0x82,0x10,0x82,0x10,0x82,0x10,0x62,0x08,0x41,0x08,
    0x41,0x00,0x62,0x08,0x82,0x10,0x82,0x10,0x82,0x10,0x61,0x08,0x21,0x00,0x20,0x00,0x20,0x00,0x20,0x00,0x20,0x00,0x20,0x00,
    0x41,0x00,0x62,0x08,0x82,0x10,0x82,0x10,0x82,0x10,0x62,0x08,0x41,0x08,0x41,0x00,0x62,0x08,0x82,0x10,0x82,0x10,0x82,0x10,
    0x61,0x08,0x21,0x00,0x20,0x00,0x20,0x00,0x20,0x00,0x20,0x00,0x20,0x00,0x41,0x00,0x62,0x08,0x82,0x10,0x82,0x10,0x82,0x10,
    0x62,0x08,0x41,0x08,0x41,0x00,0x62,0x08,0x82,0x10,0x82,0x10,0x82,0x10,0x61,0x08,0x21,0x00,0x20,0x00,0x20,0x00,0x20,0x00,
    0x20,0x00,0x20,0x00,0x41,0x00,0x62,0x08,0x82,0x10,0x82,0x10,0x82,0x10,0x62,0x08,0x41,0x08,0x41,0x00,0x62,0x08,0x82,0x10,
    0x82,0x10,0x82,0x10,0x61,0x08,0x21,0x00,0x20,0x00,0x20,0x00,0x20,0x00,0x20,0x00,0x20,0x00,0x21,0x00,0x61,0x08,0x82,0x10,
    0x82,0x10,0x82,0x10,0x82,0x08,0x41,0x08,0x21,0x00,0x61,0x08,0x82,0x10,0x82,0x10,0x82,0x10,0x62,0x08,0x41,0x00,0x20,0x00,
    0x20,0x00,0x20,0x00,0x20,0x00,0x20,0x00,0x21,0x00,0x61,0x08,0x82,0x10,0x82,0x10,0x82,0x10,0x82,0x08,0x41,0x08,0x21,0x00,
    0x61,0x08,0x82,0x10,0x82,0x10,0x82,0x10,0x62,0x08,0x41,0x00,0x20,0x00,0x20,0x00,0x20,0x00,0x20,0x00,0x20,0x00,0x21,0x00,
    0x61,0x08,0x82,0x10,0x82,0x10,0x82,0x10,0x82,0x08,0x41,0x08,0x21,0x00,0x61,0x08,0x82,0x10,0x82,0x10,0x82,0x10,0x82,0x08,
    0x41,0x08,0x20,0x00,0x20,0x00,0x20,0x00,0x20,0x00,0x20,0x00,0x20,0x00,0x61,0x08,0x82,0x10,0x82,0x10,0x82,0x10,0x82,0x10,
    0x41,0x08,0x21,0x00,0x61,0x08,0x82,0x10,0x82,0x10,0x82,0x10,0x82,0x08,0x41,0x08,0x20,0x00,0x20,0x00,0x20,0x00,0x20,0x00,
    0x20,0x00,0x20,0x00,0x61,0x08,0x82,0x10,0x82,0x10,0x82,0x10,0x82,0x10,0x41,0x08,0x21,0x00,0x61,0x08,0x82,0x10,0x82,0x10,
    0x82,0x10,0x82,0x08,0x41,0x08,0x20,0x00,0x20,0x00,0x20,0x00,0x20,0x00,0x20,0x00,0x20,0x00,0x61,0x08,0x82,0x10,0x82,0x10,
    0x82,0x10,0x82,0x10,0x41,0x08,0x21,0x00,0x61,0x08,0x82,0x10,0x82,0x10,0x82,0x10,0x82,0x08,0x41,0x08,0x20,0x00,0x20,0x00,
    0x20,0x00,0x20,0x00,0x20,0x00,0x20,0x00,0x41,0x08,0x82,0x10,0x82,0x10,0x82,0x10,0x82,0x10,0x61,0x08,0x20,0x00,0x41,0x08,
    0x62,0x08,0x82,0x08,0x82,0x08,0x61,0x08,0x20,0x00,0x20,0x00,0x61,0x08,0x82,0x08,0x82,0x08,0x82,0x10,0x62,0x08,0x41,0x08,
    0x20,0x00,0x20,0x00,0x20,0x00,0x20,0x00,0x41,0x08,0x82,0x10,0x82,0x10,0x82,0x10,0x82,0x08,0x41,0x08,0x20,0x00,0x20,0x00,
    0x41,0x00,0x62,0x08,0x82,0x10,0x82,0x10,0x82,0x10,0x62,0x08,0x41,0x08,0x20,0x00,0x20,0x00,0x20,0x00,0x20,0x00,0x41,0x08,
    0x82,0x10,0x82,0x10,0x82,0x10,0x82,0x08,0x41,0x08,0x20,0x00,0x20,0x00,0x41,0x00,0x62,0x08,0x82,0x10,0x82,0x10,0x82,0x10,
    0x62,0x08,0x41,0x08,0x20,0x00,0x20,0x00,0x20,0x00,0x20,0x00,0x41,0x08,0x82,0x10,0x82,0x10,0x82,0x10,0x82,0x08,0x41,0x08,
    0x20,0x00,0x20,0x00,0x21,0x00,0x62,0x08,0x82,0x10,0x82,0x10,0x82,0x10,0x82,0x10,0x41,0x08,0x20,0x00,0x20,0x00,0x20,0x00,
    0x20,0x00,0x41,0x08,0x82,0x08,0x82,0x10,0x82,0x10,0x82,0x10,0x41,0x08,0x20,0x00,0x20,0x00,0x21,0x00,0x62,0x08,0x82,0x10,
    0x82,0x10,0x82,0x10,0x82,0x10,0x41,0x08,0x20,0x00,0x20,0x00,0x20,0x00,0x20,0x00,0x41,0x08,0x82,0x08,0x82,0x10,0x82,0x10,
    0x82,0x10,0x41,0x08,0x20,0x00,0x20,0x00,0x21,0x00,0x62,0x08,0x82,0x10,0x82,0x10,0x82,0x10,0x82,0x10,0x41,0x08,0x20,0x00,
    0x20,0x00,0x20,0x00,0x20,0x00,0x41,0x08,0x82,0x08,0x82,0x10,0x82,0x10,0x82,0x10,0x41,0x08,0x20,0x00,0x20,0x00,0x21,0x00,
    0x62,0x08,0x82,0x10,0x82,0x10,0x82,0x10,0x82,0x10,0x41,0x08,0x20,0x00,0x20,0x00,0x20,0x00,0x20,0x00,0x41,0x08,0x62,0x08,
    0x82,0x10,0x82,0x10,0x82,0x10,0x41,0x08,0x20,0x00,0x20,0x00,0x20,0x00,0x61,0x08,0x82,0x10,0x82,0x10,0x82,0x10,0x82,0x10,
    0x41,0x08,0x20,0x00,0x20,0x00,0x20,0x00,0x20,0x00,0x41,0x08,0x62,0x08,0x82,0x10,0x82,0x10,0x82,0x10,0x41,0x08,0x20,0x00,
    0x20,0x00,0x20,0x00,0x61,0x08,0x82,0x10,0x82,0x10,0x82,0x10,0x82,0x10,0x41,0x08,0x20,0x00,0x20,0x00,0x20,0x00,0x20,0x00,
    0x41,0x08,0x62,0x08,0x82,0x10,0x82,0x10,0x82,0x10,0x41,0x08,0x20,0x00,0x20,0x00,0x20,0x00,0x61,0x08,0x82,0x10,0x82,0x10,
    0x82,0x10,0x82,0x10,0x41,0x08,0x20,0x00,0x20,0x00,0x20,0x00,0x20,0x00,0x41,0x08,0x62,0x08,0x82,0x10,0x82,0x10,0x82,0x10,
    0x41,0x08,0x20,0x00,0x20,0x00,0x20,0x00,0x41,0x08,0x82,0x10,0x82,0x10,0x82,0x10,0x82,0x10,0x61,0x08,0x20,0x00,0x20,0x00,
    0x20,0x00,0x20,0x00,0x21,0x00,0x62,0x08,0x82,0x10,0xA2,0x10,0x82,0x10,0x61,0x08,0x20,0x00,0x20,0x00,0x20,0x00,0x41,0x08,
    0x82,0x10,0x82,0x10,0x82,0x10,0x82,0x10,0x61,0x08,0x20,0x00,0x20,0x00,0x20,0x00,0x20,0x00,0x21,0x00,0x62,0x08,0x82,0x10,
    0xA2,0x10,0x82,0x10,0x61,0x08,0x20,0x00,0x20,0x00,0x20,0x00,0x41,0x08,0x82,0x10,0x82,0x10,0x82,0x10,0x82,0x10,0x61,0x08,
    0x20,0x00,0x20,0x00,0x20,0x00,0x20,0x00,0x21,0x00,0x61,0x08,0x82,0x10,0x82,0x10,0x82,0x10,0x61,0x08,0x21,0x00,0x20,0x00,
    0x20,0x00,0x41,0x08,0x82,0x10,0x82,0x10,0x82,0x10,0x82,0x10,0x61,0x08,0x21,0x00,0x20,0x00,0x20,0x00,0x20,0x00,0x21,0x00,
    0x61,0x08,0x82,0x10,0x82,0x10,0x82,0x10,0x61,0x08,0x21,0x00,0x20,0x00,0x20,0x00,0x41,0x08,0x82,0x10,0x82,0x10,0x82,0x10,
    0x82,0x10,0x61,0x08,0x21,0x00,0x20,0x00,0x20,0x00,0x20,0x00,0x21,0x00,0x61,0x08,0x82,0x10,0x82,0x10,0x82,0x10,0x61,0x08,
    0x21,0x00,0x20,0x00,0x20,0x00,0x41,0x08,0x82,0x10,0x82,0x10,0x82,0x10,0x82,0x10,0x61,0x08,0x21,0x00,0x20,0x00,0x20,0x00,
    0x20,0x00,0x21,0x00,0x61,0x08,0x82,0x10,0x82,0x10,0x82,0x10,0x61,0x08,0x21,0x00,0x20,0x00,0x20,0x00,0x41,0x08,0x82,0x08,
    0x82,0x10,0x82,0x10,0x82,0x10,0x62,0x08,0x21,0x00,0x20,0x00,0x20,0x00,0x20,0x00,0x20,0x00,0x41,0x08,0x62,0x08,0x82,0x08,
    0x41,0x08,0x62,0x08,0x82,0x08,0x82,0x08,0x82,0x08,0x41,0x08,0x20,0x00,0x20,0x00,0x20,0x00,0x20,0x00,0x20,0x00,0x20,0x00,
    0x20,0x00,0x20,0x00,0x61,0x08,0x82,0x10,0xA2,0x10,0xA2,0x10,0x62,0x08,0x61,0x08,0x82,0x10,0x82,0x10,0x82,0x10,0x82,0x10,
    0x61,0x08,0x20,0x00,0x20,0x00,0x20,0x00,0x20,0x00,0x20,0x00,0x20,0x00,0x20,0x00,0x20,0x00,0x61,0x08,0x82,0x10,0xA2,0x10,
    0xA2,0x10,0x62,0x08,0x61,0x08,0x82,0x10,0x82,0x10,0x82,0x10,0x82,0x10,0x61,0x08,0x20,0x00,0x20,0x00,0x20,0x00,0x20,0x00,
    0x20,0x00,0x20,0x00,0x20,0x00,0x20,0x00,0x61,0x08,0x82,0x10,0xA2,0x10,0xA2,0x10,0x62,0x08,0x61,0x08,0x82,0x10,0x82,0x10,
    0x82,0x10,0x82,0x10,0x61,0x08,0x20,0x00,0x20,0x00,0x20,0x00,0x20,0x00,0x20,0x00,0x20,0x00,0x20,0x00,0x20,0x00,0x41,0x08,
    0x82,0x10,0xA2,0x10,0xA2,0x10,0x62,0x08,0x61,0x08,0x82,0x10,0x82,0x10,0x82,0x10,0x82,0x10,0x61,0x08,0x20,0x00,0x20,0x00,
    0x20,0x00,0x20,0x00,0x20,0x00,0x20,0x00,0x20,0x00,0x20,0x00,0x41,0x08,0x82,0x10,0xA2,0x10,0xA2,0x10,0x62,0x08,0x61,0x08,
    0x82,0x10,0x82,0x10,0x82,0x10,0x82,0x10,0x61,0x08,0x20,0x00,0x20,0x00,0x20,0x00,0x20,0x00,0x20,0x00,0x20,0x00,0x20,0x00,
    0x20,0x00,0x41,0x08,0x82,0x10,0xA2,0x10,0xA2,0x10,0x62,0x08,0x61,0x08,0x82,0x10,0x82,0x10,0x82,0x10,0x82,0x10,0x61,0x08,
    0x20,0x00,0x20,0x00,0x20,0x00,0x20,0x00,0x20,0x00,0x20,0x00,0x20,0x00,0x20,0x00,0x41,0x08,0x82,0x10,0xA2,0x10,0xA2,0x10,
    0x82,0x10,0x61,0x08,0x82,0x10,0xA2,0x10,0x82,0x10,0x82,0x10,0x62,0x08,0x21,0x00,0x20,0x00,0x20,0x00,0x20,0x00,0x20,0x00,
    0x20,0x00,0x20,0x00,0x20,0x00,0x41,0x08,0x82,0x10,0xA2,0x10,0xA2,0x10,0x82,0x10,0x61,0x08,0x82,0x10,0xA2,0x10,0x82,0x10,
    0x82,0x10,0x62,0x08,0x21,0x00,0x20,0x00,0x20,0x00,0x20,0x00,0x20,0x00,0x20,0x00,0x20,0x00,0x20,0x00,0x41,0x08,0x82,0x10,
    0xA2,0x10,0xA2,0x10,0x82,0x10,0x61,0x08,0x82,0x10,0xA2,0x10,0x82,0x10,0x82,0x10,0x62,0x08,0x21,0x00,0x20,0x00,0x20,0x00,
    0x20,0x00,0x20,0x00,0x20,0x00,0x20,0x00,0x20,0x00,0x41,0x08,0x82,0x10,0xA2,0x10,0xA2,0x10,0x82,0x10,0x61,0x08,0x82,0x10,
    0xA2,0x10,0x82,0x10,0x82,0x10,0x82,0x08,0x41,0x08,0x20,0x00,0x20,0x00,0x20,0x00,0x20,0x00,0x20,0x00,0x20,0x00,0x20,0x00,
    0x41,0x08,0x82,0x08,0xA2,0x10,0xA2,0x10,0x82,0x10,0x61,0x08,0x82,0x10,0xA2,0x10,0x82,0x10,0x82,0x10,0x82,0x08,0x41,0x08,
    0x20,0x00,0x20,0x00,0x20,0x00,0x20,0x00,0x20,0x00,0x20,0x00,0x20,0x00,0x41,0x08,0x82,0x08,0xA2,0x10,0xA2,0x10,0x82,0x10,
    0x61,0x08,0x82,0x10,0xA2,0x10,0x82,0x10,0x82,0x10,0x82,0x08,0x41,0x08,0x20,0x00,0x20,0x00,0x20,0x00,0x20,0x00,0x20,0x00,
    0x20,0x00,0x20,0x00,0x41,0x08,0x62,0x08,0x82,0x10,0xA2,0x10,0x82,0x10,0x61,0x08,0x62,0x08,0x82,0x10,0x82,0x10,0xA2,0x10,
    0x82,0x10,0x41,0x08,0x20,0x00,0x20,0x00,0x21,0x00,0x20,0x00,0x20,0x00,0x20,0x00,0x20,0x00,0x41,0x08,0x62,0x08,0x82,0x10,
    0xA2,0x10,0x82,0x10,0x61,0x08,0x62,0x08,0x82,0x10,0x82,0x10,0xA2,0x10,0x82,0x10,0x41,0x08,0x20,0x00,0x20,0x00,0x21,0x00,
    0x20,0x00,0x20,0x00,0x20,0x00,0x20,0x00,0x41,0x08,0x62,0x08,0x82,0x10,0xA2,0x10,0x82,0x10,0x61,0x08,0x62,0x08,0x82,0x10,
    0x82,0x10,0xA2,0x10,0x82,0x10,0x41,0x08,0x20,0x00,0x20,0x00,0x21,0x00,0x20,0x00,0x20,0x00,0x20,0x00,0x20,0x00,0x41,0x08,
    0x62,0x08,0x82,0x10,0xA2,0x10,0x82,0x10,0x61,0x08,0x62,0x08,0x82,0x10,0x82,0x10,0x82,0x10,0x82,0x10,0x41,0x08,0x20,0x00,
    0x20,0x00,0x20,0x00,0x20,0x00,0x20,0x00,0x20,0x00,0x20,0x00,0x20,0x00,0x41,0x08,0x62,0x08,0x62,0x08,0x82,0x08,0x61,0x08,
    0x20,0x00,0x20,0x00,0x20,0x00,0x20,0x00,0x20,0x00,0x20,0x00,0x20,0x00,0x20,0x00,0x20,0x00,0x20,0x00,0x20,0x00,0x41,0x00,
    0x61,0x08,0x82,0x10,0xA2,0x10,0xA2,0x10,0xA2,0x10,0xA2,0x10,0x62,0x08,0x41,0x00,0x20,0x00,0x20,0x00,0x20,0x00,0x20,0x00,
    0x20,0x00,0x20,0x00,0x20,0x00,0x20,0x00,0x20,0x00,0x20,0x00,0x41,0x00,0x61,0x08,0x82,0x10,0xA2,0x10,0xA2,0x10,0xA2,0x10,
    0xA2,0x10,0x62,0x08,0x41,0x00,0x20,0x00,0x20,0x00,0x20,0x00,0x20,0x00,0x20,0x00,0x20,0x00,0x20,0x00,0x20,0x00,0x20,0x00,
    0x20,0x00,0x41,0x00,0x61,0x08,0x82,0x10,0xA2,0x10,0xA2,0x10,0xA2,0x10,0xA2,0x10,0x82,0x08,0x41,0x08,0x20,0x00,0x20,0x00,
    0x20,0x00,0x20,0x00,0x20,0x00,0x20,0x00,0x20,0x00,0x20,0x00,0x20,0x00,0x20,0x00,0x21,0x00,0x62,0x08,0x82,0x10,0xA2,0x10,
    0xA2,0x10,0xA2,0x10,0xA2,0x10,0x82,0x08,0x41,0x08,0x20,0x00,0x20,0x00,0x20,0x00,0x20,0x00,0x20,0x00,0x20,0x00,0x20,0x00,
    0x20,0x00,0x20,0x00,0x20,0x00,0x21,0x00,0x62,0x08,0x82,0x10,0xA2,0x10,0xA2,0x10,0xA2,0x10,0xA2,0x10,0x82,0x08,0x41,0x08,
    0x20,0x00,0x20,0x00,0x20,0x00,0x20,0x00,0x20,0x00,0x20,0x00,0x20,0x00,0x20,0x00,0x20,0x00,0x20,0x00,0x21,0x00,0x62,0x08,
    0x82,0x10,0xA2,0x10,0xA2,0x10,0xA2,0x10,0xA2,0x10,0x82,0x08,0x41,0x08,0x20,0x00,0x20,0x00,0x20,0x00,0x20,0x00,0x20,0x00,
    0x20,0x00,0x20,0x00,0x20,0x00,0x20,0x00,0x20,0x00,0x20,0x00,0x61,0x08,0x82,0x10,0xA2,0x10,0xA2,0x10,0xA2,0x10,0xA2,0x10,
    0x82,0x10,0x41,0x08,0x20,0x00,0x20,0x00,0x21,0x00,0x20,0x00,0x20,0x00,0x20,0x00,0x20,0x00,0x20,0x00,0x20,0x00,0x20,0x00,
    0x20,0x00,0x61,0x08,0x82,0x10,0xA2,0x10,0xA2,0x10,0xA2,0x10,0xA2,0x10,0x82,0x10,0x41,0x08,0x20,0x00,0x20,0x00,0x21,0x00,
    0x20,0x00,0x20,0x00,0x20,0x00,0x20,0x00,0x20,0x00,0x20,0x00,0x20,0x00,0x20,0x00,0x61,0x08,0x82,0x10,0xA2,0x10,0xA2,0x10,
    0xA2,0x10,0xA2,0x10,0x82,0x10,0x41,0x08,0x20,0x00,0x20,0x00,0x21,0x00,0x20,0x00,0x20,0x00,0x20,0x00,0x20,0x00,0x20,0x00,
    0x20,0x00,0x20,0x00,0x20,0x00,0x61,0x08,0x82,0x10,0xA2,0x10,0xA2,0x10,0xA2,0x10,0xA2,0x10,0x82,0x10,0x41,0x08,0x20,0x00,
    0x20,0x00,0x20,0x00,0x20,0x00,0x20,0x00,0x20,0x00,0x20,0x00,0x20,0x00,0x20,0x00,0x20,0x00,0x20,0x00,0x61,0x08,0x82,0x10,
    0xA2,0x10,0xA2,0x10,0xA2,0x10,0xA2,0x10,0x82,0x10,0x41,0x08,0x20,0x00,0x20,0x00,0x20,0x00,0x20,0x00,0x20,0x00,0x20,0x00,
    0x20,0x00,0x20,0x00,0x20,0x00,0x20,0x00,0x20,0x00,0x61,0x08,0x82,0x10,0xA2,0x10,0xA2,0x10,0xA2,0x10,0xA2,0x10,0x82,0x10,
    0x41,0x08,0x20,0x00,0x20,0x00,0x20,0x00,0x20,0x00,0x20,0x00,0x20,0x00,0x20,0x00,0x20,0x00,0x20,0x00,0x20,0x00,0x20,0x00,
    0x41,0x08,0x82,0x08,0xA2,0x10,0xA2,0x10,0xA2,0x10,0xA2,0x10,0x82,0x10,0x61,0x08,0x20,0x00,0x20,0x00,0x21,0x00,0x20,0x00,
    0x20,0x00,0x20,0x00,0x20,0x00,0x20,0x00,0x20,0x00,0x20,0x00,0x20,0x00,0x41,0x08,0x82,0x08,0xA2,0x10,0xA2,0x10,0xA2,0x10,
    0xA2,0x10,0x82,0x10,0x61,0x08,0x20,0x00,0x20,0x00,0x21,0x00,0x20,0x00,0x20,0x00,0x20,0x00,0x20,0x00,0x20,0x00,0x20,0x00,
    0x20,0x00,0x20,0x00,0x41,0x08,0x82,0x08,0xA2,0x10,0xA2,0x10,0xA2,0x10,0xA2,0x10,0x82,0x10,0x61,0x08,0x20,0x00,0x20,0x00,
    0x21,0x00,0x20,0x00,0x20,0x00,0x20,0x00,0x20,0x00,0x20,0x00,0x20,0x00,0x20,0x00,0x20,0x00,0x41,0x08,0x82,0x08,0xA2,0x10,
    0xA2,0x10,0xA2,0x10,0xA2,0x10,0x82,0x10,0x61,0x08,0x20,0x00,0x20,0x00,0x20,0x00,0x20,0x00,0x20,0x00,0x20,0x00,0x20,0x00,
    0x20,0x00,0x20,0x00,0x20,0x00,0x20,0x00,0x62,0x08,0x61,0x08,0x41,0x00,0x20,0x00,0x20,0x00,0x20,0x00,0x20,0x00,0x20,0x00,
    0x20,0x00,0x20,0x00,0x20,0x00,0x20,0x00,0x20,0x00,0x20,0x00,0x20,0x00,0x20,0x00,0x20,0x00,0x41,0x08,0x82,0x10,0xA2,0x10,
    0x82,0x10,0x41,0x08,0x20,0x00,0x20,0x00,0x21,0x00,0x21,0x00,0x21,0x00,0x21,0x00,0x21,0x00,0x21,0x00,0x21,0x00,0x21,0x00,
    0x21,0x00,0x21,0x00,0x20,0x00,0x20,0x00,0x41,0x08,0x82,0x10,0xA2,0x10,0x82,0x10,0x41,0x08,0x20,0x00,0x20,0x00,0x21,0x00,
    0x21,0x00,0x21,0x00,0x21,0x00,0x21,0x00,0x21,0x00,0x21,0x00,0x21,0x00,0x21,0x00,0x21,0x00,0x20,0x00,0x20,0x00,0x41,0x08,
    0x82,0x10,0xA2,0x10,0x82,0x10,0x41,0x08,0x20,0x00,0x20,0x00,0x21,0x00,0x21,0x00,0x21,0x00,0x21,0x00,0x21,0x00,0x21,0x00,
    0x21,0x00,0x21,0x00,0x21,0x00,0x21,0x00,0x20,0x00,0x20,0x00,0x41,0x08,0x82,0x10,0xA2,0x10,0x82,0x10,0x41,0x08,0x20,0x00,
    0x20,0x00,0x21,0x00,0x21,0x00,0x21,0x00,0x21,0x00,0x21,0x00,0x21,0x00,0x21,0x00,0x21,0x00,0x21,0x00,0x21,0x00,0x20,0x00,
    0x20,0x00,0x41,0x08,0x82,0x10,0xA2,0x10,0x82,0x10,0x41,0x08,0x20,0x00,0x20,0x00,0x21,0x00,0x21,0x00,0x21,0x00,0x21,0x00,
    0x21,0x00,0x21,0x00,0x21,0x00,0x21,0x00,0x21,0x00,0x21,0x00,0x20,0x00,0x20,0x00,0x41,0x08,0x82,0x10,0xA2,0x10,0x82,0x10,
    0x41,0x08,0x20,0x00,0x20,0x00,0x21,0x00,0x21,0x00,0x21,0x00,0x21,0x00,0x21,0x00,0x21,0x00,0x21,0x00,0x21,0x00,0x21,0x00,
    0x21,0x00,0x21,0x00,0x20,0x00,0x41,0x00,0x82,0x10,0xA2,0x10,0x82,0x10,0x61,0x08,0x21,0x00,0x20,0x00,0x21,0x00,0x21,0x00,
    0x21,0x00,0x21,0x00,0x21,0x00,0x21,0x00,0x21,0x00,0x21,0x00,0x21,0x00,0x21,0x00,0x21,0x00,0x20,0x00,0x41,0x00,0x82,0x10,
    0xA2,0x10,0x82,0x10,0x61,0x08,0x21,0x00,0x20,0x00,0x21,0x00,0x21,0x00,0x21,0x00,0x21,0x00,0x21,0x00,0x21,0x00,0x21,0x00,
    0x21,0x00,0x21,0x00,0x21,0x00,0x21,0x00,0x20,0x00,0x41,0x00,0x82,0x10,0xA2,0x10,0x82,0x10,0x61,0x08,0x21,0x00,0x20,0x00,
    0x21,0x00,0x21,0x00,0x21,0x00,0x21,0x00,0x21,0x00,0x21,0x00,0x21,0x00,0x21,0x00,0x21,0x00,0x21,0x00,0x21,0x00,0x20,0x00,
    0x41,0x00,0x82,0x10,0xA2,0x10,0x82,0x10,0x61,0x08,0x21,0x00,0x20,0x00,0x21,0x00,0x21,0x00,0x21,0x00,0x21,0x00,0x21,0x00,
    0x21,0x00,0x21,0x00,0x21,0x00,0x21,0x00,0x21,0x00,0x21,0x00,0x20,0x00,0x21,0x00,0x82,0x10,0xA2,0x10,0x82,0x10,0x61,0x08,
    0x21,0x00,0x20,0x00,0x21,0x00,0x21,0x00,0x21,0x00,0x21,0x00,0x21,0x00,0x21,0x00,0x21,0x00,0x21,0x00,0x21,0x00,0x21,0x00,
    0x21,0x00,0x20,0x00,0x21,0x00,0x82,0x10,0xA2,0x10,0x82,0x10,0x61,0x08,0x21,0x00,0x20,0x00,0x21,0x00,0x21,0x00,0x21,0x00,
    0x21,0x00,0x21,0x00,0x21,0x00,0x21,0x00,0x21,0x00,0x21,0x00,0x21,0x00,0x21,0x00,0x20,0x00,0x20,0x00,0x61,0x08,0xA2,0x10,
    0xA2,0x10,0x82,0x08,0x41,0x08,0x20,0x00,0x21,0x00,0x21,0x00,0x21,0x00,0x21,0x00,0x21,0x00,0x21,0x00,0x21,0x00,0x21,0x00,
    0x21,0x00,0x21,0x00,0x21,0x00,0x20,0x00,0x20,0x00,0x61,0x08,0xA2,0x10,0xA2,0x10,0x82,0x08,0x41,0x08,0x20,0x00,0x21,0x00,
    0x21,0x00,0x21,0x00,0x21,0x00,0x21,0x00,0x21,0x00,0x21,0x00,0x21,0x00,0x21,0x00,0x21,0x00,0x21,0x00,0x20,0x00,0x20,0x00,
    0x61,0x08,0xA2,0x10,0xA2,0x10,0x82,0x08,0x41,0x08,0x20,0x00,0x21,0x00,0x21,0x00,0x21,0x00,0x21,0x00,0x21,0x00,0x21,0x00,
    0x21,0x00,0x21,0x00,0x21,0x00,0x21,0x00,0x21,0x00,0x20,0x00,0x20,0x00,0x61,0x08,0xA2,0x10,0xA2,0x10,0x62,0x08,0x41,0x00,
    0x20,0x00,0x20,0x00,0x20,0x00,0x20,0x00,0x20,0x00,0x20,0x00,0x20,0x00,0x20,0x00,0x20,0x00,0x20,0x00,0x20,0x00,0x20,0x00,
    0x62,0x08,0x41,0x08,0x20,0x00,0x20,0x00,0x20,0x00,0x20,0x00,0x20,0x00,0x20,0x00,0x20,0x00,0x20,0x00,0x20,0x00,0x20,0x00,
    0x20,0x00,0x20,0x00,0x20,0x00,0x21,0x00,0x21,0x00,0x21,0x00,0x82,0x10,0xA2,0x10,0x41,0x08,0x20,0x00,0x21,0x00,0x21,0x00,
    0x21,0x00,0x21,0x00,0x21,0x00,0x21,0x00,0x21,0x00,0x21,0x00,0x21,0x00,0x21,0x00,0x21,0x00,0x21,0x00,0x21,0x00,0x21,0x00,
    0x21,0x00,0x82,0x10,0xA2,0x10,0x41,0x08,0x20,0x00,0x21,0x00,0x21,0x00,0x21,0x00,0x21,0x00,0x21,0x00,0x21,0x00,0x21,0x00,
    0x21,0x00,0x21,0x00,0x21,0x00,0x21,0x00,0x21,0x00,0x21,0x00,0x21,0x00,0x21,0x00,0x82,0x10,0xA2,0x10,0x41,0x08,0x20,0x00,
    0x21,0x00,0x21,0x00,0x21,0x00,0x21,0x00,0x21,0x00,0x21,0x00,0x21,0x00,0x21,0x00,0x21,0x00,0x21,0x00,0x21,0x00,0x21,0x00,
    0x21,0x00,0x21,0x00,0x21,0x00,0x82,0x10,0xA2,0x10,0x41,0x08,0x20,0x00,0x21,0x00,0x21,0x00,0x21,0x00,0x21,0x00,0x21,0x00,
    0x21,0x00,0x21,0x00,0x21,0x00,0x21,0x00,0x21,0x00,0x21,0x00,0x21,0x00,0x21,0x00,0x21,0x00,0x21,0x00,0x82,0x10,0xA2,0x10,
    0x41,0x08,0x20,0x00,0x21,0x00,0x21,0x00,0x21,0x00,0x21,0x00,0x21,0x00,0x21,0x00,0x21,0x00,0x21,0x00,0x21,0x00,0x21,0x00,
    0x21,0x00,0x21,0x00,0x21,0x00,0x21,0x00,0x21,0x00,0x82,0x10,0xA2,0x10,0x41,0x08,0x20,0x00,0x21,0x00,0x21,0x00,0x21,0x00,
    0x21,0x00,0x21,0x00,0x21,0x00,0x21,0x00,0x21,0x00,0x21,0x00,0x21,0x00,0x21,0x00,0x21,0x00,0x21,0x00,0x21,0x00,0x20,0x00,
    0x62,0x08,0xA3,0x10,0x82,0x08,0x20,0x00,0x21,0x00,0x21,0x00,0x21,0x00,0x21,0x00,0x21,0x00,0x21,0x00,0x21,0x00,0x21,0x00,
    0x21,0x00,0x21,0x00,0x21,0x00,0x21,0x00,0x21,0x00,0x21,0x00,0x20,0x00,0x62,0x08,0xA3,0x10,0x82,0x08,0x20,0x00,0x21,0x00,
    0x21,0x00,0x21,0x00,0x21,0x00,0x21,0x00,0x21,0x00,0x21,0x00,0x21,0x00,0x21,0x00,0x21,0x00,0x21,0x00,0x21,0x00,0x21,0x00,
    0x21,0x00,0x20,0x00,0x62,0x08,0xA3,0x10,0x82,0x08,0x20,0x00,0x21,0x00,0x21,0x00,0x21,0x00,0x21,0x00,0x21,0x00,0x21,0x00,
    0x21,0x00,0x21,0x00,0x21,0x00,0x21,0x00,0x21,0x00,0x21,0x00,0x21,0x00,0x21,0x00,0x20,0x00,0x62,0x08,0xA3,0x10,0x82,0x08,
    0x20,0x00,0x21,0x00,0x21,0x00,0x21,0x00,0x21,0x00,0x21,0x00,0x21,0x00,0x21,0x00,0x21,0x00,0x21,0x00,0x21,0x00,0x21,0x00,
    0x21,0x00,0x21,0x00,0x21,0x00,0x20,0x00,0x82,0x08,0xA3,0x10,0x82,0x08,0x20,0x00,0x21,0x00,0x21,0x00,0x21,0x00,0x21,0x00,
    0x21,0x00,0x21,0x00,0x21,0x00,0x21,0x00,0x21,0x00,0x21,0x00,0x21,0x00,0x21,0x00,0x21,0x00,0x21,0x00,0x20,0x00,0x82,0x08,
    0xA3,0x10,0x82,0x08,0x20,0x00,0x21,0x00,0x21,0x00,0x21,0x00,0x21,0x00,0x21,0x00,0x21,0x00,0x21,0x00,0x21,0x00,0x21,0x00,
    0x21,0x00,0x21,0x00,0x21,0x00,0x21,0x00,0x21,0x00,0x20,0x00,0x41,0x08,0xA2,0x10,0x82,0x10,0x21,0x00,0x20,0x00,0x21,0x00,
    0x21,0x00,0x21,0x00,0x21,0x00,0x21,0x00,0x21,0x00,0x21,0x00,0x21,0x00,0x21,0x00,0x21,0x00,0x21,0x00,0x21,0x00,0x21,0x00,
    0x20,0x00,0x41,0x08,0xA2,0x10,0x82,0x10,0x21,0x00,0x20,0x00,0x21,0x00,0x21,0x00,0x21,0x00,0x21,0x00,0x21,0x00,0x21,0x00,
    0x21,0x00,0x21,0x00,0x21,0x00,0x21,0x00,0x21,0x00,0x21,0x00,0x21,0x00,0x20,0x00,0x41,0x08,0xA2,0x10,0x82,0x10,0x21,0x00,
    0x20,0x00,0x21,0x00,0x21,0x00,0x21,0x00,0x21,0x00,0x21,0x00,0x21,0x00,0x21,0x00,0x21,0x00,0x21,0x00,0x21,0x00,0x21,0x00,
    0x21,0x00,0x21,0x00,0x20,0x00,0x41,0x08,0xA2,0x10,0x82,0x10,0x21,0x00,0x20,0x00,0x20,0x00,0x20,0x00,0x20,0x00,0x20,0x00,
    0x20,0x00,0x20,0x00,0x20,0x00,0x20,0x00,0x20,0x00,0x20,0x00,0x20,0x00,0x20,0x00,0x62,0x08,0x41,0x08,0x20,0x00,0x20,0x00,
    0x20,0x00,0x20,0x00,0x20,0x00,0x20,0x00,0x20,0x00,0x20,0x00,0x20,0x00,0x20,0x00,0x20,0x00,0x20,0x00,0x20,0x00,0x21,0x00,
    0x21,0x00,0x41,0x00,0xA2,0x10,0xA3,0x10,0x41,0x08,0x20,0x00,0x21,0x00,0x21,0x00,0x21,0x00,0x21,0x00,0x21,0x00,0x21,0x00,
    0x21,0x00,0x21,0x00,0x21,0x00,0x21,0x00,0x21,0x00,0x21,0x00,0x21,0x00,0x21,0x00,0x41,0x00,0xA2,0x10,0xA3,0x10,0x41,0x08,
    0x20,0x00,0x21,0x00,0x21,0x00,0x21,0x00,0x21,0x00,0x21,0x00,0x21,0x00,0x21,0x00,0x21,0x00,0x21,0x00,0x21,0x00,0x21,0x00,
    0x21,0x00,0x21,0x00,0x21,0x00,0x41,0x00,0xA2,0x10,0xA3,0x10,0x41,0x08,0x20,0x00,0x21,0x00,0x21,0x00,0x21,0x00,0x21,0x00,
    0x21,0x00,0x21,0x00,0x21,0x00,0x21,0x00,0x21,0x00,0x21,0x00,0x21,0x00,0x21,0x00,0x21,0x00,0x21,0x00,0x41,0x00,0xA2,0x10,
    0xA3,0x10,0x41,0x08,0x20,0x00,0x21,0x00,0x21,0x00,0x21,0x00,0x21,0x00,0x21,0x00,0x21,0x00,0x21,0x00,0x21,0x00,0x21,0x00,
    0x21,0x00,0x21,0x00,0x21,0x00,0x21,0x00,0x21,0x00,0x41,0x00,0xA2,0x10,0xA3,0x10,0x41,0x08,0x20,0x00,0x21,0x00,0x21,0x00,
    0x21,0x00,0x21,0x00,0x21,0x00,0x21,0x00,0x21,0x00,0x21,0x00,0x21,0x00,0x21,0x00,0x21,0x00,0x21,0x00,0x21,0x00,0x21,0x00,
    0x41,0x00,0xA2,0x10,0xA3,0x10,0x41,0x08,0x20,0x00,0x21,0x00,0x21,0x00,0x21,0x00,0x21,0x00,0x21,0x00,0x21,0x00,0x21,0x00,
    0x21,0x00,0x21,0x00,0x21,0x00,0x21,0x00,0x21,0x00,0x21,0x00,0x21,0x00,0x20,0x00,0x82,0x08,0xA3,0x10,0x82,0x08,0x20,0x00,
    0x21,0x00,0x21,0x00,0x21,0x00,0x21,0x00,0x21,0x00,0x21,0x00,0x21,0x00,0x21,0x00,0x21,0x00,0x21,0x00,0x21,0x00,0x21,0x00,
    0x21,0x00,0x21,0x00,0x20,0x00,0x82,0x08,0xA3,0x10,0x82,0x08,0x20,0x00,0x21,0x00,0x21,0x00,0x21,0x00,0x21,0x00,0x21,0x00,
    0x21,0x00,0x21,0x00,0x21,0x00,0x21,0x00,0x21,0x00,0x21,0x00,0x21,0x00,0x21,0x00,0x21,0x00,0x20,0x00,0x82,0x08,0xA3,0x10,
    0x82,0x08,0x20,0x00,0x21,0x00,0x21,0x00,0x21,0x00,0x21,0x00,0x21,0x00,0x21,0x00,0x21,0x00,0x21,0x00,0x21,0x00,0x21,0x00,
    0x21,0x00,0x21,0x00,0x21,0x00,0x21,0x00,0x20,0x00,0x82,0x08,0xA3,0x10,0x82,0x08,0x20,0x00,0x21,0x00,0x21,0x00,0x21,0x00,
    0x21,0x00,0x21,0x00,0x21,0x00,0x21,0x00,0x21,0x00,0x21,0x00,0x21,0x00,0x21,0x00,0x21,0x00,0x21,0x00,0x21,0x00,0x20,0x00,
    0x82,0x08,0xA3,0x10,0x82,0x08,0x20,0x00,0x21,0x00,0x21,0x00,0x21,0x00,0x21,0x00,0x21,0x00,0x21,0x00,0x21,0x00,0x21,0x00,
    0x21,0x00,0x21,0x00,0x21,0x00,0x21,0x00,0x21,0x00,0x21,0x00,0x20,0x00,0x82,0x08,0xA3,0x10,0x82,0x08,0x20,0x00,0x21,0x00,
    0x21,0x00,0x21,0x00,0x21,0x00,0x21,0x00,0x21,0x00,0x21,0x00,0x21,0x00,0x21,0x00,0x21,0x00,0x21,0x00,0x21,0x00,0x21,0x00,
    0x21,0x00,0x20,0x00,0x41,0x08,0xA3,0x10,0xA2,0x10,0x41,0x00,0x21,0x00,0x21,0x00,0x21,0x00,0x21,0x00,0x21,0x00,0x21,0x00,
    0x21,0x00,0x21,0x00,0x21,0x00,0x21,0x00,0x21,0x00,0x21,0x00,0x21,0x00,0x21,0x00,0x20,0x00,0x41,0x08,0xA3,0x10,0xA2,0x10,
    0x41,0x00,0x21,0x00,0x21,0x00,0x21,0x00,0x21,0x00,0x21,0x00,0x21,0x00,0x21,0x00,0x21,0x00,0x21,0x00,0x21,0x00,0x21,0x00,
    0x21,0x00,0x21,0x00,0x21,0x00,0x20,0x00,0x41,0x08,0xA3,0x10,0xA2,0x10,0x41,0x00,0x21,0x00,0x21,0x00,0x21,0x00,0x21,0x00,
    0x21,0x00,0x21,0x00,0x21,0x00,0x21,0x00,0x21,0x00,0x21,0x00,0x21,0x00,0x21,0x00,0x21,0x00,0x21,0x00,0x20,0x00,0x41,0x08,
    0xA2,0x10,0x82,0x10,0x21,0x00,0x20,0x00,0x20,0x00,0x20,0x00,0x20,0x00,0x20,0x00,0x20,0x00,0x20,0x00,0x20,0x00,0x20,0x00,
    0x20,0x00,0x20,0x00,0x20,0x00,0x20,0x00,0x62,0x08,0x41,0x08,0x20,0x00,0x20,0x00,0x20,0x00,0x20,0x00,0x20,0x00,0x20,0x00,
    0x20,0x00,0x20,0x00,0x20,0x00,0x20,0x00,0x20,0x00,0x20,0x00,0x20,0x00,0x21,0x00,0x21,0x00,0x41,0x00,0xA2,0x10,0xA3,0x10,
    0x61,0x08,0x20,0x00,0x21,0x00,0x21,0x00,0x21,0x00,0x21,0x00,0x21,0x00,0x21,0x00,0x21,0x00,0x21,0x00,0x21,0x00,0x21,0x00,
    0x21,0x00,0x21,0x00,0x21,0x00,0x21,0x00,0x41,0x08,0xA2,0x10,0xA3,0x10,0x61,0x08,0x20,0x00,0x21,0x00,0x21,0x00,0x21,0x00,
    0x21,0x00,0x21,0x00,0x21,0x00,0x21,0x00,0x21,0x00,0x21,0x00,0x21,0x00,0x21,0x00,0x21,0x00,0x21,0x00,0x21,0x00,0x41,0x08,
    0xA2,0x10,0xA3,0x10,0x61,0x08,0x20,0x00,0x21,0x00,0x21,0x00,0x21,0x00,0x21,0x00,0x21,0x00,0x21,0x00,0x21,0x00,0x21,0x00,
    0x21,0x00,0x21,0x00,0x21,0x00,0x21,0x00,0x21,0x00,0x21,0x00,0x41,0x08,0xA2,0x10,0xA3,0x10,0x61,0x08,0x20,0x00,0x21,0x00,
    0x21,0x00,0x21,0x00,0x21,0x00,0x21,0x00,0x21,0x00,0x21,0x00,0x21,0x00,0x21,0x00,0x21,0x00,0x21,0x00,0x21,0x00,0x21,0x00,
    0x21,0x00,0x41,0x08,0xA2,0x10,0xA3,0x10,0x61,0x08,0x20,0x00,0x21,0x00,0x21,0x00,0x21,0x00,0x21,0x00,0x21,0x00,0x21,0x00,
    0x21,0x00,0x21,0x00,0x21,0x00,0x21,0x00,0x21,0x00,0x21,0x00,0x21,0x00,0x21,0x00,0x41,0x08,0xA2,0x10,0xA3,0x10,0x61,0x08,
    0x20,0x00,0x21,0x00,0x21,0x00,0x21,0x00,0x21,0x00,0x21,0x00,0x21,0x00,0x21,0x00,0x21,0x00,0x21,0x00,0x21,0x00,0x21,0x00,
    0x21,0x00,0x21,0x00,0x21,0x00,0x20,0x00,0x82,0x08,0xA3,0x10,0x82,0x08,0x20,0x00,0x21,0x00,0x21,0x00,0x21,0x00,0x21,0x00,
    0x21,0x00,0x21,0x00,0x21,0x00,0x21,0x00,0x21,0x00,0x21,0x00,0x21,0x00,0x21,0x00,0x21,0x00,0x21,0x00,0x20,0x00,0x82,0x08,
    0xA3,0x10,0x82,0x08,0x20,0x00,0x21,0x00,0x21,0x00,0x21,0x00,0x21,0x00,0x21,0x00,0x21,0x00,0x21,0x00,0x21,0x00,0x21,0x00,
    0x21,0x00,0x21,0x00,0x21,0x00,0x21,0x00,0x21,0x00,0x20,0x00,0x82,0x08,0xA3,0x10,0x82,0x08,0x20,0x00,0x21,0x00,0x21,0x00,
    0x21,0x00,0x21,0x00,0x21,0x00,0x21,0x00,0x21,0x00,0x21,0x00,0x21,0x00,0x21,0x00,0x21,0x00,0x21,0x00,0x21,0x00,0x21,0x00,
    0x20,0x00,0x82,0x08,0xA3,0x10,0x82,0x08,0x20,0x00,0x21,0x00,0x21,0x00,0x21,0x00,0x21,0x00,0x21,0x00,0x21,0x00,0x21,0x00,
    0x21,0x00,0x21,0x00,0x21,0x00,0x21,0x00,0x21,0x00,0x21,0x00,0x21,0x00,0x20,0x00,0x82,0x08,0xA3,0x10,0x82,0x08,0x20,0x00,
    0x21,0x00,0x21,0x00,0x21,0x00,0x21,0x00,0x21,0x00,0x21,0x00,0x21,0x00,0x21,0x00,0x21,0x00,0x21,0x00,0x21,0x00,0x21,0x00,
    0x21,0x00,0x21,0x00,0x20,0x00,0x82,0x08,0xA3,0x10,0x82,0x08,0x20,0x00,0x21,0x00,0x21,0x00,0x21,0x00,0x21,0x00,0x21,0x00,
    0x21,0x00,0x21,0x00,0x21,0x00,0x21,0x00,0x21,0x00,0x21,0x00,0x21,0x00,0x21,0x00,0x21,0x00,0x20,0x00,0x61,0x08,0xA3,0x10,
    0xA2,0x10,0x41,0x08,0x21,0x00,0x21,0x00,0x21,0x00,0x21,0x00,0x21,0x00,0x21,0x00,0x21,0x00,0x21,0x00,0x21,0x00,0x21,0x00,
    0x21,0x00,0x21,0x00,0x21,0x00,0x21,0x00,0x20,0x00,0x61,0x08,0xA3,0x10,0xA2,0x10,0x41,0x08,0x21,0x00,0x21,0x00,0x21,0x00,
    0x21,0x00,0x21,0x00,0x21,0x00,0x21,0x00,0x21,0x00,0x21,0x00,0x21,0x00,0x21,0x00,0x21,0x00,0x21,0x00,0x21,0x00,0x20,0x00,
    0x61,0x08,0xA3,0x10,0xA2,0x10,0x41,0x08,0x21,0x00,0x21,0x00,0x21,0x00,0x21,0x00,0x21,0x00,0x21,0x00,0x21,0x00,0x21,0x00,
    0x21,0x00,0x21,0x00,0x21,0x00,0x21,0x00,0x21,0x00,0x21,0x00,0x20,0x00,0x41,0x08,0xA2,0x10,0x82,0x10,0x21,0x00,0x20,0x00,
    0x20,0x00,0x20,0x00,0x20,0x00,0x20,0x00,0x20,0x00,0x20,0x00,0x20,0x00,0x20,0x00,0x20,0x00,0x20,0x00,0x20,0x00,0x20,0x00,
    0x62,0x08,0x41,0x08,0x20,0x00,0x20,0x00,0x20,0x00,0x20,0x00,0x20,0x00,0x20,0x00,0x20,0x00,0x20,0x00,0x20,0x00,0x20,0x00,
    0x20,0x00,0x20,0x00,0x20,0x00,0x21,0x00,0x21,0x00,0x41,0x00,0xA2,0x10,0xA3,0x10,0x61,0x08,0x20,0x00,0x21,0x00,0x21,0x00,
    0x21,0x00,0x21,0x00,0x21,0x00,0x21,0x00,0x21,0x00,0x21,0x00,0x21,0x00,0x21,0x00,0x21,0x00,0x21,0x00,0x21,0x00,0x21,0x00,
    0x41,0x08,0xA2,0x10,0xA3,0x10,0x61,0x08,0x20,0x00,0x21,0x00,0x21,0x00,0x21,0x00,0x21,0x00,0x21,0x00,0x21,0x00,0x21,0x00,
    0x21,0x00,0x21,0x00,0x21,0x00,0x21,0x00,0x21,0x00,0x21,0x00,0x21,0x00,0x41,0x08,0xA2,0x10,0xA3,0x10,0x61,0x08,0x20,0x00,
    0x21,0x00,0x21,0x00,0x21,0x00,0x21,0x00,0x21,0x00,0x21,0x00,0x21,0x00,0x21,0x00,0x21,0x00,0x21,0x00,0x21,0x00,0x21,0x00,
    0x21,0x00,0x21,0x00,0x41,0x08,0xA2,0x10,0xA3,0x10,0x61,0x08,0x20,0x00,0x21,0x00,0x21,0x00,0x21,0x00,0x21,0x00,0x21,0x00,
    0x21,0x00,0x21,0x00,0x21,0x00,0x21,0x00,0x21,0x00,0x21,0x00,0x21,0x00,0x21,0x00,0x21,0x00,0x41,0x08,0xA2,0x10,0xA3,0x10,
    0x61,0x08,0x20,0x00,0x21,0x00,0x21,0x00,0x21,0x00,0x21,0x00,0x21,0x00,0x21,0x00,0x21,0x00,0x21,0x00,0x21,0x00,0x21,0x00,
    0x21,0x00,0x21,0x00,0x21,0x00,0x21,0x00,0x41,0x08,0xA2,0x10,0xA3,0x10,0x61,0x08,0x20,0x00,0x21,0x00,0x21,0x00,0x21,0x00,
    0x21,0x00,0x21,0x00,0x21,0x00,0x21,0x00,0x21,0x00,0x21,0x00,0x21,0x00,0x21,0x00,0x21,0x00,0x21,0x00,0x21,0x00,0x20,0x00,
    0x82,0x10,0xC3,0x10,0x82,0x10,0x20,0x00,0x21,0x00,0x21,0x00,0x21,0x00,0x21,0x00,0x21,0x00,0x21,0x00,0x21,0x00,0x21,0x00,
    0x21,0x00,0x21,0x00,0x21,0x00,0x21,0x00,0x21,0x00,0x21,0x00,0x20,0x00,0x82,0x10,0xC3,0x10,0x82,0x10,0x20,0x00,0x21,0x00,
    0x21,0x00,0x21,0x00,0x21,0x00,0x21,0x00,0x21,0x00,0x21,0x00,0x21,0x00,0x21,0x00,0x21,0x00,0x21,0x00,0x21,0x00,0x21,0x00,
    0x21,0x00,0x20,0x00,0x82,0x10,0xC3,0x10,0x82,0x10,0x20,0x00,0x21,0x00,0x21,0x00,0x21,0x00,0x21,0x00,0x21,0x00,0x21,0x00,
    0x21,0x00,0x21,0x00,0x21,0x00,0x21,0x00,0x21,0x00,0x21,0x00,0x21,0x00,0x21,0x00,0x20,0x00,0x82,0x10,0xC3,0x10,0x82,0x10,
    0x20,0x00,0x21,0x00,0x21,0x00,0x21,0x00,0x21,0x00,0x21,0x00,0x21,0x00,0x21,0x00,0x21,0x00,0x21,0x00,0x21,0x00,0x21,0x00,
    0x21,0x00,0x21,0x00,0x21,0x00,0x20,0x00,0x82,0x10,0xC3,0x10,0x82,0x10,0x20,0x00,0x21,0x00,0x21,0x00,0x21,0x00,0x21,0x00,
    0x21,0x00,0x21,0x00,0x21,0x00,0x21,0x00,0x21,0x00,0x21,0x00,0x21,0x00,0x21,0x00,0x21,0x00,0x21,0x00,0x20,0x00,0x82,0x10,
    0xC3,0x10,0x82,0x10,0x20,0x00,0x21,0x00,0x21,0x00,0x21,0x00,0x21,0x00,0x21,0x00,0x21,0x00,0x21,0x00,0x21,0x00,0x21,0x00,
    0x21,0x00,0x21,0x00,0x21,0x00,0x21,0x00,0x21,0x00,0x20,0x00,0x61,0x08,0xA3,0x10,0xA2,0x10,0x41,0x08,0x21,0x00,0x21,0x00,
    0x21,0x00,0x21,0x00,0x21,0x00,0x21,0x00,0x21,0x00,0x21,0x00,0x21,0x00,0x21,0x00,0x21,0x00,0x21,0x00,0x21,0x00,0x21,0x00,
    0x20,0x00,0x61,0x08,0xA3,0x10,0xA2,0x10,0x41,0x08,0x21,0x00,0x21,0x00,0x21,0x00,0x21,0x00,0x21,0x00,0x21,0x00,0x21,0x00,
    0x21,0x00,0x21,0x00,0x21,0x00,0x21,0x00,0x21,0x00,0x21,0x00,0x21,0x00,0x20,0x00,0x61,0x08,0xA3,0x10,0xA2,0x10,0x41,0x08,
    0x21,0x00,0x21,0x00,0x21,0x00,0x21,0x00,0x21,0x00,0x21,0x00,0x21,0x00,0x21,0x00,0x21,0x00,0x21,0x00,0x21,0x00,0x21,0x00,
    0x21,0x00,0x21,0x00,0x20,0x00,0x41,0x08,0xA2,0x10,0x82,0x10,0x21,0x00,0x20,0x00,0x20,0x00,0x20,0x00,0x20,0x00,0x20,0x00,
    0x20,0x00,0x20,0x00,0x20,0x00,0x20,0x00,0x20,0x00,0x20,0x00,0x20,0x00,0x20,0x00,0x62,0x08,0x41,0x08,0x20,0x00,0x20,0x00,
    0x20,0x00,0x20,0x00,0x20,0x00,0x20,0x00,0x20,0x00,0x20,0x00,0x20,0x00,0x20,0x00,0x20,0x00,0x20,0x00,0x20,0x00,0x21,0x00,
    0x21,0x00,0x41,0x00,0xA2,0x10,0xA3,0x10,0x61,0x08,0x20,0x00,0x21,0x00,0x21,0x00,0x21,0x00,0x21,0x00,0x21,0x00,0x21,0x00,
    0x21,0x00,0x21,0x00,0x21,0x00,0x21,0x00,0x21,0x00,0x21,0x00,0x21,0x00,0x21,0x00,0x41,0x08,0xA2,0x10,0xA3,0x10,0x61,0x08,
    0x20,0x00,0x21,0x00,0x21,0x00,0x21,0x00,0x21,0x00,0x21,0x00,0x21,0x00,0x21,0x00,0x21,0x00,0x21,0x00,0x21,0x00,0x21,0x00,
    0x21,0x00,0x21,0x00,0x21,0x00,0x41,0x08,0xA2,0x10,0xA3,0x10,0x61,0x08,0x20,0x00,0x21,0x00,0x21,0x00,0x21,0x00,0x21,0x00,
    0x21,0x00,0x21,0x00,0x21,0x00,0x21,0x00,0x21,0x00,0x21,0x00,0x21,0x00,0x21,0x00,0x21,0x00,0x21,0x00,0x41,0x08,0xA2,0x10,
    0xA3,0x10,0x61,0x08,0x20,0x00,0x21,0x00,0x21,0x00,0x21,0x00,0x21,0x00,0x21,0x00,0x21,0x00,0x21,0x00,0x21,0x00,0x21,0x00,
    0x21,0x00,0x21,0x00,0x21,0x00,0x21,0x00,0x21,0x00,0x41,0x08,0xA2,0x10,0xA3,0x10,0x61,0x08,0x20,0x00,0x21,0x00,0x21,0x00,
    0x21,0x00,0x21,0x00,0x21,0x00,0x21,0x00,0x21,0x00,0x21,0x00,0x21,0x00,0x21,0x00,0x21,0x00,0x21,0x00,0x21,0x00,0x21,0x00,
    0x41,0x08,0xA2,0x10,0xA3,0x10,0x61,0x08,0x20,0x00,0x21,0x00,0x21,0x00,0x21,0x00,0x21,0x00,0x21,0x00,0x21,0x00,0x21,0x00,
    0x21,0x00,0x21,0x00,0x21,0x00,0x21,0x00,0x21,0x00,0x21,0x00,0x21,0x00,0x20,0x00,0x82,0x10,0xC3,0x10,0x82,0x10,0x20,0x00,
    0x21,0x00,0x21,0x00,0x21,0x00,0x21,0x00,0x21,0x00,0x21,0x00,0x21,0x00,0x21,0x00,0x21,0x00,0x21,0x00,0x21,0x00,0x21,0x00,
    0x21,0x00,0x21,0x00,0x20,0x00,0x82,0x10,0xC3,0x10,0x82,0x10,0x20,0x00,0x21,0x00,0x21,0x00,0x21,0x00,0x21,0x00,0x21,0x00,
    0x21,0x00,0x21,0x00,0x21,0x00,0x21,0x00,0x21,0x00,0x21,0x00,0x21,0x00,0x21,0x00,0x21,0x00,0x20,0x00,0x82,0x10,0xC3,0x10,
    0x82,0x10,0x20,0x00,0x21,0x00,0x21,0x00,0x21,0x00,0x21,0x00,0x21,0x00,0x21,0x00,0x21,0x00,0x21,0x00,0x21,0x00,0x21,0x00,
    0x21,0x00,0x21,0x00,0x21,0x00,0x21,0x00,0x20,0x00,0x82,0x10,0xC3,0x10,0x82,0x10,0x20,0x00,0x21,0x00,0x21,0x00,0x21,0x00,
    0x21,0x00,0x21,0x00,0x21,0x00,0x21,0x00,0x21,0x00,0x21,0x00,0x21,0x00,0x21,0x00,0x21,0x00,0x21,0x00,0x21,0x00,0x20,0x00,
    0x82,0x10,0xC3,0x10,0x82,0x10,0x20,0x00,0x21,0x00,0x21,0x00,0x21,0x00,0x21,0x00,0x21,0x00,0x21,0x00,0x21,0x00,0x21,0x00,
    0x21,0x00,0x21,0x00,0x21,0x00,0x21,0x00,0x21,0x00,0x21,0x00,0x20,0x00,0x82,0x10,0xC3,0x10,0x82,0x10,0x20,0x00,0x21,0x00,
    0x21,0x00,0x21,0x00,0x21,0x00,0x21,0x00,0x21,0x00,0x21,0x00,0x21,0x00,0x21,0x00,0x21,0x00,0x21,0x00,0x21,0x00,0x21,0x00,
    0x21,0x00,0x20,0x00,0x61,0x08,0xA3,0x10,0xA2,0x10,0x41,0x08,0x21,0x00,0x21,0x00,0x21,0x00,0x21,0x00,0x21,0x00,0x21,0x00,
    0x21,0x00,0x21,0x00,0x21,0x00,0x21,0x00,0x21,0x00,0x21,0x00,0x21,0x00,0x21,0x00,0x20,0x00,0x61,0x08,0xA3,0x10,0xA2,0x10,
    0x41,0x08,0x21,0x00,0x21,0x00,0x21,0x00,0x21,0x00,0x21,0x00,0x21,0x00,0x21,0x00,0x21,0x00,0x21,0x00,0x21,0x00,0x21,0x00,
    0x21,0x00,0x21,0x00,0x21,0x00,0x20,0x00,0x61,0x08,0xA3,0x10,0xA2,0x10,0x41,0x08,0x21,0x00,0x21,0x00,0x21,0x00,0x21,0x00,
    0x21,0x00,0x21,0x00,0x21,0x00,0x21,0x00,0x21,0x00,0x21,0x00,0x21,0x00,0x21,0x00,0x21,0x00,0x21,0x00,0x20,0x00,0x41,0x08,
    0xA2,0x10,0x82,0x10,0x21,0x00,0x20,0x00,0x20,0x00,0x20,0x00,0x20,0x00,0x20,0x00,0x20,0x00,0x20,0x00,0x20,0x00,0x20,0x00,
    0x20,0x00,0x20,0x00,0x20,0x00,0x20,0x00,0x62,0x08,0x41,0x08,0x20,0x00,0x20,0x00,0x20,0x00,0x20,0x00,0x20,0x00,0x20,0x00,
    0x20,0x00,0x20,0x00,0x20,0x00,0x20,0x00,0x20,0x00,0x20,0x00,0x20,0x00,0x21,0x00,0x21,0x00,0x41,0x00,0xA2,0x10,0xA3,0x10,
    0x61,0x08,0x20,0x00,0x21,0x00,0x41,0x00,0x41,0x00,0x41,0x00,0x41,0x00,0x41,0x00,0x41,0x00,0x41,0x00,0x41,0x00,0x41,0x00,
    0x41,0x00,0x41,0x00,0x41,0x00,0x41,0x00,0x41,0x08,0xA3,0x10,0xC3,0x10,0x61,0x08,0x21,0x00,0x41,0x00,0x41,0x00,0x41,0x00,
    0x41,0x00,0x41,0x00,0x41,0x00,0x41,0x00,0x41,0x00,0x41,0x00,0x41,0x00,0x41,0x00,0x41,0x00,0x41,0x00,0x41,0x00,0x41,0x08,
    0xA3,0x10,0xC3,0x10,0x61,0x08,0x21,0x00,0x41,0x00,0x41,0x00,0x41,0x00,0x41,0x00,0x41,0x00,0x41,0x00,0x41,0x00,0x41,0x00,
    0x41,0x00,0x41,0x00,0x41,0x00,0x41,0x00,0x41,0x00,0x41,0x00,0x41,0x08,0xA3,0x10,0xC3,0x10,0x61,0x08,0x21,0x00,0x41,0x00,
    0x41,0x00,0x41,0x00,0x41,0x00,0x41,0x00,0x41,0x00,0x41,0x00,0x41,0x00,0x41,0x00,0x41,0x00,0x41,0x00,0x41,0x00,0x41,0x00,
    0x41,0x00,0x41,0x08,0xA3,0x10,0xC3,0x10,0x61,0x08,0x21,0x00,0x41,0x00,0x41,0x00,0x41,0x00,0x41,0x00,0x41,0x00,0x41,0x00,
    0x41,0x00,0x41,0x00,0x41,0x00,0x41,0x00,0x41,0x00,0x41,0x00,0x41,0x00,0x41,0x00,0x41,0x08,0xA3,0x10,0xC3,0x10,0x61,0x08,
    0x21,0x00,0x41,0x00,0x41,0x00,0x41,0x00,0x41,0x00,0x41,0x00,0x41,0x00,0x41,0x00,0x41,0x00,0x41,0x00,0x41,0x00,0x41,0x00,
    0x41,0x00,0x41,0x00,0x41,0x00,0x21,0x00,0x82,0x10,0xC3,0x10,0x82,0x10,0x21,0x00,0x41,0x00,0x41,0x00,0x41,0x00,0x41,0x00,
    0x41,0x00,0x41,0x00,0x41,0x00,0x41,0x00,0x41,0x00,0x41,0x00,0x41,0x00,0x41,0x00,0x41,0x00,0x41,0x00,0x21,0x00,0x82,0x10,
    0xC3,0x10,0x82,0x10,0x21,0x00,0x41,0x00,0x41,0x00,0x41,0x00,0x41,0x00,0x41,0x00,0x41,0x00,0x41,0x00,0x41,0x00,0x41,0x00,
    0x41,0x00,0x41,0x00,0x41,0x00,0x41,0x00,0x41,0x00,0x21,0x00,0x82,0x10,0xC3,0x10,0x82,0x10,0x21,0x00,0x41,0x00,0x41,0x00,
    0x41,0x00,0x41,0x00,0x41,0x00,0x41,0x00,0x41,0x00,0x41,0x00,0x41,0x00,0x41,0x00,0x41,0x00,0x41,0x00,0x41,0x00,0x41,0x00,
    0x21,0x00,0x82,0x10,0xC3,0x10,0x82,0x10,0x21,0x00,0x41,0x00,0x41,0x00,0x41,0x00,0x41,0x00,0x41,0x00,0x41,0x00,0x41,0x00,
    0x41,0x00,0x41,0x00,0x41,0x00,0x41,0x00,0x41,0x00,0x41,0x00,0x41,0x00,0x21,0x00,0x82,0x10,0xC3,0x10,0x82,0x10,0x21,0x00,
    0x41,0x00,0x41,0x00,0x41,0x00,0x41,0x00,0x41,0x00,0x41,0x00,0x41,0x00,0x41,0x00,0x41,0x00,0x41,0x00,0x41,0x00,0x41,0x00,
    0x41,0x00,0x41,0x00,0x21,0x00,0x82,0x10,0xC3,0x10,0x82,0x10,0x21,0x00,0x41,0x00,0x41,0x00,0x41,0x00,0x41,0x00,0x41,0x00,
    0x41,0x00,0x41,0x00,0x41,0x00,0x41,0x00,0x41,0x00,0x41,0x00,0x41,0x00,0x41,0x00,0x41,0x00,0x21,0x00,0x61,0x08,0xC3,0x10,
    0xA3,0x10,0x41,0x08,0x41,0x00,0x41,0x00,0x41,0x00,0x41,0x00,0x41,0x00,0x41,0x00,0x41,0x00,0x41,0x00,0x41,0x00,0x41,0x00,
    0x41,0x00,0x41,0x00,0x41,0x00,0x41,0x00,0x21,0x00,0x61,0x08,0xC3,0x10,0xA3,0x10,0x41,0x08,0x41,0x00,0x41,0x00,0x41,0x00,
    0x41,0x00,0x41,0x00,0x41,0x00,0x41,0x00,0x41,0x00,0x41,0x00,0x41,0x00,0x41,0x00,0x41,0x00,0x41,0x00,0x41,0x00,0x21,0x00,
    0x61,0x08,0xC3,0x10,0xA3,0x10,0x41,0x08,0x41,0x00,0x41,0x00,0x41,0x00,0x41,0x00,0x41,0x00,0x41,0x00,0x41,0x00,0x41,0x00,
    0x41,0x00,0x21,0x00,0x21,0x00,0x21,0x00,0x21,0x00,0x21,0x00,0x20,0x00,0x41,0x08,0xA2,0x10,0x82,0x10,0x21,0x00,0x20,0x00,
    0x20,0x00,0x20,0x00,0x20,0x00,0x20,0x00,0x20,0x00,0x20,0x00,0x20,0x00,0x20,0x00,0x20,0x00,0x20,0x00,0x20,0x00,0x20,0x00,
    0x62,0x08,0x41,0x08,0x20,0x00,0x20,0x00,0x20,0x00,0x20,0x00,0x20,0x00,0x20,0x00,0x20,0x00,0x20,0x00,0x20,0x00,0x20,0x00,
    0x20,0x00,0x20,0x00,0x20,0x00,0x21,0x00,0x21,0x00,0x41,0x00,0xA2,0x10,0xA3,0x10,0x61,0x08,0x20,0x00,0x21,0x00,0x41,0x00,
    0x41,0x00,0x41,0x00,0x41,0x00,0x41,0x00,0x41,0x00,0x41,0x00,0x41,0x00,0x41,0x00,0x41,0x00,0x41,0x00,0x41,0x00,0x41,0x00,
    0x41,0x08,0xA3,0x10,0xC3,0x10,0x61,0x08,0x21,0x00,0x41,0x00,0x41,0x00,0x41,0x00,0x41,0x00,0x41,0x00,0x41,0x00,0x41,0x00,
    0x41,0x00,0x41,0x00,0x41,0x00,0x41,0x00,0x41,0x00,0x41,0x00,0x41,0x00,0x41,0x08,0xA3,0x10,0xC3,0x10,0x61,0x08,0x21,0x00,
    0x41,0x00,0x41,0x00,0x41,0x00,0x41,0x00,0x41,0x00,0x41,0x00,0x41,0x00,0x41,0x00,0x41,0x00,0x41,0x00,0x41,0x00,0x41,0x00,
    0x41,0x00,0x41,0x00,0x41,0x08,0xA3,0x10,0xC3,0x10,0x61,0x08,0x21,0x00,0x41,0x00,0x41,0x00,0x41,0x00,0x41,0x00,0x41,0x00,
    0x41,0x00,0x41,0x00,0x41,0x00,0x41,0x00,0x41,0x00,0x41,0x00,0x41,0x00,0x41,0x00,0x41,0x00,0x41,0x08,0xA3,0x10,0xC3,0x10,
    0x61,0x08,0x21,0x00,0x41,0x00,0x41,0x00,0x41,0x00,0x41,0x00,0x41,0x00,0x41,0x00,0x41,0x00,0x41,0x00,0x41,0x00,0x41,0x00,
    0x41,0x00,0x41,0x00,0x41,0x00,0x41,0x00,0x41,0x08,0xA3,0x10,0xC3,0x10,0x61,0x08,0x21,0x00,0x41,0x00,0x41,0x00,0x41,0x00,
    0x41,0x00,0x41,0x00,0x41,0x00,0x41,0x00,0x41,0x00,0x41,0x00,0x41,0x00,0x41,0x00,0x41,0x00,0x41,0x00,0x41,0x00,0x21,0x00,
    0x82,0x10,0xC3,0x10,0x82,0x10,0x21,0x00,0x41,0x00,0x41,0x00,0x41,0x00,0x41,0x00,0x41,0x00,0x41,0x00,0x41,0x00,0x41,0x00,
    0x41,0x00,0x41,0x00,0x41,0x00,0x41,0x00,0x41,0x00,0x41,0x00,0x21,0x00,0x82,0x10,0xC3,0x10,0x82,0x10,0x21,0x00,0x41,0x00,
    0x41,0x00,0x41,0x00,0x41,0x00,0x41,0x00,0x41,0x00,0x41,0x00,0x41,0x00,0x41,0x00,0x41,0x00,0x41,0x00,0x41,0x00,0x41,0x00,
    0x41,0x00,0x21,0x00,0x82,0x10,0xC3,0x10,0x82,0x10,0x21,0x00,0x41,0x00,0x41,0x00,0x41,0x00,0x41,0x00,0x41,0x00,0x41,0x00,
    0x41,0x00,0x41,0x00,0x41,0x00,0x41,0x00,0x41,0x00,0x41,0x00,0x41,0x00,0x41,0x00,0x21,0x00,0x82,0x10,0xC3,0x10,0x82,0x10,
    0x21,0x00,0x41,0x00,0x41,0x00,0x41,0x00,0x41,0x00,0x41,0x00,0x41,0x00,0x41,0x00,0x41,0x00,0x41,0x00,0x41,0x00,0x41,0x00,
    0x41,0x00,0x41,0x00,0x41,0x00,0x21,0x00,0x82,0x10,0xC3,0x10,0x82,0x10,0x21,0x00,0x41,0x00,0x41,0x00,0x41,0x00,0x41,0x00,
    0x41,0x00,0x41,0x00,0x41,0x00,0x41,0x00,0x41,0x00,0x41,0x00,0x41,0x00,0x41,0x00,0x41,0x00,0x41,0x00,0x21,0x00,0x82,0x10,
    0xC3,0x10,0x82,0x10,0x21,0x00,0x41,0x00,0x41,0x00,0x41,0x00,0x41,0x00,0x41,0x00,0x41,0x00,0x41,0x00,0x41,0x00,0x41,0x00,
    0x41,0x00,0x41,0x00,0x41,0x00,0x41,0x00,0x41,0x00,0x21,0x00,0x61,0x08,0xC3,0x10,0xA3,0x10,0x41,0x08,0x41,0x00,0x41,0x00,
    0x41,0x00,0x41,0x00,0x41,0x00,0x41,0x00,0x41,0x00,0x41,0x00,0x41,0x00,0x41,0x00,0x41,0x00,0x41,0x00,0x41,0x00,0x41,0x00,
    0x21,0x00,0x61,0x08,0xC3,0x10,0xA3,0x10,0x41,0x08,0x41,0x00,0x41,0x00,0x41,0x00,0x41,0x00,0x41,0x00,0x41,0x00,0x41,0x00,
    0x41,0x00,0x41,0x00,0x41,0x00,0x41,0x00,0x41,0x00,0x41,0x00,0x41,0x00,0x21,0x00,0x61,0x08,0xC3,0x10,0xA3,0x10,0x41,0x08,
    0x41,0x00,0x41,0x00,0x41,0x00,0x41,0x00,0x41,0x00,0x41,0x00,0x41,0x00,0x41,0x00,0x41,0x00,0x21,0x00,0x21,0x00,0x21,0x00,
    0x21,0x00,0x21,0x00,0x20,0x00,0x41,0x08,0xA2,0x10,0x82,0x10,0x21,0x00,0x20,0x00,0x20,0x00,0x20,0x00,0x20,0x00,0x20,0x00,
    0x20,0x00,0x20,0x00,0x20,0x00,0x20,0x00,0x20,0x00,0x20,0x00,0x20,0x00,0x20,0x00,0x62,0x08,0x41,0x08,0x20,0x00,0x20,0x00,
    0x20,0x00,0x20,0x00,0x20,0x00,0x20,0x00,0x20,0x00,0x20,0x00,0x20,0x00,0x20,0x00,0x20,0x00,0x20,0x00,0x20,0x00,0x21,0x00,
    0x21,0x00,0x41,0x00,0xA2,0x10,0xA3,0x10,0x61,0x08,0x20,0x00,0x21,0x00,0x41,0x00,0x41,0x00,0x41,0x00,0x41,0x00,0x41,0x00,
    0x41,0x00,0x41,0x00,0x41,0x00,0x41,0x00,0x41,0x00,0x41,0x00,0x41,0x00,0x41,0x00,0x41,0x08,0xA3,0x10,0xC3,0x10,0x61,0x08,
    0x21,0x00,0x41,0x00,0x41,0x00,0x41,0x00,0x41,0x00,0x41,0x00,0x41,0x00,0x41,0x00,0x41,0x00,0x41,0x00,0x41,0x00,0x41,0x00,
    0x41,0x00,0x41,0x00,0x41,0x00,0x41,0x08,0xA3,0x10,0xC3,0x10,0x61,0x08,0x21,0x00,0x41,0x00,0x41,0x00,0x41,0x00,0x41,0x00,
    0x41,0x00,0x41,0x00,0x41,0x00,0x41,0x00,0x41,0x00,0x41,0x00,0x41,0x00,0x41,0x00,0x41,0x00,0x41,0x00,0x41,0x08,0xA3,0x10,
    0xC3,0x10,0x61,0x08,0x21,0x00,0x41,0x00,0x41,0x00,0x41,0x00,0x41,0x00,0x41,0x00,0x41,0x00,0x41,0x00,0x41,0x00,0x41,0x00,
    0x41,0x00,0x41,0x00,0x41,0x00,0x41,0x00,0x41,0x00,0x41,0x08,0xA3,0x10,0xC3,0x10,0x61,0x08,0x21,0x00,0x41,0x00,0x41,0x00,
    0x41,0x00,0x41,0x00,0x41,0x00,0x41,0x00,0x41,0x00,0x41,0x00,0x41,0x00,0x41,0x00,0x41,0x00,0x41,0x00,0x41,0x00,0x41,0x00,
    0x41,0x08,0xA3,0x10,0xC3,0x10,0x61,0x08,0x21,0x00,0x41,0x00,0x41,0x00,0x41,0x00,0x41,0x00,0x41,0x00,0x41,0x00,0x41,0x00,
    0x41,0x00,0x41,0x00,0x41,0x00,0x41,0x00,0x41,0x00,0x41,0x00,0x41,0x00,0x21,0x00,0x82,0x10,0xC3,0x18,0x82,0x10,0x21,0x00,
    0x41,0x00,0x41,0x00,0x41,0x00,0x41,0x00,0x41,0x00,0x41,0x00,0x41,0x00,0x41,0x00,0x41,0x00,0x41,0x00,0x41,0x00,0x41,0x00,
    0x41,0x00,0x41,0x00,0x21,0x00,0x82,0x10,0xC3,0x18,0x82,0x10,0x21,0x00,0x41,0x00,0x41,0x00,0x41,0x00,0x41,0x00,0x41,0x00,
    0x41,0x00,0x41,0x00,0x41,0x00,0x41,0x00,0x41,0x00,0x41,0x00,0x41,0x00,0x41,0x00,0x41,0x00,0x21,0x00,0x82,0x10,0xC3,0x18,
    0x82,0x10,0x21,0x00,0x41,0x00,0x41,0x00,0x41,0x00,0x41,0x00,0x41,0x00,0x41,0x00,0x41,0x00,0x41,0x00,0x41,0x00,0x41,0x00,
    0x41,0x00,0x41,0x00,0x41,0x00,0x41,0x00,0x21,0x00,0x82,0x10,0xC3,0x18,0x82,0x10,0x21,0x00,0x41,0x00,0x41,0x00,0x41,0x00,
    0x41,0x00,0x41,0x00,0x41,0x00,0x41,0x00,0x41,0x00,0x41,0x00,0x41,0x00,0x41,0x00,0x41,0x00,0x41,0x00,0x41,0x00,0x21,0x00,
    0x82,0x10,0xC3,0x18,0x82,0x10,0x21,0x00,0x41,0x00,0x41,0x00,0x41,0x00,0x41,0x00,0x41,0x00,0x41,0x00,0x41,0x00,0x41,0x00,
    0x41,0x00,0x41,0x00,0x41,0x00,0x41,0x00,0x41,0x00,0x41,0x00,0x21,0x00,0x82,0x10,0xC3,0x18,0x82,0x10,0x21,0x00,0x41,0x00,
    0x41,0x00,0x41,0x00,0x41,0x00,0x41,0x00,0x41,0x00,0x41,0x00,0x41,0x00,0x41,0x00,0x41,0x00,0x41,0x00,0x41,0x00,0x41,0x00,
    0x41,0x00,0x21,0x00,0x61,0x08,0xC3,0x10,0xA3,0x10,0x41,0x08,0x41,0x00,0x41,0x00,0x41,0x00,0x41,0x00,0x41,0x00,0x41,0x00,
    0x41,0x00,0x41,0x00,0x41,0x00,0x41,0x00,0x41,0x00,0x41,0x00,0x41,0x00,0x41,0x00,0x21,0x00,0x61,0x08,0xC3,0x10,0xA3,0x10,
    0x41,0x08,0x41,0x00,0x41,0x00,0x41,0x00,0x41,0x00,0x41,0x00,0x41,0x00,0x41,0x00,0x41,0x00,0x41,0x00,0x41,0x00,0x41,0x00,
    0x41,0x00,0x41,0x00,0x41,0x00,0x21,0x00,0x61,0x08,0xC3,0x10,0xA3,0x10,0x41,0x08,0x41,0x00,0x41,0x00,0x41,0x00,0x41,0x00,
    0x41,0x00,0x41,0x00,0x41,0x00,0x41,0x00,0x41,0x00,0x21,0x00,0x21,0x00,0x21,0x00,0x21,0x00,0x21,0x00,0x20,0x00,0x41,0x08,
    0xA2,0x10,0x82,0x10,0x21,0x00,0x20,0x00,0x20,0x00,0x20,0x00,0x20,0x00,0x20,0x00,0x20,0x00,0x20,0x00,0x20,0x00,0x20,0x00,
    0x20,0x00,0x20,0x00,0x20,0x00,0x20,0x00,0x62,0x08,0x41,0x00,0x20,0x00,0x20,0x00,0x20,0x00,0x20,0x00,0x20,0x00,0x20,0x00,
    0x20,0x00,0x20,0x00,0x20,0x00,0x20,0x00,0x20,0x00,0x20,0x00,0x20,0x00,0x21,0x00,0x21,0x00,0x21,0x00,0xA2,0x10,0xA3,0x10,
    0x41,0x08,0x20,0x00,0x21,0x00,0x41,0x00,0x41,0x00,0x41,0x00,0x41,0x00,0x41,0x08,0x41,0x08,0x41,0x08,0x41,0x08,0x41,0x08,
    0x41,0x08,0x41,0x08,0x41,0x08,0x41,0x08,0x41,0x08,0xA3,0x10,0xC3,0x18,0x61,0x08,0x21,0x00,0x41,0x08,0x41,0x08,0x41,0x08,
    0x41,0x08,0x41,0x08,0x41,0x08,0x41,0x08,0x41,0x08,0x41,0x08,0x41,0x08,0x41,0x08,0x41,0x08,0x41,0x08,0x41,0x08,0x41,0x08,
    0xA3,0x10,0xC3,0x18,0x61,0x08,0x21,0x00,0x41,0x08,0x41,0x08,0x41,0x08,0x41,0x08,0x41,0x08,0x41,0x08,0x41,0x08,0x41,0x08,
    0x41,0x08,0x41,0x08,0x41,0x08,0x41,0x08,0x41,0x08,0x41,0x08,0x41,0x08,0xA3,0x10,0xC3,0x18,0x61,0x08,0x21,0x00,0x41,0x08,
    0x41,0x08,0x41,0x08,0x41,0x08,0x41,0x08,0x41,0x08,0x41,0x08,0x41,0x08,0x41,0x08,0x41,0x08,0x41,0x08,0x41,0x08,0x41,0x08,
    0x41,0x08,0x41,0x08,0xA3,0x10,0xC3,0x18,0x61,0x08,0x21,0x00,0x41,0x08,0x41,0x08,0x41,0x08,0x41,0x08,0x41,0x08,0x41,0x08,
    0x41,0x08,0x41,0x08,0x41,0x08,0x41,0x08,0x41,0x08,0x41,0x08,0x41,0x08,0x41,0x08,0x41,0x08,0xA3,0x10,0xC3,0x18,0x61,0x08,
    0x21,0x00,0x41,0x08,0x41,0x08,0x41,0x08,0x41,0x08,0x41,0x08,0x41,0x08,0x41,0x08,0x41,0x08,0x41,0x08,0x41,0x08,0x41,0x08,
    0x41,0x08,0x41,0x08,0x41,0x08,0x21,0x00,0x82,0x10,0xC3,0x18,0x82,0x10,0x21,0x00,0x41,0x08,0x41,0x08,0x41,0x08,0x41,0x08,
    0x41,0x08,0x41,0x08,0x41,0x08,0x41,0x08,0x41,0x08,0x41,0x08,0x41,0x08,0x41,0x08,0x41,0x08,0x41,0x08,0x21,0x00,0x82,0x10,
    0xC3,0x18,0x82,0x10,0x21,0x00,0x41,0x08,0x41,0x08,0x41,0x08,0x41,0x08,0x41,0x08,0x41,0x08,0x41,0x08,0x41,0x08,0x41,0x08,
    0x41,0x08,0x41,0x08,0x41,0x08,0x41,0x08,0x41,0x08,0x21,0x00,0x82,0x10,0xC3,0x18,0x82,0x10,0x21,0x00,0x41,0x08,0x41,0x08,
    0x41,0x08,0x41,0x08,0x41,0x08,0x41,0x08,0x41,0x08,0x41,0x08,0x41,0x08,0x41,0x08,0x41,0x08,0x41,0x08,0x41,0x08,0x41,0x08,
    0x21,0x00,0x82,0x10,0xC3,0x18,0x82,0x10,0x21,0x00,0x41,0x08,0x41,0x08,0x41,0x08,0x41,0x08,0x41,0x08,0x41,0x08,0x41,0x08,
    0x41,0x08,0x41,0x08,0x41,0x08,0x41,0x08,0x41,0x08,0x41,0x08,0x41,0x08,0x21,0x00,0x82,0x10,0xC3,0x18,0x82,0x10,0x21,0x00,
    0x41,0x08,0x41,0x08,0x41,0x08,0x41,0x08,0x41,0x08,0x41,0x08,0x41,0x08,0x41,0x08,0x41,0x08,0x41,0x08,0x41,0x08,0x41,0x08,
    0x41,0x08,0x41,0x08,0x21,0x00,0x82,0x10,0xC3,0x18,0x82,0x10,0x21,0x00,0x41,0x08,0x41,0x08,0x41,0x08,0x41,0x08,0x41,0x08,
    0x41,0x08,0x41,0x08,0x41,0x08,0x41,0x08,0x41,0x08,0x41,0x08,0x41,0x08,0x41,0x08,0x41,0x08,0x21,0x00,0x61,0x08,0xC3,0x18,
    0xA3,0x10,0x41,0x08,0x41,0x08,0x41,0x08,0x41,0x08,0x41,0x08,0x41,0x08,0x41,0x08,0x41,0x08,0x41,0x08,0x41,0x08,0x41,0x08,
    0x41,0x08,0x41,0x08,0x41,0x08,0x41,0x08,0x21,0x00,0x61,0x08,0xC3,0x18,0xA3,0x10,0x41,0x08,0x41,0x08,0x41,0x08,0x41,0x08,
    0x41,0x08,0x41,0x08,0x41,0x08,0x41,0x08,0x41,0x08,0x41,0x08,0x41,0x08,0x41,0x08,0x41,0x08,0x41,0x08,0x41,0x08,0x21,0x00,
    0x61,0x08,0xC3,0x18,0xA3,0x10,0x41,0x08,0x41,0x08,0x41,0x08,0x41,0x08,0x41,0x08,0x41,0x08,0x41,0x00,0x41,0x00,0x41,0x00,
    0x41,0x00,0x21,0x00,0x21,0x00,0x21,0x00,0x21,0x00,0x21,0x00,0x20,0x00,0x41,0x08,0xA2,0x10,0x82,0x10,0x21,0x00,0x20,0x00,
    0x20,0x00,0x20,0x00,0x20,0x00,0x20,0x00,0x20,0x00,0x20,0x00,0x20,0x00,0x20,0x00,0x20,0x00,0x20,0x00,0x20,0x00,0x20,0x00,
    0x62,0x08,0x41,0x08,0x20,0x00,0x20,0x00,0x20,0x00,0x20,0x00,0x20,0x00,0x20,0x00,0x20,0x00,0x20,0x00,0x20,0x00,0x20,0x00,
    0x20,0x00,0x20,0x00,0x20,0x00,0x20,0x00,0x20,0x00,0x41,0x08,0xA2,0x10,0xA3,0x10,0x62,0x08,0x20,0x00,0x20,0x00,0x41,0x00,
    0x41,0x00,0x41,0x00,0x41,0x00,0x41,0x08,0x41,0x08,0x41,0x08,0x41,0x08,0x41,0x08,0x41,0x08,0x41,0x08,0x41,0x00,0x21,0x00,
    0x61,0x08,0xC3,0x10,0xC3,0x10,0x82,0x08,0x21,0x00,0x21,0x00,0x41,0x08,0x41,0x08,0x41,0x08,0x41,0x08,0x41,0x08,0x41,0x08,
    0x41,0x08,0x41,0x08,0x41,0x08,0x41,0x08,0x41,0x08,0x41,0x00,0x21,0x00,0x61,0x08,0xC3,0x10,0xC3,0x10,0x82,0x10,0x21,0x00,
    0x21,0x00,0x41,0x08,0x41,0x08,0x41,0x08,0x41,0x08,0x41,0x08,0x41,0x08,0x41,0x08,0x41,0x08,0x41,0x08,0x41,0x08,0x41,0x08,
    0x41,0x00,0x21,0x00,0x41,0x08,0xC3,0x10,0xC3,0x10,0x82,0x10,0x21,0x00,0x21,0x00,0x41,0x08,0x41,0x08,0x41,0x08,0x41,0x08,
    0x41,0x08,0x41,0x08,0x41,0x08,0x41,0x08,0x41,0x08,0x41,0x08,0x41,0x08,0x41,0x00,0x21,0x00,0x41,0x08,0xC3,0x10,0xC3,0x10,
    0x82,0x10,0x21,0x00,0x21,0x00,0x41,0x08,0x41,0x08,0x41,0x08,0x41,0x08,0x41,0x08,0x41,0x08,0x41,0x08,0x41,0x08,0x41,0x08,
    0x41,0x08,0x41,0x08,0x41,0x00,0x21,0x00,0x41,0x08,0xC3,0x10,0xC3,0x10,0x82,0x10,0x21,0x00,0x21,0x00,0x41,0x08,0x41,0x08,
    0x41,0x08,0x41,0x08,0x41,0x08,0x41,0x08,0x41,0x08,0x41,0x08,0x41,0x08,0x41,0x08,0x41,0x08,0x41,0x08,0x21,0x00,0x41,0x08,
    0xA2,0x10,0xC3,0x10,0xA2,0x10,0x41,0x08,0x21,0x00,0x41,0x08,0x41,0x08,0x41,0x08,0x41,0x08,0x41,0x08,0x41,0x08,0x41,0x08,
    0x41,0x08,0x41,0x08,0x41,0x08,0x41,0x08,0x41,0x08,0x21,0x00,0x41,0x08,0xA2,0x10,0xC3,0x10,0xA2,0x10,0x41,0x08,0x21,0x00,
    0x41,0x08,0x41,0x08,0x41,0x08,0x41,0x08,0x41,0x08,0x41,0x08,0x41,0x08,0x41,0x08,0x41,0x08,0x41,0x08,0x41,0x08,0x41,0x08,
    0x21,0x00,0x41,0x08,0xA2,0x10,0xC3,0x10,0xA2,0x10,0x41,0x08,0x21,0x00,0x41,0x08,0x41,0x08,0x41,0x08,0x41,0x08,0x41,0x08,
    0x41,0x08,0x41,0x08,0x41,0x08,0x41,0x08,0x41,0x08,0x41,0x08,0x41,0x08,0x21,0x00,0x41,0x08,0xA2,0x10,0xC3,0x10,0xA2,0x10,
    0x41,0x08,0x21,0x00,0x41,0x08,0x41,0x08,0x41,0x08,0x41,0x08,0x41,0x08,0x41,0x08,0x41,0x08,0x41,0x08,0x41,0x08,0x41,0x08,
    0x41,0x08,0x41,0x08,0x21,0x00,0x41,0x08,0xA2,0x10,0xC3,0x10,0xA2,0x10,0x41,0x08,0x21,0x00,0x41,0x08,0x41,0x08,0x41,0x08,
    0x41,0x08,0x41,0x08,0x41,0x08,0x41,0x08,0x41,0x08,0x41,0x08,0x41,0x08,0x41,0x08,0x41,0x08,0x21,0x00,0x41,0x08,0xA2,0x10,
    0xC3,0x10,0xA2,0x10,0x41,0x08,0x21,0x00,0x41,0x08,0x41,0x08,0x41,0x08,0x41,0x08,0x41,0x08,0x41,0x08,0x41,0x08,0x41,0x08,
    0x41,0x08,0x41,0x08,0x41,0x08,0x41,0x08,0x21,0x00,0x21,0x00,0x82,0x10,0xC3,0x10,0xC3,0x10,0x41,0x08,0x21,0x00,0x41,0x00,
    0x41,0x08,0x41,0x08,0x41,0x08,0x41,0x08,0x41,0x08,0x41,0x08,0x41,0x08,0x41,0x08,0x41,0x08,0x41,0x08,0x41,0x08,0x21,0x00,
    0x21,0x00,0x82,0x10,0xC3,0x10,0xC3,0x10,0x41,0x08,0x21,0x00,0x41,0x00,0x41,0x08,0x41,0x08,0x41,0x08,0x41,0x08,0x41,0x08,
    0x41,0x08,0x41,0x08,0x41,0x08,0x41,0x08,0x41,0x08,0x41,0x08,0x21,0x00,0x21,0x00,0x82,0x10,0xC3,0x10,0xC3,0x10,0x41,0x08,
    0x21,0x00,0x41,0x00,0x41,0x08,0x41,0x08,0x41,0x08,0x41,0x00,0x41,0x00,0x41,0x00,0x41,0x00,0x21,0x00,0x21,0x00,0x21,0x00,
    0x21,0x00,0x20,0x00,0x20,0x00,0x61,0x08,0xA2,0x10,0x82,0x10,0x41,0x08,0x20,0x00,0x20,0x00,0x20,0x00,0x20,0x00,0x20,0x00,
    0x20,0x00,0x20,0x00,0x20,0x00,0x20,0x00,0x20,0x00,0x20,0x00,0x20,0x00,0x20,0x00,0x62,0x08,0x62,0x08,0x61,0x08,0x41,0x00,
    0x20,0x00,0x20,0x00,0x20,0x00,0x20,0x00,0x20,0x00,0x20,0x00,0x20,0x00,0x20,0x00,0x20,0x00,0x20,0x00,0x20,0x00,0x41,0x08,
    0x62,0x08,0xA2,0x10,0xA3,0x10,0xA3,0x10,0xA3,0x10,0x82,0x10,0x41,0x08,0x21,0x00,0x21,0x00,0x41,0x00,0x41,0x00,0x41,0x08,
    0x41,0x08,0x41,0x08,0x41,0x08,0x41,0x08,0x41,0x08,0x21,0x00,0x41,0x08,0x82,0x10,0xC3,0x10,0xC3,0x18,0xC3,0x18,0xC3,0x10,
    0xA2,0x10,0x61,0x08,0x21,0x00,0x41,0x00,0x41,0x08,0x41,0x08,0x41,0x08,0x41,0x08,0x41,0x08,0x41,0x08,0x41,0x08,0x41,0x08,
    0x21,0x00,0x41,0x08,0x82,0x10,0xC3,0x10,0xC3,0x18,0xC3,0x18,0xC3,0x18,0xA2,0x10,0x61,0x08,0x41,0x00,0x41,0x00,0x41,0x08,
    0x41,0x08,0x41,0x08,0x41,0x08,0x41,0x08,0x41,0x08,0x41,0x08,0x41,0x08,0x21,0x00,0x41,0x08,0x82,0x10,0xC3,0x10,0xC3,0x18,
    0xC3,0x18,0xC3,0x18,0xA2,0x10,0x61,0x08,0x41,0x00,0x41,0x00,0x41,0x08,0x41,0x08,0x41,0x08,0x41,0x08,0x41,0x08,0x41,0x08,
    0x41,0x08,0x41,0x08,0x21,0x00,0x41,0x08,0x82,0x10,0xC3,0x10,0xC3,0x18,0xC3,0x18,0xC3,0x18,0xA2,0x10,0x61,0x08,0x41,0x00,
    0x41,0x00,0x41,0x08,0x41,0x08,0x41,0x08,0x41,0x08,0x41,0x08,0x41,0x08,0x41,0x08,0x41,0x08,0x21,0x00,0x41,0x08,0x82,0x10,
    0xC3,0x10,0xC3,0x18,0xC3,0x18,0xC3,0x18,0xA2,0x10,0x61,0x08,0x41,0x00,0x41,0x00,0x41,0x08,0x41,0x08,0x41,0x08,0x41,0x08,
    0x41,0x08,0x41,0x08,0x41,0x08,0x41,0x08,0x21,0x00,0x41,0x08,0x62,0x08,0xA3,0x10,0xC3,0x18,0xC3,0x18,0xC3,0x18,0xA3,0x10,
    0x62,0x08,0x41,0x00,0x21,0x00,0x41,0x08,0x41,0x08,0x41,0x08,0x41,0x08,0x41,0x08,0x41,0x08,0x41,0x08,0x41,0x08,0x21,0x00,
    0x41,0x08,0x62,0x08,0xA3,0x10,0xC3,0x18,0xC3,0x18,0xC3,0x18,0xA3,0x10,0x62,0x08,0x41,0x00,0x21,0x00,0x41,0x08,0x41,0x08,
    0x41,0x08,0x41,0x08,0x41,0x08,0x41,0x08,0x41,0x08,0x41,0x08,0x21,0x00,0x41,0x08,0x62,0x08,0xA3,0x10,0xC3,0x18,0xC3,0x18,
    0xC3,0x18,0xA3,0x10,0x62,0x08,0x41,0x00,0x21,0x00,0x41,0x08,0x41,0x08,0x41,0x08,0x41,0x08,0x41,0x08,0x41,0x08,0x41,0x08,
    0x41,0x08,0x21,0x00,0x41,0x08,0x62,0x08,0xA3,0x10,0xC3,0x18,0xC3,0x18,0xC3,0x18,0xA3,0x10,0x62,0x08,0x41,0x08,0x21,0x00,
    0x41,0x08,0x41,0x08,0x41,0x08,0x41,0x08,0x41,0x08,0x41,0x08,0x41,0x08,0x41,0x08,0x21,0x00,0x41,0x00,0x62,0x08,0xA3,0x10,
    0xC3,0x18,0xC3,0x18,0xC3,0x18,0xA3,0x10,0x62,0x08,0x41,0x08,0x21,0x00,0x41,0x08,0x41,0x08,0x41,0x08,0x41,0x08,0x41,0x08,
    0x41,0x08,0x41,0x08,0x41,0x08,0x21,0x00,0x41,0x00,0x62,0x08,0xA3,0x10,0xC3,0x18,0xC3,0x18,0xC3,0x18,0xA3,0x10,0x62,0x08,
    0x41,0x08,0x21,0x00,0x41,0x08,0x41,0x08,0x41,0x08,0x41,0x08,0x41,0x08,0x41,0x08,0x41,0x08,0x41,0x08,0x41,0x00,0x41,0x00,
    0x61,0x08,0xA2,0x10,0xC3,0x18,0xC3,0x18,0xC3,0x18,0xC3,0x10,0x82,0x10,0x41,0x08,0x21,0x00,0x41,0x08,0x41,0x08,0x41,0x08,
    0x41,0x08,0x41,0x08,0x41,0x08,0x41,0x08,0x41,0x08,0x41,0x00,0x41,0x00,0x61,0x08,0xA2,0x10,0xC3,0x18,0xC3,0x18,0xC3,0x18,
    0xC3,0x10,0x82,0x10,0x41,0x08,0x21,0x00,0x41,0x08,0x41,0x08,0x41,0x08,0x41,0x08,0x41,0x08,0x41,0x08,0x41,0x08,0x41,0x08,
    0x41,0x00,0x41,0x00,0x61,0x08,0xA2,0x10,0xC3,0x18,0xC3,0x18,0xC3,0x18,0xC3,0x10,0x82,0x10,0x41,0x08,0x21,0x00,0x41,0x08,
    0x41,0x08,0x41,0x00,0x41,0x00,0x41,0x00,0x41,0x00,0x21,0x00,0x21,0x00,0x21,0x00,0x21,0x00,0x41,0x08,0x82,0x10,0xA2,0x10,
    0xA2,0x10,0xA2,0x10,0x82,0x10,0x61,0x08,0x21,0x00,0x20,0x00,0x20,0x00,0x20,0x00,0x20,0x00,0x20,0x00,0x20,0x00,0x20,0x00,
    0x20,0x00,0x20,0x00,0x20,0x00,0x20,0x00,0x41,0x08,0x62,0x08,0x82,0x08,0x82,0x08,0x41,0x08,0x21,0x00,0x20,0x00,0x20,0x00,
    0x20,0x00,0x20,0x00,0x20,0x00,0x20,0x00,0x20,0x00,0x21,0x00,0x61,0x08,0x82,0x10,0xA2,0x10,0xA3,0x10,0x82,0x10,0x62,0x08,
    0xA3,0x10,0xC3,0x10,0xA3,0x10,0x82,0x08,0x41,0x08,0x21,0x00,0x41,0x00,0x41,0x08,0x41,0x08,0x41,0x08,0x41,0x08,0x21,0x00,
    0x41,0x08,0x82,0x10,0xC3,0x10,0xC3,0x18,0xC3,0x18,0xA2,0x10,0x82,0x10,0xC3,0x18,0xC3,0x18,0xC3,0x18,0x82,0x10,0x41,0x08,
    0x21,0x00,0x41,0x08,0x41,0x08,0x41,0x08,0x41,0x08,0x41,0x08,0x21,0x00,0x41,0x08,0x82,0x10,0xC3,0x10,0xC3,0x18,0xC3,0x18,
    0xA2,0x10,0x82,0x10,0xC3,0x18,0xC3,0x18,0xC3,0x18,0xA2,0x10,0x41,0x08,0x21,0x00,0x41,0x00,0x41,0x08,0x41,0x08,0x41,0x08,
    0x41,0x08,0x21,0x00,0x41,0x08,0x62,0x08,0xC3,0x10,0xC3,0x18,0xC3,0x18,0xA2,0x10,0x82,0x10,0xC3,0x18,0xC3,0x18,0xC3,0x18,
    0xA2,0x10,0x41,0x08,0x21,0x00,0x41,0x00,0x41,0x08,0x41,0x08,0x41,0x08,0x41,0x08,0x21,0x00,0x41,0x08,0x62,0x08,0xC3,0x10,
    0xC3,0x18,0xC3,0x18,0xA2,0x10,0x82,0x10,0xC3,0x18,0xC3,0x18,0xC3,0x18,0xA2,0x10,0x41,0x08,0x21,0x00,0x41,0x00,0x41,0x08,
    0x41,0x08,0x41,0x08,0x41,0x08,0x21,0x00,0x41,0x08,0x62,0x08,0xC3,0x10,0xC3,0x18,0xC3,0x18,0xA2,0x10,0x82,0x10,0xC3,0x18,
    0xC3,0x18,0xC3,0x18,0xA2,0x10,0x41,0x08,0x21,0x00,0x41,0x00,0x41,0x08,0x41,0x08,0x41,0x08,0x41,0x08,0x21,0x00,0x21,0x00,
    0x62,0x08,0xC3,0x10,0xC3,0x18,0xC3,0x18,0xC3,0x10,0x82,0x10,0xC3,0x10,0xC3,0x18,0xC3,0x18,0xA2,0x10,0x61,0x08,0x41,0x00,
    0x41,0x00,0x41,0x08,0x41,0x08,0x41,0x08,0x41,0x08,0x21,0x00,0x21,0x00,0x62,0x08,0xC3,0x10,0xC3,0x18,0xC3,0x18,0xC3,0x10,
    0x82,0x10,0xC3,0x10,0xC3,0x18,0xC3,0x18,0xA2,0x10,0x61,0x08,0x41,0x00,0x41,0x00,0x41,0x08,0x41,0x08,0x41,0x08,0x41,0x08,
    0x21,0x00,0x21,0x00,0x62,0x08,0xC3,0x10,0xC3,0x18,0xC3,0x18,0xC3,0x10,0x82,0x10,0xC3,0x10,0xC3,0x18,0xC3,0x18,0xA2,0x10,
    0x61,0x08,0x41,0x00,0x41,0x00,0x41,0x08,0x41,0x08,0x41,0x08,0x41,0x08,0x21,0x00,0x21,0x00,0x62,0x08,0xC3,0x10,0xC3,0x18,
    0xC3,0x18,0xC3,0x10,0x82,0x10,0xC3,0x10,0xC3,0x18,0xC3,0x18,0xC3,0x10,0x62,0x08,0x21,0x00,0x21,0x00,0x41,0x08,0x41,0x08,
    0x41,0x08,0x41,0x08,0x41,0x00,0x41,0x00,0x61,0x08,0xA2,0x10,0xC3,0x18,0xC3,0x18,0xC3,0x10,0x82,0x10,0xC3,0x10,0xC3,0x18,
    0xC3,0x18,0xC3,0x10,0x62,0x08,0x21,0x00,0x21,0x00,0x41,0x08,0x41,0x08,0x41,0x08,0x41,0x08,0x41,0x00,0x41,0x00,0x61,0x08,
    0xA2,0x10,0xC3,0x18,0xC3,0x18,0xC3,0x10,0x82,0x10,0xC3,0x10,0xC3,0x18,0xC3,0x18,0xC3,0x10,0x62,0x08,0x21,0x00,0x21,0x00,
    0x41,0x08,0x41,0x08,0x41,0x08,0x41,0x08,0x41,0x00,0x21,0x00,0x41,0x08,0xA2,0x10,0xC3,0x18,0xC3,0x18,0xC3,0x18,0x82,0x10,
    0xA2,0x10,0xC3,0x18,0xC3,0x18,0xC3,0x10,0x62,0x08,0x41,0x08,0x21,0x00,0x41,0x08,0x41,0x08,0x41,0x08,0x41,0x08,0x41,0x00,
    0x21,0x00,0x41,0x08,0xA2,0x10,0xC3,0x18,0xC3,0x18,0xC3,0x18,0x82,0x10,0xA2,0x10,0xC3,0x18,0xC3,0x18,0xC3,0x10,0x62,0x08,
    0x41,0x08,0x21,0x00,0x41,0x08,0x41,0x08,0x41,0x08,0x41,0x08,0x41,0x00,0x21,0x00,0x41,0x08,0xA2,0x10,0xC3,0x18,0xC3,0x18,
    0xC3,0x18,0x82,0x10,0xA2,0x10,0xC3,0x18,0xC3,0x18,0xA3,0x10,0x62,0x08,0x41,0x08,0x21,0x00,0x41,0x00,0x41,0x00,0x41,0x00,
    0x41,0x00,0x21,0x00,0x20,0x00,0x41,0x08,0x82,0x10,0xA3,0x10,0xA3,0x10,0xA2,0x10,0x62,0x08,0x82,0x08,0xA2,0x10,0xA2,0x10,
    0x82,0x10,0x61,0x08,0x20,0x00,0x20,0x00,0x20,0x00,0x20,0x00,0x20,0x00,0x20,0x00,0x20,0x00,0x20,0x00,0x20,0x00,0x41,0x08,
    0x20,0x00,0x21,0x00,0x61,0x08,0x82,0x08,0x82,0x10,0x82,0x08,0x41,0x08,0x20,0x00,0x20,0x00,0x20,0x00,0x20,0x00,0x20,0x00,
    0x41,0x08,0x82,0x10,0xA2,0x10,0xA2,0x10,0x82,0x10,0x61,0x08,0x21,0x00,0x20,0x00,0x41,0x08,0x82,0x10,0xA3,0x10,0xC3,0x10,
    0xA3,0x10,0x62,0x08,0x41,0x00,0x21,0x00,0x41,0x08,0x21,0x00,0x41,0x08,0x62,0x08,0xA3,0x10,0xC3,0x18,0xC3,0x18,0xC3,0x10,
    0x82,0x08,0x41,0x08,0x41,0x00,0x61,0x08,0xA3,0x10,0xC3,0x18,0xE3,0x18,0xC3,0x18,0x82,0x10,0x41,0x08,0x41,0x00,0x41,0x08,
    0x41,0x00,0x41,0x08,0x82,0x08,0xC3,0x10,0xC3,0x18,0xC3,0x18,0xC3,0x10,0x82,0x08,0x41,0x08,0x41,0x00,0x61,0x08,0xA3,0x10,
    0xC3,0x18,0xE3,0x18,0xC3,0x18,0x82,0x10,0x41,0x08,0x41,0x00,0x41,0x08,0x41,0x08,0x41,0x08,0x61,0x08,0xA3,0x10,0xC3,0x18,
    0xC3,0x18,0xC3,0x10,0x82,0x08,0x41,0x08,0x41,0x00,0x61,0x08,0xA3,0x10,0xC3,0x18,0xE3,0x18,0xC3,0x18,0x82,0x10,0x41,0x08,
    0x41,0x00,0x41,0x08,0x41,0x08,0x41,0x08,0x61,0x08,0xA3,0x10,0xC3,0x18,0xC3,0x18,0xC3,0x10,0x82,0x08,0x41,0x08,0x41,0x00,
    0x61,0x08,0xA3,0x10,0xC3,0x18,0xE3,0x18,0xC3,0x18,0x82,0x10,0x41,0x08,0x41,0x00,0x41,0x08,0x41,0x08,0x41,0x08,0x61,0x08,
    0xA3,0x10,0xC3,0x18,0xC3,0x18,0xC3,0x10,0x82,0x08,0x41,0x08,0x41,0x00,0x61,0x08,0xA3,0x10,0xC3,0x18,0xE3,0x18,0xC3,0x18,
    0x82,0x10,0x41,0x08,0x41,0x00,0x41,0x08,0x41,0x08,0x41,0x08,0x61,0x08,0xA3,0x10,0xC3,0x18,0xE3,0x18,0xC3,0x18,0x82,0x10,
    0x41,0x08,0x21,0x00,0x41,0x08,0x82,0x10,0xC3,0x18,0xE3,0x18,0xC3,0x18,0xA2,0x10,0x41,0x08,0x41,0x00,0x41,0x08,0x41,0x08,
    0x41,0x08,0x61,0x08,0xA3,0x10,0xC3,0x18,0xE3,0x18,0xC3,0x18,0x82,0x10,0x41,0x08,0x21,0x00,0x41,0x08,0x82,0x10,0xC3,0x18,
    0xE3,0x18,0xC3,0x18,0xA2,0x10,0x41,0x08,0x41,0x00,0x41,0x08,0x41,0x08,0x41,0x08,0x61,0x08,0xA3,0x10,0xC3,0x18,0xE3,0x18,
    0xC3,0x18,0x82,0x10,0x41,0x08,0x21,0x00,0x41,0x08,0x82,0x10,0xC3,0x18,0xE3,0x18,0xC3,0x18,0xA2,0x10,0x41,0x08,0x41,0x00,
    0x41,0x08,0x41,0x08,0x41,0x08,0x61,0x08,0xA3,0x10,0xC3,0x18,0xE3,0x18,0xC3,0x18,0x82,0x10,0x41,0x08,0x21,0x00,0x41,0x08,
    0x82,0x10,0xC3,0x18,0xE3,0x18,0xC3,0x18,0xA3,0x10,0x61,0x08,0x41,0x08,0x41,0x08,0x41,0x08,0x41,0x00,0x41,0x08,0xA2,0x10,
    0xC3,0x18,0xE3,0x18,0xC3,0x18,0x82,0x10,0x41,0x08,0x21,0x00,0x41,0x08,0x82,0x10,0xC3,0x18,0xE3,0x18,0xC3,0x18,0xA3,0x10,
    0x61,0x08,0x41,0x08,0x41,0x08,0x41,0x08,0x41,0x00,0x41,0x08,0xA2,0x10,0xC3,0x18,0xE3,0x18,0xC3,0x18,0x82,0x10,0x41,0x08,
    0x21,0x00,0x41,0x08,0x82,0x10,0xC3,0x18,0xE3,0x18,0xC3,0x18,0xA3,0x10,0x61,0x08,0x41,0x08,0x41,0x08,0x41,0x08,0x41,0x00,
    0x41,0x08,0x82,0x10,0xC3,0x18,0xE3,0x18,0xC3,0x18,0xA3,0x10,0x61,0x08,0x41,0x00,0x41,0x08,0x82,0x08,0xC3,0x10,0xC3,0x18,
    0xC3,0x18,0xA3,0x10,0x61,0x08,0x41,0x08,0x41,0x08,0x41,0x08,0x41,0x00,0x41,0x08,0x82,0x10,0xC3,0x18,0xE3,0x18,0xC3,0x18,
    0xA3,0x10,0x61,0x08,0x41,0x00,0x41,0x08,0x82,0x08,0xC3,0x10,0xC3,0x18,0xC3,0x18,0xA3,0x10,0x61,0x08,0x41,0x08,0x41,0x08,
    0x41,0x08,0x41,0x00,0x41,0x08,0x82,0x10,0xC3,0x18,0xE3,0x18,0xC3,0x18,0xA3,0x10,0x61,0x08,0x41,0x00,0x41,0x08,0x62,0x08,
    0xA3,0x10,0xC3,0x18,0xC3,0x18,0xA3,0x10,0x61,0x08,0x21,0x00,0x21,0x00,0x41,0x00,0x21,0x00,0x41,0x08,0x82,0x08,0xA2,0x10,
    0xA3,0x10,0xA3,0x10,0x82,0x10,0x41,0x08,0x20,0x00,0x20,0x00,0x41,0x08,0x82,0x10,0x82,0x10,0x82,0x10,0x82,0x08,0x41,0x08,
    0x20,0x00,0x20,0x00,0x20,0x00,0x20,0x00,0x20,0x00,0x41,0x08,0x62,0x08,0x82,0x08,0x20,0x00,0x20,0x00,0x20,0x00,0x41,0x08,
    0x62,0x08,0x82,0x10,0x82,0x10,0x82,0x08,0x41,0x08,0x20,0x00,0x41,0x08,0x82,0x10,0xA2,0x10,0xA2,0x10,0x82,0x10,0x61,0x08,
    0x21,0x00,0x20,0x00,0x21,0x00,0x41,0x00,0x20,0x00,0x20,0x00,0x61,0x08,0xA2,0x10,0xC3,0x10,0xC3,0x10,0xA3,0x10,0x61,0x08,
    0x21,0x00,0x61,0x08,0xA3,0x10,0xC3,0x18,0xE3,0x18,0xC3,0x10,0x82,0x08,0x41,0x08,0x41,0x00,0x41,0x08,0x41,0x08,0x41,0x08,
    0x41,0x00,0x62,0x08,0xC3,0x10,0xE3,0x18,0xE3,0x18,0xC3,0x10,0x62,0x08,0x41,0x08,0x62,0x08,0xC3,0x10,0xE3,0x18,0xE3,0x18,
    0xC3,0x10,0x82,0x08,0x41,0x08,0x41,0x00,0x41,0x08,0x41,0x08,0x41,0x08,0x41,0x08,0x61,0x08,0xA3,0x10,0xE3,0x18,0xE3,0x18,
    0xC3,0x18,0x82,0x10,0x41,0x08,0x41,0x08,0xA3,0x10,0xC3,0x18,0xE3,0x18,0xC3,0x18,0x82,0x10,0x41,0x08,0x41,0x00,0x41,0x08,
    0x41,0x08,0x41,0x08,0x41,0x08,0x61,0x08,0xA3,0x10,0xE3,0x18,0xE3,0x18,0xC3,0x18,0x82,0x10,0x41,0x08,0x41,0x08,0xA3,0x10,
    0xC3,0x18,0xE3,0x18,0xC3,0x18,0x82,0x10,0x41,0x08,0x41,0x00,0x41,0x08,0x41,0x08,0x41,0x08,0x41,0x08,0x61,0x08,0xA3,0x10,
    0xE3,0x18,0xE3,0x18,0xC3,0x18,0x82,0x10,0x41,0x08,0x41,0x08,0xA3,0x10,0xC3,0x18,0xE3,0x18,0xC3,0x18,0x82,0x10,0x41,0x08,
    0x41,0x00,0x41,0x08,0x41,0x08,0x41,0x08,0x41,0x08,0x61,0x08,0xA3,0x10,0xE3,0x18,0xE3,0x18,0xC3,0x18,0x82,0x10,0x41,0x08,
    0x41,0x08,0xA3,0x10,0xC3,0x18,0xE3,0x18,0xC3,0x18,0x82,0x10,0x41,0x08,0x41,0x00,0x41,0x08,0x41,0x08,0x41,0x08,0x41,0x00,
    0x41,0x08,0xA3,0x10,0xC3,0x18,0xE3,0x18,0xC3,0x18,0x82,0x10,0x41,0x08,0x41,0x08,0xA3,0x10,0xC3,0x18,0xE3,0x18,0xC3,0x18,
    0x82,0x10,0x41,0x08,0x41,0x00,0x41,0x08,0x41,0x08,0x41,0x08,0x41,0x00,0x41,0x08,0xA3,0x10,0xC3,0x18,0xE3,0x18,0xC3,0x18,
    0x82,0x10,0x41,0x08,0x41,0x08,0xA3,0x10,0xC3,0x18,0xE3,0x18,0xC3,0x18,0x82,0x10,0x41,0x08,0x41,0x00,0x41,0x08,0x41,0x08,
    0x41,0x08,0x41,0x00,0x41,0x08,0xA3,0x10,0xC3,0x18,0xE3,0x18,0xC3,0x18,0x82,0x10,0x41,0x08,0x41,0x08,0xA3,0x10,0xC3,0x18,
    0xE3,0x18,0xC3,0x18,0x82,0x10,0x41,0x08,0x41,0x00,0x41,0x08,0x41,0x08,0x41,0x08,0x41,0x00,0x41,0x08,0x82,0x10,0xC3,0x18,
    0xE3,0x18,0xC3,0x18,0xA3,0x10,0x41,0x08,0x41,0x08,0x82,0x10,0xC3,0x18,0xE3,0x18,0xC3,0x18,0xA3,0x10,0x41,0x08,0x41,0x00,
    0x41,0x08,0x41,0x08,0x41,0x08,0x41,0x00,0x41,0x08,0x82,0x10,0xC3,0x18,0xE3,0x18,0xC3,0x18,0xA3,0x10,0x41,0x08,0x41,0x08,
    0x82,0x10,0xC3,0x18,0xE3,0x18,0xC3,0x18,0xA3,0x10,0x41,0x08,0x41,0x00,0x41,0x08,0x41,0x08,0x41,0x08,0x41,0x00,0x41,0x08,
    0x82,0x10,0xC3,0x18,0xE3,0x18,0xC3,0x18,0xA3,0x10,0x41,0x08,0x41,0x08,0x82,0x10,0xC3,0x18,0xE3,0x18,0xE3,0x18,0xA3,0x10,
    0x61,0x08,0x41,0x08,0x41,0x08,0x41,0x08,0x41,0x08,0x41,0x00,0x41,0x08,0x82,0x10,0xC3,0x18,0xE3,0x18,0xC3,0x18,0xA3,0x10,
    0x41,0x08,0x41,0x08,0x82,0x10,0xC3,0x18,0xE3,0x18,0xE3,0x18,0xA3,0x10,0x61,0x08,0x41,0x08,0x41,0x08,0x41,0x08,0x41,0x08,
    0x41,0x00,0x41,0x08,0x82,0x10,0xC3,0x18,0xE3,0x18,0xC3,0x18,0xA3,0x10,0x41,0x08,0x41,0x08,0x82,0x10,0xC3,0x18,0xE3,0x18,
    0xE3,0x18,0xA3,0x10,0x61,0x08,0x41,0x08,0x41,0x08,0x41,0x08,0x41,0x08,0x21,0x00,0x41,0x08,0x82,0x10,0xC3,0x10,0xC3,0x18,
    0xC3,0x10,0x82,0x10,0x41,0x08,0x41,0x00,0x82,0x08,0xA3,0x10,0xA3,0x10,0xA3,0x10,0x82,0x10,0x41,0x08,0x20,0x00,0x20,0x00,
    0x21,0x00,0x20,0x00,0x20,0x00,0x20,0x00,0x41,0x08,0x82,0x10,0x82,0x10,0x82,0x10,0x82,0x08,0x41,0x08,0x20,0x00,0x41,0x08,
    0x62,0x08,0x82,0x08,0x82,0x08,0x61,0x08,0x20,0x00,0x20,0x00,0x20,0x00,0x20,0x00,0x20,0x00,0x41,0x08,0x82,0x08,0x82,0x10,
    0x82,0x10,0x82,0x08,0x82,0x10,0xA2,0x10,0x82,0x10,0x62,0x08,0x21,0x00,0x20,0x00,0x21,0x00,0x21,0x00,0x21,0x00,0x21,0x00,
    0x21,0x00,0x21,0x00,0x20,0x00,0x41,0x00,0x62,0x08,0xA3,0x10,0xC3,0x18,0xC3,0x10,0xA3,0x10,0xC3,0x18,0xC3,0x18,0xC3,0x10,
    0x82,0x10,0x41,0x08,0x21,0x00,0x41,0x08,0x41,0x08,0x41,0x08,0x41,0x08,0x41,0x08,0x41,0x08,0x41,0x00,0x41,0x08,0x82,0x10,
    0xC3,0x18,0xE3,0x18,0xE3,0x18,0xC3,0x10,0xE3,0x18,0xE3,0x18,0xC3,0x18,0xA2,0x10,0x41,0x08,0x21,0x00,0x41,0x08,0x41,0x08,
    0x41,0x08,0x41,0x08,0x41,0x08,0x41,0x08,0x41,0x00,0x41,0x08,0x82,0x08,0xC3,0x10,0xE3,0x18,0xE3,0x18,0xC3,0x10,0xC3,0x18,
    0xE4,0x18,0xE3,0x18,0xA2,0x10,0x41,0x08,0x41,0x00,0x41,0x08,0x41,0x08,0x41,0x08,0x41,0x08,0x41,0x08,0x41,0x08,0x41,0x00,
    0x41,0x08,0x82,0x08,0xC3,0x10,0xE3,0x18,0xE3,0x18,0xC3,0x10,0xC3,0x18,0xE4,0x18,0xE3,0x18,0xA2,0x10,0x41,0x08,0x41,0x00,
    0x41,0x08,0x41,0x08,0x41,0x08,0x41,0x08,0x41,0x08,0x41,0x08,0x41,0x00,0x41,0x08,0x82,0x08,0xC3,0x10,0xE3,0x18,0xE3,0x18,
    0xC3,0x10,0xC3,0x18,0xE4,0x18,0xE3,0x18,0xA2,0x10,0x41,0x08,0x41,0x00,0x41,0x08,0x41,0x08,0x41,0x08,0x41,0x08,0x41,0x08,
    0x41,0x08,0x41,0x00,0x41,0x08,0x82,0x08,0xC3,0x10,0xE3,0x18,0xE3,0x18,0xC3,0x10,0xC3,0x18,0xE3,0x18,0xE3,0x18,0xA3,0x10,
    0x61,0x08,0x41,0x00,0x41,0x08,0x41,0x08,0x41,0x08,0x41,0x08,0x41,0x08,0x41,0x08,0x41,0x08,0x41,0x08,0x61,0x08,0xC3,0x10,
    0xE3,0x18,0xE3,0x18,0xC3,0x10,0xC3,0x18,0xE3,0x18,0xE3,0x18,0xA3,0x10,0x61,0x08,0x41,0x00,0x41,0x08,0x41,0x08,0x41,0x08,
    0x41,0x08,0x41,0x08,0x41,0x08,0x41,0x08,0x41,0x08,0x61,0x08,0xC3,0x10,0xE3,0x18,0xE3,0x18,0xC3,0x10,0xC3,0x18,0xE3,0x18,
    0xE3,0x18,0xA3,0x10,0x61,0x08,0x41,0x00,0x41,0x08,0x41,0x08,0x41,0x08,0x41,0x08,0x41,0x08,0x41,0x08,0x41,0x08,0x41,0x08,
    0x61,0x08,0xC3,0x10,0xE3,0x18,0xE3,0x18,0xC3,0x10,0xC3,0x18,0xE3,0x18,0xE3,0x18,0xA3,0x10,0x61,0x08,0x41,0x00,0x41,0x08,
    0x41,0x08,0x41,0x08,0x41,0x08,0x41,0x08,0x41,0x08,0x41,0x08,0x41,0x00,0x61,0x08,0xA3,0x10,0xE3,0x18,0xE3,0x18,0xC3,0x18,
    0xC3,0x10,0xE3,0x18,0xE3,0x18,0xC3,0x10,0x61,0x08,0x41,0x08,0x41,0x08,0x41,0x08,0x41,0x08,0x41,0x08,0x41,0x08,0x41,0x08,
    0x41,0x08,0x41,0x00,0x61,0x08,0xA3,0x10,0xE3,0x18,0xE3,0x18,0xC3,0x18,0xC3,0x10,0xE3,0x18,0xE3,0x18,0xC3,0x10,0x61,0x08,
    0x41,0x08,0x41,0x08,0x41,0x08,0x41,0x08,0x41,0x08,0x41,0x08,0x41,0x08,0x41,0x08,0x41,0x00,0x61,0x08,0xA3,0x10,0xE3,0x18,
    0xE3,0x18,0xC3,0x18,0xC3,0x10,0xE3,0x18,0xE3,0x18,0xC3,0x10,0x82,0x08,0x41,0x08,0x41,0x00,0x41,0x08,0x41,0x08,0x41,0x08,
    0x41,0x08,0x41,0x08,0x41,0x08,0x41,0x00,0x41,0x08,0xA2,0x10,0xE3,0x18,0xE4,0x18,0xC3,0x18,0xC3,0x10,0xE3,0x18,0xE3,0x18,
    0xC3,0x10,0x82,0x08,0x41,0x08,0x41,0x00,0x41,0x08,0x41,0x08,0x41,0x08,0x41,0x08,0x41,0x08,0x41,0x08,0x41,0x00,0x41,0x08,
    0xA2,0x10,0xE3,0x18,0xE4,0x18,0xC3,0x18,0xC3,0x10,0xE3,0x18,0xE3,0x18,0xC3,0x10,0x82,0x08,0x41,0x08,0x41,0x00,0x41,0x08,
    0x41,0x08,0x41,0x08,0x41,0x08,0x41,0x08,0x41,0x08,0x21,0x00,0x41,0x08,0x82,0x10,0xC3,0x18,0xC3,0x18,0xA3,0x10,0xA2,0x10,
    0xC3,0x10,0xA3,0x10,0xA2,0x10,0x61,0x08,0x21,0x00,0x20,0x00,0x21,0x00,0x21,0x00,0x21,0x00,0x20,0x00,0x20,0x00,0x20,0x00,
    0x20,0x00,0x21,0x00,0x61,0x08,0x82,0x10,0x82,0x10,0x82,0x10,0x62,0x08,0x82,0x08,0x82,0x10,0x62,0x08,0x41,0x08,0x20,0x00,
    0x20,0x00,0x20,0x00,0x20,0x00,0x20,0x00,0x20,0x00,0x20,0x00,0x21,0x00,0x61,0x08,0x82,0x10,0x82,0x10,0x82,0x10,0x62,0x08,
    0x41,0x00,0x20,0x00,0x20,0x00,0x21,0x00,0x21,0x00,0x21,0x00,0x21,0x00,0x21,0x00,0x21,0x00,0x21,0x00,0x21,0x00,0x41,0x00,
    0x21,0x00,0x41,0x08,0x82,0x10,0xC3,0x10,0xC3,0x10,0xC3,0x18,0x82,0x10,0x41,0x08,0x21,0x00,0x41,0x08,0x41,0x08,0x41,0x08,
    0x41,0x08,0x41,0x08,0x41,0x08,0x41,0x08,0x41,0x08,0x41,0x08,0x41,0x08,0x41,0x00,0x41,0x08,0xA2,0x10,0xC3,0x18,0xE3,0x18,
    0xC3,0x18,0xA2,0x10,0x41,0x08,0x41,0x00,0x41,0x08,0x41,0x08,0x41,0x08,0x41,0x08,0x41,0x08,0x41,0x08,0x41,0x08,0x41,0x08,
    0x41,0x08,0x41,0x08,0x41,0x00,0x41,0x08,0x82,0x10,0xC3,0x18,0xE3,0x18,0xE3,0x18,0xA3,0x10,0x62,0x08,0x41,0x08,0x41,0x08,
    0x41,0x08,0x41,0x08,0x41,0x08,0x41,0x08,0x41,0x08,0x41,0x08,0x41,0x08,0x41,0x08,0x41,0x08,0x41,0x00,0x41,0x08,0x82,0x10,
    0xC3,0x18,0xE3,0x18,0xE3,0x18,0xA3,0x10,0x62,0x08,0x41,0x08,0x41,0x08,0x41,0x08,0x41,0x08,0x41,0x08,0x41,0x08,0x41,0x08,
    0x41,0x08,0x41,0x08,0x41,0x08,0x41,0x08,0x41,0x00,0x41,0x08,0x82,0x10,0xC3,0x18,0xE3,0x18,0xE3,0x18,0xA3,0x10,0x62,0x08,
    0x41,0x08,0x41,0x08,0x41,0x08,0x41,0x08,0x41,0x08,0x41,0x08,0x41,0x08,0x41,0x08,0x41,0x08,0x41,0x08,0x41,0x08,0x41,0x00,
    0x41,0x08,0x82,0x10,0xC3,0x18,0xE3,0x18,0xE3,0x18,0xC3,0x10,0x62,0x08,0x41,0x08,0x41,0x08,0x41,0x08,0x41,0x08,0x41,0x08,
    0x41,0x08,0x41,0x08,0x41,0x08,0x41,0x08,0x41,0x08,0x41,0x08,0x41,0x00,0x41,0x08,0x82,0x10,0xC3,0x10,0xE3,0x18,0xE3,0x18,
    0xC3,0x10,0x62,0x08,0x41,0x08,0x41,0x08,0x41,0x08,0x41,0x08,0x41,0x08,0x41,0x08,0x41,0x08,0x41,0x08,0x41,0x08,0x41,0x08,
    0x41,0x08,0x41,0x00,0x41,0x08,0x82,0x10,0xC3,0x10,0xE3,0x18,0xE3,0x18,0xC3,0x10,0x62,0x08,0x41,0x08,0x41,0x08,0x41,0x08,
    0x41,0x08,0x41,0x08,0x41,0x08,0x41,0x08,0x41,0x08,0x41,0x08,0x41,0x08,0x41,0x08,0x41,0x00,0x41,0x08,0x82,0x10,0xC3,0x10,
    0xE3,0x18,0xE3,0x18,0xC3,0x10,0x62,0x08,0x41,0x08,0x41,0x08,0x41,0x08,0x41,0x08,0x41,0x08,0x41,0x08,0x41,0x08,0x41,0x08,
    0x41,0x08,0x41,0x08,0x41,0x08,0x41,0x08,0x41,0x08,0x62,0x08,0xC3,0x10,0xE3,0x18,0xE3,0x18,0xC3,0x10,0x82,0x10,0x41,0x08,
    0x41,0x00,0x41,0x08,0x41,0x08,0x41,0x08,0x41,0x08,0x41,0x08,0x41,0x08,0x41,0x08,0x41,0x08,0x41,0x08,0x41,0x08,0x41,0x08,
    0x62,0x08,0xC3,0x10,0xE3,0x18,0xE3,0x18,0xC3,0x10,0x82,0x10,0x41,0x08,0x41,0x00,0x41,0x08,0x41,0x08,0x41,0x08,0x41,0x08,
    0x41,0x08,0x41,0x08,0x41,0x08,0x41,0x08,0x41,0x08,0x41,0x08,0x41,0x08,0x62,0x08,0xC3,0x10,0xE3,0x18,0xE3,0x18,0xC3,0x18,
    0x82,0x10,0x41,0x08,0x41,0x00,0x41,0x08,0x41,0x08,0x41,0x08,0x41,0x08,0x41,0x08,0x41,0x08,0x41,0x08,0x41,0x08,0x41,0x08,
    0x41,0x08,0x41,0x08,0x62,0x08,0xA3,0x10,0xE3,0x18,0xE3,0x18,0xC3,0x18,0x82,0x10,0x41,0x08,0x41,0x00,0x41,0x08,0x41,0x08,
    0x41,0x08,0x41,0x08,0x41,0x08,0x41,0x08,0x41,0x08,0x41,0x08,0x41,0x08,0x41,0x08,0x41,0x08,0x62,0x08,0xA3,0x10,0xE3,0x18,
    0xE3,0x18,0xC3,0x18,0x82,0x10,0x41,0x08,0x41,0x00,0x41,0x08,0x41,0x08,0x41,0x08,0x41,0x08,0x41,0x08,0x41,0x08,0x41,0x08,
    0x41,0x08,0x41,0x08,0x41,0x00,0x41,0x00,0x61,0x08,0xA2,0x10,0xC3,0x10,0xC3,0x10,0xA3,0x10,0x61,0x08,0x41,0x00,0x20,0x00,
    0x21,0x00,0x21,0x00,0x21,0x00,0x21,0x00,0x21,0x00,0x20,0x00,0x20,0x00,0x20,0x00,0x20,0x00,0x20,0x00,0x20,0x00,0x21,0x00,
    0x61,0x08,0x82,0x10,0x82,0x10,0x82,0x08,0x41,0x08,0x20,0x00,0x20,0x00,0x20,0x00,0x20,0x00,0x20,0x00,0x20,0x00,0x20,0x00,
    0x20,0x00,0x20,0x00,0x20,0x00,0x20,0x00,0x61,0x08,0xA2,0x10,0x62,0x08,0x20,0x00,0x20,0x00,0x21,0x00,0x20,0x00,0x21,0x00,
    0x21,0x00,0x21,0x00,0x21,0x00,0x21,0x00,0x21,0x00,0x21,0x00,0x21,0x00,0x41,0x00,0x41,0x00,0x21,0x00,0x20,0x00,0x82,0x10,
    0xC3,0x18,0xA2,0x10,0x21,0x00,0x41,0x00,0x41,0x08,0x41,0x08,0x41,0x08,0x41,0x08,0x41,0x08,0x41,0x08,0x41,0x08,0x41,0x08,
    0x41,0x08,0x41,0x08,0x41,0x08,0x41,0x08,0x41,0x08,0x21,0x00,0xA3,0x10,0xE4,0x18,0xA3,0x10,0x21,0x00,0x41,0x08,0x41,0x08,
    0x41,0x08,0x41,0x08,0x41,0x08,0x41,0x08,0x41,0x08,0x41,0x08,0x41,0x08,0x41,0x08,0x41,0x08,0x41,0x08,0x41,0x08,0x41,0x08,
    0x21,0x00,0x82,0x08,0xE4,0x18,0xC3,0x18,0x41,0x08,0x41,0x00,0x41,0x08,0x41,0x08,0x41,0x08,0x41,0x08,0x41,0x08,0x41,0x08,
    0x41,0x08,0x41,0x08,0x41,0x08,0x41,0x08,0x41,0x08,0x41,0x08,0x41,0x08,0x21,0x00,0x82,0x08,0xE4,0x18,0xC3,0x18,0x41,0x08,
    0x41,0x00,0x41,0x08,0x41,0x08,0x41,0x08,0x41,0x08,0x41,0x08,0x41,0x08,0x41,0x08,0x41,0x08,0x41,0x08,0x41,0x08,0x41,0x08,
    0x41,0x08,0x41,0x08,0x21,0x00,0x82,0x08,0xE4,0x18,0xC3,0x18,0x41,0x08,0x41,0x00,0x41,0x08,0x41,0x08,0x41,0x08,0x41,0x08,
    0x41,0x08,0x41,0x08,0x41,0x08,0x41,0x08,0x41,0x08,0x41,0x08,0x41,0x08,0x41,0x08,0x41,0x08,0x21,0x00,0x82,0x08,0xE4,0x18,
    0xC3,0x18,0x41,0x08,0x41,0x00,0x41,0x08,0x41,0x08,0x41,0x08,0x41,0x08,0x41,0x08,0x41,0x08,0x41,0x08,0x41,0x08,0x41,0x08,
    0x41,0x08,0x41,0x08,0x41,0x08,0x41,0x08,0x21,0x00,0x62,0x08,0xE4,0x18,0xC3,0x18,0x41,0x08,0x41,0x00,0x41,0x08,0x41,0x08,
    0x41,0x08,0x41,0x08,0x41,0x08,0x41,0x08,0x41,0x08,0x41,0x08,0x41,0x08,0x41,0x08,0x41,0x08,0x41,0x08,0x41,0x08,0x21,0x00,
    0x62,0x08,0xE4,0x18,0xC3,0x18,0x41,0x08,0x41,0x00,0x41,0x08,0x41,0x08,0x41,0x08,0x41,0x08,0x41,0x08,0x41,0x08,0x41,0x08,
    0x41,0x08,0x41,0x08,0x41,0x08,0x41,0x08,0x41,0x08,0x41,0x08,0x21,0x00,0x62,0x08,0xE4,0x18,0xC3,0x18,0x41,0x08,0x41,0x00,
    0x41,0x08,0x41,0x08,0x41,0x08,0x41,0x08,0x41,0x08,0x41,0x08,0x41,0x08,0x41,0x08,0x41,0x08,0x41,0x08,0x41,0x08,0x41,0x08,
    0x41,0x08,0x41,0x00,0x41,0x08,0xC3,0x18,0xE4,0x18,0x62,0x08,0x21,0x00,0x41,0x08,0x41,0x08,0x41,0x08,0x41,0x08,0x41,0x08,
    0x41,0x08,0x41,0x08,0x41,0x08,0x41,0x08,0x41,0x08,0x41,0x08,0x41,0x08,0x41,0x08,0x41,0x00,0x41,0x08,0xC3,0x18,0xE4,0x18,
    0x62,0x08,0x21,0x00,0x41,0x08,0x41,0x08,0x41,0x08,0x41,0x08,0x41,0x08,0x41,0x08,0x41,0x08,0x41,0x08,0x41,0x08,0x41,0x08,
    0x41,0x08,0x41,0x08,0x41,0x08,0x41,0x00,0x41,0x08,0xC3,0x18,0xE4,0x18,0x82,0x08,0x21,0x00,0x41,0x08,0x41,0x08,0x41,0x08,
    0x41,0x08,0x41,0x08,0x41,0x08,0x41,0x08,0x41,0x08,0x41,0x08,0x41,0x08,0x41,0x08,0x41,0x08,0x41,0x08,0x41,0x00,0x41,0x08,
    0xC3,0x18,0xE4,0x18,0x82,0x08,0x21,0x00,0x41,0x08,0x41,0x08,0x41,0x08,0x41,0x08,0x41,0x08,0x41,0x08,0x41,0x08,0x41,0x08,
    0x41,0x08,0x41,0x08,0x41,0x08,0x41,0x08,0x41,0x08,0x41,0x00,0x41,0x08,0xC3,0x18,0xE4,0x18,0x82,0x08,0x21,0x00,0x41,0x08,
    0x41,0x08,0x41,0x08,0x41,0x08,0x41,0x08,0x41,0x08,0x41,0x08,0x41,0x08,0x41,0x08,0x41,0x08,0x41,0x08,0x41,0x08,0x41,0x08,
    0x21,0x00,0x41,0x08,0xA3,0x10,0xC3,0x10,0x61,0x08,0x20,0x00,0x21,0x00,0x21,0x00,0x21,0x00,0x21,0x00,0x21,0x00,0x21,0x00,
    0x21,0x00,0x20,0x00,0x20,0x00,0x20,0x00,0x20,0x00,0x20,0x00,0x20,0x00,0x20,0x00,0x20,0x00,0x61,0x08,0x82,0x10,0x61,0x08,
    0x20,0x00,0x20,0x00,0x20,0x00,0x20,0x00,0x20,0x00,0x20,0x00,0x20,0x00,0x20,0x00,0x20,0x00,0x20,0x00,0x20,0x00,0x20,0x00,
    0x61,0x08,0xA2,0x10,0x62,0x08,0x20,0x00,0x20,0x00,0x20,0x00,0x20,0x00,0x21,0x00,0x21,0x00,0x21,0x00,0x21,0x00,0x21,0x00,
    0x21,0x00,0x21,0x00,0x21,0x00,0x41,0x00,0x41,0x00,0x41,0x00,0x21,0x00,0x82,0x10,0xC3,0x18,0x82,0x10,0x21,0x00,0x41,0x08,
    0x41,0x08,0x41,0x08,0x41,0x08,0x41,0x08,0x41,0x08,0x41,0x08,0x41,0x08,0x41,0x08,0x41,0x08,0x41,0x08,0x41,0x08,0x41,0x08,
    0x41,0x08,0x41,0x08,0xA3,0x10,0xE4,0x18,0xA3,0x10,0x41,0x08,0x41,0x08,0x41,0x08,0x41,0x08,0x41,0x08,0x41,0x08,0x41,0x08,
    0x41,0x08,0x41,0x08,0x41,0x08,0x41,0x08,0x41,0x08,0x41,0x08,0x41,0x08,0x41,0x08,0x41,0x08,0x82,0x08,0xE4,0x18,0xC3,0x18,
    0x41,0x08,0x41,0x08,0x41,0x08,0x41,0x08,0x41,0x08,0x41,0x08,0x41,0x08,0x41,0x08,0x41,0x08,0x41,0x08,0x41,0x08,0x41,0x08,
    0x41,0x08,0x41,0x08,0x41,0x08,0x41,0x08,0x82,0x08,0xE4,0x18,0xC3,0x18,0x41,0x08,0x41,0x08,0x41,0x08,0x41,0x08,0x41,0x08,
    0x41,0x08,0x41,0x08,0x41,0x08,0x41,0x08,0x41,0x08,0x41,0x08,0x41,0x08,0x41,0x08,0x41,0x08,0x41,0x08,0x41,0x08,0x82,0x08,
    0xE4,0x18,0xC3,0x18,0x41,0x08,0x41,0x08,0x41,0x08,0x41,0x08,0x41,0x08,0x41,0x08,0x41,0x08,0x41,0x08,0x41,0x08,0x41,0x08,
    0x41,0x08,0x41,0x08,0x41,0x08,0x41,0x08,0x41,0x08,0x41,0x08,0x82,0x08,0xE4,0x18,0xC3,0x18,0x41,0x08,0x41,0x08,0x41,0x08,
    0x41,0x08,0x41,0x08,0x41,0x08,0x41,0x08,0x41,0x08,0x41,0x08,0x41,0x08,0x41,0x08,0x41,0x08,0x41,0x08,0x41,0x08,0x41,0x08,
    0x41,0x08,0x82,0x08,0xE4,0x18,0xC3,0x18,0x41,0x08,0x41,0x08,0x41,0x08,0x41,0x08,0x41,0x08,0x41,0x08,0x41,0x08,0x41,0x08,
    0x41,0x08,0x41,0x08,0x41,0x08,0x41,0x08,0x41,0x08,0x41,0x08,0x41,0x08,0x41,0x08,0x82,0x08,0xE4,0x18,0xC3,0x18,0x41,0x08,
    0x41,0x08,0x41,0x08,0x41,0x08,0x41,0x08,0x41,0x08,0x41,0x08,0x41,0x08,0x41,0x08,0x41,0x08,0x41,0x08,0x41,0x08,0x41,0x08,
    0x41,0x08,0x41,0x08,0x41,0x08,0x82,0x08,0xE4,0x18,0xC3,0x18,0x41,0x08,0x41,0x08,0x41,0x08,0x41,0x08,0x41,0x08,0x41,0x08,
    0x41,0x08,0x41,0x08,0x41,0x08,0x41,0x08,0x41,0x08,0x41,0x08,0x41,0x08,0x41,0x08,0x41,0x08,0x41,0x08,0x41,0x08,0xC3,0x18,
    0xE4,0x18,0x82,0x08,0x41,0x08,0x41,0x08,0x41,0x08,0x41,0x08,0x41,0x08,0x41,0x08,0x41,0x08,0x41,0x08,0x41,0x08,0x41,0x08,
    0x41,0x08,0x41,0x08,0x41,0x08,0x41,0x08,0x41,0x08,0x41,0x08,0xC3,0x18,0xE4,0x18,0x82,0x08,0x41,0x08,0x41,0x08,0x41,0x08,
    0x41,0x08,0x41,0x08,0x41,0x08,0x41,0x08,0x41,0x08,0x41,0x08,0x41,0x08,0x41,0x08,0x41,0x08,0x41,0x08,0x41,0x08,0x41,0x08,
    0x41,0x08,0xC3,0x18,0xE4,0x18,0x82,0x08,0x41,0x08,0x41,0x08,0x41,0x08,0x41,0x08,0x41,0x08,0x41,0x08,0x41,0x08,0x41,0x08,
    0x41,0x08,0x41,0x08,0x41,0x08,0x41,0x08,0x41,0x08,0x41,0x08,0x41,0x08,0x41,0x08,0xC3,0x18,0xE4,0x18,0x82,0x08,0x41,0x08,
    0x41,0x08,0x41,0x08,0x41,0x08,0x41,0x08,0x41,0x08,0x41,0x08,0x41,0x08,0x41,0x08,0x41,0x08,0x41,0x08,0x41,0x08,0x41,0x08,
    0x41,0x08,0x41,0x08,0x41,0x08,0xC3,0x18,0xE4,0x18,0x82,0x08,0x41,0x08,0x41,0x08,0x41,0x08,0x41,0x08,0x41,0x08,0x41,0x08,
    0x41,0x08,0x41,0x08,0x41,0x08,0x41,0x08,0x41,0x08,0x41,0x08,0x41,0x08,0x41,0x08,0x41,0x08,0x41,0x08,0xA3,0x10,0xC3,0x10,
    0x61,0x08,0x20,0x00,0x21,0x00,0x21,0x00,0x21,0x00,0x21,0x00,0x21,0x00,0x21,0x00,0x21,0x00,0x20,0x00,0x20,0x00,0x20,0x00,
    0x20,0x00,0x20,0x00,0x20,0x00,0x20,0x00,0x20,0x00,0x61,0x08,0x82,0x10,0x61,0x08,0x20,0x00,0x20,0x00,0x20,0x00,0x20,0x00,
    0x20,0x00,0x20,0x00,0x20,0x00,0x20,0x00,0x20,0x00,0x20,0x00,0x20,0x00,0x20,0x00,0x61,0x08,0xA2,0x10,0x62,0x08,0x20,0x00,
    0x20,0x00,0x20,0x00,0x20,0x00,0x21,0x00,0x21,0x00,0x21,0x00,0x21,0x00,0x21,0x00,0x21,0x00,0x21,0x00,0x21,0x00,0x41,0x00,
    0x41,0x00,0x41,0x00,0x21,0x00,0x82,0x10,0xC3,0x18,0x82,0x10,0x21,0x00,0x41,0x08,0x41,0x08,0x41,0x08,0x41,0x08,0x41,0x08,
    0x41,0x08,0x41,0x08,0x41,0x08,0x41,0x08,0x41,0x08,0x41,0x08,0x41,0x08,0x41,0x08,0x41,0x08,0x41,0x08,0xA3,0x10,0xE4,0x18,
    0xA3,0x10,0x41,0x08,0x41,0x08,0x41,0x08,0x41,0x08,0x41,0x08,0x41,0x08,0x41,0x08,0x41,0x08,0x41,0x08,0x41,0x08,0x41,0x08,
    0x41,0x08,0x41,0x08,0x41,0x08,0x41,0x08,0x41,0x08,0x82,0x08,0xE4,0x18,0xC3,0x18,0x41,0x08,0x41,0x08,0x41,0x08,0x41,0x08,
    0x41,0x08,0x41,0x08,0x41,0x08,0x41,0x08,0x41,0x08,0x41,0x08,0x41,0x08,0x41,0x08,0x41,0x08,0x41,0x08,0x41,0x08,0x41,0x08,
    0x82,0x08,0xE4,0x18,0xC3,0x18,0x41,0x08,0x41,0x08,0x41,0x08,0x41,0x08,0x41,0x08,0x41,0x08,0x41,0x08,0x41,0x08,0x41,0x08,
    0x41,0x08,0x41,0x08,0x41,0x08,0x41,0x08,0x41,0x08,0x41,0x08,0x41,0x08,0x82,0x08,0xE4,0x18,0xC3,0x18,0x41,0x08,0x41,0x08,
    0x41,0x08,0x41,0x08,0x41,0x08,0x41,0x08,0x41,0x08,0x41,0x08,0x41,0x08,0x41,0x08,0x41,0x08,0x41,0x08,0x41,0x08,0x41,0x08,
    0x41,0x08,0x41,0x08,0x82,0x08,0xE4,0x18,0xC3,0x18,0x41,0x08,0x41,0x08,0x41,0x08,0x41,0x08,0x41,0x08,0x41,0x08,0x41,0x08,
    0x41,0x08,0x41,0x08,0x41,0x08,0x41,0x08,0x41,0x08,0x41,0x08,0x41,0x08,0x41,0x08,0x41,0x08,0x82,0x08,0xE4,0x18,0xC3,0x18,
    0x41,0x08,0x41,0x08,0x41,0x08,0x41,0x08,0x41,0x08,0x41,0x08,0x41,0x08,0x41,0x08,0x41,0x08,0x41,0x08,0x41,0x08,0x41,0x08,
    0x41,0x08,0x41,0x08,0x41,0x08,0x41,0x08,0x82,0x08,0xE4,0x18,0xC3,0x18,0x41,0x08,0x41,0x08,0x41,0x08,0x41,0x08,0x41,0x08,
    0x41,0x08,0x41,0x08,0x41,0x08,0x41,0x08,0x41,0x08,0x41,0x08,0x41,0x08,0x41,0x08,0x41,0x08,0x41,0x08,0x41,0x08,0x82,0x08,
    0xE4,0x18,0xC3,0x18,0x41,0x08,0x41,0x08,0x41,0x08,0x41,0x08,0x41,0x08,0x41,0x08,0x41,0x08,0x41,0x08,0x41,0x08,0x41,0x08,
    0x41,0x08,0x41,0x08,0x41,0x08,0x41,0x08,0x41,0x08,0x41,0x08,0x41,0x08,0xC3,0x18,0xE4,0x18,0x82,0x08,0x41,0x08,0x41,0x08,
    0x41,0x08,0x41,0x08,0x41,0x08,0x41,0x08,0x41,0x08,0x41,0x08,0x41,0x08,0x41,0x08,0x41,0x08,0x41,0x08,0x41,0x08,0x41,0x08,
    0x41,0x08,0x41,0x08,0xC3,0x18,0xE4,0x18,0x82,0x08,0x41,0x08,0x41,0x08,0x41,0x08,0x41,0x08,0x41,0x08,0x41,0x08,0x41,0x08,
    0x41,0x08,0x41,0x08,0x41,0x08,0x41,0x08,0x41,0x08,0x41,0x08,0x41,0x08,0x41,0x08,0x41,0x08,0xC3,0x18,0xE4,0x18,0x82,0x08,
    0x41,0x08,0x41,0x08,0x41,0x08,0x41,0x08,0x41,0x08,0x41,0x08,0x41,0x08,0x41,0x08,0x41,0x08,0x41,0x08,0x41,0x08,0x41,0x08,
    0x41,0x08,0x41,0x08,0x41,0x08,0x41,0x08,0xC3,0x18,0xE4,0x18,0x82,0x08,0x41,0x08,0x41,0x08,0x41,0x08,0x41,0x08,0x41,0x08,
    0x41,0x08,0x41,0x08,0x41,0x08,0x41,0x08,0x41,0x08,0x41,0x08,0x41,0x08,0x41,0x08,0x41,0x08,0x41,0x08,0x41,0x08,0xC3,0x18,
    0xE4,0x18,0x82,0x08,0x41,0x08,0x41,0x08,0x41,0x08,0x41,0x08,0x41,0x08,0x41,0x08,0x41,0x08,0x41,0x08,0x41,0x08,0x41,0x08,
    0x41,0x08,0x41,0x08,0x41,0x08,0x41,0x08,0x41,0x08,0x41,0x08,0xA3,0x10,0xC3,0x10,0x61,0x08,0x20,0x00,0x21,0x00,0x21,0x00,
    0x21,0x00,0x21,0x00,0x21,0x00,0x21,0x00,0x21,0x00,0x20,0x00,0x20,0x00,0x20,0x00,0x20,0x00,0x20,0x00,0x20,0x00,0x20,0x00,
    0x20,0x00,0x61,0x08,0x82,0x10,0x61,0x08,0x20,0x00,0x20,0x00,0x20,0x00,0x20,0x00,0x20,0x00,0x20,0x00,0x20,0x00,0x20,0x00,
    0x20,0x00,0x20,0x00,0x20,0x00,0x20,0x00,0x61,0x08,0xA2,0x10,0x62,0x08,0x20,0x00,0x20,0x00,0x20,0x00,0x20,0x00,0x21,0x00,
    0x21,0x00,0x21,0x00,0x21,0x00,0x21,0x00,0x21,0x00,0x21,0x00,0x21,0x00,0x41,0x00,0x41,0x00,0x41,0x00,0x21,0x00,0x82,0x10,
    0xC3,0x18,0x82,0x10,0x21,0x00,0x41,0x08,0x41,0x08,0x41,0x08,0x41,0x08,0x41,0x08,0x41,0x08,0x41,0x08,0x41,0x08,0x41,0x08,
    0x41,0x08,0x41,0x08,0x41,0x08,0x41,0x08,0x41,0x08,0x41,0x08,0xA3,0x10,0x04,0x19,0xA3,0x10,0x41,0x08,0x41,0x08,0x41,0x08,
    0x41,0x08,0x41,0x08,0x41,0x08,0x41,0x08,0x41,0x08,0x41,0x08,0x41,0x08,0x41,0x08,0x41,0x08,0x41,0x08,0x41,0x08,0x41,0x08,
    0x41,0x08,0x82,0x08,0xE4,0x18,0xE3,0x18,0x41,0x08,0x41,0x08,0x41,0x08,0x41,0x08,0x41,0x08,0x41,0x08,0x41,0x08,0x41,0x08,
    0x41,0x08,0x41,0x08,0x41,0x08,0x41,0x08,0x41,0x08,0x41,0x08,0x41,0x08,0x41,0x08,0x82,0x08,0xE4,0x18,0xE3,0x18,0x41,0x08,
    0x41,0x08,0x41,0x08,0x41,0x08,0x41,0x08,0x41,0x08,0x41,0x08,0x41,0x08,0x41,0x08,0x41,0x08,0x41,0x08,0x41,0x08,0x41,0x08,
    0x41,0x08,0x41,0x08,0x41,0x08,0x82,0x08,0xE4,0x18,0xE3,0x18,0x41,0x08,0x41,0x08,0x41,0x08,0x41,0x08,0x41,0x08,0x41,0x08,
    0x41,0x08,0x41,0x08,0x41,0x08,0x41,0x08,0x41,0x08,0x41,0x08,0x41,0x08,0x41,0x08,0x41,0x08,0x41,0x08,0x82,0x08,0xE4,0x18,
    0xE3,0x18,0x41,0x08,0x41,0x08,0x41,0x08,0x41,0x08,0x41,0x08,0x41,0x08,0x41,0x08,0x41,0x08,0x41,0x08,0x41,0x08,0x41,0x08,
    0x41,0x08,0x41,0x08,0x41,0x08,0x41,0x08,0x41,0x08,0x82,0x08,0xE4,0x18,0xE3,0x18,0x41,0x08,0x41,0x08,0x41,0x08,0x41,0x08,
    0x41,0x08,0x41,0x08,0x41,0x08,0x41,0x08,0x41,0x08,0x41,0x08,0x41,0x08,0x41,0x08,0x41,0x08,0x41,0x08,0x41,0x08,0x41,0x08,
    0x82,0x08,0xE4,0x18,0xE3,0x18,0x41,0x08,0x41,0x08,0x41,0x08,0x41,0x08,0x41,0x08,0x41,0x08,0x41,0x08,0x41,0x08,0x41,0x08,
    0x41,0x08,0x41,0x08,0x41,0x08,0x41,0x08,0x41,0x08,0x41,0x08,0x41,0x08,0x82,0x08,0xE4,0x18,0xE3,0x18,0x41,0x08,0x41,0x08,
    0x41,0x08,0x41,0x08,0x41,0x08,0x41,0x08,0x41,0x08,0x41,0x08,0x41,0x08,0x41,0x08,0x41,0x08,0x41,0x08,0x41,0x08,0x41,0x08,
    0x41,0x08,0x41,0x08,0x41,0x08,0xE3,0x18,0xE4,0x18,0x82,0x08,0x41,0x08,0x41,0x08,0x41,0x08,0x41,0x08,0x41,0x08,0x41,0x08,
    0x41,0x08,0x41,0x08,0x41,0x08,0x41,0x08,0x41,0x08,0x41,0x08,0x41,0x08,0x41,0x08,0x41,0x08,0x41,0x08,0xE3,0x18,0xE4,0x18,
    0x82,0x08,0x41,0x08,0x41,0x08,0x41,0x08,0x41,0x08,0x41,0x08,0x41,0x08,0x41,0x08,0x41,0x08,0x41,0x08,0x41,0x08,0x41,0x08,
    0x41,0x08,0x41,0x08,0x41,0x08,0x41,0x08,0x41,0x08,0xE3,0x18,0xE4,0x18,0x82,0x08,0x41,0x08,0x41,0x08,0x41,0x08,0x41,0x08,
    0x41,0x08,0x41,0x08,0x41,0x08,0x41,0x08,0x41,0x08,0x41,0x08,0x41,0x08,0x41,0x08,0x41,0x08,0x41,0x08,0x41,0x08,0x41,0x08,
    0xE3,0x18,0xE4,0x18,0x82,0x08,0x41,0x08,0x41,0x08,0x41,0x08,0x41,0x08,0x41,0x08,0x41,0x08,0x41,0x08,0x41,0x08,0x41,0x08,
    0x41,0x08,0x41,0x08,0x41,0x08,0x41,0x08,0x41,0x08,0x41,0x08,0x41,0x08,0xE3,0x18,0xE4,0x18,0x82,0x08,0x41,0x08,0x41,0x08,
    0x41,0x08,0x41,0x08,0x41,0x08,0x41,0x08,0x41,0x08,0x41,0x08,0x41,0x08,0x41,0x08,0x41,0x08,0x41,0x08,0x41,0x08,0x41,0x08,
    0x41,0x08,0x41,0x08,0xA3,0x10,0xC3,0x10,0x61,0x08,0x20,0x00,0x21,0x00,0x21,0x00,0x21,0x00,0x21,0x00,0x21,0x00,0x21,0x00,
    0x21,0x00,0x20,0x00,0x20,0x00,0x20,0x00,0x20,0x00,0x20,0x00,0x20,0x00,0x20,0x00,0x20,0x00,0x61,0x08,0x82,0x10,0x61,0x08,
    0x20,0x00,0x20,0x00,0x20,0x00,0x20,0x00,0x20,0x00,0x20,0x00,0x20,0x00,0x20,0x00,0x20,0x00,0x20,0x00,0x20,0x00,0x20,0x00,
    0x61,0x08,0xA2,0x10,0x62,0x08,0x20,0x00,0x20,0x00,0x20,0x00,0x20,0x00,0x21,0x00,0x21,0x00,0x21,0x00,0x21,0x00,0x21,0x00,
    0x21,0x00,0x21,0x00,0x21,0x00,0x41,0x00,0x41,0x00,0x41,0x00,0x21,0x00,0x82,0x10,0xC3,0x18,0x82,0x10,0x21,0x00,0x41,0x08,
    0x41,0x08,0x41,0x08,0x41,0x08,0x41,0x08,0x41,0x08,0x41,0x08,0x41,0x08,0x41,0x08,0x41,0x08,0x41,0x08,0x41,0x08,0x41,0x08,
    0x41,0x08,0x41,0x08,0xA3,0x10,0x04,0x19,0xA3,0x10,0x41,0x08,0x41,0x08,0x41,0x08,0x41,0x08,0x41,0x08,0x41,0x08,0x41,0x08,
    0x41,0x08,0x41,0x08,0x41,0x08,0x41,0x08,0x41,0x08,0x41,0x08,0x41,0x08,0x41,0x08,0x41,0x08,0x82,0x10,0xE4,0x18,0xE3,0x18,
    0x41,0x08,0x41,0x08,0x41,0x08,0x41,0x08,0x41,0x08,0x41,0x08,0x41,0x08,0x41,0x08,0x41,0x08,0x41,0x08,0x41,0x08,0x41,0x08,
    0x41,0x08,0x41,0x08,0x41,0x08,0x41,0x08,0x82,0x10,0xE4,0x18,0xE3,0x18,0x41,0x08,0x41,0x08,0x41,0x08,0x41,0x08,0x41,0x08,
    0x41,0x08,0x41,0x08,0x41,0x08,0x41,0x08,0x41,0x08,0x41,0x08,0x41,0x08,0x41,0x08,0x41,0x08,0x41,0x08,0x41,0x08,0x82,0x10,
    0xE4,0x18,0xE3,0x18,0x41,0x08,0x41,0x08,0x41,0x08,0x41,0x08,0x41,0x08,0x41,0x08,0x41,0x08,0x41,0x08,0x41,0x08,0x41,0x08,
    0x41,0x08,0x41,0x08,0x41,0x08,0x41,0x08,0x41,0x08,0x41,0x08,0x82,0x10,0xE4,0x18,0xE3,0x18,0x41,0x08,0x41,0x08,0x41,0x08,
    0x41,0x08,0x41,0x08,0x41,0x08,0x41,0x08,0x41,0x08,0x41,0x08,0x41,0x08,0x41,0x08,0x41,0x08,0x41,0x08,0x41,0x08,0x41,0x08,
    0x41,0x08,0x82,0x10,0xE4,0x18,0xE3,0x18,0x41,0x08,0x41,0x08,0x41,0x08,0x41,0x08,0x41,0x08,0x41,0x08,0x41,0x08,0x41,0x08,
    0x41,0x08,0x41,0x08,0x41,0x08,0x41,0x08,0x41,0x08,0x41,0x08,0x41,0x08,0x41,0x08,0x82,0x10,0xE4,0x18,0xE3,0x18,0x41,0x08,
    0x41,0x08,0x41,0x08,0x41,0x08,0x41,0x08,0x41,0x08,0x41,0x08,0x41,0x08,0x41,0x08,0x41,0x08,0x41,0x08,0x41,0x08,0x41,0x08,
    0x41,0x08,0x41,0x08,0x41,0x08,0x82,0x10,0xE4,0x18,0xE3,0x18,0x41,0x08,0x41,0x08,0x41,0x08,0x41,0x08,0x41,0x08,0x41,0x08,
    0x41,0x08,0x41,0x08,0x41,0x08,0x41,0x08,0x41,0x08,0x41,0x08,0x41,0x08,0x41,0x08,0x41,0x08,0x41,0x08,0x41,0x08,0xE3,0x18,
    0xE4,0x18,0x82,0x10,0x41,0x08,0x41,0x08,0x41,0x08,0x41,0x08,0x41,0x08,0x41,0x08,0x41,0x08,0x41,0x08,0x41,0x08,0x41,0x08,
    0x41,0x08,0x41,0x08,0x41,0x08,0x41,0x08,0x41,0x08,0x41,0x08,0xE3,0x18,0xE4,0x18,0x82,0x10,0x41,0x08,0x41,0x08,0x41,0x08,
    0x41,0x08,0x41,0x08,0x41,0x08,0x41,0x08,0x41,0x08,0x41,0x08,0x41,0x08,0x41,0x08,0x41,0x08,0x41,0x08,0x41,0x08,0x41,0x08,
    0x41,0x08,0xE3,0x18,0xE4,0x18,0x82,0x10,0x41,0x08,0x41,0x08,0x41,0x08,0x41,0x08,0x41,0x08,0x41,0x08,0x41,0x08,0x41,0x08,
    0x41,0x08,0x41,0x08,0x41,0x08,0x41,0x08,0x41,0x08,0x41,0x08,0x41,0x08,0x41,0x08,0xE3,0x18,0xE4,0x18,0x82,0x10,0x41,0x08,
    0x41,0x08,0x41,0x08,0x41,0x08,0x41,0x08,0x41,0x08,0x41,0x08,0x41,0x08,0x41,0x08,0x41,0x08,0x41,0x08,0x41,0x08,0x41,0x08,
    0x41,0x08,0x41,0x08,0x41,0x08,0xE3,0x18,0xE4,0x18,0x82,0x08,0x41,0x08,0x41,0x08,0x41,0x08,0x41,0x08,0x41,0x08,0x41,0x08,
    0x41,0x08,0x41,0x08,0x41,0x08,0x41,0x08,0x41,0x08,0x41,0x08,0x41,0x08,0x41,0x08,0x41,0x08,0x41,0x08,0xA3,0x10,0xC3,0x10,
    0x61,0x08,0x20,0x00,0x21,0x00,0x21,0x00,0x21,0x00,0x21,0x00,0x21,0x00,0x21,0x00,0x21,0x00,0x20,0x00,0x20,0x00,0x20,0x00,
    0x20,0x00,0x20,0x00,0x20,0x00,0x20,0x00,0x20,0x00,0x61,0x08,0x82,0x10,0x61,0x08,0x20,0x00,0x20,0x00,0x20,0x00,0x20,0x00,
    0x20,0x00,0x20,0x00,0x20,0x00,0x20,0x00,0x20,0x00,0x20,0x00,0x20,0x00,0x20,0x00,0x61,0x08,0xA2,0x10,0x62,0x08,0x20,0x00,
    0x20,0x00,0x20,0x00,0x20,0x00,0x21,0x00,0x21,0x00,0x21,0x00,0x21,0x00,0x21,0x00,0x21,0x00,0x21,0x00,0x21,0x00,0x41,0x00,
    0x41,0x00,0x41,0x00,0x21,0x00,0x82,0x10,0xC3,0x18,0x82,0x10,0x21,0x00,0x41,0x08,0x41,0x08,0x41,0x08,0x41,0x08,0x41,0x08,
    0x41,0x08,0x41,0x08,0x41,0x08,0x41,0x08,0x41,0x08,0x41,0x08,0x41,0x08,0x41,0x08,0x41,0x08,0x41,0x08,0xA3,0x10,0x04,0x19,
    0xA3,0x10,0x41,0x08,0x41,0x08,0x41,0x08,0x41,0x08,0x41,0x08,0x41,0x08,0x41,0x08,0x41,0x08,0x41,0x08,0x41,0x08,0x41,0x08,
    0x41,0x08,0x41,0x08,0x41,0x08,0x41,0x08,0x41,0x08,0x82,0x10,0x04,0x19,0xE4,0x18,0x61,0x08,0x41,0x08,0x41,0x08,0x41,0x08,
    0x41,0x08,0x41,0x08,0x41,0x08,0x41,0x08,0x41,0x08,0x41,0x08,0x41,0x08,0x41,0x08,0x41,0x08,0x41,0x08,0x41,0x08,0x41,0x08,
    0x82,0x10,0x04,0x19,0xE4,0x18,0x61,0x08,0x41,0x08,0x41,0x08,0x41,0x08,0x41,0x08,0x41,0x08,0x41,0x08,0x41,0x08,0x41,0x08,
    0x41,0x08,0x41,0x08,0x41,0x08,0x41,0x08,0x41,0x08,0x41,0x08,0x41,0x08,0x82,0x10,0x04,0x19,0xE4,0x18,0x61,0x08,0x41,0x08,
    0x41,0x08,0x41,0x08,0x41,0x08,0x41,0x08,0x41,0x08,0x41,0x08,0x41,0x08,0x41,0x08,0x41,0x08,0x41,0x08,0x41,0x08,0x41,0x08,
    0x41,0x08,0x41,0x08,0x82,0x10,0x04,0x19,0xE4,0x18,0x61,0x08,0x41,0x08,0x41,0x08,0x41,0x08,0x41,0x08,0x41,0x08,0x41,0x08,
    0x41,0x08,0x41,0x08,0x41,0x08,0x41,0x08,0x41,0x08,0x41,0x08,0x41,0x08,0x41,0x08,0x41,0x08,0x82,0x10,0x04,0x19,0xE4,0x18,
    0x61,0x08,0x41,0x08,0x41,0x08,0x41,0x08,0x41,0x08,0x41,0x08,0x41,0x08,0x41,0x08,0x41,0x08,0x41,0x08,0x41,0x08,0x41,0x08,
    0x41,0x08,0x41,0x08,0x41,0x08,0x41,0x08,0x82,0x10,0x04,0x19,0xE4,0x18,0x61,0x08,0x41,0x08,0x41,0x08,0x41,0x08,0x41,0x08,
    0x41,0x08,0x41,0x08,0x41,0x08,0x41,0x08,0x41,0x08,0x41,0x08,0x41,0x08,0x41,0x08,0x41,0x08,0x41,0x08,0x41,0x08,0x82,0x10,
    0x04,0x19,0xE4,0x18,0x61,0x08,0x41,0x08,0x41,0x08,0x41,0x08,0x41,0x08,0x41,0x08,0x41,0x08,0x41,0x08,0x41,0x08,0x41,0x08,
    0x41,0x08,0x41,0x08,0x41,0x08,0x41,0x08,0x41,0x08,0x41,0x08,0x61,0x08,0xE4,0x18,0x04,0x19,0x82,0x10,0x41,0x08,0x41,0x08,
    0x41,0x08,0x41,0x08,0x41,0x08,0x41,0x08,0x41,0x08,0x41,0x08,0x41,0x08,0x41,0x08,0x41,0x08,0x41,0x08,0x41,0x08,0x41,0x08,
    0x41,0x08,0x61,0x08,0xE4,0x18,0x04,0x19,0x82,0x10,0x41,0x08,0x41,0x08,0x41,0x08,0x41,0x08,0x41,0x08,0x41,0x08,0x41,0x08,
    0x41,0x08,0x41,0x08,0x41,0x08,0x41,0x08,0x41,0x08,0x41,0x08,0x41,0x08,0x41,0x08,0x61,0x08,0xE4,0x18,0x04,0x19,0x82,0x10,
    0x41,0x08,0x41,0x08,0x41,0x08,0x41,0x08,0x41,0x08,0x41,0x08,0x41,0x08,0x41,0x08,0x41,0x08,0x41,0x08,0x41,0x08,0x41,0x08,
    0x41,0x08,0x41,0x08,0x41,0x08,0x61,0x08,0xE4,0x18,0x04,0x19,0x82,0x10,0x41,0x08,0x41,0x08,0x41,0x08,0x41,0x08,0x41,0x08,
    0x41,0x08,0x41,0x08,0x41,0x08,0x41,0x08,0x41,0x08,0x41,0x08,0x41,0x08,0x41,0x08,0x41,0x08,0x41,0x08,0x61,0x08,0xE4,0x18,
    0xE4,0x18,0x82,0x08,0x41,0x08,0x41,0x08,0x41,0x08,0x41,0x08,0x41,0x08,0x41,0x08,0x41,0x08,0x41,0x08,0x41,0x08,0x41,0x08,
    0x41,0x08,0x41,0x08,0x41,0x08,0x41,0x08,0x41,0x08,0x41,0x08,0xA3,0x10,0xC3,0x10,0x61,0x08,0x20,0x00,0x21,0x00,0x21,0x00,
    0x21,0x00,0x21,0x00,0x21,0x00,0x21,0x00,0x21,0x00,0x20,0x00,0x20,0x00,0x20,0x00,0x20,0x00,0x20,0x00,0x20,0x00,0x20,0x00,
    0x20,0x00,0x61,0x08,0x82,0x10,0x61,0x08,0x20,0x00,0x20,0x00,0x20,0x00,0x20,0x00,0x20,0x00,0x20,0x00,0x20,0x00,0x20,0x00,
    0x20,0x00,0x20,0x00,0x20,0x00,0x20,0x00,0x61,0x08,0xA2,0x10,0x62,0x08,0x20,0x00,0x20,0x00,0x20,0x00,0x20,0x00,0x21,0x00,
    0x21,0x00,0x21,0x00,0x21,0x00,0x21,0x00,0x21,0x00,0x21,0x00,0x21,0x00,0x41,0x00,0x41,0x00,0x41,0x00,0x21,0x00,0x82,0x10,
    0xC3,0x18,0x82,0x10,0x21,0x00,0x41,0x08,0x41,0x08,0x41,0x08,0x41,0x08,0x41,0x08,0x41,0x08,0x41,0x08,0x41,0x08,0x41,0x08,
    0x41,0x08,0x41,0x08,0x41,0x08,0x41,0x08,0x41,0x08,0x41,0x08,0xA3,0x10,0x04,0x19,0xA3,0x10,0x41,0x08,0x41,0x08,0x41,0x08,
    0x41,0x08,0x41,0x08,0x41,0x08,0x41,0x08,0x41,0x08,0x41,0x08,0x41,0x08,0x41,0x08,0x41,0x08,0x41,0x08,0x41,0x08,0x41,0x08,
    0x41,0x08,0x82,0x10,0x04,0x19,0xE4,0x18,0x61,0x08,0x41,0x08,0x41,0x08,0x41,0x08,0x41,0x08,0x41,0x08,0x41,0x08,0x41,0x08,
    0x41,0x08,0x41,0x08,0x41,0x08,0x41,0x08,0x41,0x08,0x41,0x08,0x41,0x08,0x41,0x08,0x82,0x10,0x04,0x19,0xE4,0x18,0x61,0x08,
    0x41,0x08,0x41,0x08,0x41,0x08,0x41,0x08,0x41,0x08,0x41,0x08,0x41,0x08,0x41,0x08,0x41,0x08,0x41,0x08,0x41,0x08,0x41,0x08,
    0x41,0x08,0x41,0x08,0x41,0x08,0x82,0x10,0x04,0x19,0xE4,0x18,0x61,0x08,0x41,0x08,0x41,0x08,0x41,0x08,0x41,0x08,0x41,0x08,
    0x41,0x08,0x41,0x08,0x41,0x08,0x41,0x08,0x41,0x08,0x41,0x08,0x41,0x08,0x41,0x08,0x41,0x08,0x41,0x08,0x82,0x10,0x04,0x19,
    0xE4,0x18,0x61,0x08,0x41,0x08,0x41,0x08,0x41,0x08,0x41,0x08,0x41,0x08,0x41,0x08,0x41,0x08,0x41,0x08,0x41,0x08,0x41,0x08,
    0x41,0x08,0x41,0x08,0x41,0x08,0x41,0x08,0x41,0x08,0x82,0x10,0x04,0x19,0xE4,0x18,0x61,0x08,0x41,0x08,0x41,0x08,0x41,0x08,
    0x41,0x08,0x41,0x08,0x41,0x08,0x41,0x08,0x41,0x08,0x41,0x08,0x41,0x08,0x41,0x08,0x41,0x08,0x41,0x08,0x41,0x08,0x41,0x08,
    0x82,0x10,0x04,0x19,0xE4,0x18,0x61,0x08,0x41,0x08,0x41,0x08,0x41,0x08,0x41,0x08,0x41,0x08,0x41,0x08,0x41,0x08,0x41,0x08,
    0x41,0x08,0x41,0x08,0x41,0x08,0x41,0x08,0x41,0x08,0x41,0x08,0x41,0x08,0x82,0x10,0x04,0x19,0xE4,0x18,0x61,0x08,0x41,0x08,
    0x41,0x08,0x41,0x08,0x41,0x08,0x41,0x08,0x41,0x08,0x41,0x08,0x41,0x08,0x41,0x08,0x41,0x08,0x41,0x08,0x41,0x08,0x41,0x08,
    0x41,0x08,0x41,0x08,0x61,0x08,0xE4,0x18,0x04,0x19,0x82,0x10,0x41,0x08,0x41,0x08,0x41,0x08,0x41,0x08,0x41,0x08,0x41,0x08,
    0x41,0x08,0x41,0x08,0x41,0x08,0x41,0x08,0x41,0x08,0x41,0x08,0x41,0x08,0x41,0x08,0x41,0x08,0x61,0x08,0xE4,0x18,0x04,0x19,
    0x82,0x10,0x41,0x08,0x41,0x08,0x41,0x08,0x41,0x08,0x41,0x08,0x41,0x08,0x41,0x08,0x41,0x08,0x41,0x08,0x41,0x08,0x41,0x08,
    0x41,0x08,0x41,0x08,0x41,0x08,0x41,0x08,0x61,0x08,0xE4,0x18,0x04,0x19,0x82,0x10,0x41,0x08,0x41,0x08,0x41,0x08,0x41,0x08,
    0x41,0x08,0x41,0x08,0x41,0x08,0x41,0x08,0x41,0x08,0x41,0x08,0x41,0x08,0x41,0x08,0x41,0x08,0x41,0x08,0x41,0x08,0x61,0x08,
    0xE4,0x18,0x04,0x19,0x82,0x10,0x41,0x08,0x41,0x08,0x41,0x08,0x41,0x08,0x41,0x08,0x41,0x08,0x41,0x08,0x41,0x08,0x41,0x08,
    0x41,0x08,0x41,0x08,0x41,0x08,0x41,0x08,0x41,0x08,0x41,0x08,0x61,0x08,0xE4,0x18,0xE4,0x18,0x82,0x08,0x41,0x08,0x41,0x08,
    0x41,0x08,0x41,0x08,0x41,0x08,0x41,0x08,0x41,0x08,0x41,0x08,0x41,0x08,0x41,0x08,0x41,0x08,0x41,0x08,0x41,0x08,0x41,0x08,
    0x41,0x08,0x41,0x08,0xA3,0x10,0xC3,0x10,0x61,0x08,0x20,0x00,0x21,0x00,0x21,0x00,0x21,0x00,0x21,0x00,0x21,0x00,0x21,0x00,
    0x21,0x00,0x20,0x00,0x20,0x00,0x20,0x00,0x20,0x00,0x20,0x00,0x20,0x00,0x20,0x00,0x20,0x00,0x61,0x08,0x82,0x10,0x61,0x08,
    0x20,0x00,0x20,0x00,0x20,0x00,0x20,0x00,0x20,0x00,0x20,0x00,0x20,0x00,0x20,0x00,0x20,0x00,0x20,0x00,0x20,0x00,0x20,0x00,
    0x61,0x08,0xA2,0x10,0x62,0x08,0x20,0x00,0x20,0x00,0x20,0x00,0x20,0x00,0x21,0x00,0x21,0x00,0x21,0x00,0x21,0x00,0x21,0x00,
    0x21,0x00,0x21,0x00,0x21,0x00,0x41,0x00,0x41,0x00,0x41,0x00,0x21,0x00,0x82,0x10,0xC3,0x18,0x82,0x10,0x21,0x00,0x41,0x08,
    0x41,0x08,0x41,0x08,0x41,0x08,0x41,0x08,0x41,0x08,0x41,0x08,0x41,0x08,0x41,0x08,0x41,0x08,0x41,0x08,0x41,0x08,0x41,0x08,
    0x41,0x08,0x41,0x08,0xC3,0x10,0x04,0x19,0xC3,0x10,0x41,0x08,0x41,0x08,0x41,0x08,0x41,0x08,0x41,0x08,0x41,0x08,0x41,0x08,
    0x41,0x08,0x41,0x08,0x41,0x08,0x41,0x08,0x41,0x08,0x41,0x08,0x41,0x08,0x41,0x08,0x41,0x08,0x82,0x10,0x04,0x19,0xE4,0x18,
    0x61,0x08,0x41,0x08,0x41,0x08,0x41,0x08,0x41,0x08,0x41,0x08,0x41,0x08,0x41,0x08,0x41,0x08,0x41,0x08,0x41,0x08,0x41,0x08,
    0x41,0x08,0x41,0x08,0x41,0x08,0x41,0x08,0x82,0x10,0x04,0x19,0xE4,0x18,0x61,0x08,0x41,0x08,0x41,0x08,0x41,0x08,0x41,0x08,
    0x41,0x08,0x41,0x08,0x41,0x08,0x41,0x08,0x41,0x08,0x41,0x08,0x41,0x08,0x41,0x08,0x41,0x08,0x41,0x08,0x41,0x08,0x82,0x10,
    0x04,0x19,0xE4,0x18,0x61,0x08,0x41,0x08,0x41,0x08,0x41,0x08,0x41,0x08,0x41,0x08,0x41,0x08,0x41,0x08,0x41,0x08,0x41,0x08,
    0x41,0x08,0x41,0x08,0x41,0x08,0x41,0x08,0x41,0x08,0x41,0x08,0x82,0x10,0x04,0x19,0xE4,0x18,0x61,0x08,0x41,0x08,0x41,0x08,
    0x41,0x08,0x41,0x08,0x41,0x08,0x41,0x08,0x41,0x08,0x41,0x08,0x41,0x08,0x41,0x08,0x41,0x08,0x41,0x08,0x41,0x08,0x41,0x08,
    0x41,0x08,0x82,0x10,0x04,0x19,0xE4,0x18,0x61,0x08,0x41,0x08,0x41,0x08,0x41,0x08,0x41,0x08,0x41,0x08,0x41,0x08,0x41,0x08,
    0x41,0x08,0x41,0x08,0x41,0x08,0x41,0x08,0x41,0x08,0x41,0x08,0x41,0x08,0x41,0x08,0x82,0x10,0x04,0x19,0xE4,0x18,0x61,0x08,
    0x41,0x08,0x41,0x08,0x41,0x08,0x41,0x08,0x41,0x08,0x41,0x08,0x41,0x08,0x41,0x08,0x41,0x08,0x41,0x08,0x41,0x08,0x41,0x08,
    0x41,0x08,0x41,0x08,0x41,0x08,0x82,0x10,0x04,0x19,0xE4,0x18,0x61,0x08,0x41,0x08,0x41,0x08,0x41,0x08,0x41,0x08,0x41,0x08,
    0x41,0x08,0x41,0x08,0x41,0x08,0x41,0x08,0x41,0x08,0x41,0x08,0x41,0x08,0x41,0x08,0x41,0x08,0x41,0x08,0x61,0x08,0xE4,0x18,
    0x04,0x19,0x82,0x10,0x41,0x08,0x41,0x08,0x41,0x08,0x41,0x08,0x41,0x08,0x41,0x08,0x41,0x08,0x41,0x08,0x41,0x08,0x41,0x08,
    0x41,0x08,0x41,0x08,0x41,0x08,0x41,0x08,0x41,0x08,0x61,0x08,0xE4,0x18,0x04,0x19,0x82,0x10,0x41,0x08,0x41,0x08,0x41,0x08,
    0x41,0x08,0x41,0x08,0x41,0x08,0x41,0x08,0x41,0x08,0x41,0x08,0x41,0x08,0x41,0x08,0x41,0x08,0x41,0x08,0x41,0x08,0x41,0x08,
    0x61,0x08,0xE4,0x18,0x04,0x19,0x82,0x10,0x41,0x08,0x41,0x08,0x41,0x08,0x41,0x08,0x41,0x08,0x41,0x08,0x41,0x08,0x41,0x08,
    0x41,0x08,0x41,0x08,0x41,0x08,0x41,0x08,0x41,0x08,0x41,0x08,0x41,0x08,0x61,0x08,0xE4,0x18,0x04,0x19,0x82,0x10,0x41,0x08,
    0x41,0x08,0x41,0x08,0x41,0x08,0x41,0x08,0x41,0x08,0x41,0x08,0x41,0x08,0x41,0x08,0x41,0x08,0x41,0x08,0x41,0x08,0x41,0x08,
    0x41,0x08,0x41,0x08,0x61,0x08,0xE4,0x18,0xE4,0x18,0x82,0x08,0x41,0x08,0x41,0x08,0x41,0x08,0x41,0x08,0x41,0x08,0x41,0x08,
    0x41,0x08,0x41,0x08,0x41,0x08,0x41,0x08,0x41,0x08,0x41,0x08,0x41,0x08,0x41,0x08,0x41,0x08,0x41,0x08,0xA3,0x10,0xC3,0x10,
    0x61,0x08,0x20,0x00,0x21,0x00,0x21,0x00,0x21,0x00,0x21,0x00,0x21,0x00,0x21,0x00,0x21,0x00,0x20,0x00,0x20,0x00,0x20,0x00,
    0x20,0x00,0x20,0x00,0x20,0x00,0x20,0x00,0x20,0x00,0x61,0x08,0x82,0x10,0x61,0x08,0x20,0x00,0x20,0x00,0x20,0x00,0x20,0x00,
    0x20,0x00,0x20,0x00,0x20,0x00,0x20,0x00,0x20,0x00,0x20,0x00,0x20,0x00,0x20,0x00,0x61,0x08,0xA2,0x10,0x61,0x08,0x20,0x00,
    0x20,0x00,0x20,0x00,0x20,0x00,0x21,0x00,0x21,0x00,0x21,0x00,0x21,0x00,0x21,0x00,0x21,0x00,0x21,0x00,0x21,0x00,0x41,0x00,
    0x41,0x00,0x41,0x00,0x21,0x00,0x82,0x10,0xC3,0x18,0x82,0x10,0x21,0x00,0x41,0x08,0x41,0x08,0x41,0x08,0x41,0x08,0x41,0x08,
    0x41,0x08,0x41,0x08,0x41,0x08,0x41,0x08,0x41,0x08,0x41,0x08,0x41,0x08,0x41,0x08,0x41,0x08,0x41,0x08,0xA3,0x10,0x04,0x19,
    0xA3,0x10,0x41,0x08,0x41,0x08,0x41,0x08,0x41,0x08,0x41,0x08,0x41,0x08,0x41,0x08,0x41,0x08,0x41,0x08,0x41,0x08,0x41,0x08,
    0x41,0x08,0x41,0x08,0x41,0x08,0x41,0x08,0x41,0x08,0x82,0x10,0x04,0x19,0xE4,0x18,0x61,0x08,0x41,0x08,0x41,0x08,0x41,0x08,
    0x41,0x08,0x41,0x08,0x41,0x08,0x41,0x08,0x41,0x08,0x41,0x08,0x41,0x08,0x41,0x08,0x41,0x08,0x41,0x08,0x41,0x08,0x41,0x08,
    0x82,0x10,0x04,0x19,0xE4,0x18,0x61,0x08,0x41,0x08,0x41,0x08,0x41,0x08,0x41,0x08,0x41,0x08,0x41,0x08,0x41,0x08,0x41,0x08,
    0x41,0x08,0x41,0x08,0x41,0x08,0x41,0x08,0x41,0x08,0x41,0x08,0x41,0x08,0x82,0x10,0x04,0x19,0xE4,0x18,0x61,0x08,0x41,0x08,
    0x41,0x08,0x41,0x08,0x41,0x08,0x41,0x08,0x41,0x08,0x41,0x08,0x41,0x08,0x41,0x08,0x41,0x08,0x41,0x08,0x41,0x08,0x41,0x08,
    0x41,0x08,0x41,0x08,0x82,0x10,0x04,0x19,0xE4,0x18,0x61,0x08,0x41,0x08,0x41,0x08,0x41,0x08,0x41,0x08,0x41,0x08,0x41,0x08,
    0x41,0x08,0x41,0x08,0x41,0x08,0x41,0x08,0x41,0x08,0x41,0x08,0x41,0x08,0x41,0x08,0x41,0x08,0x82,0x10,0x04,0x19,0xE4,0x18,
    0x61,0x08,0x41,0x08,0x41,0x08,0x41,0x08,0x41,0x08,0x41,0x08,0x41,0x08,0x41,0x08,0x41,0x08,0x41,0x08,0x41,0x08,0x41,0x08,
    0x41,0x08,0x41,0x08,0x41,0x08,0x41,0x08,0x82,0x10,0x04,0x19,0xE4,0x18,0x61,0x08,0x41,0x08,0x41,0x08,0x41,0x08,0x41,0x08,
    0x41,0x08,0x41,0x08,0x41,0x08,0x41,0x08,0x41,0x08,0x41,0x08,0x41,0x08,0x41,0x08,0x41,0x08,0x41,0x08,0x41,0x08,0x82,0x10,
    0x04,0x19,0xE4,0x18,0x61,0x08,0x41,0x08,0x41,0x08,0x41,0x08,0x41,0x08,0x41,0x08,0x41,0x08,0x41,0x08,0x41,0x08,0x41,0x08,
    0x41,0x08,0x41,0x08,0x41,0x08,0x41,0x08,0x41,0x08,0x41,0x08,0x61,0x08,0xE4,0x18,0x04,0x19,0x82,0x10,0x41,0x08,0x41,0x08,
    0x41,0x08,0x41,0x08,0x41,0x08,0x41,0x08,0x41,0x08,0x41,0x08,0x41,0x08,0x41,0x08,0x41,0x08,0x41,0x08,0x41,0x08,0x41,0x08,
    0x41,0x08,0x61,0x08,0xE4,0x18,0x04,0x19,0x82,0x10,0x41,0x08,0x41,0x08,0x41,0x08,0x41,0x08,0x41,0x08,0x41,0x08,0x41,0x08,
    0x41,0x08,0x41,0x08,0x41,0x08,0x41,0x08,0x41,0x08,0x41,0x08,0x41,0x08,0x41,0x08,0x61,0x08,0xE4,0x18,0x04,0x19,0x82,0x10,
    0x41,0x08,0x41,0x08,0x41,0x08,0x41,0x08,0x41,0x08,0x41,0x08,0x41,0x08,0x41,0x08,0x41,0x08,0x41,0x08,0x41,0x08,0x41,0x08,
    0x41,0x08,0x41,0x08,0x41,0x08,0x61,0x08,0xE4,0x18,0x04,0x19,0x82,0x10,0x41,0x08,0x41,0x08,0x41,0x08,0x41,0x08,0x41,0x08,
    0x41,0x08,0x41,0x08,0x41,0x08,0x41,0x08,0x41,0x08,0x41,0x08,0x41,0x08,0x41,0x08,0x41,0x08,0x41,0x08,0x61,0x08,0xE4,0x18,
    0xE4,0x18,0x62,0x08,0x41,0x08,0x41,0x08,0x41,0x08,0x41,0x08,0x41,0x08,0x41,0x08,0x41,0x08,0x41,0x08,0x41,0x08,0x41,0x08,
    0x41,0x08,0x41,0x08,0x41,0x08,0x41,0x08,0x41,0x08,0x41,0x08,0xA3,0x10,0xC3,0x10,0x61,0x08,0x20,0x00,0x21,0x00,0x21,0x00,
    0x21,0x00,0x21,0x00,0x21,0x00,0x21,0x00,0x21,0x00,0x20,0x00,0x20,0x00,0x20,0x00,0x20,0x00,0x20,0x00,0x20,0x00,0x20,0x00,
    0x20,0x00,0x61,0x08,0x82,0x10,0x61,0x08,0x20,0x00,0x20,0x00,0x20,0x00,0x20,0x00,0x20,0x00,0x20,0x00,0x20,0x00,0x20,0x00,
    0x20,0x00,0x20,0x00,0x20,0x00,0x20,0x00,0x62,0x08,0x82,0x10,0x62,0x08,0x20,0x00,0x20,0x00,0x20,0x00,0x20,0x00,0x21,0x00,
    0x21,0x00,0x21,0x00,0x21,0x00,0x21,0x00,0x21,0x00,0x21,0x00,0x21,0x00,0x41,0x00,0x41,0x00,0x21,0x00,0x21,0x00,0xA2,0x10,
    0xC3,0x18,0xA2,0x10,0x21,0x00,0x21,0x00,0x41,0x08,0x41,0x08,0x41,0x08,0x41,0x08,0x41,0x08,0x41,0x08,0x41,0x08,0x41,0x08,
    0x41,0x08,0x41,0x08,0x41,0x08,0x41,0x08,0x41,0x08,0x41,0x08,0xC3,0x18,0x04,0x19,0xC3,0x18,0x41,0x08,0x41,0x08,0x41,0x08,
    0x41,0x08,0x41,0x08,0x41,0x08,0x41,0x08,0x41,0x08,0x41,0x08,0x41,0x08,0x41,0x08,0x41,0x08,0x41,0x08,0x41,0x08,0x41,0x08,
    0x41,0x08,0xA2,0x10,0x04,0x19,0xE4,0x18,0x62,0x08,0x41,0x08,0x41,0x08,0x41,0x08,0x41,0x08,0x41,0x08,0x41,0x08,0x41,0x08,
    0x41,0x08,0x41,0x08,0x41,0x08,0x41,0x08,0x41,0x08,0x41,0x08,0x41,0x08,0x41,0x08,0xA2,0x10,0x04,0x19,0xE4,0x18,0x62,0x08,
    0x41,0x08,0x41,0x08,0x41,0x08,0x41,0x08,0x41,0x08,0x41,0x08,0x41,0x08,0x41,0x08,0x41,0x08,0x41,0x08,0x41,0x08,0x41,0x08,
    0x41,0x08,0x41,0x08,0x41,0x08,0xA2,0x10,0x04,0x19,0xE4,0x18,0x62,0x08,0x41,0x08,0x41,0x08,0x41,0x08,0x41,0x08,0x41,0x08,
    0x41,0x08,0x41,0x08,0x41,0x08,0x41,0x08,0x41,0x08,0x41,0x08,0x41,0x08,0x41,0x08,0x41,0x08,0x41,0x08,0xA2,0x10,0x04,0x19,
    0xE4,0x18,0x62,0x08,0x41,0x08,0x41,0x08,0x41,0x08,0x41,0x08,0x41,0x08,0x41,0x08,0x41,0x08,0x41,0x08,0x41,0x08,0x41,0x08,
    0x41,0x08,0x41,0x08,0x61,0x08,0x41,0x08,0x41,0x08,0xA2,0x10,0x04,0x19,0xE4,0x18,0x62,0x08,0x41,0x08,0x41,0x08,0x41,0x08,
    0x41,0x08,0x41,0x08,0x41,0x08,0x41,0x08,0x41,0x08,0x41,0x08,0x41,0x08,0x41,0x08,0x41,0x08,0x61,0x08,0x41,0x08,0x41,0x08,
    0xA2,0x10,0x04,0x19,0xE4,0x18,0x62,0x08,0x41,0x08,0x41,0x08,0x41,0x08,0x41,0x08,0x41,0x08,0x41,0x08,0x41,0x08,0x41,0x08,
    0x41,0x08,0x41,0x08,0x41,0x08,0x41,0x08,0x61,0x08,0x41,0x08,0x41,0x08,0xA2,0x10,0x04,0x19,0xE4,0x18,0x62,0x08,0x41,0x08,
    0x41,0x08,0x41,0x08,0x41,0x08,0x41,0x08,0x41,0x08,0x41,0x08,0x41,0x08,0x41,0x08,0x41,0x08,0x41,0x08,0x41,0x08,0x41,0x08,
    0x41,0x08,0x41,0x08,0x62,0x08,0xE4,0x18,0x04,0x19,0xA2,0x10,0x41,0x08,0x41,0x08,0x61,0x08,0x41,0x08,0x41,0x08,0x41,0x08,
    0x41,0x08,0x41,0x08,0x41,0x08,0x41,0x08,0x41,0x08,0x41,0x08,0x41,0x08,0x41,0x08,0x41,0x08,0x62,0x08,0xE4,0x18,0x04,0x19,
    0xA2,0x10,0x41,0x08,0x41,0x08,0x61,0x08,0x41,0x08,0x41,0x08,0x41,0x08,0x41,0x08,0x41,0x08,0x41,0x08,0x41,0x08,0x41,0x08,
    0x41,0x08,0x41,0x08,0x41,0x08,0x41,0x08,0x62,0x08,0xE4,0x18,0x04,0x19,0xA2,0x10,0x41,0x08,0x41,0x08,0x41,0x08,0x41,0x08,
    0x41,0x08,0x41,0x08,0x41,0x08,0x41,0x08,0x41,0x08,0x41,0x08,0x41,0x08,0x41,0x08,0x41,0x08,0x41,0x08,0x41,0x08,0x62,0x08,
    0xE4,0x18,0x04,0x19,0xA2,0x10,0x41,0x08,0x41,0x08,0x41,0x08,0x41,0x08,0x41,0x08,0x41,0x08,0x41,0x08,0x41,0x08,0x41,0x08,
    0x41,0x08,0x41,0x08,0x41,0x08,0x41,0x08,0x41,0x08,0x41,0x08,0x61,0x08,0xE4,0x18,0xE4,0x18,0x82,0x10,0x21,0x00,0x41,0x08,
    0x41,0x08,0x41,0x08,0x41,0x08,0x41,0x08,0x41,0x08,0x41,0x08,0x41,0x08,0x41,0x08,0x41,0x08,0x41,0x08,0x41,0x08,0x41,0x08,
    0x21,0x00,0x41,0x08,0xA3,0x10,0xC3,0x10,0x62,0x08,0x20,0x00,0x21,0x00,0x21,0x00,0x21,0x00,0x21,0x00,0x21,0x00,0x21,0x00,
    0x21,0x00,0x20,0x00,0x20,0x00,0x20,0x00,0x20,0x00,0x20,0x00,0x20,0x00,0x20,0x00,0x20,0x00,0x62,0x08,0x82,0x10,0x61,0x08,
    0x20,0x00,0x20,0x00,0x20,0x00,0x20,0x00,0x20,0x00,0x20,0x00,0x20,0x00,0x20,0x00,0x20,0x00,0x20,0x00,0x41,0x08,0x62,0x08,
    0x82,0x10,0x82,0x10,0x82,0x10,0x62,0x08,0x41,0x08,0x20,0x00,0x20,0x00,0x21,0x00,0x21,0x00,0x21,0x00,0x21,0x00,0x21,0x00,
    0x21,0x00,0x21,0x00,0x21,0x00,0x21,0x00,0x21,0x00,0x61,0x08,0xA2,0x10,0xC3,0x10,0xC3,0x10,0xC3,0x18,0xA2,0x10,0x61,0x08,
    0x41,0x00,0x41,0x08,0x41,0x08,0x41,0x08,0x41,0x08,0x41,0x08,0x41,0x08,0x41,0x08,0x41,0x08,0x41,0x08,0x41,0x08,0x41,0x08,
    0x62,0x08,0xC3,0x18,0x04,0x19,0xE4,0x18,0x04,0x19,0xC3,0x18,0x82,0x08,0x41,0x08,0x41,0x08,0x41,0x08,0x41,0x08,0x41,0x08,
    0x41,0x08,0x41,0x08,0x41,0x08,0x41,0x08,0x41,0x08,0x41,0x08,0x41,0x08,0x62,0x08,0xC3,0x10,0x04,0x19,0x04,0x19,0x04,0x19,
    0xE4,0x18,0x82,0x10,0x41,0x08,0x41,0x08,0x41,0x08,0x41,0x08,0x41,0x08,0x41,0x08,0x41,0x08,0x41,0x08,0x41,0x08,0x41,0x08,
    0x41,0x08,0x41,0x08,0x62,0x08,0xC3,0x10,0x04,0x19,0x04,0x19,0x04,0x19,0xE4,0x18,0x82,0x10,0x41,0x08,0x41,0x08,0x41,0x08,
    0x41,0x08,0x41,0x08,0x41,0x08,0x41,0x08,0x41,0x08,0x41,0x08,0x41,0x08,0x41,0x08,0x41,0x08,0x62,0x08,0xC3,0x10,0x04,0x19,
    0x04,0x19,0x04,0x19,0xE4,0x18,0x82,0x10,0x41,0x08,0x41,0x08,0x41,0x08,0x41,0x08,0x41,0x08,0x41,0x08,0x41,0x08,0x41,0x08,
    0x41,0x08,0x41,0x08,0x41,0x08,0x41,0x08,0x62,0x08,0xC3,0x10,0x04,0x19,0x04,0x19,0x04,0x19,0xE4,0x18,0x82,0x10,0x41,0x08,
    0x41,0x08,0x41,0x08,0x41,0x08,0x41,0x08,0x41,0x08,0x41,0x08,0x41,0x08,0x41,0x08,0x41,0x08,0x41,0x08,0x41,0x08,0x61,0x08,
    0xC3,0x10,0x04,0x19,0x04,0x19,0x04,0x19,0xE4,0x18,0x82,0x10,0x41,0x08,0x41,0x08,0x41,0x08,0x41,0x08,0x41,0x08,0x41,0x08,
    0x41,0x08,0x41,0x08,0x41,0x08,0x41,0x08,0x41,0x08,0x41,0x08,0x61,0x08,0xC3,0x10,0x04,0x19,0x04,0x19,0x04,0x19,0xE4,0x18,
    0x82,0x10,0x41,0x08,0x41,0x08,0x41,0x08,0x41,0x08,0x41,0x08,0x41,0x08,0x41,0x08,0x41,0x08,0x41,0x08,0x41,0x08,0x41,0x08,
    0x41,0x08,0x61,0x08,0xC3,0x10,0x04,0x19,0x04,0x19,0x04,0x19,0xE4,0x18,0x82,0x10,0x41,0x08,0x41,0x08,0x41,0x08,0x41,0x08,
    0x41,0x08,0x41,0x08,0x41,0x08,0x41,0x08,0x41,0x08,0x41,0x08,0x41,0x08,0x41,0x08,0x41,0x08,0x82,0x10,0xE4,0x18,0x04,0x19,
    0x04,0x19,0x04,0x19,0xC3,0x10,0x61,0x08,0x41,0x08,0x41,0x08,0x41,0x08,0x41,0x08,0x41,0x08,0x41,0x08,0x41,0x08,0x41,0x08,
    0x41,0x08,0x41,0x08,0x41,0x08,0x41,0x08,0x82,0x10,0xE4,0x18,0x04,0x19,0x04,0x19,0x04,0x19,0xC3,0x10,0x61,0x08,0x41,0x08,
    0x41,0x08,0x41,0x08,0x41,0x08,0x41,0x08,0x41,0x08,0x41,0x08,0x41,0x08,0x41,0x08,0x41,0x08,0x41,0x08,0x41,0x08,0x82,0x10,
    0xE4,0x18,0x04,0x19,0x04,0x19,0x04,0x19,0xC3,0x10,0x62,0x08,0x41,0x08,0x41,0x08,0x41,0x08,0x41,0x08,0x41,0x08,0x41,0x08,
    0x41,0x08,0x41,0x08,0x41,0x08,0x41,0x08,0x41,0x08,0x41,0x08,0x82,0x10,0xE4,0x18,0x04,0x19,0x04,0x19,0x04,0x19,0xC3,0x10,
    0x62,0x08,0x41,0x08,0x41,0x08,0x41,0x08,0x41,0x08,0x41,0x08,0x41,0x08,0x41,0x08,0x41,0x08,0x41,0x08,0x41,0x08,0x41,0x08,
    0x41,0x08,0x82,0x10,0xE3,0x18,0xE4,0x18,0xE4,0x18,0xE4,0x18,0xA3,0x10,0x61,0x08,0x41,0x08,0x41,0x08,0x41,0x08,0x41,0x08,
    0x41,0x08,0x41,0x08,0x41,0x08,0x41,0x08,0x41,0x08,0x41,0x08,0x21,0x00,0x41,0x00,0x62,0x08,0xA3,0x10,0xA3,0x10,0xA3,0x10,
    0xA3,0x10,0x82,0x08,0x41,0x08,0x20,0x00,0x21,0x00,0x21,0x00,0x21,0x00,0x21,0x00,0x21,0x00,0x20,0x00,0x20,0x00,0x20,0x00,
    0x20,0x00,0x20,0x00,0x20,0x00,0x41,0x08,0x62,0x08,0x82,0x10,0x82,0x08,0x82,0x08,0x61,0x08,0x41,0x00,0x20,0x00,0x20,0x00,
    0x20,0x00,0x20,0x00,0x20,0x00,0x20,0x00,0x20,0x00,0x61,0x08,0x82,0x10,0x82,0x10,0x82,0x10,0x82,0x10,0x82,0x10,0x82,0x10,
    0xA2,0x10,0x62,0x08,0x41,0x00,0x20,0x00,0x21,0x00,0x21,0x00,0x21,0x00,0x21,0x00,0x21,0x00,0x21,0x00,0x20,0x00,0x41,0x08,
    0x82,0x08,0xC3,0x10,0xC3,0x10,0xC3,0x10,0xC3,0x10,0xC3,0x18,0xC3,0x18,0xC3,0x18,0xA2,0x10,0x41,0x08,0x41,0x00,0x41,0x08,
    0x41,0x08,0x41,0x08,0x41,0x08,0x41,0x08,0x41,0x08,0x41,0x08,0x41,0x08,0xA3,0x10,0xE4,0x18,0x04,0x19,0x04,0x19,0x04,0x19,
    0x04,0x19,0x04,0x19,0x04,0x19,0xC3,0x10,0x61,0x08,0x41,0x08,0x41,0x08,0x41,0x08,0x41,0x08,0x41,0x08,0x41,0x08,0x41,0x08,
    0x41,0x08,0x41,0x08,0xA2,0x10,0x04,0x19,0x04,0x21,0x04,0x21,0x04,0x19,0x04,0x19,0x04,0x19,0x04,0x21,0xE3,0x18,0x82,0x08,
    0x41,0x08,0x41,0x08,0x41,0x08,0x41,0x08,0x41,0x08,0x41,0x08,0x41,0x08,0x41,0x08,0x41,0x08,0xA2,0x10,0x04,0x19,0x04,0x21,
    0x04,0x21,0x04,0x19,0x04,0x19,0x04,0x19,0x04,0x21,0xE3,0x18,0x82,0x08,0x41,0x08,0x41,0x08,0x41,0x08,0x41,0x08,0x41,0x08,
    0x41,0x08,0x41,0x08,0x41,0x08,0x41,0x08,0xA2,0x10,0x04,0x19,0x04,0x21,0x04,0x21,0x04,0x19,0x04,0x19,0x04,0x19,0x04,0x21,
    0xE3,0x18,0x82,0x08,0x41,0x08,0x41,0x08,0x41,0x08,0x41,0x08,0x41,0x08,0x41,0x08,0x41,0x08,0x41,0x08,0x41,0x08,0xA2,0x10,
    0x04,0x19,0x04,0x21,0x04,0x21,0x04,0x19,0x04,0x19,0x04,0x21,0x04,0x21,0xE4,0x18,0x82,0x10,0x41,0x08,0x41,0x08,0x41,0x08,
    0x41,0x08,0x41,0x08,0x41,0x08,0x41,0x08,0x41,0x08,0x41,0x08,0xA2,0x10,0xE4,0x18,0x04,0x21,0x04,0x19,0x04,0x19,0x04,0x19,
    0x04,0x21,0x04,0x21,0xE4,0x18,0x82,0x10,0x41,0x08,0x41,0x08,0x41,0x08,0x41,0x08,0x41,0x08,0x41,0x08,0x41,0x08,0x41,0x08,
    0x41,0x08,0xA2,0x10,0xE4,0x18,0x04,0x21,0x04,0x19,0x04,0x19,0x04,0x19,0x04,0x21,0x04,0x21,0xE4,0x18,0x82,0x10,0x41,0x08,
    0x41,0x08,0x41,0x08,0x41,0x08,0x41,0x08,0x41,0x08,0x41,0x08,0x41,0x08,0x41,0x08,0xA2,0x10,0xE4,0x18,0x04,0x21,0x04,0x19,
    0x04,0x19,0x04,0x19,0x04,0x21,0x04,0x21,0xE4,0x18,0x82,0x10,0x41,0x08,0x41,0x08,0x41,0x08,0x41,0x08,0x41,0x08,0x41,0x08,
    0x41,0x08,0x41,0x08,0x41,0x08,0x82,0x10,0xE4,0x18,0x04,0x21,0x04,0x21,0x04,0x19,0x04,0x19,0x04,0x19,0x04,0x21,0xE4,0x18,
    0xA2,0x10,0x41,0x08,0x41,0x08,0x41,0x08,0x41,0x08,0x41,0x08,0x41,0x08,0x41,0x08,0x41,0x08,0x41,0x08,0x82,0x10,0xE4,0x18,
    0x04,0x21,0x04,0x21,0x04,0x19,0x04,0x19,0x04,0x19,0x04,0x21,0xE4,0x18,0xA2,0x10,0x41,0x08,0x41,0x08,0x41,0x08,0x41,0x08,
    0x41,0x08,0x41,0x08,0x41,0x08,0x41,0x08,0x41,0x08,0x82,0x10,0xE4,0x18,0x04,0x21,0x04,0x21,0x04,0x19,0x04,0x19,0x04,0x21,
    0x04,0x21,0x04,0x19,0xA2,0x10,0x41,0x08,0x41,0x08,0x41,0x08,0x41,0x08,0x41,0x08,0x41,0x08,0x41,0x08,0x41,0x08,0x41,0x08,
    0x82,0x08,0xE3,0x18,0x04,0x21,0x04,0x19,0x04,0x19,0x04,0x19,0x04,0x21,0x04,0x21,0x04,0x19,0xA2,0x10,0x41,0x08,0x41,0x08,
    0x41,0x08,0x41,0x08,0x41,0x08,0x41,0x08,0x41,0x08,0x41,0x08,0x41,0x08,0x82,0x08,0xC3,0x18,0x04,0x19,0xE4,0x18,0xE4,0x18,
    0xE4,0x18,0xE4,0x18,0xE4,0x18,0xE3,0x18,0x82,0x10,0x41,0x08,0x41,0x00,0x41,0x08,0x41,0x08,0x41,0x08,0x41,0x08,0x41,0x08,
    0x41,0x08,0x21,0x00,0x61,0x08,0xA2,0x10,0xC3,0x18,0xC3,0x10,0xC3,0x10,0xC3,0x10,0xC3,0x10,0xA3,0x10,0xA3,0x10,0x61,0x08,
    0x21,0x00,0x20,0x00,0x21,0x00,0x21,0x00,0x21,0x00,0x20,0x00,0x20,0x00,0x20,0x00,0x20,0x00,0x21,0x00,0x61,0x08,0x82,0x10,
    0x82,0x10,0x82,0x10,0x82,0x10,0x82,0x08,0x82,0x08,0x82,0x08,0x41,0x08,0x20,0x00,0x20,0x00,0x20,0x00,0x20,0x00,0x41,0x08,
    0x62,0x08,0x82,0x10,0x82,0x10,0x82,0x10,0x61,0x08,0x41,0x08,0x61,0x08,0x82,0x10,0x82,0x10,0xA2,0x10,0x82,0x10,0x61,0x08,
    0x21,0x00,0x20,0x00,0x21,0x00,0x21,0x00,0x21,0x00,0x20,0x00,0x61,0x08,0xA3,0x10,0xC3,0x10,0xC3,0x10,0xC3,0x10,0x82,0x10,
    0x41,0x08,0x82,0x10,0xC3,0x10,0xC3,0x18,0xC3,0x18,0xC3,0x18,0x82,0x10,0x41,0x08,0x41,0x00,0x41,0x08,0x41,0x08,0x41,0x08,
    0x41,0x08,0x82,0x08,0xE3,0x18,0xE4,0x18,0x04,0x19,0xE4,0x18,0xA3,0x10,0x62,0x08,0xA3,0x10,0xE4,0x18,0x04,0x19,0x04,0x19,
    0x04,0x19,0xA2,0x10,0x41,0x08,0x41,0x08,0x41,0x08,0x41,0x08,0x41,0x08,0x41,0x08,0x82,0x10,0xE4,0x18,0x04,0x21,0x04,0x21,
    0x04,0x21,0xE3,0x18,0x82,0x10,0xA2,0x10,0x04,0x19,0x04,0x21,0x04,0x21,0x04,0x21,0xC3,0x10,0x41,0x08,0x41,0x08,0x41,0x08,
    0x41,0x08,0x41,0x08,0x41,0x08,0x82,0x10,0xE4,0x18,0x04,0x21,0x04,0x21,0x04,0x21,0xE3,0x18,0x82,0x10,0xA2,0x10,0x04,0x19,
    0x04,0x21,0x04,0x21,0x04,0x21,0xC3,0x10,0x41,0x08,0x41,0x08,0x41,0x08,0x41,0x08,0x41,0x08,0x41,0x08,0x82,0x10,0xE4,0x18,
    0x04,0x21,0x04,0x21,0x04,0x21,0xE3,0x18,0x82,0x10,0xA2,0x10,0x04,0x19,0x04,0x21,0x04,0x21,0x04,0x21,0xC3,0x10,0x41,0x08,
    0x41,0x08,0x41,0x08,0x41,0x08,0x41,0x08,0x41,0x08,0x82,0x10,0xE4,0x18,0x04,0x21,0x04,0x21,0x04,0x21,0xE3,0x18,0x82,0x08,
    0xA2,0x10,0xE4,0x18,0x04,0x21,0x04,0x21,0x04,0x21,0xC3,0x18,0x61,0x08,0x41,0x08,0x41,0x08,0x61,0x08,0x41,0x08,0x41,0x08,
    0x62,0x08,0xE3,0x18,0x04,0x21,0x04,0x21,0x04,0x21,0xE3,0x18,0x82,0x08,0xA2,0x10,0xE4,0x18,0x04,0x21,0x04,0x21,0x04,0x21,
    0xC3,0x18,0x61,0x08,0x41,0x08,0x41,0x08,0x61,0x08,0x41,0x08,0x41,0x08,0x62,0x08,0xE3,0x18,0x04,0x21,0x04,0x21,0x04,0x21,
    0xE3,0x18,0x82,0x08,0xA2,0x10,0xE4,0x18,0x04,0x21,0x04,0x21,0x04,0x21,0xC3,0x18,0x61,0x08,0x41,0x08,0x41,0x08,0x61,0x08,
    0x41,0x08,0x41,0x08,0x62,0x08,0xE3,0x18,0x04,0x21,0x04,0x21,0x04,0x21,0xE3,0x18,0x82,0x08,0xA2,0x10,0xE4,0x18,0x04,0x21,
    0x04,0x21,0x04,0x21,0xC3,0x18,0x61,0x08,0x41,0x08,0x41,0x08,0x61,0x08,0x41,0x08,0x41,0x08,0x61,0x08,0xC3,0x18,0x04,0x21,
    0x04,0x21,0x04,0x21,0xE4,0x18,0xA2,0x10,0x82,0x08,0xE3,0x18,0x04,0x21,0x04,0x21,0x04,0x21,0xE3,0x18,0x62,0x08,0x41,0x08,
    0x41,0x08,0x61,0x08,0x41,0x08,0x41,0x08,0x61,0x08,0xC3,0x18,0x04,0x21,0x04,0x21,0x04,0x21,0xE4,0x18,0xA2,0x10,0x82,0x08,
    0xE3,0x18,0x04,0x21,0x04,0x21,0x04,0x21,0xE3,0x18,0x62,0x08,0x41,0x08,0x41,0x08,0x61,0x08,0x41,0x08,0x41,0x08,0x61,0x08,
    0xC3,0x18,0x04,0x21,0x04,0x21,0x04,0x21,0xE4,0x18,0xA2,0x10,0x82,0x08,0xE3,0x18,0x04,0x21,0x04,0x21,0x04,0x21,0xE4,0x18,
    0x82,0x10,0x41,0x08,0x41,0x08,0x41,0x08,0x41,0x08,0x41,0x08,0x41,0x08,0xC3,0x10,0x04,0x21,0x04,0x21,0x04,0x21,0x04,0x19,
    0xA2,0x10,0x82,0x10,0xE3,0x18,0x04,0x21,0x04,0x21,0x04,0x21,0xE4,0x18,0x82,0x10,0x41,0x08,0x41,0x08,0x41,0x08,0x41,0x08,
    0x41,0x08,0x41,0x08,0xA3,0x10,0x04,0x19,0x04,0x19,0x04,0x19,0xE3,0x18,0x82,0x10,0x62,0x08,0xC3,0x10,0xE4,0x18,0xE4,0x18,
    0xE4,0x18,0xC3,0x10,0x62,0x08,0x41,0x08,0x41,0x08,0x41,0x08,0x41,0x08,0x21,0x00,0x41,0x08,0x82,0x10,0xC3,0x18,0xC3,0x10,
    0xC3,0x18,0xA3,0x10,0x61,0x08,0x61,0x08,0x82,0x10,0xA3,0x10,0xA3,0x10,0xA3,0x10,0x82,0x10,0x41,0x08,0x20,0x00,0x20,0x00,
    0x21,0x00,0x20,0x00,0x20,0x00,0x20,0x00,0x41,0x08,0x82,0x10,0x82,0x10,0x82,0x10,0x82,0x10,0x61,0x08,0x21,0x00,0x41,0x08,
    0x82,0x08,0x82,0x08,0x82,0x08,0x61,0x08,0x20,0x00,0x20,0x00,0x61,0x08,0x82,0x08,0x82,0x08,0x82,0x10,0x62,0x08,0x41,0x08,
    0x20,0x00,0x20,0x00,0x20,0x00,0x41,0x00,0x82,0x08,0xA2,0x10,0xA2,0x10,0xA2,0x10,0x82,0x10,0x41,0x08,0x21,0x00,0x20,0x00,
    0x41,0x08,0x82,0x10,0xA3,0x10,0xA3,0x10,0xC3,0x10,0xA2,0x10,0x61,0x08,0x21,0x00,0x41,0x00,0x21,0x00,0x41,0x08,0xA2,0x10,
    0xC3,0x18,0xC3,0x18,0xE3,0x18,0xC3,0x10,0x62,0x08,0x41,0x08,0x41,0x00,0x61,0x08,0xC3,0x10,0xE4,0x18,0xE4,0x18,0xE4,0x18,
    0xC3,0x18,0x62,0x08,0x41,0x08,0x41,0x08,0x41,0x08,0x61,0x08,0xC3,0x18,0x04,0x19,0x04,0x19,0x04,0x21,0xE4,0x18,0x82,0x10,
    0x41,0x08,0x41,0x08,0x61,0x08,0xC3,0x18,0x04,0x21,0x04,0x21,0x04,0x21,0xE4,0x18,0x82,0x10,0x41,0x08,0x41,0x08,0x41,0x08,
    0x61,0x08,0xC3,0x10,0x04,0x19,0x04,0x21,0x04,0x21,0xE4,0x18,0x82,0x10,0x41,0x08,0x41,0x08,0x61,0x08,0xC3,0x18,0x04,0x21,
    0x04,0x21,0x04,0x21,0xE4,0x18,0x82,0x10,0x41,0x08,0x41,0x08,0x41,0x08,0x61,0x08,0xC3,0x10,0x04,0x19,0x04,0x21,0x04,0x21,
    0xE4,0x18,0x82,0x10,0x41,0x08,0x41,0x08,0x61,0x08,0xC3,0x18,0x04,0x21,0x04,0x21,0x04,0x21,0xE4,0x18,0x82,0x10,0x41,0x08,
    0x41,0x08,0x41,0x08,0x61,0x08,0xC3,0x10,0x04,0x19,0x04,0x21,0x04,0x21,0xE4,0x18,0x82,0x10,0x41,0x08,0x41,0x08,0x61,0x08,
    0xC3,0x18,0x04,0x21,0x04,0x21,0x04,0x21,0xE4,0x18,0x82,0x10,0x41,0x08,0x41,0x08,0x41,0x08,0x41,0x08,0xC3,0x10,0x04,0x19,
    0x04,0x21,0x04,0x21,0x04,0x19,0xA2,0x10,0x41,0x08,0x41,0x08,0x41,0x08,0xC3,0x10,0x04,0x19,0x04,0x21,0x04,0x21,0x04,0x19,
    0xA2,0x10,0x41,0x08,0x41,0x08,0x41,0x08,0x41,0x08,0xC3,0x10,0x04,0x19,0x04,0x21,0x04,0x21,0x04,0x19,0xA2,0x10,0x41,0x08,
    0x41,0x08,0x41,0x08,0xC3,0x10,0x04,0x19,0x04,0x21,0x04,0x21,0x04,0x19,0xA2,0x10,0x41,0x08,0x41,0x08,0x41,0x08,0x41,0x08,
    0xC3,0x10,0x04,0x19,0x04,0x21,0x04,0x21,0x04,0x19,0xA2,0x10,0x41,0x08,0x41,0x08,0x41,0x08,0xC3,0x10,0x04,0x19,0x04,0x21,
    0x04,0x21,0x04,0x19,0xA2,0x10,0x41,0x08,0x41,0x08,0x41,0x08,0x41,0x08,0xC3,0x10,0x04,0x19,0x04,0x21,0x04,0x21,0x04,0x19,
    0xA2,0x10,0x41,0x08,0x41,0x08,0x41,0x08,0xA2,0x10,0x04,0x19,0x04,0x21,0x04,0x21,0x04,0x19,0xC3,0x10,0x41,0x08,0x41,0x08,
    0x41,0x08,0x41,0x08,0xA2,0x10,0x04,0x19,0x04,0x21,0x04,0x21,0x04,0x19,0xC3,0x10,0x41,0x08,0x41,0x08,0x41,0x08,0xA2,0x10,
    0x04,0x19,0x04,0x21,0x04,0x21,0x04,0x19,0xC3,0x10,0x41,0x08,0x41,0x08,0x41,0x08,0x41,0x08,0xA2,0x10,0x04,0x19,0x04,0x21,
    0x04,0x21,0x04,0x19,0xC3,0x10,0x41,0x08,0x41,0x08,0x41,0x08,0xA2,0x10,0x04,0x19,0x04,0x21,0x04,0x21,0x04,0x19,0xC3,0x10,
    0x41,0x08,0x41,0x08,0x41,0x08,0x41,0x08,0x82,0x10,0xE4,0x18,0x04,0x21,0x04,0x21,0x04,0x21,0xC3,0x18,0x61,0x08,0x41,0x08,
    0x41,0x08,0x82,0x10,0xE4,0x18,0x04,0x21,0x04,0x21,0x04,0x19,0xC3,0x10,0x61,0x08,0x41,0x08,0x41,0x08,0x41,0x08,0x82,0x10,
    0xE4,0x18,0x04,0x21,0x04,0x21,0x04,0x21,0xC3,0x18,0x61,0x08,0x41,0x08,0x41,0x08,0x82,0x10,0xE4,0x18,0x04,0x19,0x04,0x19,
    0xE4,0x18,0xA3,0x10,0x61,0x08,0x41,0x08,0x41,0x08,0x41,0x08,0x82,0x08,0xC3,0x18,0xE4,0x18,0xE3,0x18,0xE4,0x18,0xA2,0x10,
    0x41,0x08,0x41,0x00,0x41,0x00,0x62,0x08,0xC3,0x10,0xC3,0x18,0xC3,0x18,0xC3,0x10,0x82,0x10,0x41,0x08,0x20,0x00,0x21,0x00,
    0x21,0x00,0x61,0x08,0xA2,0x10,0xA3,0x10,0xA3,0x10,0xA3,0x10,0x82,0x08,0x41,0x08,0x20,0x00,0x20,0x00,0x41,0x08,0x82,0x10,
    0x82,0x10,0x82,0x10,0x82,0x10,0x62,0x08,0x21,0x00,0x20,0x00,0x20,0x00,0x20,0x00,0x41,0x00,0x61,0x08,0x82,0x08,0x62,0x08,
    0x41,0x08,0x62,0x08,0x82,0x08,0x82,0x08,0x82,0x08,0x41,0x08,0x20,0x00,0x20,0x00,0x20,0x00,0x20,0x00,0x20,0x00,0x20,0x00,
    0x20,0x00,0x41,0x08,0x82,0x10,0xA2,0x10,0xA2,0x10,0xA2,0x10,0x82,0x10,0x62,0x08,0xA2,0x10,0xA3,0x10,0xA3,0x10,0xA3,0x10,
    0x62,0x08,0x21,0x00,0x21,0x00,0x41,0x08,0x41,0x08,0x41,0x08,0x41,0x00,0x21,0x00,0x62,0x08,0xC3,0x10,0xE3,0x18,0xE3,0x18,
    0xE3,0x18,0xA3,0x10,0xA2,0x10,0xE3,0x18,0xE4,0x18,0xE4,0x18,0xE3,0x18,0x82,0x10,0x41,0x08,0x41,0x08,0x41,0x08,0x41,0x08,
    0x41,0x08,0x41,0x08,0x41,0x08,0x82,0x10,0xE4,0x18,0x04,0x21,0x04,0x21,0x04,0x21,0xE3,0x18,0xC3,0x10,0x04,0x19,0x04,0x21,
    0x04,0x21,0x04,0x21,0xC3,0x10,0x61,0x08,0x41,0x08,0x61,0x08,0x61,0x08,0x61,0x08,0x41,0x08,0x41,0x08,0x82,0x10,0xE4,0x18,
    0x24,0x21,0x04,0x21,0x04,0x21,0xE3,0x18,0xC3,0x10,0x04,0x19,0x04,0x21,0x04,0x21,0x04,0x21,0xC3,0x10,0x61,0x08,0x41,0x08,
    0x61,0x08,0x61,0x08,0x61,0x08,0x41,0x08,0x41,0x08,0x82,0x10,0xE4,0x18,0x24,0x21,0x04,0x21,0x04,0x21,0xE3,0x18,0xC3,0x10,
    0x04,0x19,0x04,0x21,0x04,0x21,0x04,0x21,0xC3,0x10,0x61,0x08,0x41,0x08,0x61,0x08,0x61,0x08,0x61,0x08,0x41,0x08,0x41,0x08,
    0x82,0x10,0xE4,0x18,0x24,0x21,0x04,0x21,0x04,0x21,0xE3,0x18,0xC3,0x10,0x04,0x19,0x04,0x21,0x04,0x21,0x04,0x21,0xC3,0x10,
    0x61,0x08,0x41,0x08,0x61,0x08,0x61,0x08,0x61,0x08,0x61,0x08,0x41,0x08,0x62,0x08,0xE3,0x18,0x04,0x21,0x04,0x21,0x24,0x21,
    0xE4,0x18,0xA3,0x10,0xE4,0x18,0x24,0x21,0x04,0x21,0x04,0x21,0xC3,0x18,0x61,0x08,0x41,0x08,0x61,0x08,0x61,0x08,0x61,0x08,
    0x61,0x08,0x41,0x08,0x62,0x08,0xE3,0x18,0x04,0x21,0x04,0x21,0x24,0x21,0xE4,0x18,0xA3,0x10,0xE4,0x18,0x24,0x21,0x04,0x21,
    0x04,0x21,0xC3,0x18,0x61,0x08,0x41,0x08,0x61,0x08,0x61,0x08,0x61,0x08,0x61,0x08,0x41,0x08,0x62,0x08,0xE3,0x18,0x04,0x21,
    0x04,0x21,0x24,0x21,0xE4,0x18,0xA3,0x10,0xE4,0x18,0x24,0x21,0x04,0x21,0x04,0x21,0xC3,0x18,0x61,0x08,0x41,0x08,0x61,0x08,
    0x61,0x08,0x61,0x08,0x61,0x08,0x41,0x08,0x62,0x08,0xE3,0x18,0x04,0x21,0x04,0x21,0x24,0x21,0xE4,0x18,0xA3,0x10,0xE4,0x18,
    0x24,0x21,0x04,0x21,0x04,0x21,0xE3,0x18,0x62,0x08,0x41,0x08,0x61,0x08,0x61,0x08,0x61,0x08,0x61,0x08,0x41,0x08,0x61,0x08,
    0xC3,0x18,0x04,0x21,0x04,0x21,0x24,0x21,0xE4,0x18,0xA3,0x10,0xE4,0x18,0x24,0x21,0x04,0x21,0x04,0x21,0xE3,0x18,0x62,0x08,
    0x41,0x08,0x61,0x08,0x61,0x08,0x61,0x08,0x61,0x08,0x41,0x08,0x61,0x08,0xC3,0x18,0x04,0x21,0x04,0x21,0x24,0x21,0xE4,0x18,
    0xA3,0x10,0xE4,0x18,0x24,0x21,0x04,0x21,0x04,0x21,0xE3,0x18,0x62,0x08,0x41,0x08,0x61,0x08,0x61,0x08,0x61,0x08,0x61,0x08,
    0x41,0x08,0x61,0x08,0xC3,0x10,0x04,0x21,0x04,0x21,0x04,0x21,0x04,0x19,0xC3,0x10,0xE3,0x18,0x04,0x21,0x04,0x21,0x24,0x21,
    0xE4,0x18,0x82,0x10,0x41,0x08,0x41,0x08,0x61,0x08,0x61,0x08,0x61,0x08,0x41,0x08,0x61,0x08,0xC3,0x10,0x04,0x21,0x04,0x21,
    0x04,0x21,0x04,0x19,0xC3,0x10,0xC3,0x18,0x04,0x19,0x04,0x19,0x04,0x19,0xE3,0x18,0x82,0x08,0x41,0x08,0x41,0x08,0x41,0x08,
    0x41,0x08,0x41,0x08,0x41,0x08,0x41,0x08,0xA2,0x10,0xC3,0x18,0xE4,0x18,0xE3,0x18,0xC3,0x18,0x82,0x10,0xA2,0x10,0xC3,0x18,
    0xC3,0x18,0xC3,0x18,0xA3,0x10,0x61,0x08,0x21,0x00,0x21,0x00,0x41,0x00,0x41,0x00,0x41,0x00,0x20,0x00,0x21,0x00,0x82,0x08,
    0xA2,0x10,0xA3,0x10,0xA3,0x10,0xA2,0x10,0x62,0x08,0x82,0x08,0xA2,0x10,0x82,0x10,0x82,0x10,0x82,0x10,0x41,0x08,0x20,0x00,
    0x20,0x00,0x20,0x00,0x20,0x00,0x20,0x00,0x20,0x00,0x20,0x00,0x41,0x08,0x62,0x08,0x62,0x08,0x62,0x08,0x82,0x08,0x61,0x08,
    0x20,0x00,0x20,0x00,0x20,0x00,0x20,0x00,0x20,0x00,0x20,0x00,0x20,0x00,0x20,0x00,0x20,0x00,0x20,0x00,0x20,0x00,0x62,0x08,
    0xA2,0x10,0xA2,0x10,0xA3,0x10,0xA3,0x10,0xA3,0x10,0xA3,0x10,0x82,0x10,0x41,0x08,0x21,0x00,0x41,0x00,0x41,0x00,0x41,0x08,
    0x41,0x08,0x41,0x08,0x41,0x08,0x41,0x08,0x21,0x00,0x41,0x08,0x82,0x10,0xC3,0x18,0xE3,0x18,0xE4,0x18,0xE4,0x18,0xE4,0x18,
    0xE4,0x18,0xA3,0x10,0x61,0x08,0x41,0x08,0x41,0x08,0x41,0x08,0x41,0x08,0x41,0x08,0x41,0x08,0x41,0x08,0x41,0x08,0x41,0x08,
    0x41,0x08,0xC3,0x10,0x04,0x19,0x04,0x21,0x04,0x21,0x25,0x21,0x24,0x21,0x24,0x21,0xE4,0x18,0x62,0x08,0x41,0x08,0x61,0x08,
    0x61,0x08,0x61,0x08,0x61,0x08,0x61,0x08,0x61,0x08,0x61,0x08,0x41,0x08,0x61,0x08,0xA3,0x10,0x04,0x21,0x24,0x21,0x25,0x21,
    0x25,0x21,0x24,0x21,0x24,0x21,0xE4,0x18,0x62,0x08,0x41,0x08,0x61,0x08,0x61,0x08,0x61,0x08,0x61,0x08,0x61,0x08,0x61,0x08,
    0x61,0x08,0x41,0x08,0x61,0x08,0xA3,0x10,0x04,0x21,0x24,0x21,0x25,0x21,0x25,0x21,0x24,0x21,0x24,0x21,0xE4,0x18,0x62,0x08,
    0x41,0x08,0x61,0x08,0x61,0x08,0x61,0x08,0x61,0x08,0x61,0x08,0x61,0x08,0x61,0x08,0x41,0x08,0x61,0x08,0xA3,0x10,0x04,0x21,
    0x24,0x21,0x25,0x21,0x25,0x21,0x24,0x21,0x24,0x21,0xE4,0x18,0x62,0x08,0x41,0x08,0x61,0x08,0x61,0x08,0x61,0x08,0x61,0x08,
    0x61,0x08,0x61,0x08,0x61,0x08,0x41,0x08,0x41,0x08,0xA2,0x10,0x04,0x19,0x25,0x21,0x24,0x21,0x25,0x21,0x24,0x21,0x25,0x21,
    0x04,0x19,0x82,0x10,0x41,0x08,0x41,0x08,0x61,0x08,0x61,0x08,0x61,0x08,0x61,0x08,0x61,0x08,0x61,0x08,0x41,0x08,0x41,0x08,
    0xA2,0x10,0x04,0x19,0x25,0x21,0x24,0x21,0x25,0x21,0x24,0x21,0x25,0x21,0x04,0x19,0x82,0x10,0x41,0x08,0x41,0x08,0x61,0x08,
    0x61,0x08,0x61,0x08,0x61,0x08,0x61,0x08,0x61,0x08,0x41,0x08,0x41,0x08,0xA2,0x10,0x04,0x19,0x25,0x21,0x24,0x21,0x25,0x21,
    0x24,0x21,0x25,0x21,0x04,0x19,0x82,0x10,0x41,0x08,0x41,0x08,0x61,0x08,0x61,0x08,0x61,0x08,0x61,0x08,0x61,0x08,0x61,0x08,
    0x41,0x08,0x41,0x08,0xA2,0x10,0x04,0x19,0x25,0x21,0x24,0x21,0x25,0x21,0x24,0x21,0x25,0x21,0x04,0x19,0xA2,0x10,0x41,0x08,
    0x41,0x08,0x61,0x08,0x61,0x08,0x61,0x08,0x61,0x08,0x61,0x08,0x61,0x08,0x41,0x08,0x41,0x08,0x82,0x10,0x04,0x19,0x25,0x21,
    0x24,0x21,0x25,0x21,0x24,0x21,0x25,0x21,0x04,0x19,0xA2,0x10,0x41,0x08,0x41,0x08,0x61,0x08,0x61,0x08,0x61,0x08,0x61,0x08,
    0x61,0x08,0x61,0x08,0x41,0x08,0x41,0x08,0x82,0x10,0x04,0x19,0x25,0x21,0x24,0x21,0x25,0x21,0x24,0x21,0x25,0x21,0x04,0x19,
    0xA2,0x10,0x41,0x08,0x41,0x08,0x61,0x08,0x61,0x08,0x61,0x08,0x61,0x08,0x61,0x08,0x61,0x08,0x61,0x08,0x41,0x08,0x62,0x08,
    0xE4,0x18,0x24,0x21,0x24,0x21,0x25,0x21,0x25,0x21,0x24,0x21,0x04,0x21,0xA3,0x10,0x61,0x08,0x41,0x08,0x61,0x08,0x61,0x08,
    0x61,0x08,0x61,0x08,0x61,0x08,0x61,0x08,0x61,0x08,0x41,0x08,0x62,0x08,0xE3,0x18,0x04,0x21,0x04,0x21,0x04,0x21,0x04,0x19,
    0x04,0x19,0xE4,0x18,0xA2,0x10,0x41,0x08,0x41,0x08,0x41,0x08,0x41,0x08,0x41,0x08,0x41,0x08,0x41,0x08,0x41,0x08,0x41,0x08,
    0x41,0x08,0x61,0x08,0xA3,0x10,0xE3,0x18,0xE3,0x18,0xE3,0x18,0xC3,0x18,0xC3,0x18,0xC3,0x18,0x82,0x08,0x41,0x08,0x21,0x00,
    0x41,0x08,0x41,0x00,0x41,0x00,0x41,0x00,0x41,0x00,0x21,0x00,0x21,0x00,0x20,0x00,0x41,0x08,0x82,0x10,0xA2,0x10,0xA2,0x10,
    0xA2,0x10,0xA2,0x10,0xA2,0x10,0x82,0x10,0x61,0x08,0x20,0x00,0x20,0x00,0x20,0x00,0x20,0x00,0x20,0x00,0x20,0x00,0x20,0x00,
    0x20,0x00,0x20,0x00,0x20,0x00,0x20,0x00,0x62,0x08,0x61,0x08,0x41,0x00,0x20,0x00,0x20,0x00,0x20,0x00,0x20,0x00,0x20,0x00,
    0x20,0x00,0x20,0x00,0x20,0x00,0x20,0x00,0x20,0x00,0x20,0x00,0x20,0x00,0x20,0x00,0x41,0x08,0x82,0x08,0xA3,0x10,0xA2,0x10,
    0xA2,0x10,0x41,0x08,0x21,0x00,0x21,0x00,0x41,0x00,0x41,0x00,0x41,0x00,0x41,0x08,0x41,0x08,0x41,0x08,0x41,0x08,0x41,0x08,
    0x41,0x08,0x41,0x08,0x41,0x00,0x41,0x08,0xA2,0x10,0xE3,0x18,0xE3,0x18,0xC3,0x18,0x62,0x08,0x41,0x08,0x41,0x08,0x41,0x08,
    0x41,0x08,0x41,0x08,0x41,0x08,0x41,0x08,0x41,0x08,0x41,0x08,0x41,0x08,0x41,0x08,0x41,0x08,0x41,0x08,0x61,0x08,0xC3,0x18,
    0x04,0x21,0x04,0x21,0x04,0x19,0x82,0x10,0x41,0x08,0x41,0x08,0x61,0x08,0x61,0x08,0x61,0x08,0x61,0x08,0x61,0x08,0x61,0x08,
    0x61,0x08,0x61,0x08,0x61,0x08,0x61,0x08,0x41,0x08,0x62,0x08,0xE3,0x18,0x04,0x21,0x04,0x21,0x04,0x19,0x82,0x10,0x41,0x08,
    0x41,0x08,0x61,0x08,0x61,0x08,0x61,0x08,0x61,0x08,0x61,0x08,0x61,0x08,0x61,0x08,0x61,0x08,0x61,0x08,0x61,0x08,0x41,0x08,
    0x62,0x08,0xE3,0x18,0x04,0x21,0x04,0x21,0x04,0x19,0x82,0x10,0x41,0x08,0x41,0x08,0x61,0x08,0x61,0x08,0x61,0x08,0x61,0x08,
    0x61,0x08,0x61,0x08,0x61,0x08,0x61,0x08,0x61,0x08,0x61,0x08,0x41,0x08,0x62,0x08,0xE3,0x18,0x04,0x21,0x04,0x21,0x04,0x19,
    0x82,0x10,0x41,0x08,0x41,0x08,0x61,0x08,0x61,0x08,0x61,0x08,0x61,0x08,0x61,0x08,0x61,0x08,0x61,0x08,0x61,0x08,0x61,0x08,
    0x61,0x08,0x41,0x08,0x61,0x08,0xA3,0x10,0x04,0x21,0x04,0x21,0x04,0x21,0xA3,0x10,0x61,0x08,0x41,0x08,0x61,0x08,0x61,0x08,
    0x61,0x08,0x61,0x08,0x61,0x08,0x61,0x08,0x61,0x08,0x61,0x08,0x61,0x08,0x61,0x08,0x41,0x08,0x61,0x08,0xA3,0x10,0x04,0x21,
    0x04,0x21,0x04,0x21,0xA3,0x10,0x61,0x08,0x41,0x08,0x61,0x08,0x61,0x08,0x61,0x08,0x61,0x08,0x61,0x08,0x61,0x08,0x61,0x08,
    0x61,0x08,0x61,0x08,0x61,0x08,0x41,0x08,0x61,0x08,0xA3,0x10,0x04,0x21,0x04,0x21,0x04,0x21,0xA3,0x10,0x61,0x08,0x41,0x08,
    0x61,0x08,0x61,0x08,0x61,0x08,0x61,0x08,0x61,0x08,0x61,0x08,0x61,0x08,0x61,0x08,0x61,0x08,0x61,0x08,0x41,0x08,0x61,0x08,
    0xA3,0x10,0x04,0x21,0x04,0x21,0x04,0x21,0xA3,0x10,0x61,0x08,0x41,0x08,0x61,0x08,0x61,0x08,0x61,0x08,0x61,0x08,0x61,0x08,
    0x61,0x08,0x61,0x08,0x61,0x08,0x61,0x08,0x61,0x08,0x41,0x08,0x61,0x08,0xA3,0x10,0x04,0x21,0x04,0x21,0x04,0x21,0xA3,0x10,
    0x61,0x08,0x41,0x08,0x61,0x08,0x61,0x08,0x61,0x08,0x61,0x08,0x61,0x08,0x61,0x08,0x61,0x08,0x61,0x08,0x61,0x08,0x61,0x08,
    0x41,0x08,0x61,0x08,0xA3,0x10,0x04,0x21,0x04,0x21,0x04,0x21,0xA3,0x10,0x61,0x08,0x41,0x08,0x61,0x08,0x61,0x08,0x61,0x08,
    0x61,0x08,0x61,0x08,0x61,0x08,0x61,0x08,0x61,0x08,0x61,0x08,0x61,0x08,0x41,0x08,0x41,0x08,0x82,0x10,0x04,0x19,0x04,0x21,
    0x04,0x21,0xE3,0x18,0x62,0x08,0x41,0x08,0x61,0x08,0x61,0x08,0x61,0x08,0x61,0x08,0x61,0x08,0x61,0x08,0x61,0x08,0x61,0x08,
    0x61,0x08,0x61,0x08,0x41,0x08,0x41,0x08,0x82,0x10,0xE4,0x18,0x04,0x19,0x04,0x19,0xC3,0x10,0x61,0x08,0x41,0x08,0x41,0x08,
    0x41,0x08,0x41,0x08,0x41,0x08,0x41,0x08,0x41,0x08,0x41,0x08,0x41,0x08,0x41,0x08,0x41,0x08,0x41,0x08,0x41,0x08,0x62,0x08,
    0xC3,0x10,0xC3,0x18,0xC3,0x18,0xA2,0x10,0x41,0x08,0x21,0x00,0x41,0x08,0x41,0x08,0x41,0x08,0x41,0x00,0x41,0x00,0x41,0x00,
    0x41,0x00,0x21,0x00,0x21,0x00,0x21,0x00,0x21,0x00,0x21,0x00,0x41,0x08,0x82,0x10,0xA2,0x10,0xA2,0x10,0x62,0x08,0x41,0x00,
    0x20,0x00,0x20,0x00,0x20,0x00,0x20,0x00,0x20,0x00,0x20,0x00,0x20,0x00,0x20,0x00,0x20,0x00,0x20,0x00,0x20,0x00,0x20,0x00,
    0x62,0x08,0x41,0x08,0x20,0x00,0x20,0x00,0x20,0x00,0x20,0x00,0x20,0x00,0x20,0x00,0x20,0x00,0x20,0x00,0x20,0x00,0x20,0x00,
    0x20,0x00,0x20,0x00,0x20,0x00,0x21,0x00,0x20,0x00,0x21,0x00,0xA2,0x10,0xA3,0x10,0x61,0x08,0x20,0x00,0x21,0x00,0x41,0x00,
    0x41,0x00,0x41,0x00,0x41,0x00,0x41,0x08,0x41,0x08,0x41,0x08,0x41,0x08,0x41,0x08,0x41,0x08,0x41,0x08,0x41,0x08,0x41,0x08,
    0x41,0x08,0xC3,0x18,0xE4,0x18,0x82,0x08,0x21,0x00,0x41,0x08,0x41,0x08,0x41,0x08,0x41,0x08,0x41,0x08,0x41,0x08,0x41,0x08,
    0x41,0x08,0x41,0x08,0x41,0x08,0x41,0x08,0x41,0x08,0x41,0x08,0x41,0x08,0x61,0x08,0x04,0x19,0x25,0x21,0x82,0x10,0x41,0x08,
    0x61,0x08,0x61,0x08,0x61,0x08,0x61,0x08,0x61,0x08,0x61,0x08,0x61,0x08,0x61,0x08,0x61,0x08,0x61,0x08,0x61,0x08,0x61,0x08,
    0x61,0x08,0x41,0x08,0x61,0x08,0x04,0x21,0x25,0x21,0xA2,0x10,0x41,0x08,0x61,0x08,0x61,0x08,0x61,0x08,0x61,0x08,0x61,0x08,
    0x61,0x08,0x61,0x08,0x61,0x08,0x61,0x08,0x61,0x08,0x61,0x08,0x61,0x08,0x61,0x08,0x41,0x08,0x61,0x08,0x04,0x21,0x25,0x21,
    0xA2,0x10,0x41,0x08,0x61,0x08,0x61,0x08,0x61,0x08,0x61,0x08,0x61,0x08,0x61,0x08,0x61,0x08,0x61,0x08,0x61,0x08,0x61,0x08,
    0x61,0x08,0x61,0x08,0x61,0x08,0x41,0x08,0x61,0x08,0x04,0x21,0x25,0x21,0xA2,0x10,0x41,0x08,0x61,0x08,0x61,0x08,0x61,0x08,
    0x61,0x08,0x61,0x08,0x61,0x08,0x61,0x08,0x61,0x08,0x61,0x08,0x61,0x08,0x61,0x08,0x61,0x08,0x61,0x08,0x61,0x08,0x41,0x08,
    0xC3,0x18,0x25,0x21,0xC3,0x18,0x41,0x08,0x61,0x08,0x61,0x08,0x61,0x08,0x61,0x08,0x61,0x08,0x61,0x08,0x61,0x08,0x61,0x08,
    0x61,0x08,0x61,0x08,0x61,0x08,0x61,0x08,0x61,0x08,0x61,0x08,0x41,0x08,0xC3,0x18,0x25,0x21,0xC3,0x18,0x41,0x08,0x61,0x08,
    0x61,0x08,0x61,0x08,0x61,0x08,0x61,0x08,0x61,0x08,0x61,0x08,0x61,0x08,0x61,0x08,0x61,0x08,0x61,0x08,0x61,0x08,0x61,0x08,
    0x61,0x08,0x41,0x08,0xC3,0x18,0x25,0x21,0xC3,0x18,0x41,0x08,0x61,0x08,0x61,0x08,0x61,0x08,0x61,0x08,0x61,0x08,0x61,0x08,
    0x61,0x08,0x61,0x08,0x61,0x08,0x61,0x08,0x61,0x08,0x61,0x08,0x61,0x08,0x61,0x08,0x41,0x08,0xC3,0x18,0x25,0x21,0xC3,0x18,
    0x41,0x08,0x61,0x08,0x61,0x08,0x61,0x08,0x61,0x08,0x61,0x08,0x61,0x08,0x61,0x08,0x61,0x08,0x61,0x08,0x61,0x08,0x61,0x08,
    0x61,0x08,0x61,0x08,0x61,0x08,0x41,0x08,0xC3,0x18,0x25,0x21,0xC3,0x18,0x41,0x08,0x61,0x08,0x61,0x08,0x61,0x08,0x61,0x08,
    0x61,0x08,0x61,0x08,0x61,0x08,0x61,0x08,0x61,0x08,0x61,0x08,0x61,0x08,0x61,0x08,0x61,0x08,0x61,0x08,0x41,0x08,0xC3,0x18,
    0x25,0x21,0xC3,0x18,0x41,0x08,0x61,0x08,0x61,0x08,0x61,0x08,0x61,0x08,0x61,0x08,0x61,0x08,0x61,0x08,0x61,0x08,0x61,0x08,
    0x61,0x08,0x61,0x08,0x61,0x08,0x61,0x08,0x61,0x08,0x41,0x08,0xA2,0x10,0x25,0x21,0x04,0x21,0x61,0x08,0x41,0x08,0x61,0x08,
    0x61,0x08,0x61,0x08,0x61,0x08,0x61,0x08,0x61,0x08,0x61,0x08,0x61,0x08,0x61,0x08,0x61,0x08,0x61,0x08,0x61,0x08,0x61,0x08,
    0x41,0x08,0x82,0x10,0x04,0x21,0xE4,0x18,0x61,0x08,0x41,0x08,0x41,0x08,0x41,0x08,0x41,0x08,0x41,0x08,0x41,0x08,0x41,0x08,
    0x41,0x08,0x41,0x08,0x41,0x08,0x41,0x08,0x41,0x08,0x41,0x08,0x41,0x08,0x21,0x00,0x62,0x08,0xE3,0x18,0xC3,0x10,0x41,0x08,
    0x41,0x00,0x41,0x08,0x41,0x08,0x41,0x08,0x41,0x08,0x41,0x00,0x41,0x00,0x41,0x00,0x41,0x00,0x21,0x00,0x21,0x00,0x21,0x00,
    0x21,0x00,0x21,0x00,0x20,0x00,0x41,0x08,0xA2,0x10,0x82,0x10,0x21,0x00,0x20,0x00,0x20,0x00,0x20,0x00,0x20,0x00,0x20,0x00,
    0x20,0x00,0x20,0x00,0x20,0x00,0x20,0x00,0x20,0x00,0x20,0x00,0x20,0x00,0x20,0x00,0x62,0x08,0x41,0x08,0x20,0x00,0x20,0x00,
    0x20,0x00,0x20,0x00,0x20,0x00,0x20,0x00,0x20,0x00,0x20,0x00,0x20,0x00,0x20,0x00,0x20,0x00,0x20,0x00,0x20,0x00,0x21,0x00,
    0x21,0x00,0x41,0x00,0xA2,0x10,0xA3,0x10,0x61,0x08,0x20,0x00,0x21,0x00,0x41,0x00,0x41,0x00,0x41,0x00,0x41,0x00,0x41,0x08,
    0x41,0x08,0x41,0x08,0x41,0x08,0x41,0x08,0x41,0x08,0x41,0x08,0x41,0x08,0x41,0x08,0x41,0x08,0xC3,0x18,0xE4,0x18,0x82,0x08,
    0x41,0x08,0x41,0x08,0x41,0x08,0x41,0x08,0x41,0x08,0x41,0x08,0x41,0x08,0x41,0x08,0x41,0x08,0x41,0x08,0x41,0x08,0x41,0x08,
    0x41,0x08,0x41,0x08,0x41,0x08,0x61,0x08,0x04,0x19,0x25,0x21,0x82,0x10,0x41,0x08,0x61,0x08,0x61,0x08,0x61,0x08,0x61,0x08,
    0x61,0x08,0x61,0x08,0x61,0x08,0x61,0x08,0x61,0x08,0x61,0x08,0x61,0x08,0x61,0x08,0x61,0x08,0x61,0x08,0x62,0x08,0x04,0x21,
    0x25,0x21,0xA2,0x10,0x41,0x08,0x61,0x08,0x61,0x08,0x61,0x08,0x61,0x08,0x61,0x08,0x61,0x08,0x61,0x08,0x61,0x08,0x61,0x08,
    0x61,0x08,0x61,0x08,0x61,0x08,0x61,0x08,0x61,0x08,0x62,0x08,0x04,0x21,0x25,0x21,0xA2,0x10,0x41,0x08,0x61,0x08,0x61,0x08,
    0x61,0x08,0x61,0x08,0x61,0x08,0x61,0x08,0x61,0x08,0x61,0x08,0x61,0x08,0x61,0x08,0x61,0x08,0x61,0x08,0x61,0x08,0x61,0x08,
    0x62,0x08,0x04,0x21,0x25,0x21,0xA2,0x10,0x41,0x08,0x61,0x08,0x61,0x08,0x61,0x08,0x61,0x08,0x61,0x08,0x61,0x08,0x61,0x08,
    0x61,0x08,0x61,0x08,0x61,0x08,0x61,0x08,0x61,0x08,0x61,0x08,0x61,0x08,0x41,0x08,0xE3,0x18,0x45,0x21,0xE3,0x18,0x41,0x08,
    0x61,0x08,0x61,0x08,0x61,0x08,0x61,0x08,0x61,0x08,0x61,0x08,0x61,0x08,0x61,0x08,0x61,0x08,0x61,0x08,0x61,0x08,0x61,0x08,
    0x61,0x08,0x61,0x08,0x41,0x08,0xE3,0x18,0x45,0x21,0xE3,0x18,0x41,0x08,0x61,0x08,0x61,0x08,0x61,0x08,0x61,0x08,0x61,0x08,
    0x61,0x08,0x61,0x08,0x61,0x08,0x61,0x08,0x61,0x08,0x61,0x08,0x61,0x08,0x61,0x08,0x61,0x08,0x41,0x08,0xE3,0x18,0x45,0x21,
    0xE3,0x18,0x41,0x08,0x61,0x08,0x61,0x08,0x61,0x08,0x61,0x08,0x61,0x08,0x61,0x08,0x61,0x08,0x61,0x08,0x61,0x08,0x61,0x08,
    0x61,0x08,0x61,0x08,0x61,0x08,0x61,0x08,0x41,0x08,0xE3,0x18,0x45,0x21,0xE3,0x18,0x41,0x08,0x61,0x08,0x61,0x08,0x61,0x08,
    0x61,0x08,0x61,0x08,0x61,0x08,0x61,0x08,0x61,0x08,0x61,0x08,0x61,0x08,0x61,0x08,0x61,0x08,0x61,0x08,0x61,0x08,0x41,0x08,
    0xE3,0x18,0x45,0x21,0xE3,0x18,0x41,0x08,0x61,0x08,0x61,0x08,0x61,0x08,0x61,0x08,0x61,0x08,0x61,0x08,0x61,0x08,0x61,0x08,
    0x61,0x08,0x61,0x08,0x61,0x08,0x61,0x08,0x61,0x08,0x61,0x08,0x41,0x08,0xE3,0x18,0x45,0x21,0xE3,0x18,0x41,0x08,0x61,0x08,
    0x61,0x08,0x61,0x08,0x61,0x08,0x61,0x08,0x61,0x08,0x61,0x08,0x61,0x08,0x61,0x08,0x61,0x08,0x61,0x08,0x61,0x08,0x61,0x08,
    0x61,0x08,0x41,0x08,0xA2,0x10,0x25,0x21,0x04,0x21,0x62,0x08,0x61,0x08,0x61,0x08,0x61,0x08,0x61,0x08,0x61,0x08,0x61,0x08,
    0x61,0x08,0x61,0x08,0x61,0x08,0x61,0x08,0x61,0x08,0x61,0x08,0x61,0x08,0x61,0x08,0x41,0x08,0x82,0x10,0x04,0x21,0xE4,0x18,
    0x61,0x08,0x41,0x08,0x41,0x08,0x41,0x08,0x41,0x08,0x41,0x08,0x41,0x08,0x41,0x08,0x41,0x08,0x41,0x08,0x41,0x08,0x41,0x08,
    0x41,0x08,0x41,0x08,0x41,0x08,0x41,0x00,0x62,0x08,0xE3,0x18,0xC3,0x10,0x41,0x08,0x41,0x08,0x41,0x08,0x41,0x08,0x41,0x08,
    0x41,0x08,0x41,0x00,0x41,0x00,0x41,0x00,0x41,0x00,0x21,0x00,0x21,0x00,0x21,0x00,0x21,0x00,0x21,0x00,0x20,0x00,0x41,0x08,
    0xA2,0x10,0x82,0x10,0x21,0x00,0x20,0x00,0x20,0x00,0x20,0x00,0x20,0x00,0x20,0x00,0x20,0x00,0x20,0x00,0x20,0x00,0x20,0x00,
    0x20,0x00,0x20,0x00,0x20,0x00,0x20,0x00,0x62,0x08,0x41,0x08,0x20,0x00,0x20,0x00,0x20,0x00,0x20,0x00,0x20,0x00,0x20,0x00,
    0x20,0x00,0x20,0x00,0x20,0x00,0x20,0x00,0x20,0x00,0x20,0x00,0x20,0x00,0x21,0x00,0x21,0x00,0x41,0x00,0xA2,0x10,0xA3,0x10,
    0x61,0x08,0x20,0x00,0x21,0x00,0x41,0x00,0x41,0x00,0x41,0x00,0x41,0x00,0x41,0x08,0x41,0x08,0x41,0x08,0x41,0x08,0x41,0x08,
    0x41,0x08,0x41,0x08,0x41,0x08,0x41,0x08,0x41,0x08,0xC3,0x18,0xE4,0x18,0x82,0x08,0x41,0x08,0x41,0x08,0x41,0x08,0x41,0x08,
    0x41,0x08,0x41,0x08,0x41,0x08,0x41,0x08,0x41,0x08,0x41,0x08,0x41,0x08,0x41,0x08,0x41,0x08,0x41,0x08,0x41,0x08,0x61,0x08,
    0x04,0x19,0x25,0x21,0x82,0x10,0x41,0x08,0x61,0x08,0x61,0x08,0x61,0x08,0x61,0x08,0x61,0x08,0x61,0x08,0x61,0x08,0x61,0x08,
    0x61,0x08,0x61,0x08,0x61,0x08,0x61,0x08,0x61,0x08,0x61,0x08,0x62,0x08,0x04,0x21,0x25,0x21,0xA2,0x10,0x41,0x08,0x61,0x08,
    0x61,0x08,0x61,0x08,0x61,0x08,0x61,0x08,0x61,0x08,0x61,0x08,0x61,0x08,0x61,0x08,0x61,0x08,0x61,0x08,0x61,0x08,0x61,0x08,
    0x61,0x08,0x62,0x08,0x04,0x21,0x25,0x21,0xA2,0x10,0x41,0x08,0x61,0x08,0x61,0x08,0x61,0x08,0x61,0x08,0x61,0x08,0x61,0x08,
    0x61,0x08,0x61,0x08,0x61,0x08,0x61,0x08,0x61,0x08,0x61,0x08,0x61,0x08,0x61,0x08,0x62,0x08,0x04,0x21,0x25,0x21,0xA2,0x10,
    0x41,0x08,0x61,0x08,0x61,0x08,0x61,0x08,0x61,0x08,0x61,0x08,0x61,0x08,0x61,0x08,0x61,0x08,0x61,0x08,0x61,0x08,0x61,0x08,
    0x61,0x08,0x61,0x08,0x61,0x08,0x41,0x08,0xE3,0x18,0x45,0x21,0xE3,0x18,0x41,0x08,0x61,0x08,0x61,0x08,0x61,0x08,0x61,0x08,
    0x61,0x08,0x61,0x08,0x61,0x08,0x61,0x08,0x61,0x08,0x61,0x08,0x61,0x08,0x61,0x08,0x61,0x08,0x61,0x08,0x41,0x08,0xE3,0x18,
    0x45,0x21,0xE3,0x18,0x41,0x08,0x61,0x08,0x61,0x08,0x61,0x08,0x61,0x08,0x61,0x08,0x61,0x08,0x61,0x08,0x61,0x08,0x61,0x08,
    0x61,0x08,0x61,0x08,0x61,0x08,0x61,0x08,0x61,0x08,0x41,0x08,0xE3,0x18,0x45,0x21,0xE3,0x18,0x41,0x08,0x61,0x08,0x61,0x08,
    0x61,0x08,0x61,0x08,0x61,0x08,0x61,0x08,0x61,0x08,0x61,0x08,0x61,0x08,0x61,0x08,0x61,0x08,0x61,0x08,0x61,0x08,0x61,0x08,
    0x41,0x08,0xE3,0x18,0x45,0x21,0xE3,0x18,0x41,0x08,0x61,0x08,0x61,0x08,0x61,0x08,0x61,0x08,0x61,0x08,0x61,0x08,0x61,0x08,
    0x61,0x08,0x61,0x08,0x61,0x08,0x61,0x08,0x61,0x08,0x61,0x08,0x61,0x08,0x41,0x08,0xE3,0x18,0x45,0x21,0xE3,0x18,0x41,0x08,
    0x61,0x08,0x61,0x08,0x61,0x08,0x61,0x08,0x61,0x08,0x61,0x08,0x61,0x08,0x61,0x08,0x61,0x08,0x61,0x08,0x61,0x08,0x61,0x08,
    0x61,0x08,0x61,0x08,0x41,0x08,0xE3,0x18,0x45,0x21,0xE3,0x18,0x41,0x08,0x61,0x08,0x61,0x08,0x61,0x08,0x61,0x08,0x61,0x08,
    0x61,0x08,0x61,0x08,0x61,0x08,0x61,0x08,0x61,0x08,0x61,0x08,0x61,0x08,0x61,0x08,0x61,0x08,0x41,0x08,0xA2,0x10,0x25,0x21,
    0x04,0x21,0x62,0x08,0x61,0x08,0x61,0x08,0x61,0x08,0x61,0x08,0x61,0x08,0x61,0x08,0x61,0x08,0x61,0x08,0x61,0x08,0x61,0x08,
    0x61,0x08,0x61,0x08,0x61,0x08,0x61,0x08,0x41,0x08,0x82,0x10,0x04,0x21,0xE4,0x18,0x61,0x08,0x41,0x08,0x41,0x08,0x41,0x08,
    0x41,0x08,0x41,0x08,0x41,0x08,0x41,0x08,0x41,0x08,0x41,0x08,0x41,0x08,0x41,0x08,0x41,0x08,0x41,0x08,0x41,0x08,0x41,0x00,
    0x62,0x08,0xE3,0x18,0xC3,0x10,0x41,0x08,0x41,0x08,0x41,0x08,0x41,0x08,0x41,0x08,0x41,0x08,0x41,0x00,0x41,0x00,0x41,0x00,
    0x41,0x00,0x21,0x00,0x21,0x00,0x21,0x00,0x21,0x00,0x21,0x00,0x20,0x00,0x41,0x08,0xA2,0x10,0x82,0x10,0x21,0x00,0x20,0x00,
    0x20,0x00,0x20,0x00,0x20,0x00,0x20,0x00,0x20,0x00,0x20,0x00,0x20,0x00,0x20,0x00,0x20,0x00,0x20,0x00,0x20,0x00,0x20,0x00,
    0x62,0x08,0x41,0x08,0x20,0x00,0x20,0x00,0x20,0x00,0x20,0x00,0x20,0x00,0x20,0x00,0x20,0x00,0x20,0x00,0x20,0x00,0x20,0x00,
    0x20,0x00,0x20,0x00,0x20,0x00,0x21,0x00,0x21,0x00,0x41,0x00,0xA2,0x10,0xA3,0x10,0x61,0x08,0x20,0x00,0x21,0x00,0x41,0x00,
    0x41,0x00,0x41,0x00,0x41,0x00,0x41,0x08,0x41,0x08,0x41,0x08,0x41,0x08,0x41,0x08,0x41,0x08,0x41,0x08,0x41,0x08,0x41,0x08,
    0x41,0x08,0xC3,0x18,0xE4,0x18,0x82,0x08,0x41,0x08,0x41,0x08,0x41,0x08,0x41,0x08,0x41,0x08,0x41,0x08,0x41,0x08,0x41,0x08,
    0x41,0x08,0x41,0x08,0x41,0x08,0x41,0x08,0x41,0x08,0x41,0x08,0x41,0x08,0x61,0x08,0x04,0x19,0x25,0x21,0x82,0x10,0x41,0x08,
    0x61,0x08,0x61,0x08,0x61,0x08,0x61,0x08,0x61,0x08,0x61,0x08,0x61,0x08,0x61,0x08,0x61,0x08,0x61,0x08,0x61,0x08,0x61,0x08,
    0x61,0x08,0x61,0x08,0x62,0x08,0x04,0x21,0x25,0x21,0xA2,0x10,0x41,0x08,0x61,0x08,0x61,0x08,0x61,0x08,0x61,0x08,0x61,0x08,
    0x61,0x08,0x61,0x08,0x61,0x08,0x61,0x08,0x61,0x08,0x61,0x08,0x61,0x08,0x61,0x08,0x61,0x08,0x62,0x08,0x04,0x21,0x25,0x21,
    0xA2,0x10,0x41,0x08,0x61,0x08,0x61,0x08,0x61,0x08,0x61,0x08,0x61,0x08,0x61,0x08,0x61,0x08,0x61,0x08,0x61,0x08,0x61,0x08,
    0x61,0x08,0x61,0x08,0x61,0x08,0x61,0x08,0x62,0x08,0x04,0x21,0x25,0x21,0xA2,0x10,0x41,0x08,0x61,0x08,0x61,0x08,0x61,0x08,
    0x61,0x08,0x61,0x08,0x61,0x08,0x61,0x08,0x61,0x08,0x61,0x08,0x61,0x08,0x61,0x08,0x61,0x08,0x61,0x08,0x61,0x08,0x41,0x08,
    0xE4,0x18,0x45,0x21,0xE4,0x18,0x41,0x08,0x61,0x08,0x61,0x08,0x61,0x08,0x61,0x08,0x61,0x08,0x61,0x08,0x61,0x08,0x61,0x08,
    0x61,0x08,0x61,0x08,0x61,0x08,0x61,0x08,0x61,0x08,0x61,0x08,0x41,0x08,0xE4,0x18,0x45,0x21,0xE4,0x18,0x41,0x08,0x61,0x08,
    0x61,0x08,0x61,0x08,0x61,0x08,0x61,0x08,0x61,0x08,0x61,0x08,0x61,0x08,0x61,0x08,0x61,0x08,0x61,0x08,0x61,0x08,0x61,0x08,
    0x61,0x08,0x41,0x08,0xE4,0x18,0x45,0x21,0xE4,0x18,0x41,0x08,0x61,0x08,0x61,0x08,0x61,0x08,0x61,0x08,0x61,0x08,0x61,0x08,
    0x61,0x08,0x61,0x08,0x61,0x08,0x61,0x08,0x61,0x08,0x61,0x08,0x61,0x08,0x61,0x08,0x41,0x08,0xE4,0x18,0x45,0x21,0xE4,0x18,
    0x41,0x08,0x61,0x08,0x61,0x08,0x61,0x08,0x61,0x08,0x61,0x08,0x61,0x08,0x61,0x08,0x61,0x08,0x61,0x08,0x61,0x08,0x61,0x08,
    0x61,0x08,0x61,0x08,0x61,0x08,0x41,0x08,0xE4,0x18,0x45,0x21,0xE4,0x18,0x41,0x08,0x61,0x08,0x61,0x08,0x61,0x08,0x61,0x08,
    0x61,0x08,0x61,0x08,0x61,0x08,0x61,0x08,0x61,0x08,0x61,0x08,0x61,0x08,0x61,0x08,0x61,0x08,0x61,0x08,0x41,0x08,0xE4,0x18,
    0x45,0x21,0xE4,0x18,0x41,0x08,0x61,0x08,0x61,0x08,0x61,0x08,0x61,0x08,0x61,0x08,0x61,0x08,0x61,0x08,0x61,0x08,0x61,0x08,
    0x61,0x08,0x61,0x08,0x61,0x08,0x61,0x08,0x61,0x08,0x41,0x08,0xA2,0x10,0x25,0x21,0x04,0x21,0x62,0x08,0x61,0x08,0x61,0x08,
    0x61,0x08,0x61,0x08,0x61,0x08,0x61,0x08,0x61,0x08,0x61,0x08,0x61,0x08,0x61,0x08,0x61,0x08,0x61,0x08,0x61,0x08,0x61,0x08,
    0x41,0x08,0x82,0x10,0x04,0x21,0xE4,0x18,0x61,0x08,0x41,0x08,0x41,0x08,0x41,0x08,0x41,0x08,0x41,0x08,0x41,0x08,0x41,0x08,
    0x41,0x08,0x41,0x08,0x41,0x08,0x41,0x08,0x41,0x08,0x41,0x08,0x41,0x08,0x41,0x00,0x62,0x08,0xE3,0x18,0xC3,0x10,0x41,0x08,
    0x41,0x08,0x41,0x08,0x41,0x08,0x41,0x08,0x41,0x08,0x41,0x00,0x41,0x00,0x41,0x00,0x41,0x00,0x21,0x00,0x21,0x00,0x21,0x00,
    0x21,0x00,0x21,0x00,0x20,0x00,0x41,0x08,0xA2,0x10,0x82,0x10,0x21,0x00,0x20,0x00,0x20,0x00,0x20,0x00,0x20,0x00,0x20,0x00,
    0x20,0x00,0x20,0x00,0x20,0x00,0x20,0x00,0x20,0x00,0x20,0x00,0x20,0x00,0x20,0x00,0x62,0x08,0x41,0x08,0x20,0x00,0x20,0x00,
    0x20,0x00,0x20,0x00,0x20,0x00,0x20,0x00,0x20,0x00,0x20,0x00,0x20,0x00,0x20,0x00,0x20,0x00,0x20,0x00,0x20,0x00,0x21,0x00,
    0x21,0x00,0x41,0x00,0xA2,0x10,0xA3,0x10,0x61,0x08,0x20,0x00,0x21,0x00,0x41,0x00,0x41,0x00,0x41,0x00,0x41,0x00,0x41,0x08,
    0x41,0x08,0x41,0x08,0x41,0x08,0x41,0x08,0x41,0x08,0x41,0x08,0x41,0x08,0x41,0x08,0x41,0x08,0xC3,0x18,0xE4,0x18,0x82,0x08,
    0x41,0x08,0x41,0x08,0x41,0x08,0x41,0x08,0x41,0x08,0x41,0x08,0x41,0x08,0x41,0x08,0x41,0x08,0x41,0x08,0x41,0x08,0x41,0x08,
    0x41,0x08,0x41,0x08,0x41,0x08,0x61,0x08,0x04,0x19,0x25,0x21,0x82,0x10,0x41,0x08,0x61,0x08,0x61,0x08,0x61,0x08,0x61,0x08,
    0x61,0x08,0x61,0x08,0x61,0x08,0x61,0x08,0x61,0x08,0x61,0x08,0x61,0x08,0x61,0x08,0x61,0x08,0x61,0x08,0x62,0x08,0x24,0x21,
    0x25,0x21,0xA2,0x10,0x41,0x08,0x61,0x08,0x61,0x08,0x61,0x08,0x61,0x08,0x61,0x08,0x61,0x08,0x61,0x08,0x61,0x08,0x61,0x08,
    0x61,0x08,0x61,0x08,0x61,0x08,0x61,0x08,0x61,0x08,0x62,0x08,0x24,0x21,0x25,0x21,0xA2,0x10,0x41,0x08,0x61,0x08,0x61,0x08,
    0x61,0x08,0x61,0x08,0x61,0x08,0x61,0x08,0x61,0x08,0x61,0x08,0x61,0x08,0x61,0x08,0x61,0x08,0x61,0x08,0x61,0x08,0x61,0x08,
    0x62,0x08,0x24,0x21,0x25,0x21,0xA2,0x10,0x41,0x08,0x61,0x08,0x61,0x08,0x61,0x08,0x61,0x08,0x61,0x08,0x61,0x08,0x61,0x08,
    0x61,0x08,0x61,0x08,0x61,0x08,0x61,0x08,0x61,0x08,0x61,0x08,0x61,0x08,0x41,0x08,0xE4,0x18,0x45,0x21,0xE4,0x18,0x41,0x08,
    0x61,0x08,0x61,0x08,0x61,0x08,0x61,0x08,0x61,0x08,0x61,0x08,0x61,0x08,0x61,0x08,0x61,0x08,0x61,0x08,0x61,0x08,0x61,0x08,
    0x61,0x08,0x61,0x08,0x41,0x08,0xE4,0x18,0x45,0x21,0xE4,0x18,0x41,0x08,0x61,0x08,0x61,0x08,0x61,0x08,0x61,0x08,0x61,0x08,
    0x61,0x08,0x61,0x08,0x61,0x08,0x61,0x08,0x61,0x08,0x61,0x08,0x61,0x08,0x61,0x08,0x61,0x08,0x41,0x08,0xE4,0x18,0x45,0x21,
    0xE4,0x18,0x41,0x08,0x61,0x08,0x61,0x08,0x61,0x08,0x61,0x08,0x61,0x08,0x61,0x08,0x61,0x08,0x61,0x08,0x61,0x08,0x61,0x08,
    0x61,0x08,0x61,0x08,0x61,0x08,0x61,0x08,0x41,0x08,0xE4,0x18,0x45,0x21,0xE4,0x18,0x41,0x08,0x61,0x08,0x61,0x08,0x61,0x08,
    0x61,0x08,0x61,0x08,0x61,0x08,0x61,0x08,0x61,0x08,0x61,0x08,0x61,0x08,0x61,0x08,0x61,0x08,0x61,0x08,0x61,0x08,0x41,0x08,
    0xE4,0x18,0x45,0x21,0xE4,0x18,0x41,0x08,0x61,0x08,0x61,0x08,0x61,0x08,0x61,0x08,0x61,0x08,0x61,0x08,0x61,0x08,0x61,0x08,
    0x61,0x08,0x61,0x08,0x61,0x08,0x61,0x08,0x61,0x08,0x61,0x08,0x41,0x08,0xE4,0x18,0x45,0x21,0xE4,0x18,0x41,0x08,0x61,0x08,
    0x61,0x08,0x61,0x08,0x61,0x08,0x61,0x08,0x61,0x08,0x61,0x08,0x61,0x08,0x61,0x08,0x61,0x08,0x61,0x08,0x61,0x08,0x61,0x08,
    0x61,0x08,0x41,0x08,0xA2,0x10,0x25,0x21,0x24,0x21,0x62,0x08,0x61,0x08,0x61,0x08,0x61,0x08,0x61,0x08,0x61,0x08,0x61,0x08,
    0x61,0x08,0x61,0x08,0x61,0x08,0x61,0x08,0x61,0x08,0x61,0x08,0x61,0x08,0x61,0x08,0x41,0x08,0x82,0x10,0x04,0x21,0xE4,0x18,
    0x61,0x08,0x41,0x08,0x41,0x08,0x41,0x08,0x41,0x08,0x41,0x08,0x41,0x08,0x41,0x08,0x41,0x08,0x41,0x08,0x41,0x08,0x41,0x08,
    0x41,0x08,0x41,0x08,0x41,0x08,0x41,0x00,0x62,0x08,0xE3,0x18,0xC3,0x10,0x41,0x08,0x41,0x08,0x41,0x08,0x41,0x08,0x41,0x08,
    0x41,0x08,0x41,0x00,0x41,0x00,0x41,0x00,0x41,0x00,0x21,0x00,0x21,0x00,0x21,0x00,0x21,0x00,0x21,0x00,0x20,0x00,0x41,0x08,
    0xA2,0x10,0x82,0x10,0x21,0x00,0x20,0x00,0x20,0x00,0x20,0x00,0x20,0x00,0x20,0x00,0x20,0x00,0x20,0x00,0x20,0x00,0x20,0x00,
    0x20,0x00,0x20,0x00,0x20,0x00,0x20,0x00,0x62,0x08,0x41,0x08,0x20,0x00,0x20,0x00,0x20,0x00,0x20,0x00,0x20,0x00,0x20,0x00,
    0x20,0x00,0x20,0x00,0x20,0x00,0x20,0x00,0x20,0x00,0x20,0x00,0x20,0x00,0x21,0x00,0x21,0x00,0x41,0x00,0xA2,0x10,0xA3,0x10,
    0x61,0x08,0x20,0x00,0x21,0x00,0x41,0x00,0x41,0x00,0x41,0x00,0x41,0x00,0x41,0x08,0x41,0x08,0x41,0x08,0x41,0x08,0x41,0x08,
    0x41,0x08,0x41,0x08,0x41,0x08,0x41,0x08,0x41,0x08,0xC3,0x18,0xE4,0x18,0x82,0x08,0x41,0x08,0x41,0x08,0x41,0x08,0x41,0x08,
    0x41,0x08,0x41,0x08,0x41,0x08,0x41,0x08,0x41,0x08,0x41,0x08,0x41,0x08,0x41,0x08,0x41,0x08,0x41,0x08,0x41,0x08,0x61,0x08,
    0x04,0x19,0x25,0x21,0x82,0x10,0x41,0x08,0x61,0x08,0x61,0x08,0x61,0x08,0x61,0x08,0x61,0x08,0x61,0x08,0x61,0x08,0x61,0x08,
    0x61,0x08,0x61,0x08,0x61,0x08,0x61,0x08,0x61,0x08,0x61,0x08,0x62,0x08,0x25,0x21,0x45,0x21,0xA3,0x10,0x41,0x08,0x61,0x08,
    0x61,0x08,0x61,0x08,0x61,0x08,0x61,0x08,0x61,0x08,0x61,0x08,0x61,0x08,0x61,0x08,0x61,0x08,0x61,0x08,0x61,0x08,0x61,0x08,
    0x61,0x08,0x62,0x08,0x25,0x21,0x45,0x21,0xA3,0x10,0x41,0x08,0x61,0x08,0x61,0x08,0x61,0x08,0x61,0x08,0x61,0x08,0x61,0x08,
    0x61,0x08,0x61,0x08,0x61,0x08,0x61,0x08,0x61,0x08,0x61,0x08,0x61,0x08,0x61,0x08,0x62,0x08,0x25,0x21,0x45,0x21,0xA3,0x10,
    0x41,0x08,0x61,0x08,0x61,0x08,0x61,0x08,0x61,0x08,0x61,0x08,0x61,0x08,0x61,0x08,0x61,0x08,0x61,0x08,0x61,0x08,0x61,0x08,
    0x61,0x08,0x61,0x08,0x61,0x08,0x41,0x08,0xE4,0x18,0x45,0x21,0xE4,0x18,0x41,0x08,0x61,0x08,0x61,0x08,0x61,0x08,0x61,0x08,
    0x61,0x08,0x61,0x08,0x61,0x08,0x61,0x08,0x61,0x08,0x61,0x08,0x61,0x08,0x61,0x08,0x61,0x08,0x61,0x08,0x41,0x08,0xE4,0x18,
    0x45,0x21,0xE4,0x18,0x41,0x08,0x61,0x08,0x61,0x08,0x61,0x08,0x61,0x08,0x61,0x08,0x61,0x08,0x61,0x08,0x61,0x08,0x61,0x08,
    0x61,0x08,0x61,0x08,0x61,0x08,0x61,0x08,0x61,0x08,0x41,0x08,0xE4,0x18,0x45,0x21,0xE4,0x18,0x41,0x08,0x61,0x08,0x61,0x08,
    0x61,0x08,0x61,0x08,0x61,0x08,0x61,0x08,0x61,0x08,0x61,0x08,0x61,0x08,0x61,0x08,0x61,0x08,0x61,0x08,0x61,0x08,0x61,0x08,
    0x41,0x08,0xE4,0x18,0x45,0x21,0xE4,0x18,0x41,0x08,0x61,0x08,0x61,0x08,0x61,0x08,0x61,0x08,0x61,0x08,0x61,0x08,0x61,0x08,
    0x61,0x08,0x61,0x08,0x61,0x08,0x61,0x08,0x61,0x08,0x61,0x08,0x61,0x08,0x41,0x08,0xE4,0x18,0x45,0x21,0xE4,0x18,0x41,0x08,
    0x61,0x08,0x61,0x08,0x61,0x08,0x61,0x08,0x61,0x08,0x61,0x08,0x61,0x08,0x61,0x08,0x61,0x08,0x61,0x08,0x61,0x08,0x61,0x08,
    0x61,0x08,0x61,0x08,0x41,0x08,0xE4,0x18,0x45,0x21,0xE4,0x18,0x41,0x08,0x61,0x08,0x61,0x08,0x61,0x08,0x61,0x08,0x61,0x08,
    0x61,0x08,0x61,0x08,0x61,0x08,0x61,0x08,0x61,0x08,0x61,0x08,0x61,0x08,0x61,0x08,0x61,0x08,0x41,0x08,0xA3,0x10,0x45,0x21,
    0x25,0x21,0x62,0x08,0x61,0x08,0x61,0x08,0x61,0x08,0x61,0x08,0x61,0x08,0x61,0x08,0x61,0x08,0x61,0x08,0x61,0x08,0x61,0x08,
    0x61,0x08,0x61,0x08,0x61,0x08,0x61,0x08,0x41,0x08,0x82,0x10,0x04,0x21,0xE4,0x18,0x61,0x08,0x41,0x08,0x41,0x08,0x41,0x08,
    0x41,0x08,0x41,0x08,0x41,0x08,0x41,0x08,0x41,0x08,0x41,0x08,0x41,0x08,0x41,0x08,0x41,0x08,0x41,0x08,0x41,0x08,0x41,0x00,
    0x62,0x08,0xE3,0x18,0xC3,0x10,0x41,0x08,0x41,0x08,0x41,0x08,0x41,0x08,0x41,0x08,0x41,0x08,0x41,0x00,0x41,0x00,0x41,0x00,
    0x41,0x00,0x21,0x00,0x21,0x00,0x21,0x00,0x21,0x00,0x21,0x00,0x20,0x00,0x41,0x08,0xA2,0x10,0x82,0x10,0x21,0x00,0x20,0x00,
    0x20,0x00,0x20,0x00,0x20,0x00,0x20,0x00,0x20,0x00,0x20,0x00,0x20,0x00,0x20,0x00,0x20,0x00,0x20,0x00,0x20,0x00,0x20,0x00,
    0x62,0x08,0x41,0x08,0x20,0x00,0x20,0x00,0x20,0x00,0x20,0x00,0x20,0x00,0x20,0x00,0x20,0x00,0x20,0x00,0x20,0x00,0x20,0x00,
    0x20,0x00,0x20,0x00,0x20,0x00,0x21,0x00,0x21,0x00,0x41,0x00,0xA2,0x10,0xA3,0x10,0x61,0x08,0x20,0x00,0x21,0x00,0x41,0x00,
    0x41,0x00,0x41,0x00,0x41,0x00,0x41,0x08,0x41,0x08,0x41,0x08,0x41,0x08,0x41,0x08,0x41,0x08,0x41,0x08,0x41,0x08,0x41,0x08,
    0x41,0x08,0xC3,0x18,0xE4,0x18,0x82,0x08,0x41,0x08,0x41,0x08,0x41,0x08,0x41,0x08,0x41,0x08,0x41,0x08,0x41,0x08,0x41,0x08,
    0x41,0x08,0x41,0x08,0x41,0x08,0x41,0x08,0x41,0x08,0x41,0x08,0x41,0x08,0x61,0x08,0x04,0x19,0x25,0x21,0x82,0x10,0x41,0x08,
    0x61,0x08,0x61,0x08,0x61,0x08,0x61,0x08,0x61,0x08,0x61,0x08,0x61,0x08,0x61,0x08,0x61,0x08,0x61,0x08,0x61,0x08,0x61,0x08,
    0x61,0x08,0x61,0x08,0x62,0x08,0x25,0x21,0x45,0x21,0xA3,0x10,0x41,0x08,0x61,0x08,0x61,0x08,0x61,0x08,0x61,0x08,0x61,0x08,
    0x61,0x08,0x61,0x08,0x61,0x08,0x61,0x08,0x61,0x08,0x61,0x08,0x61,0x08,0x61,0x08,0x61,0x08,0x62,0x08,0x25,0x21,0x45,0x21,
    0xA3,0x10,0x41,0x08,0x61,0x08,0x61,0x08,0x61,0x08,0x61,0x08,0x61,0x08,0x61,0x08,0x61,0x08,0x61,0x08,0x61,0x08,0x61,0x08,
    0x61,0x08,0x61,0x08,0x61,0x08,0x61,0x08,0x62,0x08,0x25,0x21,0x45,0x21,0xA3,0x10,0x41,0x08,0x61,0x08,0x61,0x08,0x61,0x08,
    0x61,0x08,0x61,0x08,0x61,0x08,0x61,0x08,0x61,0x08,0x61,0x08,0x61,0x08,0x61,0x08,0x61,0x08,0x61,0x08,0x61,0x08,0x41,0x08,
    0xE4,0x18,0x45,0x21,0xE4,0x18,0x41,0x08,0x61,0x08,0x61,0x08,0x61,0x08,0x61,0x08,0x61,0x08,0x61,0x08,0x61,0x08,0x61,0x08,
    0x61,0x08,0x61,0x08,0x61,0x08,0x61,0x08,0x61,0x08,0x61,0x08,0x41,0x08,0xE4,0x18,0x45,0x21,0xE4,0x18,0x41,0x08,0x61,0x08,
    0x61,0x08,0x61,0x08,0x61,0x08,0x61,0x08,0x61,0x08,0x61,0x08,0x61,0x08,0x61,0x08,0x61,0x08,0x61,0x08,0x61,0x08,0x61,0x08,
    0x61,0x08,0x41,0x08,0xE4,0x18,0x45,0x21,0xE4,0x18,0x41,0x08,0x61,0x08,0x61,0x08,0x61,0x08,0x61,0x08,0x61,0x08,0x61,0x08,
    0x61,0x08,0x61,0x08,0x61,0x08,0x61,0x08,0x61,0x08,0x61,0x08,0x61,0x08,0x61,0x08,0x41,0x08,0xE4,0x18,0x45,0x21,0xE4,0x18,
    0x41,0x08,0x61,0x08,0x61,0x08,0x61,0x08,0x61,0x08,0x61,0x08,0x61,0x08,0x61,0x08,0x61,0x08,0x61,0x08,0x61,0x08,0x61,0x08,
    0x61,0x08,0x61,0x08,0x61,0x08,0x41,0x08,0xE4,0x18,0x45,0x21,0xE4,0x18,0x41,0x08,0x61,0x08,0x61,0x08,0x61,0x08,0x61,0x08,
    0x61,0x08,0x61,0x08,0x61,0x08,0x61,0x08,0x61,0x08,0x61,0x08,0x61,0x08,0x61,0x08,0x61,0x08,0x61,0x08,0x41,0x08,0xE4,0x18,
    0x45,0x21,0xE4,0x18,0x41,0x08,0x61,0x08,0x61,0x08,0x61,0x08,0x61,0x08,0x61,0x08,0x61,0x08,0x61,0x08,0x61,0x08,0x61,0x08,
    0x61,0x08,0x61,0x08,0x61,0x08,0x61,0x08,0x61,0x08,0x41,0x08,0xA3,0x10,0x45,0x21,0x25,0x21,0x62,0x08,0x61,0x08,0x61,0x08,
    0x61,0x08,0x61,0x08,0x61,0x08,0x61,0x08,0x61,0x08,0x61,0x08,0x61,0x08,0x61,0x08,0x61,0x08,0x61,0x08,0x61,0x08,0x61,0x08,
    0x41,0x08,0x82,0x10,0x04,0x21,0xE4,0x18,0x61,0x08,0x41,0x08,0x41,0x08,0x41,0x08,0x41,0x08,0x41,0x08,0x41,0x08,0x41,0x08,
    0x41,0x08,0x41,0x08,0x41,0x08,0x41,0x08,0x41,0x08,0x41,0x08,0x41,0x08,0x41,0x00,0x62,0x08,0xE3,0x18,0xC3,0x10,0x41,0x08,
    0x41,0x08,0x41,0x08,0x41,0x08,0x41,0x08,0x41,0x08,0x41,0x00,0x41,0x00,0x41,0x00,0x41,0x00,0x21,0x00,0x21,0x00,0x21,0x00,
    0x21,0x00,0x21,0x00,0x20,0x00,0x41,0x08,0xA2,0x10,0x82,0x10,0x21,0x00,0x20,0x00,0x20,0x00,0x20,0x00,0x20,0x00,0x20,0x00,
    0x20,0x00,0x20,0x00,0x20,0x00,0x20,0x00,0x20,0x00,0x20,0x00,0x20,0x00,0x20,0x00,0x62,0x08,0x41,0x08,0x20,0x00,0x20,0x00,
    0x20,0x00,0x20,0x00,0x20,0x00,0x20,0x00,0x20,0x00,0x20,0x00,0x20,0x00,0x20,0x00,0x20,0x00,0x20,0x00,0x20,0x00,0x21,0x00,
    0x21,0x00,0x41,0x00,0xA2,0x10,0xA3,0x10,0x61,0x08,0x20,0x00,0x21,0x00,0x41,0x00,0x41,0x00,0x41,0x00,0x41,0x00,0x41,0x08,
    0x41,0x08,0x41,0x08,0x41,0x08,0x41,0x08,0x41,0x08,0x41,0x08,0x41,0x08,0x41,0x08,0x41,0x08,0xC3,0x18,0xE4,0x18,0x82,0x08,
    0x41,0x08,0x41,0x08,0x41,0x08,0x41,0x08,0x41,0x08,0x41,0x08,0x41,0x08,0x41,0x08,0x41,0x08,0x41,0x08,0x41,0x08,0x41,0x08,
    0x41,0x08,0x41,0x08,0x41,0x08,0x61,0x08,0x04,0x19,0x25,0x21,0x82,0x10,0x41,0x08,0x61,0x08,0x61,0x08,0x61,0x08,0x61,0x08,
    0x61,0x08,0x61,0x08,0x61,0x08,0x61,0x08,0x61,0x08,0x61,0x08,0x61,0x08,0x61,0x08,0x61,0x08,0x61,0x08,0x62,0x08,0x25,0x21,
    0x45,0x21,0xA3,0x10,0x41,0x08,0x61,0x08,0x61,0x08,0x61,0x08,0x61,0x08,0x61,0x08,0x61,0x08,0x61,0x08,0x61,0x08,0x61,0x08,
    0x61,0x08,0x61,0x08,0x61,0x08,0x61,0x08,0x61,0x08,0x62,0x08,0x25,0x21,0x45,0x21,0xA3,0x10,0x41,0x08,0x61,0x08,0x61,0x08,
    0x61,0x08,0x61,0x08,0x61,0x08,0x61,0x08,0x61,0x08,0x61,0x08,0x61,0x08,0x61,0x08,0x61,0x08,0x61,0x08,0x61,0x08,0x61,0x08,
    0x62,0x08,0x25,0x21,0x45,0x21,0xA3,0x10,0x41,0x08,0x61,0x08,0x61,0x08,0x61,0x08,0x61,0x08,0x61,0x08,0x61,0x08,0x61,0x08,
    0x61,0x08,0x61,0x08,0x61,0x08,0x61,0x08,0x61,0x08,0x61,0x08,0x61,0x08,0x41,0x08,0xE4,0x18,0x45,0x21,0xE4,0x18,0x41,0x08,
    0x61,0x08,0x61,0x08,0x61,0x08,0x61,0x08,0x61,0x08,0x61,0x08,0x61,0x08,0x61,0x08,0x61,0x08,0x61,0x08,0x61,0x08,0x61,0x08,
    0x61,0x08,0x61,0x08,0x41,0x08,0xE4,0x18,0x45,0x21,0xE4,0x18,0x41,0x08,0x61,0x08,0x61,0x08,0x61,0x08,0x61,0x08,0x61,0x08,
    0x61,0x08,0x61,0x08,0x61,0x08,0x61,0x08,0x61,0x08,0x61,0x08,0x61,0x08,0x61,0x08,0x61,0x08,0x41,0x08,0xE4,0x18,0x45,0x21,
    0xE4,0x18,0x41,0x08,0x61,0x08,0x61,0x08,0x61,0x08,0x61,0x08,0x61,0x08,0x61,0x08,0x61,0x08,0x61,0x08,0x61,0x08,0x61,0x08,
    0x61,0x08,0x61,0x08,0x61,0x08,0x61,0x08,0x41,0x08,0xE4,0x18,0x45,0x21,0xE4,0x18,0x41,0x08,0x61,0x08,0x61,0x08,0x61,0x08,
    0x61,0x08,0x61,0x08,0x61,0x08,0x61,0x08,0x61,0x08,0x61,0x08,0x61,0x08,0x61,0x08,0x61,0x08,0x61,0x08,0x61,0x08,0x41,0x08,
    0xE4,0x18,0x45,0x21,0xE4,0x18,0x41,0x08,0x61,0x08,0x61,0x08,0x61,0x08,0x61,0x08,0x61,0x08,0x61,0x08,0x61,0x08,0x61,0x08,
    0x61,0x08,0x61,0x08,0x61,0x08,0x61,0x08,0x61,0x08,0x61,0x08,0x41,0x08,0xE4,0x18,0x45,0x21,0xE4,0x18,0x41,0x08,0x61,0x08,
    0x61,0x08,0x61,0x08,0x61,0x08,0x61,0x08,0x61,0x08,0x61,0x08,0x61,0x08,0x61,0x08,0x61,0x08,0x61,0x08,0x61,0x08,0x61,0x08,
    0x61,0x08,0x41,0x08,0xA3,0x10,0x45,0x21,0x25,0x21,0x62,0x08,0x61,0x08,0x61,0x08,0x61,0x08,0x61,0x08,0x61,0x08,0x61,0x08,
    0x61,0x08,0x61,0x08,0x61,0x08,0x61,0x08,0x61,0x08,0x61,0x08,0x61,0x08,0x61,0x08,0x41,0x08,0x82,0x10,0x04,0x21,0xE4,0x18,
    0x61,0x08,0x41,0x08,0x41,0x08,0x41,0x08,0x41,0x08,0x41,0x08,0x41,0x08,0x41,0x08,0x41,0x08,0x41,0x08,0x41,0x08,0x41,0x08,
    0x41,0x08,0x41,0x08,0x41,0x08,0x41,0x00,0x62,0x08,0xE3,0x18,0xC3,0x10,0x41,0x08,0x41,0x08,0x41,0x08,0x41,0x08,0x41,0x08,
    0x41,0x08,0x41,0x00,0x41,0x00,0x41,0x00,0x41,0x00,0x21,0x00,0x21,0x00,0x21,0x00,0x21,0x00,0x21,0x00,0x20,0x00,0x41,0x08,
    0xA2,0x10,0x82,0x10,0x21,0x00,0x20,0x00,0x20,0x00,0x20,0x00,0x20,0x00,0x20,0x00,0x20,0x00,0x20,0x00,0x20,0x00,0x20,0x00,
    0x20,0x00,0x20,0x00,0x20,0x00,0x20,0x00,0x62,0x08,0x41,0x00,0x20,0x00,0x20,0x00,0x20,0x00,0x20,0x00,0x20,0x00,0x20,0x00,
    0x20,0x00,0x20,0x00,0x20,0x00,0x20,0x00,0x20,0x00,0x20,0x00,0x20,0x00,0x21,0x00,0x21,0x00,0x21,0x00,0xA2,0x10,0xA3,0x10,
    0x41,0x08,0x20,0x00,0x21,0x00,0x41,0x00,0x41,0x00,0x41,0x00,0x41,0x00,0x41,0x08,0x41,0x08,0x41,0x08,0x41,0x08,0x41,0x08,
    0x41,0x08,0x41,0x08,0x41,0x08,0x41,0x08,0x41,0x08,0xC3,0x18,0xE4,0x18,0x62,0x08,0x41,0x08,0x41,0x08,0x41,0x08,0x41,0x08,
    0x41,0x08,0x41,0x08,0x41,0x08,0x41,0x08,0x41,0x08,0x41,0x08,0x41,0x08,0x41,0x08,0x41,0x08,0x41,0x08,0x41,0x08,0x61,0x08,
    0x04,0x19,0x25,0x21,0x82,0x10,0x41,0x08,0x61,0x08,0x61,0x08,0x61,0x08,0x61,0x08,0x61,0x08,0x61,0x08,0x61,0x08,0x61,0x08,
    0x61,0x08,0x61,0x08,0x61,0x08,0x61,0x08,0x61,0x08,0x62,0x08,0x62,0x08,0x25,0x21,0x45,0x21,0xA3,0x10,0x61,0x08,0x61,0x08,
    0x61,0x08,0x61,0x08,0x61,0x08,0x61,0x08,0x61,0x08,0x61,0x08,0x61,0x08,0x61,0x08,0x61,0x08,0x61,0x08,0x61,0x08,0x61,0x08,
    0x62,0x08,0x62,0x08,0x25,0x21,0x45,0x21,0xA3,0x10,0x61,0x08,0x61,0x08,0x61,0x08,0x61,0x08,0x61,0x08,0x61,0x08,0x61,0x08,
    0x61,0x08,0x61,0x08,0x61,0x08,0x61,0x08,0x61,0x08,0x61,0x08,0x61,0x08,0x62,0x08,0x62,0x08,0x25,0x21,0x45,0x21,0xA3,0x10,
    0x61,0x08,0x61,0x08,0x61,0x08,0x61,0x08,0x61,0x08,0x61,0x08,0x61,0x08,0x61,0x08,0x61,0x08,0x61,0x08,0x61,0x08,0x61,0x08,
    0x61,0x08,0x61,0x08,0x62,0x08,0x41,0x08,0xE4,0x18,0x45,0x21,0xE4,0x18,0x61,0x08,0x61,0x08,0x61,0x08,0x61,0x08,0x61,0x08,
    0x61,0x08,0x61,0x08,0x61,0x08,0x61,0x08,0x61,0x08,0x61,0x08,0x61,0x08,0x61,0x08,0x61,0x08,0x62,0x08,0x41,0x08,0xE4,0x18,
    0x45,0x21,0xE4,0x18,0x61,0x08,0x61,0x08,0x61,0x08,0x61,0x08,0x61,0x08,0x61,0x08,0x61,0x08,0x61,0x08,0x61,0x08,0x61,0x08,
    0x61,0x08,0x61,0x08,0x61,0x08,0x61,0x08,0x62,0x08,0x41,0x08,0xE4,0x18,0x45,0x21,0xE4,0x18,0x61,0x08,0x61,0x08,0x61,0x08,
    0x61,0x08,0x61,0x08,0x61,0x08,0x61,0x08,0x61,0x08,0x61,0x08,0x61,0x08,0x61,0x08,0x61,0x08,0x61,0x08,0x61,0x08,0x62,0x08,
    0x41,0x08,0xE4,0x18,0x45,0x21,0xE4,0x18,0x41,0x08,0x62,0x08,0x61,0x08,0x61,0x08,0x61,0x08,0x61,0x08,0x61,0x08,0x61,0x08,
    0x61,0x08,0x61,0x08,0x61,0x08,0x61,0x08,0x61,0x08,0x61,0x08,0x61,0x08,0x61,0x08,0xE4,0x18,0x45,0x21,0xE4,0x18,0x41,0x08,
    0x62,0x08,0x61,0x08,0x61,0x08,0x61,0x08,0x61,0x08,0x61,0x08,0x61,0x08,0x61,0x08,0x61,0x08,0x61,0x08,0x61,0x08,0x61,0x08,
    0x61,0x08,0x61,0x08,0x61,0x08,0xE4,0x18,0x45,0x21,0xE4,0x18,0x41,0x08,0x62,0x08,0x61,0x08,0x61,0x08,0x61,0x08,0x61,0x08,
    0x61,0x08,0x61,0x08,0x61,0x08,0x61,0x08,0x61,0x08,0x61,0x08,0x61,0x08,0x61,0x08,0x61,0x08,0x61,0x08,0xA3,0x10,0x45,0x21,
    0x25,0x21,0x62,0x08,0x62,0x08,0x61,0x08,0x61,0x08,0x61,0x08,0x61,0x08,0x61,0x08,0x61,0x08,0x61,0x08,0x61,0x08,0x61,0x08,
    0x61,0x08,0x61,0x08,0x61,0x08,0x61,0x08,0x41,0x08,0x82,0x10,0x04,0x21,0xE4,0x18,0x61,0x08,0x41,0x08,0x41,0x08,0x41,0x08,
    0x41,0x08,0x41,0x08,0x41,0x08,0x41,0x08,0x41,0x08,0x41,0x08,0x41,0x08,0x41,0x08,0x41,0x08,0x41,0x08,0x41,0x08,0x41,0x00,
    0x62,0x08,0xE3,0x18,0xC3,0x10,0x41,0x08,0x41,0x08,0x41,0x08,0x41,0x08,0x41,0x08,0x41,0x08,0x41,0x00,0x41,0x00,0x41,0x00,
    0x41,0x00,0x21,0x00,0x21,0x00,0x21,0x00,0x21,0x00,0x21,0x00,0x20,0x00,0x41,0x08,0xA2,0x10,0x82,0x10,0x21,0x00,0x20,0x00,
    0x20,0x00,0x20,0x00,0x20,0x00,0x20,0x00,0x20,0x00,0x20,0x00,0x20,0x00,0x20,0x00,0x20,0x00,0x20,0x00,0x20,0x00,0x20,0x00,
    0x62,0x08,0x41,0x08,0x20,0x00,0x20,0x00,0x20,0x00,0x20,0x00,0x20,0x00,0x20,0x00,0x20,0x00,0x20,0x00,0x20,0x00,0x20,0x00,
    0x20,0x00,0x20,0x00,0x20,0x00,0x20,0x00,0x20,0x00,0x41,0x08,0xA2,0x10,0xA3,0x10,0x62,0x08,0x20,0x00,0x20,0x00,0x41,0x00,
    0x41,0x00,0x41,0x00,0x41,0x00,0x41,0x08,0x41,0x08,0x41,0x08,0x41,0x08,0x41,0x08,0x41,0x08,0x41,0x08,0x41,0x08,0x41,0x00,
    0x62,0x08,0xC3,0x18,0xE3,0x18,0x82,0x10,0x41,0x00,0x41,0x08,0x41,0x08,0x41,0x08,0x41,0x08,0x41,0x08,0x41,0x08,0x41,0x08,
    0x41,0x08,0x41,0x08,0x41,0x08,0x41,0x08,0x41,0x08,0x41,0x08,0x41,0x08,0x82,0x10,0x04,0x19,0x04,0x21,0xC3,0x10,0x41,0x08,
    0x41,0x08,0x61,0x08,0x61,0x08,0x61,0x08,0x61,0x08,0x61,0x08,0x61,0x08,0x61,0x08,0x61,0x08,0x61,0x08,0x61,0x08,0x62,0x08,
    0x61,0x08,0x61,0x08,0x82,0x10,0x25,0x21,0x45,0x21,0xE3,0x18,0x61,0x08,0x61,0x08,0x61,0x08,0x61,0x08,0x61,0x08,0x61,0x08,
    0x61,0x08,0x61,0x08,0x61,0x08,0x61,0x08,0x61,0x08,0x61,0x08,0x62,0x08,0x61,0x08,0x61,0x08,0x82,0x10,0x25,0x21,0x45,0x21,
    0xE3,0x18,0x61,0x08,0x61,0x08,0x61,0x08,0x61,0x08,0x61,0x08,0x61,0x08,0x61,0x08,0x61,0x08,0x61,0x08,0x61,0x08,0x61,0x08,
    0x61,0x08,0x62,0x08,0x61,0x08,0x61,0x08,0x82,0x10,0x25,0x21,0x45,0x21,0xE3,0x18,0x61,0x08,0x61,0x08,0x61,0x08,0x61,0x08,
    0x61,0x08,0x61,0x08,0x61,0x08,0x61,0x08,0x61,0x08,0x61,0x08,0x61,0x08,0x61,0x08,0x61,0x08,0x61,0x08,0x41,0x08,0x62,0x08,
    0x04,0x21,0x45,0x21,0x04,0x19,0x61,0x08,0x61,0x08,0x61,0x08,0x61,0x08,0x61,0x08,0x61,0x08,0x61,0x08,0x61,0x08,0x61,0x08,
    0x61,0x08,0x61,0x08,0x61,0x08,0x61,0x08,0x61,0x08,0x41,0x08,0x62,0x08,0x04,0x21,0x45,0x21,0x04,0x19,0x61,0x08,0x61,0x08,
    0x61,0x08,0x61,0x08,0x61,0x08,0x61,0x08,0x61,0x08,0x61,0x08,0x61,0x08,0x61,0x08,0x61,0x08,0x61,0x08,0x61,0x08,0x61,0x08,
    0x41,0x08,0x62,0x08,0x04,0x21,0x45,0x21,0x04,0x19,0x61,0x08,0x61,0x08,0x61,0x08,0x61,0x08,0x61,0x08,0x61,0x08,0x61,0x08,
    0x61,0x08,0x61,0x08,0x61,0x08,0x61,0x08,0x61,0x08,0x61,0x08,0x61,0x08,0x41,0x08,0x62,0x08,0x04,0x21,0x45,0x21,0x04,0x21,
    0x62,0x08,0x41,0x08,0x61,0x08,0x61,0x08,0x61,0x08,0x61,0x08,0x61,0x08,0x61,0x08,0x61,0x08,0x61,0x08,0x61,0x08,0x61,0x08,
    0x61,0x08,0x61,0x08,0x61,0x08,0x61,0x08,0x04,0x19,0x45,0x21,0x04,0x21,0x62,0x08,0x41,0x08,0x61,0x08,0x61,0x08,0x61,0x08,
    0x61,0x08,0x61,0x08,0x61,0x08,0x61,0x08,0x61,0x08,0x61,0x08,0x61,0x08,0x61,0x08,0x61,0x08,0x61,0x08,0x61,0x08,0x04,0x19,
    0x45,0x21,0x04,0x21,0x62,0x08,0x41,0x08,0x61,0x08,0x61,0x08,0x61,0x08,0x61,0x08,0x61,0x08,0x61,0x08,0x61,0x08,0x61,0x08,
    0x61,0x08,0x61,0x08,0x61,0x08,0x61,0x08,0x61,0x08,0x61,0x08,0xE3,0x18,0x45,0x21,0x25,0x21,0x82,0x10,0x41,0x08,0x61,0x08,
    0x62,0x08,0x61,0x08,0x61,0x08,0x61,0x08,0x61,0x08,0x61,0x08,0x61,0x08,0x61,0x08,0x61,0x08,0x61,0x08,0x61,0x08,0x41,0x08,
    0x41,0x08,0xA3,0x10,0x04,0x21,0x04,0x19,0x62,0x08,0x41,0x08,0x41,0x08,0x41,0x08,0x41,0x08,0x41,0x08,0x41,0x08,0x41,0x08,
    0x41,0x08,0x41,0x08,0x41,0x08,0x41,0x08,0x41,0x08,0x41,0x08,0x41,0x00,0x41,0x08,0x82,0x10,0xC3,0x18,0xC3,0x18,0x61,0x08,
    0x21,0x00,0x41,0x00,0x41,0x08,0x41,0x08,0x41,0x08,0x41,0x00,0x41,0x00,0x41,0x00,0x41,0x00,0x21,0x00,0x21,0x00,0x21,0x00,
    0x21,0x00,0x20,0x00,0x20,0x00,0x61,0x08,0xA2,0x10,0x82,0x10,0x41,0x08,0x20,0x00,0x20,0x00,0x20,0x00,0x20,0x00,0x20,0x00,
    0x20,0x00,0x20,0x00,0x20,0x00,0x20,0x00,0x20,0x00,0x20,0x00,0x20,0x00,0x20,0x00,0x62,0x08,0x62,0x08,0x61,0x08,0x41,0x00,
    0x20,0x00,0x20,0x00,0x20,0x00,0x20,0x00,0x20,0x00,0x20,0x00,0x20,0x00,0x20,0x00,0x20,0x00,0x20,0x00,0x20,0x00,0x41,0x08,
    0x62,0x08,0xA2,0x10,0xA3,0x10,0xA3,0x10,0xA3,0x10,0x82,0x10,0x41,0x08,0x21,0x00,0x21,0x00,0x41,0x00,0x41,0x00,0x41,0x08,
    0x41,0x08,0x41,0x08,0x41,0x08,0x41,0x08,0x41,0x08,0x41,0x00,0x41,0x08,0x82,0x10,0xC3,0x18,0xE4,0x18,0xE4,0x18,0xE3,0x18,
    0xA3,0x10,0x62,0x08,0x41,0x08,0x41,0x08,0x41,0x08,0x41,0x08,0x41,0x08,0x41,0x08,0x41,0x08,0x41,0x08,0x41,0x08,0x41,0x08,
    0x41,0x08,0x62,0x08,0xC3,0x10,0x04,0x21,0x24,0x21,0x05,0x21,0x24,0x21,0xE4,0x18,0x82,0x10,0x41,0x08,0x61,0x08,0x61,0x08,
    0x61,0x08,0x61,0x08,0x61,0x08,0x61,0x08,0x61,0x08,0x61,0x08,0x61,0x08,0x41,0x08,0x62,0x08,0xE4,0x18,0x25,0x21,0x45,0x21,
    0x45,0x21,0x45,0x21,0x04,0x21,0xA2,0x10,0x61,0x08,0x61,0x08,0x62,0x08,0x62,0x08,0x62,0x08,0x62,0x08,0x62,0x08,0x62,0x08,
    0x62,0x08,0x62,0x08,0x41,0x08,0x82,0x08,0xE4,0x18,0x25,0x21,0x45,0x21,0x45,0x21,0x45,0x21,0x04,0x21,0xA2,0x10,0x61,0x08,
    0x61,0x08,0x62,0x08,0x62,0x08,0x62,0x08,0x62,0x08,0x62,0x08,0x62,0x08,0x62,0x08,0x62,0x08,0x41,0x08,0x82,0x08,0xE4,0x18,
    0x25,0x21,0x45,0x21,0x45,0x21,0x45,0x21,0x04,0x21,0xA2,0x10,0x61,0x08,0x61,0x08,0x62,0x08,0x62,0x08,0x62,0x08,0x62,0x08,
    0x62,0x08,0x62,0x08,0x62,0x08,0x62,0x08,0x61,0x08,0x62,0x08,0xC3,0x10,0x25,0x21,0x45,0x21,0x45,0x21,0x45,0x21,0x25,0x21,
    0xC3,0x10,0x61,0x08,0x61,0x08,0x62,0x08,0x62,0x08,0x62,0x08,0x62,0x08,0x62,0x08,0x62,0x08,0x62,0x08,0x62,0x08,0x61,0x08,
    0x62,0x08,0xC3,0x10,0x25,0x21,0x45,0x21,0x45,0x21,0x45,0x21,0x25,0x21,0xC3,0x10,0x61,0x08,0x61,0x08,0x62,0x08,0x62,0x08,
    0x62,0x08,0x62,0x08,0x62,0x08,0x62,0x08,0x62,0x08,0x62,0x08,0x61,0x08,0x62,0x08,0xC3,0x10,0x25,0x21,0x45,0x21,0x45,0x21,
    0x45,0x21,0x25,0x21,0xC3,0x10,0x61,0x08,0x61,0x08,0x62,0x08,0x62,0x08,0x62,0x08,0x62,0x08,0x62,0x08,0x62,0x08,0x62,0x08,
    0x62,0x08,0x61,0x08,0x62,0x08,0xC3,0x10,0x25,0x21,0x45,0x21,0x45,0x21,0x45,0x21,0x25,0x21,0xC3,0x10,0x62,0x08,0x61,0x08,
    0x62,0x08,0x62,0x08,0x62,0x08,0x62,0x08,0x62,0x08,0x62,0x08,0x62,0x08,0x62,0x08,0x61,0x08,0x61,0x08,0xC3,0x10,0x25,0x21,
    0x45,0x21,0x45,0x21,0x45,0x21,0x25,0x21,0xC3,0x10,0x62,0x08,0x61,0x08,0x62,0x08,0x62,0x08,0x62,0x08,0x62,0x08,0x62,0x08,
    0x62,0x08,0x62,0x08,0x62,0x08,0x61,0x08,0x61,0x08,0xC3,0x10,0x25,0x21,0x45,0x21,0x45,0x21,0x45,0x21,0x25,0x21,0xC3,0x10,
    0x62,0x08,0x61,0x08,0x62,0x08,0x62,0x08,0x62,0x08,0x62,0x08,0x62,0x08,0x62,0x08,0x62,0x08,0x62,0x08,0x61,0x08,0x61,0x08,
    0xA2,0x10,0x04,0x21,0x45,0x21,0x45,0x21,0x45,0x21,0x25,0x21,0xE4,0x18,0x62,0x08,0x41,0x08,0x61,0x08,0x61,0x08,0x61,0x08,
    0x61,0x08,0x61,0x08,0x61,0x08,0x61,0x08,0x61,0x08,0x41,0x08,0x41,0x08,0x82,0x10,0xE4,0x18,0x04,0x21,0x04,0x21,0x04,0x21,
    0x04,0x19,0xC3,0x10,0x61,0x08,0x41,0x08,0x41,0x08,0x41,0x08,0x41,0x08,0x41,0x08,0x41,0x08,0x41,0x08,0x41,0x08,0x41,0x08,
    0x41,0x08,0x41,0x08,0x62,0x08,0xA3,0x10,0xE3,0x18,0xC3,0x18,0xC3,0x18,0xC3,0x10,0x82,0x10,0x41,0x08,0x21,0x00,0x41,0x08,
    0x41,0x08,0x41,0x00,0x41,0x00,0x41,0x00,0x41,0x00,0x21,0x00,0x21,0x00,0x21,0x00,0x21,0x00,0x41,0x08,0x82,0x10,0xA2,0x10,
    0xA2,0x10,0xA2,0x10,0x82,0x10,0x61,0x08,0x21,0x00,0x20,0x00,0x20,0x00,0x20,0x00,0x20,0x00,0x20,0x00,0x20,0x00,0x20,0x00,
    0x20,0x00,0x20,0x00,0x20,0x00,0x20,0x00,0x41,0x08,0x62,0x08,0x82,0x08,0x82,0x08,0x41,0x08,0x21,0x00,0x20,0x00,0x20,0x00,
    0x20,0x00,0x20,0x00,0x20,0x00,0x20,0x00,0x20,0x00,0x21,0x00,0x61,0x08,0x82,0x10,0xA2,0x10,0xA3,0x10,0x82,0x10,0x62,0x08,
    0xA3,0x10,0xC3,0x10,0xA3,0x10,0x82,0x08,0x41,0x08,0x21,0x00,0x41,0x00,0x41,0x08,0x41,0x08,0x41,0x08,0x41,0x08,0x21,0x00,
    0x41,0x08,0x82,0x10,0xC3,0x18,0xE3,0x18,0xE4,0x18,0xA3,0x10,0xA2,0x10,0xE4,0x18,0xE4,0x18,0xE4,0x18,0xA2,0x10,0x61,0x08,
    0x41,0x08,0x41,0x08,0x41,0x08,0x41,0x08,0x41,0x08,0x41,0x08,0x41,0x08,0x61,0x08,0xC3,0x10,0x04,0x19,0x04,0x21,0x25,0x21,
    0xE3,0x18,0xC3,0x10,0x24,0x21,0x25,0x21,0x25,0x21,0xE4,0x18,0x82,0x08,0x41,0x08,0x61,0x08,0x61,0x08,0x61,0x08,0x61,0x08,
    0x61,0x08,0x41,0x08,0x61,0x08,0xC3,0x10,0x25,0x21,0x45,0x29,0x45,0x29,0x04,0x19,0xE4,0x18,0x45,0x21,0x66,0x29,0x45,0x21,
    0x04,0x19,0x82,0x10,0x61,0x08,0x61,0x08,0x62,0x08,0x62,0x08,0x62,0x08,0x62,0x08,0x61,0x08,0x62,0x08,0xC3,0x18,0x25,0x21,
    0x66,0x29,0x66,0x29,0x04,0x19,0xE4,0x18,0x45,0x21,0x66,0x29,0x45,0x21,0x04,0x19,0x82,0x10,0x61,0x08,0x61,0x08,0x62,0x08,
    0x62,0x08,0x62,0x08,0x62,0x08,0x61,0x08,0x62,0x08,0xC3,0x18,0x25,0x21,0x66,0x29,0x66,0x29,0x04,0x19,0xE4,0x18,0x45,0x21,
    0x66,0x29,0x45,0x21,0x04,0x19,0x82,0x10,0x61,0x08,0x61,0x08,0x62,0x08,0x62,0x08,0x62,0x08,0x62,0x08,0x61,0x08,0x61,0x08,
    0xC3,0x10,0x25,0x21,0x45,0x29,0x66,0x29,0x25,0x21,0xC3,0x18,0x25,0x21,0x66,0x29,0x45,0x29,0x04,0x21,0xA3,0x10,0x61,0x08,
    0x61,0x08,0x62,0x08,0x62,0x08,0x62,0x08,0x62,0x08,0x61,0x08,0x61,0x08,0xC3,0x10,0x25,0x21,0x45,0x29,0x66,0x29,0x25,0x21,
    0xC3,0x18,0x25,0x21,0x66,0x29,0x45,0x29,0x04,0x21,0xA3,0x10,0x61,0x08,0x61,0x08,0x62,0x08,0x62,0x08,0x62,0x08,0x62,0x08,
    0x61,0x08,0x61,0x08,0xC3,0x10,0x25,0x21,0x45,0x29,0x66,0x29,0x25,0x21,0xC3,0x18,0x25,0x21,0x66,0x29,0x45,0x29,0x04,0x21,
    0xA3,0x10,0x61,0x08,0x61,0x08,0x62,0x08,0x62,0x08,0x62,0x08,0x62,0x08,0x61,0x08,0x61,0x08,0xC3,0x10,0x25,0x21,0x45,0x29,
    0x66,0x29,0x25,0x21,0xC3,0x18,0x25,0x21,0x66,0x29,0x45,0x29,0x25,0x21,0xC3,0x10,0x61,0x08,0x61,0x08,0x62,0x08,0x62,0x08,
    0x62,0x08,0x62,0x08,0x61,0x08,0x61,0x08,0xA3,0x10,0x04,0x21,0x45,0x29,0x66,0x29,0x25,0x21,0xC3,0x18,0x25,0x21,0x66,0x29,
    0x45,0x29,0x25,0x21,0xC3,0x10,0x61,0x08,0x61,0x08,0x62,0x08,0x62,0x08,0x62,0x08,0x62,0x08,0x61,0x08,0x61,0x08,0xA3,0x10,
    0x04,0x21,0x45,0x29,0x66,0x29,0x25,0x21,0xC3,0x18,0x25,0x21,0x66,0x29,0x45,0x29,0x25,0x21,0xC3,0x10,0x61,0x08,0x61,0x08,
    0x62,0x08,0x62,0x08,0x62,0x08,0x62,0x08,0x61,0x08,0x61,0x08,0x82,0x10,0x04,0x19,0x45,0x21,0x45,0x29,0x45,0x21,0xE3,0x18,
    0x04,0x19,0x45,0x21,0x45,0x21,0x24,0x21,0xA3,0x10,0x61,0x08,0x41,0x08,0x61,0x08,0x61,0x08,0x61,0x08,0x61,0x08,0x41,0x08,
    0x41,0x08,0x62,0x08,0xE3,0x18,0x04,0x21,0x25,0x21,0x04,0x19,0xC3,0x10,0xC3,0x18,0x04,0x21,0x04,0x21,0xE4,0x18,0x82,0x10,
    0x41,0x08,0x41,0x08,0x41,0x08,0x41,0x08,0x41,0x08,0x41,0x08,0x41,0x08,0x41,0x08,0x61,0x08,0xA3,0x10,0xE3,0x18,0xE4,0x18,
    0xE3,0x18,0x82,0x10,0xA2,0x10,0xE3,0x18,0xC3,0x18,0xA3,0x10,0x62,0x08,0x41,0x08,0x21,0x00,0x41,0x00,0x41,0x00,0x41,0x00,
    0x41,0x00,0x21,0x00,0x20,0x00,0x41,0x08,0x82,0x10,0xA3,0x10,0xA3,0x10,0xA2,0x10,0x62,0x08,0x82,0x08,0xA2,0x10,0xA2,0x10,
    0x82,0x10,0x61,0x08,0x20,0x00,0x20,0x00,0x20,0x00,0x20,0x00,0x20,0x00,0x20,0x00,0x20,0x00,0x20,0x00,0x20,0x00,0x41,0x08,
    0x20,0x00,0x21,0x00,0x61,0x08,0x82,0x08,0x82,0x10,0x82,0x08,0x41,0x08,0x20,0x00,0x20,0x00,0x20,0x00,0x20,0x00,0x20,0x00,
    0x41,0x08,0x82,0x10,0xA2,0x10,0xA2,0x10,0x82,0x10,0x61,0x08,0x21,0x00,0x20,0x00,0x41,0x08,0x82,0x10,0xA3,0x10,0xC3,0x10,
    0xA3,0x10,0x62,0x08,0x41,0x00,0x21,0x00,0x41,0x08,0x21,0x00,0x41,0x08,0x62,0x08,0xA3,0x10,0xC3,0x18,0xE3,0x18,0xC3,0x10,
    0x82,0x10,0x41,0x08,0x41,0x00,0x62,0x08,0xA3,0x10,0xE4,0x18,0xE4,0x18,0xE4,0x18,0x82,0x10,0x41,0x08,0x41,0x08,0x41,0x08,
    0x41,0x08,0x41,0x08,0x82,0x10,0xE4,0x18,0x04,0x21,0x04,0x21,0xE4,0x18,0xA2,0x10,0x41,0x08,0x41,0x08,0x82,0x10,0xE4,0x18,
    0x25,0x21,0x25,0x21,0x24,0x21,0xC3,0x18,0x62,0x08,0x41,0x08,0x61,0x08,0x61,0x08,0x61,0x08,0xA2,0x10,0x04,0x21,0x45,0x21,
    0x45,0x29,0x25,0x21,0xC3,0x10,0x61,0x08,0x61,0x08,0xA2,0x10,0x04,0x21,0x45,0x21,0x66,0x29,0x45,0x21,0xE4,0x18,0x82,0x10,
    0x61,0x08,0x62,0x08,0x61,0x08,0x61,0x08,0xA3,0x10,0x25,0x21,0x45,0x29,0x45,0x29,0x25,0x21,0xC3,0x18,0x61,0x08,0x61,0x08,
    0xA2,0x10,0x04,0x21,0x45,0x21,0x66,0x29,0x45,0x21,0xE4,0x18,0x82,0x10,0x61,0x08,0x62,0x08,0x61,0x08,0x61,0x08,0xA3,0x10,
    0x25,0x21,0x45,0x29,0x45,0x29,0x25,0x21,0xC3,0x18,0x61,0x08,0x61,0x08,0xA2,0x10,0x04,0x21,0x45,0x21,0x66,0x29,0x45,0x21,
    0xE4,0x18,0x82,0x10,0x61,0x08,0x62,0x08,0x61,0x08,0x61,0x08,0xA3,0x10,0x04,0x21,0x45,0x21,0x66,0x29,0x45,0x21,0xE4,0x18,
    0x82,0x08,0x41,0x08,0x82,0x08,0xE4,0x18,0x45,0x21,0x66,0x29,0x45,0x29,0x04,0x19,0x82,0x10,0x61,0x08,0x62,0x08,0x61,0x08,
    0x61,0x08,0xA3,0x10,0x04,0x21,0x45,0x21,0x66,0x29,0x45,0x21,0xE4,0x18,0x82,0x08,0x41,0x08,0x82,0x08,0xE4,0x18,0x45,0x21,
    0x66,0x29,0x45,0x29,0x04,0x19,0x82,0x10,0x61,0x08,0x62,0x08,0x61,0x08,0x61,0x08,0xA3,0x10,0x04,0x21,0x45,0x21,0x66,0x29,
    0x45,0x21,0xE4,0x18,0x82,0x08,0x41,0x08,0x82,0x08,0xE4,0x18,0x45,0x21,0x66,0x29,0x45,0x29,0x04,0x19,0x82,0x10,0x61,0x08,
    0x62,0x08,0x61,0x08,0x61,0x08,0xA3,0x10,0x04,0x21,0x45,0x21,0x66,0x29,0x45,0x21,0xE4,0x18,0x82,0x08,0x41,0x08,0x82,0x08,
    0xE4,0x18,0x45,0x21,0x66,0x29,0x45,0x21,0x04,0x21,0xA3,0x10,0x61,0x08,0x61,0x08,0x62,0x08,0x61,0x08,0x82,0x10,0x04,0x19,
    0x45,0x29,0x66,0x29,0x45,0x21,0xE4,0x18,0x82,0x08,0x41,0x08,0x82,0x08,0xE4,0x18,0x45,0x21,0x66,0x29,0x45,0x21,0x04,0x21,
    0xA3,0x10,0x61,0x08,0x61,0x08,0x62,0x08,0x61,0x08,0x82,0x10,0x04,0x19,0x45,0x29,0x66,0x29,0x45,0x21,0xE4,0x18,0x82,0x08,
    0x41,0x08,0x82,0x08,0xE4,0x18,0x45,0x21,0x66,0x29,0x45,0x21,0x04,0x21,0xA3,0x10,0x61,0x08,0x61,0x08,0x62,0x08,0x61,0x08,
    0x82,0x10,0xE4,0x18,0x45,0x21,0x66,0x29,0x45,0x21,0x04,0x19,0xA2,0x10,0x61,0x08,0x61,0x08,0xA3,0x10,0x04,0x21,0x45,0x21,
    0x45,0x21,0x04,0x21,0x82,0x10,0x61,0x08,0x61,0x08,0x61,0x08,0x41,0x08,0x62,0x08,0xC3,0x18,0x04,0x21,0x25,0x21,0x04,0x21,
    0xE3,0x18,0x82,0x08,0x41,0x08,0x41,0x08,0x82,0x10,0xE4,0x18,0x04,0x21,0x04,0x19,0xC3,0x18,0x82,0x08,0x41,0x08,0x41,0x08,
    0x41,0x08,0x41,0x08,0x61,0x08,0xA2,0x10,0xE3,0x18,0xE4,0x18,0xE3,0x18,0xA3,0x10,0x61,0x08,0x41,0x00,0x41,0x08,0x62,0x08,
    0xA3,0x10,0xC3,0x18,0xC3,0x18,0xA3,0x10,0x61,0x08,0x21,0x00,0x21,0x00,0x41,0x00,0x21,0x00,0x41,0x08,0x82,0x08,0xA2,0x10,
    0xA3,0x10,0xA3,0x10,0x82,0x10,0x41,0x08,0x20,0x00,0x20,0x00,0x41,0x08,0x82,0x10,0x82,0x10,0x82,0x10,0x82,0x08,0x41,0x08,
    0x20,0x00,0x20,0x00,0x20,0x00,0x20,0x00,0x20,0x00,0x41,0x08,0x62,0x08,0x82,0x08,0x20,0x00,0x20,0x00,0x20,0x00,0x41,0x08,
    0x62,0x08,0x82,0x10,0x82,0x10,0x82,0x08,0x41,0x08,0x20,0x00,0x41,0x08,0x82,0x10,0xA2,0x10,0xA2,0x10,0x82,0x10,0x61,0x08,
    0x21,0x00,0x20,0x00,0x21,0x00,0x41,0x00,0x20,0x00,0x20,0x00,0x61,0x08,0xA2,0x10,0xC3,0x10,0xC3,0x10,0xA3,0x10,0x61,0x08,
    0x21,0x00,0x61,0x08,0xA3,0x10,0xC3,0x18,0xE3,0x18,0xC3,0x10,0x82,0x08,0x41,0x08,0x41,0x00,0x41,0x08,0x41,0x08,0x41,0x08,
    0x41,0x08,0x82,0x08,0xC3,0x18,0xE4,0x18,0x04,0x19,0xE3,0x18,0x82,0x10,0x41,0x08,0x82,0x10,0xE4,0x18,0x04,0x19,0x04,0x21,
    0xE4,0x18,0xA2,0x10,0x61,0x08,0x41,0x08,0x61,0x08,0x61,0x08,0x41,0x08,0x41,0x08,0x82,0x10,0xE4,0x18,0x25,0x21,0x25,0x21,
    0x25,0x21,0xC3,0x18,0x61,0x08,0x82,0x10,0xE4,0x18,0x45,0x21,0x45,0x21,0x25,0x21,0xE3,0x18,0x62,0x08,0x61,0x08,0x62,0x08,
    0x62,0x08,0x61,0x08,0x61,0x08,0xA3,0x10,0x04,0x21,0x66,0x29,0x66,0x29,0x45,0x21,0xE4,0x18,0x62,0x08,0x82,0x10,0x04,0x21,
    0x45,0x29,0x66,0x29,0x45,0x21,0xE4,0x18,0x62,0x08,0x61,0x08,0x62,0x08,0x62,0x08,0x61,0x08,0x61,0x08,0xA3,0x10,0x04,0x21,
    0x66,0x29,0x66,0x29,0x45,0x21,0xE4,0x18,0x62,0x08,0x82,0x10,0x04,0x21,0x45,0x29,0x66,0x29,0x45,0x21,0xE4,0x18,0x62,0x08,
    0x61,0x08,0x62,0x08,0x62,0x08,0x61,0x08,0x61,0x08,0xA3,0x10,0x04,0x21,0x66,0x29,0x66,0x29,0x45,0x21,0xE4,0x18,0x62,0x08,
    0x82,0x10,0x04,0x21,0x45,0x29,0x66,0x29,0x45,0x29,0xE4,0x18,0x82,0x10,0x61,0x08,0x61,0x08,0x62,0x08,0x61,0x08,0x61,0x08,
    0x82,0x10,0x04,0x21,0x45,0x29,0x66,0x29,0x45,0x21,0xE4,0x18,0x62,0x08,0x82,0x10,0x04,0x21,0x45,0x29,0x66,0x29,0x45,0x29,
    0xE4,0x18,0x82,0x10,0x61,0x08,0x61,0x08,0x62,0x08,0x61,0x08,0x61,0x08,0x82,0x10,0x04,0x21,0x45,0x29,0x66,0x29,0x45,0x21,
    0xE4,0x18,0x62,0x08,0x82,0x10,0x04,0x21,0x45,0x29,0x66,0x29,0x45,0x29,0xE4,0x18,0x82,0x10,0x61,0x08,0x61,0x08,0x62,0x08,
    0x61,0x08,0x61,0x08,0x82,0x10,0x04,0x21,0x45,0x29,0x66,0x29,0x45,0x21,0xE4,0x18,0x62,0x08,0x82,0x10,0x04,0x21,0x45,0x29,
    0x66,0x29,0x45,0x29,0xE4,0x18,0x82,0x10,0x61,0x08,0x61,0x08,0x62,0x08,0x61,0x08,0x61,0x08,0x82,0x10,0xE4,0x18,0x45,0x29,
    0x66,0x29,0x45,0x29,0x04,0x21,0x82,0x10,0x62,0x08,0xE4,0x18,0x45,0x21,0x66,0x29,0x45,0x29,0x04,0x21,0x82,0x10,0x61,0x08,
    0x61,0x08,0x62,0x08,0x61,0x08,0x61,0x08,0x82,0x10,0xE4,0x18,0x45,0x29,0x66,0x29,0x45,0x29,0x04,0x21,0x82,0x10,0x62,0x08,
    0xE4,0x18,0x45,0x21,0x66,0x29,0x45,0x29,0x04,0x21,0x82,0x10,0x61,0x08,0x61,0x08,0x62,0x08,0x61,0x08,0x61,0x08,0x82,0x10,
    0xE4,0x18,0x45,0x29,0x66,0x29,0x45,0x29,0x04,0x21,0x82,0x10,0x62,0x08,0xE4,0x18,0x45,0x21,0x66,0x29,0x66,0x29,0x04,0x21,
    0xA3,0x10,0x61,0x08,0x61,0x08,0x62,0x08,0x61,0x08,0x41,0x08,0x62,0x08,0xE3,0x18,0x25,0x21,0x45,0x21,0x25,0x21,0xE4,0x18,
    0x82,0x08,0x61,0x08,0xC3,0x10,0x04,0x21,0x25,0x21,0x25,0x21,0xE3,0x18,0x82,0x10,0x41,0x08,0x41,0x08,0x61,0x08,0x41,0x08,
    0x41,0x08,0x61,0x08,0xA3,0x10,0xE4,0x18,0x04,0x19,0x04,0x19,0xC3,0x10,0x61,0x08,0x41,0x08,0xA2,0x10,0xE3,0x18,0xE4,0x18,
    0xE4,0x18,0xA3,0x10,0x62,0x08,0x41,0x08,0x41,0x08,0x41,0x08,0x41,0x08,0x21,0x00,0x41,0x08,0x82,0x10,0xC3,0x10,0xC3,0x18,
    0xC3,0x10,0x82,0x10,0x41,0x08,0x41,0x00,0x82,0x08,0xA3,0x10,0xA3,0x10,0xA3,0x10,0x82,0x10,0x41,0x08,0x20,0x00,0x20,0x00,
    0x21,0x00,0x20,0x00,0x20,0x00,0x20,0x00,0x41,0x08,0x82,0x10,0x82,0x10,0x82,0x10,0x82,0x08,0x41,0x08,0x20,0x00,0x41,0x08,
    0x62,0x08,0x82,0x08,0x82,0x08,0x61,0x08,0x20,0x00,0x20,0x00,0x20,0x00,0x20,0x00,0x20,0x00,0x41,0x08,0x82,0x08,0x82,0x10,
    0x82,0x10,0x82,0x08,0x82,0x10,0xA2,0x10,0x82,0x10,0x62,0x08,0x21,0x00,0x20,0x00,0x21,0x00,0x21,0x00,0x21,0x00,0x21,0x00,
    0x21,0x00,0x21,0x00,0x20,0x00,0x41,0x00,0x62,0x08,0xA3,0x10,0xC3,0x18,0xC3,0x10,0xA3,0x10,0xC3,0x18,0xC3,0x18,0xC3,0x10,
    0x82,0x10,0x41,0x08,0x21,0x00,0x41,0x08,0x41,0x08,0x41,0x08,0x41,0x08,0x41,0x08,0x41,0x08,0x41,0x08,0x41,0x08,0x82,0x10,
    0xE4,0x18,0x04,0x19,0x04,0x19,0xC3,0x18,0x04,0x19,0x04,0x21,0xE4,0x18,0xC3,0x10,0x61,0x08,0x41,0x08,0x41,0x08,0x61,0x08,
    0x61,0x08,0x61,0x08,0x61,0x08,0x61,0x08,0x41,0x08,0x41,0x08,0xA3,0x10,0x04,0x19,0x25,0x21,0x25,0x21,0x04,0x21,0x25,0x21,
    0x45,0x21,0x45,0x21,0xE4,0x18,0x82,0x08,0x61,0x08,0x62,0x08,0x62,0x08,0x62,0x08,0x62,0x08,0x62,0x08,0x62,0x08,0x61,0x08,
    0x61,0x08,0xC3,0x18,0x25,0x21,0x66,0x29,0x66,0x29,0x25,0x21,0x45,0x21,0x66,0x29,0x45,0x29,0x04,0x19,0x82,0x10,0x61,0x08,
    0x62,0x08,0x62,0x08,0x62,0x08,0x62,0x08,0x62,0x08,0x62,0x08,0x61,0x08,0x61,0x08,0xC3,0x18,0x25,0x21,0x66,0x29,0x66,0x29,
    0x25,0x21,0x45,0x21,0x66,0x29,0x45,0x29,0x04,0x19,0x82,0x10,0x61,0x08,0x62,0x08,0x62,0x08,0x62,0x08,0x62,0x08,0x62,0x08,
    0x62,0x08,0x61,0x08,0x61,0x08,0xC3,0x18,0x25,0x21,0x66,0x29,0x66,0x29,0x25,0x21,0x45,0x21,0x66,0x29,0x45,0x29,0x04,0x21,
    0xA2,0x10,0x61,0x08,0x61,0x08,0x62,0x08,0x62,0x08,0x62,0x08,0x62,0x08,0x62,0x08,0x61,0x08,0x61,0x08,0xA3,0x10,0x25,0x21,
    0x66,0x29,0x66,0x29,0x25,0x21,0x45,0x21,0x66,0x29,0x45,0x29,0x04,0x21,0xA2,0x10,0x61,0x08,0x61,0x08,0x62,0x08,0x62,0x08,
    0x62,0x08,0x62,0x08,0x62,0x08,0x61,0x08,0x61,0x08,0xA3,0x10,0x25,0x21,0x66,0x29,0x66,0x29,0x25,0x21,0x45,0x21,0x66,0x29,
    0x45,0x29,0x04,0x21,0xA2,0x10,0x61,0x08,0x61,0x08,0x62,0x08,0x62,0x08,0x62,0x08,0x62,0x08,0x62,0x08,0x61,0x08,0x61,0x08,
    0xA3,0x10,0x25,0x21,0x66,0x29,0x66,0x29,0x25,0x21,0x45,0x21,0x66,0x29,0x45,0x29,0x04,0x21,0xA2,0x10,0x61,0x08,0x61,0x08,
    0x62,0x08,0x62,0x08,0x62,0x08,0x62,0x08,0x62,0x08,0x61,0x08,0x61,0x08,0xA2,0x10,0x04,0x21,0x45,0x29,0x66,0x29,0x45,0x21,
    0x25,0x21,0x66,0x29,0x66,0x29,0x25,0x21,0xA3,0x10,0x61,0x08,0x61,0x08,0x62,0x08,0x62,0x08,0x62,0x08,0x62,0x08,0x62,0x08,
    0x61,0x08,0x61,0x08,0xA2,0x10,0x04,0x21,0x45,0x29,0x66,0x29,0x45,0x21,0x25,0x21,0x66,0x29,0x66,0x29,0x25,0x21,0xA3,0x10,
    0x61,0x08,0x61,0x08,0x62,0x08,0x62,0x08,0x62,0x08,0x62,0x08,0x62,0x08,0x61,0x08,0x61,0x08,0xA2,0x10,0x04,0x21,0x45,0x29,
    0x66,0x29,0x45,0x21,0x25,0x21,0x66,0x29,0x66,0x29,0x25,0x21,0xC3,0x18,0x61,0x08,0x61,0x08,0x62,0x08,0x62,0x08,0x61,0x08,
    0x61,0x08,0x61,0x08,0x61,0x08,0x41,0x08,0x82,0x08,0xE4,0x18,0x25,0x21,0x45,0x21,0x04,0x21,0x04,0x19,0x25,0x21,0x25,0x21,
    0x04,0x19,0xA2,0x10,0x41,0x08,0x41,0x08,0x61,0x08,0x41,0x08,0x41,0x08,0x41,0x08,0x41,0x08,0x41,0x08,0x41,0x08,0x61,0x08,
    0xC3,0x10,0x04,0x19,0x04,0x19,0xE4,0x18,0xC3,0x18,0xE4,0x18,0xE4,0x18,0xC3,0x18,0x82,0x10,0x41,0x08,0x41,0x00,0x41,0x08,
    0x41,0x08,0x41,0x08,0x41,0x08,0x41,0x08,0x41,0x08,0x21,0x00,0x41,0x08,0x82,0x10,0xC3,0x18,0xC3,0x18,0xA3,0x10,0xA2,0x10,
    0xC3,0x10,0xA3,0x10,0xA2,0x10,0x61,0x08,0x21,0x00,0x20,0x00,0x21,0x00,0x21,0x00,0x21,0x00,0x20,0x00,0x20,0x00,0x20,0x00,
    0x20,0x00,0x21,0x00,0x61,0x08,0x82,0x10,0x82,0x10,0x82,0x10,0x62,0x08,0x82,0x08,0x82,0x10,0x62,0x08,0x41,0x08,0x20,0x00,
    0x20,0x00,0x20,0x00,0x20,0x00,0x20,0x00,0x20,0x00,0x20,0x00,0x21,0x00,0x61,0x08,0x82,0x10,0x82,0x10,0x82,0x10,0x62,0x08,
    0x41,0x00,0x20,0x00,0x20,0x00,0x21,0x00,0x21,0x00,0x21,0x00,0x21,0x00,0x21,0x00,0x21,0x00,0x21,0x00,0x21,0x00,0x41,0x00,
    0x21,0x00,0x41,0x08,0x82,0x10,0xC3,0x10,0xC3,0x10,0xC3,0x18,0x82,0x10,0x41,0x08,0x21,0x00,0x41,0x08,0x41,0x08,0x41,0x08,
    0x41,0x08,0x41,0x08,0x41,0x08,0x41,0x08,0x41,0x08,0x41,0x08,0x41,0x08,0x41,0x08,0x61,0x08,0xA3,0x10,0xE4,0x18,0x04,0x19,
    0xE4,0x18,0xC3,0x10,0x61,0x08,0x41,0x08,0x41,0x08,0x61,0x08,0x41,0x08,0x61,0x08,0x61,0x08,0x61,0x08,0x61,0x08,0x61,0x08,
    0x61,0x08,0x61,0x08,0x41,0x08,0x61,0x08,0xA3,0x10,0x24,0x21,0x25,0x21,0x25,0x21,0x04,0x19,0xA2,0x10,0x61,0x08,0x61,0x08,
    0x61,0x08,0x62,0x08,0x62,0x08,0x62,0x08,0x62,0x08,0x62,0x08,0x62,0x08,0x62,0x08,0x62,0x08,0x61,0x08,0x82,0x08,0xC3,0x18,
    0x45,0x21,0x66,0x29,0x66,0x29,0x24,0x21,0xA3,0x10,0x62,0x08,0x62,0x08,0x62,0x08,0x62,0x08,0x62,0x08,0x62,0x08,0x62,0x08,
    0x62,0x08,0x62,0x08,0x62,0x08,0x62,0x08,0x61,0x08,0x82,0x08,0xC3,0x18,0x45,0x21,0x66,0x29,0x66,0x29,0x24,0x21,0xA3,0x10,
    0x62,0x08,0x62,0x08,0x62,0x08,0x62,0x08,0x62,0x08,0x62,0x08,0x62,0x08,0x62,0x08,0x62,0x08,0x62,0x08,0x62,0x08,0x61,0x08,
    0x82,0x08,0xC3,0x18,0x45,0x21,0x66,0x29,0x66,0x29,0x25,0x21,0xA3,0x10,0x62,0x08,0x61,0x08,0x62,0x08,0x62,0x08,0x62,0x08,
    0x62,0x08,0x62,0x08,0x62,0x08,0x62,0x08,0x62,0x08,0x62,0x08,0x61,0x08,0x62,0x08,0xC3,0x18,0x45,0x21,0x66,0x29,0x66,0x29,
    0x25,0x21,0xA3,0x10,0x62,0x08,0x61,0x08,0x62,0x08,0x62,0x08,0x62,0x08,0x62,0x08,0x62,0x08,0x62,0x08,0x62,0x08,0x62,0x08,
    0x62,0x08,0x61,0x08,0x62,0x08,0xC3,0x18,0x45,0x21,0x66,0x29,0x66,0x29,0x25,0x21,0xA3,0x10,0x62,0x08,0x61,0x08,0x62,0x08,
    0x62,0x08,0x62,0x08,0x62,0x08,0x62,0x08,0x62,0x08,0x62,0x08,0x62,0x08,0x62,0x08,0x61,0x08,0x62,0x08,0xC3,0x18,0x45,0x21,
    0x66,0x29,0x66,0x29,0x25,0x21,0xA3,0x10,0x62,0x08,0x61,0x08,0x62,0x08,0x62,0x08,0x62,0x08,0x62,0x08,0x62,0x08,0x62,0x08,
    0x62,0x08,0x62,0x08,0x62,0x08,0x61,0x08,0x62,0x08,0xA3,0x10,0x25,0x21,0x66,0x29,0x66,0x29,0x45,0x21,0xC3,0x18,0x62,0x08,
    0x61,0x08,0x62,0x08,0x62,0x08,0x62,0x08,0x62,0x08,0x62,0x08,0x62,0x08,0x62,0x08,0x62,0x08,0x62,0x08,0x61,0x08,0x62,0x08,
    0xA3,0x10,0x25,0x21,0x66,0x29,0x66,0x29,0x45,0x21,0xC3,0x18,0x62,0x08,0x61,0x08,0x62,0x08,0x62,0x08,0x62,0x08,0x62,0x08,
    0x62,0x08,0x62,0x08,0x62,0x08,0x62,0x08,0x62,0x08,0x61,0x08,0x62,0x08,0xA3,0x10,0x25,0x21,0x66,0x29,0x66,0x29,0x45,0x21,
    0xC3,0x18,0x62,0x08,0x61,0x08,0x62,0x08,0x62,0x08,0x62,0x08,0x62,0x08,0x61,0x08,0x61,0x08,0x61,0x08,0x61,0x08,0x61,0x08,
    0x61,0x08,0x61,0x08,0x82,0x10,0xE4,0x18,0x25,0x21,0x25,0x21,0x04,0x21,0xA3,0x10,0x61,0x08,0x41,0x08,0x61,0x08,0x61,0x08,
    0x61,0x08,0x41,0x08,0x41,0x08,0x41,0x08,0x41,0x08,0x41,0x08,0x41,0x08,0x41,0x08,0x41,0x08,0x82,0x08,0xC3,0x10,0xE4,0x18,
    0xE4,0x18,0xE3,0x18,0x82,0x10,0x41,0x08,0x41,0x08,0x41,0x08,0x41,0x08,0x41,0x08,0x41,0x08,0x41,0x08,0x41,0x08,0x41,0x08,
    0x41,0x08,0x41,0x08,0x41,0x00,0x41,0x00,0x61,0x08,0xA2,0x10,0xC3,0x10,0xC3,0x10,0xA3,0x10,0x61,0x08,0x41,0x00,0x20,0x00,
    0x21,0x00,0x21,0x00,0x21,0x00,0x21,0x00,0x21,0x00,0x20,0x00,0x20,0x00,0x20,0x00,0x20,0x00,0x20,0x00,0x20,0x00,0x21,0x00,
    0x61,0x08,0x82,0x10,0x82,0x10,0x82,0x08,0x41,0x08,0x20,0x00,0x20,0x00,0x20,0x00,0x20,0x00,0x20,0x00,0x20,0x00,0x20,0x00,
    0x20,0x00,0x20,0x00,0x20,0x00,0x20,0x00,0x61,0x08,0xA2,0x10,0x62,0x08,0x20,0x00,0x20,0x00,0x21,0x00,0x20,0x00,0x21,0x00,
    0x21,0x00,0x21,0x00,0x21,0x00,0x21,0x00,0x21,0x00,0x21,0x00,0x21,0x00,0x41,0x00,0x41,0x00,0x21,0x00,0x20,0x00,0x82,0x10,
    0xC3,0x18,0xA2,0x10,0x21,0x00,0x41,0x00,0x41,0x08,0x41,0x08,0x41,0x08,0x41,0x08,0x41,0x08,0x41,0x08,0x41,0x08,0x41,0x08,
    0x41,0x08,0x41,0x08,0x41,0x08,0x41,0x08,0x41,0x08,0x21,0x00,0xC3,0x10,0x04,0x19,0xC3,0x10,0x41,0x08,0x41,0x08,0x41,0x08,
    0x41,0x08,0x41,0x08,0x41,0x08,0x61,0x08,0x61,0x08,0x61,0x08,0x61,0x08,0x61,0x08,0x61,0x08,0x61,0x08,0x61,0x08,0x61,0x08,
    0x41,0x08,0xA3,0x10,0x45,0x21,0x25,0x21,0x62,0x08,0x41,0x08,0x61,0x08,0x61,0x08,0x61,0x08,0x62,0x08,0x62,0x08,0x62,0x08,
    0x62,0x08,0x62,0x08,0x62,0x08,0x62,0x08,0x62,0x08,0x62,0x08,0x62,0x08,0x61,0x08,0xC3,0x18,0x66,0x29,0x45,0x21,0x82,0x08,
    0x61,0x08,0x62,0x08,0x62,0x08,0x62,0x08,0x62,0x08,0x62,0x08,0x62,0x08,0x62,0x08,0x62,0x08,0x62,0x08,0x62,0x08,0x62,0x08,
    0x62,0x08,0x62,0x08,0x61,0x08,0xC3,0x18,0x66,0x29,0x45,0x21,0x82,0x08,0x61,0x08,0x62,0x08,0x62,0x08,0x62,0x08,0x62,0x08,
    0x62,0x08,0x62,0x08,0x62,0x08,0x62,0x08,0x62,0x08,0x62,0x08,0x62,0x08,0x62,0x08,0x62,0x08,0x61,0x08,0xC3,0x18,0x66,0x29,
    0x45,0x21,0x82,0x10,0x61,0x08,0x62,0x08,0x62,0x08,0x62,0x08,0x62,0x08,0x62,0x08,0x62,0x08,0x62,0x08,0x62,0x08,0x62,0x08,
    0x62,0x08,0x62,0x08,0x62,0x08,0x62,0x08,0x41,0x08,0xC3,0x10,0x66,0x29,0x45,0x21,0x82,0x10,0x61,0x08,0x62,0x08,0x62,0x08,
    0x62,0x08,0x62,0x08,0x62,0x08,0x62,0x08,0x62,0x08,0x62,0x08,0x62,0x08,0x62,0x08,0x62,0x08,0x62,0x08,0x62,0x08,0x41,0x08,
    0xC3,0x10,0x66,0x29,0x45,0x21,0x82,0x10,0x61,0x08,0x62,0x08,0x62,0x08,0x62,0x08,0x62,0x08,0x62,0x08,0x62,0x08,0x62,0x08,
    0x62,0x08,0x62,0x08,0x62,0x08,0x62,0x08,0x62,0x08,0x62,0x08,0x41,0x08,0xC3,0x10,0x66,0x29,0x45,0x21,0x82,0x10,0x61,0x08,
    0x62,0x08,0x62,0x08,0x62,0x08,0x62,0x08,0x62,0x08,0x62,0x08,0x62,0x08,0x62,0x08,0x62,0x08,0x62,0x08,0x62,0x08,0x62,0x08,
    0x62,0x08,0x61,0x08,0x82,0x10,0x45,0x21,0x66,0x29,0xC3,0x10,0x41,0x08,0x62,0x08,0x62,0x08,0x62,0x08,0x62,0x08,0x62,0x08,
    0x62,0x08,0x62,0x08,0x62,0x08,0x62,0x08,0x62,0x08,0x62,0x08,0x62,0x08,0x62,0x08,0x61,0x08,0x82,0x10,0x45,0x21,0x66,0x29,
    0xC3,0x10,0x41,0x08,0x62,0x08,0x62,0x08,0x62,0x08,0x62,0x08,0x62,0x08,0x62,0x08,0x62,0x08,0x62,0x08,0x62,0x08,0x62,0x08,
    0x62,0x08,0x62,0x08,0x62,0x08,0x61,0x08,0x82,0x10,0x45,0x21,0x66,0x29,0xC3,0x18,0x41,0x08,0x62,0x08,0x62,0x08,0x62,0x08,
    0x62,0x08,0x62,0x08,0x62,0x08,0x61,0x08,0x61,0x08,0x61,0x08,0x61,0x08,0x61,0x08,0x61,0x08,0x61,0x08,0x41,0x08,0x61,0x08,
    0x04,0x21,0x25,0x21,0xA2,0x10,0x41,0x08,0x61,0x08,0x61,0x08,0x61,0x08,0x61,0x08,0x61,0x08,0x41,0x08,0x41,0x08,0x41,0x08,
    0x41,0x08,0x41,0x08,0x41,0x08,0x41,0x08,0x41,0x08,0x41,0x08,0x41,0x08,0xE4,0x18,0xE4,0x18,0x82,0x10,0x41,0x00,0x41,0x08,
    0x41,0x08,0x41,0x08,0x41,0x08,0x41,0x08,0x41,0x08,0x41,0x08,0x41,0x08,0x41,0x08,0x41,0x08,0x41,0x08,0x41,0x08,0x41,0x08,
    0x21,0x00,0x41,0x08,0xA3,0x10,0xC3,0x10,0x61,0x08,0x20,0x00,0x21,0x00,0x21,0x00,0x21,0x00,0x21,0x00,0x21,0x00,0x21,0x00,
    0x21,0x00,0x20,0x00,0x20,0x00,0x20,0x00,0x20,0x00,0x20,0x00,0x20,0x00,0x20,0x00,0x20,0x00,0x61,0x08,0x82,0x10,0x61,0x08,
    0x20,0x00,0x20,0x00,0x20,0x00,0x20,0x00,0x20,0x00,0x20,0x00,0x20,0x00,0x20,0x00,0x20,0x00,0x20,0x00,0x20,0x00,0x20,0x00,
    0x61,0x08,0xA2,0x10,0x62,0x08,0x20,0x00,0x20,0x00,0x20,0x00,0x20,0x00,0x21,0x00,0x21,0x00,0x21,0x00,0x21,0x00,0x21,0x00,
    0x21,0x00,0x21,0x00,0x21,0x00,0x41,0x00,0x41,0x00,0x41,0x00,0x21,0x00,0x82,0x10,0xC3,0x18,0x82,0x10,0x21,0x00,0x41,0x08,
    0x41,0x08,0x41,0x08,0x41,0x08,0x41,0x08,0x41,0x08,0x41,0x08,0x41,0x08,0x41,0x08,0x41,0x08,0x41,0x08,0x41,0x08,0x41,0x08,
    0x41,0x08,0x41,0x08,0xC3,0x10,0x04,0x19,0xC3,0x10,0x41,0x08,0x41,0x08,0x41,0x08,0x41,0x08,0x41,0x08,0x41,0x08,0x61,0x08,
    0x61,0x08,0x61,0x08,0x61,0x08,0x61,0x08,0x61,0x08,0x61,0x08,0x61,0x08,0x61,0x08,0x41,0x08,0xA2,0x10,0x45,0x21,0x25,0x21,
    0x62,0x08,0x61,0x08,0x61,0x08,0x61,0x08,0x61,0x08,0x62,0x08,0x62,0x08,0x62,0x08,0x62,0x08,0x62,0x08,0x62,0x08,0x62,0x08,
    0x62,0x08,0x62,0x08,0x62,0x08,0x61,0x08,0xC3,0x10,0x66,0x29,0x45,0x21,0x82,0x10,0x62,0x08,0x62,0x08,0x62,0x08,0x62,0x08,
    0x62,0x08,0x62,0x08,0x62,0x08,0x62,0x08,0x62,0x08,0x62,0x08,0x62,0x08,0x62,0x08,0x62,0x08,0x62,0x08,0x61,0x08,0xC3,0x10,
    0x66,0x29,0x45,0x21,0x82,0x10,0x62,0x08,0x62,0x08,0x62,0x08,0x62,0x08,0x62,0x08,0x62,0x08,0x62,0x08,0x62,0x08,0x62,0x08,
    0x62,0x08,0x62,0x08,0x62,0x08,0x62,0x08,0x62,0x08,0x61,0x08,0xC3,0x10,0x66,0x29,0x45,0x21,0x82,0x10,0x62,0x08,0x62,0x08,
    0x62,0x08,0x62,0x08,0x62,0x08,0x62,0x08,0x62,0x08,0x62,0x08,0x62,0x08,0x62,0x08,0x62,0x08,0x62,0x08,0x62,0x08,0x62,0x08,
    0x61,0x08,0xC3,0x10,0x66,0x29,0x45,0x21,0x82,0x10,0x62,0x08,0x62,0x08,0x62,0x08,0x62,0x08,0x62,0x08,0x62,0x08,0x62,0x08,
    0x62,0x08,0x62,0x08,0x62,0x08,0x62,0x08,0x62,0x08,0x62,0x08,0x62,0x08,0x61,0x08,0xC3,0x10,0x66,0x29,0x45,0x21,0x82,0x10,
    0x62,0x08,0x62,0x08,0x62,0x08,0x62,0x08,0x62,0x08,0x62,0x08,0x62,0x08,0x62,0x08,0x62,0x08,0x62,0x08,0x62,0x08,0x62,0x08,
    0x62,0x08,0x62,0x08,0x61,0x08,0xC3,0x10,0x66,0x29,0x45,0x21,0x82,0x10,0x62,0x08,0x62,0x08,0x62,0x08,0x62,0x08,0x62,0x08,
    0x62,0x08,0x62,0x08,0x62,0x08,0x62,0x08,0x62,0x08,0x62,0x08,0x62,0x08,0x62,0x08,0x62,0x08,0x62,0x08,0x82,0x10,0x45,0x21,
    0x66,0x29,0xC3,0x10,0x61,0x08,0x62,0x08,0x62,0x08,0x62,0x08,0x62,0x08,0x62,0x08,0x62,0x08,0x62,0x08,0x62,0x08,0x62,0x08,
    0x62,0x08,0x62,0x08,0x62,0x08,0x62,0x08,0x62,0x08,0x82,0x10,0x45,0x21,0x66,0x29,0xC3,0x10,0x61,0x08,0x62,0x08,0x62,0x08,
    0x62,0x08,0x62,0x08,0x62,0x08,0x62,0x08,0x62,0x08,0x62,0x08,0x62,0x08,0x62,0x08,0x62,0x08,0x62,0x08,0x62,0x08,0x62,0x08,
    0x82,0x10,0x45,0x21,0x66,0x29,0xC3,0x10,0x61,0x08,0x62,0x08,0x62,0x08,0x62,0x08,0x62,0x08,0x62,0x08,0x62,0x08,0x61,0x08,
    0x61,0x08,0x61,0x08,0x61,0x08,0x61,0x08,0x61,0x08,0x61,0x08,0x61,0x08,0x62,0x08,0x04,0x21,0x25,0x21,0xA2,0x10,0x41,0x08,
    0x61,0x08,0x61,0x08,0x61,0x08,0x61,0x08,0x61,0x08,0x41,0x08,0x41,0x08,0x41,0x08,0x41,0x08,0x41,0x08,0x41,0x08,0x41,0x08,
    0x41,0x08,0x41,0x08,0x61,0x08,0xE4,0x18,0xE4,0x18,0x82,0x08,0x41,0x08,0x41,0x08,0x41,0x08,0x41,0x08,0x41,0x08,0x41,0x08,
    0x41,0x08,0x41,0x08,0x41,0x08,0x41,0x08,0x41,0x08,0x41,0x08,0x41,0x08,0x41,0x08,0x41,0x08,0x41,0x08,0xA3,0x10,0xC3,0x10,
    0x61,0x08,0x20,0x00,0x21,0x00,0x21,0x00,0x21,0x00,0x21,0x00,0x21,0x00,0x21,0x00,0x21,0x00,0x20,0x00,0x20,0x00,0x20,0x00,
    0x20,0x00,0x20,0x00,0x20,0x00,0x20,0x00,0x20,0x00,0x61,0x08,0x82,0x10,0x61,0x08,0x20,0x00,0x20,0x00,0x20,0x00,0x20,0x00,
    0x20,0x00,0x20,0x00,0x20,0x00,0x20,0x00,0x20,0x00,0x20,0x00,0x20,0x00,0x20,0x00,0x61,0x08,0xA2,0x10,0x62,0x08,0x20,0x00,
    0x20,0x00,0x20,0x00,0x20,0x00,0x21,0x00,0x21,0x00,0x21,0x00,0x21,0x00,0x21,0x00,0x21,0x00,0x21,0x00,0x21,0x00,0x41,0x00,
    0x41,0x00,0x41,0x00,0x21,0x00,0x82,0x10,0xC3,0x18,0x82,0x10,0x21,0x00,0x41,0x08,0x41,0x08,0x41,0x08,0x41,0x08,0x41,0x08,
    0x41,0x08,0x41,0x08,0x41,0x08,0x41,0x08,0x41,0x08,0x41,0x08,0x41,0x08,0x41,0x08,0x41,0x08,0x41,0x08,0xC3,0x10,0x04,0x19,
    0xC3,0x10,0x41,0x08,0x41,0x08,0x41,0x08,0x41,0x08,0x41,0x08,0x41,0x08,0x61,0x08,0x61,0x08,0x61,0x08,0x61,0x08,0x61,0x08,
    0x61,0x08,0x61,0x08,0x61,0x08,0x61,0x08,0x41,0x08,0xA2,0x10,0x45,0x21,0x25,0x21,0x62,0x08,0x61,0x08,0x61,0x08,0x61,0x08,
    0x61,0x08,0x62,0x08,0x62,0x08,0x62,0x08,0x62,0x08,0x62,0x08,0x62,0x08,0x62,0x08,0x62,0x08,0x62,0x08,0x62,0x08,0x61,0x08,
    0xC3,0x10,0x66,0x29,0x45,0x21,0x82,0x10,0x62,0x08,0x62,0x08,0x62,0x08,0x62,0x08,0x62,0x08,0x62,0x08,0x62,0x08,0x62,0x08,
    0x62,0x08,0x62,0x08,0x62,0x08,0x62,0x08,0x62,0x08,0x62,0x08,0x61,0x08,0xC3,0x10,0x66,0x29,0x45,0x21,0x82,0x10,0x62,0x08,
    0x62,0x08,0x62,0x08,0x62,0x08,0x62,0x08,0x62,0x08,0x62,0x08,0x62,0x08,0x62,0x08,0x62,0x08,0x62,0x08,0x62,0x08,0x62,0x08,
    0x62,0x08,0x61,0x08,0xC3,0x10,0x66,0x29,0x45,0x21,0x82,0x10,0x62,0x08,0x62,0x08,0x62,0x08,0x62,0x08,0x62,0x08,0x62,0x08,
    0x62,0x08,0x62,0x08,0x62,0x08,0x62,0x08,0x62,0x08,0x62,0x08,0x62,0x08,0x62,0x08,0x61,0x08,0xC3,0x10,0x66,0x29,0x45,0x21,
    0x82,0x10,0x62,0x08,0x62,0x08,0x62,0x08,0x62,0x08,0x62,0x08,0x62,0x08,0x62,0x08,0x62,0x08,0x62,0x08,0x62,0x08,0x62,0x08,
    0x62,0x08,0x62,0x08,0x62,0x08,0x61,0x08,0xC3,0x10,0x66,0x29,0x45,0x21,0x82,0x10,0x62,0x08,0x62,0x08,0x62,0x08,0x62,0x08,
    0x62,0x08,0x62,0x08,0x62,0x08,0x62,0x08,0x62,0x08,0x62,0x08,0x62,0x08,0x62,0x08,0x62,0x08,0x62,0x08,0x61,0x08,0xC3,0x10,
    0x66,0x29,0x45,0x21,0x82,0x10,0x62,0x08,0x62,0x08,0x62,0x08,0x62,0x08,0x62,0x08,0x62,0x08,0x62,0x08,0x62,0x08,0x62,0x08,
    0x62,0x08,0x62,0x08,0x62,0x08,0x62,0x08,0x62,0x08,0x62,0x08,0x82,0x10,0x45,0x21,0x66,0x29,0xC3,0x10,0x61,0x08,0x62,0x08,
    0x62,0x08,0x62,0x08,0x62,0x08,0x62,0x08,0x62,0x08,0x62,0x08,0x62,0x08,0x62,0x08,0x62,0x08,0x62,0x08,0x62,0x08,0x62,0x08,
    0x62,0x08,0x82,0x10,0x45,0x21,0x66,0x29,0xC3,0x10,0x61,0x08,0x62,0x08,0x62,0x08,0x62,0x08,0x62,0x08,0x62,0x08,0x62,0x08,
    0x62,0x08,0x62,0x08,0x62,0x08,0x62,0x08,0x62,0x08,0x62,0x08,0x62,0x08,0x62,0x08,0x82,0x10,0x45,0x21,0x66,0x29,0xC3,0x10,
    0x61,0x08,0x62,0x08,0x62,0x08,0x62,0x08,0x62,0x08,0x62,0x08,0x62,0x08,0x61,0x08,0x61,0x08,0x61,0x08,0x61,0x08,0x61,0x08,
    0x61,0x08,0x61,0x08,0x61,0x08,0x62,0x08,0x04,0x21,0x25,0x21,0xA2,0x10,0x41,0x08,0x61,0x08,0x61,0x08,0x61,0x08,0x61,0x08,
    0x61,0x08,0x41,0x08,0x41,0x08,0x41,0x08,0x41,0x08,0x41,0x08,0x41,0x08,0x41,0x08,0x41,0x08,0x41,0x08,0x61,0x08,0xE4,0x18,
    0xE4,0x18,0x82,0x08,0x41,0x08,0x41,0x08,0x41,0x08,0x41,0x08,0x41,0x08,0x41,0x08,0x41,0x08,0x41,0x08,0x41,0x08,0x41,0x08,
    0x41,0x08,0x41,0x08,0x41,0x08,0x41,0x08,0x41,0x08,0x41,0x08,0xA3,0x10,0xC3,0x10,0x61,0x08,0x20,0x00,0x21,0x00,0x21,0x00,
    0x21,0x00,0x21,0x00,0x21,0x00,0x21,0x00,0x21,0x00,0x20,0x00,0x20,0x00,0x20,0x00,0x20,0x00,0x20,0x00,0x20,0x00,0x20,0x00,
    0x20,0x00,0x61,0x08,0x82,0x10,0x61,0x08,0x20,0x00,0x20,0x00,0x20,0x00,0x20,0x00,0x20,0x00,0x20,0x00,0x20,0x00,0x20,0x00,
    0x20,0x00,0x20,0x00,0x20,0x00,0x20,0x00,0x61,0x08,0xA2,0x10,0x62,0x08,0x20,0x00,0x20,0x00,0x20,0x00,0x20,0x00,0x21,0x00,
    0x21,0x00,0x21,0x00,0x21,0x00,0x21,0x00,0x21,0x00,0x21,0x00,0x21,0x00,0x41,0x00,0x41,0x00,0x41,0x00,0x21,0x00,0x82,0x10,
    0xC3,0x18,0x82,0x10,0x21,0x00,0x41,0x08,0x41,0x08,0x41,0x08,0x41,0x08,0x41,0x08,0x41,0x08,0x41,0x08,0x41,0x08,0x41,0x08,
    0x41,0x08,0x41,0x08,0x41,0x08,0x41,0x08,0x41,0x08,0x41,0x08,0xC3,0x10,0x04,0x19,0xC3,0x10,0x41,0x08,0x41,0x08,0x41,0x08,
    0x41,0x08,0x41,0x08,0x41,0x08,0x61,0x08,0x61,0x08,0x61,0x08,0x61,0x08,0x61,0x08,0x61,0x08,0x61,0x08,0x61,0x08,0x61,0x08,
    0x41,0x08,0xA2,0x10,0x45,0x21,0x25,0x21,0x62,0x08,0x61,0x08,0x61,0x08,0x61,0x08,0x61,0x08,0x62,0x08,0x62,0x08,0x62,0x08,
    0x62,0x08,0x62,0x08,0x62,0x08,0x62,0x08,0x62,0x08,0x62,0x08,0x62,0x08,0x61,0x08,0xC3,0x10,0x66,0x29,0x45,0x21,0x82,0x10,
    0x62,0x08,0x62,0x08,0x62,0x08,0x62,0x08,0x62,0x08,0x62,0x08,0x62,0x08,0x62,0x08,0x62,0x08,0x62,0x08,0x62,0x08,0x62,0x08,
    0x62,0x08,0x62,0x08,0x61,0x08,0xC3,0x10,0x66,0x29,0x45,0x21,0x82,0x10,0x62,0x08,0x62,0x08,0x62,0x08,0x62,0x08,0x62,0x08,
    0x62,0x08,0x62,0x08,0x62,0x08,0x62,0x08,0x62,0x08,0x62,0x08,0x62,0x08,0x62,0x08,0x62,0x08,0x61,0x08,0xC3,0x10,0x66,0x29,
    0x45,0x21,0x82,0x10,0x62,0x08,0x62,0x08,0x62,0x08,0x62,0x08,0x62,0x08,0x62,0x08,0x62,0x08,0x62,0x08,0x62,0x08,0x62,0x08,
    0x62,0x08,0x62,0x08,0x62,0x08,0x62,0x08,0x61,0x08,0xC3,0x10,0x66,0x29,0x45,0x21,0x82,0x10,0x62,0x08,0x62,0x08,0x62,0x08,
    0x62,0x08,0x62,0x08,0x62,0x08,0x62,0x08,0x62,0x08,0x62,0x08,0x62,0x08,0x62,0x08,0x62,0x08,0x62,0x08,0x62,0x08,0x61,0x08,
    0xC3,0x10,0x66,0x29,0x45,0x21,0x82,0x10,0x62,0x08,0x62,0x08,0x62,0x08,0x62,0x08,0x62,0x08,0x62,0x08,0x62,0x08,0x62,0x08,
    0x62,0x08,0x62,0x08,0x62,0x08,0x62,0x08,0x62,0x08,0x62,0x08,0x61,0x08,0xC3,0x10,0x66,0x29,0x45,0x21,0x82,0x10,0x62,0x08,
    0x62,0x08,0x62,0x08,0x62,0x08,0x62,0x08,0x62,0x08,0x62,0x08,0x62,0x08,0x62,0x08,0x62,0x08,0x62,0x08,0x62,0x08,0x62,0x08,
    0x62,0x08,0x62,0x08,0x82,0x10,0x45,0x21,0x66,0x29,0xC3,0x10,0x61,0x08,0x62,0x08,0x62,0x08,0x62,0x08,0x62,0x08,0x62,0x08,
    0x62,0x08,0x62,0x08,0x62,0x08,0x62,0x08,0x62,0x08,0x62,0x08,0x62,0x08,0x62,0x08,0x62,0x08,0x82,0x10,0x45,0x21,0x66,0x29,
    0xC3,0x10,0x61,0x08,0x62,0x08,0x62,0x08,0x62,0x08,0x62,0x08,0x62,0x08,0x62,0x08,0x62,0x08,0x62,0x08,0x62,0x08,0x62,0x08,
    0x62,0x08,0x62,0x08,0x62,0x08,0x62,0x08,0x82,0x10,0x45,0x21,0x66,0x29,0xC3,0x10,0x61,0x08,0x62,0x08,0x62,0x08,0x62,0x08,
    0x62,0x08,0x62,0x08,0x62,0x08,0x61,0x08,0x61,0x08,0x61,0x08,0x61,0x08,0x61,0x08,0x61,0x08,0x61,0x08,0x61,0x08,0x62,0x08,
    0x04,0x21,0x25,0x21,0xA2,0x10,0x41,0x08,0x61,0x08,0x61,0x08,0x61,0x08,0x61,0x08,0x61,0x08,0x41,0x08,0x41,0x08,0x41,0x08,
    0x41,0x08,0x41,0x08,0x41,0x08,0x41,0x08,0x41,0x08,0x41,0x08,0x61,0x08,0xE4,0x18,0xE4,0x18,0x82,0x08,0x41,0x08,0x41,0x08,
    0x41,0x08,0x41,0x08,0x41,0x08,0x41,0x08,0x41,0x08,0x41,0x08,0x41,0x08,0x41,0x08,0x41,0x08,0x41,0x08,0x41,0x08,0x41,0x08,
    0x41,0x08,0x41,0x08,0xA3,0x10,0xC3,0x10,0x61,0x08,0x20,0x00,0x21,0x00,0x21,0x00,0x21,0x00,0x21,0x00,0x21,0x00,0x21,0x00,
    0x21,0x00,0x20,0x00,0x20,0x00,0x20,0x00,0x20,0x00,0x20,0x00,0x20,0x00,0x20,0x00,0x20,0x00,0x61,0x08,0x82,0x10,0x61,0x08,
    0x20,0x00,0x20,0x00,0x20,0x00,0x20,0x00,0x20,0x00,0x20,0x00,0x20,0x00,0x20,0x00,0x20,0x00,0x20,0x00,0x20,0x00,0x20,0x00,
    0x61,0x08,0xA2,0x10,0x62,0x08,0x20,0x00,0x20,0x00,0x20,0x00,0x20,0x00,0x21,0x00,0x21,0x00,0x21,0x00,0x21,0x00,0x21,0x00,
    0x21,0x00,0x21,0x00,0x21,0x00,0x41,0x00,0x41,0x00,0x41,0x00,0x21,0x00,0x82,0x10,0xC3,0x18,0x82,0x10,0x21,0x00,0x41,0x08,
    0x41,0x08,0x41,0x08,0x41,0x08,0x41,0x08,0x41,0x08,0x41,0x08,0x41,0x08,0x41,0x08,0x41,0x08,0x41,0x08,0x41,0x08,0x41,0x08,
    0x41,0x08,0x41,0x08,0xC3,0x10,0x04,0x19,0xC3,0x10,0x41,0x08,0x41,0x08,0x41,0x08,0x41,0x08,0x41,0x08,0x41,0x08,0x61,0x08,
    0x61,0x08,0x61,0x08,0x61,0x08,0x61,0x08,0x61,0x08,0x61,0x08,0x61,0x08,0x61,0x08,0x41,0x08,0xA2,0x10,0x45,0x21,0x25,0x21,
    0x62,0x08,0x61,0x08,0x61,0x08,0x61,0x08,0x61,0x08,0x62,0x08,0x62,0x08,0x62,0x08,0x62,0x08,0x62,0x08,0x62,0x08,0x62,0x08,
    0x62,0x08,0x62,0x08,0x62,0x08,0x61,0x08,0xC3,0x10,0x66,0x29,0x45,0x21,0x82,0x10,0x62,0x08,0x62,0x08,0x62,0x08,0x62,0x08,
    0x62,0x08,0x62,0x08,0x62,0x08,0x62,0x08,0x62,0x08,0x62,0x08,0x62,0x08,0x62,0x08,0x62,0x08,0x62,0x08,0x61,0x08,0xC3,0x10,
    0x66,0x29,0x45,0x21,0x82,0x10,0x62,0x08,0x62,0x08,0x62,0x08,0x62,0x08,0x62,0x08,0x62,0x08,0x62,0x08,0x62,0x08,0x62,0x08,
    0x62,0x08,0x62,0x08,0x62,0x08,0x62,0x08,0x62,0x08,0x61,0x08,0xC3,0x10,0x66,0x29,0x45,0x21,0x82,0x10,0x62,0x08,0x62,0x08,
    0x62,0x08,0x62,0x08,0x62,0x08,0x62,0x08,0x62,0x08,0x62,0x08,0x62,0x08,0x62,0x08,0x62,0x08,0x62,0x08,0x62,0x08,0x62,0x08,
    0x61,0x08,0xC3,0x10,0x66,0x29,0x45,0x21,0x82,0x10,0x62,0x08,0x62,0x08,0x62,0x08,0x62,0x08,0x62,0x08,0x62,0x08,0x62,0x08,
    0x62,0x08,0x62,0x08,0x62,0x08,0x62,0x08,0x62,0x08,0x62,0x08,0x62,0x08,0x61,0x08,0xC3,0x10,0x66,0x29,0x45,0x21,0x82,0x10,
    0x62,0x08,0x62,0x08,0x62,0x08,0x62,0x08,0x62,0x08,0x62,0x08,0x62,0x08,0x62,0x08,0x62,0x08,0x62,0x08,0x62,0x08,0x62,0x08,
    0x62,0x08,0x62,0x08,0x61,0x08,0xC3,0x10,0x66,0x29,0x45,0x21,0x82,0x10,0x62,0x08,0x62,0x08,0x62,0x08,0x62,0x08,0x62,0x08,
    0x62,0x08,0x62,0x08,0x62,0x08,0x62,0x08,0x62,0x08,0x62,0x08,0x62,0x08,0x62,0x08,0x62,0x08,0x62,0x08,0x82,0x10,0x45,0x21,
    0x66,0x29,0xC3,0x10,0x61,0x08,0x62,0x08,0x62,0x08,0x62,0x08,0x62,0x08,0x62,0x08,0x62,0x08,0x62,0x08,0x62,0x08,0x62,0x08,
    0x62,0x08,0x62,0x08,0x62,0x08,0x62,0x08,0x62,0x08,0x82,0x10,0x45,0x21,0x66,0x29,0xC3,0x10,0x61,0x08,0x62,0x08,0x62,0x08,
    0x62,0x08,0x62,0x08,0x62,0x08,0x62,0x08,0x62,0x08,0x62,0x08,0x62,0x08,0x62,0x08,0x62,0x08,0x62,0x08,0x62,0x08,0x62,0x08,
    0x82,0x10,0x45,0x21,0x66,0x29,0xC3,0x10,0x61,0x08,0x62,0x08,0x62,0x08,0x62,0x08,0x62,0x08,0x62,0x08,0x62,0x08,0x61,0x08,
    0x61,0x08,0x61,0x08,0x61,0x08,0x61,0x08,0x61,0x08,0x61,0x08,0x61,0x08,0x62,0x08,0x04,0x21,0x25,0x21,0xA2,0x10,0x41,0x08,
    0x61,0x08,0x61,0x08,0x61,0x08,0x61,0x08,0x61,0x08,0x41,0x08,0x41,0x08,0x41,0x08,0x41,0x08,0x41,0x08,0x41,0x08,0x41,0x08,
    0x41,0x08,0x41,0x08,0x61,0x08,0xE4,0x18,0xE4,0x18,0x82,0x08,0x41,0x08,0x41,0x08,0x41,0x08,0x41,0x08,0x41,0x08,0x41,0x08,
    0x41,0x08,0x41,0x08,0x41,0x08,0x41,0x08,0x41,0x08,0x41,0x08,0x41,0x08,0x41,0x08,0x41,0x08,0x41,0x08,0xA3,0x10,0xC3,0x10,
    0x61,0x08,0x20,0x00,0x21,0x00,0x21,0x00,0x21,0x00,0x21,0x00,0x21,0x00,0x21,0x00,0x21,0x00,0x20,0x00,0x20,0x00,0x20,0x00,
    0x20,0x00,0x20,0x00,0x20,0x00,0x20,0x00,0x20,0x00,0x61,0x08,0x82,0x10,0x61,0x08,0x20,0x00,0x20,0x00,0x20,0x00,0x20,0x00,
    0x20,0x00,0x20,0x00,0x20,0x00,0x20,0x00,0x20,0x00,0x20,0x00,0x20,0x00,0x20,0x00,0x61,0x08,0xA2,0x10,0x62,0x08,0x20,0x00,
    0x20,0x00,0x20,0x00,0x20,0x00,0x21,0x00,0x21,0x00,0x21,0x00,0x21,0x00,0x21,0x00,0x21,0x00,0x21,0x00,0x21,0x00,0x41,0x00,
    0x41,0x00,0x41,0x00,0x21,0x00,0x82,0x10,0xC3,0x18,0x82,0x10,0x21,0x00,0x41,0x08,0x41,0x08,0x41,0x08,0x41,0x08,0x41,0x08,
    0x41,0x08,0x41,0x08,0x41,0x08,0x41,0x08,0x41,0x08,0x41,0x08,0x41,0x08,0x41,0x08,0x41,0x08,0x41,0x08,0xC3,0x10,0x04,0x19,
    0xC3,0x10,0x41,0x08,0x41,0x08,0x41,0x08,0x41,0x08,0x41,0x08,0x41,0x08,0x61,0x08,0x61,0x08,0x61,0x08,0x61,0x08,0x61,0x08,
    0x61,0x08,0x61,0x08,0x61,0x08,0x61,0x08,0x41,0x08,0xA2,0x10,0x45,0x21,0x25,0x21,0x62,0x08,0x61,0x08,0x61,0x08,0x61,0x08,
    0x61,0x08,0x62,0x08,0x62,0x08,0x62,0x08,0x62,0x08,0x62,0x08,0x62,0x08,0x62,0x08,0x62,0x08,0x62,0x08,0x62,0x08,0x61,0x08,
    0xC3,0x10,0x66,0x29,0x45,0x21,0x82,0x10,0x62,0x08,0x62,0x08,0x62,0x08,0x62,0x08,0x62,0x08,0x62,0x08,0x62,0x08,0x62,0x08,
    0x62,0x08,0x62,0x08,0x62,0x08,0x62,0x08,0x62,0x08,0x62,0x08,0x61,0x08,0xC3,0x10,0x66,0x29,0x45,0x21,0x82,0x10,0x62,0x08,
    0x62,0x08,0x62,0x08,0x62,0x08,0x62,0x08,0x62,0x08,0x62,0x08,0x62,0x08,0x62,0x08,0x62,0x08,0x62,0x08,0x62,0x08,0x62,0x08,
    0x62,0x08,0x61,0x08,0xC3,0x10,0x66,0x29,0x45,0x21,0x82,0x10,0x62,0x08,0x62,0x08,0x62,0x08,0x62,0x08,0x62,0x08,0x62,0x08,
    0x62,0x08,0x62,0x08,0x62,0x08,0x62,0x08,0x62,0x08,0x62,0x08,0x62,0x08,0x62,0x08,0x61,0x08,0xC3,0x10,0x66,0x29,0x45,0x21,
    0x82,0x10,0x62,0x08,0x62,0x08,0x62,0x08,0x62,0x08,0x62,0x08,0x62,0x08,0x62,0x08,0x62,0x08,0x62,0x08,0x62,0x08,0x62,0x08,
    0x62,0x08,0x62,0x08,0x62,0x08,0x61,0x08,0xC3,0x10,0x66,0x29,0x45,0x21,0x82,0x10,0x62,0x08,0x62,0x08,0x62,0x08,0x62,0x08,
    0x62,0x08,0x62,0x08,0x62,0x08,0x62,0x08,0x62,0x08,0x62,0x08,0x62,0x08,0x62,0x08,0x62,0x08,0x62,0x08,0x61,0x08,0xC3,0x10,
    0x66,0x29,0x45,0x21,0x82,0x10,0x62,0x08,0x62,0x08,0x62,0x08,0x62,0x08,0x62,0x08,0x62,0x08,0x62,0x08,0x62,0x08,0x62,0x08,
    0x62,0x08,0x62,0x08,0x62,0x08,0x62,0x08,0x62,0x08,0x62,0x08,0x82,0x10,0x45,0x21,0x66,0x29,0xC3,0x10,0x61,0x08,0x62,0x08,
    0x62,0x08,0x62,0x08,0x62,0x08,0x62,0x08,0x62,0x08,0x62,0x08,0x62,0x08,0x62,0x08,0x62,0x08,0x62,0x08,0x62,0x08,0x62,0x08,
    0x62,0x08,0x82,0x10,0x45,0x21,0x66,0x29,0xC3,0x10,0x61,0x08,0x62,0x08,0x62,0x08,0x62,0x08,0x62,0x08,0x62,0x08,0x62,0x08,
    0x62,0x08,0x62,0x08,0x62,0x08,0x62,0x08,0x62,0x08,0x62,0x08,0x62,0x08,0x62,0x08,0x82,0x10,0x45,0x21,0x66,0x29,0xC3,0x10,
    0x61,0x08,0x62,0x08,0x62,0x08,0x62,0x08,0x62,0x08,0x62,0x08,0x62,0x08,0x61,0x08,0x61,0x08,0x61,0x08,0x61,0x08,0x61,0x08,
    0x61,0x08,0x61,0x08,0x61,0x08,0x62,0x08,0x04,0x21,0x25,0x21,0xA2,0x10,0x41,0x08,0x61,0x08,0x61,0x08,0x61,0x08,0x61,0x08,
    0x61,0x08,0x41,0x08,0x41,0x08,0x41,0x08,0x41,0x08,0x41,0x08,0x41,0x08,0x41,0x08,0x41,0x08,0x41,0x08,0x61,0x08,0xE4,0x18,
    0xE4,0x18,0x82,0x08,0x41,0x08,0x41,0x08,0x41,0x08,0x41,0x08,0x41,0x08,0x41,0x08,0x41,0x08,0x41,0x08,0x41,0x08,0x41,0x08,
    0x41,0x08,0x41,0x08,0x41,0x08,0x41,0x08,0x41,0x08,0x41,0x08,0xA3,0x10,0xC3,0x10,0x61,0x08,0x20,0x00,0x21,0x00,0x21,0x00,
    0x21,0x00,0x21,0x00,0x21,0x00,0x21,0x00,0x21,0x00,0x20,0x00,0x20,0x00,0x20,0x00,0x20,0x00,0x20,0x00,0x20,0x00,0x20,0x00,
    0x20,0x00,0x61,0x08,0x82,0x10,0x61,0x08,0x20,0x00,0x20,0x00,0x20,0x00,0x20,0x00,0x20,0x00,0x20,0x00,0x20,0x00,0x20,0x00,
    0x20,0x00,0x20,0x00,0x20,0x00,0x20,0x00,0x61,0x08,0xA2,0x10,0x62,0x08,0x20,0x00,0x20,0x00,0x20,0x00,0x20,0x00,0x21,0x00,
    0x21,0x00,0x21,0x00,0x21,0x00,0x21,0x00,0x21,0x00,0x21,0x00,0x21,0x00,0x41,0x00,0x41,0x00,0x41,0x00,0x21,0x00,0x82,0x10,
    0xC3,0x18,0x82,0x10,0x21,0x00,0x41,0x08,0x41,0x08,0x41,0x08,0x41,0x08,0x41,0x08,0x41,0x08,0x41,0x08,0x41,0x08,0x41,0x08,
    0x41,0x08,0x41,0x08,0x41,0x08,0x41,0x08,0x41,0x08,0x41,0x08,0xC3,0x10,0x04,0x19,0xC3,0x10,0x41,0x08,0x41,0x08,0x41,0x08,
    0x41,0x08,0x41,0x08,0x41,0x08,0x61,0x08,0x61,0x08,0x61,0x08,0x61,0x08,0x61,0x08,0x61,0x08,0x61,0x08,0x61,0x08,0x61,0x08,
    0x41,0x08,0xA2,0x10,0x45,0x21,0x25,0x21,0x62,0x08,0x61,0x08,0x61,0x08,0x61,0x08,0x61,0x08,0x62,0x08,0x62,0x08,0x62,0x08,
    0x62,0x08,0x62,0x08,0x62,0x08,0x62,0x08,0x62,0x08,0x62,0x08,0x62,0x08,0x61,0x08,0xC3,0x10,0x66,0x29,0x45,0x21,0x82,0x10,
    0x62,0x08,0x62,0x08,0x62,0x08,0x62,0x08,0x62,0x08,0x62,0x08,0x62,0x08,0x62,0x08,0x62,0x08,0x62,0x08,0x62,0x08,0x62,0x08,
    0x62,0x08,0x62,0x08,0x61,0x08,0xC3,0x10,0x66,0x29,0x45,0x21,0x82,0x10,0x62,0x08,0x62,0x08,0x62,0x08,0x62,0x08,0x62,0x08,
    0x62,0x08,0x62,0x08,0x62,0x08,0x62,0x08,0x62,0x08,0x62,0x08,0x62,0x08,0x62,0x08,0x62,0x08,0x61,0x08,0xC3,0x10,0x66,0x29,
    0x45,0x21,0x82,0x10,0x62,0x08,0x62,0x08,0x62,0x08,0x62,0x08,0x62,0x08,0x62,0x08,0x62,0x08,0x62,0x08,0x62,0x08,0x62,0x08,
    0x62,0x08,0x62,0x08,0x62,0x08,0x62,0x08,0x61,0x08,0xC3,0x10,0x66,0x29,0x45,0x21,0x82,0x10,0x62,0x08,0x62,0x08,0x62,0x08,
    0x62,0x08,0x62,0x08,0x62,0x08,0x62,0x08,0x62,0x08,0x62,0x08,0x62,0x08,0x62,0x08,0x62,0x08,0x62,0x08,0x62,0x08,0x61,0x08,
    0xC3,0x10,0x66,0x29,0x45,0x21,0x82,0x10,0x62,0x08,0x62,0x08,0x62,0x08,0x62,0x08,0x62,0x08,0x62,0x08,0x62,0x08,0x62,0x08,
    0x62,0x08,0x62,0x08,0x62,0x08,0x62,0x08,0x62,0x08,0x62,0x08,0x61,0x08,0xC3,0x10,0x66,0x29,0x45,0x21,0x82,0x10,0x62,0x08,
    0x62,0x08,0x62,0x08,0x62,0x08,0x62,0x08,0x62,0x08,0x62,0x08,0x62,0x08,0x62,0x08,0x62,0x08,0x62,0x08,0x62,0x08,0x62,0x08,
    0x62,0x08,0x62,0x08,0x82,0x10,0x45,0x21,0x66,0x29,0xC3,0x10,0x61,0x08,0x62,0x08,0x62,0x08,0x62,0x08,0x62,0x08,0x62,0x08,
    0x62,0x08,0x62,0x08,0x62,0x08,0x62,0x08,0x62,0x08,0x62,0x08,0x62,0x08,0x62,0x08,0x62,0x08,0x82,0x10,0x45,0x21,0x66,0x29,
    0xC3,0x10,0x61,0x08,0x62,0x08,0x62,0x08,0x62,0x08,0x62,0x08,0x62,0x08,0x62,0x08,0x62,0x08,0x62,0x08,0x62,0x08,0x62,0x08,
    0x62,0x08,0x62,0x08,0x62,0x08,0x62,0x08,0x82,0x10,0x45,0x21,0x66,0x29,0xC3,0x10,0x61,0x08,0x62,0x08,0x62,0x08,0x62,0x08,
    0x62,0x08,0x62,0x08,0x62,0x08,0x61,0x08,0x61,0x08,0x61,0x08,0x61,0x08,0x61,0x08,0x61,0x08,0x61,0x08,0x61,0x08,0x62,0x08,
    0x04,0x21,0x25,0x21,0xA2,0x10,0x41,0x08,0x61,0x08,0x61,0x08,0x61,0x08,0x61,0x08,0x61,0x08,0x41,0x08,0x41,0x08,0x41,0x08,
    0x41,0x08,0x41,0x08,0x41,0x08,0x41,0x08,0x41,0x08,0x41,0x08,0x61,0x08,0xE4,0x18,0xE4,0x18,0x82,0x08,0x41,0x08,0x41,0x08,
    0x41,0x08,0x41,0x08,0x41,0x08,0x41,0x08,0x41,0x08,0x41,0x08,0x41,0x08,0x41,0x08,0x41,0x08,0x41,0x08,0x41,0x08,0x41,0x08,
    0x41,0x08,0x41,0x08,0xA3,0x10,0xC3,0x10,0x61,0x08,0x20,0x00,0x21,0x00,0x21,0x00,0x21,0x00,0x21,0x00,0x21,0x00,0x21,0x00,
    0x21,0x00,0x20,0x00,0x20,0x00,0x20,0x00,0x20,0x00,0x20,0x00,0x20,0x00,0x20,0x00,0x20,0x00,0x61,0x08,0x82,0x10,0x61,0x08,
    0x20,0x00,0x20,0x00,0x20,0x00,0x20,0x00,0x20,0x00,0x20,0x00,0x20,0x00,0x20,0x00,0x20,0x00,0x20,0x00,0x20,0x00,0x20,0x00,
    0x61,0x08,0xA2,0x10,0x62,0x08,0x20,0x00,0x20,0x00,0x20,0x00,0x20,0x00,0x21,0x00,0x21,0x00,0x21,0x00,0x21,0x00,0x21,0x00,
    0x21,0x00,0x21,0x00,0x21,0x00,0x41,0x00,0x41,0x00,0x41,0x00,0x21,0x00,0x82,0x10,0xC3,0x18,0x82,0x10,0x21,0x00,0x41,0x08,
    0x41,0x08,0x41,0x08,0x41,0x08,0x41,0x08,0x41,0x08,0x41,0x08,0x41,0x08,0x41,0x08,0x41,0x08,0x41,0x08,0x41,0x08,0x41,0x08,
    0x41,0x08,0x41,0x08,0xC3,0x10,0x04,0x19,0xC3,0x10,0x41,0x08,0x41,0x08,0x41,0x08,0x41,0x08,0x41,0x08,0x41,0x08,0x61,0x08,
    0x61,0x08,0x61,0x08,0x61,0x08,0x61,0x08,0x61,0x08,0x61,0x08,0x61,0x08,0x61,0x08,0x41,0x08,0xA2,0x10,0x45,0x21,0x25,0x21,
    0x62,0x08,0x61,0x08,0x61,0x08,0x61,0x08,0x61,0x08,0x62,0x08,0x62,0x08,0x62,0x08,0x62,0x08,0x62,0x08,0x62,0x08,0x62,0x08,
    0x62,0x08,0x62,0x08,0x62,0x08,0x61,0x08,0xC3,0x10,0x66,0x29,0x45,0x21,0x82,0x10,0x62,0x08,0x62,0x08,0x62,0x08,0x62,0x08,
    0x62,0x08,0x62,0x08,0x62,0x08,0x62,0x08,0x62,0x08,0x62,0x08,0x62,0x08,0x62,0x08,0x62,0x08,0x62,0x08,0x61,0x08,0xC3,0x10,
    0x66,0x29,0x45,0x21,0x82,0x10,0x62,0x08,0x62,0x08,0x62,0x08,0x62,0x08,0x62,0x08,0x62,0x08,0x62,0x08,0x62,0x08,0x62,0x08,
    0x62,0x08,0x62,0x08,0x62,0x08,0x62,0x08,0x62,0x08,0x61,0x08,0xC3,0x10,0x66,0x29,0x45,0x21,0x82,0x10,0x62,0x08,0x62,0x08,
    0x62,0x08,0x62,0x08,0x62,0x08,0x62,0x08,0x62,0x08,0x62,0x08,0x62,0x08,0x62,0x08,0x62,0x08,0x62,0x08,0x62,0x08,0x62,0x08,
    0x61,0x08,0xC3,0x10,0x66,0x29,0x45,0x21,0x82,0x10,0x62,0x08,0x62,0x08,0x62,0x08,0x62,0x08,0x62,0x08,0x62,0x08,0x62,0x08,
    0x62,0x08,0x62,0x08,0x62,0x08,0x62,0x08,0x62,0x08,0x62,0x08,0x62,0x08,0x61,0x08,0xC3,0x10,0x66,0x29,0x45,0x21,0x82,0x10,
    0x62,0x08,0x62,0x08,0x62,0x08,0x62,0x08,0x62,0x08,0x62,0x08,0x62,0x08,0x62,0x08,0x62,0x08,0x62,0x08,0x62,0x08,0x62,0x08,
    0x62,0x08,0x62,0x08,0x61,0x08,0xC3,0x10,0x66,0x29,0x45,0x21,0x82,0x10,0x62,0x08,0x62,0x08,0x62,0x08,0x62,0x08,0x62,0x08,
    0x62,0x08,0x62,0x08,0x62,0x08,0x62,0x08,0x62,0x08,0x62,0x08,0x62,0x08,0x62,0x08,0x62,0x08,0x62,0x08,0x82,0x10,0x45,0x21,
    0x66,0x29,0xC3,0x10,0x61,0x08,0x62,0x08,0x62,0x08,0x62,0x08,0x62,0x08,0x62,0x08,0x62,0x08,0x62,0x08,0x62,0x08,0x62,0x08,
    0x62,0x08,0x62,0x08,0x62,0x08,0x62,0x08,0x62,0x08,0x82,0x10,0x45,0x21,0x66,0x29,0xC3,0x10,0x61,0x08,0x62,0x08,0x62,0x08,
    0x62,0x08,0x62,0x08,0x62,0x08,0x62,0x08,0x62,0x08,0x62,0x08,0x62,0x08,0x62,0x08,0x62,0x08,0x62,0x08,0x62,0x08,0x62,0x08,
    0x82,0x10,0x45,0x21,0x66,0x29,0xC3,0x10,0x61,0x08,0x62,0x08,0x62,0x08,0x62,0x08,0x62,0x08,0x62,0x08,0x62,0x08,0x61,0x08,
    0x61,0x08,0x61,0x08,0x61,0x08,0x61,0x08,0x61,0x08,0x61,0x08,0x61,0x08,0x62,0x08,0x04,0x21,0x25,0x21,0xA2,0x10,0x41,0x08,
    0x61,0x08,0x61,0x08,0x61,0x08,0x61,0x08,0x61,0x08,0x41,0x08,0x41,0x08,0x41,0x08,0x41,0x08,0x41,0x08,0x41,0x08,0x41,0x08,
    0x41,0x08,0x41,0x08,0x61,0x08,0xE4,0x18,0xE4,0x18,0x82,0x08,0x41,0x08,0x41,0x08,0x41,0x08,0x41,0x08,0x41,0x08,0x41,0x08,
    0x41,0x08,0x41,0x08,0x41,0x08,0x41,0x08,0x41,0x08,0x41,0x08,0x41,0x08,0x41,0x08,0x41,0x08,0x41,0x08,0xA3,0x10,0xC3,0x10,
    0x61,0x08,0x20,0x00,0x21,0x00,0x21,0x00,0x21,0x00,0x21,0x00,0x21,0x00,0x21,0x00,0x21,0x00,0x20,0x00,0x20,0x00,0x20,0x00,
    0x20,0x00,0x20,0x00,0x20,0x00,0x20,0x00,0x20,0x00,0x61,0x08,0x82,0x10,0x61,0x08,0x20,0x00,0x20,0x00,0x20,0x00,0x20,0x00,
    0x20,0x00,0x20,0x00,0x20,0x00,0x20,0x00,0x20,0x00,0x20,0x00,0x20,0x00,0x20,0x00,0x61,0x08,0xA2,0x10,0x61,0x08,0x20,0x00,
    0x20,0x00,0x20,0x00,0x20,0x00,0x21,0x00,0x21,0x00,0x21,0x00,0x21,0x00,0x21,0x00,0x21,0x00,0x21,0x00,0x21,0x00,0x41,0x00,
    0x41,0x00,0x41,0x00,0x21,0x00,0x82,0x10,0xC3,0x18,0x82,0x10,0x21,0x00,0x41,0x08,0x41,0x08,0x41,0x08,0x41,0x08,0x41,0x08,
    0x41,0x08,0x41,0x08,0x41,0x08,0x41,0x08,0x41,0x08,0x41,0x08,0x41,0x08,0x41,0x08,0x41,0x08,0x41,0x08,0xA3,0x10,0x04,0x19,
    0xA3,0x10,0x41,0x08,0x41,0x08,0x41,0x08,0x41,0x08,0x41,0x08,0x41,0x08,0x61,0x08,0x61,0x08,0x61,0x08,0x61,0x08,0x61,0x08,
    0x61,0x08,0x61,0x08,0x61,0x08,0x61,0x08,0x41,0x08,0xA2,0x10,0x45,0x21,0x25,0x21,0x62,0x08,0x62,0x08,0x61,0x08,0x61,0x08,
    0x61,0x08,0x62,0x08,0x62,0x08,0x62,0x08,0x62,0x08,0x62,0x08,0x62,0x08,0x62,0x08,0x62,0x08,0x62,0x08,0x62,0x08,0x61,0x08,
    0xA3,0x10,0x66,0x29,0x45,0x21,0x82,0x10,0x82,0x08,0x62,0x08,0x62,0x08,0x62,0x08,0x62,0x08,0x62,0x08,0x62,0x08,0x62,0x08,
    0x62,0x08,0x62,0x08,0x62,0x08,0x62,0x08,0x62,0x08,0x62,0x08,0x61,0x08,0xA3,0x10,0x66,0x29,0x45,0x21,0x82,0x10,0x82,0x08,
    0x62,0x08,0x62,0x08,0x62,0x08,0x62,0x08,0x62,0x08,0x62,0x08,0x62,0x08,0x62,0x08,0x62,0x08,0x62,0x08,0x62,0x08,0x62,0x08,
    0x62,0x08,0x61,0x08,0xA3,0x10,0x66,0x29,0x45,0x21,0x82,0x10,0x82,0x08,0x62,0x08,0x62,0x08,0x62,0x08,0x62,0x08,0x62,0x08,
    0x62,0x08,0x62,0x08,0x62,0x08,0x62,0x08,0x62,0x08,0x62,0x08,0x62,0x08,0x62,0x08,0x61,0x08,0xA3,0x10,0x66,0x29,0x45,0x21,
    0x82,0x10,0x82,0x08,0x62,0x08,0x62,0x08,0x62,0x08,0x62,0x08,0x62,0x08,0x62,0x08,0x62,0x08,0x62,0x08,0x62,0x08,0x62,0x08,
    0x62,0x08,0x62,0x08,0x62,0x08,0x61,0x08,0xA3,0x10,0x66,0x29,0x45,0x21,0x82,0x10,0x82,0x08,0x62,0x08,0x62,0x08,0x62,0x08,
    0x62,0x08,0x62,0x08,0x62,0x08,0x62,0x08,0x62,0x08,0x62,0x08,0x62,0x08,0x62,0x08,0x62,0x08,0x62,0x08,0x61,0x08,0xA3,0x10,
    0x66,0x29,0x45,0x21,0x82,0x10,0x82,0x08,0x62,0x08,0x62,0x08,0x62,0x08,0x62,0x08,0x62,0x08,0x62,0x08,0x62,0x08,0x62,0x08,
    0x62,0x08,0x62,0x08,0x62,0x08,0x62,0x08,0x62,0x08,0x82,0x08,0x82,0x10,0x45,0x21,0x66,0x29,0xA3,0x10,0x61,0x08,0x62,0x08,
    0x62,0x08,0x62,0x08,0x62,0x08,0x62,0x08,0x62,0x08,0x62,0x08,0x62,0x08,0x62,0x08,0x62,0x08,0x62,0x08,0x62,0x08,0x62,0x08,
    0x82,0x08,0x82,0x10,0x45,0x21,0x66,0x29,0xA3,0x10,0x61,0x08,0x62,0x08,0x62,0x08,0x62,0x08,0x62,0x08,0x62,0x08,0x62,0x08,
    0x62,0x08,0x62,0x08,0x62,0x08,0x62,0x08,0x62,0x08,0x62,0x08,0x62,0x08,0x82,0x08,0x82,0x10,0x45,0x21,0x66,0x29,0xA3,0x10,
    0x61,0x08,0x62,0x08,0x62,0x08,0x62,0x08,0x62,0x08,0x62,0x08,0x62,0x08,0x61,0x08,0x61,0x08,0x61,0x08,0x61,0x08,0x61,0x08,
    0x61,0x08,0x61,0x08,0x61,0x08,0x61,0x08,0x04,0x21,0x25,0x21,0x82,0x10,0x41,0x08,0x61,0x08,0x61,0x08,0x61,0x08,0x61,0x08,
    0x61,0x08,0x41,0x08,0x41,0x08,0x41,0x08,0x41,0x08,0x41,0x08,0x41,0x08,0x41,0x08,0x41,0x08,0x41,0x08,0x61,0x08,0xE4,0x18,
    0xE4,0x18,0x62,0x08,0x41,0x08,0x41,0x08,0x41,0x08,0x41,0x08,0x41,0x08,0x41,0x08,0x41,0x08,0x41,0x08,0x41,0x08,0x41,0x08,
    0x41,0x08,0x41,0x08,0x41,0x08,0x41,0x08,0x41,0x08,0x41,0x08,0xA3,0x10,0xC3,0x10,0x61,0x08,0x20,0x00,0x21,0x00,0x21,0x00,
    0x21,0x00,0x21,0x00,0x21,0x00,0x21,0x00,0x21,0x00,0x20,0x00,0x20,0x00,0x20,0x00,0x20,0x00,0x20,0x00,0x20,0x00,0x20,0x00,
    0x20,0x00,0x61,0x08,0x82,0x10,0x61,0x08,0x20,0x00,0x20,0x00,0x20,0x00,0x20,0x00,0x20,0x00,0x20,0x00,0x20,0x00,0x20,0x00,
    0x20,0x00,0x20,0x00,0x20,0x00,0x20,0x00,0x62,0x08,0x82,0x10,0x62,0x08,0x20,0x00,0x20,0x00,0x20,0x00,0x20,0x00,0x21,0x00,
    0x21,0x00,0x21,0x00,0x21,0x00,0x21,0x00,0x21,0x00,0x21,0x00,0x21,0x00,0x41,0x00,0x41,0x00,0x21,0x00,0x21,0x00,0xA2,0x10,
    0xC3,0x18,0xA2,0x10,0x21,0x00,0x21,0x00,0x41,0x08,0x41,0x08,0x41,0x08,0x41,0x08,0x41,0x08,0x41,0x08,0x41,0x08,0x41,0x08,
    0x41,0x08,0x41,0x08,0x41,0x08,0x41,0x08,0x41,0x08,0x41,0x08,0xC3,0x18,0x04,0x19,0xC3,0x18,0x41,0x08,0x41,0x08,0x41,0x08,
    0x41,0x08,0x41,0x08,0x41,0x08,0x61,0x08,0x61,0x08,0x61,0x08,0x61,0x08,0x61,0x08,0x61,0x08,0x61,0x08,0x61,0x08,0x61,0x08,
    0x41,0x08,0xC3,0x10,0x45,0x21,0x25,0x21,0x82,0x10,0x41,0x08,0x61,0x08,0x61,0x08,0x61,0x08,0x62,0x08,0x62,0x08,0x62,0x08,
    0x62,0x08,0x62,0x08,0x62,0x08,0x62,0x08,0x62,0x08,0x62,0x08,0x62,0x08,0x41,0x08,0xE3,0x18,0x66,0x29,0x45,0x21,0x82,0x10,
    0x61,0x08,0x62,0x08,0x62,0x08,0x62,0x08,0x62,0x08,0x62,0x08,0x62,0x08,0x62,0x08,0x62,0x08,0x62,0x08,0x62,0x08,0x62,0x08,
    0x62,0x08,0x62,0x08,0x41,0x08,0xE3,0x18,0x66,0x29,0x45,0x21,0x82,0x10,0x61,0x08,0x62,0x08,0x62,0x08,0x62,0x08,0x62,0x08,
    0x62,0x08,0x62,0x08,0x62,0x08,0x62,0x08,0x62,0x08,0x62,0x08,0x62,0x08,0x62,0x08,0x62,0x08,0x41,0x08,0xE3,0x18,0x66,0x29,
    0x45,0x21,0x82,0x10,0x61,0x08,0x62,0x08,0x62,0x08,0x62,0x08,0x62,0x08,0x62,0x08,0x62,0x08,0x62,0x08,0x62,0x08,0x62,0x08,
    0x62,0x08,0x62,0x08,0x82,0x08,0x62,0x08,0x41,0x08,0xE3,0x18,0x66,0x29,0x45,0x21,0x82,0x10,0x61,0x08,0x62,0x08,0x62,0x08,
    0x62,0x08,0x62,0x08,0x62,0x08,0x62,0x08,0x62,0x08,0x62,0x08,0x62,0x08,0x62,0x08,0x62,0x08,0x82,0x08,0x62,0x08,0x41,0x08,
    0xE3,0x18,0x66,0x29,0x45,0x21,0x82,0x10,0x61,0x08,0x62,0x08,0x62,0x08,0x62,0x08,0x62,0x08,0x62,0x08,0x62,0x08,0x62,0x08,
    0x62,0x08,0x62,0x08,0x62,0x08,0x62,0x08,0x82,0x08,0x62,0x08,0x41,0x08,0xE3,0x18,0x66,0x29,0x45,0x21,0x82,0x10,0x61,0x08,
    0x62,0x08,0x62,0x08,0x62,0x08,0x62,0x08,0x62,0x08,0x62,0x08,0x62,0x08,0x62,0x08,0x62,0x08,0x62,0x08,0x62,0x08,0x62,0x08,
    0x62,0x08,0x61,0x08,0x82,0x10,0x45,0x21,0x66,0x29,0xE3,0x18,0x41,0x08,0x62,0x08,0x82,0x08,0x62,0x08,0x62,0x08,0x62,0x08,
    0x62,0x08,0x62,0x08,0x62,0x08,0x62,0x08,0x62,0x08,0x62,0x08,0x62,0x08,0x62,0x08,0x61,0x08,0x82,0x10,0x45,0x21,0x66,0x29,
    0xE3,0x18,0x41,0x08,0x62,0x08,0x82,0x08,0x62,0x08,0x62,0x08,0x62,0x08,0x62,0x08,0x62,0x08,0x62,0x08,0x62,0x08,0x62,0x08,
    0x62,0x08,0x62,0x08,0x62,0x08,0x61,0x08,0x82,0x10,0x45,0x21,0x66,0x29,0xE3,0x18,0x41,0x08,0x61,0x08,0x62,0x08,0x62,0x08,
    0x62,0x08,0x62,0x08,0x62,0x08,0x61,0x08,0x61,0x08,0x61,0x08,0x61,0x08,0x61,0x08,0x61,0x08,0x61,0x08,0x41,0x08,0x82,0x08,
    0x24,0x21,0x25,0x21,0xA3,0x10,0x41,0x08,0x41,0x08,0x61,0x08,0x61,0x08,0x61,0x08,0x61,0x08,0x41,0x08,0x41,0x08,0x41,0x08,
    0x41,0x08,0x41,0x08,0x41,0x08,0x41,0x08,0x41,0x08,0x41,0x08,0x61,0x08,0xE4,0x18,0xE4,0x18,0x82,0x10,0x21,0x00,0x41,0x08,
    0x41,0x08,0x41,0x08,0x41,0x08,0x41,0x08,0x41,0x08,0x41,0x08,0x41,0x08,0x41,0x08,0x41,0x08,0x41,0x08,0x41,0x08,0x41,0x08,
    0x21,0x00,0x41,0x08,0xA3,0x10,0xC3,0x10,0x62,0x08,0x20,0x00,0x21,0x00,0x21,0x00,0x21,0x00,0x21,0x00,0x21,0x00,0x21,0x00,
    0x21,0x00,0x20,0x00,0x20,0x00,0x20,0x00,0x20,0x00,0x20,0x00,0x20,0x00,0x20,0x00,0x20,0x00,0x62,0x08,0x82,0x10,0x61,0x08,
    0x20,0x00,0x20,0x00,0x20,0x00,0x20,0x00,0x20,0x00,0x20,0x00,0x20,0x00,0x20,0x00,0x20,0x00,0x20,0x00,0x41,0x08,0x62,0x08,
    0x82,0x10,0x82,0x10,0x82,0x10,0x62,0x08,0x41,0x08,0x20,0x00,0x20,0x00,0x21,0x00,0x21,0x00,0x21,0x00,0x21,0x00,0x21,0x00,
    0x21,0x00,0x21,0x00,0x21,0x00,0x21,0x00,0x21,0x00,0x61,0x08,0xA2,0x10,0xC3,0x10,0xC3,0x10,0xC3,0x18,0xA2,0x10,0x61,0x08,
    0x41,0x00,0x41,0x08,0x41,0x08,0x41,0x08,0x41,0x08,0x41,0x08,0x41,0x08,0x41,0x08,0x41,0x08,0x41,0x08,0x41,0x08,0x41,0x08,
    0x62,0x08,0xC3,0x18,0x04,0x19,0xE4,0x18,0x04,0x19,0xC3,0x18,0x82,0x08,0x41,0x08,0x41,0x08,0x41,0x08,0x41,0x08,0x61,0x08,
    0x61,0x08,0x61,0x08,0x61,0x08,0x61,0x08,0x61,0x08,0x61,0x08,0x41,0x08,0x62,0x08,0xC3,0x18,0x25,0x21,0x25,0x21,0x25,0x21,
    0x24,0x21,0xA3,0x10,0x61,0x08,0x61,0x08,0x61,0x08,0x62,0x08,0x62,0x08,0x62,0x08,0x62,0x08,0x62,0x08,0x62,0x08,0x62,0x08,
    0x62,0x08,0x61,0x08,0x82,0x10,0x04,0x19,0x45,0x29,0x45,0x29,0x46,0x29,0x45,0x21,0xC3,0x18,0x62,0x08,0x61,0x08,0x62,0x08,
    0x62,0x08,0x62,0x08,0x62,0x08,0x62,0x08,0x62,0x08,0x62,0x08,0x62,0x08,0x62,0x08,0x61,0x08,0x82,0x10,0x04,0x19,0x45,0x29,
    0x45,0x29,0x46,0x29,0x45,0x21,0xC3,0x18,0x62,0x08,0x61,0x08,0x62,0x08,0x62,0x08,0x62,0x08,0x62,0x08,0x62,0x08,0x62,0x08,
    0x62,0x08,0x62,0x08,0x62,0x08,0x61,0x08,0x82,0x10,0x04,0x19,0x45,0x29,0x45,0x29,0x66,0x29,0x45,0x21,0xC3,0x18,0x62,0x08,
    0x61,0x08,0x62,0x08,0x62,0x08,0x62,0x08,0x62,0x08,0x62,0x08,0x62,0x08,0x62,0x08,0x62,0x08,0x62,0x08,0x61,0x08,0x82,0x10,
    0x04,0x19,0x45,0x29,0x45,0x29,0x66,0x29,0x45,0x21,0xC3,0x18,0x62,0x08,0x61,0x08,0x62,0x08,0x62,0x08,0x62,0x08,0x62,0x08,
    0x62,0x08,0x62,0x08,0x62,0x08,0x62,0x08,0x62,0x08,0x61,0x08,0x82,0x10,0x04,0x19,0x45,0x29,0x45,0x29,0x66,0x29,0x45,0x21,
    0xC3,0x18,0x62,0x08,0x61,0x08,0x62,0x08,0x62,0x08,0x62,0x08,0x62,0x08,0x62,0x08,0x62,0x08,0x62,0x08,0x62,0x08,0x62,0x08,
    0x61,0x08,0x82,0x10,0x04,0x19,0x45,0x29,0x45,0x29,0x66,0x29,0x45,0x21,0xC3,0x18,0x62,0x08,0x61,0x08,0x62,0x08,0x62,0x08,
    0x62,0x08,0x62,0x08,0x62,0x08,0x62,0x08,0x62,0x08,0x62,0x08,0x62,0x08,0x61,0x08,0x62,0x08,0xC3,0x18,0x45,0x21,0x66,0x29,
    0x45,0x29,0x45,0x29,0x04,0x19,0x82,0x10,0x61,0x08,0x62,0x08,0x62,0x08,0x62,0x08,0x62,0x08,0x62,0x08,0x62,0x08,0x62,0x08,
    0x62,0x08,0x62,0x08,0x61,0x08,0x62,0x08,0xC3,0x18,0x45,0x21,0x66,0x29,0x45,0x29,0x45,0x29,0x04,0x19,0x82,0x10,0x61,0x08,
    0x62,0x08,0x62,0x08,0x62,0x08,0x62,0x08,0x62,0x08,0x62,0x08,0x62,0x08,0x62,0x08,0x62,0x08,0x61,0x08,0x62,0x08,0xC3,0x18,
    0x45,0x21,0x66,0x29,0x45,0x29,0x45,0x29,0xE4,0x18,0x82,0x10,0x61,0x08,0x62,0x08,0x62,0x08,0x62,0x08,0x62,0x08,0x61,0x08,
    0x61,0x08,0x61,0x08,0x61,0x08,0x61,0x08,0x41,0x08,0x61,0x08,0xA3,0x10,0x04,0x21,0x25,0x21,0x25,0x21,0x24,0x21,0xC3,0x18,
    0x62,0x08,0x41,0x08,0x61,0x08,0x61,0x08,0x61,0x08,0x41,0x08,0x41,0x08,0x41,0x08,0x41,0x08,0x41,0x08,0x41,0x08,0x41,0x08,
    0x41,0x08,0x82,0x10,0xE3,0x18,0xE4,0x18,0xE4,0x18,0xE4,0x18,0xA3,0x10,0x61,0x08,0x41,0x08,0x41,0x08,0x41,0x08,0x41,0x08,
    0x41,0x08,0x41,0x08,0x41,0x08,0x41,0x08,0x41,0x08,0x41,0x08,0x21,0x00,0x41,0x00,0x62,0x08,0xA3,0x10,0xA3,0x10,0xA3,0x10,
    0xA3,0x10,0x82,0x08,0x41,0x08,0x20,0x00,0x21,0x00,0x21,0x00,0x21,0x00,0x21,0x00,0x21,0x00,0x20,0x00,0x20,0x00,0x20,0x00,
    0x20,0x00,0x20,0x00,0x20,0x00,0x41,0x08,0x62,0x08,0x82,0x10,0x82,0x08,0x82,0x08,0x61,0x08,0x41,0x00,0x20,0x00,0x20,0x00,
    0x20,0x00,0x20,0x00,0x20,0x00,0x20,0x00,0x20,0x00,0x61,0x08,0x82,0x10,0x82,0x10,0x82,0x10,0x82,0x10,0x82,0x10,0x82,0x10,
    0xA2,0x10,0x62,0x08,0x41,0x00,0x20,0x00,0x21,0x00,0x21,0x00,0x21,0x00,0x21,0x00,0x21,0x00,0x21,0x00,0x20,0x00,0x41,0x08,
    0x82,0x08,0xC3,0x10,0xC3,0x10,0xC3,0x10,0xC3,0x10,0xC3,0x18,0xC3,0x18,0xC3,0x18,0xA2,0x10,0x41,0x08,0x41,0x00,0x41,0x08,
    0x41,0x08,0x41,0x08,0x41,0x08,0x41,0x08,0x41,0x08,0x41,0x08,0x41,0x08,0xA3,0x10,0xE4,0x18,0x04,0x19,0x04,0x19,0x04,0x19,
    0x04,0x19,0x04,0x19,0x04,0x19,0xC3,0x10,0x61,0x08,0x41,0x08,0x41,0x08,0x61,0x08,0x61,0x08,0x61,0x08,0x61,0x08,0x61,0x08,
    0x41,0x08,0x61,0x08,0xA3,0x10,0x24,0x21,0x25,0x21,0x25,0x21,0x25,0x21,0x25,0x21,0x25,0x21,0x45,0x21,0x04,0x19,0xA2,0x10,
    0x61,0x08,0x62,0x08,0x62,0x08,0x62,0x08,0x62,0x08,0x62,0x08,0x62,0x08,0x61,0x08,0x62,0x08,0xC3,0x18,0x45,0x21,0x66,0x29,
    0x66,0x29,0x66,0x29,0x66,0x29,0x66,0x29,0x66,0x29,0x25,0x21,0xA3,0x10,0x61,0x08,0x62,0x08,0x62,0x08,0x62,0x08,0x62,0x08,
    0x62,0x08,0x62,0x08,0x61,0x08,0x62,0x08,0xC3,0x18,0x45,0x21,0x66,0x29,0x66,0x29,0x66,0x29,0x66,0x29,0x66,0x29,0x66,0x29,
    0x25,0x21,0xA3,0x10,0x61,0x08,0x62,0x08,0x62,0x08,0x62,0x08,0x62,0x08,0x62,0x08,0x62,0x08,0x61,0x08,0x62,0x08,0xC3,0x18,
    0x45,0x21,0x66,0x29,0x66,0x29,0x66,0x29,0x66,0x29,0x66,0x29,0x66,0x29,0x25,0x21,0xA3,0x10,0x62,0x08,0x62,0x08,0x62,0x08,
    0x62,0x08,0x62,0x08,0x62,0x08,0x62,0x08,0x62,0x08,0x62,0x08,0xC3,0x18,0x45,0x21,0x66,0x29,0x66,0x29,0x66,0x29,0x66,0x29,
    0x66,0x29,0x66,0x29,0x25,0x21,0xA3,0x10,0x62,0x08,0x62,0x08,0x62,0x08,0x62,0x08,0x62,0x08,0x62,0x08,0x62,0x08,0x62,0x08,
    0x62,0x08,0xC3,0x18,0x45,0x21,0x66,0x29,0x66,0x29,0x66,0x29,0x66,0x29,0x66,0x29,0x66,0x29,0x25,0x21,0xA3,0x10,0x62,0x08,
    0x62,0x08,0x62,0x08,0x62,0x08,0x62,0x08,0x62,0x08,0x62,0x08,0x62,0x08,0x62,0x08,0xC3,0x18,0x45,0x21,0x66,0x29,0x66,0x29,
    0x66,0x29,0x66,0x29,0x66,0x29,0x66,0x29,0x25,0x21,0xA3,0x10,0x62,0x08,0x62,0x08,0x62,0x08,0x62,0x08,0x62,0x08,0x62,0x08,
    0x62,0x08,0x62,0x08,0x62,0x08,0xA3,0x10,0x25,0x21,0x66,0x29,0x66,0x29,0x66,0x29,0x66,0x29,0x66,0x29,0x66,0x29,0x45,0x21,
    0xC3,0x18,0x62,0x08,0x62,0x08,0x62,0x08,0x62,0x08,0x62,0x08,0x62,0x08,0x62,0x08,0x62,0x08,0x62,0x08,0xA3,0x10,0x25,0x21,
    0x66,0x29,0x66,0x29,0x66,0x29,0x66,0x29,0x66,0x29,0x66,0x29,0x45,0x21,0xC3,0x18,0x62,0x08,0x62,0x08,0x62,0x08,0x62,0x08,
    0x62,0x08,0x62,0x08,0x62,0x08,0x62,0x08,0x62,0x08,0xA3,0x10,0x25,0x21,0x66,0x29,0x66,0x29,0x66,0x29,0x66,0x29,0x66,0x29,
    0x66,0x29,0x45,0x21,0xC3,0x18,0x62,0x08,0x61,0x08,0x62,0x08,0x62,0x08,0x61,0x08,0x61,0x08,0x61,0x08,0x61,0x08,0x41,0x08,
    0x82,0x10,0x04,0x19,0x25,0x21,0x25,0x21,0x25,0x21,0x25,0x21,0x25,0x21,0x25,0x21,0x04,0x21,0xA3,0x10,0x61,0x08,0x41,0x08,
    0x61,0x08,0x41,0x08,0x41,0x08,0x41,0x08,0x41,0x08,0x41,0x08,0x41,0x08,0x82,0x08,0xC3,0x18,0x04,0x19,0xE4,0x18,0xE4,0x18,
    0xE4,0x18,0xE4,0x18,0xE4,0x18,0xE3,0x18,0x82,0x10,0x41,0x08,0x41,0x00,0x41,0x08,0x41,0x08,0x41,0x08,0x41,0x08,0x41,0x08,
    0x41,0x08,0x21,0x00,0x61,0x08,0xA2,0x10,0xC3,0x18,0xC3,0x10,0xC3,0x10,0xC3,0x10,0xC3,0x10,0xA3,0x10,0xA3,0x10,0x61,0x08,
    0x21,0x00,0x20,0x00,0x21,0x00,0x21,0x00,0x21,0x00,0x20,0x00,0x20,0x00,0x20,0x00,0x20,0x00,0x21,0x00,0x61,0x08,0x82,0x10,
    0x82,0x10,0x82,0x10,0x82,0x10,0x82,0x08,0x82,0x08,0x82,0x08,0x41,0x08,0x20,0x00,0x20,0x00,0x20,0x00,0x20,0x00,0x41,0x08,
    0x62,0x08,0x82,0x10,0x82,0x10,0x82,0x10,0x61,0x08,0x41,0x08,0x61,0x08,0x82,0x10,0x82,0x10,0xA2,0x10,0x82,0x10,0x61,0x08,
    0x21,0x00,0x20,0x00,0x21,0x00,0x21,0x00,0x21,0x00,0x20,0x00,0x61,0x08,0xA3,0x10,0xC3,0x10,0xC3,0x10,0xC3,0x10,0x82,0x10,
    0x41,0x08,0x82,0x10,0xC3,0x10,0xC3,0x18,0xC3,0x18,0xC3,0x18,0x82,0x10,0x41,0x08,0x41,0x00,0x41,0x08,0x41,0x08,0x41,0x08,
    0x41,0x08,0x82,0x08,0xE3,0x18,0xE4,0x18,0x04,0x19,0xE4,0x18,0xA3,0x10,0x62,0x08,0xA3,0x10,0xE4,0x18,0x04,0x19,0x04,0x19,
    0x04,0x19,0xA2,0x10,0x41,0x08,0x41,0x08,0x61,0x08,0x61,0x08,0x41,0x08,0x41,0x08,0x82,0x10,0x04,0x19,0x25,0x21,0x25,0x21,
    0x25,0x21,0xE4,0x18,0x82,0x10,0xA3,0x10,0x24,0x21,0x45,0x21,0x45,0x21,0x45,0x21,0xE3,0x18,0x62,0x08,0x61,0x08,0x62,0x08,
    0x62,0x08,0x61,0x08,0x61,0x08,0xA3,0x10,0x25,0x21,0x66,0x29,0x66,0x29,0x66,0x29,0x24,0x21,0xA3,0x10,0xC3,0x18,0x45,0x21,
    0x66,0x29,0x66,0x29,0x66,0x29,0xE4,0x18,0x62,0x08,0x61,0x08,0x62,0x08,0x62,0x08,0x62,0x08,0x62,0x08,0xA3,0x10,0x25,0x21,
    0x66,0x29,0x66,0x29,0x66,0x29,0x24,0x21,0xA3,0x10,0xC3,0x18,0x45,0x21,0x66,0x29,0x66,0x29,0x66,0x29,0xE4,0x18,0x62,0x08,
    0x61,0x08,0x62,0x08,0x62,0x08,0x62,0x08,0x62,0x08,0xA3,0x10,0x25,0x21,0x66,0x29,0x66,0x29,0x66,0x29,0x24,0x21,0xA3,0x10,
    0xC3,0x18,0x45,0x21,0x66,0x29,0x66,0x29,0x66,0x29,0x04,0x19,0x82,0x10,0x61,0x08,0x62,0x08,0x82,0x08,0x62,0x08,0x61,0x08,
    0x82,0x10,0x25,0x21,0x66,0x29,0x66,0x29,0x66,0x29,0x25,0x21,0xA3,0x10,0xC3,0x18,0x45,0x21,0x66,0x29,0x66,0x29,0x66,0x29,
    0x04,0x19,0x82,0x10,0x61,0x08,0x62,0x08,0x82,0x08,0x62,0x08,0x61,0x08,0x82,0x10,0x25,0x21,0x66,0x29,0x66,0x29,0x66,0x29,
    0x25,0x21,0xA3,0x10,0xC3,0x18,0x45,0x21,0x66,0x29,0x66,0x29,0x66,0x29,0x04,0x19,0x82,0x10,0x61,0x08,0x62,0x08,0x82,0x08,
    0x62,0x08,0x61,0x08,0x82,0x10,0x25,0x21,0x66,0x29,0x66,0x29,0x66,0x29,0x25,0x21,0xA3,0x10,0xC3,0x18,0x45,0x21,0x66,0x29,
    0x66,0x29,0x66,0x29,0x04,0x19,0x82,0x10,0x61,0x08,0x62,0x08,0x82,0x08,0x62,0x08,0x61,0x08,0x82,0x10,0x04,0x19,0x66,0x29,
    0x66,0x29,0x66,0x29,0x45,0x21,0xC3,0x18,0xA3,0x10,0x25,0x21,0x66,0x29,0x66,0x29,0x66,0x29,0x25,0x21,0x82,0x10,0x61,0x08,
    0x62,0x08,0x82,0x08,0x62,0x08,0x61,0x08,0x82,0x10,0x04,0x19,0x66,0x29,0x66,0x29,0x66,0x29,0x45,0x21,0xC3,0x18,0xA3,0x10,
    0x25,0x21,0x66,0x29,0x66,0x29,0x66,0x29,0x25,0x21,0x82,0x10,0x61,0x08,0x62,0x08,0x82,0x08,0x62,0x08,0x61,0x08,0x82,0x10,
    0x04,0x19,0x66,0x29,0x66,0x29,0x66,0x29,0x45,0x21,0xC3,0x18,0xA3,0x10,0x24,0x21,0x45,0x29,0x45,0x29,0x66,0x29,0x25,0x21,
    0xA3,0x10,0x61,0x08,0x61,0x08,0x62,0x08,0x61,0x08,0x41,0x08,0x61,0x08,0xE3,0x18,0x25,0x21,0x25,0x21,0x25,0x21,0x04,0x21,
    0xA3,0x10,0x82,0x10,0xE4,0x18,0x25,0x21,0x25,0x21,0x25,0x21,0xE4,0x18,0x82,0x10,0x41,0x08,0x41,0x08,0x41,0x08,0x41,0x08,
    0x41,0x08,0x41,0x08,0xA3,0x10,0x04,0x19,0x04,0x19,0x04,0x19,0xE3,0x18,0x82,0x10,0x62,0x08,0xC3,0x10,0xE4,0x18,0xE4,0x18,
    0xE4,0x18,0xC3,0x10,0x62,0x08,0x41,0x08,0x41,0x08,0x41,0x08,0x41,0x08,0x21,0x00,0x41,0x08,0x82,0x10,0xC3,0x18,0xC3,0x10,
    0xC3,0x18,0xA3,0x10,0x61,0x08,0x61,0x08,0x82,0x10,0xA3,0x10,0xA3,0x10,0xA3,0x10,0x82,0x10,0x41,0x08,0x20,0x00,0x20,0x00,
    0x21,0x00,0x20,0x00,0x20,0x00,0x20,0x00,0x41,0x08,0x82,0x10,0x82,0x10,0x82,0x10,0x82,0x10,0x61,0x08,0x21,0x00,0x41,0x08,
    0x82,0x08,0x82,0x08,0x82,0x08,0x61,0x08,0x20,0x00,0x20,0x00,0x61,0x08,0x82,0x08,0x82,0x08,0x82,0x10,0x62,0x08,0x41,0x08,
    0x20,0x00,0x20,0x00,0x20,0x00,0x41,0x00,0x82,0x08,0xA2,0x10,0xA2,0x10,0xA2,0x10,0x82,0x10,0x41,0x08,0x21,0x00,0x20,0x00,
    0x41,0x08,0x82,0x10,0xA3,0x10,0xA3,0x10,0xC3,0x10,0xA2,0x10,0x61,0x08,0x21,0x00,0x41,0x00,0x21,0x00,0x41,0x08,0xA2,0x10,
    0xC3,0x18,0xC3,0x18,0xE3,0x18,0xC3,0x10,0x62,0x08,0x41,0x08,0x41,0x00,0x61,0x08,0xC3,0x10,0xE4,0x18,0xE4,0x18,0xE4,0x18,
    0xC3,0x18,0x62,0x08,0x41,0x08,0x41,0x08,0x41,0x08,0x61,0x08,0xC3,0x18,0x04,0x19,0x04,0x19,0x04,0x21,0xE4,0x18,0x82,0x10,
    0x41,0x08,0x41,0x08,0x62,0x08,0xC3,0x18,0x25,0x21,0x25,0x21,0x25,0x21,0x04,0x21,0xA2,0x10,0x41,0x08,0x61,0x08,0x41,0x08,
    0x62,0x08,0xE4,0x18,0x25,0x21,0x45,0x21,0x45,0x21,0x25,0x21,0xA3,0x10,0x61,0x08,0x61,0x08,0x82,0x10,0x04,0x19,0x66,0x29,
    0x66,0x29,0x66,0x29,0x45,0x21,0xC3,0x10,0x61,0x08,0x61,0x08,0x61,0x08,0x82,0x10,0x04,0x19,0x45,0x29,0x66,0x29,0x66,0x29,
    0x45,0x21,0xC3,0x10,0x61,0x08,0x61,0x08,0x82,0x10,0x04,0x19,0x66,0x29,0x66,0x29,0x66,0x29,0x45,0x21,0xC3,0x10,0x61,0x08,
    0x61,0x08,0x61,0x08,0x82,0x10,0x04,0x19,0x45,0x29,0x66,0x29,0x66,0x29,0x45,0x21,0xC3,0x10,0x61,0x08,0x61,0x08,0x82,0x10,
    0x04,0x19,0x66,0x29,0x66,0x29,0x66,0x29,0x45,0x21,0xC3,0x10,0x61,0x08,0x61,0x08,0x61,0x08,0x62,0x08,0xE4,0x18,0x45,0x29,
    0x66,0x29,0x66,0x29,0x45,0x29,0xC3,0x18,0x62,0x08,0x61,0x08,0x62,0x08,0xE4,0x18,0x45,0x29,0x66,0x29,0x66,0x29,0x45,0x21,
    0xC3,0x18,0x62,0x08,0x61,0x08,0x61,0x08,0x62,0x08,0xE4,0x18,0x45,0x29,0x66,0x29,0x66,0x29,0x45,0x29,0xC3,0x18,0x62,0x08,
    0x61,0x08,0x62,0x08,0xE4,0x18,0x45,0x29,0x66,0x29,0x66,0x29,0x45,0x21,0xC3,0x18,0x62,0x08,0x61,0x08,0x61,0x08,0x62,0x08,
    0xE4,0x18,0x45,0x29,0x66,0x29,0x66,0x29,0x45,0x29,0xC3,0x18,0x62,0x08,0x61,0x08,0x62,0x08,0xE4,0x18,0x45,0x29,0x66,0x29,
    0x66,0x29,0x45,0x21,0xC3,0x18,0x62,0x08,0x61,0x08,0x61,0x08,0x62,0x08,0xE4,0x18,0x45,0x29,0x66,0x29,0x66,0x29,0x45,0x29,
    0xC3,0x18,0x62,0x08,0x61,0x08,0x62,0x08,0xC3,0x18,0x45,0x29,0x66,0x29,0x66,0x29,0x45,0x29,0xE4,0x18,0x62,0x08,0x61,0x08,
    0x61,0x08,0x62,0x08,0xC3,0x18,0x45,0x21,0x66,0x29,0x66,0x29,0x45,0x29,0xE4,0x18,0x62,0x08,0x61,0x08,0x62,0x08,0xC3,0x18,
    0x45,0x29,0x66,0x29,0x66,0x29,0x45,0x29,0xE4,0x18,0x62,0x08,0x61,0x08,0x61,0x08,0x62,0x08,0xC3,0x18,0x45,0x21,0x66,0x29,
    0x66,0x29,0x45,0x29,0xE4,0x18,0x62,0x08,0x61,0x08,0x62,0x08,0xC3,0x18,0x45,0x29,0x66,0x29,0x66,0x29,0x45,0x29,0xE4,0x18,
    0x62,0x08,0x61,0x08,0x61,0x08,0x61,0x08,0xC3,0x10,0x25,0x21,0x66,0x29,0x45,0x21,0x45,0x29,0xE4,0x18,0x82,0x10,0x61,0x08,
    0x61,0x08,0xA3,0x10,0x25,0x21,0x25,0x21,0x25,0x21,0x25,0x21,0xE3,0x18,0x62,0x08,0x41,0x08,0x61,0x08,0x41,0x08,0xA2,0x10,
    0x04,0x19,0x25,0x21,0x04,0x21,0x24,0x21,0xC3,0x18,0x61,0x08,0x41,0x08,0x41,0x08,0x82,0x10,0xE4,0x18,0x04,0x19,0x04,0x19,
    0xE4,0x18,0xA3,0x10,0x61,0x08,0x41,0x08,0x41,0x08,0x41,0x08,0x82,0x08,0xC3,0x18,0xE4,0x18,0xE3,0x18,0xE4,0x18,0xA2,0x10,
    0x41,0x08,0x41,0x00,0x41,0x00,0x62,0x08,0xC3,0x10,0xC3,0x18,0xC3,0x18,0xC3,0x10,0x82,0x10,0x41,0x08,0x20,0x00,0x21,0x00,
    0x21,0x00,0x61,0x08,0xA2,0x10,0xA3,0x10,0xA3,0x10,0xA3,0x10,0x82,0x08,0x41,0x08,0x20,0x00,0x20,0x00,0x41,0x08,0x82,0x10,
    0x82,0x10,0x82,0x10,0x82,0x10,0x62,0x08,0x21,0x00,0x20,0x00,0x20,0x00,0x20,0x00,0x41,0x00,0x61,0x08,0x82,0x08,0x62,0x08,
    0x41,0x08,0x62,0x08,0x82,0x08,0x82,0x08,0x82,0x08,0x41,0x08,0x20,0x00,0x20,0x00,0x20,0x00,0x20,0x00,0x20,0x00,0x20,0x00,
    0x20,0x00,0x41,0x08,0x82,0x10,0xA2,0x10,0xA2,0x10,0xA2,0x10,0x82,0x10,0x62,0x08,0xA2,0x10,0xA3,0x10,0xA3,0x10,0xA3,0x10,
    0x62,0x08,0x21,0x00,0x21,0x00,0x41,0x08,0x41,0x08,0x41,0x08,0x41,0x00,0x21,0x00,0x62,0x08,0xC3,0x10,0xE3,0x18,0xE3,0x18,
    0xE3,0x18,0xA3,0x10,0xA2,0x10,0xE3,0x18,0xE4,0x18,0xE4,0x18,0xE3,0x18,0x82,0x10,0x41,0x08,0x41,0x08,0x41,0x08,0x41,0x08,
    0x41,0x08,0x41,0x08,0x41,0x08,0x82,0x10,0xE4,0x18,0x04,0x21,0x04,0x21,0x04,0x21,0xE3,0x18,0xC3,0x10,0x04,0x21,0x25,0x21,
    0x25,0x21,0x04,0x21,0xC3,0x18,0x61,0x08,0x41,0x08,0x61,0x08,0x61,0x08,0x62,0x08,0x61,0x08,0x41,0x08,0xA2,0x10,0x24,0x21,
    0x45,0x21,0x45,0x21,0x45,0x21,0x04,0x19,0xE4,0x18,0x45,0x21,0x46,0x29,0x46,0x29,0x45,0x29,0xE4,0x18,0x62,0x08,0x61,0x08,
    0x62,0x08,0x62,0x08,0x62,0x08,0x62,0x08,0x61,0x08,0xA3,0x10,0x25,0x21,0x66,0x29,0x66,0x29,0x66,0x29,0x04,0x21,0xE4,0x18,
    0x45,0x21,0x66,0x29,0x66,0x29,0x45,0x29,0xE4,0x18,0x62,0x08,0x61,0x08,0x62,0x08,0x62,0x08,0x62,0x08,0x62,0x08,0x61,0x08,
    0xA3,0x10,0x25,0x21,0x66,0x29,0x66,0x29,0x66,0x29,0x04,0x21,0xE4,0x18,0x45,0x21,0x66,0x29,0x66,0x29,0x45,0x29,0xE4,0x18,
    0x62,0x08,0x61,0x08,0x62,0x08,0x62,0x08,0x62,0x08,0x62,0x08,0x61,0x08,0x82,0x10,0x24,0x21,0x66,0x29,0x66,0x29,0x66,0x29,
    0x25,0x21,0xE4,0x18,0x25,0x21,0x66,0x29,0x66,0x29,0x66,0x29,0x04,0x19,0x82,0x10,0x61,0x08,0x62,0x08,0x62,0x08,0x62,0x08,
    0x62,0x08,0x61,0x08,0x82,0x10,0x24,0x21,0x66,0x29,0x66,0x29,0x66,0x29,0x25,0x21,0xE4,0x18,0x25,0x21,0x66,0x29,0x66,0x29,
    0x66,0x29,0x04,0x19,0x82,0x10,0x61,0x08,0x62,0x08,0x62,0x08,0x62,0x08,0x62,0x08,0x61,0x08,0x82,0x10,0x24,0x21,0x66,0x29,
    0x66,0x29,0x66,0x29,0x25,0x21,0xE4,0x18,0x25,0x21,0x66,0x29,0x66,0x29,0x66,0x29,0x04,0x19,0x82,0x10,0x61,0x08,0x62,0x08,
    0x62,0x08,0x62,0x08,0x62,0x08,0x61,0x08,0x82,0x10,0x24,0x21,0x66,0x29,0x66,0x29,0x66,0x29,0x25,0x21,0xE4,0x18,0x25,0x21,
    0x66,0x29,0x66,0x29,0x66,0x29,0x24,0x21,0x82,0x10,0x61,0x08,0x62,0x08,0x62,0x08,0x62,0x08,0x62,0x08,0x61,0x08,0x82,0x10,
    0x04,0x19,0x66,0x29,0x66,0x29,0x66,0x29,0x25,0x21,0xE4,0x18,0x25,0x21,0x66,0x29,0x66,0x29,0x66,0x29,0x24,0x21,0x82,0x10,
    0x61,0x08,0x62,0x08,0x62,0x08,0x62,0x08,0x62,0x08,0x61,0x08,0x82,0x10,0x04,0x19,0x66,0x29,0x66,0x29,0x66,0x29,0x25,0x21,
    0xE4,0x18,0x25,0x21,0x66,0x29,0x66,0x29,0x66,0x29,0x24,0x21,0x82,0x10,0x61,0x08,0x62,0x08,0x62,0x08,0x62,0x08,0x62,0x08,
    0x61,0x08,0x62,0x08,0xE4,0x18,0x45,0x21,0x45,0x21,0x45,0x21,0x25,0x21,0xE3,0x18,0x04,0x19,0x45,0x21,0x45,0x21,0x45,0x21,
    0x04,0x21,0x82,0x10,0x41,0x08,0x61,0x08,0x61,0x08,0x61,0x08,0x61,0x08,0x41,0x08,0x61,0x08,0xC3,0x10,0x04,0x21,0x04,0x21,
    0x04,0x21,0x04,0x19,0xC3,0x10,0xC3,0x18,0x04,0x19,0x04,0x19,0x04,0x19,0xE3,0x18,0x82,0x08,0x41,0x08,0x41,0x08,0x41,0x08,
    0x41,0x08,0x41,0x08,0x41,0x08,0x41,0x08,0xA2,0x10,0xC3,0x18,0xE4,0x18,0xE3,0x18,0xC3,0x18,0x82,0x10,0xA2,0x10,0xC3,0x18,
    0xC3,0x18,0xC3,0x18,0xA3,0x10,0x61,0x08,0x21,0x00,0x21,0x00,0x41,0x00,0x41,0x00,0x41,0x00,0x20,0x00,0x21,0x00,0x82,0x08,
    0xA2,0x10,0xA3,0x10,0xA3,0x10,0xA2,0x10,0x62,0x08,0x82,0x08,0xA2,0x10,0x82,0x10,0x82,0x10,0x82,0x10,0x41,0x08,0x20,0x00,
    0x20,0x00,0x20,0x00,0x20,0x00,0x20,0x00,0x20,0x00,0x20,0x00,0x41,0x08,0x62,0x08,0x62,0x08,0x62,0x08,0x82,0x08,0x61,0x08,
    0x20,0x00,0x20,0x00,0x20,0x00,0x20,0x00,0x20,0x00,0x20,0x00,0x20,0x00,0x20,0x00,0x20,0x00,0x20,0x00,0x20,0x00,0x62,0x08,
    0xA2,0x10,0xA2,0x10,0xA3,0x10,0xA3,0x10,0xA3,0x10,0xA3,0x10,0x82,0x10,0x41,0x08,0x21,0x00,0x41,0x00,0x41,0x00,0x41,0x08,
    0x41,0x08,0x41,0x08,0x41,0x08,0x41,0x08,0x21,0x00,0x41,0x08,0x82,0x10,0xC3,0x18,0xE3,0x18,0xE4,0x18,0xE4,0x18,0xE4,0x18,
    0xE4,0x18,0xA3,0x10,0x61,0x08,0x41,0x08,0x41,0x08,0x41,0x08,0x41,0x08,0x41,0x08,0x41,0x08,0x41,0x08,0x41,0x08,0x41,0x08,
    0x41,0x08,0xC3,0x10,0x04,0x19,0x04,0x21,0x04,0x21,0x25,0x21,0x24,0x21,0x25,0x21,0xE4,0x18,0x82,0x08,0x41,0x08,0x61,0x08,
    0x61,0x08,0x61,0x08,0x61,0x08,0x61,0x08,0x61,0x08,0x62,0x08,0x41,0x08,0x61,0x08,0xC3,0x18,0x25,0x21,0x45,0x21,0x45,0x21,
    0x45,0x29,0x45,0x29,0x45,0x29,0x04,0x21,0x82,0x10,0x61,0x08,0x62,0x08,0x62,0x08,0x62,0x08,0x62,0x08,0x62,0x08,0x62,0x08,
    0x62,0x08,0x61,0x08,0x62,0x08,0xC3,0x18,0x45,0x29,0x66,0x29,0x66,0x29,0x66,0x29,0x66,0x29,0x66,0x29,0x24,0x21,0x82,0x10,
    0x61,0x08,0x62,0x08,0x62,0x08,0x62,0x08,0x62,0x08,0x62,0x08,0x62,0x08,0x62,0x08,0x61,0x08,0x62,0x08,0xC3,0x18,0x45,0x29,
    0x66,0x29,0x66,0x29,0x66,0x29,0x66,0x29,0x66,0x29,0x24,0x21,0x82,0x10,0x61,0x08,0x62,0x08,0x62,0x08,0x62,0x08,0x62,0x08,
    0x62,0x08,0x62,0x08,0x62,0x08,0x62,0x08,0x61,0x08,0xC3,0x10,0x45,0x21,0x66,0x29,0x66,0x29,0x66,0x29,0x66,0x29,0x66,0x29,
    0x25,0x21,0xA3,0x10,0x62,0x08,0x62,0x08,0x82,0x08,0x62,0x08,0x62,0x08,0x62,0x08,0x62,0x08,0x62,0x08,0x62,0x08,0x61,0x08,
    0xC3,0x10,0x45,0x21,0x66,0x29,0x66,0x29,0x66,0x29,0x66,0x29,0x66,0x29,0x25,0x21,0xA3,0x10,0x62,0x08,0x62,0x08,0x82,0x08,
    0x62,0x08,0x62,0x08,0x62,0x08,0x62,0x08,0x62,0x08,0x62,0x08,0x61,0x08,0xC3,0x10,0x45,0x21,0x66,0x29,0x66,0x29,0x66,0x29,
    0x66,0x29,0x66,0x29,0x25,0x21,0xA3,0x10,0x62,0x08,0x62,0x08,0x82,0x08,0x62,0x08,0x62,0x08,0x62,0x08,0x62,0x08,0x62,0x08,
    0x62,0x08,0x61,0x08,0xC3,0x10,0x45,0x21,0x66,0x29,0x66,0x29,0x66,0x29,0x66,0x29,0x66,0x29,0x45,0x21,0xC3,0x10,0x61,0x08,
    0x62,0x08,0x62,0x08,0x62,0x08,0x62,0x08,0x62,0x08,0x62,0x08,0x82,0x08,0x62,0x08,0x62,0x08,0xA3,0x10,0x25,0x21,0x66,0x29,
    0x66,0x29,0x66,0x29,0x66,0x29,0x66,0x29,0x45,0x21,0xC3,0x10,0x61,0x08,0x62,0x08,0x62,0x08,0x62,0x08,0x62,0x08,0x62,0x08,
    0x62,0x08,0x82,0x08,0x62,0x08,0x62,0x08,0xA3,0x10,0x25,0x21,0x66,0x29,0x66,0x29,0x66,0x29,0x66,0x29,0x66,0x29,0x45,0x21,
    0xC3,0x10,0x61,0x08,0x62,0x08,0x62,0x08,0x62,0x08,0x62,0x08,0x62,0x08,0x62,0x08,0x62,0x08,0x62,0x08,0x61,0x08,0x82,0x10,
    0x04,0x19,0x45,0x21,0x45,0x21,0x45,0x21,0x45,0x21,0x45,0x21,0x25,0x21,0xC3,0x10,0x61,0x08,0x41,0x08,0x61,0x08,0x61,0x08,
    0x61,0x08,0x61,0x08,0x61,0x08,0x61,0x08,0x61,0x08,0x41,0x08,0x62,0x08,0xE3,0x18,0x04,0x21,0x04,0x21,0x04,0x21,0x04,0x19,
    0x04,0x19,0xE4,0x18,0xA2,0x10,0x41,0x08,0x41,0x08,0x41,0x08,0x41,0x08,0x41,0x08,0x41,0x08,0x41,0x08,0x41,0x08,0x41,0x08,
    0x41,0x08,0x61,0x08,0xA3,0x10,0xE3,0x18,0xE3,0x18,0xE3,0x18,0xC3,0x18,0xC3,0x18,0xC3,0x18,0x82,0x08,0x41,0x08,0x21,0x00,
    0x41,0x08,0x41,0x00,0x41,0x00,0x41,0x00,0x41,0x00,0x21,0x00,0x21,0x00,0x20,0x00,0x41,0x08,0x82,0x10,0xA2,0x10,0xA2,0x10,
    0xA2,0x10,0xA2,0x10,0xA2,0x10,0x82,0x10,0x61,0x08,0x20,0x00,0x20,0x00,0x20,0x00,0x20,0x00,0x20,0x00,0x20,0x00,0x20,0x00,
    0x20,0x00,0x20,0x00,0x20,0x00,0x20,0x00,0x62,0x08,0x61,0x08,0x41,0x00,0x20,0x00,0x20,0x00,0x20,0x00,0x20,0x00,0x20,0x00,
    0x20,0x00,0x20,0x00,0x20,0x00,0x20,0x00,0x20,0x00,0x20,0x00,0x20,0x00,0x20,0x00,0x41,0x08,0x82,0x08,0xA3,0x10,0xA2,0x10,
    0xA2,0x10,0x41,0x08,0x21,0x00,0x21,0x00,0x41,0x00,0x41,0x00,0x41,0x00,0x41,0x08,0x41,0x08,0x41,0x08,0x41,0x08,0x41,0x08,
    0x41,0x08,0x41,0x08,0x41,0x00,0x41,0x08,0xA2,0x10,0xE3,0x18,0xE3,0x18,0xC3,0x18,0x62,0x08,0x41,0x08,0x41,0x08,0x41,0x08,
    0x41,0x08,0x41,0x08,0x41,0x08,0x41,0x08,0x41,0x08,0x41,0x08,0x41,0x08,0x41,0x08,0x41,0x08,0x41,0x08,0x61,0x08,0xC3,0x18,
    0x04,0x21,0x04,0x21,0x04,0x19,0x82,0x10,0x41,0x08,0x41,0x08,0x61,0x08,0x61,0x08,0x61,0x08,0x61,0x08,0x61,0x08,0x61,0x08,
    0x61,0x08,0x61,0x08,0x61,0x08,0x61,0x08,0x61,0x08,0x82,0x10,0x04,0x19,0x45,0x21,0x45,0x21,0x25,0x21,0xA3,0x10,0x61,0x08,
    0x62,0x08,0x62,0x08,0x62,0x08,0x62,0x08,0x62,0x08,0x62,0x08,0x62,0x08,0x62,0x08,0x62,0x08,0x62,0x08,0x62,0x08,0x61,0x08,
    0x82,0x10,0x04,0x19,0x46,0x29,0x45,0x29,0x25,0x21,0xA3,0x10,0x62,0x08,0x62,0x08,0x62,0x08,0x62,0x08,0x62,0x08,0x62,0x08,
    0x62,0x08,0x62,0x08,0x62,0x08,0x62,0x08,0x62,0x08,0x62,0x08,0x61,0x08,0x82,0x10,0x04,0x19,0x46,0x29,0x45,0x29,0x25,0x21,
    0xA3,0x10,0x62,0x08,0x62,0x08,0x62,0x08,0x62,0x08,0x62,0x08,0x62,0x08,0x62,0x08,0x62,0x08,0x62,0x08,0x62,0x08,0x62,0x08,
    0x62,0x08,0x61,0x08,0x62,0x08,0xC3,0x18,0x45,0x21,0x45,0x29,0x45,0x21,0xC3,0x18,0x62,0x08,0x61,0x08,0x62,0x08,0x62,0x08,
    0x62,0x08,0x62,0x08,0x62,0x08,0x62,0x08,0x62,0x08,0x62,0x08,0x62,0x08,0x62,0x08,0x61,0x08,0x62,0x08,0xC3,0x18,0x45,0x21,
    0x45,0x29,0x45,0x21,0xC3,0x18,0x62,0x08,0x61,0x08,0x62,0x08,0x62,0x08,0x62,0x08,0x62,0x08,0x62,0x08,0x62,0x08,0x62,0x08,
    0x62,0x08,0x62,0x08,0x62,0x08,0x61,0x08,0x62,0x08,0xC3,0x18,0x45,0x21,0x45,0x29,0x45,0x21,0xC3,0x18,0x62,0x08,0x61,0x08,
    0x62,0x08,0x62,0x08,0x62,0x08,0x62,0x08,0x62,0x08,0x62,0x08,0x62,0x08,0x62,0x08,0x62,0x08,0x62,0x08,0x61,0x08,0x62,0x08,
    0xC3,0x18,0x45,0x21,0x45,0x29,0x45,0x21,0xC3,0x18,0x62,0x08,0x61,0x08,0x62,0x08,0x62,0x08,0x62,0x08,0x62,0x08,0x62,0x08,
    0x62,0x08,0x62,0x08,0x62,0x08,0x62,0x08,0x62,0x08,0x61,0x08,0x62,0x08,0xC3,0x18,0x45,0x21,0x45,0x29,0x45,0x21,0xC3,0x18,
    0x62,0x08,0x61,0x08,0x62,0x08,0x62,0x08,0x62,0x08,0x62,0x08,0x62,0x08,0x62,0x08,0x62,0x08,0x62,0x08,0x62,0x08,0x62,0x08,
    0x61,0x08,0x62,0x08,0xC3,0x18,0x45,0x21,0x45,0x29,0x45,0x21,0xC3,0x18,0x62,0x08,0x61,0x08,0x62,0x08,0x62,0x08,0x62,0x08,
    0x62,0x08,0x62,0x08,0x62,0x08,0x62,0x08,0x62,0x08,0x62,0x08,0x62,0x08,0x61,0x08,0x61,0x08,0xA2,0x10,0x25,0x21,0x45,0x21,
    0x45,0x21,0xE4,0x18,0x82,0x08,0x41,0x08,0x61,0x08,0x61,0x08,0x61,0x08,0x61,0x08,0x61,0x08,0x61,0x08,0x61,0x08,0x61,0x08,
    0x61,0x08,0x61,0x08,0x41,0x08,0x41,0x08,0x82,0x10,0xE4,0x18,0x04,0x19,0x04,0x19,0xC3,0x10,0x61,0x08,0x41,0x08,0x41,0x08,
    0x41,0x08,0x41,0x08,0x41,0x08,0x41,0x08,0x41,0x08,0x41,0x08,0x41,0x08,0x41,0x08,0x41,0x08,0x41,0x08,0x41,0x08,0x62,0x08,
    0xC3,0x10,0xC3,0x18,0xC3,0x18,0xA2,0x10,0x41,0x08,0x21,0x00,0x41,0x08,0x41,0x08,0x41,0x08,0x41,0x00,0x41,0x00,0x41,0x00,
    0x41,0x00,0x21,0x00,0x21,0x00,0x21,0x00,0x21,0x00,0x21,0x00,0x41,0x08,0x82,0x10,0xA2,0x10,0xA2,0x10,0x62,0x08,0x41,0x00,
    0x20,0x00,0x20,0x00,0x20,0x00,0x20,0x00,0x20,0x00,0x20,0x00,0x20,0x00,0x20,0x00,0x20,0x00,0x20,0x00,0x20,0x00,0x20,0x00,
    0x62,0x08,0x41,0x08,0x20,0x00,0x20,0x00,0x20,0x00,0x20,0x00,0x20,0x00,0x20,0x00,0x20,0x00,0x20,0x00,0x20,0x00,0x20,0x00,
    0x20,0x00,0x20,0x00,0x20,0x00,0x21,0x00,0x20,0x00,0x21,0x00,0xA2,0x10,0xA3,0x10,0x61,0x08,0x20,0x00,0x21,0x00,0x41,0x00,
    0x41,0x00,0x41,0x00,0x41,0x00,0x41,0x08,0x41,0x08,0x41,0x08,0x41,0x08,0x41,0x08,0x41,0x08,0x41,0x08,0x41,0x08,0x41,0x08,
    0x41,0x08,0xC3,0x18,0xE4,0x18,0x82,0x08,0x21,0x00,0x41,0x08,0x41,0x08,0x41,0x08,0x41,0x08,0x41,0x08,0x41,0x08,0x41,0x08,
    0x41,0x08,0x41,0x08,0x41,0x08,0x41,0x08,0x41,0x08,0x41,0x08,0x41,0x08,0x61,0x08,0x04,0x19,0x25,0x21,0x82,0x10,0x41,0x08,
    0x61,0x08,0x61,0x08,0x61,0x08,0x61,0x08,0x61,0x08,0x61,0x08,0x61,0x08,0x61,0x08,0x61,0x08,0x61,0x08,0x61,0x08,0x61,0x08,
    0x61,0x08,0x61,0x08,0x62,0x08,0x25,0x21,0x45,0x29,0xA3,0x10,0x41,0x08,0x62,0x08,0x62,0x08,0x62,0x08,0x62,0x08,0x62,0x08,
    0x62,0x08,0x62,0x08,0x62,0x08,0x62,0x08,0x62,0x08,0x62,0x08,0x62,0x08,0x62,0x08,0x62,0x08,0x82,0x08,0x45,0x21,0x66,0x29,
    0xC3,0x10,0x41,0x08,0x62,0x08,0x62,0x08,0x62,0x08,0x62,0x08,0x62,0x08,0x62,0x08,0x62,0x08,0x62,0x08,0x62,0x08,0x62,0x08,
    0x62,0x08,0x62,0x08,0x62,0x08,0x62,0x08,0x82,0x08,0x45,0x21,0x66,0x29,0xC3,0x10,0x41,0x08,0x62,0x08,0x62,0x08,0x62,0x08,
    0x62,0x08,0x62,0x08,0x62,0x08,0x62,0x08,0x62,0x08,0x62,0x08,0x62,0x08,0x62,0x08,0x62,0x08,0x62,0x08,0x62,0x08,0x61,0x08,
    0x04,0x19,0x66,0x29,0x04,0x19,0x61,0x08,0x62,0x08,0x62,0x08,0x62,0x08,0x62,0x08,0x62,0x08,0x62,0x08,0x62,0x08,0x62,0x08,
    0x62,0x08,0x62,0x08,0x62,0x08,0x62,0x08,0x62,0x08,0x62,0x08,0x61,0x08,0x04,0x19,0x66,0x29,0x04,0x19,0x61,0x08,0x62,0x08,
    0x62,0x08,0x62,0x08,0x62,0x08,0x62,0x08,0x62,0x08,0x62,0x08,0x62,0x08,0x62,0x08,0x62,0x08,0x62,0x08,0x62,0x08,0x62,0x08,
    0x62,0x08,0x61,0x08,0x04,0x19,0x66,0x29,0x04,0x19,0x61,0x08,0x62,0x08,0x62,0x08,0x62,0x08,0x62,0x08,0x62,0x08,0x62,0x08,
    0x62,0x08,0x62,0x08,0x62,0x08,0x62,0x08,0x62,0x08,0x62,0x08,0x62,0x08,0x62,0x08,0x61,0x08,0x04,0x19,0x66,0x29,0x04,0x19,
    0x61,0x08,0x62,0x08,0x62,0x08,0x62,0x08,0x62,0x08,0x62,0x08,0x62,0x08,0x62,0x08,0x62,0x08,0x62,0x08,0x62,0x08,0x62,0x08,
    0x62,0x08,0x62,0x08,0x62,0x08,0x61,0x08,0x04,0x19,0x66,0x29,0x04,0x19,0x61,0x08,0x62,0x08,0x62,0x08,0x62,0x08,0x62,0x08,
    0x62,0x08,0x62,0x08,0x62,0x08,0x62,0x08,0x62,0x08,0x62,0x08,0x62,0x08,0x62,0x08,0x62,0x08,0x62,0x08,0x61,0x08,0x04,0x19,
    0x66,0x29,0x04,0x19,0x61,0x08,0x62,0x08,0x62,0x08,0x62,0x08,0x62,0x08,0x62,0x08,0x62,0x08,0x62,0x08,0x62,0x08,0x62,0x08,
    0x62,0x08,0x62,0x08,0x62,0x08,0x62,0x08,0x62,0x08,0x41,0x08,0xA3,0x10,0x45,0x21,0x25,0x21,0x62,0x08,0x61,0x08,0x61,0x08,
    0x61,0x08,0x61,0x08,0x61,0x08,0x61,0x08,0x61,0x08,0x61,0x08,0x61,0x08,0x61,0x08,0x61,0x08,0x61,0x08,0x61,0x08,0x61,0x08,
    0x41,0x08,0x82,0x10,0x04,0x21,0xE4,0x18,0x61,0x08,0x41,0x08,0x41,0x08,0x41,0x08,0x41,0x08,0x41,0x08,0x41,0x08,0x41,0x08,
    0x41,0x08,0x41,0x08,0x41,0x08,0x41,0x08,0x41,0x08,0x41,0x08,0x41,0x08,0x21,0x00,0x62,0x08,0xE3,0x18,0xC3,0x10,0x41,0x08,
    0x41,0x00,0x41,0x08,0x41,0x08,0x41,0x08,0x41,0x08,0x41,0x00,0x41,0x00,0x41,0x00,0x41,0x00,0x21,0x00,0x21,0x00,0x21,0x00,
    0x21,0x00,0x21,0x00,0x20,0x00,0x41,0x08,0xA2,0x10,0x82,0x10,0x21,0x00,0x20,0x00,0x20,0x00,0x20,0x00,0x20,0x00,0x20,0x00,
    0x20,0x00,0x20,0x00,0x20,0x00,0x20,0x00,0x20,0x00,0x20,0x00,0x20,0x00,0x20,0x00,0x62,0x08,0x41,0x08,0x20,0x00,0x20,0x00,
    0x20,0x00,0x20,0x00,0x20,0x00,0x20,0x00,0x20,0x00,0x20,0x00,0x20,0x00,0x20,0x00,0x20,0x00,0x20,0x00,0x20,0x00,0x21,0x00,
    0x21,0x00,0x41,0x00,0xA2,0x10,0xA3,0x10,0x61,0x08,0x20,0x00,0x21,0x00,0x41,0x00,0x41,0x00,0x41,0x00,0x41,0x00,0x41,0x08,
    0x41,0x08,0x41,0x08,0x41,0x08,0x41,0x08,0x41,0x08,0x41,0x08,0x41,0x08,0x41,0x08,0x41,0x08,0xC3,0x18,0xE4,0x18,0x82,0x08,
    0x41,0x08,0x41,0x08,0x41,0x08,0x41,0x08,0x41,0x08,0x41,0x08,0x41,0x08,0x41,0x08,0x41,0x08,0x41,0x08,0x41,0x08,0x41,0x08,
    0x41,0x08,0x41,0x08,0x41,0x08,0x61,0x08,0x04,0x19,0x25,0x21,0x82,0x10,0x41,0x08,0x61,0x08,0x61,0x08,0x61,0x08,0x61,0x08,
    0x61,0x08,0x61,0x08,0x61,0x08,0x61,0x08,0x61,0x08,0x61,0x08,0x61,0x08,0x61,0x08,0x61,0x08,0x62,0x08,0x82,0x08,0x25,0x21,
    0x45,0x29,0xA3,0x10,0x61,0x08,0x62,0x08,0x62,0x08,0x62,0x08,0x62,0x08,0x62,0x08,0x62,0x08,0x62,0x08,0x62,0x08,0x62,0x08,
    0x62,0x08,0x62,0x08,0x62,0x08,0x62,0x08,0x62,0x08,0x82,0x10,0x45,0x21,0x66,0x29,0xC3,0x10,0x61,0x08,0x62,0x08,0x62,0x08,
    0x62,0x08,0x62,0x08,0x62,0x08,0x62,0x08,0x62,0x08,0x62,0x08,0x62,0x08,0x62,0x08,0x62,0x08,0x62,0x08,0x62,0x08,0x62,0x08,
    0x82,0x10,0x45,0x21,0x66,0x29,0xC3,0x10,0x61,0x08,0x62,0x08,0x62,0x08,0x62,0x08,0x62,0x08,0x62,0x08,0x62,0x08,0x62,0x08,
    0x62,0x08,0x62,0x08,0x62,0x08,0x62,0x08,0x62,0x08,0x62,0x08,0x62,0x08,0x61,0x08,0x04,0x19,0x66,0x29,0x04,0x19,0x61,0x08,
    0x62,0x08,0x62,0x08,0x62,0x08,0x62,0x08,0x62,0x08,0x62,0x08,0x62,0x08,0x62,0x08,0x62,0x08,0x62,0x08,0x62,0x08,0x62,0x08,
    0x62,0x08,0x62,0x08,0x61,0x08,0x04,0x19,0x66,0x29,0x04,0x19,0x61,0x08,0x62,0x08,0x62,0x08,0x62,0x08,0x62,0x08,0x62,0x08,
    0x62,0x08,0x62,0x08,0x62,0x08,0x62,0x08,0x62,0x08,0x62,0x08,0x62,0x08,0x62,0x08,0x62,0x08,0x61,0x08,0x04,0x19,0x66,0x29,
    0x04,0x19,0x61,0x08,0x62,0x08,0x62,0x08,0x62,0x08,0x62,0x08,0x62,0x08,0x62,0x08,0x62,0x08,0x62,0x08,0x62,0x08,0x62,0x08,
    0x62,0x08,0x62,0x08,0x62,0x08,0x62,0x08,0x61,0x08,0x04,0x19,0x66,0x29,0x04,0x19,0x61,0x08,0x62,0x08,0x62,0x08,0x62,0x08,
    0x62,0x08,0x62,0x08,0x62,0x08,0x62,0x08,0x62,0x08,0x62,0x08,0x62,0x08,0x62,0x08,0x62,0x08,0x62,0x08,0x62,0x08,0x61,0x08,
    0x04,0x19,0x66,0x29,0x04,0x19,0x61,0x08,0x62,0x08,0x62,0x08,0x62,0x08,0x62,0x08,0x62,0x08,0x62,0x08,0x62,0x08,0x62,0x08,
    0x62,0x08,0x62,0x08,0x62,0x08,0x62,0x08,0x62,0x08,0x62,0x08,0x61,0x08,0x04,0x19,0x66,0x29,0x04,0x19,0x61,0x08,0x62,0x08,
    0x62,0x08,0x62,0x08,0x62,0x08,0x62,0x08,0x62,0x08,0x62,0x08,0x62,0x08,0x62,0x08,0x62,0x08,0x62,0x08,0x62,0x08,0x62,0x08,
    0x62,0x08,0x61,0x08,0xA3,0x10,0x45,0x21,0x25,0x21,0x62,0x08,0x61,0x08,0x61,0x08,0x61,0x08,0x61,0x08,0x61,0x08,0x61,0x08,
    0x61,0x08,0x61,0x08,0x61,0x08,0x61,0x08,0x61,0x08,0x61,0x08,0x61,0x08,0x61,0x08,0x41,0x08,0x82,0x10,0x04,0x21,0xE4,0x18,
    0x61,0x08,0x41,0x08,0x41,0x08,0x41,0x08,0x41,0x08,0x41,0x08,0x41,0x08,0x41,0x08,0x41,0x08,0x41,0x08,0x41,0x08,0x41,0x08,
    0x41,0x08,0x41,0x08,0x41,0x08,0x41,0x00,0x62,0x08,0xE3,0x18,0xC3,0x10,0x41,0x08,0x41,0x08,0x41,0x08,0x41,0x08,0x41,0x08,
    0x41,0x08,0x41,0x00,0x41,0x00,0x41,0x00,0x41,0x00,0x21,0x00,0x21,0x00,0x21,0x00,0x21,0x00,0x21,0x00,0x20,0x00,0x41,0x08,
    0xA2,0x10,0x82,0x10,0x21,0x00,0x20,0x00,0x20,0x00,0x20,0x00,0x20,0x00,0x20,0x00,0x20,0x00,0x20,0x00,0x20,0x00,0x20,0x00,
    0x20,0x00,0x20,0x00,0x20,0x00,0x20,0x00,0x62,0x08,0x41,0x08,0x20,0x00,0x20,0x00,0x20,0x00,0x20,0x00,0x20,0x00,0x20,0x00,
    0x20,0x00,0x20,0x00,0x20,0x00,0x20,0x00,0x20,0x00,0x20,0x00,0x20,0x00,0x21,0x00,0x21,0x00,0x41,0x00,0xA2,0x10,0xA3,0x10,
    0x61,0x08,0x20,0x00,0x21,0x00,0x41,0x00,0x41,0x00,0x41,0x00,0x41,0x00,0x41,0x08,0x41,0x08,0x41,0x08,0x41,0x08,0x41,0x08,
    0x41,0x08,0x41,0x08,0x41,0x08,0x41,0x08,0x41,0x08,0xC3,0x18,0xE4,0x18,0x82,0x08,0x41,0x08,0x41,0x08,0x41,0x08,0x41,0x08,
    0x41,0x08,0x41,0x08,0x41,0x08,0x41,0x08,0x41,0x08,0x41,0x08,0x41,0x08,0x41,0x08,0x41,0x08,0x41,0x08,0x41,0x08,0x61,0x08,
    0x04,0x19,0x25,0x21,0x82,0x10,0x41,0x08,0x61,0x08,0x61,0x08,0x61,0x08,0x61,0x08,0x61,0x08,0x61,0x08,0x61,0x08,0x61,0x08,
    0x61,0x08,0x61,0x08,0x61,0x08,0x61,0x08,0x61,0x08,0x62,0x08,0x82,0x08,0x25,0x21,0x45,0x29,0xA3,0x10,0x61,0x08,0x62,0x08,
    0x62,0x08,0x62,0x08,0x62,0x08,0x62,0x08,0x62,0x08,0x62,0x08,0x62,0x08,0x62,0x08,0x62,0x08,0x62,0x08,0x62,0x08,0x62,0x08,
    0x62,0x08,0x82,0x10,0x45,0x21,0x66,0x29,0xC3,0x10,0x61,0x08,0x62,0x08,0x62,0x08,0x62,0x08,0x62,0x08,0x62,0x08,0x62,0x08,
    0x62,0x08,0x62,0x08,0x62,0x08,0x62,0x08,0x62,0x08,0x62,0x08,0x62,0x08,0x62,0x08,0x82,0x10,0x45,0x21,0x66,0x29,0xC3,0x10,
    0x61,0x08,0x62,0x08,0x62,0x08,0x62,0x08,0x62,0x08,0x62,0x08,0x62,0x08,0x62,0x08,0x62,0x08,0x62,0x08,0x62,0x08,0x62,0x08,
    0x62,0x08,0x62,0x08,0x62,0x08,0x61,0x08,0x04,0x19,0x66,0x29,0x04,0x19,0x61,0x08,0x62,0x08,0x62,0x08,0x62,0x08,0x62,0x08,
    0x62,0x08,0x62,0x08,0x62,0x08,0x62,0x08,0x62,0x08,0x62,0x08,0x62,0x08,0x62,0x08,0x62,0x08,0x62,0x08,0x61,0x08,0x04,0x19,
    0x66,0x29,0x04,0x19,0x61,0x08,0x62,0x08,0x62,0x08,0x62,0x08,0x62,0x08,0x62,0x08,0x62,0x08,0x62,0x08,0x62,0x08,0x62,0x08,
    0x62,0x08,0x62,0x08,0x62,0x08,0x62,0x08,0x62,0x08,0x61,0x08,0x04,0x19,0x66,0x29,0x04,0x19,0x61,0x08,0x62,0x08,0x62,0x08,
    0x62,0x08,0x62,0x08,0x62,0x08,0x62,0x08,0x62,0x08,0x62,0x08,0x62,0x08,0x62,0x08,0x62,0x08,0x62,0x08,0x62,0x08,0x62,0x08,
    0x61,0x08,0x04,0x19,0x66,0x29,0x04,0x19,0x61,0x08,0x62,0x08,0x62,0x08,0x62,0x08,0x62,0x08,0x62,0x08,0x62,0x08,0x62,0x08,
    0x62,0x08,0x62,0x08,0x62,0x08,0x62,0x08,0x62,0x08,0x62,0x08,0x62,0x08,0x61,0x08,0x04,0x19,0x66,0x29,0x04,0x19,0x61,0x08,
    0x62,0x08,0x62,0x08,0x62,0x08,0x62,0x08,0x62,0x08,0x62,0x08,0x62,0x08,0x62,0x08,0x62,0x08,0x62,0x08,0x62,0x08,0x62,0x08,
    0x62,0x08,0x62,0x08,0x61,0x08,0x04,0x19,0x66,0x29,0x04,0x19,0x61,0x08,0x62,0x08,0x62,0x08,0x62,0x08,0x62,0x08,0x62,0x08,
    0x62,0x08,0x62,0x08,0x62,0x08,0x62,0x08,0x62,0x08,0x62,0x08,0x62,0x08,0x62,0x08,0x62,0x08,0x61,0x08,0xA3,0x10,0x45,0x21,
    0x25,0x21,0x62,0x08,0x61,0x08,0x61,0x08,0x61,0x08,0x61,0x08,0x61,0x08,0x61,0x08,0x61,0x08,0x61,0x08,0x61,0x08,0x61,0x08,
    0x61,0x08,0x61,0x08,0x61,0x08,0x61,0x08,0x41,0x08,0x82,0x10,0x04,0x21,0xE4,0x18,0x61,0x08,0x41,0x08,0x41,0x08,0x41,0x08,
    0x41,0x08,0x41,0x08,0x41,0x08,0x41,0x08,0x41,0x08,0x41,0x08,0x41,0x08,0x41,0x08,0x41,0x08,0x41,0x08,0x41,0x08,0x41,0x00,
    0x62,0x08,0xE3,0x18,0xC3,0x10,0x41,0x08,0x41,0x08,0x41,0x08,0x41,0x08,0x41,0x08,0x41,0x08,0x41,0x00,0x41,0x00,0x41,0x00,
    0x41,0x00,0x21,0x00,0x21,0x00,0x21,0x00,0x21,0x00,0x21,0x00,0x20,0x00,0x41,0x08,0xA2,0x10,0x82,0x10,0x21,0x00,0x20,0x00,
    0x20,0x00,0x20,0x00,0x20,0x00,0x20,0x00,0x20,0x00,0x20,0x00,0x20,0x00,0x20,0x00,0x20,0x00,0x20,0x00,0x20,0x00,0x20,0x00,
    0x62,0x08,0x41,0x08,0x20,0x00,0x20,0x00,0x20,0x00,0x20,0x00,0x20,0x00,0x20,0x00,0x20,0x00,0x20,0x00,0x20,0x00,0x20,0x00,
    0x20,0x00,0x20,0x00,0x20,0x00,0x21,0x00,0x21,0x00,0x41,0x00,0xA2,0x10,0xA3,0x10,0x61,0x08,0x20,0x00,0x21,0x00,0x41,0x00,
    0x41,0x00,0x41,0x00,0x41,0x00,0x41,0x08,0x41,0x08,0x41,0x08,0x41,0x08,0x41,0x08,0x41,0x08,0x41,0x08,0x41,0x08,0x41,0x08,
    0x41,0x08,0xC3,0x18,0xE4,0x18,0x82,0x08,0x41,0x08,0x41,0x08,0x41,0x08,0x41,0x08,0x41,0x08,0x41,0x08,0x41,0x08,0x41,0x08,
    0x41,0x08,0x41,0x08,0x41,0x08,0x41,0x08,0x41,0x08,0x41,0x08,0x41,0x08,0x61,0x08,0x04,0x19,0x25,0x21,0x82,0x10,0x41,0x08,
    0x61,0x08,0x61,0x08,0x61,0x08,0x61,0x08,0x61,0x08,0x61,0x08,0x61,0x08,0x61,0x08,0x61,0x08,0x61,0x08,0x61,0x08,0x61,0x08,
    0x61,0x08,0x62,0x08,0x82,0x08,0x25,0x21,0x45,0x29,0xA3,0x10,0x61,0x08,0x62,0x08,0x62,0x08,0x62,0x08,0x62,0x08,0x62,0x08,
    0x62,0x08,0x62,0x08,0x62,0x08,0x62,0x08,0x62,0x08,0x62,0x08,0x62,0x08,0x62,0x08,0x62,0x08,0x82,0x10,0x45,0x21,0x66,0x29,
    0xC3,0x10,0x61,0x08,0x62,0x08,0x62,0x08,0x62,0x08,0x62,0x08,0x62,0x08,0x62,0x08,0x62,0x08,0x62,0x08,0x62,0x08,0x62,0x08,
    0x62,0x08,0x62,0x08,0x62,0x08,0x62,0x08,0x82,0x10,0x45,0x21,0x66,0x29,0xC3,0x10,0x61,0x08,0x62,0x08,0x62,0x08,0x62,0x08,
    0x62,0x08,0x62,0x08,0x62,0x08,0x62,0x08,0x62,0x08,0x62,0x08,0x62,0x08,0x62,0x08,0x62,0x08,0x62,0x08,0x62,0x08,0x61,0x08,
    0x04,0x19,0x66,0x29,0x04,0x19,0x61,0x08,0x62,0x08,0x62,0x08,0x62,0x08,0x62,0x08,0x62,0x08,0x62,0x08,0x62,0x08,0x62,0x08,
    0x62,0x08,0x62,0x08,0x62,0x08,0x62,0x08,0x62,0x08,0x62,0x08,0x61,0x08,0x04,0x19,0x66,0x29,0x04,0x19,0x61,0x08,0x62,0x08,
    0x62,0x08,0x62,0x08,0x62,0x08,0x62,0x08,0x62,0x08,0x62,0x08,0x62,0x08,0x62,0x08,0x62,0x08,0x62,0x08,0x62,0x08,0x62,0x08,
    0x62,0x08,0x61,0x08,0x04,0x19,0x66,0x29,0x04,0x19,0x61,0x08,0x62,0x08,0x62,0x08,0x62,0x08,0x62,0x08,0x62,0x08,0x62,0x08,
    0x62,0x08,0x62,0x08,0x62,0x08,0x62,0x08,0x62,0x08,0x62,0x08,0x62,0x08,0x62,0x08,0x61,0x08,0x04,0x19,0x66,0x29,0x04,0x19,
    0x61,0x08,0x62,0x08,0x62,0x08,0x62,0x08,0x62,0x08,0x62,0x08,0x62,0x08,0x62,0x08,0x62,0x08,0x62,0x08,0x62,0x08,0x62,0x08,
    0x62,0x08,0x62,0x08,0x62,0x08,0x61,0x08,0x04,0x19,0x66,0x29,0x04,0x19,0x61,0x08,0x62,0x08,0x62,0x08,0x62,0x08,0x62,0x08,
    0x62,0x08,0x62,0x08,0x62,0x08,0x62,0x08,0x62,0x08,0x62,0x08,0x62,0x08,0x62,0x08,0x62,0x08,0x62,0x08,0x61,0x08,0x04,0x19,
    0x66,0x29,0x04,0x19,0x61,0x08,0x62,0x08,0x62,0x08,0x62,0x08,0x62,0x08,0x62,0x08,0x62,0x08,0x62,0x08,0x62,0x08,0x62,0x08,
    0x62,0x08,0x62,0x08,0x62,0x08,0x62,0x08,0x62,0x08,0x61,0x08,0xA3,0x10,0x45,0x21,0x25,0x21,0x62,0x08,0x61,0x08,0x61,0x08,
    0x61,0x08,0x61,0x08,0x61,0x08,0x61,0x08,0x61,0x08,0x61,0x08,0x61,0x08,0x61,0x08,0x61,0x08,0x61,0x08,0x61,0x08,0x61,0x08,
    0x41,0x08,0x82,0x10,0x04,0x21,0xE4,0x18,0x61,0x08,0x41,0x08,0x41,0x08,0x41,0x08,0x41,0x08,0x41,0x08,0x41,0x08,0x41,0x08,
    0x41,0x08,0x41,0x08,0x41,0x08,0x41,0x08,0x41,0x08,0x41,0x08,0x41,0x08,0x41,0x00,0x62,0x08,0xE3,0x18,0xC3,0x10,0x41,0x08,
    0x41,0x08,0x41,0x08,0x41,0x08,0x41,0x08,0x41,0x08,0x41,0x00,0x41,0x00,0x41,0x00,0x41,0x00,0x21,0x00,0x21,0x00,0x21,0x00,
    0x21,0x00,0x21,0x00,0x20,0x00,0x41,0x08,0xA2,0x10,0x82,0x10,0x21,0x00,0x20,0x00,0x20,0x00,0x20,0x00,0x20,0x00,0x20,0x00,
    0x20,0x00,0x20,0x00,0x20,0x00,0x20,0x00,0x20,0x00,0x20,0x00,0x20,0x00,0x20,0x00,0x62,0x08,0x41,0x08,0x20,0x00,0x20,0x00,
    0x20,0x00,0x20,0x00,0x20,0x00,0x20,0x00,0x20,0x00,0x20,0x00,0x20,0x00,0x20,0x00,0x20,0x00,0x20,0x00,0x20,0x00,0x21,0x00,
    0x21,0x00,0x41,0x00,0xA2,0x10,0xA3,0x10,0x61,0x08,0x20,0x00,0x21,0x00,0x41,0x00,0x41,0x00,0x41,0x00,0x41,0x00,0x41,0x08,
    0x41,0x08,0x41,0x08,0x41,0x08,0x41,0x08,0x41,0x08,0x41,0x08,0x41,0x08,0x41,0x08,0x41,0x08,0xC3,0x18,0xE4,0x18,0x82,0x08,
    0x41,0x08,0x41,0x08,0x41,0x08,0x41,0x08,0x41,0x08,0x41,0x08,0x41,0x08,0x41,0x08,0x41,0x08,0x41,0x08,0x41,0x08,0x41,0x08,
    0x41,0x08,0x41,0x08,0x41,0x08,0x61,0x08,0x04,0x19,0x25,0x21,0x82,0x10,0x41,0x08,0x61,0x08,0x61,0x08,0x61,0x08,0x61,0x08,
    0x61,0x08,0x61,0x08,0x61,0x08,0x61,0x08,0x61,0x08,0x61,0x08,0x61,0x08,0x61,0x08,0x61,0x08,0x62,0x08,0x82,0x08,0x25,0x21,
    0x45,0x29,0xA3,0x10,0x61,0x08,0x62,0x08,0x62,0x08,0x62,0x08,0x62,0x08,0x62,0x08,0x62,0x08,0x62,0x08,0x62,0x08,0x62,0x08,
    0x62,0x08,0x62,0x08,0x62,0x08,0x62,0x08,0x62,0x08,0x82,0x10,0x45,0x21,0x66,0x29,0xC3,0x10,0x61,0x08,0x62,0x08,0x62,0x08,
    0x62,0x08,0x62,0x08,0x62,0x08,0x62,0x08,0x62,0x08,0x62,0x08,0x62,0x08,0x62,0x08,0x62,0x08,0x62,0x08,0x62,0x08,0x62,0x08,
    0x82,0x10,0x45,0x21,0x66,0x29,0xC3,0x10,0x61,0x08,0x62,0x08,0x62,0x08,0x62,0x08,0x62,0x08,0x62,0x08,0x62,0x08,0x62,0x08,
    0x62,0x08,0x62,0x08,0x62,0x08,0x62,0x08,0x62,0x08,0x62,0x08,0x62,0x08,0x61,0x08,0x04,0x19,0x66,0x29,0x04,0x19,0x61,0x08,
    0x62,0x08,0x62,0x08,0x62,0x08,0x62,0x08,0x62,0x08,0x62,0x08,0x62,0x08,0x62,0x08,0x62,0x08,0x62,0x08,0x62,0x08,0x62,0x08,
    0x62,0x08,0x62,0x08,0x61,0x08,0x04,0x19,0x66,0x29,0x04,0x19,0x61,0x08,0x62,0x08,0x62,0x08,0x62,0x08,0x62,0x08,0x62,0x08,
    0x62,0x08,0x62,0x08,0x62,0x08,0x62,0x08,0x62,0x08,0x62,0x08,0x62,0x08,0x62,0x08,0x62,0x08,0x61,0x08,0x04,0x19,0x66,0x29,
    0x04,0x19,0x61,0x08,0x62,0x08,0x62,0x08,0x62,0x08,0x62,0x08,0x62,0x08,0x62,0x08,0x62,0x08,0x62,0x08,0x62,0x08,0x62,0x08,
    0x62,0x08,0x62,0x08,0x62,0x08,0x62,0x08,0x61,0x08,0x04,0x19,0x66,0x29,0x04,0x19,0x61,0x08,0x62,0x08,0x62,0x08,0x62,0x08,
    0x62,0x08,0x62,0x08,0x62,0x08,0x62,0x08,0x62,0x08,0x62,0x08,0x62,0x08,0x62,0x08,0x62,0x08,0x62,0x08,0x62,0x08,0x61,0x08,
    0x04,0x19,0x66,0x29,0x04,0x19,0x61,0x08,0x62,0x08,0x62,0x08,0x62,0x08,0x62,0x08,0x62,0x08,0x62,0x08,0x62,0x08,0x62,0x08,
    0x62,0x08,0x62,0x08,0x62,0x08,0x62,0x08,0x62,0x08,0x62,0x08,0x61,0x08,0x04,0x19,0x66,0x29,0x04,0x19,0x61,0x08,0x62,0x08,
    0x62,0x08,0x62,0x08,0x62,0x08,0x62,0x08,0x62,0x08,0x62,0x08,0x62,0x08,0x62,0x08,0x62,0x08,0x62,0x08,0x62,0x08,0x62,0x08,
    0x62,0x08,0x61,0x08,0xA3,0x10,0x45,0x21,0x25,0x21,0x62,0x08,0x61,0x08,0x61,0x08,0x61,0x08,0x61,0x08,0x61,0x08,0x61,0x08,
    0x61,0x08,0x61,0x08,0x61,0x08,0x61,0x08,0x61,0x08,0x61,0x08,0x61,0x08,0x61,0x08,0x41,0x08,0x82,0x10,0x04,0x21,0xE4,0x18,
    0x61,0x08,0x41,0x08,0x41,0x08,0x41,0x08,0x41,0x08,0x41,0x08,0x41,0x08,0x41,0x08,0x41,0x08,0x41,0x08,0x41,0x08,0x41,0x08,
    0x41,0x08,0x41,0x08,0x41,0x08,0x41,0x00,0x62,0x08,0xE3,0x18,0xC3,0x10,0x41,0x08,0x41,0x08,0x41,0x08,0x41,0x08,0x41,0x08,
    0x41,0x08,0x41,0x00,0x41,0x00,0x41,0x00,0x41,0x00,0x21,0x00,0x21,0x00,0x21,0x00,0x21,0x00,0x21,0x00,0x20,0x00,0x41,0x08,
    0xA2,0x10,0x82,0x10,0x21,0x00,0x20,0x00,0x20,0x00,0x20,0x00,0x20,0x00,0x20,0x00,0x20,0x00,0x20,0x00,0x20,0x00,0x20,0x00,
    0x20,0x00,0x20,0x00,0x20,0x00,0x20,0x00,0x62,0x08,0x41,0x08,0x20,0x00,0x20,0x00,0x20,0x00,0x20,0x00,0x20,0x00,0x20,0x00,
    0x20,0x00,0x20,0x00,0x20,0x00,0x20,0x00,0x20,0x00,0x20,0x00,0x20,0x00,0x21,0x00,0x21,0x00,0x41,0x00,0xA2,0x10,0xA3,0x10,
    0x61,0x08,0x20,0x00,0x21,0x00,0x41,0x00,0x41,0x00,0x41,0x00,0x41,0x00,0x41,0x08,0x41,0x08,0x41,0x08,0x41,0x08,0x41,0x08,
    0x41,0x08,0x41,0x08,0x41,0x08,0x41,0x08,0x41,0x08,0xC3,0x18,0xE4,0x18,0x82,0x08,0x41,0x08,0x41,0x08,0x41,0x08,0x41,0x08,
    0x41,0x08,0x41,0x08,0x41,0x08,0x41,0x08,0x41,0x08,0x41,0x08,0x41,0x08,0x41,0x08,0x41,0x08,0x41,0x08,0x41,0x08,0x61,0x08,
    0x04,0x19,0x25,0x21,0x82,0x10,0x41,0x08,0x61,0x08,0x61,0x08,0x61,0x08,0x61,0x08,0x61,0x08,0x61,0x08,0x61,0x08,0x61,0x08,
    0x61,0x08,0x61,0x08,0x61,0x08,0x61,0x08,0x61,0x08,0x62,0x08,0x82,0x08,0x25,0x21,0x45,0x29,0xA3,0x10,0x61,0x08,0x62,0x08,
    0x62,0x08,0x62,0x08,0x62,0x08,0x62,0x08,0x62,0x08,0x62,0x08,0x62,0x08,0x62,0x08,0x62,0x08,0x62,0x08,0x62,0x08,0x62,0x08,
    0x62,0x08,0x82,0x10,0x45,0x21,0x66,0x29,0xC3,0x10,0x61,0x08,0x62,0x08,0x62,0x08,0x62,0x08,0x62,0x08,0x62,0x08,0x62,0x08,
    0x62,0x08,0x62,0x08,0x62,0x08,0x62,0x08,0x62,0x08,0x62,0x08,0x62,0x08,0x62,0x08,0x82,0x10,0x45,0x21,0x66,0x29,0xC3,0x10,
    0x61,0x08,0x62,0x08,0x62,0x08,0x62,0x08,0x62,0x08,0x62,0x08,0x62,0x08,0x62,0x08,0x62,0x08,0x62,0x08,0x62,0x08,0x62,0x08,
    0x62,0x08,0x62,0x08,0x62,0x08,0x61,0x08,0x04,0x19,0x66,0x29,0x04,0x19,0x61,0x08,0x62,0x08,0x62,0x08,0x62,0x08,0x62,0x08,
    0x62,0x08,0x62,0x08,0x62,0x08,0x62,0x08,0x62,0x08,0x62,0x08,0x62,0x08,0x62,0x08,0x62,0x08,0x62,0x08,0x61,0x08,0x04,0x19,
    0x66,0x29,0x04,0x19,0x61,0x08,0x62,0x08,0x62,0x08,0x62,0x08,0x62,0x08,0x62,0x08,0x62,0x08,0x62,0x08,0x62,0x08,0x62,0x08,
    0x62,0x08,0x62,0x08,0x62,0x08,0x62,0x08,0x62,0x08,0x61,0x08,0x04,0x19,0x66,0x29,0x04,0x19,0x61,0x08,0x62,0x08,0x62,0x08,
    0x62,0x08,0x62,0x08,0x62,0x08,0x62,0x08,0x62,0x08,0x62,0x08,0x62,0x08,0x62,0x08,0x62,0x08,0x62,0x08,0x62,0x08,0x62,0x08,
    0x61,0x08,0x04,0x19,0x66,0x29,0x04,0x19,0x61,0x08,0x62,0x08,0x62,0x08,0x62,0x08,0x62,0x08,0x62,0x08,0x62,0x08,0x62,0x08,
    0x62,0x08,0x62,0x08,0x62,0x08,0x62,0x08,0x62,0x08,0x62,0x08,0x62,0x08,0x61,0x08,0x04,0x19,0x66,0x29,0x04,0x19,0x61,0x08,
    0x62,0x08,0x62,0x08,0x62,0x08,0x62,0x08,0x62,0x08,0x62,0x08,0x62,0x08,0x62,0x08,0x62,0x08,0x62,0x08,0x62,0x08,0x62,0x08,
    0x62,0x08,0x62,0x08,0x61,0x08,0x04,0x19,0x66,0x29,0x04,0x19,0x61,0x08,0x62,0x08,0x62,0x08,0x62,0x08,0x62,0x08,0x62,0x08,
    0x62,0x08,0x62,0x08,0x62,0x08,0x62,0x08,0x62,0x08,0x62,0x08,0x62,0x08,0x62,0x08,0x62,0x08,0x61,0x08,0xA3,0x10,0x45,0x21,
    0x25,0x21,0x62,0x08,0x61,0x08,0x61,0x08,0x61,0x08,0x61,0x08,0x61,0x08,0x61,0x08,0x61,0x08,0x61,0x08,0x61,0x08,0x61,0x08,
    0x61,0x08,0x61,0x08,0x61,0x08,0x61,0x08,0x41,0x08,0x82,0x10,0x04,0x21,0xE4,0x18,0x61,0x08,0x41,0x08,0x41,0x08,0x41,0x08,
    0x41,0x08,0x41,0x08,0x41,0x08,0x41,0x08,0x41,0x08,0x41,0x08,0x41,0x08,0x41,0x08,0x41,0x08,0x41,0x08,0x41,0x08,0x41,0x00,
    0x62,0x08,0xE3,0x18,0xC3,0x10,0x41,0x08,0x41,0x08,0x41,0x08,0x41,0x08,0x41,0x08,0x41,0x08,0x41,0x00,0x41,0x00,0x41,0x00,
    0x41,0x00,0x21,0x00,0x21,0x00,0x21,0x00,0x21,0x00,0x21,0x00,0x20,0x00,0x41,0x08,0xA2,0x10,0x82,0x10,0x21,0x00,0x20,0x00,
    0x20,0x00,0x20,0x00,0x20,0x00,0x20,0x00,0x20,0x00,0x20,0x00,0x20,0x00,0x20,0x00,0x20,0x00,0x20,0x00,0x20,0x00,0x20,0x00,
    0x62,0x08,0x41,0x08,0x20,0x00,0x20,0x00,0x20,0x00,0x20,0x00,0x20,0x00,0x20,0x00,0x20,0x00,0x20,0x00,0x20,0x00,0x20,0x00,
    0x20,0x00,0x20,0x00,0x20,0x00,0x21,0x00,0x21,0x00,0x41,0x00,0xA2,0x10,0xA3,0x10,0x61,0x08,0x20,0x00,0x21,0x00,0x41,0x00,
    0x41,0x00,0x41,0x00,0x41,0x00,0x41,0x08,0x41,0x08,0x41,0x08,0x41,0x08,0x41,0x08,0x41,0x08,0x41,0x08,0x41,0x08,0x41,0x08,
    0x41,0x08,0xC3,0x18,0xE4,0x18,0x82,0x08,0x41,0x08,0x41,0x08,0x41,0x08,0x41,0x08,0x41,0x08,0x41,0x08,0x41,0x08,0x41,0x08,
    0x41,0x08,0x41,0x08,0x41,0x08,0x41,0x08,0x41,0x08,0x41,0x08,0x41,0x08,0x61,0x08,0x04,0x19,0x25,0x21,0x82,0x10,0x41,0x08,
    0x61,0x08,0x61,0x08,0x61,0x08,0x61,0x08,0x61,0x08,0x61,0x08,0x61,0x08,0x61,0x08,0x61,0x08,0x61,0x08,0x61,0x08,0x61,0x08,
    0x61,0x08,0x62,0x08,0x82,0x08,0x25,0x21,0x45,0x29,0xA3,0x10,0x61,0x08,0x62,0x08,0x62,0x08,0x62,0x08,0x62,0x08,0x62,0x08,
    0x62,0x08,0x62,0x08,0x62,0x08,0x62,0x08,0x62,0x08,0x62,0x08,0x62,0x08,0x62,0x08,0x62,0x08,0x82,0x10,0x45,0x21,0x66,0x29,
    0xC3,0x10,0x61,0x08,0x62,0x08,0x62,0x08,0x62,0x08,0x62,0x08,0x62,0x08,0x62,0x08,0x62,0x08,0x62,0x08,0x62,0x08,0x62,0x08,
    0x62,0x08,0x62,0x08,0x62,0x08,0x62,0x08,0x82,0x10,0x45,0x21,0x66,0x29,0xC3,0x10,0x61,0x08,0x62,0x08,0x62,0x08,0x62,0x08,
    0x62,0x08,0x62,0x08,0x62,0x08,0x62,0x08,0x62,0x08,0x62,0x08,0x62,0x08,0x62,0x08,0x62,0x08,0x62,0x08,0x62,0x08,0x61,0x08,
    0x04,0x19,0x66,0x29,0x04,0x19,0x61,0x08,0x62,0x08,0x62,0x08,0x62,0x08,0x62,0x08,0x62,0x08,0x62,0x08,0x62,0x08,0x62,0x08,
    0x62,0x08,0x62,0x08,0x62,0x08,0x62,0x08,0x62,0x08,0x62,0x08,0x61,0x08,0x04,0x19,0x66,0x29,0x04,0x19,0x61,0x08,0x62,0x08,
    0x62,0x08,0x62,0x08,0x62,0x08,0x62,0x08,0x62,0x08,0x62,0x08,0x62,0x08,0x62,0x08,0x62,0x08,0x62,0x08,0x62,0x08,0x62,0x08,
    0x62,0x08,0x61,0x08,0x04,0x19,0x66,0x29,0x04,0x19,0x61,0x08,0x62,0x08,0x62,0x08,0x62,0x08,0x62,0x08,0x62,0x08,0x62,0x08,
    0x62,0x08,0x62,0x08,0x62,0x08,0x62,0x08,0x62,0x08,0x62,0x08,0x62,0x08,0x62,0x08,0x61,0x08,0x04,0x19,0x66,0x29,0x04,0x19,
    0x61,0x08,0x62,0x08,0x62,0x08,0x62,0x08,0x62,0x08,0x62,0x08,0x62,0x08,0x62,0x08,0x62,0x08,0x62,0x08,0x62,0x08,0x62,0x08,
    0x62,0x08,0x62,0x08,0x62,0x08,0x61,0x08,0x04,0x19,0x66,0x29,0x04,0x19,0x61,0x08,0x62,0x08,0x62,0x08,0x62,0x08,0x62,0x08,
    0x62,0x08,0x62,0x08,0x62,0x08,0x62,0x08,0x62,0x08,0x62,0x08,0x62,0x08,0x62,0x08,0x62,0x08,0x62,0x08,0x61,0x08,0x04,0x19,
    0x66,0x29,0x04,0x19,0x61,0x08,0x62,0x08,0x62,0x08,0x62,0x08,0x62,0x08,0x62,0x08,0x62,0x08,0x62,0x08,0x62,0x08,0x62,0x08,
    0x62,0x08,0x62,0x08,0x62,0x08,0x62,0x08,0x62,0x08,0x61,0x08,0xA3,0x10,0x45,0x21,0x25,0x21,0x62,0x08,0x61,0x08,0x61,0x08,
    0x61,0x08,0x61,0x08,0x61,0x08,0x61,0x08,0x61,0x08,0x61,0x08,0x61,0x08,0x61,0x08,0x61,0x08,0x61,0x08,0x61,0x08,0x61,0x08,
    0x41,0x08,0x82,0x10,0x04,0x21,0xE4,0x18,0x61,0x08,0x41,0x08,0x41,0x08,0x41,0x08,0x41,0x08,0x41,0x08,0x41,0x08,0x41,0x08,
    0x41,0x08,0x41,0x08,0x41,0x08,0x41,0x08,0x41,0x08,0x41,0x08,0x41,0x08,0x41,0x00,0x62,0x08,0xE3,0x18,0xC3,0x10,0x41,0x08,
    0x41,0x08,0x41,0x08,0x41,0x08,0x41,0x08,0x41,0x08,0x41,0x00,0x41,0x00,0x41,0x00,0x41,0x00,0x21,0x00,0x21,0x00,0x21,0x00,
    0x21,0x00,0x21,0x00,0x20,0x00,0x41,0x08,0xA2,0x10,0x82,0x10,0x21,0x00,0x20,0x00,0x20,0x00,0x20,0x00,0x20,0x00,0x20,0x00,
    0x20,0x00,0x20,0x00,0x20,0x00,0x20,0x00,0x20,0x00,0x20,0x00,0x20,0x00,0x20,0x00,0x62,0x08,0x41,0x08,0x20,0x00,0x20,0x00,
    0x20,0x00,0x20,0x00,0x20,0x00,0x20,0x00,0x20,0x00,0x20,0x00,0x20,0x00,0x20,0x00,0x20,0x00,0x20,0x00,0x20,0x00,0x21,0x00,
    0x21,0x00,0x41,0x00,0xA2,0x10,0xA3,0x10,0x61,0x08,0x20,0x00,0x21,0x00,0x41,0x00,0x41,0x00,0x41,0x00,0x41,0x00,0x41,0x08,
    0x41,0x08,0x41,0x08,0x41,0x08,0x41,0x08,0x41,0x08,0x41,0x08,0x41,0x08,0x41,0x08,0x41,0x08,0xC3,0x18,0xE4,0x18,0x82,0x08,
    0x41,0x08,0x41,0x08,0x41,0x08,0x41,0x08,0x41,0x08,0x41,0x08,0x41,0x08,0x41,0x08,0x41,0x08,0x41,0x08,0x41,0x08,0x41,0x08,
    0x41,0x08,0x41,0x08,0x41,0x08,0x61,0x08,0x04,0x19,0x25,0x21,0x82,0x10,0x41,0x08,0x61,0x08,0x61,0x08,0x61,0x08,0x61,0x08,
    0x61,0x08,0x61,0x08,0x61,0x08,0x61,0x08,0x61,0x08,0x61,0x08,0x61,0x08,0x61,0x08,0x61,0x08,0x62,0x08,0x82,0x08,0x25,0x21,
    0x45,0x29,0xA3,0x10,0x61,0x08,0x62,0x08,0x62,0x08,0x62,0x08,0x62,0x08,0x62,0x08,0x62,0x08,0x62,0x08,0x62,0x08,0x62,0x08,
    0x62,0x08,0x62,0x08,0x62,0x08,0x62,0x08,0x62,0x08,0x82,0x10,0x45,0x21,0x66,0x29,0xC3,0x10,0x61,0x08,0x62,0x08,0x62,0x08,
    0x62,0x08,0x62,0x08,0x62,0x08,0x62,0x08,0x62,0x08,0x62,0x08,0x62,0x08,0x62,0x08,0x62,0x08,0x62,0x08,0x62,0x08,0x62,0x08,
    0x82,0x10,0x45,0x21,0x66,0x29,0xC3,0x10,0x61,0x08,0x62,0x08,0x62,0x08,0x62,0x08,0x62,0x08,0x62,0x08,0x62,0x08,0x62,0x08,
    0x62,0x08,0x62,0x08,0x62,0x08,0x62,0x08,0x62,0x08,0x62,0x08,0x62,0x08,0x61,0x08,0x04,0x19,0x66,0x29,0x04,0x19,0x61,0x08,
    0x62,0x08,0x62,0x08,0x62,0x08,0x62,0x08,0x62,0x08,0x62,0x08,0x62,0x08,0x62,0x08,0x62,0x08,0x62,0x08,0x62,0x08,0x62,0x08,
    0x62,0x08,0x62,0x08,0x61,0x08,0x04,0x19,0x66,0x29,0x04,0x19,0x61,0x08,0x62,0x08,0x62,0x08,0x62,0x08,0x62,0x08,0x62,0x08,
    0x62,0x08,0x62,0x08,0x62,0x08,0x62,0x08,0x62,0x08,0x62,0x08,0x62,0x08,0x62,0x08,0x62,0x08,0x61,0x08,0x04,0x19,0x66,0x29,
    0x04,0x19,0x61,0x08,0x62,0x08,0x62,0x08,0x62,0x08,0x62,0x08,0x62,0x08,0x62,0x08,0x62,0x08,0x62,0x08,0x62,0x08,0x62,0x08,
    0x62,0x08,0x62,0x08,0x62,0x08,0x62,0x08,0x61,0x08,0x04,0x19,0x66,0x29,0x04,0x19,0x61,0x08,0x62,0x08,0x62,0x08,0x62,0x08,
    0x62,0x08,0x62,0x08,0x62,0x08,0x62,0x08,0x62,0x08,0x62,0x08,0x62,0x08,0x62,0x08,0x62,0x08,0x62,0x08,0x62,0x08,0x61,0x08,
    0x04,0x19,0x66,0x29,0x04,0x19,0x61,0x08,0x62,0x08,0x62,0x08,0x62,0x08,0x62,0x08,0x62,0x08,0x62,0x08,0x62,0x08,0x62,0x08,
    0x62,0x08,0x62,0x08,0x62,0x08,0x62,0x08,0x62,0x08,0x62,0x08,0x61,0x08,0x04,0x19,0x66,0x29,0x04,0x19,0x61,0x08,0x62,0x08,
    0x62,0x08,0x62,0x08,0x62,0x08,0x62,0x08,0x62,0x08,0x62,0x08,0x62,0x08,0x62,0x08,0x62,0x08,0x62,0x08,0x62,0x08,0x62,0x08,
    0x62,0x08,0x61,0x08,0xA3,0x10,0x45,0x21,0x25,0x21,0x62,0x08,0x61,0x08,0x61,0x08,0x61,0x08,0x61,0x08,0x61,0x08,0x61,0x08,
    0x61,0x08,0x61,0x08,0x61,0x08,0x61,0x08,0x61,0x08,0x61,0x08,0x61,0x08,0x61,0x08,0x41,0x08,0x82,0x10,0x04,0x21,0xE4,0x18,
    0x61,0x08,0x41,0x08,0x41,0x08,0x41,0x08,0x41,0x08,0x41,0x08,0x41,0x08,0x41,0x08,0x41,0x08,0x41,0x08,0x41,0x08,0x41,0x08,
    0x41,0x08,0x41,0x08,0x41,0x08,0x41,0x00,0x62,0x08,0xE3,0x18,0xC3,0x10,0x41,0x08,0x41,0x08,0x41,0x08,0x41,0x08,0x41,0x08,
    0x41,0x08,0x41,0x00,0x41,0x00,0x41,0x00,0x41,0x00,0x21,0x00,0x21,0x00,0x21,0x00,0x21,0x00,0x21,0x00,0x20,0x00,0x41,0x08,
    0xA2,0x10,0x82,0x10,0x21,0x00,0x20,0x00,0x20,0x00,0x20,0x00,0x20,0x00,0x20,0x00,0x20,0x00,0x20,0x00,0x20,0x00,0x20,0x00,
    0x20,0x00,0x20,0x00,0x20,0x00,0x20,0x00,0x62,0x08,0x41,0x00,0x20,0x00,0x20,0x00,0x20,0x00,0x20,0x00,0x20,0x00,0x20,0x00,
    0x20,0x00,0x20,0x00,0x20,0x00,0x20,0x00,0x20,0x00,0x20,0x00,0x20,0x00,0x21,0x00,0x21,0x00,0x21,0x00,0xA2,0x10,0xA3,0x10,
    0x41,0x08,0x20,0x00,0x21,0x00,0x41,0x00,0x41,0x00,0x41,0x00,0x41,0x00,0x41,0x08,0x41,0x08,0x41,0x08,0x41,0x08,0x41,0x08,
    0x41,0x08,0x41,0x08,0x41,0x08,0x41,0x08,0x41,0x08,0xC3,0x18,0xE4,0x18,0x62,0x08,0x41,0x08,0x41,0x08,0x41,0x08,0x41,0x08,
    0x41,0x08,0x41,0x08,0x41,0x08,0x41,0x08,0x41,0x08,0x41,0x08,0x41,0x08,0x41,0x08,0x41,0x08,0x41,0x08,0x41,0x08,0x61,0x08,
    0x04,0x19,0x25,0x21,0x82,0x10,0x41,0x08,0x61,0x08,0x61,0x08,0x61,0x08,0x61,0x08,0x61,0x08,0x61,0x08,0x61,0x08,0x61,0x08,
    0x61,0x08,0x61,0x08,0x61,0x08,0x61,0x08,0x61,0x08,0x62,0x08,0x62,0x08,0x25,0x21,0x45,0x29,0xA3,0x10,0x61,0x08,0x62,0x08,
    0x62,0x08,0x62,0x08,0x62,0x08,0x62,0x08,0x62,0x08,0x62,0x08,0x62,0x08,0x62,0x08,0x62,0x08,0x62,0x08,0x62,0x08,0x62,0x08,
    0x62,0x08,0x82,0x08,0x45,0x21,0x66,0x29,0xA3,0x10,0x61,0x08,0x62,0x08,0x62,0x08,0x62,0x08,0x62,0x08,0x62,0x08,0x62,0x08,
    0x62,0x08,0x62,0x08,0x62,0x08,0x62,0x08,0x62,0x08,0x62,0x08,0x62,0x08,0x62,0x08,0x82,0x08,0x45,0x21,0x66,0x29,0xA3,0x10,
    0x61,0x08,0x62,0x08,0x62,0x08,0x62,0x08,0x62,0x08,0x62,0x08,0x62,0x08,0x62,0x08,0x62,0x08,0x62,0x08,0x62,0x08,0x62,0x08,
    0x62,0x08,0x62,0x08,0x82,0x08,0x61,0x08,0x04,0x19,0x66,0x29,0x04,0x19,0x61,0x08,0x62,0x08,0x62,0x08,0x62,0x08,0x62,0x08,
    0x62,0x08,0x62,0x08,0x62,0x08,0x62,0x08,0x62,0x08,0x62,0x08,0x62,0x08,0x62,0x08,0x62,0x08,0x82,0x08,0x61,0x08,0x04,0x19,
    0x66,0x29,0x04,0x19,0x61,0x08,0x62,0x08,0x62,0x08,0x62,0x08,0x62,0x08,0x62,0x08,0x62,0x08,0x62,0x08,0x62,0x08,0x62,0x08,
    0x62,0x08,0x62,0x08,0x62,0x08,0x62,0x08,0x82,0x08,0x61,0x08,0x04,0x19,0x66,0x29,0x04,0x19,0x61,0x08,0x62,0x08,0x62,0x08,
    0x62,0x08,0x62,0x08,0x62,0x08,0x62,0x08,0x62,0x08,0x62,0x08,0x62,0x08,0x62,0x08,0x62,0x08,0x62,0x08,0x62,0x08,0x82,0x08,
    0x61,0x08,0x04,0x19,0x66,0x29,0x04,0x19,0x61,0x08,0x82,0x08,0x62,0x08,0x62,0x08,0x62,0x08,0x62,0x08,0x62,0x08,0x62,0x08,
    0x62,0x08,0x62,0x08,0x62,0x08,0x62,0x08,0x62,0x08,0x62,0x08,0x62,0x08,0x61,0x08,0x04,0x19,0x66,0x29,0x04,0x19,0x61,0x08,
    0x82,0x08,0x62,0x08,0x62,0x08,0x62,0x08,0x62,0x08,0x62,0x08,0x62,0x08,0x62,0x08,0x62,0x08,0x62,0x08,0x62,0x08,0x62,0x08,
    0x62,0x08,0x62,0x08,0x61,0x08,0x04,0x19,0x66,0x29,0x04,0x19,0x61,0x08,0x82,0x08,0x62,0x08,0x62,0x08,0x62,0x08,0x62,0x08,
    0x62,0x08,0x62,0x08,0x62,0x08,0x62,0x08,0x62,0x08,0x62,0x08,0x62,0x08,0x62,0x08,0x62,0x08,0x61,0x08,0xA3,0x10,0x45,0x21,
    0x25,0x21,0x62,0x08,0x62,0x08,0x61,0x08,0x61,0x08,0x61,0x08,0x61,0x08,0x61,0x08,0x61,0x08,0x61,0x08,0x61,0x08,0x61,0x08,
    0x61,0x08,0x61,0x08,0x61,0x08,0x61,0x08,0x41,0x08,0x82,0x10,0x04,0x21,0xE4,0x18,0x61,0x08,0x41,0x08,0x41,0x08,0x41,0x08,
    0x41,0x08,0x41,0x08,0x41,0x08,0x41,0x08,0x41,0x08,0x41,0x08,0x41,0x08,0x41,0x08,0x41,0x08,0x41,0x08,0x41,0x08,0x41,0x00,
    0x62,0x08,0xE3,0x18,0xC3,0x10,0x41,0x08,0x41,0x08,0x41,0x08,0x41,0x08,0x41,0x08,0x41,0x08,0x41,0x00,0x41,0x00,0x41,0x00,
    0x41,0x00,0x21,0x00,0x21,0x00,0x21,0x00,0x21,0x00,0x21,0x00,0x20,0x00,0x41,0x08,0xA2,0x10,0x82,0x10,0x21,0x00,0x20,0x00,
    0x20,0x00,0x20,0x00,0x20,0x00,0x20,0x00,0x20,0x00,0x20,0x00,0x20,0x00,0x20,0x00,0x20,0x00,0x20,0x00,0x20,0x00,0x20,0x00,
    0x62,0x08,0x41,0x08,0x20,0x00,0x20,0x00,0x20,0x00,0x20,0x00,0x20,0x00,0x20,0x00,0x20,0x00,0x20,0x00,0x20,0x00,0x20,0x00,
    0x20,0x00,0x20,0x00,0x20,0x00,0x20,0x00,0x20,0x00,0x41,0x08,0xA2,0x10,0xA3,0x10,0x62,0x08,0x20,0x00,0x20,0x00,0x41,0x00,
    0x41,0x00,0x41,0x00,0x41,0x00,0x41,0x08,0x41,0x08,0x41,0x08,0x41,0x08,0x41,0x08,0x41,0x08,0x41,0x08,0x41,0x08,0x41,0x00,
    0x62,0x08,0xC3,0x18,0xE3,0x18,0x82,0x10,0x41,0x00,0x41,0x08,0x41,0x08,0x41,0x08,0x41,0x08,0x41,0x08,0x41,0x08,0x41,0x08,
    0x41,0x08,0x41,0x08,0x41,0x08,0x41,0x08,0x41,0x08,0x41,0x08,0x41,0x08,0x82,0x10,0x04,0x19,0x04,0x21,0xC3,0x10,0x41,0x08,
    0x41,0x08,0x61,0x08,0x61,0x08,0x61,0x08,0x61,0x08,0x61,0x08,0x61,0x08,0x61,0x08,0x61,0x08,0x61,0x08,0x61,0x08,0x62,0x08,
    0x61,0x08,0x61,0x08,0x82,0x10,0x45,0x21,0x45,0x21,0xE4,0x18,0x61,0x08,0x61,0x08,0x62,0x08,0x62,0x08,0x62,0x08,0x62,0x08,
    0x62,0x08,0x62,0x08,0x62,0x08,0x62,0x08,0x62,0x08,0x62,0x08,0x82,0x08,0x62,0x08,0x61,0x08,0xA2,0x10,0x45,0x21,0x66,0x29,
    0xE4,0x18,0x61,0x08,0x61,0x08,0x62,0x08,0x62,0x08,0x62,0x08,0x62,0x08,0x62,0x08,0x62,0x08,0x62,0x08,0x62,0x08,0x62,0x08,
    0x62,0x08,0x82,0x08,0x62,0x08,0x61,0x08,0xA2,0x10,0x45,0x21,0x66,0x29,0xE4,0x18,0x61,0x08,0x61,0x08,0x62,0x08,0x62,0x08,
    0x62,0x08,0x62,0x08,0x62,0x08,0x62,0x08,0x62,0x08,0x62,0x08,0x62,0x08,0x62,0x08,0x62,0x08,0x62,0x08,0x61,0x08,0x82,0x10,
    0x25,0x21,0x66,0x29,0x25,0x21,0x62,0x08,0x61,0x08,0x62,0x08,0x62,0x08,0x62,0x08,0x62,0x08,0x62,0x08,0x62,0x08,0x62,0x08,
    0x62,0x08,0x62,0x08,0x62,0x08,0x62,0x08,0x62,0x08,0x61,0x08,0x82,0x10,0x25,0x21,0x66,0x29,0x25,0x21,0x62,0x08,0x61,0x08,
    0x62,0x08,0x62,0x08,0x62,0x08,0x62,0x08,0x62,0x08,0x62,0x08,0x62,0x08,0x62,0x08,0x62,0x08,0x62,0x08,0x62,0x08,0x62,0x08,
    0x61,0x08,0x82,0x10,0x25,0x21,0x66,0x29,0x25,0x21,0x62,0x08,0x61,0x08,0x62,0x08,0x62,0x08,0x62,0x08,0x62,0x08,0x62,0x08,
    0x62,0x08,0x62,0x08,0x62,0x08,0x62,0x08,0x62,0x08,0x62,0x08,0x62,0x08,0x61,0x08,0x82,0x10,0x25,0x21,0x66,0x29,0x25,0x21,
    0x82,0x10,0x61,0x08,0x62,0x08,0x62,0x08,0x62,0x08,0x62,0x08,0x62,0x08,0x62,0x08,0x62,0x08,0x62,0x08,0x62,0x08,0x62,0x08,
    0x62,0x08,0x62,0x08,0x61,0x08,0x62,0x08,0x25,0x21,0x66,0x29,0x25,0x21,0x82,0x10,0x61,0x08,0x62,0x08,0x62,0x08,0x62,0x08,
    0x62,0x08,0x62,0x08,0x62,0x08,0x62,0x08,0x62,0x08,0x62,0x08,0x62,0x08,0x62,0x08,0x62,0x08,0x61,0x08,0x62,0x08,0x25,0x21,
    0x66,0x29,0x25,0x21,0x82,0x10,0x61,0x08,0x62,0x08,0x62,0x08,0x62,0x08,0x62,0x08,0x62,0x08,0x62,0x08,0x62,0x08,0x62,0x08,
    0x62,0x08,0x62,0x08,0x62,0x08,0x62,0x08,0x61,0x08,0x61,0x08,0xE3,0x18,0x45,0x21,0x25,0x21,0x82,0x10,0x41,0x08,0x61,0x08,
    0x62,0x08,0x61,0x08,0x61,0x08,0x61,0x08,0x61,0x08,0x61,0x08,0x61,0x08,0x61,0x08,0x61,0x08,0x61,0x08,0x61,0x08,0x41,0x08,
    0x41,0x08,0xA3,0x10,0x04,0x21,0x04,0x19,0x62,0x08,0x41,0x08,0x41,0x08,0x41,0x08,0x41,0x08,0x41,0x08,0x41,0x08,0x41,0x08,
    0x41,0x08,0x41,0x08,0x41,0x08,0x41,0x08,0x41,0x08,0x41,0x08,0x41,0x00,0x41,0x08,0x82,0x10,0xC3,0x18,0xC3,0x18,0x61,0x08,
    0x21,0x00,0x41,0x00,0x41,0x08,0x41,0x08,0x41,0x08,0x41,0x00,0x41,0x00,0x41,0x00,0x41,0x00,0x21,0x00,0x21,0x00,0x21,0x00,
    0x21,0x00,0x20,0x00,0x20,0x00,0x61,0x08,0xA2,0x10,0x82,0x10,0x41,0x08,0x20,0x00,0x20,0x00,0x20,0x00,0x20,0x00,0x20,0x00,
    0x20,0x00,0x20,0x00,0x20,0x00,0x20,0x00,0x20,0x00,0x20,0x00,0x20,0x00,0x20,0x00,0x62,0x08,0x62,0x08,0x61,0x08,0x41,0x00,
    0x20,0x00,0x20,0x00,0x20,0x00,0x20,0x00,0x20,0x00,0x20,0x00,0x20,0x00,0x20,0x00,0x20,0x00,0x20,0x00,0x20,0x00,0x41,0x08,
    0x62,0x08,0xA2,0x10,0xA3,0x10,0xA3,0x10,0xA3,0x10,0x82,0x10,0x41,0x08,0x21,0x00,0x21,0x00,0x41,0x00,0x41,0x00,0x41,0x08,
    0x41,0x08,0x41,0x08,0x41,0x08,0x41,0x08,0x41,0x08,0x41,0x00,0x41,0x08,0x82,0x10,0xC3,0x18,0xE4,0x18,0xE4,0x18,0xE3,0x18,
    0xA3,0x10,0x62,0x08,0x41,0x08,0x41,0x08,0x41,0x08,0x41,0x08,0x41,0x08,0x41,0x08,0x41,0x08,0x41,0x08,0x41,0x08,0x41,0x08,
    0x41,0x08,0x62,0x08,0xC3,0x10,0x04,0x21,0x24,0x21,0x05,0x21,0x24,0x21,0xE4,0x18,0x82,0x10,0x41,0x08,0x61,0x08,0x61,0x08,
    0x61,0x08,0x61,0x08,0x61,0x08,0x61,0x08,0x61,0x08,0x61,0x08,0x61,0x08,0x41,0x08,0x62,0x08,0xE4,0x18,0x45,0x21,0x45,0x29,
    0x45,0x29,0x45,0x29,0x04,0x21,0xA3,0x10,0x62,0x08,0x62,0x08,0x62,0x08,0x62,0x08,0x62,0x08,0x62,0x08,0x62,0x08,0x62,0x08,
    0x62,0x08,0x62,0x08,0x61,0x08,0x82,0x10,0x04,0x19,0x45,0x21,0x66,0x29,0x66,0x29,0x66,0x29,0x25,0x21,0xA3,0x10,0x62,0x08,
    0x62,0x08,0x62,0x08,0x62,0x08,0x62,0x08,0x62,0x08,0x62,0x08,0x62,0x08,0x62,0x08,0x62,0x08,0x61,0x08,0x82,0x10,0x04,0x19,
    0x45,0x21,0x66,0x29,0x66,0x29,0x66,0x29,0x25,0x21,0xA3,0x10,0x62,0x08,0x62,0x08,0x62,0x08,0x62,0x08,0x62,0x08,0x62,0x08,
    0x62,0x08,0x62,0x08,0x62,0x08,0x62,0x08,0x61,0x08,0x62,0x08,0xC3,0x18,0x45,0x21,0x66,0x29,0x66,0x29,0x66,0x29,0x25,0x21,
    0xC3,0x18,0x62,0x08,0x61,0x08,0x62,0x08,0x62,0x08,0x62,0x08,0x62,0x08,0x62,0x08,0x62,0x08,0x62,0x08,0x62,0x08,0x61,0x08,
    0x62,0x08,0xC3,0x18,0x45,0x21,0x66,0x29,0x66,0x29,0x66,0x29,0x25,0x21,0xC3,0x18,0x62,0x08,0x61,0x08,0x62,0x08,0x62,0x08,
    0x62,0x08,0x62,0x08,0x62,0x08,0x62,0x08,0x62,0x08,0x62,0x08,0x61,0x08,0x62,0x08,0xC3,0x18,0x45,0x21,0x66,0x29,0x66,0x29,
    0x66,0x29,0x25,0x21,0xC3,0x18,0x62,0x08,0x61,0x08,0x62,0x08,0x62,0x08,0x62,0x08,0x62,0x08,0x62,0x08,0x62,0x08,0x62,0x08,
    0x62,0x08,0x61,0x08,0x62,0x08,0xC3,0x18,0x45,0x21,0x66,0x29,0x66,0x29,0x66,0x29,0x45,0x21,0xC3,0x18,0x62,0x08,0x61,0x08,
    0x62,0x08,0x62,0x08,0x62,0x08,0x62,0x08,0x62,0x08,0x62,0x08,0x62,0x08,0x62,0x08,0x61,0x08,0x62,0x08,0xC3,0x18,0x25,0x21,
    0x66,0x29,0x66,0x29,0x66,0x29,0x45,0x21,0xC3,0x18,0x62,0x08,0x61,0x08,0x62,0x08,0x62,0x08,0x62,0x08,0x62,0x08,0x62,0x08,
    0x62,0x08,0x62,0x08,0x62,0x08,0x61,0x08,0x62,0x08,0xC3,0x18,0x25,0x21,0x66,0x29,0x66,0x29,0x66,0x29,0x45,0x21,0xC3,0x18,
    0x62,0x08,0x61,0x08,0x62,0x08,0x62,0x08,0x62,0x08,0x62,0x08,0x62,0x08,0x62,0x08,0x62,0x08,0x62,0x08,0x61,0x08,0x61,0x08,
    0xA3,0x10,0x04,0x21,0x45,0x21,0x45,0x21,0x45,0x21,0x25,0x21,0xE4,0x18,0x62,0x08,0x41,0x08,0x61,0x08,0x61,0x08,0x61,0x08,
    0x61,0x08,0x61,0x08,0x61,0x08,0x61,0x08,0x61,0x08,0x41,0x08,0x41,0x08,0x82,0x10,0xE4,0x18,0x04,0x21,0x04,0x21,0x04,0x21,
    0x04,0x19,0xC3,0x10,0x61,0x08,0x41,0x08,0x41,0x08,0x41,0x08,0x41,0x08,0x41,0x08,0x41,0x08,0x41,0x08,0x41,0x08,0x41,0x08,
    0x41,0x08,0x41,0x08,0x62,0x08,0xA3,0x10,0xE3,0x18,0xC3,0x18,0xC3,0x18,0xC3,0x10,0x82,0x10,0x41,0x08,0x21,0x00,0x41,0x08,
    0x41,0x08,0x41,0x00,0x41,0x00,0x41,0x00,0x41,0x00,0x21,0x00,0x21,0x00,0x21,0x00,0x21,0x00,0x41,0x08,0x82,0x10,0xA2,0x10,
    0xA2,0x10,0xA2,0x10,0x82,0x10,0x61,0x08,0x21,0x00,0x20,0x00,0x20,0x00,0x20,0x00,0x20,0x00,0x20,0x00,0x20,0x00,0x20,0x00,
    0x20,0x00,0x20,0x00,0x20,0x00,0x20,0x00,0x41,0x08,0x62,0x08,0x82,0x08,0x82,0x08,0x41,0x08,0x21,0x00,0x20,0x00,0x20,0x00,
    0x20,0x00,0x20,0x00,0x20,0x00,0x20,0x00,0x20,0x00,0x21,0x00,0x61,0x08,0x82,0x10,0xA2,0x10,0xA3,0x10,0x82,0x10,0x62,0x08,
    0xA3,0x10,0xC3,0x10,0xA3,0x10,0x82,0x08,0x41,0x08,0x21,0x00,0x41,0x00,0x41,0x08,0x41,0x08,0x41,0x08,0x41,0x08,0x21,0x00,
    0x41,0x08,0x82,0x10,0xC3,0x18,0xE3,0x18,0xE4,0x18,0xA3,0x10,0xA2,0x10,0xE4,0x18,0xE4,0x18,0xE4,0x18,0xA2,0x10,0x61,0x08,
    0x41,0x08,0x41,0x08,0x41,0x08,0x41,0x08,0x41,0x08,0x41,0x08,0x41,0x08,0x61,0x08,0xC3,0x10,0x04,0x19,0x04,0x21,0x25,0x21,
    0xE3,0x18,0xC3,0x10,0x24,0x21,0x25,0x21,0x25,0x21,0xE4,0x18,0x82,0x08,0x41,0x08,0x61,0x08,0x61,0x08,0x61,0x08,0x61,0x08,
    0x61,0x08,0x41,0x08,0x61,0x08,0xC3,0x10,0x25,0x21,0x45,0x29,0x45,0x29,0x04,0x19,0xE4,0x18,0x45,0x21,0x66,0x29,0x45,0x29,
    0x04,0x21,0x82,0x10,0x61,0x08,0x62,0x08,0x62,0x08,0x62,0x08,0x62,0x08,0x62,0x08,0x61,0x08,0x62,0x08,0xC3,0x18,0x45,0x21,
    0x66,0x29,0x66,0x29,0x04,0x21,0xE4,0x18,0x66,0x29,0x66,0x29,0x66,0x29,0x04,0x21,0x82,0x10,0x61,0x08,0x62,0x08,0x62,0x08,
    0x62,0x08,0x62,0x08,0x62,0x08,0x61,0x08,0x62,0x08,0xC3,0x18,0x45,0x21,0x66,0x29,0x66,0x29,0x04,0x21,0xE4,0x18,0x66,0x29,
    0x66,0x29,0x66,0x29,0x04,0x21,0x82,0x10,0x61,0x08,0x62,0x08,0x62,0x08,0x62,0x08,0x62,0x08,0x62,0x08,0x61,0x08,0x61,0x08,
    0xC3,0x10,0x45,0x21,0x66,0x29,0x66,0x29,0x45,0x21,0xE4,0x18,0x45,0x21,0x66,0x29,0x66,0x29,0x24,0x21,0xA3,0x10,0x62,0x08,
    0x62,0x08,0x62,0x08,0x62,0x08,0x62,0x08,0x62,0x08,0x61,0x08,0x61,0x08,0xC3,0x10,0x45,0x21,0x66,0x29,0x66,0x29,0x45,0x21,
    0xE4,0x18,0x45,0x21,0x66,0x29,0x66,0x29,0x24,0x21,0xA3,0x10,0x62,0x08,0x62,0x08,0x62,0x08,0x62,0x08,0x62,0x08,0x62,0x08,
    0x61,0x08,0x61,0x08,0xC3,0x10,0x45,0x21,0x66,0x29,0x66,0x29,0x45,0x21,0xE4,0x18,0x45,0x21,0x66,0x29,0x66,0x29,0x24,0x21,
    0xA3,0x10,0x62,0x08,0x62,0x08,0x62,0x08,0x62,0x08,0x62,0x08,0x62,0x08,0x61,0x08,0x61,0x08,0xC3,0x10,0x45,0x21,0x66,0x29,
    0x66,0x29,0x45,0x21,0xE4,0x18,0x45,0x21,0x66,0x29,0x66,0x29,0x45,0x21,0xC3,0x10,0x61,0x08,0x61,0x08,0x62,0x08,0x62,0x08,
    0x62,0x08,0x62,0x08,0x62,0x08,0x62,0x08,0xA3,0x10,0x24,0x21,0x66,0x29,0x66,0x29,0x45,0x21,0xE4,0x18,0x45,0x21,0x66,0x29,
    0x66,0x29,0x45,0x21,0xC3,0x10,0x61,0x08,0x61,0x08,0x62,0x08,0x62,0x08,0x62,0x08,0x62,0x08,0x62,0x08,0x62,0x08,0xA3,0x10,
    0x24,0x21,0x66,0x29,0x66,0x29,0x45,0x21,0xE4,0x18,0x45,0x21,0x66,0x29,0x66,0x29,0x45,0x21,0xC3,0x10,0x61,0x08,0x61,0x08,
    0x62,0x08,0x62,0x08,0x62,0x08,0x62,0x08,0x61,0x08,0x61,0x08,0x82,0x10,0x04,0x21,0x45,0x21,0x45,0x29,0x45,0x21,0xE3,0x18,
    0x04,0x19,0x45,0x21,0x45,0x21,0x24,0x21,0xA3,0x10,0x61,0x08,0x41,0x08,0x61,0x08,0x61,0x08,0x61,0x08,0x61,0x08,0x41,0x08,
    0x41,0x08,0x62,0x08,0xE3,0x18,0x04,0x21,0x25,0x21,0x04,0x19,0xC3,0x10,0xC3,0x18,0x04,0x21,0x04,0x21,0xE4,0x18,0x82,0x10,
    0x41,0x08,0x41,0x08,0x41,0x08,0x41,0x08,0x41,0x08,0x41,0x08,0x41,0x08,0x41,0x08,0x61,0x08,0xA3,0x10,0xE3,0x18,0xE4,0x18,
    0xE3,0x18,0x82,0x10,0xA2,0x10,0xE3,0x18,0xC3,0x18,0xA3,0x10,0x62,0x08,0x41,0x08,0x21,0x00,0x41,0x00,0x41,0x00,0x41,0x00,
    0x41,0x00,0x21,0x00,0x20,0x00,0x41,0x08,0x82,0x10,0xA3,0x10,0xA3,0x10,0xA2,0x10,0x62,0x08,0x82,0x08,0xA2,0x10,0xA2,0x10,
    0x82,0x10,0x61,0x08,0x20,0x00,0x20,0x00,0x20,0x00,0x20,0x00,0x20,0x00,0x20,0x00,0x20,0x00,0x20,0x00,0x20,0x00,0x41,0x08,
    0x20,0x00,0x21,0x00,0x61,0x08,0x82,0x08,0x82,0x10,0x82,0x08,0x41,0x08,0x20,0x00,0x20,0x00,0x20,0x00,0x20,0x00,0x20,0x00,
    0x41,0x08,0x82,0x10,0xA2,0x10,0xA2,0x10,0x82,0x10,0x61,0x08,0x21,0x00,0x20,0x00,0x41,0x08,0x82,0x10,0xA3,0x10,0xC3,0x10,
    0xA3,0x10,0x62,0x08,0x41,0x00,0x21,0x00,0x41,0x08,0x21,0x00,0x41,0x08,0x62,0x08,0xA3,0x10,0xC3,0x18,0xE3,0x18,0xC3,0x10,
    0x82,0x10,0x41,0x08,0x41,0x00,0x62,0x08,0xA3,0x10,0xE4,0x18,0xE4,0x18,0xE4,0x18,0x82,0x10,0x41,0x08,0x41,0x08,0x41,0x08,
    0x41,0x08,0x41,0x08,0x82,0x10,0xE4,0x18,0x04,0x21,0x04,0x21,0xE4,0x18,0xA2,0x10,0x41,0x08,0x41,0x08,0x82,0x10,0xE4,0x18,
    0x25,0x21,0x25,0x21,0x24,0x21,0xC3,0x18,0x62,0x08,0x41,0x08,0x61,0x08,0x61,0x08,0x61,0x08,0xA2,0x10,0x04,0x21,0x45,0x21,
    0x45,0x29,0x25,0x21,0xC3,0x10,0x61,0x08,0x61,0x08,0xA2,0x10,0x04,0x21,0x45,0x29,0x66,0x29,0x45,0x21,0xE4,0x18,0x82,0x10,
    0x61,0x08,0x62,0x08,0x62,0x08,0x62,0x08,0xA3,0x10,0x25,0x21,0x66,0x29,0x66,0x29,0x25,0x21,0xC3,0x18,0x62,0x08,0x61,0x08,
    0xA3,0x10,0x04,0x21,0x66,0x29,0x66,0x29,0x45,0x21,0xE4,0x18,0x82,0x10,0x61,0x08,0x62,0x08,0x62,0x08,0x62,0x08,0xA3,0x10,
    0x25,0x21,0x66,0x29,0x66,0x29,0x25,0x21,0xC3,0x18,0x62,0x08,0x61,0x08,0xA3,0x10,0x04,0x21,0x66,0x29,0x66,0x29,0x45,0x21,
    0xE4,0x18,0x82,0x10,0x61,0x08,0x62,0x08,0x62,0x08,0x62,0x08,0xA3,0x10,0x04,0x21,0x66,0x29,0x66,0x29,0x45,0x21,0x04,0x19,
    0x82,0x10,0x61,0x08,0x82,0x10,0x04,0x19,0x45,0x21,0x66,0x29,0x66,0x29,0x04,0x19,0x82,0x10,0x61,0x08,0x62,0x08,0x62,0x08,
    0x62,0x08,0xA3,0x10,0x04,0x21,0x66,0x29,0x66,0x29,0x45,0x21,0x04,0x19,0x82,0x10,0x61,0x08,0x82,0x10,0x04,0x19,0x45,0x21,
    0x66,0x29,0x66,0x29,0x04,0x19,0x82,0x10,0x61,0x08,0x62,0x08,0x62,0x08,0x62,0x08,0xA3,0x10,0x04,0x21,0x66,0x29,0x66,0x29,
    0x45,0x21,0x04,0x19,0x82,0x10,0x61,0x08,0x82,0x10,0x04,0x19,0x45,0x21,0x66,0x29,0x66,0x29,0x04,0x19,0x82,0x10,0x61,0x08,
    0x62,0x08,0x62,0x08,0x62,0x08,0xA3,0x10,0x04,0x21,0x66,0x29,0x66,0x29,0x45,0x21,0x04,0x19,0x82,0x10,0x61,0x08,0x82,0x10,
    0x04,0x19,0x45,0x21,0x66,0x29,0x66,0x29,0x04,0x21,0xA3,0x10,0x62,0x08,0x62,0x08,0x62,0x08,0x61,0x08,0x82,0x10,0x04,0x19,
    0x66,0x29,0x66,0x29,0x45,0x21,0x04,0x19,0x82,0x10,0x61,0x08,0x82,0x10,0x04,0x19,0x45,0x21,0x66,0x29,0x66,0x29,0x04,0x21,
    0xA3,0x10,0x62,0x08,0x62,0x08,0x62,0x08,0x61,0x08,0x82,0x10,0x04,0x19,0x66,0x29,0x66,0x29,0x45,0x21,0x04,0x19,0x82,0x10,
    0x61,0x08,0x82,0x10,0x04,0x19,0x45,0x21,0x66,0x29,0x66,0x29,0x04,0x21,0xA3,0x10,0x62,0x08,0x62,0x08,0x62,0x08,0x61,0x08,
    0x82,0x10,0xE4,0x18,0x45,0x21,0x66,0x29,0x45,0x21,0x04,0x19,0xA2,0x10,0x61,0x08,0x61,0x08,0xA3,0x10,0x04,0x21,0x45,0x21,
    0x45,0x21,0x04,0x21,0x82,0x10,0x61,0x08,0x61,0x08,0x61,0x08,0x41,0x08,0x62,0x08,0xC3,0x18,0x04,0x21,0x25,0x21,0x04,0x21,
    0xE3,0x18,0x82,0x08,0x41,0x08,0x41,0x08,0x82,0x10,0xE4,0x18,0x04,0x21,0x04,0x19,0xC3,0x18,0x82,0x08,0x41,0x08,0x41,0x08,
    0x41,0x08,0x41,0x08,0x61,0x08,0xA2,0x10,0xE3,0x18,0xE4,0x18,0xE3,0x18,0xA3,0x10,0x61,0x08,0x41,0x00,0x41,0x08,0x62,0x08,
    0xA3,0x10,0xC3,0x18,0xC3,0x18,0xA3,0x10,0x61,0x08,0x21,0x00,0x21,0x00,0x41,0x00,0x21,0x00,0x41,0x08,0x82,0x08,0xA2,0x10,
    0xA3,0x10,0xA3,0x10,0x82,0x10,0x41,0x08,0x20,0x00,0x20,0x00,0x41,0x08,0x82,0x10,0x82,0x10,0x82,0x10,0x82,0x08,0x41,0x08,
    0x20,0x00,0x20,0x00,0x20,0x00,0x20,0x00,0x20,0x00,0x41,0x08,0x62,0x08,0x82,0x08,0x20,0x00,0x20,0x00,0x20,0x00,0x41,0x08,
    0x62,0x08,0x82,0x10,0x82,0x10,0x82,0x08,0x41,0x08,0x20,0x00,0x41,0x08,0x82,0x10,0xA2,0x10,0xA2,0x10,0x82,0x10,0x61,0x08,
    0x21,0x00,0x20,0x00,0x21,0x00,0x41,0x00,0x20,0x00,0x20,0x00,0x61,0x08,0xA2,0x10,0xC3,0x10,0xC3,0x10,0xA3,0x10,0x61,0x08,
    0x21,0x00,0x61,0x08,0xA3,0x10,0xC3,0x18,0xE3,0x18,0xC3,0x10,0x82,0x08,0x41,0x08,0x41,0x00,0x41,0x08,0x41,0x08,0x41,0x08,
    0x41,0x08,0x82,0x08,0xC3,0x18,0xE4,0x18,0x04,0x19,0xE3,0x18,0x82,0x10,0x41,0x08,0x82,0x10,0xE4,0x18,0x04,0x19,0x04,0x21,
    0xE4,0x18,0xA2,0x10,0x61,0x08,0x41,0x08,0x61,0x08,0x61,0x08,0x41,0x08,0x41,0x08,0x82,0x10,0xE4,0x18,0x25,0x21,0x25,0x21,
    0x25,0x21,0xC3,0x18,0x61,0x08,0x82,0x10,0xE4,0x18,0x45,0x21,0x45,0x21,0x25,0x21,0xE3,0x18,0x62,0x08,0x61,0x08,0x62,0x08,
    0x62,0x08,0x61,0x08,0x61,0x08,0xA3,0x10,0x24,0x21,0x66,0x29,0x66,0x29,0x45,0x21,0xE4,0x18,0x62,0x08,0x82,0x10,0x04,0x21,
    0x66,0x29,0x66,0x29,0x45,0x21,0xE4,0x18,0x82,0x08,0x61,0x08,0x62,0x08,0x82,0x08,0x61,0x08,0x62,0x08,0xA3,0x10,0x24,0x21,
    0x66,0x29,0x66,0x29,0x45,0x21,0xE4,0x18,0x62,0x08,0x82,0x10,0x04,0x21,0x66,0x29,0x66,0x29,0x45,0x21,0xE4,0x18,0x82,0x08,
    0x61,0x08,0x62,0x08,0x82,0x08,0x61,0x08,0x62,0x08,0xA3,0x10,0x24,0x21,0x66,0x29,0x66,0x29,0x45,0x21,0xE4,0x18,0x62,0x08,
    0x82,0x10,0x24,0x21,0x66,0x29,0x66,0x29,0x66,0x29,0xE4,0x18,0x82,0x10,0x61,0x08,0x62,0x08,0x82,0x08,0x62,0x08,0x61,0x08,
    0x82,0x10,0x04,0x21,0x66,0x29,0x66,0x29,0x45,0x21,0xE4,0x18,0x62,0x08,0x82,0x10,0x24,0x21,0x66,0x29,0x66,0x29,0x66,0x29,
    0xE4,0x18,0x82,0x10,0x61,0x08,0x62,0x08,0x82,0x08,0x62,0x08,0x61,0x08,0x82,0x10,0x04,0x21,0x66,0x29,0x66,0x29,0x45,0x21,
    0xE4,0x18,0x62,0x08,0x82,0x10,0x24,0x21,0x66,0x29,0x66,0x29,0x66,0x29,0xE4,0x18,0x82,0x10,0x61,0x08,0x62,0x08,0x82,0x08,
    0x62,0x08,0x61,0x08,0x82,0x10,0x04,0x21,0x66,0x29,0x66,0x29,0x45,0x21,0xE4,0x18,0x62,0x08,0x82,0x10,0x24,0x21,0x66,0x29,
    0x66,0x29,0x66,0x29,0xE4,0x18,0x82,0x10,0x61,0x08,0x62,0x08,0x82,0x08,0x62,0x08,0x61,0x08,0x82,0x10,0xE4,0x18,0x66,0x29,
    0x66,0x29,0x66,0x29,0x24,0x21,0x82,0x10,0x62,0x08,0xE4,0x18,0x45,0x21,0x66,0x29,0x66,0x29,0x04,0x21,0x82,0x10,0x61,0x08,
    0x62,0x08,0x82,0x08,0x62,0x08,0x61,0x08,0x82,0x10,0xE4,0x18,0x66,0x29,0x66,0x29,0x66,0x29,0x24,0x21,0x82,0x10,0x62,0x08,
    0xE4,0x18,0x45,0x21,0x66,0x29,0x66,0x29,0x04,0x21,0x82,0x10,0x61,0x08,0x62,0x08,0x82,0x08,0x62,0x08,0x61,0x08,0x82,0x10,
    0xE4,0x18,0x66,0x29,0x66,0x29,0x66,0x29,0x24,0x21,0x82,0x10,0x62,0x08,0xE4,0x18,0x45,0x21,0x66,0x29,0x66,0x29,0x04,0x21,
    0xA3,0x10,0x61,0x08,0x61,0x08,0x62,0x08,0x61,0x08,0x41,0x08,0x62,0x08,0xE3,0x18,0x25,0x21,0x45,0x21,0x25,0x21,0xE4,0x18,
    0x82,0x08,0x61,0x08,0xC3,0x10,0x04,0x21,0x25,0x21,0x25,0x21,0xE3,0x18,0x82,0x10,0x41,0x08,0x41,0x08,0x61,0x08,0x41,0x08,
    0x41,0x08,0x61,0x08,0xA3,0x10,0xE4,0x18,0x04,0x19,0x04,0x19,0xC3,0x10,0x61,0x08,0x41,0x08,0xA2,0x10,0xE3,0x18,0xE4,0x18,
    0xE4,0x18,0xA3,0x10,0x62,0x08,0x41,0x08,0x41,0x08,0x41,0x08,0x41,0x08,0x21,0x00,0x41,0x08,0x82,0x10,0xC3,0x10,0xC3,0x18,
    0xC3,0x10,0x82,0x10,0x41,0x08,0x41,0x00,0x82,0x08,0xA3,0x10,0xA3,0x10,0xA3,0x10,0x82,0x10,0x41,0x08,0x20,0x00,0x20,0x00,
    0x21,0x00,0x20,0x00,0x20,0x00,0x20,0x00,0x41,0x08,0x82,0x10,0x82,0x10,0x82,0x10,0x82,0x08,0x41,0x08,0x20,0x00,0x41,0x08,
    0x62,0x08,0x82,0x08,0x82,0x08,0x61,0x08,0x20,0x00,0x20,0x00,0x20,0x00,0x20,0x00,0x20,0x00,0x41,0x08,0x82,0x08,0x82,0x10,
    0x82,0x10,0x82,0x08,0x82,0x10,0xA2,0x10,0x82,0x10,0x62,0x08,0x21,0x00,0x20,0x00,0x21,0x00,0x21,0x00,0x21,0x00,0x21,0x00,
    0x21,0x00,0x21,0x00,0x20,0x00,0x41,0x00,0x62,0x08,0xA3,0x10,0xC3,0x18,0xC3,0x10,0xA3,0x10,0xC3,0x18,0xC3,0x18,0xC3,0x10,
    0x82,0x10,0x41,0x08,0x21,0x00,0x41,0x08,0x41,0x08,0x41,0x08,0x41,0x08,0x41,0x08,0x41,0x08,0x41,0x08,0x41,0x08,0x82,0x10,
    0xE4,0x18,0x04,0x19,0x04,0x19,0xC3,0x18,0x04,0x19,0x04,0x21,0xE4,0x18,0xC3,0x10,0x61,0x08,0x41,0x08,0x41,0x08,0x61,0x08,
    0x61,0x08,0x61,0x08,0x61,0x08,0x61,0x08,0x41,0x08,0x41,0x08,0xA3,0x10,0x04,0x19,0x25,0x21,0x25,0x21,0x04,0x21,0x25,0x21,
    0x45,0x21,0x45,0x21,0xE4,0x18,0x82,0x08,0x61,0x08,0x62,0x08,0x62,0x08,0x62,0x08,0x62,0x08,0x62,0x08,0x62,0x08,0x61,0x08,
    0x62,0x08,0xC3,0x18,0x25,0x21,0x66,0x29,0x66,0x29,0x25,0x21,0x45,0x21,0x66,0x29,0x66,0x29,0x04,0x19,0x82,0x10,0x61,0x08,
    0x62,0x08,0x62,0x08,0x62,0x08,0x62,0x08,0x62,0x08,0x62,0x08,0x61,0x08,0x62,0x08,0xC3,0x18,0x25,0x21,0x66,0x29,0x66,0x29,
    0x25,0x21,0x45,0x21,0x66,0x29,0x66,0x29,0x04,0x19,0x82,0x10,0x61,0x08,0x62,0x08,0x62,0x08,0x62,0x08,0x62,0x08,0x62,0x08,
    0x62,0x08,0x61,0x08,0x62,0x08,0xC3,0x18,0x25,0x21,0x66,0x29,0x66,0x29,0x25,0x21,0x45,0x21,0x66,0x29,0x66,0x29,0x04,0x21,
    0xA3,0x10,0x61,0x08,0x62,0x08,0x62,0x08,0x62,0x08,0x62,0x08,0x62,0x08,0x62,0x08,0x62,0x08,0x62,0x08,0xA3,0x10,0x25,0x21,
    0x66,0x29,0x66,0x29,0x25,0x21,0x45,0x21,0x66,0x29,0x66,0x29,0x04,0x21,0xA3,0x10,0x61,0x08,0x62,0x08,0x62,0x08,0x62,0x08,
    0x62,0x08,0x62,0x08,0x62,0x08,0x62,0x08,0x62,0x08,0xA3,0x10,0x25,0x21,0x66,0x29,0x66,0x29,0x25,0x21,0x45,0x21,0x66,0x29,
    0x66,0x29,0x04,0x21,0xA3,0x10,0x61,0x08,0x62,0x08,0x62,0x08,0x62,0x08,0x62,0x08,0x62,0x08,0x62,0x08,0x62,0x08,0x62,0x08,
    0xA3,0x10,0x25,0x21,0x66,0x29,0x66,0x29,0x25,0x21,0x45,0x21,0x66,0x29,0x66,0x29,0x04,0x21,0xA3,0x10,0x61,0x08,0x62,0x08,
    0x62,0x08,0x62,0x08,0x62,0x08,0x62,0x08,0x62,0x08,0x62,0x08,0x61,0x08,0xA3,0x10,0x04,0x21,0x66,0x29,0x66,0x29,0x45,0x21,
    0x25,0x21,0x66,0x29,0x66,0x29,0x25,0x21,0xA3,0x10,0x62,0x08,0x62,0x08,0x62,0x08,0x62,0x08,0x62,0x08,0x62,0x08,0x62,0x08,
    0x62,0x08,0x61,0x08,0xA3,0x10,0x04,0x21,0x66,0x29,0x66,0x29,0x45,0x21,0x25,0x21,0x66,0x29,0x66,0x29,0x25,0x21,0xA3,0x10,
    0x62,0x08,0x62,0x08,0x62,0x08,0x62,0x08,0x62,0x08,0x62,0x08,0x62,0x08,0x62,0x08,0x61,0x08,0xA3,0x10,0x04,0x21,0x66,0x29,
    0x66,0x29,0x45,0x21,0x25,0x21,0x66,0x29,0x66,0x29,0x25,0x21,0xC3,0x18,0x61,0x08,0x61,0x08,0x62,0x08,0x62,0x08,0x61,0x08,
    0x61,0x08,0x61,0x08,0x61,0x08,0x41,0x08,0x82,0x08,0xE4,0x18,0x25,0x21,0x45,0x21,0x04,0x21,0x04,0x19,0x25,0x21,0x25,0x21,
    0x04,0x19,0xA2,0x10,0x41,0x08,0x41,0x08,0x61,0x08,0x41,0x08,0x41,0x08,0x41,0x08,0x41,0x08,0x41,0x08,0x41,0x08,0x61,0x08,
    0xC3,0x10,0x04,0x19,0x04,0x19,0xE4,0x18,0xC3,0x18,0xE4,0x18,0xE4,0x18,0xC3,0x18,0x82,0x10,0x41,0x08,0x41,0x00,0x41,0x08,
    0x41,0x08,0x41,0x08,0x41,0x08,0x41,0x08,0x41,0x08,0x21,0x00,0x41,0x08,0x82,0x10,0xC3,0x18,0xC3,0x18,0xA3,0x10,0xA2,0x10,
    0xC3,0x10,0xA3,0x10,0xA2,0x10,0x61,0x08,0x21,0x00,0x20,0x00,0x21,0x00,0x21,0x00,0x21,0x00,0x20,0x00,0x20,0x00,0x20,0x00,
    0x20,0x00,0x21,0x00,0x61,0x08,0x82,0x10,0x82,0x10,0x82,0x10,0x62,0x08,0x82,0x08,0x82,0x10,0x62,0x08,0x41,0x08,0x20,0x00,
    0x20,0x00,0x20,0x00,0x20,0x00,0x20,0x00,0x20,0x00,0x20,0x00,0x21,0x00,0x61,0x08,0x82,0x10,0x82,0x10,0x82,0x10,0x62,0x08,
    0x41,0x00,0x20,0x00,0x20,0x00,0x21,0x00,0x21,0x00,0x21,0x00,0x21,0x00,0x21,0x00,0x21,0x00,0x21,0x00,0x21,0x00,0x41,0x00,
    0x21,0x00,0x41,0x08,0x82,0x10,0xC3,0x10,0xC3,0x10,0xC3,0x18,0x82,0x10,0x41,0x08,0x21,0x00,0x41,0x08,0x41,0x08,0x41,0x08,
    0x41,0x08,0x41,0x08,0x41,0x08,0x41,0x08,0x41,0x08,0x41,0x08,0x41,0x08,0x41,0x08,0x61,0x08,0xA3,0x10,0xE4,0x18,0x04,0x19,
    0xE4,0x18,0xC3,0x10,0x61,0x08,0x41,0x08,0x41,0x08,0x61,0x08,0x41,0x08,0x61,0x08,0x61,0x08,0x61,0x08,0x61,0x08,0x61,0x08,
    0x61,0x08,0x61,0x08,0x41,0x08,0x61,0x08,0xA3,0x10,0x24,0x21,0x25,0x21,0x25,0x21,0x04,0x19,0xA2,0x10,0x61,0x08,0x61,0x08,
    0x61,0x08,0x62,0x08,0x62,0x08,0x62,0x08,0x62,0x08,0x62,0x08,0x62,0x08,0x62,0x08,0x62,0x08,0x61,0x08,0x82,0x08,0xC3,0x18,
    0x45,0x21,0x66,0x29,0x66,0x29,0x24,0x21,0xA3,0x10,0x62,0x08,0x62,0x08,0x62,0x08,0x62,0x08,0x62,0x08,0x62,0x08,0x62,0x08,
    0x62,0x08,0x62,0x08,0x62,0x08,0x62,0x08,0x61,0x08,0x82,0x08,0xC3,0x18,0x45,0x21,0x66,0x29,0x66,0x29,0x24,0x21,0xA3,0x10,
    0x62,0x08,0x62,0x08,0x62,0x08,0x62,0x08,0x62,0x08,0x62,0x08,0x62,0x08,0x62,0x08,0x62,0x08,0x62,0x08,0x62,0x08,0x61,0x08,
    0x82,0x08,0xC3,0x18,0x45,0x21,0x66,0x29,0x66,0x29,0x25,0x21,0xA3,0x10,0x62,0x08,0x61,0x08,0x62,0x08,0x62,0x08,0x62,0x08,
    0x62,0x08,0x62,0x08,0x62,0x08,0x62,0x08,0x62,0x08,0x62,0x08,0x61,0x08,0x62,0x08,0xC3,0x18,0x45,0x21,0x66,0x29,0x66,0x29,
    0x25,0x21,0xA3,0x10,0x62,0x08,0x61,0x08,0x62,0x08,0x62,0x08,0x62,0x08,0x62,0x08,0x62,0x08,0x62,0x08,0x62,0x08,0x62,0x08,
    0x62,0x08,0x61,0x08,0x62,0x08,0xC3,0x18,0x45,0x21,0x66,0x29,0x66,0x29,0x25,0x21,0xA3,0x10,0x62,0x08,0x61,0x08,0x62,0x08,
    0x62,0x08,0x62,0x08,0x62,0x08,0x62,0x08,0x62,0x08,0x62,0x08,0x62,0x08,0x62,0x08,0x61,0x08,0x62,0x08,0xC3,0x18,0x45,0x21,
    0x66,0x29,0x66,0x29,0x25,0x21,0xA3,0x10,0x62,0x08,0x61,0x08,0x62,0x08,0x62,0x08,0x62,0x08,0x62,0x08,0x62,0x08,0x62,0x08,
    0x62,0x08,0x62,0x08,0x62,0x08,0x61,0x08,0x62,0x08,0xA3,0x10,0x25,0x21,0x66,0x29,0x66,0x29,0x45,0x21,0xC3,0x18,0x62,0x08,
    0x61,0x08,0x62,0x08,0x62,0x08,0x62,0x08,0x62,0x08,0x62,0x08,0x62,0x08,0x62,0x08,0x62,0x08,0x62,0x08,0x61,0x08,0x62,0x08,
    0xA3,0x10,0x25,0x21,0x66,0x29,0x66,0x29,0x45,0x21,0xC3,0x18,0x62,0x08,0x61,0x08,0x62,0x08,0x62,0x08,0x62,0x08,0x62,0x08,
    0x62,0x08,0x62,0x08,0x62,0x08,0x62,0x08,0x62,0x08,0x61,0x08,0x62,0x08,0xA3,0x10,0x25,0x21,0x66,0x29,0x66,0x29,0x45,0x21,
    0xC3,0x18,0x62,0x08,0x61,0x08,0x62,0x08,0x62,0x08,0x62,0x08,0x62,0x08,0x61,0x08,0x61,0x08,0x61,0x08,0x61,0x08,0x61,0x08,
    0x61,0x08,0x61,0x08,0x82,0x10,0xE4,0x18,0x25,0x21,0x25,0x21,0x04,0x21,0xA3,0x10,0x61,0x08,0x41,0x08,0x61,0x08,0x61,0x08,
    0x61,0x08,0x41,0x08,0x41,0x08,0x41,0x08,0x41,0x08,0x41,0x08,0x41,0x08,0x41,0x08,0x41,0x08,0x82,0x08,0xC3,0x10,0xE4,0x18,
    0xE4,0x18,0xE3,0x18,0x82,0x10,0x41,0x08,0x41,0x08,0x41,0x08,0x41,0x08,0x41,0x08,0x41,0x08,0x41,0x08,0x41,0x08,0x41,0x08,
    0x41,0x08,0x41,0x08,0x41,0x00,0x41,0x00,0x61,0x08,0xA2,0x10,0xC3,0x10,0xC3,0x10,0xA3,0x10,0x61,0x08,0x41,0x00,0x20,0x00,
    0x21,0x00,0x21,0x00,0x21,0x00,0x21,0x00,0x21,0x00,0x20,0x00,0x20,0x00,0x20,0x00,0x20,0x00,0x20,0x00,0x20,0x00,0x21,0x00,
    0x61,0x08,0x82,0x10,0x82,0x10,0x82,0x08,0x41,0x08,0x20,0x00,0x20,0x00,0x20,0x00,0x20,0x00,0x20,0x00,0x20,0x00,0x20,0x00,
    0x20,0x00,0x20,0x00,0x20,0x00,0x20,0x00,0x61,0x08,0xA2,0x10,0x62,0x08,0x20,0x00,0x20,0x00,0x21,0x00,0x20,0x00,0x21,0x00,
    0x21,0x00,0x21,0x00,0x21,0x00,0x21,0x00,0x21,0x00,0x21,0x00,0x21,0x00,0x41,0x00,0x41,0x00,0x21,0x00,0x20,0x00,0x82,0x10,
    0xC3,0x18,0xA2,0x10,0x21,0x00,0x41,0x00,0x41,0x08,0x41,0x08,0x41,0x08,0x41,0x08,0x41,0x08,0x41,0x08,0x41,0x08,0x41,0x08,
    0x41,0x08,0x41,0x08,0x41,0x08,0x41,0x08,0x41,0x08,0x21,0x00,0xC3,0x10,0x04,0x19,0xC3,0x10,0x41,0x08,0x41,0x08,0x41,0x08,
    0x41,0x08,0x41,0x08,0x41,0x08,0x61,0x08,0x61,0x08,0x61,0x08,0x61,0x08,0x61,0x08,0x61,0x08,0x61,0x08,0x61,0x08,0x61,0x08,
    0x41,0x08,0xA3,0x10,0x45,0x21,0x25,0x21,0x62,0x08,0x41,0x08,0x61,0x08,0x61,0x08,0x61,0x08,0x62,0x08,0x62,0x08,0x62,0x08,
    0x62,0x08,0x62,0x08,0x62,0x08,0x62,0x08,0x62,0x08,0x62,0x08,0x62,0x08,0x61,0x08,0xC3,0x18,0x66,0x29,0x45,0x21,0x82,0x08,
    0x61,0x08,0x62,0x08,0x62,0x08,0x62,0x08,0x62,0x08,0x62,0x08,0x62,0x08,0x62,0x08,0x62,0x08,0x62,0x08,0x62,0x08,0x62,0x08,
    0x62,0x08,0x62,0x08,0x61,0x08,0xC3,0x18,0x66,0x29,0x45,0x21,0x82,0x08,0x61,0x08,0x62,0x08,0x62,0x08,0x62,0x08,0x62,0x08,
    0x62,0x08,0x62,0x08,0x62,0x08,0x62,0x08,0x62,0x08,0x62,0x08,0x62,0x08,0x62,0x08,0x62,0x08,0x61,0x08,0xC3,0x18,0x66,0x29,
    0x45,0x21,0x82,0x10,0x61,0x08,0x62,0x08,0x62,0x08,0x62,0x08,0x62,0x08,0x62,0x08,0x62,0x08,0x62,0x08,0x62,0x08,0x62,0x08,
    0x62,0x08,0x62,0x08,0x62,0x08,0x62,0x08,0x41,0x08,0xC3,0x10,0x66,0x29,0x45,0x21,0x82,0x10,0x61,0x08,0x62,0x08,0x62,0x08,
    0x62,0x08,0x62,0x08,0x62,0x08,0x62,0x08,0x62,0x08,0x62,0x08,0x62,0x08,0x62,0x08,0x62,0x08,0x62,0x08,0x62,0x08,0x41,0x08,
    0xC3,0x10,0x66,0x29,0x45,0x21,0x82,0x10,0x61,0x08,0x62,0x08,0x62,0x08,0x62,0x08,0x62,0x08,0x62,0x08,0x62,0x08,0x62,0x08,
    0x62,0x08,0x62,0x08,0x62,0x08,0x62,0x08,0x62,0x08,0x62,0x08,0x41,0x08,0xC3,0x10,0x66,0x29,0x45,0x21,0x82,0x10,0x61,0x08,
    0x62,0x08,0x62,0x08,0x62,0x08,0x62,0x08,0x62,0x08,0x62,0x08,0x62,0x08,0x62,0x08,0x62,0x08,0x62,0x08,0x62,0x08,0x62,0x08,
    0x62,0x08,0x61,0x08,0x82,0x10,0x45,0x21,0x66,0x29,0xC3,0x10,0x41,0x08,0x62,0x08,0x62,0x08,0x62,0x08,0x62,0x08,0x62,0x08,
    0x62,0x08,0x62,0x08,0x62,0x08,0x62,0x08,0x62,0x08,0x62,0x08,0x62,0x08,0x62,0x08,0x61,0x08,0x82,0x10,0x45,0x21,0x66,0x29,
    0xC3,0x10,0x41,0x08,0x62,0x08,0x62,0x08,0x62,0x08,0x62,0x08,0x62,0x08,0x62,0x08,0x62,0x08,0x62,0x08,0x62,0x08,0x62,0x08,
    0x62,0x08,0x62,0x08,0x62,0x08,0x61,0x08,0x82,0x10,0x45,0x21,0x66,0x29,0xC3,0x18,0x41,0x08,0x62,0x08,0x62,0x08,0x62,0x08,
    0x62,0x08,0x62,0x08,0x62,0x08,0x61,0x08,0x61,0x08,0x61,0x08,0x61,0x08,0x61,0x08,0x61,0x08,0x61,0x08,0x41,0x08,0x61,0x08,
    0x04,0x21,0x25,0x21,0xA2,0x10,0x41,0x08,0x61,0x08,0x61,0x08,0x61,0x08,0x61,0x08,0x61,0x08,0x41,0x08,0x41,0x08,0x41,0x08,
    0x41,0x08,0x41,0x08,0x41,0x08,0x41,0x08,0x41,0x08,0x41,0x08,0x41,0x08,0xE4,0x18,0xE4,0x18,0x82,0x10,0x41,0x00,0x41,0x08,
    0x41,0x08,0x41,0x08,0x41,0x08,0x41,0x08,0x41,0x08,0x41,0x08,0x41,0x08,0x41,0x08,0x41,0x08,0x41,0x08,0x41,0x08,0x41,0x08,
    0x21,0x00,0x41,0x08,0xA3,0x10,0xC3,0x10,0x61,0x08,0x20,0x00,0x21,0x00,0x21,0x00,0x21,0x00,0x21,0x00,0x21,0x00,0x21,0x00,
    0x21,0x00,0x20,0x00,0x20,0x00,0x20,0x00,0x20,0x00,0x20,0x00,0x20,0x00,0x20,0x00,0x20,0x00,0x61,0x08,0x82,0x10,0x61,0x08,
    0x20,0x00,0x20,0x00,0x20,0x00,0x20,0x00,0x20,0x00,0x20,0x00,0x20,0x00,0x20,0x00,0x20,0x00,0x20,0x00,0x20,0x00,0x20,0x00,
    0x61,0x08,0xA2,0x10,0x62,0x08,0x20,0x00,0x20,0x00,0x20,0x00,0x20,0x00,0x21,0x00,0x21,0x00,0x21,0x00,0x21,0x00,0x21,0x00,
    0x21,0x00,0x21,0x00,0x21,0x00,0x41,0x00,0x41,0x00,0x41,0x00,0x21,0x00,0x82,0x10,0xC3,0x18,0x82,0x10,0x21,0x00,0x41,0x08,
    0x41,0x08,0x41,0x08,0x41,0x08,0x41,0x08,0x41,0x08,0x41,0x08,0x41,0x08,0x41,0x08,0x41,0x08,0x41,0x08,0x41,0x08,0x41,0x08,
    0x41,0x08,0x41,0x08,0xC3,0x10,0x04,0x19,0xC3,0x10,0x41,0x08,0x41,0x08,0x41,0x08,0x41,0x08,0x41,0x08,0x41,0x08,0x61,0x08,
    0x61,0x08,0x61,0x08,0x61,0x08,0x61,0x08,0x61,0x08,0x61,0x08,0x61,0x08,0x61,0x08,0x41,0x08,0xA2,0x10,0x45,0x21,0x25,0x21,
    0x62,0x08,0x61,0x08,0x61,0x08,0x61,0x08,0x61,0x08,0x62,0x08,0x62,0x08,0x62,0x08,0x62,0x08,0x62,0x08,0x62,0x08,0x62,0x08,
    0x62,0x08,0x62,0x08,0x62,0x08,0x61,0x08,0xC3,0x10,0x66,0x29,0x45,0x21,0x82,0x10,0x62,0x08,0x62,0x08,0x62,0x08,0x62,0x08,
    0x62,0x08,0x62,0x08,0x62,0x08,0x62,0x08,0x62,0x08,0x62,0x08,0x62,0x08,0x62,0x08,0x62,0x08,0x62,0x08,0x61,0x08,0xC3,0x10,
    0x66,0x29,0x45,0x21,0x82,0x10,0x62,0x08,0x62,0x08,0x62,0x08,0x62,0x08,0x62,0x08,0x62,0x08,0x62,0x08,0x62,0x08,0x62,0x08,
    0x62,0x08,0x62,0x08,0x62,0x08,0x62,0x08,0x62,0x08,0x61,0x08,0xC3,0x10,0x66,0x29,0x45,0x21,0x82,0x10,0x62,0x08,0x62,0x08,
    0x62,0x08,0x62,0x08,0x62,0x08,0x62,0x08,0x62,0x08,0x62,0x08,0x62,0x08,0x62,0x08,0x62,0x08,0x62,0x08,0x62,0x08,0x62,0x08,
    0x61,0x08,0xC3,0x10,0x66,0x29,0x45,0x21,0x82,0x10,0x62,0x08,0x62,0x08,0x62,0x08,0x62,0x08,0x62,0x08,0x62,0x08,0x62,0x08,
    0x62,0x08,0x62,0x08,0x62,0x08,0x62,0x08,0x62,0x08,0x62,0x08,0x62,0x08,0x61,0x08,0xC3,0x10,0x66,0x29,0x45,0x21,0x82,0x10,
    0x62,0x08,0x62,0x08,0x62,0x08,0x62,0x08,0x62,0x08,0x62,0x08,0x62,0x08,0x62,0x08,0x62,0x08,0x62,0x08,0x62,0x08,0x62,0x08,
    0x62,0x08,0x62,0x08,0x61,0x08,0xC3,0x10,0x66,0x29,0x45,0x21,0x82,0x10,0x62,0x08,0x62,0x08,0x62,0x08,0x62,0x08,0x62,0x08,
    0x62,0x08,0x62,0x08,0x62,0x08,0x62,0x08,0x62,0x08,0x62,0x08,0x62,0x08,0x62,0x08,0x62,0x08,0x62,0x08,0x82,0x10,0x45,0x21,
    0x66,0x29,0xC3,0x10,0x61,0x08,0x62,0x08,0x62,0x08,0x62,0x08,0x62,0x08,0x62,0x08,0x62,0x08,0x62,0x08,0x62,0x08,0x62,0x08,
    0x62,0x08,0x62,0x08,0x62,0x08,0x62,0x08,0x62,0x08,0x82,0x10,0x45,0x21,0x66,0x29,0xC3,0x10,0x61,0x08,0x62,0x08,0x62,0x08,
    0x62,0x08,0x62,0x08,0x62,0x08,0x62,0x08,0x62,0x08,0x62,0x08,0x62,0x08,0x62,0x08,0x62,0x08,0x62,0x08,0x62,0x08,0x62,0x08,
    0x82,0x10,0x45,0x21,0x66,0x29,0xC3,0x10,0x61,0x08,0x62,0x08,0x62,0x08,0x62,0x08,0x62,0x08,0x62,0x08,0x62,0x08,0x61,0x08,
    0x61,0x08,0x61,0x08,0x61,0x08,0x61,0x08,0x61,0x08,0x61,0x08,0x61,0x08,0x62,0x08,0x04,0x21,0x25,0x21,0xA2,0x10,0x41,0x08,
    0x61,0x08,0x61,0x08,0x61,0x08,0x61,0x08,0x61,0x08,0x41,0x08,0x41,0x08,0x41,0x08,0x41,0x08,0x41,0x08,0x41,0x08,0x41,0x08,
    0x41,0x08,0x41,0x08,0x61,0x08,0xE4,0x18,0xE4,0x18,0x82,0x08,0x41,0x08,0x41,0x08,0x41,0x08,0x41,0x08,0x41,0x08,0x41,0x08,
    0x41,0x08,0x41,0x08,0x41,0x08,0x41,0x08,0x41,0x08,0x41,0x08,0x41,0x08,0x41,0x08,0x41,0x08,0x41,0x08,0xA3,0x10,0xC3,0x10,
    0x61,0x08,0x20,0x00,0x21,0x00,0x21,0x00,0x21,0x00,0x21,0x00,0x21,0x00,0x21,0x00,0x21,0x00,0x20,0x00,0x20,0x00,0x20,0x00,
    0x20,0x00,0x20,0x00,0x20,0x00,0x20,0x00,0x20,0x00,0x61,0x08,0x82,0x10,0x61,0x08,0x20,0x00,0x20,0x00,0x20,0x00,0x20,0x00,
    0x20,0x00,0x20,0x00,0x20,0x00,0x20,0x00,0x20,0x00,0x20,0x00,0x20,0x00,0x20,0x00,0x61,0x08,0xA2,0x10,0x62,0x08,0x20,0x00,
    0x20,0x00,0x20,0x00,0x20,0x00,0x21,0x00,0x21,0x00,0x21,0x00,0x21,0x00,0x21,0x00,0x21,0x00,0x21,0x00,0x21,0x00,0x41,0x00,
    0x41,0x00,0x41,0x00,0x21,0x00,0x82,0x10,0xC3,0x18,0x82,0x10,0x21,0x00,0x41,0x08,0x41,0x08,0x41,0x08,0x41,0x08,0x41,0x08,
    0x41,0x08,0x41,0x08,0x41,0x08,0x41,0x08,0x41,0x08,0x41,0x08,0x41,0x08,0x41,0x08,0x41,0x08,0x41,0x08,0xC3,0x10,0x04,0x19,
    0xC3,0x10,0x41,0x08,0x41,0x08,0x41,0x08,0x41,0x08,0x41,0x08,0x41,0x08,0x61,0x08,0x61,0x08,0x61,0x08,0x61,0x08,0x61,0x08,
    0x61,0x08,0x61,0x08,0x61,0x08,0x61,0x08,0x41,0x08,0xA2,0x10,0x45,0x21,0x25,0x21,0x62,0x08,0x61,0x08,0x61,0x08,0x61,0x08,
    0x61,0x08,0x62,0x08,0x62,0x08,0x62,0x08,0x62,0x08,0x62,0x08,0x62,0x08,0x62,0x08,0x62,0x08,0x62,0x08,0x62,0x08,0x61,0x08,
    0xC3,0x10,0x66,0x29,0x45,0x21,0x82,0x10,0x62,0x08,0x62,0x08,0x62,0x08,0x62,0x08,0x62,0x08,0x62,0x08,0x62,0x08,0x62,0x08,
    0x62,0x08,0x62,0x08,0x62,0x08,0x62,0x08,0x62,0x08,0x62,0x08,0x61,0x08,0xC3,0x10,0x66,0x29,0x45,0x21,0x82,0x10,0x62,0x08,
    0x62,0x08,0x62,0x08,0x62,0x08,0x62,0x08,0x62,0x08,0x62,0x08,0x62,0x08,0x62,0x08,0x62,0x08,0x62,0x08,0x62,0x08,0x62,0x08,
    0x62,0x08,0x61,0x08,0xC3,0x10,0x66,0x29,0x45,0x21,0x82,0x10,0x62,0x08,0x62,0x08,0x62,0x08,0x62,0x08,0x62,0x08,0x62,0x08,
    0x62,0x08,0x62,0x08,0x62,0x08,0x62,0x08,0x62,0x08,0x62,0x08,0x62,0x08,0x62,0x08,0x61,0x08,0xC3,0x10,0x66,0x29,0x45,0x21,
    0x82,0x10,0x62,0x08,0x62,0x08,0x62,0x08,0x62,0x08,0x62,0x08,0x62,0x08,0x62,0x08,0x62,0x08,0x62,0x08,0x62,0x08,0x62,0x08,
    0x62,0x08,0x62,0x08,0x62,0x08,0x61,0x08,0xC3,0x10,0x66,0x29,0x45,0x21,0x82,0x10,0x62,0x08,0x62,0x08,0x62,0x08,0x62,0x08,
    0x62,0x08,0x62,0x08,0x62,0x08,0x62,0x08,0x62,0x08,0x62,0x08,0x62,0x08,0x62,0x08,0x62,0x08,0x62,0x08,0x61,0x08,0xC3,0x10,
    0x66,0x29,0x45,0x21,0x82,0x10,0x62,0x08,0x62,0x08,0x62,0x08,0x62,0x08,0x62,0x08,0x62,0x08,0x62,0x08,0x62,0x08,0x62,0x08,
    0x62,0x08,0x62,0x08,0x62,0x08,0x62,0x08,0x62,0x08,0x62,0x08,0x82,0x10,0x45,0x21,0x66,0x29,0xC3,0x10,0x61,0x08,0x62,0x08,
    0x62,0x08,0x62,0x08,0x62,0x08,0x62,0x08,0x62,0x08,0x62,0x08,0x62,0x08,0x62,0x08,0x62,0x08,0x62,0x08,0x62,0x08,0x62,0x08,
    0x62,0x08,0x82,0x10,0x45,0x21,0x66,0x29,0xC3,0x10,0x61,0x08,0x62,0x08,0x62,0x08,0x62,0x08,0x62,0x08,0x62,0x08,0x62,0x08,
    0x62,0x08,0x62,0x08,0x62,0x08,0x62,0x08,0x62,0x08,0x62,0x08,0x62,0x08,0x62,0x08,0x82,0x10,0x45,0x21,0x66,0x29,0xC3,0x10,
    0x61,0x08,0x62,0x08,0x62,0x08,0x62,0x08,0x62,0x08,0x62,0x08,0x62,0x08,0x61,0x08,0x61,0x08,0x61,0x08,0x61,0x08,0x61,0x08,
    0x61,0x08,0x61,0x08,0x61,0x08,0x62,0x08,0x04,0x21,0x25,0x21,0xA2,0x10,0x41,0x08,0x61,0x08,0x61,0x08,0x61,0x08,0x61,0x08,
    0x61,0x08,0x41,0x08,0x41,0x08,0x41,0x08,0x41,0x08,0x41,0x08,0x41,0x08,0x41,0x08,0x41,0x08,0x41,0x08,0x61,0x08,0xE4,0x18,
    0xE4,0x18,0x82,0x08,0x41,0x08,0x41,0x08,0x41,0x08,0x41,0x08,0x41,0x08,0x41,0x08,0x41,0x08,0x41,0x08,0x41,0x08,0x41,0x08,
    0x41,0x08,0x41,0x08,0x41,0x08,0x41,0x08,0x41,0x08,0x41,0x08,0xA3,0x10,0xC3,0x10,0x61,0x08,0x20,0x00,0x21,0x00,0x21,0x00,
    0x21,0x00,0x21,0x00,0x21,0x00,0x21,0x00,0x21,0x00,0x20,0x00,0x20,0x00,0x20,0x00,0x20,0x00,0x20,0x00,0x20,0x00,0x20,0x00,
    0x20,0x00,0x61,0x08,0x82,0x10,0x61,0x08,0x20,0x00,0x20,0x00,0x20,0x00,0x20,0x00,0x20,0x00,0x20,0x00,0x20,0x00,0x20,0x00,
    0x20,0x00,0x20,0x00,0x20,0x00,0x20,0x00,0x61,0x08,0xA2,0x10,0x62,0x08,0x20,0x00,0x20,0x00,0x20,0x00,0x20,0x00,0x21,0x00,
    0x21,0x00,0x21,0x00,0x21,0x00,0x21,0x00,0x21,0x00,0x21,0x00,0x21,0x00,0x41,0x00,0x41,0x00,0x41,0x00,0x21,0x00,0x82,0x10,
    0xC3,0x18,0x82,0x10,0x21,0x00,0x41,0x08,0x41,0x08,0x41,0x08,0x41,0x08,0x41,0x08,0x41,0x08,0x41,0x08,0x41,0x08,0x41,0x08,
    0x41,0x08,0x41,0x08,0x41,0x08,0x41,0x08,0x41,0x08,0x41,0x08,0xC3,0x10,0x04,0x19,0xC3,0x10,0x41,0x08,0x41,0x08,0x41,0x08,
    0x41,0x08,0x41,0x08,0x41,0x08,0x61,0x08,0x61,0x08,0x61,0x08,0x61,0x08,0x61,0x08,0x61,0x08,0x61,0x08,0x61,0x08,0x61,0x08,
    0x41,0x08,0xA2,0x10,0x45,0x21,0x25,0x21,0x62,0x08,0x61,0x08,0x61,0x08,0x61,0x08,0x61,0x08,0x62,0x08,0x62,0x08,0x62,0x08,
    0x62,0x08,0x62,0x08,0x62,0x08,0x62,0x08,0x62,0x08,0x62,0x08,0x62,0x08,0x61,0x08,0xC3,0x10,0x66,0x29,0x45,0x21,0x82,0x10,
    0x62,0x08,0x62,0x08,0x62,0x08,0x62,0x08,0x62,0x08,0x62,0x08,0x62,0x08,0x62,0x08,0x62,0x08,0x62,0x08,0x62,0x08,0x62,0x08,
    0x62,0x08,0x62,0x08,0x61,0x08,0xC3,0x10,0x66,0x29,0x45,0x21,0x82,0x10,0x62,0x08,0x62,0x08,0x62,0x08,0x62,0x08,0x62,0x08,
    0x62,0x08,0x62,0x08,0x62,0x08,0x62,0x08,0x62,0x08,0x62,0x08,0x62,0x08,0x62,0x08,0x62,0x08,0x61,0x08,0xC3,0x10,0x66,0x29,
    0x45,0x21,0x82,0x10,0x62,0x08,0x62,0x08,0x62,0x08,0x62,0x08,0x62,0x08,0x62,0x08,0x62,0x08,0x62,0x08,0x62,0x08,0x62,0x08,
    0x62,0x08,0x62,0x08,0x62,0x08,0x62,0x08,0x61,0x08,0xC3,0x10,0x66,0x29,0x45,0x21,0x82,0x10,0x62,0x08,0x62,0x08,0x62,0x08,
    0x62,0x08,0x62,0x08,0x62,0x08,0x62,0x08,0x62,0x08,0x62,0x08,0x62,0x08,0x62,0x08,0x62,0x08,0x62,0x08,0x62,0x08,0x61,0x08,
    0xC3,0x10,0x66,0x29,0x45,0x21,0x82,0x10,0x62,0x08,0x62,0x08,0x62,0x08,0x62,0x08,0x62,0x08,0x62,0x08,0x62,0x08,0x62,0x08,
    0x62,0x08,0x62,0x08,0x62,0x08,0x62,0x08,0x62,0x08,0x62,0x08,0x61,0x08,0xC3,0x10,0x66,0x29,0x45,0x21,0x82,0x10,0x62,0x08,
    0x62,0x08,0x62,0x08,0x62,0x08,0x62,0x08,0x62,0x08,0x62,0x08,0x62,0x08,0x62,0x08,0x62,0x08,0x62,0x08,0x62,0x08,0x62,0x08,
    0x62,0x08,0x62,0x08,0x82,0x10,0x45,0x21,0x66,0x29,0xC3,0x10,0x61,0x08,0x62,0x08,0x62,0x08,0x62,0x08,0x62,0x08,0x62,0x08,
    0x62,0x08,0x62,0x08,0x62,0x08,0x62,0x08,0x62,0x08,0x62,0x08,0x62,0x08,0x62,0x08,0x62,0x08,0x82,0x10,0x45,0x21,0x66,0x29,
    0xC3,0x10,0x61,0x08,0x62,0x08,0x62,0x08,0x62,0x08,0x62,0x08,0x62,0x08,0x62,0x08,0x62,0x08,0x62,0x08,0x62,0x08,0x62,0x08,
    0x62,0x08,0x62,0x08,0x62,0x08,0x62,0x08,0x82,0x10,0x45,0x21,0x66,0x29,0xC3,0x10,0x61,0x08,0x62,0x08,0x62,0x08,0x62,0x08,
    0x62,0x08,0x62,0x08,0x62,0x08,0x61,0x08,0x61,0x08,0x61,0x08,0x61,0x08,0x61,0x08,0x61,0x08,0x61,0x08,0x61,0x08,0x62,0x08,
    0x04,0x21,0x25,0x21,0xA2,0x10,0x41,0x08,0x61,0x08,0x61,0x08,0x61,0x08,0x61,0x08,0x61,0x08,0x41,0x08,0x41,0x08,0x41,0x08,
    0x41,0x08,0x41,0x08,0x41,0x08,0x41,0x08,0x41,0x08,0x41,0x08,0x61,0x08,0xE4,0x18,0xE4,0x18,0x82,0x08,0x41,0x08,0x41,0x08,
    0x41,0x08,0x41,0x08,0x41,0x08,0x41,0x08,0x41,0x08,0x41,0x08,0x41,0x08,0x41,0x08,0x41,0x08,0x41,0x08,0x41,0x08,0x41,0x08,
    0x41,0x08,0x41,0x08,0xA3,0x10,0xC3,0x10,0x61,0x08,0x20,0x00,0x21,0x00,0x21,0x00,0x21,0x00,0x21,0x00,0x21,0x00,0x21,0x00,
    0x21,0x00,0x20,0x00,0x20,0x00,0x20,0x00,0x20,0x00,0x20,0x00,0x20,0x00,0x20,0x00,0x20,0x00,0x61,0x08,0x82,0x10,0x61,0x08,
    0x20,0x00,0x20,0x00,0x20,0x00,0x20,0x00,0x20,0x00,0x20,0x00,0x20,0x00,0x20,0x00,0x20,0x00,0x20,0x00,0x20,0x00,0x20,0x00,
    0x61,0x08,0xA2,0x10,0x62,0x08,0x20,0x00,0x20,0x00,0x20,0x00,0x20,0x00,0x21,0x00,0x21,0x00,0x21,0x00,0x21,0x00,0x21,0x00,
    0x21,0x00,0x21,0x00,0x21,0x00,0x41,0x00,0x41,0x00,0x41,0x00,0x21,0x00,0x82,0x10,0xC3,0x18,0x82,0x10,0x21,0x00,0x41,0x08,
    0x41,0x08,0x41,0x08,0x41,0x08,0x41,0x08,0x41,0x08,0x41,0x08,0x41,0x08,0x41,0x08,0x41,0x08,0x41,0x08,0x41,0x08,0x41,0x08,
    0x41,0x08,0x41,0x08,0xC3,0x10,0x04,0x19,0xC3,0x10,0x41,0x08,0x41,0x08,0x41,0x08,0x41,0x08,0x41,0x08,0x41,0x08,0x61,0x08,
    0x61,0x08,0x61,0x08,0x61,0x08,0x61,0x08,0x61,0x08,0x61,0x08,0x61,0x08,0x61,0x08,0x41,0x08,0xA2,0x10,0x45,0x21,0x25,0x21,
    0x62,0x08,0x61,0x08,0x61,0x08,0x61,0x08,0x61,0x08,0x62,0x08,0x62,0x08,0x62,0x08,0x62,0x08,0x62,0x08,0x62,0x08,0x62,0x08,
    0x62,0x08,0x62,0x08,0x62,0x08,0x61,0x08,0xC3,0x10,0x66,0x29,0x45,0x21,0x82,0x10,0x62,0x08,0x62,0x08,0x62,0x08,0x62,0x08,
    0x62,0x08,0x62,0x08,0x62,0x08,0x62,0x08,0x62,0x08,0x62,0x08,0x62,0x08,0x62,0x08,0x62,0x08,0x62,0x08,0x61,0x08,0xC3,0x10,
    0x66,0x29,0x45,0x21,0x82,0x10,0x62,0x08,0x62,0x08,0x62,0x08,0x62,0x08,0x62,0x08,0x62,0x08,0x62,0x08,0x62,0x08,0x62,0x08,
    0x62,0x08,0x62,0x08,0x62,0x08,0x62,0x08,0x62,0x08,0x61,0x08,0xC3,0x10,0x66,0x29,0x45,0x21,0x82,0x10,0x62,0x08,0x62,0x08,
    0x62,0x08,0x62,0x08,0x62,0x08,0x62,0x08,0x62,0x08,0x62,0x08,0x62,0x08,0x62,0x08,0x62,0x08,0x62,0x08,0x62,0x08,0x62,0x08,
    0x61,0x08,0xC3,0x10,0x66,0x29,0x45,0x21,0x82,0x10,0x62,0x08,0x62,0x08,0x62,0x08,0x62,0x08,0x62,0x08,0x62,0x08,0x62,0x08,
    0x62,0x08,0x62,0x08,0x62,0x08,0x62,0x08,0x62,0x08,0x62,0x08,0x62,0x08,0x61,0x08,0xC3,0x10,0x66,0x29,0x45,0x21,0x82,0x10,
    0x62,0x08,0x62,0x08,0x62,0x08,0x62,0x08,0x62,0x08,0x62,0x08,0x62,0x08,0x62,0x08,0x62,0x08,0x62,0x08,0x62,0x08,0x62,0x08,
    0x62,0x08,0x62,0x08,0x61,0x08,0xC3,0x10,0x66,0x29,0x45,0x21,0x82,0x10,0x62,0x08,0x62,0x08,0x62,0x08,0x62,0x08,0x62,0x08,
    0x62,0x08,0x62,0x08,0x62,0x08,0x62,0x08,0x62,0x08,0x62,0x08,0x62,0x08,0x62,0x08,0x62,0x08,0x62,0x08,0x82,0x10,0x45,0x21,
    0x66,0x29,0xC3,0x10,0x61,0x08,0x62,0x08,0x62,0x08,0x62,0x08,0x62,0x08,0x62,0x08,0x62,0x08,0x62,0x08,0x62,0x08,0x62,0x08,
    0x62,0x08,0x62,0x08,0x62,0x08,0x62,0x08,0x62,0x08,0x82,0x10,0x45,0x21,0x66,0x29,0xC3,0x10,0x61,0x08,0x62,0x08,0x62,0x08,
    0x62,0x08,0x62,0x08,0x62,0x08,0x62,0x08,0x62,0x08,0x62,0x08,0x62,0x08,0x62,0x08,0x62,0x08,0x62,0x08,0x62,0x08,0x62,0x08,
    0x82,0x10,0x45,0x21,0x66,0x29,0xC3,0x10,0x61,0x08,0x62,0x08,0x62,0x08,0x62,0x08,0x62,0x08,0x62,0x08,0x62,0x08,0x61,0x08,
    0x61,0x08,0x61,0x08,0x61,0x08,0x61,0x08,0x61,0x08,0x61,0x08,0x61,0x08,0x62,0x08,0x04,0x21,0x25,0x21,0xA2,0x10,0x41,0x08,
    0x61,0x08,0x61,0x08,0x61,0x08,0x61,0x08,0x61,0x08,0x41,0x08,0x41,0x08,0x41,0x08,0x41,0x08,0x41,0x08,0x41,0x08,0x41,0x08,
    0x41,0x08,0x41,0x08,0x61,0x08,0xE4,0x18,0xE4,0x18,0x82,0x08,0x41,0x08,0x41,0x08,0x41,0x08,0x41,0x08,0x41,0x08,0x41,0x08,
    0x41,0x08,0x41,0x08,0x41,0x08,0x41,0x08,0x41,0x08,0x41,0x08,0x41,0x08,0x41,0x08,0x41,0x08,0x41,0x08,0xA3,0x10,0xC3,0x10,
    0x61,0x08,0x20,0x00,0x21,0x00,0x21,0x00,0x21,0x00,0x21,0x00,0x21,0x00,0x21,0x00,0x21,0x00,0x20,0x00,0x20,0x00,0x20,0x00,
    0x20,0x00,0x20,0x00,0x20,0x00,0x20,0x00,0x20,0x00,0x61,0x08,0x82,0x10,0x61,0x08,0x20,0x00,0x20,0x00,0x20,0x00,0x20,0x00,
    0x20,0x00,0x20,0x00,0x20,0x00,0x20,0x00,0x20,0x00,0x20,0x00,0x20,0x00,0x20,0x00,0x61,0x08,0xA2,0x10,0x62,0x08,0x20,0x00,
    0x20,0x00,0x20,0x00,0x20,0x00,0x21,0x00,0x21,0x00,0x21,0x00,0x21,0x00,0x21,0x00,0x21,0x00,0x21,0x00,0x21,0x00,0x41,0x00,
    0x41,0x00,0x41,0x00,0x21,0x00,0x82,0x10,0xC3,0x18,0x82,0x10,0x21,0x00,0x41,0x08,0x41,0x08,0x41,0x08,0x41,0x08,0x41,0x08,
    0x41,0x08,0x41,0x08,0x41,0x08,0x41,0x08,0x41,0x08,0x41,0x08,0x41,0x08,0x41,0x08,0x41,0x08,0x41,0x08,0xC3,0x10,0x04,0x19,
    0xC3,0x10,0x41,0x08,0x41,0x08,0x41,0x08,0x41,0x08,0x41,0x08,0x41,0x08,0x61,0x08,0x61,0x08,0x61,0x08,0x61,0x08,0x61,0x08,
    0x61,0x08,0x61,0x08,0x61,0x08,0x61,0x08,0x41,0x08,0xA2,0x10,0x45,0x21,0x25,0x21,0x62,0x08,0x61,0x08,0x61,0x08,0x61,0x08,
    0x61,0x08,0x62,0x08,0x62,0x08,0x62,0x08,0x62,0x08,0x62,0x08,0x62,0x08,0x62,0x08,0x62,0x08,0x62,0x08,0x62,0x08,0x61,0x08,
    0xC3,0x10,0x66,0x29,0x45,0x21,0x82,0x10,0x62,0x08,0x62,0x08,0x62,0x08,0x62,0x08,0x62,0x08,0x62,0x08,0x62,0x08,0x62,0x08,
    0x62,0x08,0x62,0x08,0x62,0x08,0x62,0x08,0x62,0x08,0x62,0x08,0x61,0x08,0xC3,0x10,0x66,0x29,0x45,0x21,0x82,0x10,0x62,0x08,
    0x62,0x08,0x62,0x08,0x62,0x08,0x62,0x08,0x62,0x08,0x62,0x08,0x62,0x08,0x62,0x08,0x62,0x08,0x62,0x08,0x62,0x08,0x62,0x08,
    0x62,0x08,0x61,0x08,0xC3,0x10,0x66,0x29,0x45,0x21,0x82,0x10,0x62,0x08,0x62,0x08,0x62,0x08,0x62,0x08,0x62,0x08,0x62,0x08,
    0x62,0x08,0x62,0x08,0x62,0x08,0x62,0x08,0x62,0x08,0x62,0x08,0x62,0x08,0x62,0x08,0x61,0x08,0xC3,0x10,0x66,0x29,0x45,0x21,
    0x82,0x10,0x62,0x08,0x62,0x08,0x62,0x08,0x62,0x08,0x62,0x08,0x62,0x08,0x62,0x08,0x62,0x08,0x62,0x08,0x62,0x08,0x62,0x08,
    0x62,0x08,0x62,0x08,0x62,0x08,0x61,0x08,0xC3,0x10,0x66,0x29,0x45,0x21,0x82,0x10,0x62,0x08,0x62,0x08,0x62,0x08,0x62,0x08,
    0x62,0x08,0x62,0x08,0x62,0x08,0x62,0x08,0x62,0x08,0x62,0x08,0x62,0x08,0x62,0x08,0x62,0x08,0x62,0x08,0x61,0x08,0xC3,0x10,
    0x66,0x29,0x45,0x21,0x82,0x10,0x62,0x08,0x62,0x08,0x62,0x08,0x62,0x08,0x62,0x08,0x62,0x08,0x62,0x08,0x62,0x08,0x62,0x08,
    0x62,0x08,0x62,0x08,0x62,0x08,0x62,0x08,0x62,0x08,0x62,0x08,0x82,0x10,0x45,0x21,0x66,0x29,0xC3,0x10,0x61,0x08,0x62,0x08,
    0x62,0x08,0x62,0x08,0x62,0x08,0x62,0x08,0x62,0x08,0x62,0x08,0x62,0x08,0x62,0x08,0x62,0x08,0x62,0x08,0x62,0x08,0x62,0x08,
    0x62,0x08,0x82,0x10,0x45,0x21,0x66,0x29,0xC3,0x10,0x61,0x08,0x62,0x08,0x62,0x08,0x62,0x08,0x62,0x08,0x62,0x08,0x62,0x08,
    0x62,0x08,0x62,0x08,0x62,0x08,0x62,0x08,0x62,0x08,0x62,0x08,0x62,0x08,0x62,0x08,0x82,0x10,0x45,0x21,0x66,0x29,0xC3,0x10,
    0x61,0x08,0x62,0x08,0x62,0x08,0x62,0x08,0x62,0x08,0x62,0x08,0x62,0x08,0x61,0x08,0x61,0x08,0x61,0x08,0x61,0x08,0x61,0x08,
    0x61,0x08,0x61,0x08,0x61,0x08,0x62,0x08,0x04,0x21,0x25,0x21,0xA2,0x10,0x41,0x08,0x61,0x08,0x61,0x08,0x61,0x08,0x61,0x08,
    0x61,0x08,0x41,0x08,0x41,0x08,0x41,0x08,0x41,0x08,0x41,0x08,0x41,0x08,0x41,0x08,0x41,0x08,0x41,0x08,0x61,0x08,0xE4,0x18,
    0xE4,0x18,0x82,0x08,0x41,0x08,0x41,0x08,0x41,0x08,0x41,0x08,0x41,0x08,0x41,0x08,0x41,0x08,0x41,0x08,0x41,0x08,0x41,0x08,
    0x41,0x08,0x41,0x08,0x41,0x08,0x41,0x08,0x41,0x08,0x41,0x08,0xA3,0x10,0xC3,0x10,0x61,0x08,0x20,0x00,0x21,0x00,0x21,0x00,
    0x21,0x00,0x21,0x00,0x21,0x00,0x21,0x00,0x21,0x00,0x20,0x00,0x20,0x00,0x20,0x00,0x20,0x00,0x20,0x00,0x20,0x00,0x20,0x00,
    0x20,0x00,0x61,0x08,0x82,0x10,0x61,0x08,0x20,0x00,0x20,0x00,0x20,0x00,0x20,0x00,0x20,0x00,0x20,0x00,0x20,0x00,0x20,0x00,
    0x20,0x00,0x20,0x00,0x20,0x00,0x20,0x00,0x61,0x08,0xA2,0x10,0x62,0x08,0x20,0x00,0x20,0x00,0x20,0x00,0x20,0x00,0x21,0x00,
    0x21,0x00,0x21,0x00,0x21,0x00,0x21,0x00,0x21,0x00,0x21,0x00,0x21,0x00,0x41,0x00,0x41,0x00,0x41,0x00,0x21,0x00,0x82,0x10,
    0xC3,0x18,0x82,0x10,0x21,0x00,0x41,0x08,0x41,0x08,0x41,0x08,0x41,0x08,0x41,0x08,0x41,0x08,0x41,0x08,0x41,0x08,0x41,0x08,
    0x41,0x08,0x41,0x08,0x41,0x08,0x41,0x08,0x41,0x08,0x41,0x08,0xC3,0x10,0x04,0x19,0xC3,0x10,0x41,0x08,0x41,0x08,0x41,0x08,
    0x41,0x08,0x41,0x08,0x41,0x08,0x61,0x08,0x61,0x08,0x61,0x08,0x61,0x08,0x61,0x08,0x61,0x08,0x61,0x08,0x61,0x08,0x61,0x08,
    0x41,0x08,0xA2,0x10,0x45,0x21,0x25,0x21,0x62,0x08,0x61,0x08,0x61,0x08,0x61,0x08,0x61,0x08,0x62,0x08,0x62,0x08,0x62,0x08,
    0x62,0x08,0x62,0x08,0x62,0x08,0x62,0x08,0x62,0x08,0x62,0x08,0x62,0x08,0x61,0x08,0xC3,0x10,0x66,0x29,0x45,0x21,0x82,0x10,
    0x62,0x08,0x62,0x08,0x62,0x08,0x62,0x08,0x62,0x08,0x62,0x08,0x62,0x08,0x62,0x08,0x62,0x08,0x62,0x08,0x62,0x08,0x62,0x08,
    0x62,0x08,0x62,0x08,0x61,0x08,0xC3,0x10,0x66,0x29,0x45,0x21,0x82,0x10,0x62,0x08,0x62,0x08,0x62,0x08,0x62,0x08,0x62,0x08,
    0x62,0x08,0x62,0x08,0x62,0x08,0x62,0x08,0x62,0x08,0x62,0x08,0x62,0x08,0x62,0x08,0x62,0x08,0x61,0x08,0xC3,0x10,0x66,0x29,
    0x45,0x21,0x82,0x10,0x62,0x08,0x62,0x08,0x62,0x08,0x62,0x08,0x62,0x08,0x62,0x08,0x62,0x08,0x62,0x08,0x62,0x08,0x62,0x08,
    0x62,0x08,0x62,0x08,0x62,0x08,0x62,0x08,0x61,0x08,0xC3,0x10,0x66,0x29,0x45,0x21,0x82,0x10,0x62,0x08,0x62,0x08,0x62,0x08,
    0x62,0x08,0x62,0x08,0x62,0x08,0x62,0x08,0x62,0x08,0x62,0x08,0x62,0x08,0x62,0x08,0x62,0x08,0x62,0x08,0x62,0x08,0x61,0x08,
    0xC3,0x10,0x66,0x29,0x45,0x21,0x82,0x10,0x62,0x08,0x62,0x08,0x62,0x08,0x62,0x08,0x62,0x08,0x62,0x08,0x62,0x08,0x62,0x08,
    0x62,0x08,0x62,0x08,0x62,0x08,0x62,0x08,0x62,0x08,0x62,0x08,0x61,0x08,0xC3,0x10,0x66,0x29,0x45,0x21,0x82,0x10,0x62,0x08,
    0x62,0x08,0x62,0x08,0x62,0x08,0x62,0x08,0x62,0x08,0x62,0x08,0x62,0x08,0x62,0x08,0x62,0x08,0x62,0x08,0x62,0x08,0x62,0x08,
    0x62,0x08,0x62,0x08,0x82,0x10,0x45,0x21,0x66,0x29,0xC3,0x10,0x61,0x08,0x62,0x08,0x62,0x08,0x62,0x08,0x62,0x08,0x62,0x08,
    0x62,0x08,0x62,0x08,0x62,0x08,0x62,0x08,0x62,0x08,0x62,0x08,0x62,0x08,0x62,0x08,0x62,0x08,0x82,0x10,0x45,0x21,0x66,0x29,
    0xC3,0x10,0x61,0x08,0x62,0x08,0x62,0x08,0x62,0x08,0x62,0x08,0x62,0x08,0x62,0x08,0x62,0x08,0x62,0x08,0x62,0x08,0x62,0x08,
    0x62,0x08,0x62,0x08,0x62,0x08,0x62,0x08,0x82,0x10,0x45,0x21,0x66,0x29,0xC3,0x10,0x61,0x08,0x62,0x08,0x62,0x08,0x62,0x08,
    0x62,0x08,0x62,0x08,0x62,0x08,0x61,0x08,0x61,0x08,0x61,0x08,0x61,0x08,0x61,0x08,0x61,0x08,0x61,0x08,0x61,0x08,0x62,0x08,
    0x04,0x21,0x25,0x21,0xA2,0x10,0x41,0x08,0x61,0x08,0x61,0x08,0x61,0x08,0x61,0x08,0x61,0x08,0x41,0x08,0x41,0x08,0x41,0x08,
    0x41,0x08,0x41,0x08,0x41,0x08,0x41,0x08,0x41,0x08,0x41,0x08,0x61,0x08,0xE4,0x18,0xE4,0x18,0x82,0x08,0x41,0x08,0x41,0x08,
    0x41,0x08,0x41,0x08,0x41,0x08,0x41,0x08,0x41,0x08,0x41,0x08,0x41,0x08,0x41,0x08,0x41,0x08,0x41,0x08,0x41,0x08,0x41,0x08,
    0x41,0x08,0x41,0x08,0xA3,0x10,0xC3,0x10,0x61,0x08,0x20,0x00,0x21,0x00,0x21,0x00,0x21,0x00,0x21,0x00,0x21,0x00,0x21,0x00,
    0x21,0x00,0x20,0x00,0x20,0x00,0x20,0x00,0x20,0x00,0x20,0x00,0x20,0x00,0x20,0x00,0x20,0x00,0x61,0x08,0x82,0x10,0x61,0x08,
    0x20,0x00,0x20,0x00,0x20,0x00,0x20,0x00,0x20,0x00,0x20,0x00,0x20,0x00,0x20,0x00,0x20,0x00,0x20,0x00,0x20,0x00,0x20,0x00,
    0x61,0x08,0xA2,0x10,0x62,0x08,0x20,0x00,0x20,0x00,0x20,0x00,0x20,0x00,0x21,0x00,0x21,0x00,0x21,0x00,0x21,0x00,0x21,0x00,
    0x21,0x00,0x21,0x00,0x21,0x00,0x41,0x00,0x41,0x00,0x41,0x00,0x21,0x00,0x82,0x10,0xC3,0x18,0x82,0x10,0x21,0x00,0x41,0x08,
    0x41,0x08,0x41,0x08,0x41,0x08,0x41,0x08,0x41,0x08,0x41,0x08,0x41,0x08,0x41,0x08,0x41,0x08,0x41,0x08,0x41,0x08,0x41,0x08,
    0x41,0x08,0x41,0x08,0xC3,0x10,0x04,0x19,0xC3,0x10,0x41,0x08,0x41,0x08,0x41,0x08,0x41,0x08,0x41,0x08,0x41,0x08,0x61,0x08,
    0x61,0x08,0x61,0x08,0x61,0x08,0x61,0x08,0x61,0x08,0x61,0x08,0x61,0x08,0x61,0x08,0x41,0x08,0xA2,0x10,0x45,0x21,0x25,0x21,
    0x62,0x08,0x61,0x08,0x61,0x08,0x61,0x08,0x61,0x08,0x62,0x08,0x62,0x08,0x62,0x08,0x62,0x08,0x62,0x08,0x62,0x08,0x62,0x08,
    0x62,0x08,0x62,0x08,0x62,0x08,0x61,0x08,0xC3,0x10,0x66,0x29,0x45,0x21,0x82,0x10,0x62,0x08,0x62,0x08,0x62,0x08,0x62,0x08,
    0x62,0x08,0x62,0x08,0x62,0x08,0x62,0x08,0x62,0x08,0x62,0x08,0x62,0x08,0x62,0x08,0x62,0x08,0x62,0x08,0x61,0x08,0xC3,0x10,
    0x66,0x29,0x45,0x21,0x82,0x10,0x62,0x08,0x62,0x08,0x62,0x08,0x62,0x08,0x62,0x08,0x62,0x08,0x62,0x08,0x62,0x08,0x62,0x08,
    0x62,0x08,0x62,0x08,0x62,0x08,0x62,0x08,0x62,0x08,0x61,0x08,0xC3,0x10,0x66,0x29,0x45,0x21,0x82,0x10,0x62,0x08,0x62,0x08,
    0x62,0x08,0x62,0x08,0x62,0x08,0x62,0x08,0x62,0x08,0x62,0x08,0x62,0x08,0x62,0x08,0x62,0x08,0x62,0x08,0x62,0x08,0x62,0x08,
    0x61,0x08,0xC3,0x10,0x66,0x29,0x45,0x21,0x82,0x10,0x62,0x08,0x62,0x08,0x62,0x08,0x62,0x08,0x62,0x08,0x62,0x08,0x62,0x08,
    0x62,0x08,0x62,0x08,0x62,0x08,0x62,0x08,0x62,0x08,0x62,0x08,0x62,0x08,0x61,0x08,0xC3,0x10,0x66,0x29,0x45,0x21,0x82,0x10,
    0x62,0x08,0x62,0x08,0x62,0x08,0x62,0x08,0x62,0x08,0x62,0x08,0x62,0x08,0x62,0x08,0x62,0x08,0x62,0x08,0x62,0x08,0x62,0x08,
    0x62,0x08,0x62,0x08,0x61,0x08,0xC3,0x10,0x66,0x29,0x45,0x21,0x82,0x10,0x62,0x08,0x62,0x08,0x62,0x08,0x62,0x08,0x62,0x08,
    0x62,0x08,0x62,0x08,0x62,0x08,0x62,0x08,0x62,0x08,0x62,0x08,0x62,0x08,0x62,0x08,0x62,0x08,0x62,0x08,0x82,0x10,0x45,0x21,
    0x66,0x29,0xC3,0x10,0x61,0x08,0x62,0x08,0x62,0x08,0x62,0x08,0x62,0x08,0x62,0x08,0x62,0x08,0x62,0x08,0x62,0x08,0x62,0x08,
    0x62,0x08,0x62,0x08,0x62,0x08,0x62,0x08,0x62,0x08,0x82,0x10,0x45,0x21,0x66,0x29,0xC3,0x10,0x61,0x08,0x62,0x08,0x62,0x08,
    0x62,0x08,0x62,0x08,0x62,0x08,0x62,0x08,0x62,0x08,0x62,0x08,0x62,0x08,0x62,0x08,0x62,0x08,0x62,0x08,0x62,0x08,0x62,0x08,
    0x82,0x10,0x45,0x21,0x66,0x29,0xC3,0x10,0x61,0x08,0x62,0x08,0x62,0x08,0x62,0x08,0x62,0x08,0x62,0x08,0x62,0x08,0x61,0x08,
    0x61,0x08,0x61,0x08,0x61,0x08,0x61,0x08,0x61,0x08,0x61,0x08,0x61,0x08,0x62,0x08,0x04,0x21,0x25,0x21,0xA2,0x10,0x41,0x08,
    0x61,0x08,0x61,0x08,0x61,0x08,0x61,0x08,0x61,0x08,0x41,0x08,0x41,0x08,0x41,0x08,0x41,0x08,0x41,0x08,0x41,0x08,0x41,0x08,
    0x41,0x08,0x41,0x08,0x61,0x08,0xE4,0x18,0xE4,0x18,0x82,0x08,0x41,0x08,0x41,0x08,0x41,0x08,0x41,0x08,0x41,0x08,0x41,0x08,
    0x41,0x08,0x41,0x08,0x41,0x08,0x41,0x08,0x41,0x08,0x41,0x08,0x41,0x08,0x41,0x08,0x41,0x08,0x41,0x08,0xA3,0x10,0xC3,0x10,
    0x61,0x08,0x20,0x00,0x21,0x00,0x21,0x00,0x21,0x00,0x21,0x00,0x21,0x00,0x21,0x00,0x21,0x00,0x20,0x00,0x20,0x00,0x20,0x00,
    0x20,0x00,0x20,0x00,0x20,0x00,0x20,0x00,0x20,0x00,0x61,0x08,0x82,0x10,0x61,0x08,0x20,0x00,0x20,0x00,0x20,0x00,0x20,0x00,
    0x20,0x00,0x20,0x00,0x20,0x00,0x20,0x00,0x20,0x00,0x20,0x00,0x20,0x00,0x20,0x00,0x61,0x08,0xA2,0x10,0x61,0x08,0x20,0x00,
    0x20,0x00,0x20,0x00,0x20,0x00,0x21,0x00,0x21,0x00,0x21,0x00,0x21,0x00,0x21,0x00,0x21,0x00,0x21,0x00,0x21,0x00,0x41,0x00,
    0x41,0x00,0x41,0x00,0x21,0x00,0x82,0x10,0xC3,0x18,0x82,0x10,0x21,0x00,0x41,0x08,0x41,0x08,0x41,0x08,0x41,0x08,0x41,0x08,
    0x41,0x08,0x41,0x08,0x41,0x08,0x41,0x08,0x41,0x08,0x41,0x08,0x41,0x08,0x41,0x08,0x41,0x08,0x41,0x08,0xA3,0x10,0x04,0x19,
    0xA3,0x10,0x41,0x08,0x41,0x08,0x41,0x08,0x41,0x08,0x41,0x08,0x41,0x08,0x61,0x08,0x61,0x08,0x61,0x08,0x61,0x08,0x61,0x08,
    0x61,0x08,0x61,0x08,0x61,0x08,0x61,0x08,0x41,0x08,0xA2,0x10,0x45,0x21,0x25,0x21,0x62,0x08,0x62,0x08,0x61,0x08,0x61,0x08,
    0x61,0x08,0x62,0x08,0x62,0x08,0x62,0x08,0x62,0x08,0x62,0x08,0x62,0x08,0x62,0x08,0x62,0x08,0x62,0x08,0x62,0x08,0x61,0x08,
    0xA3,0x10,0x66,0x29,0x45,0x21,0x82,0x10,0x82,0x08,0x62,0x08,0x62,0x08,0x62,0x08,0x62,0x08,0x62,0x08,0x62,0x08,0x62,0x08,
    0x62,0x08,0x62,0x08,0x62,0x08,0x62,0x08,0x62,0x08,0x62,0x08,0x61,0x08,0xA3,0x10,0x66,0x29,0x45,0x21,0x82,0x10,0x82,0x08,
    0x62,0x08,0x62,0x08,0x62,0x08,0x62,0x08,0x62,0x08,0x62,0x08,0x62,0x08,0x62,0x08,0x62,0x08,0x62,0x08,0x62,0x08,0x62,0x08,
    0x62,0x08,0x61,0x08,0xA3,0x10,0x66,0x29,0x45,0x21,0x82,0x10,0x82,0x08,0x62,0x08,0x62,0x08,0x62,0x08,0x62,0x08,0x62,0x08,
    0x62,0x08,0x62,0x08,0x62,0x08,0x62,0x08,0x62,0x08,0x62,0x08,0x62,0x08,0x62,0x08,0x61,0x08,0xA3,0x10,0x66,0x29,0x45,0x21,
    0x82,0x10,0x82,0x08,0x62,0x08,0x62,0x08,0x62,0x08,0x62,0x08,0x62,0x08,0x62,0x08,0x62,0x08,0x62,0x08,0x62,0x08,0x62,0x08,
    0x62,0x08,0x62,0x08,0x62,0x08,0x61,0x08,0xA3,0x10,0x66,0x29,0x45,0x21,0x82,0x10,0x82,0x08,0x62,0x08,0x62,0x08,0x62,0x08,
    0x62,0x08,0x62,0x08,0x62,0x08,0x62,0x08,0x62,0x08,0x62,0x08,0x62,0x08,0x62,0x08,0x62,0x08,0x62,0x08,0x61,0x08,0xA3,0x10,
    0x66,0x29,0x45,0x21,0x82,0x10,0x82,0x08,0x62,0x08,0x62,0x08,0x62,0x08,0x62,0x08,0x62,0x08,0x62,0x08,0x62,0x08,0x62,0x08,
    0x62,0x08,0x62,0x08,0x62,0x08,0x62,0x08,0x62,0x08,0x82,0x08,0x82,0x10,0x45,0x21,0x66,0x29,0xA3,0x10,0x61,0x08,0x62,0x08,
    0x62,0x08,0x62,0x08,0x62,0x08,0x62,0x08,0x62,0x08,0x62,0x08,0x62,0x08,0x62,0x08,0x62,0x08,0x62,0x08,0x62,0x08,0x62,0x08,
    0x82,0x08,0x82,0x10,0x45,0x21,0x66,0x29,0xA3,0x10,0x61,0x08,0x62,0x08,0x62,0x08,0x62,0x08,0x62,0x08,0x62,0x08,0x62,0x08,
    0x62,0x08,0x62,0x08,0x62,0x08,0x62,0x08,0x62,0x08,0x62,0x08,0x62,0x08,0x82,0x08,0x82,0x10,0x45,0x21,0x66,0x29,0xA3,0x10,
    0x61,0x08,0x62,0x08,0x62,0x08,0x62,0x08,0x62,0x08,0x62,0x08,0x62,0x08,0x61,0x08,0x61,0x08,0x61,0x08,0x61,0x08,0x61,0x08,
    0x61,0x08,0x61,0x08,0x61,0x08,0x61,0x08,0x04,0x21,0x25,0x21,0x82,0x10,0x41,0x08,0x61,0x08,0x61,0x08,0x61,0x08,0x61,0x08,
    0x61,0x08,0x41,0x08,0x41,0x08,0x41,0x08,0x41,0x08,0x41,0x08,0x41,0x08,0x41,0x08,0x41,0x08,0x41,0x08,0x61,0x08,0xE4,0x18,
    0xE4,0x18,0x62,0x08,0x41,0x08,0x41,0x08,0x41,0x08,0x41,0x08,0x41,0x08,0x41,0x08,0x41,0x08,0x41,0x08,0x41,0x08,0x41,0x08,
    0x41,0x08,0x41,0x08,0x41,0x08,0x41,0x08,0x41,0x08,0x41,0x08,0xA3,0x10,0xC3,0x10,0x61,0x08,0x20,0x00,0x21,0x00,0x21,0x00,
    0x21,0x00,0x21,0x00,0x21,0x00,0x21,0x00,0x21,0x00,0x20,0x00,0x20,0x00,0x20,0x00,0x20,0x00,0x20,0x00,0x20,0x00,0x20,0x00,
    0x20,0x00,0x61,0x08,0x82,0x10,0x61,0x08,0x20,0x00,0x20,0x00,0x20,0x00,0x20,0x00,0x20,0x00,0x20,0x00,0x20,0x00,0x20,0x00,
    0x20,0x00,0x20,0x00,0x20,0x00,0x20,0x00,0x62,0x08,0x82,0x10,0x62,0x08,0x20,0x00,0x20,0x00,0x20,0x00,0x20,0x00,0x21,0x00,
    0x21,0x00,0x21,0x00,0x21,0x00,0x21,0x00,0x21,0x00,0x21,0x00,0x21,0x00,0x41,0x00,0x41,0x00,0x21,0x00,0x21,0x00,0xA2,0x10,
    0xC3,0x18,0xA2,0x10,0x21,0x00,0x21,0x00,0x41,0x08,0x41,0x08,0x41,0x08,0x41,0x08,0x41,0x08,0x41,0x08,0x41,0x08,0x41,0x08,
    0x41,0x08,0x41,0x08,0x41,0x08,0x41,0x08,0x41,0x08,0x41,0x08,0xC3,0x18,0x04,0x19,0xC3,0x18,0x41,0x08,0x41,0x08,0x41,0x08,
    0x41,0x08,0x41,0x08,0x41,0x08,0x61,0x08,0x61,0x08,0x61,0x08,0x61,0x08,0x61,0x08,0x61,0x08,0x61,0x08,0x61,0x08,0x61,0x08,
    0x41,0x08,0xC3,0x10,0x45,0x21,0x25,0x21,0x82,0x10,0x41,0x08,0x61,0x08,0x61,0x08,0x61,0x08,0x62,0x08,0x62,0x08,0x62,0x08,
    0x62,0x08,0x62,0x08,0x62,0x08,0x62,0x08,0x62,0x08,0x62,0x08,0x62,0x08,0x41,0x08,0xE3,0x18,0x66,0x29,0x45,0x21,0x82,0x10,
    0x61,0x08,0x62,0x08,0x62,0x08,0x62,0x08,0x62,0x08,0x62,0x08,0x62,0x08,0x62,0x08,0x62,0x08,0x62,0x08,0x62,0x08,0x62,0x08,
    0x62,0x08,0x62,0x08,0x41,0x08,0xE3,0x18,0x66,0x29,0x45,0x21,0x82,0x10,0x61,0x08,0x62,0x08,0x62,0x08,0x62,0x08,0x62,0x08,
    0x62,0x08,0x62,0x08,0x62,0x08,0x62,0x08,0x62,0x08,0x62,0x08,0x62,0x08,0x62,0x08,0x62,0x08,0x41,0x08,0xE3,0x18,0x66,0x29,
    0x45,0x21,0x82,0x10,0x61,0x08,0x62,0x08,0x62,0x08,0x62,0x08,0x62,0x08,0x62,0x08,0x62,0x08,0x62,0x08,0x62,0x08,0x62,0x08,
    0x62,0x08,0x62,0x08,0x82,0x08,0x62,0x08,0x41,0x08,0xE3,0x18,0x66,0x29,0x45,0x21,0x82,0x10,0x61,0x08,0x62,0x08,0x62,0x08,
    0x62,0x08,0x62,0x08,0x62,0x08,0x62,0x08,0x62,0x08,0x62,0x08,0x62,0x08,0x62,0x08,0x62,0x08,0x82,0x08,0x62,0x08,0x41,0x08,
    0xE3,0x18,0x66,0x29,0x45,0x21,0x82,0x10,0x61,0x08,0x62,0x08,0x62,0x08,0x62,0x08,0x62,0x08,0x62,0x08,0x62,0x08,0x62,0x08,
    0x62,0x08,0x62,0x08,0x62,0x08,0x62,0x08,0x82,0x08,0x62,0x08,0x41,0x08,0xE3,0x18,0x66,0x29,0x45,0x21,0x82,0x10,0x61,0x08,
    0x62,0x08,0x62,0x08,0x62,0x08,0x62,0x08,0x62,0x08,0x62,0x08,0x62,0x08,0x62,0x08,0x62,0x08,0x62,0x08,0x62,0x08,0x62,0x08,
    0x62,0x08,0x61,0x08,0x82,0x10,0x45,0x21,0x66,0x29,0xE3,0x18,0x41,0x08,0x62,0x08,0x82,0x08,0x62,0x08,0x62,0x08,0x62,0x08,
    0x62,0x08,0x62,0x08,0x62,0x08,0x62,0x08,0x62,0x08,0x62,0x08,0x62,0x08,0x62,0x08,0x61,0x08,0x82,0x10,0x45,0x21,0x66,0x29,
    0xE3,0x18,0x41,0x08,0x62,0x08,0x82,0x08,0x62,0x08,0x62,0x08,0x62,0x08,0x62,0x08,0x62,0x08,0x62,0x08,0x62,0x08,0x62,0x08,
    0x62,0x08,0x62,0x08,0x62,0x08,0x61,0x08,0x82,0x10,0x45,0x21,0x66,0x29,0xE3,0x18,0x41,0x08,0x61,0x08,0x62,0x08,0x62,0x08,
    0x62,0x08,0x62,0x08,0x62,0x08,0x61,0x08,0x61,0x08,0x61,0x08,0x61,0x08,0x61,0x08,0x61,0x08,0x61,0x08,0x41,0x08,0x82,0x08,
    0x24,0x21,0x25,0x21,0xA3,0x10,0x41,0x08,0x41,0x08,0x61,0x08,0x61,0x08,0x61,0x08,0x61,0x08,0x41,0x08,0x41,0x08,0x41,0x08,
    0x41,0x08,0x41,0x08,0x41,0x08,0x41,0x08,0x41,0x08,0x41,0x08,0x61,0x08,0xE4,0x18,0xE4,0x18,0x82,0x10,0x21,0x00,0x41,0x08,
    0x41,0x08,0x41,0x08,0x41,0x08,0x41,0x08,0x41,0x08,0x41,0x08,0x41,0x08,0x41,0x08,0x41,0x08,0x41,0x08,0x41,0x08,0x41,0x08,
    0x21,0x00,0x41,0x08,0xA3,0x10,0xC3,0x10,0x62,0x08,0x20,0x00,0x21,0x00,0x21,0x00,0x21,0x00,0x21,0x00,0x21,0x00,0x21,0x00,
    0x21,0x00,0x20,0x00,0x20,0x00,0x20,0x00,0x20,0x00,0x20,0x00,0x20,0x00,0x20,0x00,0x20,0x00,0x62,0x08,0x82,0x10,0x61,0x08,
    0x20,0x00,0x20,0x00,0x20,0x00,0x20,0x00,0x20,0x00,0x20,0x00,0x20,0x00,0x20,0x00,0x20,0x00,0x20,0x00,0x41,0x08,0x62,0x08,
    0x82,0x10,0x82,0x10,0x82,0x10,0x62,0x08,0x41,0x08,0x20,0x00,0x20,0x00,0x21,0x00,0x21,0x00,0x21,0x00,0x21,0x00,0x21,0x00,
    0x21,0x00,0x21,0x00,0x21,0x00,0x21,0x00,0x21,0x00,0x61,0x08,0xA2,0x10,0xC3,0x10,0xC3,0x10,0xC3,0x18,0xA2,0x10,0x61,0x08,
    0x41,0x00,0x41,0x08,0x41,0x08,0x41,0x08,0x41,0x08,0x41,0x08,0x41,0x08,0x41,0x08,0x41,0x08,0x41,0x08,0x41,0x08,0x41,0x08,
    0x62,0x08,0xC3,0x18,0x04,0x19,0xE4,0x18,0x04,0x19,0xC3,0x18,0x82,0x08,0x41,0x08,0x41,0x08,0x41,0x08,0x41,0x08,0x61,0x08,
    0x61,0x08,0x61,0x08,0x61,0x08,0x61,0x08,0x61,0x08,0x61,0x08,0x41,0x08,0x62,0x08,0xC3,0x18,0x25,0x21,0x25,0x21,0x25,0x21,
    0x24,0x21,0xA3,0x10,0x61,0x08,0x61,0x08,0x61,0x08,0x62,0x08,0x62,0x08,0x62,0x08,0x62,0x08,0x62,0x08,0x62,0x08,0x62,0x08,
    0x62,0x08,0x61,0x08,0x82,0x10,0x04,0x19,0x45,0x29,0x45,0x29,0x46,0x29,0x45,0x21,0xC3,0x18,0x62,0x08,0x61,0x08,0x62,0x08,
    0x62,0x08,0x62,0x08,0x62,0x08,0x62,0x08,0x62,0x08,0x62,0x08,0x62,0x08,0x62,0x08,0x61,0x08,0x82,0x10,0x04,0x19,0x45,0x29,
    0x45,0x29,0x46,0x29,0x45,0x21,0xC3,0x18,0x62,0x08,0x61,0x08,0x62,0x08,0x62,0x08,0x62,0x08,0x62,0x08,0x62,0x08,0x62,0x08,
    0x62,0x08,0x62,0x08,0x62,0x08,0x61,0x08,0x82,0x10,0x04,0x19,0x45,0x29,0x45,0x29,0x66,0x29,0x45,0x21,0xC3,0x18,0x62,0x08,
    0x61,0x08,0x62,0x08,0x62,0x08,0x62,0x08,0x62,0x08,0x62,0x08,0x62,0x08,0x62,0x08,0x62,0x08,0x62,0x08,0x61,0x08,0x82,0x10,
    0x04,0x19,0x45,0x29,0x45,0x29,0x66,0x29,0x45,0x21,0xC3,0x18,0x62,0x08,0x61,0x08,0x62,0x08,0x62,0x08,0x62,0x08,0x62,0x08,
    0x62,0x08,0x62,0x08,0x62,0x08,0x62,0x08,0x62,0x08,0x61,0x08,0x82,0x10,0x04,0x19,0x45,0x29,0x45,0x29,0x66,0x29,0x45,0x21,
    0xC3,0x18,0x62,0x08,0x61,0x08,0x62,0x08,0x62,0x08,0x62,0x08,0x62,0x08,0x62,0x08,0x62,0x08,0x62,0x08,0x62,0x08,0x62,0x08,
    0x61,0x08,0x82,0x10,0x04,0x19,0x45,0x29,0x45,0x29,0x66,0x29,0x45,0x21,0xC3,0x18,0x62,0x08,0x61,0x08,0x62,0x08,0x62,0x08,
    0x62,0x08,0x62,0x08,0x62,0x08,0x62,0x08,0x62,0x08,0x62,0x08,0x62,0x08,0x61,0x08,0x62,0x08,0xC3,0x18,0x45,0x21,0x66,0x29,
    0x45,0x29,0x45,0x29,0x04,0x19,0x82,0x10,0x61,0x08,0x62,0x08,0x62,0x08,0x62,0x08,0x62,0x08,0x62,0x08,0x62,0x08,0x62,0x08,
    0x62,0x08,0x62,0x08,0x61,0x08,0x62,0x08,0xC3,0x18,0x45,0x21,0x66,0x29,0x45,0x29,0x45,0x29,0x04,0x19,0x82,0x10,0x61,0x08,
    0x62,0x08,0x62,0x08,0x62,0x08,0x62,0x08,0x62,0x08,0x62,0x08,0x62,0x08,0x62,0x08,0x62,0x08,0x61,0x08,0x62,0x08,0xC3,0x18,
    0x45,0x21,0x66,0x29,0x45,0x29,0x45,0x29,0xE4,0x18,0x82,0x10,0x61,0x08,0x62,0x08,0x62,0x08,0x62,0x08,0x62,0x08,0x61,0x08,
    0x61,0x08,0x61,0x08,0x61,0x08,0x61,0x08,0x41,0x08,0x61,0x08,0xA3,0x10,0x04,0x21,0x25,0x21,0x25,0x21,0x24,0x21,0xC3,0x18,
    0x62,0x08,0x41,0x08,0x61,0x08,0x61,0x08,0x61,0x08,0x41,0x08,0x41,0x08,0x41,0x08,0x41,0x08,0x41,0x08,0x41,0x08,0x41,0x08,
    0x41,0x08,0x82,0x10,0xE3,0x18,0xE4,0x18,0xE4,0x18,0xE4,0x18,0xA3,0x10,0x61,0x08,0x41,0x08,0x41,0x08,0x41,0x08,0x41,0x08,
    0x41,0x08,0x41,0x08,0x41,0x08,0x41,0x08,0x41,0x08,0x41,0x08,0x21,0x00,0x41,0x00,0x62,0x08,0xA3,0x10,0xA3,0x10,0xA3,0x10,
    0xA3,0x10,0x82,0x08,0x41,0x08,0x20,0x00,0x21,0x00,0x21,0x00,0x21,0x00,0x21,0x00,0x21,0x00,0x20,0x00,0x20,0x00,0x20,0x00,
    0x20,0x00,0x20,0x00,0x20,0x00,0x41,0x08,0x62,0x08,0x82,0x10,0x82,0x08,0x82,0x08,0x61,0x08,0x41,0x00,0x20,0x00,0x20,0x00,
    0x20,0x00,0x20,0x00,0x20,0x00,0x20,0x00,0x20,0x00,0x61,0x08,0x82,0x10,0x82,0x10,0x82,0x10,0x82,0x10,0x82,0x10,0x82,0x10,
    0xA2,0x10,0x62,0x08,0x41,0x00,0x20,0x00,0x21,0x00,0x21,0x00,0x21,0x00,0x21,0x00,0x21,0x00,0x21,0x00,0x20,0x00,0x41,0x08,
    0x82,0x08,0xC3,0x10,0xC3,0x10,0xC3,0x10,0xC3,0x10,0xC3,0x18,0xC3,0x18,0xC3,0x18,0xA2,0x10,0x41,0x08,0x41,0x00,0x41,0x08,
    0x41,0x08,0x41,0x08,0x41,0x08,0x41,0x08,0x41,0x08,0x41,0x08,0x41,0x08,0xA3,0x10,0xE4,0x18,0x04,0x19,0x04,0x19,0x04,0x19,
    0x04,0x19,0x04,0x19,0x04,0x19,0xC3,0x10,0x61,0x08,0x41,0x08,0x41,0x08,0x61,0x08,0x61,0x08,0x61,0x08,0x61,0x08,0x61,0x08,
    0x41,0x08,0x61,0x08,0xA3,0x10,0x24,0x21,0x25,0x21,0x25,0x21,0x25,0x21,0x25,0x21,0x25,0x21,0x45,0x21,0x04,0x19,0xA2,0x10,
    0x61,0x08,0x62,0x08,0x62,0x08,0x62,0x08,0x62,0x08,0x62,0x08,0x62,0x08,0x61,0x08,0x62,0x08,0xC3,0x18,0x45,0x21,0x66,0x29,
    0x66,0x29,0x66,0x29,0x66,0x29,0x66,0x29,0x66,0x29,0x25,0x21,0xA3,0x10,0x61,0x08,0x62,0x08,0x62,0x08,0x62,0x08,0x62,0x08,
    0x62,0x08,0x62,0x08,0x61,0x08,0x62,0x08,0xC3,0x18,0x45,0x21,0x66,0x29,0x66,0x29,0x66,0x29,0x66,0x29,0x66,0x29,0x66,0x29,
    0x25,0x21,0xA3,0x10,0x61,0x08,0x62,0x08,0x62,0x08,0x62,0x08,0x62,0x08,0x62,0x08,0x62,0x08,0x61,0x08,0x62,0x08,0xC3,0x18,
    0x45,0x21,0x66,0x29,0x66,0x29,0x66,0x29,0x66,0x29,0x66,0x29,0x66,0x29,0x25,0x21,0xA3,0x10,0x62,0x08,0x62,0x08,0x62,0x08,
    0x62,0x08,0x62,0x08,0x62,0x08,0x62,0x08,0x62,0x08,0x62,0x08,0xC3,0x18,0x45,0x21,0x66,0x29,0x66,0x29,0x66,0x29,0x66,0x29,
    0x66,0x29,0x66,0x29,0x25,0x21,0xA3,0x10,0x62,0x08,0x62,0x08,0x62,0x08,0x62,0x08,0x62,0x08,0x62,0x08,0x62,0x08,0x62,0x08,
    0x62,0x08,0xC3,0x18,0x45,0x21,0x66,0x29,0x66,0x29,0x66,0x29,0x66,0x29,0x66,0x29,0x66,0x29,0x25,0x21,0xA3,0x10,0x62,0x08,
    0x62,0x08,0x62,0x08,0x62,0x08,0x62,0x08,0x62,0x08,0x62,0x08,0x62,0x08,0x62,0x08,0xC3,0x18,0x45,0x21,0x66,0x29,0x66,0x29,
    0x66,0x29,0x66,0x29,0x66,0x29,0x66,0x29,0x25,0x21,0xA3,0x10,0x62,0x08,0x62,0x08,0x62,0x08,0x62,0x08,0x62,0x08,0x62,0x08,
    0x62,0x08,0x62,0x08,0x62,0x08,0xA3,0x10,0x25,0x21,0x66,0x29,0x66,0x29,0x66,0x29,0x66,0x29,0x66,0x29,0x66,0x29,0x45,0x21,
    0xC3,0x18,0x62,0x08,0x62,0x08,0x62,0x08,0x62,0x08,0x62,0x08,0x62,0x08,0x62,0x08,0x62,0x08,0x62,0x08,0xA3,0x10,0x25,0x21,
    0x66,0x29,0x66,0x29,0x66,0x29,0x66,0x29,0x66,0x29,0x66,0x29,0x45,0x21,0xC3,0x18,0x62,0x08,0x62,0x08,0x62,0x08,0x62,0x08,
    0x62,0x08,0x62,0x08,0x62,0x08,0x62,0x08,0x62,0x08,0xA3,0x10,0x25,0x21,0x66,0x29,0x66,0x29,0x66,0x29,0x66,0x29,0x66,0x29,
    0x66,0x29,0x45,0x21,0xC3,0x18,0x62,0x08,0x61,0x08,0x62,0x08,0x62,0x08,0x61,0x08,0x61,0x08,0x61,0x08,0x61,0x08,0x41,0x08,
    0x82,0x10,0x04,0x19,0x25,0x21,0x25,0x21,0x25,0x21,0x25,0x21,0x25,0x21,0x25,0x21,0x04,0x21,0xA3,0x10,0x61,0x08,0x41,0x08,
    0x61,0x08,0x41,0x08,0x41,0x08,0x41,0x08,0x41,0x08,0x41,0x08,0x41,0x08,0x82,0x08,0xC3,0x18,0x04,0x19,0xE4,0x18,0xE4,0x18,
    0xE4,0x18,0xE4,0x18,0xE4,0x18,0xE3,0x18,0x82,0x10,0x41,0x08,0x41,0x00,0x41,0x08,0x41,0x08,0x41,0x08,0x41,0x08,0x41,0x08,
    0x41,0x08,0x21,0x00,0x61,0x08,0xA2,0x10,0xC3,0x18,0xC3,0x10,0xC3,0x10,0xC3,0x10,0xC3,0x10,0xA3,0x10,0xA3,0x10,0x61,0x08,
    0x21,0x00,0x20,0x00,0x21,0x00,0x21,0x00,0x21,0x00,0x20,0x00,0x20,0x00,0x20,0x00,0x20,0x00,0x21,0x00,0x61,0x08,0x82,0x10,
    0x82,0x10,0x82,0x10,0x82,0x10,0x82,0x08,0x82,0x08,0x82,0x08,0x41,0x08,0x20,0x00,0x20,0x00,0x20,0x00,0x20,0x00,0x41,0x08,
    0x62,0x08,0x82,0x10,0x82,0x10,0x82,0x10,0x61,0x08,0x41,0x08,0x61,0x08,0x82,0x10,0x82,0x10,0xA2,0x10,0x82,0x10,0x61,0x08,
    0x21,0x00,0x20,0x00,0x21,0x00,0x21,0x00,0x21,0x00,0x20,0x00,0x61,0x08,0xA3,0x10,0xC3,0x10,0xC3,0x10,0xC3,0x10,0x82,0x10,
    0x41,0x08,0x82,0x10,0xC3,0x10,0xC3,0x18,0xC3,0x18,0xC3,0x18,0x82,0x10,0x41,0x08,0x41,0x00,0x41,0x08,0x41,0x08,0x41,0x08,
    0x41,0x08,0x82,0x08,0xE3,0x18,0xE4,0x18,0x04,0x19,0xE4,0x18,0xA3,0x10,0x62,0x08,0xA3,0x10,0xE4,0x18,0x04,0x19,0x04,0x19,
    0x04,0x19,0xA2,0x10,0x41,0x08,0x41,0x08,0x61,0x08,0x61,0x08,0x41,0x08,0x41,0x08,0x82,0x10,0x04,0x19,0x25,0x21,0x25,0x21,
    0x25,0x21,0xE4,0x18,0x82,0x10,0xA3,0x10,0x24,0x21,0x45,0x21,0x45,0x21,0x45,0x21,0xE3,0x18,0x62,0x08,0x61,0x08,0x62,0x08,
    0x62,0x08,0x61,0x08,0x61,0x08,0xA3,0x10,0x25,0x21,0x66,0x29,0x66,0x29,0x66,0x29,0x24,0x21,0xA3,0x10,0xC3,0x18,0x45,0x21,
    0x66,0x29,0x66,0x29,0x66,0x29,0xE4,0x18,0x62,0x08,0x61,0x08,0x62,0x08,0x62,0x08,0x62,0x08,0x62,0x08,0xA3,0x10,0x25,0x21,
    0x66,0x29,0x66,0x29,0x66,0x29,0x24,0x21,0xA3,0x10,0xC3,0x18,0x45,0x21,0x66,0x29,0x66,0x29,0x66,0x29,0xE4,0x18,0x62,0x08,
    0x61,0x08,0x62,0x08,0x62,0x08,0x62,0x08,0x62,0x08,0xA3,0x10,0x25,0x21,0x66,0x29,0x66,0x29,0x66,0x29,0x24,0x21,0xA3,0x10,
    0xC3,0x18,0x45,0x21,0x66,0x29,0x66,0x29,0x66,0x29,0x04,0x19,0x82,0x10,0x61,0x08,0x62,0x08,0x82,0x08,0x62,0x08,0x61,0x08,
    0x82,0x10,0x25,0x21,0x66,0x29,0x66,0x29,0x66,0x29,0x25,0x21,0xA3,0x10,0xC3,0x18,0x45,0x21,0x66,0x29,0x66,0x29,0x66,0x29,
    0x04,0x19,0x82,0x10,0x61,0x08,0x62,0x08,0x82,0x08,0x62,0x08,0x61,0x08,0x82,0x10,0x25,0x21,0x66,0x29,0x66,0x29,0x66,0x29,
    0x25,0x21,0xA3,0x10,0xC3,0x18,0x45,0x21,0x66,0x29,0x66,0x29,0x66,0x29,0x04,0x19,0x82,0x10,0x61,0x08,0x62,0x08,0x82,0x08,
    0x62,0x08,0x61,0x08,0x82,0x10,0x25,0x21,0x66,0x29,0x66,0x29,0x66,0x29,0x25,0x21,0xA3,0x10,0xC3,0x18,0x45,0x21,0x66,0x29,
    0x66,0x29,0x66,0x29,0x04,0x19,0x82,0x10,0x61,0x08,0x62,0x08,0x82,0x08,0x62,0x08,0x61,0x08,0x82,0x10,0x04,0x19,0x66,0x29,
    0x66,0x29,0x66,0x29,0x45,0x21,0xC3,0x18,0xA3,0x10,0x25,0x21,0x66,0x29,0x66,0x29,0x66,0x29,0x25,0x21,0x82,0x10,0x61,0x08,
    0x62,0x08,0x82,0x08,0x62,0x08,0x61,0x08,0x82,0x10,0x04,0x19,0x66,0x29,0x66,0x29,0x66,0x29,0x45,0x21,0xC3,0x18,0xA3,0x10,
    0x25,0x21,0x66,0x29,0x66,0x29,0x66,0x29,0x25,0x21,0x82,0x10,0x61,0x08,0x62,0x08,0x82,0x08,0x62,0x08,0x61,0x08,0x82,0x10,
    0x04,0x19,0x66,0x29,0x66,0x29,0x66,0x29,0x45,0x21,0xC3,0x18,0xA3,0x10,0x24,0x21,0x45,0x29,0x45,0x29,0x66,0x29,0x25,0x21,
    0xA3,0x10,0x61,0x08,0x61,0x08,0x62,0x08,0x61,0x08,0x41,0x08,0x61,0x08,0xE3,0x18,0x25,0x21,0x25,0x21,0x25,0x21,0x04,0x21,
    0xA3,0x10,0x82,0x10,0xE4,0x18,0x25,0x21,0x25,0x21,0x25,0x21,0xE4,0x18,0x82,0x10,0x41,0x08,0x41,0x08,0x41,0x08,0x41,0x08,
    0x41,0x08,0x41,0x08,0xA3,0x10,0x04,0x19,0x04,0x19,0x04,0x19,0xE3,0x18,0x82,0x10,0x62,0x08,0xC3,0x10,0xE4,0x18,0xE4,0x18,
    0xE4,0x18,0xC3,0x10,0x62,0x08,0x41,0x08,0x41,0x08,0x41,0x08,0x41,0x08,0x21,0x00,0x41,0x08,0x82,0x10,0xC3,0x18,0xC3,0x10,
    0xC3,0x18,0xA3,0x10,0x61,0x08,0x61,0x08,0x82,0x10,0xA3,0x10,0xA3,0x10,0xA3,0x10,0x82,0x10,0x41,0x08,0x20,0x00,0x20,0x00,
    0x21,0x00,0x20,0x00,0x20,0x00,0x20,0x00,0x41,0x08,0x82,0x10,0x82,0x10,0x82,0x10,0x82,0x10,0x61,0x08,0x21,0x00,0x41,0x08,
    0x82,0x08,0x82,0x08,0x82,0x08,0x61,0x08,0x20,0x00,0x20,0x00,0x61,0x08,0x82,0x08,0x82,0x08,0x82,0x10,0x62,0x08,0x41,0x08,
    0x20,0x00,0x20,0x00,0x20,0x00,0x41,0x00,0x82,0x08,0xA2,0x10,0xA2,0x10,0xA2,0x10,0x82,0x10,0x41,0x08,0x21,0x00,0x20,0x00,
    0x41,0x08,0x82,0x10,0xA3,0x10,0xA3,0x10,0xC3,0x10,0xA2,0x10,0x61,0x08,0x21,0x00,0x41,0x00,0x21,0x00,0x41,0x08,0xA2,0x10,
    0xC3,0x18,0xC3,0x18,0xE3,0x18,0xC3,0x10,0x62,0x08,0x41,0x08,0x41,0x00,0x61,0x08,0xC3,0x10,0xE4,0x18,0xE4,0x18,0xE4,0x18,
    0xC3,0x18,0x62,0x08,0x41,0x08,0x41,0x08,0x41,0x08,0x61,0x08,0xC3,0x18,0x04,0x19,0x04,0x19,0x04,0x21,0xE4,0x18,0x82,0x10,
    0x41,0x08,0x41,0x08,0x62,0x08,0xC3,0x18,0x25,0x21,0x25,0x21,0x25,0x21,0x04,0x21,0xA2,0x10,0x41,0x08,0x61,0x08,0x41,0x08,
    0x62,0x08,0xE4,0x18,0x25,0x21,0x45,0x21,0x45,0x21,0x25,0x21,0xA3,0x10,0x61,0x08,0x61,0x08,0x82,0x10,0x04,0x19,0x66,0x29,
    0x66,0x29,0x66,0x29,0x45,0x21,0xC3,0x10,0x61,0x08,0x61,0x08,0x61,0x08,0x82,0x10,0x04,0x19,0x45,0x29,0x66,0x29,0x66,0x29,
    0x45,0x21,0xC3,0x10,0x61,0x08,0x61,0x08,0x82,0x10,0x04,0x19,0x66,0x29,0x66,0x29,0x66,0x29,0x45,0x21,0xC3,0x10,0x61,0x08,
    0x61,0x08,0x61,0x08,0x82,0x10,0x04,0x19,0x45,0x29,0x66,0x29,0x66,0x29,0x45,0x21,0xC3,0x10,0x61,0x08,0x61,0x08,0x82,0x10,
    0x04,0x19,0x66,0x29,0x66,0x29,0x66,0x29,0x45,0x21,0xC3,0x10,0x61,0x08,0x61,0x08,0x61,0x08,0x62,0x08,0xE4,0x18,0x45,0x29,
    0x66,0x29,0x66,0x29,0x45,0x29,0xC3,0x18,0x62,0x08,0x61,0x08,0x62,0x08,0xE4,0x18,0x45,0x29,0x66,0x29,0x66,0x29,0x45,0x21,
    0xC3,0x18,0x62,0x08,0x61,0x08,0x61,0x08,0x62,0x08,0xE4,0x18,0x45,0x29,0x66,0x29,0x66,0x29,0x45,0x29,0xC3,0x18,0x62,0x08,
    0x61,0x08,0x62,0x08,0xE4,0x18,0x45,0x29,0x66,0x29,0x66,0x29,0x45,0x21,0xC3,0x18,0x62,0x08,0x61,0x08,0x61,0x08,0x62,0x08,
    0xE4,0x18,0x45,0x29,0x66,0x29,0x66,0x29,0x45,0x29,0xC3,0x18,0x62,0x08,0x61,0x08,0x62,0x08,0xE4,0x18,0x45,0x29,0x66,0x29,
    0x66,0x29,0x45,0x21,0xC3,0x18,0x62,0x08,0x61,0x08,0x61,0x08,0x62,0x08,0xE4,0x18,0x45,0x29,0x66,0x29,0x66,0x29,0x45,0x29,
    0xC3,0x18,0x62,0x08,0x61,0x08,0x62,0x08,0xC3,0x18,0x45,0x29,0x66,0x29,0x66,0x29,0x45,0x29,0xE4,0x18,0x62,0x08,0x61,0x08,
    0x61,0x08,0x62,0x08,0xC3,0x18,0x45,0x21,0x66,0x29,0x66,0x29,0x45,0x29,0xE4,0x18,0x62,0x08,0x61,0x08,0x62,0x08,0xC3,0x18,
    0x45,0x29,0x66,0x29,0x66,0x29,0x45,0x29,0xE4,0x18,0x62,0x08,0x61,0x08,0x61,0x08,0x62,0x08,0xC3,0x18,0x45,0x21,0x66,0x29,
    0x66,0x29,0x45,0x29,0xE4,0x18,0x62,0x08,0x61,0x08,0x62,0x08,0xC3,0x18,0x45,0x29,0x66,0x29,0x66,0x29,0x45,0x29,0xE4,0x18,
    0x62,0x08,0x61,0x08,0x61,0x08,0x61,0x08,0xC3,0x10,0x25,0x21,0x66,0x29,0x45,0x21,0x45,0x29,0xE4,0x18,0x82,0x10,0x61,0x08,
    0x61,0x08,0xA3,0x10,0x25,0x21,0x25,0x21,0x25,0x21,0x25,0x21,0xE3,0x18,0x62,0x08,0x41,0x08,0x61,0x08,0x41,0x08,0xA2,0x10,
    0x04,0x19,0x25,0x21,0x04,0x21,0x24,0x21,0xC3,0x18,0x61,0x08,0x41,0x08,0x41,0x08,0x82,0x10,0xE4,0x18,0x04,0x19,0x04,0x19,
    0xE4,0x18,0xA3,0x10,0x61,0x08,0x41,0x08,0x41,0x08,0x41,0x08,0x82,0x08,0xC3,0x18,0xE4,0x18,0xE3,0x18,0xE4,0x18,0xA2,0x10,
    0x41,0x08,0x41,0x00,0x41,0x00,0x62,0x08,0xC3,0x10,0xC3,0x18,0xC3,0x18,0xC3,0x10,0x82,0x10,0x41,0x08,0x20,0x00,0x21,0x00,
    0x21,0x00,0x61,0x08,0xA2,0x10,0xA3,0x10,0xA3,0x10,0xA3,0x10,0x82,0x08,0x41,0x08,0x20,0x00,0x20,0x00,0x41,0x08,0x82,0x10,
    0x82,0x10,0x82,0x10,0x82,0x10,0x62,0x08,0x21,0x00,0x20,0x00,0x20,0x00,0x20,0x00,0x41,0x00,0x61,0x08,0x82,0x08,0x62,0x08,
    0x41,0x08,0x62,0x08,0x82,0x08,0x82,0x08,0x82,0x08,0x41,0x08,0x20,0x00,0x20,0x00,0x20,0x00,0x20,0x00,0x20,0x00,0x20,0x00,
    0x20,0x00,0x41,0x08,0x82,0x10,0xA2,0x10,0xA2,0x10,0xA2,0x10,0x82,0x10,0x62,0x08,0xA2,0x10,0xA3,0x10,0xA3,0x10,0xA3,0x10,
    0x62,0x08,0x21,0x00,0x21,0x00,0x41,0x08,0x41,0x08,0x41,0x08,0x41,0x00,0x21,0x00,0x62,0x08,0xC3,0x10,0xE3,0x18,0xE3,0x18,
    0xE3,0x18,0xA3,0x10,0xA2,0x10,0xE3,0x18,0xE4,0x18,0xE4,0x18,0xE3,0x18,0x82,0x10,0x41,0x08,0x41,0x08,0x41,0x08,0x41,0x08,
    0x41,0x08,0x41,0x08,0x41,0x08,0x82,0x10,0xE4,0x18,0x04,0x21,0x04,0x21,0x04,0x21,0xE3,0x18,0xC3,0x10,0x04,0x21,0x25,0x21,
    0x25,0x21,0x04,0x21,0xC3,0x18,0x61,0x08,0x41,0x08,0x61,0x08,0x61,0x08,0x62,0x08,0x61,0x08,0x41,0x08,0xA2,0x10,0x24,0x21,
    0x45,0x21,0x45,0x21,0x45,0x21,0x04,0x19,0xE4,0x18,0x45,0x21,0x46,0x29,0x46,0x29,0x45,0x29,0xE4,0x18,0x62,0x08,0x61,0x08,
    0x62,0x08,0x62,0x08,0x62,0x08,0x62,0x08,0x61,0x08,0xA3,0x10,0x25,0x21,0x66,0x29,0x66,0x29,0x66,0x29,0x04,0x21,0xE4,0x18,
    0x45,0x21,0x66,0x29,0x66,0x29,0x45,0x29,0xE4,0x18,0x62,0x08,0x61,0x08,0x62,0x08,0x62,0x08,0x62,0x08,0x62,0x08,0x61,0x08,
    0xA3,0x10,0x25,0x21,0x66,0x29,0x66,0x29,0x66,0x29,0x04,0x21,0xE4,0x18,0x45,0x21,0x66,0x29,0x66,0x29,0x45,0x29,0xE4,0x18,
    0x62,0x08,0x61,0x08,0x62,0x08,0x62,0x08,0x62,0x08,0x62,0x08,0x61,0x08,0x82,0x10,0x24,0x21,0x66,0x29,0x66,0x29,0x66,0x29,
    0x25,0x21,0xE4,0x18,0x25,0x21,0x66,0x29,0x66,0x29,0x66,0x29,0x04,0x19,0x82,0x10,0x61,0x08,0x62,0x08,0x62,0x08,0x62,0x08,
    0x62,0x08,0x61,0x08,0x82,0x10,0x24,0x21,0x66,0x29,0x66,0x29,0x66,0x29,0x25,0x21,0xE4,0x18,0x25,0x21,0x66,0x29,0x66,0x29,
    0x66,0x29,0x04,0x19,0x82,0x10,0x61,0x08,0x62,0x08,0x62,0x08,0x62,0x08,0x62,0x08,0x61,0x08,0x82,0x10,0x24,0x21,0x66,0x29,
    0x66,0x29,0x66,0x29,0x25,0x21,0xE4,0x18,0x25,0x21,0x66,0x29,0x66,0x29,0x66,0x29,0x04,0x19,0x82,0x10,0x61,0x08,0x62,0x08,
    0x62,0x08,0x62,0x08,0x62,0x08,0x61,0x08,0x82,0x10,0x24,0x21,0x66,0x29,0x66,0x29,0x66,0x29,0x25,0x21,0xE4,0x18,0x25,0x21,
    0x66,0x29,0x66,0x29,0x66,0x29,0x24,0x21,0x82,0x10,0x61,0x08,0x62,0x08,0x62,0x08,0x62,0x08,0x62,0x08,0x61,0x08,0x82,0x10,
    0x04,0x19,0x66,0x29,0x66,0x29,0x66,0x29,0x25,0x21,0xE4,0x18,0x25,0x21,0x66,0x29,0x66,0x29,0x66,0x29,0x24,0x21,0x82,0x10,
    0x61,0x08,0x62,0x08,0x62,0x08,0x62,0x08,0x62,0x08,0x61,0x08,0x82,0x10,0x04,0x19,0x66,0x29,0x66,0x29,0x66,0x29,0x25,0x21,
    0xE4,0x18,0x25,0x21,0x66,0x29,0x66,0x29,0x66,0x29,0x24,0x21,0x82,0x10,0x61,0x08,0x62,0x08,0x62,0x08,0x62,0x08,0x62,0x08,
    0x61,0x08,0x62,0x08,0xE4,0x18,0x45,0x21,0x45,0x21,0x45,0x21,0x25,0x21,0xE3,0x18,0x04,0x19,0x45,0x21,0x45,0x21,0x45,0x21,
    0x04,0x21,0x82,0x10,0x41,0x08,0x61,0x08,0x61,0x08,0x61,0x08,0x61,0x08,0x41,0x08,0x61,0x08,0xC3,0x10,0x04,0x21,0x04,0x21,
    0x04,0x21,0x04,0x19,0xC3,0x10,0xC3,0x18,0x04,0x19,0x04,0x19,0x04,0x19,0xE3,0x18,0x82,0x08,0x41,0x08,0x41,0x08,0x41,0x08,
    0x41,0x08,0x41,0x08,0x41,0x08,0x41,0x08,0xA2,0x10,0xC3,0x18,0xE4,0x18,0xE3,0x18,0xC3,0x18,0x82,0x10,0xA2,0x10,0xC3,0x18,
    0xC3,0x18,0xC3,0x18,0xA3,0x10,0x61,0x08,0x21,0x00,0x21,0x00,0x41,0x00,0x41,0x00,0x41,0x00,0x20,0x00,0x21,0x00,0x82,0x08,
    0xA2,0x10,0xA3,0x10,0xA3,0x10,0xA2,0x10,0x62,0x08,0x82,0x08,0xA2,0x10,0x82,0x10,0x82,0x10,0x82,0x10,0x41,0x08,0x20,0x00,
    0x20,0x00,0x20,0x00,0x20,0x00,0x20,0x00,0x20,0x00,0x20,0x00,0x41,0x08,0x62,0x08,0x62,0x08,0x62,0x08,0x82,0x08,0x61,0x08,
    0x20,0x00,0x20,0x00,0x20,0x00,0x20,0x00,0x20,0x00,0x20,0x00,0x20,0x00,0x20,0x00,0x20,0x00,0x20,0x00,0x20,0x00,0x62,0x08,
    0xA2,0x10,0xA2,0x10,0xA3,0x10,0xA3,0x10,0xA3,0x10,0xA3,0x10,0x82,0x10,0x41,0x08,0x21,0x00,0x41,0x00,0x41,0x00,0x41,0x08,
    0x41,0x08,0x41,0x08,0x41,0x08,0x41,0x08,0x21,0x00,0x41,0x08,0x82,0x10,0xC3,0x18,0xE3,0x18,0xE4,0x18,0xE4,0x18,0xE4,0x18,
    0xE4,0x18,0xA3,0x10,0x61,0x08,0x41,0x08,0x41,0x08,0x41,0x08,0x41,0x08,0x41,0x08,0x41,0x08,0x41,0x08,0x41,0x08,0x41,0x08,
    0x41,0x08,0xC3,0x10,0x04,0x19,0x04,0x21,0x04,0x21,0x25,0x21,0x24,0x21,0x25,0x21,0xE4,0x18,0x82,0x08,0x41,0x08,0x61,0x08,
    0x61,0x08,0x61,0x08,0x61,0x08,0x61,0x08,0x61,0x08,0x62,0x08,0x41,0x08,0x61,0x08,0xC3,0x18,0x25,0x21,0x45,0x21,0x45,0x21,
    0x45,0x29,0x45,0x29,0x45,0x29,0x04,0x21,0x82,0x10,0x61,0x08,0x62,0x08,0x62,0x08,0x62,0x08,0x62,0x08,0x62,0x08,0x62,0x08,
    0x62,0x08,0x61,0x08,0x62,0x08,0xC3,0x18,0x45,0x29,0x66,0x29,0x66,0x29,0x66,0x29,0x66,0x29,0x66,0x29,0x24,0x21,0x82,0x10,
    0x61,0x08,0x62,0x08,0x62,0x08,0x62,0x08,0x62,0x08,0x62,0x08,0x62,0x08,0x62,0x08,0x61,0x08,0x62,0x08,0xC3,0x18,0x45,0x29,
    0x66,0x29,0x66,0x29,0x66,0x29,0x66,0x29,0x66,0x29,0x24,0x21,0x82,0x10,0x61,0x08,0x62,0x08,0x62,0x08,0x62,0x08,0x62,0x08,
    0x62,0x08,0x62,0x08,0x62,0x08,0x62,0x08,0x61,0x08,0xC3,0x10,0x45,0x21,0x66,0x29,0x66,0x29,0x66,0x29,0x66,0x29,0x66,0x29,
    0x25,0x21,0xA3,0x10,0x62,0x08,0x62,0x08,0x82,0x08,0x62,0x08,0x62,0x08,0x62,0x08,0x62,0x08,0x62,0x08,0x62,0x08,0x61,0x08,
    0xC3,0x10,0x45,0x21,0x66,0x29,0x66,0x29,0x66,0x29,0x66,0x29,0x66,0x29,0x25,0x21,0xA3,0x10,0x62,0x08,0x62,0x08,0x82,0x08,
    0x62,0x08,0x62,0x08,0x62,0x08,0x62,0x08,0x62,0x08,0x62,0x08,0x61,0x08,0xC3,0x10,0x45,0x21,0x66,0x29,0x66,0x29,0x66,0x29,
    0x66,0x29,0x66,0x29,0x25,0x21,0xA3,0x10,0x62,0x08,0x62,0x08,0x82,0x08,0x62,0x08,0x62,0x08,0x62,0x08,0x62,0x08,0x62,0x08,
    0x62,0x08,0x61,0x08,0xC3,0x10,0x45,0x21,0x66,0x29,0x66,0x29,0x66,0x29,0x66,0x29,0x66,0x29,0x45,0x21,0xC3,0x10,0x61,0x08,
    0x62,0x08,0x62,0x08,0x62,0x08,0x62,0x08,0x62,0x08,0x62,0x08,0x82,0x08,0x62,0x08,0x62,0x08,0xA3,0x10,0x25,0x21,0x66,0x29,
    0x66,0x29,0x66,0x29,0x66,0x29,0x66,0x29,0x45,0x21,0xC3,0x10,0x61,0x08,0x62,0x08,0x62,0x08,0x62,0x08,0x62,0x08,0x62,0x08,
    0x62,0x08,0x82,0x08,0x62,0x08,0x62,0x08,0xA3,0x10,0x25,0x21,0x66,0x29,0x66,0x29,0x66,0x29,0x66,0x29,0x66,0x29,0x45,0x21,
    0xC3,0x10,0x61,0x08,0x62,0x08,0x62,0x08,0x62,0x08,0x62,0x08,0x62,0x08,0x62,0x08,0x62,0x08,0x62,0x08,0x61,0x08,0x82,0x10,
    0x04,0x19,0x45,0x21,0x45,0x21,0x45,0x21,0x45,0x21,0x45,0x21,0x25,0x21,0xC3,0x10,0x61,0x08,0x41,0x08,0x61,0x08,0x61,0x08,
    0x61,0x08,0x61,0x08,0x61,0x08,0x61,0x08,0x61,0x08,0x41,0x08,0x62,0x08,0xE3,0x18,0x04,0x21,0x04,0x21,0x04,0x21,0x04,0x19,
    0x04,0x19,0xE4,0x18,0xA2,0x10,0x41,0x08,0x41,0x08,0x41,0x08,0x41,0x08,0x41,0x08,0x41,0x08,0x41,0x08,0x41,0x08,0x41,0x08,
    0x41,0x08,0x61,0x08,0xA3,0x10,0xE3,0x18,0xE3,0x18,0xE3,0x18,0xC3,0x18,0xC3,0x18,0xC3,0x18,0x82,0x08,0x41,0x08,0x21,0x00,
    0x41,0x08,0x41,0x00,0x41,0x00,0x41,0x00,0x41,0x00,0x21,0x00,0x21,0x00,0x20,0x00,0x41,0x08,0x82,0x10,0xA2,0x10,0xA2,0x10,
    0xA2,0x10,0xA2,0x10,0xA2,0x10,0x82,0x10,0x61,0x08,0x20,0x00,0x20,0x00,0x20,0x00,0x20,0x00,0x20,0x00,0x20,0x00,0x20,0x00,
    0x20,0x00,0x20,0x00,0x20,0x00,0x20,0x00,0x62,0x08,0x61,0x08,0x41,0x00,0x20,0x00,0x20,0x00,0x20,0x00,0x20,0x00,0x20,0x00,
    0x20,0x00,0x20,0x00,0x20,0x00,0x20,0x00,0x20,0x00,0x20,0x00,0x20,0x00,0x20,0x00,0x41,0x08,0x82,0x08,0xA3,0x10,0xA2,0x10,
    0xA2,0x10,0x41,0x08,0x21,0x00,0x21,0x00,0x41,0x00,0x41,0x00,0x41,0x00,0x41,0x08,0x41,0x08,0x41,0x08,0x41,0x08,0x41,0x08,
    0x41,0x08,0x41,0x08,0x41,0x00,0x41,0x08,0xA2,0x10,0xE3,0x18,0xE3,0x18,0xC3,0x18,0x62,0x08,0x41,0x08,0x41,0x08,0x41,0x08,
    0x41,0x08,0x41,0x08,0x41,0x08,0x41,0x08,0x41,0x08,0x41,0x08,0x41,0x08,0x41,0x08,0x41,0x08,0x41,0x08,0x61,0x08,0xC3,0x18,
    0x04,0x21,0x04,0x21,0x04,0x19,0x82,0x10,0x41,0x08,0x41,0x08,0x61,0x08,0x61,0x08,0x61,0x08,0x61,0x08,0x61,0x08,0x61,0x08,
    0x61,0x08,0x61,0x08,0x61,0x08,0x61,0x08,0x61,0x08,0x82,0x10,0x04,0x19,0x45,0x21,0x45,0x21,0x25,0x21,0xA3,0x10,0x61,0x08,
    0x62,0x08,0x62,0x08,0x62,0x08,0x62,0x08,0x62,0x08,0x62,0x08,0x62,0x08,0x62,0x08,0x62,0x08,0x62,0x08,0x62,0x08,0x61,0x08,
    0x82,0x10,0x04,0x19,0x46,0x29,0x45,0x29,0x25,0x21,0xA3,0x10,0x62,0x08,0x62,0x08,0x62,0x08,0x62,0x08,0x62,0x08,0x62,0x08,
    0x62,0x08,0x62,0x08,0x62,0x08,0x62,0x08,0x62,0x08,0x62,0x08,0x61,0x08,0x82,0x10,0x04,0x19,0x46,0x29,0x45,0x29,0x25,0x21,
    0xA3,0x10,0x62,0x08,0x62,0x08,0x62,0x08,0x62,0x08,0x62,0x08,0x62,0x08,0x62,0x08,0x62,0x08,0x62,0x08,0x62,0x08,0x62,0x08,
    0x62,0x08,0x61,0x08,0x62,0x08,0xC3,0x18,0x45,0x21,0x45,0x29,0x45,0x21,0xC3,0x18,0x62,0x08,0x61,0x08,0x62,0x08,0x62,0x08,
    0x62,0x08,0x62,0x08,0x62,0x08,0x62,0x08,0x62,0x08,0x62,0x08,0x62,0x08,0x62,0x08,0x61,0x08,0x62,0x08,0xC3,0x18,0x45,0x21,
    0x45,0x29,0x45,0x21,0xC3,0x18,0x62,0x08,0x61,0x08,0x62,0x08,0x62,0x08,0x62,0x08,0x62,0x08,0x62,0x08,0x62,0x08,0x62,0x08,
    0x62,0x08,0x62,0x08,0x62,0x08,0x61,0x08,0x62,0x08,0xC3,0x18,0x45,0x21,0x45,0x29,0x45,0x21,0xC3,0x18,0x62,0x08,0x61,0x08,
    0x62,0x08,0x62,0x08,0x62,0x08,0x62,0x08,0x62,0x08,0x62,0x08,0x62,0x08,0x62,0x08,0x62,0x08,0x62,0x08,0x61,0x08,0x62,0x08,
    0xC3,0x18,0x45,0x21,0x45,0x29,0x45,0x21,0xC3,0x18,0x62,0x08,0x61,0x08,0x62,0x08,0x62,0x08,0x62,0x08,0x62,0x08,0x62,0x08,
    0x62,0x08,0x62,0x08,0x62,0x08,0x62,0x08,0x62,0x08,0x61,0x08,0x62,0x08,0xC3,0x18,0x45,0x21,0x45,0x29,0x45,0x21,0xC3,0x18,
    0x62,0x08,0x61,0x08,0x62,0x08,0x62,0x08,0x62,0x08,0x62,0x08,0x62,0x08,0x62,0x08,0x62,0x08,0x62,0x08,0x62,0x08,0x62,0x08,
    0x61,0x08,0x62,0x08,0xC3,0x18,0x45,0x21,0x45,0x29,0x45,0x21,0xC3,0x18,0x62,0x08,0x61,0x08,0x62,0x08,0x62,0x08,0x62,0x08,
    0x62,0x08,0x62,0x08,0x62,0x08,0x62,0x08,0x62,0x08,0x62,0x08,0x62,0x08,0x61,0x08,0x61,0x08,0xA2,0x10,0x25,0x21,0x45,0x21,
    0x45,0x21,0xE4,0x18,0x82,0x08,0x41,0x08,0x61,0x08,0x61,0x08,0x61,0x08,0x61,0x08,0x61,0x08,0x61,0x08,0x61,0x08,0x61,0x08,
    0x61,0x08,0x61,0x08,0x41,0x08,0x41,0x08,0x82,0x10,0xE4,0x18,0x04,0x19,0x04,0x19,0xC3,0x10,0x61,0x08,0x41,0x08,0x41,0x08,
    0x41,0x08,0x41,0x08,0x41,0x08,0x41,0x08,0x41,0x08,0x41,0x08,0x41,0x08,0x41,0x08,0x41,0x08,0x41,0x08,0x41,0x08,0x62,0x08,
    0xC3,0x10,0xC3,0x18,0xC3,0x18,0xA2,0x10,0x41,0x08,0x21,0x00,0x41,0x08,0x41,0x08,0x41,0x08,0x41,0x00,0x41,0x00,0x41,0x00,
    0x41,0x00,0x21,0x00,0x21,0x00,0x21,0x00,0x21,0x00,0x21,0x00,0x41,0x08,0x82,0x10,0xA2,0x10,0xA2,0x10,0x62,0x08,0x41,0x00,
    0x20,0x00,0x20,0x00,0x20,0x00,0x20,0x00,0x20,0x00,0x20,0x00,0x20,0x00,0x20,0x00,0x20,0x00,0x20,0x00,0x20,0x00,0x20,0x00,
    0x62,0x08,0x41,0x08,0x20,0x00,0x20,0x00,0x20,0x00,0x20,0x00,0x20,0x00,0x20,0x00,0x20,0x00,0x20,0x00,0x20,0x00,0x20,0x00,
    0x20,0x00,0x20,0x00,0x20,0x00,0x21,0x00,0x20,0x00,0x21,0x00,0xA2,0x10,0xA3,0x10,0x61,0x08,0x20,0x00,0x21,0x00,0x41,0x00,
    0x41,0x00,0x41,0x00,0x41,0x00,0x41,0x08,0x41,0x08,0x41,0x08,0x41,0x08,0x41,0x08,0x41,0x08,0x41,0x08,0x41,0x08,0x41,0x08,
    0x41,0x08,0xC3,0x18,0xE4,0x18,0x82,0x08,0x21,0x00,0x41,0x08,0x41,0x08,0x41,0x08,0x41,0x08,0x41,0x08,0x41,0x08,0x41,0x08,
    0x41,0x08,0x41,0x08,0x41,0x08,0x41,0x08,0x41,0x08,0x41,0x08,0x41,0x08,0x61,0x08,0x04,0x19,0x25,0x21,0x82,0x10,0x41,0x08,
    0x61,0x08,0x61,0x08,0x61,0x08,0x61,0x08,0x61,0x08,0x61,0x08,0x61,0x08,0x61,0x08,0x61,0x08,0x61,0x08,0x61,0x08,0x61,0x08,
    0x61,0x08,0x61,0x08,0x62,0x08,0x25,0x21,0x45,0x29,0xA3,0x10,0x41,0x08,0x62,0x08,0x62,0x08,0x62,0x08,0x62,0x08,0x62,0x08,
    0x62,0x08,0x62,0x08,0x62,0x08,0x62,0x08,0x62,0x08,0x62,0x08,0x62,0x08,0x62,0x08,0x62,0x08,0x82,0x08,0x45,0x21,0x66,0x29,
    0xC3,0x10,0x41,0x08,0x62,0x08,0x62,0x08,0x62,0x08,0x62,0x08,0x62,0x08,0x62,0x08,0x62,0x08,0x62,0x08,0x62,0x08,0x62,0x08,
    0x62,0x08,0x62,0x08,0x62,0x08,0x62,0x08,0x82,0x08,0x45,0x21,0x66,0x29,0xC3,0x10,0x41,0x08,0x62,0x08,0x62,0x08,0x62,0x08,
    0x62,0x08,0x62,0x08,0x62,0x08,0x62,0x08,0x62,0x08,0x62,0x08,0x62,0x08,0x62,0x08,0x62,0x08,0x62,0x08,0x62,0x08,0x61,0x08,
    0x04,0x19,0x66,0x29,0x04,0x19,0x61,0x08,0x62,0x08,0x62,0x08,0x62,0x08,0x62,0x08,0x62,0x08,0x62,0x08,0x62,0x08,0x62,0x08,
    0x62,0x08,0x62,0x08,0x62,0x08,0x62,0x08,0x62,0x08,0x62,0x08,0x61,0x08,0x04,0x19,0x66,0x29,0x04,0x19,0x61,0x08,0x62,0x08,
    0x62,0x08,0x62,0x08,0x62,0x08,0x62,0x08,0x62,0x08,0x62,0x08,0x62,0x08,0x62,0x08,0x62,0x08,0x62,0x08,0x62,0x08,0x62,0x08,
    0x62,0x08,0x61,0x08,0x04,0x19,0x66,0x29,0x04,0x19,0x61,0x08,0x62,0x08,0x62,0x08,0x62,0x08,0x62,0x08,0x62,0x08,0x62,0x08,
    0x62,0x08,0x62,0x08,0x62,0x08,0x62,0x08,0x62,0x08,0x62,0x08,0x62,0x08,0x62,0x08,0x61,0x08,0x04,0x19,0x66,0x29,0x04,0x19,
    0x61,0x08,0x62,0x08,0x62,0x08,0x62,0x08,0x62,0x08,0x62,0x08,0x62,0x08,0x62,0x08,0x62,0x08,0x62,0x08,0x62,0x08,0x62,0x08,
    0x62,0x08,0x62,0x08,0x62,0x08,0x61,0x08,0x04,0x19,0x66,0x29,0x04,0x19,0x61,0x08,0x62,0x08,0x62,0x08,0x62,0x08,0x62,0x08,
    0x62,0x08,0x62,0x08,0x62,0x08,0x62,0x08,0x62,0x08,0x62,0x08,0x62,0x08,0x62,0x08,0x62,0x08,0x62,0x08,0x61,0x08,0x04,0x19,
    0x66,0x29,0x04,0x19,0x61,0x08,0x62,0x08,0x62,0x08,0x62,0x08,0x62,0x08,0x62,0x08,0x62,0x08,0x62,0x08,0x62,0x08,0x62,0x08,
    0x62,0x08,0x62,0x08,0x62,0x08,0x62,0x08,0x62,0x08,0x41,0x08,0xA3,0x10,0x45,0x21,0x25,0x21,0x62,0x08,0x61,0x08,0x61,0x08,
    0x61,0x08,0x61,0x08,0x61,0x08,0x61,0x08,0x61,0x08,0x61,0x08,0x61,0x08,0x61,0x08,0x61,0x08,0x61,0x08,0x61,0x08,0x61,0x08,
    0x41,0x08,0x82,0x10,0x04,0x21,0xE4,0x18,0x61,0x08,0x41,0x08,0x41,0x08,0x41,0x08,0x41,0x08,0x41,0x08,0x41,0x08,0x41,0x08,
    0x41,0x08,0x41,0x08,0x41,0x08,0x41,0x08,0x41,0x08,0x41,0x08,0x41,0x08,0x21,0x00,0x62,0x08,0xE3,0x18,0xC3,0x10,0x41,0x08,
    0x41,0x00,0x41,0x08,0x41,0x08,0x41,0x08,0x41,0x08,0x41,0x00,0x41,0x00,0x41,0x00,0x41,0x00,0x21,0x00,0x21,0x00,0x21,0x00,
    0x21,0x00,0x21,0x00,0x20,0x00,0x41,0x08,0xA2,0x10,0x82,0x10,0x21,0x00,0x20,0x00,0x20,0x00,0x20,0x00,0x20,0x00,0x20,0x00,
    0x20,0x00,0x20,0x00,0x20,0x00,0x20,0x00,0x20,0x00,0x20,0x00,0x20,0x00,0x20,0x00,0x62,0x08,0x41,0x08,0x20,0x00,0x20,0x00,
    0x20,0x00,0x20,0x00,0x20,0x00,0x20,0x00,0x20,0x00,0x20,0x00,0x20,0x00,0x20,0x00,0x20,0x00,0x20,0x00,0x20,0x00,0x21,0x00,
    0x21,0x00,0x41,0x00,0xA2,0x10,0xA3,0x10,0x61,0x08,0x20,0x00,0x21,0x00,0x41,0x00,0x41,0x00,0x41,0x00,0x41,0x00,0x41,0x08,
    0x41,0x08,0x41,0x08,0x41,0x08,0x41,0x08,0x41,0x08,0x41,0x08,0x41,0x08,0x41,0x08,0x41,0x08,0xC3,0x18,0xE4,0x18,0x82,0x08,
    0x41,0x08,0x41,0x08,0x41,0x08,0x41,0x08,0x41,0x08,0x41,0x08,0x41,0x08,0x41,0x08,0x41,0x08,0x41,0x08,0x41,0x08,0x41,0x08,
    0x41,0x08,0x41,0x08,0x41,0x08,0x61,0x08,0x04,0x19,0x25,0x21,0x82,0x10,0x41,0x08,0x61,0x08,0x61,0x08,0x61,0x08,0x61,0x08,
    0x61,0x08,0x61,0x08,0x61,0x08,0x61,0x08,0x61,0x08,0x61,0x08,0x61,0x08,0x61,0x08,0x61,0x08,0x62,0x08,0x82,0x08,0x25,0x21,
    0x45,0x29,0xA3,0x10,0x61,0x08,0x62,0x08,0x62,0x08,0x62,0x08,0x62,0x08,0x62,0x08,0x62,0x08,0x62,0x08,0x62,0x08,0x62,0x08,
    0x62,0x08,0x62,0x08,0x62,0x08,0x62,0x08,0x62,0x08,0x82,0x10,0x45,0x21,0x66,0x29,0xC3,0x10,0x61,0x08,0x62,0x08,0x62,0x08,
    0x62,0x08,0x62,0x08,0x62,0x08,0x62,0x08,0x62,0x08,0x62,0x08,0x62,0x08,0x62,0x08,0x62,0x08,0x62,0x08,0x62,0x08,0x62,0x08,
    0x82,0x10,0x45,0x21,0x66,0x29,0xC3,0x10,0x61,0x08,0x62,0x08,0x62,0x08,0x62,0x08,0x62,0x08,0x62,0x08,0x62,0x08,0x62,0x08,
    0x62,0x08,0x62,0x08,0x62,0x08,0x62,0x08,0x62,0x08,0x62,0x08,0x62,0x08,0x61,0x08,0x04,0x19,0x66,0x29,0x04,0x19,0x61,0x08,
    0x62,0x08,0x62,0x08,0x62,0x08,0x62,0x08,0x62,0x08,0x62,0x08,0x62,0x08,0x62,0x08,0x62,0x08,0x62,0x08,0x62,0x08,0x62,0x08,
    0x62,0x08,0x62,0x08,0x61,0x08,0x04,0x19,0x66,0x29,0x04,0x19,0x61,0x08,0x62,0x08,0x62,0x08,0x62,0x08,0x62,0x08,0x62,0x08,
    0x62,0x08,0x62,0x08,0x62,0x08,0x62,0x08,0x62,0x08,0x62,0x08,0x62,0x08,0x62,0x08,0x62,0x08,0x61,0x08,0x04,0x19,0x66,0x29,
    0x04,0x19,0x61,0x08,0x62,0x08,0x62,0x08,0x62,0x08,0x62,0x08,0x62,0x08,0x62,0x08,0x62,0x08,0x62,0x08,0x62,0x08,0x62,0x08,
    0x62,0x08,0x62,0x08,0x62,0x08,0x62,0x08,0x61,0x08,0x04,0x19,0x66,0x29,0x04,0x19,0x61,0x08,0x62,0x08,0x62,0x08,0x62,0x08,
    0x62,0x08,0x62,0x08,0x62,0x08,0x62,0x08,0x62,0x08,0x62,0x08,0x62,0x08,0x62,0x08,0x62,0x08,0x62,0x08,0x62,0x08,0x61,0x08,
    0x04,0x19,0x66,0x29,0x04,0x19,0x61,0x08,0x62,0x08,0x62,0x08,0x62,0x08,0x62,0x08,0x62,0x08,0x62,0x08,0x62,0x08,0x62,0x08,
    0x62,0x08,0x62,0x08,0x62,0x08,0x62,0x08,0x62,0x08,0x62,0x08,0x61,0x08,0x04,0x19,0x66,0x29,0x04,0x19,0x61,0x08,0x62,0x08,
    0x62,0x08,0x62,0x08,0x62,0x08,0x62,0x08,0x62,0x08,0x62,0x08,0x62,0x08,0x62,0x08,0x62,0x08,0x62,0x08,0x62,0x08,0x62,0x08,
    0x62,0x08,0x61,0x08,0xA3,0x10,0x45,0x21,0x25,0x21,0x62,0x08,0x61,0x08,0x61,0x08,0x61,0x08,0x61,0x08,0x61,0x08,0x61,0x08,
    0x61,0x08,0x61,0x08,0x61,0x08,0x61,0x08,0x61,0x08,0x61,0x08,0x61,0x08,0x61,0x08,0x41,0x08,0x82,0x10,0x04,0x21,0xE4,0x18,
    0x61,0x08,0x41,0x08,0x41,0x08,0x41,0x08,0x41,0x08,0x41,0x08,0x41,0x08,0x41,0x08,0x41,0x08,0x41,0x08,0x41,0x08,0x41,0x08,
    0x41,0x08,0x41,0x08,0x41,0x08,0x41,0x00,0x62,0x08,0xE3,0x18,0xC3,0x10,0x41,0x08,0x41,0x08,0x41,0x08,0x41,0x08,0x41,0x08,
    0x41,0x08,0x41,0x00,0x41,0x00,0x41,0x00,0x41,0x00,0x21,0x00,0x21,0x00,0x21,0x00,0x21,0x00,0x21,0x00,0x20,0x00,0x41,0x08,
    0xA2,0x10,0x82,0x10,0x21,0x00,0x20,0x00,0x20,0x00,0x20,0x00,0x20,0x00,0x20,0x00,0x20,0x00,0x20,0x00,0x20,0x00,0x20,0x00,
    0x20,0x00,0x20,0x00,0x20,0x00,0x20,0x00,0x62,0x08,0x41,0x08,0x20,0x00,0x20,0x00,0x20,0x00,0x20,0x00,0x20,0x00,0x20,0x00,
    0x20,0x00,0x20,0x00,0x20,0x00,0x20,0x00,0x20,0x00,0x20,0x00,0x20,0x00,0x21,0x00,0x21,0x00,0x41,0x00,0xA2,0x10,0xA3,0x10,
    0x61,0x08,0x20,0x00,0x21,0x00,0x41,0x00,0x41,0x00,0x41,0x00,0x41,0x00,0x41,0x08,0x41,0x08,0x41,0x08,0x41,0x08,0x41,0x08,
    0x41,0x08,0x41,0x08,0x41,0x08,0x41,0x08,0x41,0x08,0xC3,0x18,0xE4,0x18,0x82,0x08,0x41,0x08,0x41,0x08,0x41,0x08,0x41,0x08,
    0x41,0x08,0x41,0x08,0x41,0x08,0x41,0x08,0x41,0x08,0x41,0x08,0x41,0x08,0x41,0x08,0x41,0x08,0x41,0x08,0x41,0x08,0x61,0x08,
    0x04,0x19,0x25,0x21,0x82,0x10,0x41,0x08,0x61,0x08,0x61,0x08,0x61,0x08,0x61,0x08,0x61,0x08,0x61,0x08,0x61,0x08,0x61,0x08,
    0x61,0x08,0x61,0x08,0x61,0x08,0x61,0x08,0x61,0x08,0x62,0x08,0x82,0x08,0x25,0x21,0x45,0x29,0xA3,0x10,0x61,0x08,0x62,0x08,
    0x62,0x08,0x62,0x08,0x62,0x08,0x62,0x08,0x62,0x08,0x62,0x08,0x62,0x08,0x62,0x08,0x62,0x08,0x62,0x08,0x62,0x08,0x62,0x08,
    0x62,0x08,0x82,0x10,0x45,0x21,0x66,0x29,0xC3,0x10,0x61,0x08,0x62,0x08,0x62,0x08,0x62,0x08,0x62,0x08,0x62,0x08,0x62,0x08,
    0x62,0x08,0x62,0x08,0x62,0x08,0x62,0x08,0x62,0x08,0x62,0x08,0x62,0x08,0x62,0x08,0x82,0x10,0x45,0x21,0x66,0x29,0xC3,0x10,
    0x61,0x08,0x62,0x08,0x62,0x08,0x62,0x08,0x62,0x08,0x62,0x08,0x62,0x08,0x62,0x08,0x62,0x08,0x62,0x08,0x62,0x08,0x62,0x08,
    0x62,0x08,0x62,0x08,0x62,0x08,0x61,0x08,0x04,0x19,0x66,0x29,0x04,0x19,0x61,0x08,0x62,0x08,0x62,0x08,0x62,0x08,0x62,0x08,
    0x62,0x08,0x62,0x08,0x62,0x08,0x62,0x08,0x62,0x08,0x62,0x08,0x62,0x08,0x62,0x08,0x62,0x08,0x62,0x08,0x61,0x08,0x04,0x19,
    0x66,0x29,0x04,0x19,0x61,0x08,0x62,0x08,0x62,0x08,0x62,0x08,0x62,0x08,0x62,0x08,0x62,0x08,0x62,0x08,0x62,0x08,0x62,0x08,
    0x62,0x08,0x62,0x08,0x62,0x08,0x62,0x08,0x62,0x08,0x61,0x08,0x04,0x19,0x66,0x29,0x04,0x19,0x61,0x08,0x62,0x08,0x62,0x08,
    0x62,0x08,0x62,0x08,0x62,0x08,0x62,0x08,0x62,0x08,0x62,0x08,0x62,0x08,0x62,0x08,0x62,0x08,0x62,0x08,0x62,0x08,0x62,0x08,
    0x61,0x08,0x04,0x19,0x66,0x29,0x04,0x19,0x61,0x08,0x62,0x08,0x62,0x08,0x62,0x08,0x62,0x08,0x62,0x08,0x62,0x08,0x62,0x08,
    0x62,0x08,0x62,0x08,0x62,0x08,0x62,0x08,0x62,0x08,0x62,0x08,0x62,0x08,0x61,0x08,0x04,0x19,0x66,0x29,0x04,0x19,0x61,0x08,
    0x62,0x08,0x62,0x08,0x62,0x08,0x62,0x08,0x62,0x08,0x62,0x08,0x62,0x08,0x62,0x08,0x62,0x08,0x62,0x08,0x62,0x08,0x62,0x08,
    0x62,0x08,0x62,0x08,0x61,0x08,0x04,0x19,0x66,0x29,0x04,0x19,0x61,0x08,0x62,0x08,0x62,0x08,0x62,0x08,0x62,0x08,0x62,0x08,
    0x62,0x08,0x62,0x08,0x62,0x08,0x62,0x08,0x62,0x08,0x62,0x08,0x62,0x08,0x62,0x08,0x62,0x08,0x61,0x08,0xA3,0x10,0x45,0x21,
    0x25,0x21,0x62,0x08,0x61,0x08,0x61,0x08,0x61,0x08,0x61,0x08,0x61,0x08,0x61,0x08,0x61,0x08,0x61,0x08,0x61,0x08,0x61,0x08,
    0x61,0x08,0x61,0x08,0x61,0x08,0x61,0x08,0x41,0x08,0x82,0x10,0x04,0x21,0xE4,0x18,0x61,0x08,0x41,0x08,0x41,0x08,0x41,0x08,
    0x41,0x08,0x41,0x08,0x41,0x08,0x41,0x08,0x41,0x08,0x41,0x08,0x41,0x08,0x41,0x08,0x41,0x08,0x41,0x08,0x41,0x08,0x41,0x00,
    0x62,0x08,0xE3,0x18,0xC3,0x10,0x41,0x08,0x41,0x08,0x41,0x08,0x41,0x08,0x41,0x08,0x41,0x08,0x41,0x00,0x41,0x00,0x41,0x00,
    0x41,0x00,0x21,0x00,0x21,0x00,0x21,0x00,0x21,0x00,0x21,0x00,0x20,0x00,0x41,0x08,0xA2,0x10,0x82,0x10,0x21,0x00,0x20,0x00,
    0x20,0x00,0x20,0x00,0x20,0x00,0x20,0x00,0x20,0x00,0x20,0x00,0x20,0x00,0x20,0x00,0x20,0x00,0x20,0x00,0x20,0x00,0x20,0x00,
    0x62,0x08,0x41,0x08,0x20,0x00,0x20,0x00,0x20,0x00,0x20,0x00,0x20,0x00,0x20,0x00,0x20,0x00,0x20,0x00,0x20,0x00,0x20,0x00,
    0x20,0x00,0x20,0x00,0x20,0x00,0x21,0x00,0x21,0x00,0x41,0x00,0xA2,0x10,0xA3,0x10,0x61,0x08,0x20,0x00,0x21,0x00,0x41,0x00,
    0x41,0x00,0x41,0x00,0x41,0x00,0x41,0x08,0x41,0x08,0x41,0x08,0x41,0x08,0x41,0x08,0x41,0x08,0x41,0x08,0x41,0x08,0x41,0x08,
    0x41,0x08,0xC3,0x18,0xE4,0x18,0x82,0x08,0x41,0x08,0x41,0x08,0x41,0x08,0x41,0x08,0x41,0x08,0x41,0x08,0x41,0x08,0x41,0x08,
    0x41,0x08,0x41,0x08,0x41,0x08,0x41,0x08,0x41,0x08,0x41,0x08,0x41,0x08,0x61,0x08,0x04,0x19,0x25,0x21,0x82,0x10,0x41,0x08,
    0x61,0x08,0x61,0x08,0x61,0x08,0x61,0x08,0x61,0x08,0x61,0x08,0x61,0x08,0x61,0x08,0x61,0x08,0x61,0x08,0x61,0x08,0x61,0x08,
    0x61,0x08,0x62,0x08,0x82,0x08,0x25,0x21,0x45,0x29,0xA3,0x10,0x61,0x08,0x62,0x08,0x62,0x08,0x62,0x08,0x62,0x08,0x62,0x08,
    0x62,0x08,0x62,0x08,0x62,0x08,0x62,0x08,0x62,0x08,0x62,0x08,0x62,0x08,0x62,0x08,0x62,0x08,0x82,0x10,0x45,0x21,0x66,0x29,
    0xC3,0x10,0x61,0x08,0x62,0x08,0x62,0x08,0x62,0x08,0x62,0x08,0x62,0x08,0x62,0x08,0x62,0x08,0x62,0x08,0x62,0x08,0x62,0x08,
    0x62,0x08,0x62,0x08,0x62,0x08,0x62,0x08,0x82,0x10,0x45,0x21,0x66,0x29,0xC3,0x10,0x61,0x08,0x62,0x08,0x62,0x08,0x62,0x08,
    0x62,0x08,0x62,0x08,0x62,0x08,0x62,0x08,0x62,0x08,0x62,0x08,0x62,0x08,0x62,0x08,0x62,0x08,0x62,0x08,0x62,0x08,0x61,0x08,
    0x04,0x19,0x66,0x29,0x04,0x19,0x61,0x08,0x62,0x08,0x62,0x08,0x62,0x08,0x62,0x08,0x62,0x08,0x62,0x08,0x62,0x08,0x62,0x08,
    0x62,0x08,0x62,0x08,0x62,0x08,0x62,0x08,0x62,0x08,0x62,0x08,0x61,0x08,0x04,0x19,0x66,0x29,0x04,0x19,0x61,0x08,0x62,0x08,
    0x62,0x08,0x62,0x08,0x62,0x08,0x62,0x08,0x62,0x08,0x62,0x08,0x62,0x08,0x62,0x08,0x62,0x08,0x62,0x08,0x62,0x08,0x62,0x08,
    0x62,0x08,0x61,0x08,0x04,0x19,0x66,0x29,0x04,0x19,0x61,0x08,0x62,0x08,0x62,0x08,0x62,0x08,0x62,0x08,0x62,0x08,0x62,0x08,
    0x62,0x08,0x62,0x08,0x62,0x08,0x62,0x08,0x62,0x08,0x62,0x08,0x62,0x08,0x62,0x08,0x61,0x08,0x04,0x19,0x66,0x29,0x04,0x19,
    0x61,0x08,0x62,0x08,0x62,0x08,0x62,0x08,0x62,0x08,0x62,0x08,0x62,0x08,0x62,0x08,0x62,0x08,0x62,0x08,0x62,0x08,0x62,0x08,
    0x62,0x08,0x62,0x08,0x62,0x08,0x61,0x08,0x04,0x19,0x66,0x29,0x04,0x19,0x61,0x08,0x62,0x08,0x62,0x08,0x62,0x08,0x62,0x08,
    0x62,0x08,0x62,0x08,0x62,0x08,0x62,0x08,0x62,0x08,0x62,0x08,0x62,0x08,0x62,0x08,0x62,0x08,0x62,0x08,0x61,0x08,0x04,0x19,
    0x66,0x29,0x04,0x19,0x61,0x08,0x62,0x08,0x62,0x08,0x62,0x08,0x62,0x08,0x62,0x08,0x62,0x08,0x62,0x08,0x62,0x08,0x62,0x08,
    0x62,0x08,0x62,0x08,0x62,0x08,0x62,0x08,0x62,0x08,0x61,0x08,0xA3,0x10,0x45,0x21,0x25,0x21,0x62,0x08,0x61,0x08,0x61,0x08,
    0x61,0x08,0x61,0x08,0x61,0x08,0x61,0x08,0x61,0x08,0x61,0x08,0x61,0x08,0x61,0x08,0x61,0x08,0x61,0x08,0x61,0x08,0x61,0x08,
    0x41,0x08,0x82,0x10,0x04,0x21,0xE4,0x18,0x61,0x08,0x41,0x08,0x41,0x08,0x41,0x08,0x41,0x08,0x41,0x08,0x41,0x08,0x41,0x08,
    0x41,0x08,0x41,0x08,0x41,0x08,0x41,0x08,0x41,0x08,0x41,0x08,0x41,0x08,0x41,0x00,0x62,0x08,0xE3,0x18,0xC3,0x10,0x41,0x08,
    0x41,0x08,0x41,0x08,0x41,0x08,0x41,0x08,0x41,0x08,0x41,0x00,0x41,0x00,0x41,0x00,0x41,0x00,0x21,0x00,0x21,0x00,0x21,0x00,
    0x21,0x00,0x21,0x00,0x20,0x00,0x41,0x08,0xA2,0x10,0x82,0x10,0x21,0x00,0x20,0x00,0x20,0x00,0x20,0x00,0x20,0x00,0x20,0x00,
    0x20,0x00,0x20,0x00,0x20,0x00,0x20,0x00,0x20,0x00,0x20,0x00,0x20,0x00,0x20,0x00,0x62,0x08,0x41,0x08,0x20,0x00,0x20,0x00,
    0x20,0x00,0x20,0x00,0x20,0x00,0x20,0x00,0x20,0x00,0x20,0x00,0x20,0x00,0x20,0x00,0x20,0x00,0x20,0x00,0x20,0x00,0x21,0x00,
    0x21,0x00,0x41,0x00,0xA2,0x10,0xA3,0x10,0x61,0x08,0x20,0x00,0x21,0x00,0x41,0x00,0x41,0x00,0x41,0x00,0x41,0x00,0x41,0x08,
    0x41,0x08,0x41,0x08,0x41,0x08,0x41,0x08,0x41,0x08,0x41,0x08,0x41,0x08,0x41,0x08,0x41,0x08,0xC3,0x18,0xE4,0x18,0x82,0x08,
    0x41,0x08,0x41,0x08,0x41,0x08,0x41,0x08,0x41,0x08,0x41,0x08,0x41,0x08,0x41,0x08,0x41,0x08,0x41,0x08,0x41,0x08,0x41,0x08,
    0x41,0x08,0x41,0x08,0x41,0x08,0x61,0x08,0x04,0x19,0x25,0x21,0x82,0x10,0x41,0x08,0x61,0x08,0x61,0x08,0x61,0x08,0x61,0x08,
    0x61,0x08,0x61,0x08,0x61,0x08,0x61,0x08,0x61,0x08,0x61,0x08,0x61,0x08,0x61,0x08,0x61,0x08,0x62,0x08,0x82,0x08,0x25,0x21,
    0x45,0x29,0xA3,0x10,0x61,0x08,0x62,0x08,0x62,0x08,0x62,0x08,0x62,0x08,0x62,0x08,0x62,0x08,0x62,0x08,0x62,0x08,0x62,0x08,
    0x62,0x08,0x62,0x08,0x62,0x08,0x62,0x08,0x62,0x08,0x82,0x10,0x45,0x21,0x66,0x29,0xC3,0x10,0x61,0x08,0x62,0x08,0x62,0x08,
    0x62,0x08,0x62,0x08,0x62,0x08,0x62,0x08,0x62,0x08,0x62,0x08,0x62,0x08,0x62,0x08,0x62,0x08,0x62,0x08,0x62,0x08,0x62,0x08,
    0x82,0x10,0x45,0x21,0x66,0x29,0xC3,0x10,0x61,0x08,0x62,0x08,0x62,0x08,0x62,0x08,0x62,0x08,0x62,0x08,0x62,0x08,0x62,0x08,
    0x62,0x08,0x62,0x08,0x62,0x08,0x62,0x08,0x62,0x08,0x62,0x08,0x62,0x08,0x61,0x08,0x04,0x19,0x66,0x29,0x04,0x19,0x61,0x08,
    0x62,0x08,0x62,0x08,0x62,0x08,0x62,0x08,0x62,0x08,0x62,0x08,0x62,0x08,0x62,0x08,0x62,0x08,0x62,0x08,0x62,0x08,0x62,0x08,
    0x62,0x08,0x62,0x08,0x61,0x08,0x04,0x19,0x66,0x29,0x04,0x19,0x61,0x08,0x62,0x08,0x62,0x08,0x62,0x08,0x62,0x08,0x62,0x08,
    0x62,0x08,0x62,0x08,0x62,0x08,0x62,0x08,0x62,0x08,0x62,0x08,0x62,0x08,0x62,0x08,0x62,0x08,0x61,0x08,0x04,0x19,0x66,0x29,
    0x04,0x19,0x61,0x08,0x62,0x08,0x62,0x08,0x62,0x08,0x62,0x08,0x62,0x08,0x62,0x08,0x62,0x08,0x62,0x08,0x62,0x08,0x62,0x08,
    0x62,0x08,0x62,0x08,0x62,0x08,0x62,0x08,0x61,0x08,0x04,0x19,0x66,0x29,0x04,0x19,0x61,0x08,0x62,0x08,0x62,0x08,0x62,0x08,
    0x62,0x08,0x62,0x08,0x62,0x08,0x62,0x08,0x62,0x08,0x62,0x08,0x62,0x08,0x62,0x08,0x62,0x08,0x62,0x08,0x62,0x08,0x61,0x08,
    0x04,0x19,0x66,0x29,0x04,0x19,0x61,0x08,0x62,0x08,0x62,0x08,0x62,0x08,0x62,0x08,0x62,0x08,0x62,0x08,0x62,0x08,0x62,0x08,
    0x62,0x08,0x62,0x08,0x62,0x08,0x62,0x08,0x62,0x08,0x62,0x08,0x61,0x08,0x04,0x19,0x66,0x29,0x04,0x19,0x61,0x08,0x62,0x08,
    0x62,0x08,0x62,0x08,0x62,0x08,0x62,0x08,0x62,0x08,0x62,0x08,0x62,0x08,0x62,0x08,0x62,0x08,0x62,0x08,0x62,0x08,0x62,0x08,
    0x62,0x08,0x61,0x08,0xA3,0x10,0x45,0x21,0x25,0x21,0x62,0x08,0x61,0x08,0x61,0x08,0x61,0x08,0x61,0x08,0x61,0x08,0x61,0x08,
    0x61,0x08,0x61,0x08,0x61,0x08,0x61,0x08,0x61,0x08,0x61,0x08,0x61,0x08,0x61,0x08,0x41,0x08,0x82,0x10,0x04,0x21,0xE4,0x18,
    0x61,0x08,0x41,0x08,0x41,0x08,0x41,0x08,0x41,0x08,0x41,0x08,0x41,0x08,0x41,0x08,0x41,0x08,0x41,0x08,0x41,0x08,0x41,0x08,
    0x41,0x08,0x41,0x08,0x41,0x08,0x41,0x00,0x62,0x08,0xE3,0x18,0xC3,0x10,0x41,0x08,0x41,0x08,0x41,0x08,0x41,0x08,0x41,0x08,
    0x41,0x08,0x41,0x00,0x41,0x00,0x41,0x00,0x41,0x00,0x21,0x00,0x21,0x00,0x21,0x00,0x21,0x00,0x21,0x00,0x20,0x00,0x41,0x08,
    0xA2,0x10,0x82,0x10,0x21,0x00,0x20,0x00,0x20,0x00,0x20,0x00,0x20,0x00,0x20,0x00,0x20,0x00,0x20,0x00,0x20,0x00,0x20,0x00,
    0x20,0x00,0x20,0x00,0x20,0x00,0x20,0x00,0x62,0x08,0x41,0x08,0x20,0x00,0x20,0x00,0x20,0x00,0x20,0x00,0x20,0x00,0x20,0x00,
    0x20,0x00,0x20,0x00,0x20,0x00,0x20,0x00,0x20,0x00,0x20,0x00,0x20,0x00,0x21,0x00,0x21,0x00,0x41,0x00,0xA2,0x10,0xA3,0x10,
    0x61,0x08,0x20,0x00,0x21,0x00,0x41,0x00,0x41,0x00,0x41,0x00,0x41,0x00,0x41,0x08,0x41,0x08,0x41,0x08,0x41,0x08,0x41,0x08,
    0x41,0x08,0x41,0x08,0x41,0x08,0x41,0x08,0x41,0x08,0xC3,0x18,0xE4,0x18,0x82,0x08,0x41,0x08,0x41,0x08,0x41,0x08,0x41,0x08,
    0x41,0x08,0x41,0x08,0x41,0x08,0x41,0x08,0x41,0x08,0x41,0x08,0x41,0x08,0x41,0x08,0x41,0x08,0x41,0x08,0x41,0x08,0x61,0x08,
    0x04,0x19,0x25,0x21,0x82,0x10,0x41,0x08,0x61,0x08,0x61,0x08,0x61,0x08,0x61,0x08,0x61,0x08,0x61,0x08,0x61,0x08,0x61,0x08,
    0x61,0x08,0x61,0x08,0x61,0x08,0x61,0x08,0x61,0x08,0x62,0x08,0x82,0x08,0x25,0x21,0x45,0x29,0xA3,0x10,0x61,0x08,0x62,0x08,
    0x62,0x08,0x62,0x08,0x62,0x08,0x62,0x08,0x62,0x08,0x62,0x08,0x62,0x08,0x62,0x08,0x62,0x08,0x62,0x08,0x62,0x08,0x62,0x08,
    0x62,0x08,0x82,0x10,0x45,0x21,0x66,0x29,0xC3,0x10,0x61,0x08,0x62,0x08,0x62,0x08,0x62,0x08,0x62,0x08,0x62,0x08,0x62,0x08,
    0x62,0x08,0x62,0x08,0x62,0x08,0x62,0x08,0x62,0x08,0x62,0x08,0x62,0x08,0x62,0x08,0x82,0x10,0x45,0x21,0x66,0x29,0xC3,0x10,
    0x61,0x08,0x62,0x08,0x62,0x08,0x62,0x08,0x62,0x08,0x62,0x08,0x62,0x08,0x62,0x08,0x62,0x08,0x62,0x08,0x62,0x08,0x62,0x08,
    0x62,0x08,0x62,0x08,0x62,0x08,0x61,0x08,0x04,0x19,0x66,0x29,0x04,0x19,0x61,0x08,0x62,0x08,0x62,0x08,0x62,0x08,0x62,0x08,
    0x62,0x08,0x62,0x08,0x62,0x08,0x62,0x08,0x62,0x08,0x62,0x08,0x62,0x08,0x62,0x08,0x62,0x08,0x62,0x08,0x61,0x08,0x04,0x19,
    0x66,0x29,0x04,0x19,0x61,0x08,0x62,0x08,0x62,0x08,0x62,0x08,0x62,0x08,0x62,0x08,0x62,0x08,0x62,0x08,0x62,0x08,0x62,0x08,
    0x62,0x08,0x62,0x08,0x62,0x08,0x62,0x08,0x62,0x08,0x61,0x08,0x04,0x19,0x66,0x29,0x04,0x19,0x61,0x08,0x62,0x08,0x62,0x08,
    0x62,0x08,0x62,0x08,0x62,0x08,0x62,0x08,0x62,0x08,0x62,0x08,0x62,0x08,0x62,0x08,0x62,0x08,0x62,0x08,0x62,0x08,0x62,0x08,
    0x61,0x08,0x04,0x19,0x66,0x29,0x04,0x19,0x61,0x08,0x62,0x08,0x62,0x08,0x62,0x08,0x62,0x08,0x62,0x08,0x62,0x08,0x62,0x08,
    0x62,0x08,0x62,0x08,0x62,0x08,0x62,0x08,0x62,0x08,0x62,0x08,0x62,0x08,0x61,0x08,0x04,0x19,0x66,0x29,0x04,0x19,0x61,0x08,
    0x62,0x08,0x62,0x08,0x62,0x08,0x62,0x08,0x62,0x08,0x62,0x08,0x62,0x08,0x62,0x08,0x62,0x08,0x62,0x08,0x62,0x08,0x62,0x08,
    0x62,0x08,0x62,0x08,0x61,0x08,0x04,0x19,0x66,0x29,0x04,0x19,0x61,0x08,0x62,0x08,0x62,0x08,0x62,0x08,0x62,0x08,0x62,0x08,
    0x62,0x08,0x62,0x08,0x62,0x08,0x62,0x08,0x62,0x08,0x62,0x08,0x62,0x08,0x62,0x08,0x62,0x08,0x61,0x08,0xA3,0x10,0x45,0x21,
    0x25,0x21,0x62,0x08,0x61,0x08,0x61,0x08,0x61,0x08,0x61,0x08,0x61,0x08,0x61,0x08,0x61,0x08,0x61,0x08,0x61,0x08,0x61,0x08,
    0x61,0x08,0x61,0x08,0x61,0x08,0x61,0x08,0x41,0x08,0x82,0x10,0x04,0x21,0xE4,0x18,0x61,0x08,0x41,0x08,0x41,0x08,0x41,0x08,
    0x41,0x08,0x41,0x08,0x41,0x08,0x41,0x08,0x41,0x08,0x41,0x08,0x41,0x08,0x41,0x08,0x41,0x08,0x41,0x08,0x41,0x08,0x41,0x00,
    0x62,0x08,0xE3,0x18,0xC3,0x10,0x41,0x08,0x41,0x08,0x41,0x08,0x41,0x08,0x41,0x08,0x41,0x08,0x41,0x00,0x41,0x00,0x41,0x00,
    0x41,0x00,0x21,0x00,0x21,0x00,0x21,0x00,0x21,0x00,0x21,0x00,0x20,0x00,0x41,0x08,0xA2,0x10,0x82,0x10,0x21,0x00,0x20,0x00,
    0x20,0x00,0x20,0x00,0x20,0x00,0x20,0x00,0x20,0x00,0x20,0x00,0x20,0x00,0x20,0x00,0x20,0x00,0x20,0x00,0x20,0x00,0x20,0x00,
    0x62,0x08,0x41,0x08,0x20,0x00,0x20,0x00,0x20,0x00,0x20,0x00,0x20,0x00,0x20,0x00,0x20,0x00,0x20,0x00,0x20,0x00,0x20,0x00,
    0x20,0x00,0x20,0x00,0x20,0x00,0x21,0x00,0x21,0x00,0x41,0x00,0xA2,0x10,0xA3,0x10,0x61,0x08,0x20,0x00,0x21,0x00,0x41,0x00,
    0x41,0x00,0x41,0x00,0x41,0x00,0x41,0x08,0x41,0x08,0x41,0x08,0x41,0x08,0x41,0x08,0x41,0x08,0x41,0x08,0x41,0x08,0x41,0x08,
    0x41,0x08,0xC3,0x18,0xE4,0x18,0x82,0x08,0x41,0x08,0x41,0x08,0x41,0x08,0x41,0x08,0x41,0x08,0x41,0x08,0x41,0x08,0x41,0x08,
    0x41,0x08,0x41,0x08,0x41,0x08,0x41,0x08,0x41,0x08,0x41,0x08,0x41,0x08,0x61,0x08,0x04,0x19,0x25,0x21,0x82,0x10,0x41,0x08,
    0x61,0x08,0x61,0x08,0x61,0x08,0x61,0x08,0x61,0x08,0x61,0x08,0x61,0x08,0x61,0x08,0x61,0x08,0x61,0x08,0x61,0x08,0x61,0x08,
    0x61,0x08,0x62,0x08,0x82,0x08,0x25,0x21,0x45,0x29,0xA3,0x10,0x61,0x08,0x62,0x08,0x62,0x08,0x62,0x08,0x62,0x08,0x62,0x08,
    0x62,0x08,0x62,0x08,0x62,0x08,0x62,0x08,0x62,0x08,0x62,0x08,0x62,0x08,0x62,0x08,0x62,0x08,0x82,0x10,0x45,0x21,0x66,0x29,
    0xC3,0x10,0x61,0x08,0x62,0x08,0x62,0x08,0x62,0x08,0x62,0x08,0x62,0x08,0x62,0x08,0x62,0x08,0x62,0x08,0x62,0x08,0x62,0x08,
    0x62,0x08,0x62,0x08,0x62,0x08,0x62,0x08,0x82,0x10,0x45,0x21,0x66,0x29,0xC3,0x10,0x61,0x08,0x62,0x08,0x62,0x08,0x62,0x08,
    0x62,0x08,0x62,0x08,0x62,0x08,0x62,0x08,0x62,0x08,0x62,0x08,0x62,0x08,0x62,0x08,0x62,0x08,0x62,0x08,0x62,0x08,0x61,0x08,
    0x04,0x19,0x66,0x29,0x04,0x19,0x61,0x08,0x62,0x08,0x62,0x08,0x62,0x08,0x62,0x08,0x62,0x08,0x62,0x08,0x62,0x08,0x62,0x08,
    0x62,0x08,0x62,0x08,0x62,0x08,0x62,0x08,0x62,0x08,0x62,0x08,0x61,0x08,0x04,0x19,0x66,0x29,0x04,0x19,0x61,0x08,0x62,0x08,
    0x62,0x08,0x62,0x08,0x62,0x08,0x62,0x08,0x62,0x08,0x62,0x08,0x62,0x08,0x62,0x08,0x62,0x08,0x62,0x08,0x62,0x08,0x62,0x08,
    0x62,0x08,0x61,0x08,0x04,0x19,0x66,0x29,0x04,0x19,0x61,0x08,0x62,0x08,0x62,0x08,0x62,0x08,0x62,0x08,0x62,0x08,0x62,0x08,
    0x62,0x08,0x62,0x08,0x62,0x08,0x62,0x08,0x62,0x08,0x62,0x08,0x62,0x08,0x62,0x08,0x61,0x08,0x04,0x19,0x66,0x29,0x04,0x19,
    0x61,0x08,0x62,0x08,0x62,0x08,0x62,0x08,0x62,0x08,0x62,0x08,0x62,0x08,0x62,0x08,0x62,0x08,0x62,0x08,0x62,0x08,0x62,0x08,
    0x62,0x08,0x62,0x08,0x62,0x08,0x61,0x08,0x04,0x19,0x66,0x29,0x04,0x19,0x61,0x08,0x62,0x08,0x62,0x08,0x62,0x08,0x62,0x08,
    0x62,0x08,0x62,0x08,0x62,0x08,0x62,0x08,0x62,0x08,0x62,0x08,0x62,0x08,0x62,0x08,0x62,0x08,0x62,0x08,0x61,0x08,0x04,0x19,
    0x66,0x29,0x04,0x19,0x61,0x08,0x62,0x08,0x62,0x08,0x62,0x08,0x62,0x08,0x62,0x08,0x62,0x08,0x62,0x08,0x62,0x08,0x62,0x08,
    0x62,0x08,0x62,0x08,0x62,0x08,0x62,0x08,0x62,0x08,0x61,0x08,0xA3,0x10,0x45,0x21,0x25,0x21,0x62,0x08,0x61,0x08,0x61,0x08,
    0x61,0x08,0x61,0x08,0x61,0x08,0x61,0x08,0x61,0x08,0x61,0x08,0x61,0x08,0x61,0x08,0x61,0x08,0x61,0x08,0x61,0x08,0x61,0x08,
    0x41,0x08,0x82,0x10,0x04,0x21,0xE4,0x18,0x61,0x08,0x41,0x08,0x41,0x08,0x41,0x08,0x41,0x08,0x41,0x08,0x41,0x08,0x41,0x08,
    0x41,0x08,0x41,0x08,0x41,0x08,0x41,0x08,0x41,0x08,0x41,0x08,0x41,0x08,0x41,0x00,0x62,0x08,0xE3,0x18,0xC3,0x10,0x41,0x08,
    0x41,0x08,0x41,0x08,0x41,0x08,0x41,0x08,0x41,0x08,0x41,0x00,0x41,0x00,0x41,0x00,0x41,0x00,0x21,0x00,0x21,0x00,0x21,0x00,
    0x21,0x00,0x21,0x00,0x20,0x00,0x41,0x08,0xA2,0x10,0x82,0x10,0x21,0x00,0x20,0x00,0x20,0x00,0x20,0x00,0x20,0x00,0x20,0x00,
    0x20,0x00,0x20,0x00,0x20,0x00,0x20,0x00,0x20,0x00,0x20,0x00,0x20,0x00,0x20,0x00,0x62,0x08,0x41,0x08,0x20,0x00,0x20,0x00,
    0x20,0x00,0x20,0x00,0x20,0x00,0x20,0x00,0x20,0x00,0x20,0x00,0x20,0x00,0x20,0x00,0x20,0x00,0x20,0x00,0x20,0x00,0x21,0x00,
    0x21,0x00,0x41,0x00,0xA2,0x10,0xA3,0x10,0x61,0x08,0x20,0x00,0x21,0x00,0x41,0x00,0x41,0x00,0x41,0x00,0x41,0x00,0x41,0x08,
    0x41,0x08,0x41,0x08,0x41,0x08,0x41,0x08,0x41,0x08,0x41,0x08,0x41,0x08,0x41,0x08,0x41,0x08,0xC3,0x18,0xE4,0x18,0x82,0x08,
    0x41,0x08,0x41,0x08,0x41,0x08,0x41,0x08,0x41,0x08,0x41,0x08,0x41,0x08,0x41,0x08,0x41,0x08,0x41,0x08,0x41,0x08,0x41,0x08,
    0x41,0x08,0x41,0x08,0x41,0x08,0x61,0x08,0x04,0x19,0x25,0x21,0x82,0x10,0x41,0x08,0x61,0x08,0x61,0x08,0x61,0x08,0x61,0x08,
    0x61,0x08,0x61,0x08,0x61,0x08,0x61,0x08,0x61,0x08,0x61,0x08,0x61,0x08,0x61,0x08,0x61,0x08,0x62,0x08,0x82,0x08,0x25,0x21,
    0x45,0x29,0xA3,0x10,0x61,0x08,0x62,0x08,0x62,0x08,0x62,0x08,0x62,0x08,0x62,0x08,0x62,0x08,0x62,0x08,0x62,0x08,0x62,0x08,
    0x62,0x08,0x62,0x08,0x62,0x08,0x62,0x08,0x62,0x08,0x82,0x10,0x45,0x21,0x66,0x29,0xC3,0x10,0x61,0x08,0x62,0x08,0x62,0x08,
    0x62,0x08,0x62,0x08,0x62,0x08,0x62,0x08,0x62,0x08,0x62,0x08,0x62,0x08,0x62,0x08,0x62,0x08,0x62,0x08,0x62,0x08,0x62,0x08,
    0x82,0x10,0x45,0x21,0x66,0x29,0xC3,0x10,0x61,0x08,0x62,0x08,0x62,0x08,0x62,0x08,0x62,0x08,0x62,0x08,0x62,0x08,0x62,0x08,
    0x62,0x08,0x62,0x08,0x62,0x08,0x62,0x08,0x62,0x08,0x62,0x08,0x62,0x08,0x61,0x08,0x04,0x19,0x66,0x29,0x04,0x19,0x61,0x08,
    0x62,0x08,0x62,0x08,0x62,0x08,0x62,0x08,0x62,0x08,0x62,0x08,0x62,0x08,0x62,0x08,0x62,0x08,0x62,0x08,0x62,0x08,0x62,0x08,
    0x62,0x08,0x62,0x08,0x61,0x08,0x04,0x19,0x66,0x29,0x04,0x19,0x61,0x08,0x62,0x08,0x62,0x08,0x62,0x08,0x62,0x08,0x62,0x08,
    0x62,0x08,0x62,0x08,0x62,0x08,0x62,0x08,0x62,0x08,0x62,0x08,0x62,0x08,0x62,0x08,0x62,0x08,0x61,0x08,0x04,0x19,0x66,0x29,
    0x04,0x19,0x61,0x08,0x62,0x08,0x62,0x08,0x62,0x08,0x62,0x08,0x62,0x08,0x62,0x08,0x62,0x08,0x62,0x08,0x62,0x08,0x62,0x08,
    0x62,0x08,0x62,0x08,0x62,0x08,0x62,0x08,0x61,0x08,0x04,0x19,0x66,0x29,0x04,0x19,0x61,0x08,0x62,0x08,0x62,0x08,0x62,0x08,
    0x62,0x08,0x62,0x08,0x62,0x08,0x62,0x08,0x62,0x08,0x62,0x08,0x62,0x08,0x62,0x08,0x62,0x08,0x62,0x08,0x62,0x08,0x61,0x08,
    0x04,0x19,0x66,0x29,0x04,0x19,0x61,0x08,0x62,0x08,0x62,0x08,0x62,0x08,0x62,0x08,0x62,0x08,0x62,0x08,0x62,0x08,0x62,0x08,
    0x62,0x08,0x62,0x08,0x62,0x08,0x62,0x08,0x62,0x08,0x62,0x08,0x61,0x08,0x04,0x19,0x66,0x29,0x04,0x19,0x61,0x08,0x62,0x08,
    0x62,0x08,0x62,0x08,0x62,0x08,0x62,0x08,0x62,0x08,0x62,0x08,0x62,0x08,0x62,0x08,0x62,0x08,0x62,0x08,0x62,0x08,0x62,0x08,
    0x62,0x08,0x61,0x08,0xA3,0x10,0x45,0x21,0x25,0x21,0x62,0x08,0x61,0x08,0x61,0x08,0x61,0x08,0x61,0x08,0x61,0x08,0x61,0x08,
    0x61,0x08,0x61,0x08,0x61,0x08,0x61,0x08,0x61,0x08,0x61,0x08,0x61,0x08,0x61,0x08,0x41,0x08,0x82,0x10,0x04,0x21,0xE4,0x18,
    0x61,0x08,0x41,0x08,0x41,0x08,0x41,0x08,0x41,0x08,0x41,0x08,0x41,0x08,0x41,0x08,0x41,0x08,0x41,0x08,0x41,0x08,0x41,0x08,
    0x41,0x08,0x41,0x08,0x41,0x08,0x41,0x00,0x62,0x08,0xE3,0x18,0xC3,0x10,0x41,0x08,0x41,0x08,0x41,0x08,0x41,0x08,0x41,0x08,
    0x41,0x08,0x41,0x00,0x41,0x00,0x41,0x00,0x41,0x00,0x21,0x00,0x21,0x00,0x21,0x00,0x21,0x00,0x21,0x00,0x20,0x00,0x41,0x08,
    0xA2,0x10,0x82,0x10,0x21,0x00,0x20,0x00,0x20,0x00,0x20,0x00,0x20,0x00,0x20,0x00,0x20,0x00,0x20,0x00,0x20,0x00,0x20,0x00,
    0x20,0x00,0x20,0x00,0x20,0x00,0x20,0x00,0x62,0x08,0x41,0x00,0x20,0x00,0x20,0x00,0x20,0x00,0x20,0x00,0x20,0x00,0x20,0x00,
    0x20,0x00,0x20,0x00,0x20,0x00,0x20,0x00,0x20,0x00,0x20,0x00,0x20,0x00,0x21,0x00,0x21,0x00,0x21,0x00,0xA2,0x10,0xA3,0x10,
    0x41,0x08,0x20,0x00,0x21,0x00,0x41,0x00,0x41,0x00,0x41,0x00,0x41,0x00,0x41,0x08,0x41,0x08,0x41,0x08,0x41,0x08,0x41,0x08,
    0x41,0x08,0x41,0x08,0x41,0x08,0x41,0x08,0x41,0x08,0xC3,0x18,0xE4,0x18,0x62,0x08,0x41,0x08,0x41,0x08,0x41,0x08,0x41,0x08,
    0x41,0x08,0x41,0x08,0x41,0x08,0x41,0x08,0x41,0x08,0x41,0x08,0x41,0x08,0x41,0x08,0x41,0x08,0x41,0x08,0x41,0x08,0x61,0x08,
    0x04,0x19,0x25,0x21,0x82,0x10,0x41,0x08,0x61,0x08,0x61,0x08,0x61,0x08,0x61,0x08,0x61,0x08,0x61,0x08,0x61,0x08,0x61,0x08,
    0x61,0x08,0x61,0x08,0x61,0x08,0x61,0x08,0x61,0x08,0x62,0x08,0x62,0x08,0x25,0x21,0x45,0x29,0xA3,0x10,0x61,0x08,0x62,0x08,
    0x62,0x08,0x62,0x08,0x62,0x08,0x62,0x08,0x62,0x08,0x62,0x08,0x62,0x08,0x62,0x08,0x62,0x08,0x62,0x08,0x62,0x08,0x62,0x08,
    0x62,0x08,0x82,0x08,0x45,0x21,0x66,0x29,0xA3,0x10,0x61,0x08,0x62,0x08,0x62,0x08,0x62,0x08,0x62,0x08,0x62,0x08,0x62,0x08,
    0x62,0x08,0x62,0x08,0x62,0x08,0x62,0x08,0x62,0x08,0x62,0x08,0x62,0x08,0x62,0x08,0x82,0x08,0x45,0x21,0x66,0x29,0xA3,0x10,
    0x61,0x08,0x62,0x08,0x62,0x08,0x62,0x08,0x62,0x08,0x62,0x08,0x62,0x08,0x62,0x08,0x62,0x08,0x62,0x08,0x62,0x08,0x62,0x08,
    0x62,0x08,0x62,0x08,0x82,0x08,0x61,0x08,0x04,0x19,0x66,0x29,0x04,0x19,0x61,0x08,0x62,0x08,0x62,0x08,0x62,0x08,0x62,0x08,
    0x62,0x08,0x62,0x08,0x62,0x08,0x62,0x08,0x62,0x08,0x62,0x08,0x62,0x08,0x62,0x08,0x62,0x08,0x82,0x08,0x61,0x08,0x04,0x19,
    0x66,0x29,0x04,0x19,0x61,0x08,0x62,0x08,0x62,0x08,0x62,0x08,0x62,0x08,0x62,0x08,0x62,0x08,0x62,0x08,0x62,0x08,0x62,0x08,
    0x62,0x08,0x62,0x08,0x62,0x08,0x62,0x08,0x82,0x08,0x61,0x08,0x04,0x19,0x66,0x29,0x04,0x19,0x61,0x08,0x62,0x08,0x62,0x08,
    0x62,0x08,0x62,0x08,0x62,0x08,0x62,0x08,0x62,0x08,0x62,0x08,0x62,0x08,0x62,0x08,0x62,0x08,0x62,0x08,0x62,0x08,0x82,0x08,
    0x61,0x08,0x04,0x19,0x66,0x29,0x04,0x19,0x61,0x08,0x82,0x08,0x62,0x08,0x62,0x08,0x62,0x08,0x62,0x08,0x62,0x08,0x62,0x08,
    0x62,0x08,0x62,0x08,0x62,0x08,0x62,0x08,0x62,0x08,0x62,0x08,0x62,0x08,0x61,0x08,0x04,0x19,0x66,0x29,0x04,0x19,0x61,0x08,
    0x82,0x08,0x62,0x08,0x62,0x08,0x62,0x08,0x62,0x08,0x62,0x08,0x62,0x08,0x62,0x08,0x62,0x08,0x62,0x08,0x62,0x08,0x62,0x08,
    0x62,0x08,0x62,0x08,0x61,0x08,0x04,0x19,0x66,0x29,0x04,0x19,0x61,0x08,0x82,0x08,0x62,0x08,0x62,0x08,0x62,0x08,0x62,0x08,
    0x62,0x08,0x62,0x08,0x62,0x08,0x62,0x08,0x62,0x08,0x62,0x08,0x62,0x08,0x62,0x08,0x62,0x08,0x61,0x08,0xA3,0x10,0x45,0x21,
    0x25,0x21,0x62,0x08,0x62,0x08,0x61,0x08,0x61,0x08,0x61,0x08,0x61,0x08,0x61,0x08,0x61,0x08,0x61,0x08,0x61,0x08,0x61,0x08,
    0x61,0x08,0x61,0x08,0x61,0x08,0x61,0x08,0x41,0x08,0x82,0x10,0x04,0x21,0xE4,0x18,0x61,0x08,0x41,0x08,0x41,0x08,0x41,0x08,
    0x41,0x08,0x41,0x08,0x41,0x08,0x41,0x08,0x41,0x08,0x41,0x08,0x41,0x08,0x41,0x08,0x41,0x08,0x41,0x08,0x41,0x08,0x41,0x00,
    0x62,0x08,0xE3,0x18,0xC3,0x10,0x41,0x08,0x41,0x08,0x41,0x08,0x41,0x08,0x41,0x08,0x41,0x08,0x41,0x00,0x41,0x00,0x41,0x00,
    0x41,0x00,0x21,0x00,0x21,0x00,0x21,0x00,0x21,0x00,0x21,0x00,0x20,0x00,0x41,0x08,0xA2,0x10,0x82,0x10,0x21,0x00,0x20,0x00,
    0x20,0x00,0x20,0x00,0x20,0x00,0x20,0x00,0x20,0x00,0x20,0x00,0x20,0x00,0x20,0x00,0x20,0x00,0x20,0x00,0x20,0x00,0x20,0x00,
    0x62,0x08,0x41,0x08,0x20,0x00,0x20,0x00,0x20,0x00,0x20,0x00,0x20,0x00,0x20,0x00,0x20,0x00,0x20,0x00,0x20,0x00,0x20,0x00,
    0x20,0x00,0x20,0x00,0x20,0x00,0x20,0x00,0x20,0x00,0x41,0x08,0xA2,0x10,0xA3,0x10,0x62,0x08,0x20,0x00,0x20,0x00,0x41,0x00,
    0x41,0x00,0x41,0x00,0x41,0x00,0x41,0x08,0x41,0x08,0x41,0x08,0x41,0x08,0x41,0x08,0x41,0x08,0x41,0x08,0x41,0x08,0x41,0x00,
    0x62,0x08,0xC3,0x18,0xE3,0x18,0x82,0x10,0x41,0x00,0x41,0x08,0x41,0x08,0x41,0x08,0x41,0x08,0x41,0x08,0x41,0x08,0x41,0x08,
    0x41,0x08,0x41,0x08,0x41,0x08,0x41,0x08,0x41,0x08,0x41,0x08,0x41,0x08,0x82,0x10,0x04,0x19,0x04,0x21,0xC3,0x10,0x41,0x08,
    0x41,0x08,0x61,0x08,0x61,0x08,0x61,0x08,0x61,0x08,0x61,0x08,0x61,0x08,0x61,0x08,0x61,0x08,0x61,0x08,0x61,0x08,0x62,0x08,
    0x61,0x08,0x61,0x08,0x82,0x10,0x45,0x21,0x45,0x21,0xE4,0x18,0x61,0x08,0x61,0x08,0x62,0x08,0x62,0x08,0x62,0x08,0x62,0x08,
    0x62,0x08,0x62,0x08,0x62,0x08,0x62,0x08,0x62,0x08,0x62,0x08,0x82,0x08,0x62,0x08,0x61,0x08,0xA2,0x10,0x45,0x21,0x66,0x29,
    0xE4,0x18,0x61,0x08,0x61,0x08,0x62,0x08,0x62,0x08,0x62,0x08,0x62,0x08,0x62,0x08,0x62,0x08,0x62,0x08,0x62,0x08,0x62,0x08,
    0x62,0x08,0x82,0x08,0x62,0x08,0x61,0x08,0xA2,0x10,0x45,0x21,0x66,0x29,0xE4,0x18,0x61,0x08,0x61,0x08,0x62,0x08,0x62,0x08,
    0x62,0x08,0x62,0x08,0x62,0x08,0x62,0x08,0x62,0x08,0x62,0x08,0x62,0x08,0x62,0x08,0x62,0x08,0x62,0x08,0x61,0x08,0x82,0x10,
    0x25,0x21,0x66,0x29,0x25,0x21,0x62,0x08,0x61,0x08,0x62,0x08,0x62,0x08,0x62,0x08,0x62,0x08,0x62,0x08,0x62,0x08,0x62,0x08,
    0x62,0x08,0x62,0x08,0x62,0x08,0x62,0x08,0x62,0x08,0x61,0x08,0x82,0x10,0x25,0x21,0x66,0x29,0x25,0x21,0x62,0x08,0x61,0x08,
    0x62,0x08,0x62,0x08,0x62,0x08,0x62,0x08,0x62,0x08,0x62,0x08,0x62,0x08,0x62,0x08,0x62,0x08,0x62,0x08,0x62,0x08,0x62,0x08,
    0x61,0x08,0x82,0x10,0x25,0x21,0x66,0x29,0x25,0x21,0x62,0x08,0x61,0x08,0x62,0x08,0x62,0x08,0x62,0x08,0x62,0x08,0x62,0x08,
    0x62,0x08,0x62,0x08,0x62,0x08,0x62,0x08,0x62,0x08,0x62,0x08,0x62,0x08,0x61,0x08,0x82,0x10,0x25,0x21,0x66,0x29,0x25,0x21,
    0x82,0x10,0x61,0x08,0x62,0x08,0x62,0x08,0x62,0x08,0x62,0x08,0x62,0x08,0x62,0x08,0x62,0x08,0x62,0x08,0x62,0x08,0x62,0x08,
    0x62,0x08,0x62,0x08,0x61,0x08,0x62,0x08,0x25,0x21,0x66,0x29,0x25,0x21,0x82,0x10,0x61,0x08,0x62,0x08,0x62,0x08,0x62,0x08,
    0x62,0x08,0x62,0x08,0x62,0x08,0x62,0x08,0x62,0x08,0x62,0x08,0x62,0x08,0x62,0x08,0x62,0x08,0x61,0x08,0x62,0x08,0x25,0x21,
    0x66,0x29,0x25,0x21,0x82,0x10,0x61,0x08,0x62,0x08,0x62,0x08,0x62,0x08,0x62,0x08,0x62,0x08,0x62,0x08,0x62,0x08,0x62,0x08,
    0x62,0x08,0x62,0x08,0x62,0x08,0x62,0x08,0x61,0x08,0x61,0x08,0xE3,0x18,0x45,0x21,0x25,0x21,0x82,0x10,0x41,0x08,0x61,0x08,
    0x62,0x08,0x61,0x08,0x61,0x08,0x61,0x08,0x61,0x08,0x61,0x08,0x61,0x08,0x61,0x08,0x61,0x08,0x61,0x08,0x61,0x08,0x41,0x08,
    0x41,0x08,0xA3,0x10,0x04,0x21,0x04,0x19,0x62,0x08,0x41,0x08,0x41,0x08,0x41,0x08,0x41,0x08,0x41,0x08,0x41,0x08,0x41,0x08,
    0x41,0x08,0x41,0x08,0x41,0x08,0x41,0x08,0x41,0x08,0x41,0x08,0x41,0x00,0x41,0x08,0x82,0x10,0xC3,0x18,0xC3,0x18,0x61,0x08,
    0x21,0x00,0x41,0x00,0x41,0x08,0x41,0x08,0x41,0x08,0x41,0x00,0x41,0x00,0x41,0x00,0x41,0x00,0x21,0x00,0x21,0x00,0x21,0x00,
    0x21,0x00,0x20,0x00,0x20,0x00,0x61,0x08,0xA2,0x10,0x82,0x10,0x41,0x08,0x20,0x00,0x20,0x00,0x20,0x00,0x20,0x00,0x20,0x00,
    0x20,0x00,0x20,0x00,0x20,0x00,0x20,0x00,0x20,0x00,0x20,0x00,0x20,0x00,0x20,0x00,0x62,0x08,0x62,0x08,0x61,0x08,0x41,0x00,
    0x20,0x00,0x20,0x00,0x20,0x00,0x20,0x00,0x20,0x00,0x20,0x00,0x20,0x00,0x20,0x00,0x20,0x00,0x20,0x00,0x20,0x00,0x41,0x08,
    0x62,0x08,0xA2,0x10,0xA3,0x10,0xA3,0x10,0xA3,0x10,0x82,0x10,0x41,0x08,0x21,0x00,0x21,0x00,0x41,0x00,0x41,0x00,0x41,0x08,
    0x41,0x08,0x41,0x08,0x41,0x08,0x41,0x08,0x41,0x08,0x41,0x00,0x41,0x08,0x82,0x10,0xC3,0x18,0xE4,0x18,0xE4,0x18,0xE3,0x18,
    0xA3,0x10,0x62,0x08,0x41,0x08,0x41,0x08,0x41,0x08,0x41,0x08,0x41,0x08,0x41,0x08,0x41,0x08,0x41,0x08,0x41,0x08,0x41,0x08,
    0x41,0x08,0x62,0x08,0xC3,0x10,0x04,0x21,0x24,0x21,0x05,0x21,0x24,0x21,0xE4,0x18,0x82,0x10,0x41,0x08,0x61,0x08,0x61,0x08,
    0x61,0x08,0x61,0x08,0x61,0x08,0x61,0x08,0x61,0x08,0x61,0x08,0x61,0x08,0x41,0x08,0x62,0x08,0xE4,0x18,0x45,0x21,0x45,0x29,
    0x45,0x29,0x45,0x29,0x04,0x21,0xA3,0x10,0x62,0x08,0x62,0x08,0x62,0x08,0x62,0x08,0x62,0x08,0x62,0x08,0x62,0x08,0x62,0x08,
    0x62,0x08,0x62,0x08,0x61,0x08,0x82,0x10,0x04,0x19,0x45,0x21,0x66,0x29,0x66,0x29,0x66,0x29,0x25,0x21,0xA3,0x10,0x62,0x08,
    0x62,0x08,0x62,0x08,0x62,0x08,0x62,0x08,0x62,0x08,0x62,0x08,0x62,0x08,0x62,0x08,0x62,0x08,0x61,0x08,0x82,0x10,0x04,0x19,
    0x45,0x21,0x66,0x29,0x66,0x29,0x66,0x29,0x25,0x21,0xA3,0x10,0x62,0x08,0x62,0x08,0x62,0x08,0x62,0x08,0x62,0x08,0x62,0x08,
    0x62,0x08,0x62,0x08,0x62,0x08,0x62,0x08,0x61,0x08,0x62,0x08,0xC3,0x18,0x45,0x21,0x66,0x29,0x66,0x29,0x66,0x29,0x25,0x21,
    0xC3,0x18,0x62,0x08,0x61,0x08,0x62,0x08,0x62,0x08,0x62,0x08,0x62,0x08,0x62,0x08,0x62,0x08,0x62,0x08,0x62,0x08,0x61,0x08,
    0x62,0x08,0xC3,0x18,0x45,0x21,0x66,0x29,0x66,0x29,0x66,0x29,0x25,0x21,0xC3,0x18,0x62,0x08,0x61,0x08,0x62,0x08,0x62,0x08,
    0x62,0x08,0x62,0x08,0x62,0x08,0x62,0x08,0x62,0x08,0x62,0x08,0x61,0x08,0x62,0x08,0xC3,0x18,0x45,0x21,0x66,0x29,0x66,0x29,
    0x66,0x29,0x25,0x21,0xC3,0x18,0x62,0x08,0x61,0x08,0x62,0x08,0x62,0x08,0x62,0x08,0x62,0x08,0x62,0x08,0x62,0x08,0x62,0x08,
    0x62,0x08,0x61,0x08,0x62,0x08,0xC3,0x18,0x45,0x21,0x66,0x29,0x66,0x29,0x66,0x29,0x45,0x21,0xC3,0x18,0x62,0x08,0x61,0x08,
    0x62,0x08,0x62,0x08,0x62,0x08,0x62,0x08,0x62,0x08,0x62,0x08,0x62,0x08,0x62,0x08,0x61,0x08,0x62,0x08,0xC3,0x18,0x25,0x21,
    0x66,0x29,0x66,0x29,0x66,0x29,0x45,0x21,0xC3,0x18,0x62,0x08,0x61,0x08,0x62,0x08,0x62,0x08,0x62,0x08,0x62,0x08,0x62,0x08,
    0x62,0x08,0x62,0x08,0x62,0x08,0x61,0x08,0x62,0x08,0xC3,0x18,0x25,0x21,0x66,0x29,0x66,0x29,0x66,0x29,0x45,0x21,0xC3,0x18,
    0x62,0x08,0x61,0x08,0x62,0x08,0x62,0x08,0x62,0x08,0x62,0x08,0x62,0x08,0x62,0x08,0x62,0x08,0x62,0x08,0x61,0x08,0x61,0x08,
    0xA3,0x10,0x04,0x21,0x45,0x21,0x45,0x21,0x45,0x21,0x25,0x21,0xE4,0x18,0x62,0x08,0x41,0x08,0x61,0x08,0x61,0x08,0x61,0x08,
    0x61,0x08,0x61,0x08,0x61,0x08,0x61,0x08,0x61,0x08,0x41,0x08,0x41,0x08,0x82,0x10,0xE4,0x18,0x04,0x21,0x04,0x21,0x04,0x21,
    0x04,0x19,0xC3,0x10,0x61,0x08,0x41,0x08,0x41,0x08,0x41,0x08,0x41,0x08,0x41,0x08,0x41,0x08,0x41,0x08,0x41,0x08,0x41,0x08,
    0x41,0x08,0x41,0x08,0x62,0x08,0xA3,0x10,0xE3,0x18,0xC3,0x18,0xC3,0x18,0xC3,0x10,0x82,0x10,0x41,0x08,0x21,0x00,0x41,0x08,
    0x41,0x08,0x41,0x00,0x41,0x00,0x41,0x00,0x41,0x00,0x21,0x00,0x21,0x00,0x21,0x00,0x21,0x00,0x41,0x08,0x82,0x10,0xA2,0x10,
    0xA2,0x10,0xA2,0x10,0x82,0x10,0x61,0x08,0x21,0x00,0x20,0x00,0x20,0x00,0x20,0x00,0x20,0x00,0x20,0x00,0x20,0x00,0x20,0x00,
    0x20,0x00,0x20,0x00,0x20,0x00,0x20,0x00,0x41,0x08,0x62,0x08,0x82,0x08,0x82,0x08,0x41,0x08,0x21,0x00,0x20,0x00,0x20,0x00,
    0x20,0x00,0x20,0x00,0x20,0x00,0x20,0x00,0x20,0x00,0x21,0x00,0x61,0x08,0x82,0x10,0xA2,0x10,0xA3,0x10,0x82,0x10,0x62,0x08,
    0xA3,0x10,0xC3,0x10,0xA3,0x10,0x82,0x08,0x41,0x08,0x21,0x00,0x41,0x00,0x41,0x08,0x41,0x08,0x41,0x08,0x41,0x08,0x21,0x00,
    0x41,0x08,0x82,0x10,0xC3,0x18,0xE3,0x18,0xE4,0x18,0xA3,0x10,0xA2,0x10,0xE4,0x18,0xE4,0x18,0xE4,0x18,0xA2,0x10,0x61,0x08,
    0x41,0x08,0x41,0x08,0x41,0x08,0x41,0x08,0x41,0x08,0x41,0x08,0x41,0x08,0x61,0x08,0xC3,0x10,0x04,0x19,0x04,0x21,0x25,0x21,
    0xE3,0x18,0xC3,0x10,0x24,0x21,0x25,0x21,0x25,0x21,0xE4,0x18,0x82,0x08,0x41,0x08,0x61,0x08,0x61,0x08,0x61,0x08,0x61,0x08,
    0x61,0x08,0x41,0x08,0x61,0x08,0xC3,0x10,0x25,0x21,0x45,0x29,0x45,0x29,0x04,0x19,0xE4,0x18,0x45,0x21,0x66,0x29,0x45,0x29,
    0x04,0x21,0x82,0x10,0x61,0x08,0x62,0x08,0x62,0x08,0x62,0x08,0x62,0x08,0x62,0x08,0x61,0x08,0x62,0x08,0xC3,0x18,0x45,0x21,
    0x66,0x29,0x66,0x29,0x04,0x21,0xE4,0x18,0x66,0x29,0x66,0x29,0x66,0x29,0x04,0x21,0x82,0x10,0x61,0x08,0x62,0x08,0x62,0x08,
    0x62,0x08,0x62,0x08,0x62,0x08,0x61,0x08,0x62,0x08,0xC3,0x18,0x45,0x21,0x66,0x29,0x66,0x29,0x04,0x21,0xE4,0x18,0x66,0x29,
    0x66,0x29,0x66,0x29,0x04,0x21,0x82,0x10,0x61,0x08,0x62,0x08,0x62,0x08,0x62,0x08,0x62,0x08,0x62,0x08,0x61,0x08,0x61,0x08,
    0xC3,0x10,0x45,0x21,0x66,0x29,0x66,0x29,0x45,0x21,0xE4,0x18,0x45,0x21,0x66,0x29,0x66,0x29,0x24,0x21,0xA3,0x10,0x62,0x08,
    0x62,0x08,0x62,0x08,0x62,0x08,0x62,0x08,0x62,0x08,0x61,0x08,0x61,0x08,0xC3,0x10,0x45,0x21,0x66,0x29,0x66,0x29,0x45,0x21,
    0xE4,0x18,0x45,0x21,0x66,0x29,0x66,0x29,0x24,0x21,0xA3,0x10,0x62,0x08,0x62,0x08,0x62,0x08,0x62,0x08,0x62,0x08,0x62,0x08,
    0x61,0x08,0x61,0x08,0xC3,0x10,0x45,0x21,0x66,0x29,0x66,0x29,0x45,0x21,0xE4,0x18,0x45,0x21,0x66,0x29,0x66,0x29,0x24,0x21,
    0xA3,0x10,0x62,0x08,0x62,0x08,0x62,0x08,0x62,0x08,0x62,0x08,0x62,0x08,0x61,0x08,0x61,0x08,0xC3,0x10,0x45,0x21,0x66,0x29,
    0x66,0x29,0x45,0x21,0xE4,0x18,0x45,0x21,0x66,0x29,0x66,0x29,0x45,0x21,0xC3,0x10,0x61,0x08,0x61,0x08,0x62,0x08,0x62,0x08,
    0x62,0x08,0x62,0x08,0x62,0x08,0x62,0x08,0xA3,0x10,0x24,0x21,0x66,0x29,0x66,0x29,0x45,0x21,0xE4,0x18,0x45,0x21,0x66,0x29,
    0x66,0x29,0x45,0x21,0xC3,0x10,0x61,0x08,0x61,0x08,0x62,0x08,0x62,0x08,0x62,0x08,0x62,0x08,0x62,0x08,0x62,0x08,0xA3,0x10,
    0x24,0x21,0x66,0x29,0x66,0x29,0x45,0x21,0xE4,0x18,0x45,0x21,0x66,0x29,0x66,0x29,0x45,0x21,0xC3,0x10,0x61,0x08,0x61,0x08,
    0x62,0x08,0x62,0x08,0x62,0x08,0x62,0x08,0x61,0x08,0x61,0x08,0x82,0x10,0x04,0x21,0x45,0x21,0x45,0x29,0x45,0x21,0xE3,0x18,
    0x04,0x19,0x45,0x21,0x45,0x21,0x24,0x21,0xA3,0x10,0x61,0x08,0x41,0x08,0x61,0x08,0x61,0x08,0x61,0x08,0x61,0x08,0x41,0x08,
    0x41,0x08,0x62,0x08,0xE3,0x18,0x04,0x21,0x25,0x21,0x04,0x19,0xC3,0x10,0xC3,0x18,0x04,0x21,0x04,0x21,0xE4,0x18,0x82,0x10,
    0x41,0x08,0x41,0x08,0x41,0x08,0x41,0x08,0x41,0x08,0x41,0x08,0x41,0x08,0x41,0x08,0x61,0x08,0xA3,0x10,0xE3,0x18,0xE4,0x18,
    0xE3,0x18,0x82,0x10,0xA2,0x10,0xE3,0x18,0xC3,0x18,0xA3,0x10,0x62,0x08,0x41,0x08,0x21,0x00,0x41,0x00,0x41,0x00,0x41,0x00,
    0x41,0x00,0x21,0x00,0x20,0x00,0x41,0x08,0x82,0x10,0xA3,0x10,0xA3,0x10,0xA2,0x10,0x62,0x08,0x82,0x08,0xA2,0x10,0xA2,0x10,
    0x82,0x10,0x61,0x08,0x20,0x00,0x20,0x00,0x20,0x00,0x20,0x00,0x20,0x00,0x20,0x00,0x20,0x00,0x20,0x00,0x20,0x00,0x41,0x08,
    0x20,0x00,0x21,0x00,0x61,0x08,0x82,0x08,0x82,0x10,0x82,0x08,0x41,0x08,0x20,0x00,0x20,0x00,0x20,0x00,0x20,0x00,0x20,0x00,
    0x41,0x08,0x82,0x10,0xA2,0x10,0xA2,0x10,0x82,0x10,0x61,0x08,0x21,0x00,0x20,0x00,0x41,0x08,0x82,0x10,0xA3,0x10,0xC3,0x10,
    0xA3,0x10,0x62,0x08,0x41,0x00,0x21,0x00,0x41,0x08,0x21,0x00,0x41,0x08,0x62,0x08,0xA3,0x10,0xC3,0x18,0xE3,0x18,0xC3,0x10,
    0x82,0x10,0x41,0x08,0x41,0x00,0x62,0x08,0xA3,0x10,0xE4,0x18,0xE4,0x18,0xE4,0x18,0x82,0x10,0x41,0x08,0x41,0x08,0x41,0x08,
    0x41,0x08,0x41,0x08,0x82,0x10,0xE4,0x18,0x04,0x21,0x04,0x21,0xE4,0x18,0xA2,0x10,0x41,0x08,0x41,0x08,0x82,0x10,0xE4,0x18,
    0x25,0x21,0x25,0x21,0x24,0x21,0xC3,0x18,0x62,0x08,0x41,0x08,0x61,0x08,0x61,0x08,0x61,0x08,0xA2,0x10,0x04,0x21,0x45,0x21,
    0x45,0x29,0x25,0x21,0xC3,0x10,0x61,0x08,0x61,0x08,0xA2,0x10,0x04,0x21,0x45,0x29,0x66,0x29,0x45,0x21,0xE4,0x18,0x82,0x10,
    0x61,0x08,0x62,0x08,0x62,0x08,0x62,0x08,0xA3,0x10,0x25,0x21,0x66,0x29,0x66,0x29,0x25,0x21,0xC3,0x18,0x62,0x08,0x61,0x08,
    0xA3,0x10,0x04,0x21,0x66,0x29,0x66,0x29,0x45,0x21,0xE4,0x18,0x82,0x10,0x61,0x08,0x62,0x08,0x62,0x08,0x62,0x08,0xA3,0x10,
    0x25,0x21,0x66,0x29,0x66,0x29,0x25,0x21,0xC3,0x18,0x62,0x08,0x61,0x08,0xA3,0x10,0x04,0x21,0x66,0x29,0x66,0x29,0x45,0x21,
    0xE4,0x18,0x82,0x10,0x61,0x08,0x62,0x08,0x62,0x08,0x62,0x08,0xA3,0x10,0x04,0x21,0x66,0x29,0x66,0x29,0x45,0x21,0x04,0x19,
    0x82,0x10,0x61,0x08,0x82,0x10,0x04,0x19,0x45,0x21,0x66,0x29,0x66,0x29,0x04,0x19,0x82,0x10,0x61,0x08,0x62,0x08,0x62,0x08,
    0x62,0x08,0xA3,0x10,0x04,0x21,0x66,0x29,0x66,0x29,0x45,0x21,0x04,0x19,0x82,0x10,0x61,0x08,0x82,0x10,0x04,0x19,0x45,0x21,
    0x66,0x29,0x66,0x29,0x04,0x19,0x82,0x10,0x61,0x08,0x62,0x08,0x62,0x08,0x62,0x08,0xA3,0x10,0x04,0x21,0x66,0x29,0x66,0x29,
    0x45,0x21,0x04,0x19,0x82,0x10,0x61,0x08,0x82,0x10,0x04,0x19,0x45,0x21,0x66,0x29,0x66,0x29,0x04,0x19,0x82,0x10,0x61,0x08,
    0x62,0x08,0x62,0x08,0x62,0x08,0xA3,0x10,0x04,0x21,0x66,0x29,0x66,0x29,0x45,0x21,0x04,0x19,0x82,0x10,0x61,0x08,0x82,0x10,
    0x04,0x19,0x45,0x21,0x66,0x29,0x66,0x29,0x04,0x21,0xA3,0x10,0x62,0x08,0x62,0x08,0x62,0x08,0x61,0x08,0x82,0x10,0x04,0x19,
    0x66,0x29,0x66,0x29,0x45,0x21,0x04,0x19,0x82,0x10,0x61,0x08,0x82,0x10,0x04,0x19,0x45,0x21,0x66,0x29,0x66,0x29,0x04,0x21,
    0xA3,0x10,0x62,0x08,0x62,0x08,0x62,0x08,0x61,0x08,0x82,0x10,0x04,0x19,0x66,0x29,0x66,0x29,0x45,0x21,0x04,0x19,0x82,0x10,
    0x61,0x08,0x82,0x10,0x04,0x19,0x45,0x21,0x66,0x29,0x66,0x29,0x04,0x21,0xA3,0x10,0x62,0x08,0x62,0x08,0x62,0x08,0x61,0x08,
    0x82,0x10,0xE4,0x18,0x45,0x21,0x66,0x29,0x45,0x21,0x04,0x19,0xA2,0x10,0x61,0x08,0x61,0x08,0xA3,0x10,0x04,0x21,0x45,0x21,
    0x45,0x21,0x04,0x21,0x82,0x10,0x61,0x08,0x61,0x08,0x61,0x08,0x41,0x08,0x62,0x08,0xC3,0x18,0x04,0x21,0x25,0x21,0x04,0x21,
    0xE3,0x18,0x82,0x08,0x41,0x08,0x41,0x08,0x82,0x10,0xE4,0x18,0x04,0x21,0x04,0x19,0xC3,0x18,0x82,0x08,0x41,0x08,0x41,0x08,
    0x41,0x08,0x41,0x08,0x61,0x08,0xA2,0x10,0xE3,0x18,0xE4,0x18,0xE3,0x18,0xA3,0x10,0x61,0x08,0x41,0x00,0x41,0x08,0x62,0x08,
    0xA3,0x10,0xC3,0x18,0xC3,0x18,0xA3,0x10,0x61,0x08,0x21,0x00,0x21,0x00,0x41,0x00,0x21,0x00,0x41,0x08,0x82,0x08,0xA2,0x10,
    0xA3,0x10,0xA3,0x10,0x82,0x10,0x41,0x08,0x20,0x00,0x20,0x00,0x41,0x08,0x82,0x10,0x82,0x10,0x82,0x10,0x82,0x08,0x41,0x08,
    0x20,0x00,0x20,0x00,0x20,0x00,0x20,0x00,0x20,0x00,0x41,0x08,0x62,0x08,0x82,0x08,0x20,0x00,0x20,0x00,0x20,0x00,0x41,0x08,
    0x62,0x08,0x82,0x10,0x82,0x10,0x82,0x08,0x41,0x08,0x20,0x00,0x41,0x08,0x82,0x10,0xA2,0x10,0xA2,0x10,0x82,0x10,0x61,0x08,
    0x21,0x00,0x20,0x00,0x21,0x00,0x41,0x00,0x20,0x00,0x20,0x00,0x61,0x08,0xA2,0x10,0xC3,0x10,0xC3,0x10,0xA3,0x10,0x61,0x08,
    0x21,0x00,0x61,0x08,0xA3,0x10,0xC3,0x18,0xE3,0x18,0xC3,0x10,0x82,0x08,0x41,0x08,0x41,0x00,0x41,0x08,0x41,0x08,0x41,0x08,
    0x41,0x08,0x82,0x08,0xC3,0x18,0xE4,0x18,0x04,0x19,0xE3,0x18,0x82,0x10,0x41,0x08,0x82,0x10,0xE4,0x18,0x04,0x19,0x04,0x21,
    0xE4,0x18,0xA2,0x10,0x61,0x08,0x41,0x08,0x61,0x08,0x61,0x08,0x41,0x08,0x41,0x08,0x82,0x10,0xE4,0x18,0x25,0x21,0x25,0x21,
    0x25,0x21,0xC3,0x18,0x61,0x08,0x82,0x10,0xE4,0x18,0x45,0x21,0x45,0x21,0x25,0x21,0xE3,0x18,0x62,0x08,0x61,0x08,0x62,0x08,
    0x62,0x08,0x61,0x08,0x61,0x08,0xA3,0x10,0x24,0x21,0x66,0x29,0x66,0x29,0x45,0x21,0xE4,0x18,0x62,0x08,0x82,0x10,0x04,0x21,
    0x66,0x29,0x66,0x29,0x45,0x21,0xE4,0x18,0x82,0x08,0x61,0x08,0x62,0x08,0x82,0x08,0x61,0x08,0x62,0x08,0xA3,0x10,0x24,0x21,
    0x66,0x29,0x66,0x29,0x45,0x21,0xE4,0x18,0x62,0x08,0x82,0x10,0x04,0x21,0x66,0x29,0x66,0x29,0x45,0x21,0xE4,0x18,0x82,0x08,
    0x61,0x08,0x62,0x08,0x82,0x08,0x61,0x08,0x62,0x08,0xA3,0x10,0x24,0x21,0x66,0x29,0x66,0x29,0x45,0x21,0xE4,0x18,0x62,0x08,
    0x82,0x10,0x24,0x21,0x66,0x29,0x66,0x29,0x66,0x29,0xE4,0x18,0x82,0x10,0x61,0x08,0x62,0x08,0x82,0x08,0x62,0x08,0x61,0x08,
    0x82,0x10,0x04,0x21,0x66,0x29,0x66,0x29,0x45,0x21,0xE4,0x18,0x62,0x08,0x82,0x10,0x24,0x21,0x66,0x29,0x66,0x29,0x66,0x29,
    0xE4,0x18,0x82,0x10,0x61,0x08,0x62,0x08,0x82,0x08,0x62,0x08,0x61,0x08,0x82,0x10,0x04,0x21,0x66,0x29,0x66,0x29,0x45,0x21,
    0xE4,0x18,0x62,0x08,0x82,0x10,0x24,0x21,0x66,0x29,0x66,0x29,0x66,0x29,0xE4,0x18,0x82,0x10,0x61,0x08,0x62,0x08,0x82,0x08,
    0x62,0x08,0x61,0x08,0x82,0x10,0x04,0x21,0x66,0x29,0x66,0x29,0x45,0x21,0xE4,0x18,0x62,0x08,0x82,0x10,0x24,0x21,0x66,0x29,
    0x66,0x29,0x66,0x29,0xE4,0x18,0x82,0x10,0x61,0x08,0x62,0x08,0x82,0x08,0x62,0x08,0x61,0x08,0x82,0x10,0xE4,0x18,0x66,0x29,
    0x66,0x29,0x66,0x29,0x24,0x21,0x82,0x10,0x62,0x08,0xE4,0x18,0x45,0x21,0x66,0x29,0x66,0x29,0x04,0x21,0x82,0x10,0x61,0x08,
    0x62,0x08,0x82,0x08,0x62,0x08,0x61,0x08,0x82,0x10,0xE4,0x18,0x66,0x29,0x66,0x29,0x66,0x29,0x24,0x21,0x82,0x10,0x62,0x08,
    0xE4,0x18,0x45,0x21,0x66,0x29,0x66,0x29,0x04,0x21,0x82,0x10,0x61,0x08,0x62,0x08,0x82,0x08,0x62,0x08,0x61,0x08,0x82,0x10,
    0xE4,0x18,0x66,0x29,0x66,0x29,0x66,0x29,0x24,0x21,0x82,0x10,0x62,0x08,0xE4,0x18,0x45,0x21,0x66,0x29,0x66,0x29,0x04,0x21,
    0xA3,0x10,0x61,0x08,0x61,0x08,0x62,0x08,0x61,0x08,0x41,0x08,0x62,0x08,0xE3,0x18,0x25,0x21,0x45,0x21,0x25,0x21,0xE4,0x18,
    0x82,0x08,0x61,0x08,0xC3,0x10,0x04,0x21,0x25,0x21,0x25,0x21,0xE3,0x18,0x82,0x10,0x41,0x08,0x41,0x08,0x61,0x08,0x41,0x08,
    0x41,0x08,0x61,0x08,0xA3,0x10,0xE4,0x18,0x04,0x19,0x04,0x19,0xC3,0x10,0x61,0x08,0x41,0x08,0xA2,0x10,0xE3,0x18,0xE4,0x18,
    0xE4,0x18,0xA3,0x10,0x62,0x08,0x41,0x08,0x41,0x08,0x41,0x08,0x41,0x08,0x21,0x00,0x41,0x08,0x82,0x10,0xC3,0x10,0xC3,0x18,
    0xC3,0x10,0x82,0x10,0x41,0x08,0x41,0x00,0x82,0x08,0xA3,0x10,0xA3,0x10,0xA3,0x10,0x82,0x10,0x41,0x08,0x20,0x00,0x20,0x00,
    0x21,0x00,0x20,0x00,0x20,0x00,0x20,0x00,0x41,0x08,0x82,0x10,0x82,0x10,0x82,0x10,0x82,0x08,0x41,0x08,0x20,0x00,0x41,0x08,
    0x62,0x08,0x82,0x08,0x82,0x08,0x61,0x08,0x20,0x00,0x20,0x00,0x20,0x00,0x20,0x00,0x20,0x00,0x41,0x08,0x82,0x08,0x82,0x10,
    0x82,0x10,0x82,0x08,0x82,0x10,0xA2,0x10,0x82,0x10,0x62,0x08,0x21,0x00,0x20,0x00,0x21,0x00,0x21,0x00,0x21,0x00,0x21,0x00,
    0x21,0x00,0x21,0x00,0x20,0x00,0x41,0x00,0x62,0x08,0xA3,0x10,0xC3,0x18,0xC3,0x10,0xA3,0x10,0xC3,0x18,0xC3,0x18,0xC3,0x10,
    0x82,0x10,0x41,0x08,0x21,0x00,0x41,0x08,0x41,0x08,0x41,0x08,0x41,0x08,0x41,0x08,0x41,0x08,0x41,0x08,0x41,0x08,0x82,0x10,
    0xE4,0x18,0x04,0x19,0x04,0x19,0xC3,0x18,0x04,0x19,0x04,0x21,0xE4,0x18,0xC3,0x10,0x61,0x08,0x41,0x08,0x41,0x08,0x61,0x08,
    0x61,0x08,0x61,0x08,0x61,0x08,0x61,0x08,0x41,0x08,0x41,0x08,0xA3,0x10,0x04,0x19,0x25,0x21,0x25,0x21,0x04,0x21,0x25,0x21,
    0x45,0x21,0x45,0x21,0xE4,0x18,0x82,0x08,0x61,0x08,0x62,0x08,0x62,0x08,0x62,0x08,0x62,0x08,0x62,0x08,0x62,0x08,0x61,0x08,
    0x62,0x08,0xC3,0x18,0x25,0x21,0x66,0x29,0x66,0x29,0x25,0x21,0x45,0x21,0x66,0x29,0x66,0x29,0x04,0x19,0x82,0x10,0x61,0x08,
    0x62,0x08,0x62,0x08,0x62,0x08,0x62,0x08,0x62,0x08,0x62,0x08,0x61,0x08,0x62,0x08,0xC3,0x18,0x25,0x21,0x66,0x29,0x66,0x29,
    0x25,0x21,0x45,0x21,0x66,0x29,0x66,0x29,0x04,0x19,0x82,0x10,0x61,0x08,0x62,0x08,0x62,0x08,0x62,0x08,0x62,0x08,0x62,0x08,
    0x62,0x08,0x61,0x08,0x62,0x08,0xC3,0x18,0x25,0x21,0x66,0x29,0x66,0x29,0x25,0x21,0x45,0x21,0x66,0x29,0x66,0x29,0x04,0x21,
    0xA3,0x10,0x61,0x08,0x62,0x08,0x62,0x08,0x62,0x08,0x62,0x08,0x62,0x08,0x62,0x08,0x62,0x08,0x62,0x08,0xA3,0x10,0x25,0x21,
    0x66,0x29,0x66,0x29,0x25,0x21,0x45,0x21,0x66,0x29,0x66,0x29,0x04,0x21,0xA3,0x10,0x61,0x08,0x62,0x08,0x62,0x08,0x62,0x08,
    0x62,0x08,0x62,0x08,0x62,0x08,0x62,0x08,0x62,0x08,0xA3,0x10,0x25,0x21,0x66,0x29,0x66,0x29,0x25,0x21,0x45,0x21,0x66,0x29,
    0x66,0x29,0x04,0x21,0xA3,0x10,0x61,0x08,0x62,0x08,0x62,0x08,0x62,0x08,0x62,0x08,0x62,0x08,0x62,0x08,0x62,0x08,0x62,0x08,
    0xA3,0x10,0x25,0x21,0x66,0x29,0x66,0x29,0x25,0x21,0x45,0x21,0x66,0x29,0x66,0x29,0x04,0x21,0xA3,0x10,0x61,0x08,0x62,0x08,
    0x62,0x08,0x62,0x08,0x62,0x08,0x62,0x08,0x62,0x08,0x62,0x08,0x61,0x08,0xA3,0x10,0x04,0x21,0x66,0x29,0x66,0x29,0x45,0x21,
    0x25,0x21,0x66,0x29,0x66,0x29,0x25,0x21,0xA3,0x10,0x62,0x08,0x62,0x08,0x62,0x08,0x62,0x08,0x62,0x08,0x62,0x08,0x62,0x08,
    0x62,0x08,0x61,0x08,0xA3,0x10,0x04,0x21,0x66,0x29,0x66,0x29,0x45,0x21,0x25,0x21,0x66,0x29,0x66,0x29,0x25,0x21,0xA3,0x10,
    0x62,0x08,0x62,0x08,0x62,0x08,0x62,0x08,0x62,0x08,0x62,0x08,0x62,0x08,0x62,0x08,0x61,0x08,0xA3,0x10,0x04,0x21,0x66,0x29,
    0x66,0x29,0x45,0x21,0x25,0x21,0x66,0x29,0x66,0x29,0x25,0x21,0xC3,0x18,0x61,0x08,0x61,0x08,0x62,0x08,0x62,0x08,0x61,0x08,
    0x61,0x08,0x61,0x08,0x61,0x08,0x41,0x08,0x82,0x08,0xE4,0x18,0x25,0x21,0x45,0x21,0x04,0x21,0x04,0x19,0x25,0x21,0x25,0x21,
    0x04,0x19,0xA2,0x10,0x41,0x08,0x41,0x08,0x61,0x08,0x41,0x08,0x41,0x08,0x41,0x08,0x41,0x08,0x41,0x08,0x41,0x08,0x61,0x08,
    0xC3,0x10,0x04,0x19,0x04,0x19,0xE4,0x18,0xC3,0x18,0xE4,0x18,0xE4,0x18,0xC3,0x18,0x82,0x10,0x41,0x08,0x41,0x00,0x41,0x08,
    0x41,0x08,0x41,0x08,0x41,0x08,0x41,0x08,0x41,0x08,0x21,0x00,0x41,0x08,0x82,0x10,0xC3,0x18,0xC3,0x18,0xA3,0x10,0xA2,0x10,
    0xC3,0x10,0xA3,0x10,0xA2,0x10,0x61,0x08,0x21,0x00,0x20,0x00,0x21,0x00,0x21,0x00,0x21,0x00,0x20,0x00,0x20,0x00,0x20,0x00,
    0x20,0x00,0x21,0x00,0x61,0x08,0x82,0x10,0x82,0x10,0x82,0x10,0x62,0x08,0x82,0x08,0x82,0x10,0x62,0x08,0x41,0x08,0x20,0x00,
    0x20,0x00,0x20,0x00,0x20,0x00,0x20,0x00,0x20,0x00,0x20,0x00,0x21,0x00,0x61,0x08,0x82,0x10,0x82,0x10,0x82,0x10,0x62,0x08,
    0x41,0x00,0x20,0x00,0x20,0x00,0x21,0x00,0x21,0x00,0x21,0x00,0x21,0x00,0x21,0x00,0x21,0x00,0x21,0x00,0x21,0x00,0x41,0x00,
    0x21,0x00,0x41,0x08,0x82,0x10,0xC3,0x10,0xC3,0x10,0xC3,0x18,0x82,0x10,0x41,0x08,0x21,0x00,0x41,0x08,0x41,0x08,0x41,0x08,
    0x41,0x08,0x41,0x08,0x41,0x08,0x41,0x08,0x41,0x08,0x41,0x08,0x41,0x08,0x41,0x08,0x61,0x08,0xA3,0x10,0xE4,0x18,0x04,0x19,
    0xE4,0x18,0xC3,0x10,0x61,0x08,0x41,0x08,0x41,0x08,0x61,0x08,0x41,0x08,0x61,0x08,0x61,0x08,0x61,0x08,0x61,0x08,0x61,0x08,
    0x61,0x08,0x61,0x08,0x41,0x08,0x61,0x08,0xA3,0x10,0x24,0x21,0x25,0x21,0x25,0x21,0x04,0x19,0xA2,0x10,0x61,0x08,0x61,0x08,
    0x61,0x08,0x62,0x08,0x62,0x08,0x62,0x08,0x62,0x08,0x62,0x08,0x62,0x08,0x62,0x08,0x62,0x08,0x61,0x08,0x82,0x08,0xC3,0x18,
    0x45,0x21,0x66,0x29,0x66,0x29,0x24,0x21,0xA3,0x10,0x62,0x08,0x62,0x08,0x62,0x08,0x62,0x08,0x62,0x08,0x62,0x08,0x62,0x08,
    0x62,0x08,0x62,0x08,0x62,0x08,0x62,0x08,0x61,0x08,0x82,0x08,0xC3,0x18,0x45,0x21,0x66,0x29,0x66,0x29,0x24,0x21,0xA3,0x10,
    0x62,0x08,0x62,0x08,0x62,0x08,0x62,0x08,0x62,0x08,0x62,0x08,0x62,0x08,0x62,0x08,0x62,0x08,0x62,0x08,0x62,0x08,0x61,0x08,
    0x82,0x08,0xC3,0x18,0x45,0x21,0x66,0x29,0x66,0x29,0x25,0x21,0xA3,0x10,0x62,0x08,0x61,0x08,0x62,0x08,0x62,0x08,0x62,0x08,
    0x62,0x08,0x62,0x08,0x62,0x08,0x62,0x08,0x62,0x08,0x62,0x08,0x61,0x08,0x62,0x08,0xC3,0x18,0x45,0x21,0x66,0x29,0x66,0x29,
    0x25,0x21,0xA3,0x10,0x62,0x08,0x61,0x08,0x62,0x08,0x62,0x08,0x62,0x08,0x62,0x08,0x62,0x08,0x62,0x08,0x62,0x08,0x62,0x08,
    0x62,0x08,0x61,0x08,0x62,0x08,0xC3,0x18,0x45,0x21,0x66,0x29,0x66,0x29,0x25,0x21,0xA3,0x10,0x62,0x08,0x61,0x08,0x62,0x08,
    0x62,0x08,0x62,0x08,0x62,0x08,0x62,0x08,0x62,0x08,0x62,0x08,0x62,0x08,0x62,0x08,0x61,0x08,0x62,0x08,0xC3,0x18,0x45,0x21,
    0x66,0x29,0x66,0x29,0x25,0x21,0xA3,0x10,0x62,0x08,0x61,0x08,0x62,0x08,0x62,0x08,0x62,0x08,0x62,0x08,0x62,0x08,0x62,0x08,
    0x62,0x08,0x62,0x08,0x62,0x08,0x61,0x08,0x62,0x08,0xA3,0x10,0x25,0x21,0x66,0x29,0x66,0x29,0x45,0x21,0xC3,0x18,0x62,0x08,
    0x61,0x08,0x62,0x08,0x62,0x08,0x62,0x08,0x62,0x08,0x62,0x08,0x62,0x08,0x62,0x08,0x62,0x08,0x62,0x08,0x61,0x08,0x62,0x08,
    0xA3,0x10,0x25,0x21,0x66,0x29,0x66,0x29,0x45,0x21,0xC3,0x18,0x62,0x08,0x61,0x08,0x62,0x08,0x62,0x08,0x62,0x08,0x62,0x08,
    0x62,0x08,0x62,0x08,0x62,0x08,0x62,0x08,0x62,0x08,0x61,0x08,0x62,0x08,0xA3,0x10,0x25,0x21,0x66,0x29,0x66,0x29,0x45,0x21,
    0xC3,0x18,0x62,0x08,0x61,0x08,0x62,0x08,0x62,0x08,0x62,0x08,0x62,0x08,0x61,0x08,0x61,0x08,0x61,0x08,0x61,0x08,0x61,0x08,
    0x61,0x08,0x61,0x08,0x82,0x10,0xE4,0x18,0x25,0x21,0x25,0x21,0x04,0x21,0xA3,0x10,0x61,0x08,0x41,0x08,0x61,0x08,0x61,0x08,
    0x61,0x08,0x41,0x08,0x41,0x08,0x41,0x08,0x41,0x08,0x41,0x08,0x41,0x08,0x41,0x08,0x41,0x08,0x82,0x08,0xC3,0x10,0xE4,0x18,
    0xE4,0x18,0xE3,0x18,0x82,0x10,0x41,0x08,0x41,0x08,0x41,0x08,0x41,0x08,0x41,0x08,0x41,0x08,0x41,0x08,0x41,0x08,0x41,0x08,
    0x41,0x08,0x41,0x08,0x41,0x00,0x41,0x00,0x61,0x08,0xA2,0x10,0xC3,0x10,0xC3,0x10,0xA3,0x10,0x61,0x08,0x41,0x00,0x20,0x00,
    0x21,0x00,0x21,0x00,0x21,0x00,0x21,0x00,0x21,0x00,0x20,0x00,0x20,0x00,0x20,0x00,0x20,0x00,0x20,0x00,0x20,0x00,0x21,0x00,
    0x61,0x08,0x82,0x10,0x82,0x10,0x82,0x08,0x41,0x08,0x20,0x00,0x20,0x00,0x20,0x00,0x20,0x00,0x20,0x00,0x20,0x00,0x20,0x00,
    0x20,0x00,0x20,0x00,0x20,0x00,0x20,0x00,0x61,0x08,0xA2,0x10,0x62,0x08,0x20,0x00,0x20,0x00,0x21,0x00,0x20,0x00,0x21,0x00,
    0x21,0x00,0x21,0x00,0x21,0x00,0x21,0x00,0x21,0x00,0x21,0x00,0x21,0x00,0x41,0x00,0x41,0x00,0x21,0x00,0x20,0x00,0x82,0x10,
    0xC3,0x18,0xA2,0x10,0x21,0x00,0x41,0x00,0x41,0x08,0x41,0x08,0x41,0x08,0x41,0x08,0x41,0x08,0x41,0x08,0x41,0x08,0x41,0x08,
    0x41,0x08,0x41,0x08,0x41,0x08,0x41,0x08,0x41,0x08,0x21,0x00,0xC3,0x10,0x04,0x19,0xC3,0x10,0x41,0x08,0x41,0x08,0x41,0x08,
    0x41,0x08,0x41,0x08,0x41,0x08,0x61,0x08,0x61,0x08,0x61,0x08,0x61,0x08,0x61,0x08,0x61,0x08,0x61,0x08,0x61,0x08,0x61,0x08,
    0x41,0x08,0xA3,0x10,0x45,0x21,0x25,0x21,0x62,0x08,0x41,0x08,0x61,0x08,0x61,0x08,0x61,0x08,0x62,0x08,0x62,0x08,0x62,0x08,
    0x62,0x08,0x62,0x08,0x62,0x08,0x62,0x08,0x62,0x08,0x62,0x08,0x62,0x08,0x61,0x08,0xC3,0x18,0x66,0x29,0x45,0x21,0x82,0x08,
    0x61,0x08,0x62,0x08,0x62,0x08,0x62,0x08,0x62,0x08,0x62,0x08,0x62,0x08,0x62,0x08,0x62,0x08,0x62,0x08,0x62,0x08,0x62,0x08,
    0x62,0x08,0x62,0x08,0x61,0x08,0xC3,0x18,0x66,0x29,0x45,0x21,0x82,0x08,0x61,0x08,0x62,0x08,0x62,0x08,0x62,0x08,0x62,0x08,
    0x62,0x08,0x62,0x08,0x62,0x08,0x62,0x08,0x62,0x08,0x62,0x08,0x62,0x08,0x62,0x08,0x62,0x08,0x61,0x08,0xC3,0x18,0x66,0x29,
    0x45,0x21,0x82,0x10,0x61,0x08,0x62,0x08,0x62,0x08,0x62,0x08,0x62,0x08,0x62,0x08,0x62,0x08,0x62,0x08,0x62,0x08,0x62,0x08,
    0x62,0x08,0x62,0x08,0x62,0x08,0x62,0x08,0x41,0x08,0xC3,0x10,0x66,0x29,0x45,0x21,0x82,0x10,0x61,0x08,0x62,0x08,0x62,0x08,
    0x62,0x08,0x62,0x08,0x62,0x08,0x62,0x08,0x62,0x08,0x62,0x08,0x62,0x08,0x62,0x08,0x62,0x08,0x62,0x08,0x62,0x08,0x41,0x08,
    0xC3,0x10,0x66,0x29,0x45,0x21,0x82,0x10,0x61,0x08,0x62,0x08,0x62,0x08,0x62,0x08,0x62,0x08,0x62,0x08,0x62,0x08,0x62,0x08,
    0x62,0x08,0x62,0x08,0x62,0x08,0x62,0x08,0x62,0x08,0x62,0x08,0x41,0x08,0xC3,0x10,0x66,0x29,0x45,0x21,0x82,0x10,0x61,0x08,
    0x62,0x08,0x62,0x08,0x62,0x08,0x62,0x08,0x62,0x08,0x62,0x08,0x62,0x08,0x62,0x08,0x62,0x08,0x62,0x08,0x62,0x08,0x62,0x08,
    0x62,0x08,0x61,0x08,0x82,0x10,0x45,0x21,0x66,0x29,0xC3,0x10,0x41,0x08,0x62,0x08,0x62,0x08,0x62,0x08,0x62,0x08,0x62,0x08,
    0x62,0x08,0x62,0x08,0x62,0x08,0x62,0x08,0x62,0x08,0x62,0x08,0x62,0x08,0x62,0x08,0x61,0x08,0x82,0x10,0x45,0x21,0x66,0x29,
    0xC3,0x10,0x41,0x08,0x62,0x08,0x62,0x08,0x62,0x08,0x62,0x08,0x62,0x08,0x62,0x08,0x62,0x08,0x62,0x08,0x62,0x08,0x62,0x08,
    0x62,0x08,0x62,0x08,0x62,0x08,0x61,0x08,0x82,0x10,0x45,0x21,0x66,0x29,0xC3,0x18,0x41,0x08,0x62,0x08,0x62,0x08,0x62,0x08,
    0x62,0x08,0x62,0x08,0x62,0x08,0x61,0x08,0x61,0x08,0x61,0x08,0x61,0x08,0x61,0x08,0x61,0x08,0x61,0x08,0x41,0x08,0x61,0x08,
    0x04,0x21,0x25,0x21,0xA2,0x10,0x41,0x08,0x61,0x08,0x61,0x08,0x61,0x08,0x61,0x08,0x61,0x08,0x41,0x08,0x41,0x08,0x41,0x08,
    0x41,0x08,0x41,0x08,0x41,0x08,0x41,0x08,0x41,0x08,0x41,0x08,0x41,0x08,0xE4,0x18,0xE4,0x18,0x82,0x10,0x41,0x00,0x41,0x08,
    0x41,0x08,0x41,0x08,0x41,0x08,0x41,0x08,0x41,0x08,0x41,0x08,0x41,0x08,0x41,0x08,0x41,0x08,0x41,0x08,0x41,0x08,0x41,0x08,
    0x21,0x00,0x41,0x08,0xA3,0x10,0xC3,0x10,0x61,0x08,0x20,0x00,0x21,0x00,0x21,0x00,0x21,0x00,0x21,0x00,0x21,0x00,0x21,0x00,
    0x21,0x00,0x20,0x00,0x20,0x00,0x20,0x00,0x20,0x00,0x20,0x00,0x20,0x00,0x20,0x00,0x20,0x00,0x61,0x08,0x82,0x10,0x61,0x08,
    0x20,0x00,0x20,0x00,0x20,0x00,0x20,0x00,0x20,0x00,0x20,0x00,0x20,0x00,0x20,0x00,0x20,0x00,0x20,0x00,0x20,0x00,0x20,0x00,
    0x61,0x08,0xA2,0x10,0x62,0x08,0x20,0x00,0x20,0x00,0x20,0x00,0x20,0x00,0x21,0x00,0x21,0x00,0x21,0x00,0x21,0x00,0x21,0x00,
    0x21,0x00,0x21,0x00,0x21,0x00,0x41,0x00,0x41,0x00,0x41,0x00,0x21,0x00,0x82,0x10,0xC3,0x18,0x82,0x10,0x21,0x00,0x41,0x08,
    0x41,0x08,0x41,0x08,0x41,0x08,0x41,0x08,0x41,0x08,0x41,0x08,0x41,0x08,0x41,0x08,0x41,0x08,0x41,0x08,0x41,0x08,0x41,0x08,
    0x41,0x08,0x41,0x08,0xC3,0x10,0x04,0x19,0xC3,0x10,0x41,0x08,0x41,0x08,0x41,0x08,0x41,0x08,0x41,0x08,0x41,0x08,0x61,0x08,
    0x61,0x08,0x61,0x08,0x61,0x08,0x61,0x08,0x61,0x08,0x61,0x08,0x61,0x08,0x61,0x08,0x41,0x08,0xA2,0x10,0x45,0x21,0x25,0x21,
    0x62,0x08,0x61,0x08,0x61,0x08,0x61,0x08,0x61,0x08,0x62,0x08,0x62,0x08,0x62,0x08,0x62,0x08,0x62,0x08,0x62,0x08,0x62,0x08,
    0x62,0x08,0x62,0x08,0x62,0x08,0x61,0x08,0xC3,0x10,0x66,0x29,0x45,0x21,0x82,0x10,0x62,0x08,0x62,0x08,0x62,0x08,0x62,0x08,
    0x62,0x08,0x62,0x08,0x62,0x08,0x62,0x08,0x62,0x08,0x62,0x08,0x62,0x08,0x62,0x08,0x62,0x08,0x62,0x08,0x61,0x08,0xC3,0x10,
    0x66,0x29,0x45,0x21,0x82,0x10,0x62,0x08,0x62,0x08,0x62,0x08,0x62,0x08,0x62,0x08,0x62,0x08,0x62,0x08,0x62,0x08,0x62,0x08,
    0x62,0x08,0x62,0x08,0x62,0x08,0x62,0x08,0x62,0x08,0x61,0x08,0xC3,0x10,0x66,0x29,0x45,0x21,0x82,0x10,0x62,0x08,0x62,0x08,
    0x62,0x08,0x62,0x08,0x62,0x08,0x62,0x08,0x62,0x08,0x62,0x08,0x62,0x08,0x62,0x08,0x62,0x08,0x62,0x08,0x62,0x08,0x62,0x08,
    0x61,0x08,0xC3,0x10,0x66,0x29,0x45,0x21,0x82,0x10,0x62,0x08,0x62,0x08,0x62,0x08,0x62,0x08,0x62,0x08,0x62,0x08,0x62,0x08,
    0x62,0x08,0x62,0x08,0x62,0x08,0x62,0x08,0x62,0x08,0x62,0x08,0x62,0x08,0x61,0x08,0xC3,0x10,0x66,0x29,0x45,0x21,0x82,0x10,
    0x62,0x08,0x62,0x08,0x62,0x08,0x62,0x08,0x62,0x08,0x62,0x08,0x62,0x08,0x62,0x08,0x62,0x08,0x62,0x08,0x62,0x08,0x62,0x08,
    0x62,0x08,0x62,0x08,0x61,0x08,0xC3,0x10,0x66,0x29,0x45,0x21,0x82,0x10,0x62,0x08,0x62,0x08,0x62,0x08,0x62,0x08,0x62,0x08,
    0x62,0x08,0x62,0x08,0x62,0x08,0x62,0x08,0x62,0x08,0x62,0x08,0x62,0x08,0x62,0x08,0x62,0x08,0x62,0x08,0x82,0x10,0x45,0x21,
    0x66,0x29,0xC3,0x10,0x61,0x08,0x62,0x08,0x62,0x08,0x62,0x08,0x62,0x08,0x62,0x08,0x62,0x08,0x62,0x08,0x62,0x08,0x62,0x08,
    0x62,0x08,0x62,0x08,0x62,0x08,0x62,0x08,0x62,0x08,0x82,0x10,0x45,0x21,0x66,0x29,0xC3,0x10,0x61,0x08,0x62,0x08,0x62,0x08,
    0x62,0x08,0x62,0x08,0x62,0x08,0x62,0x08,0x62,0x08,0x62,0x08,0x62,0x08,0x62,0x08,0x62,0x08,0x62,0x08,0x62,0x08,0x62,0x08,
    0x82,0x10,0x45,0x21,0x66,0x29,0xC3,0x10,0x61,0x08,0x62,0x08,0x62,0x08,0x62,0x08,0x62,0x08,0x62,0x08,0x62,0x08,0x61,0x08,
    0x61,0x08,0x61,0x08,0x61,0x08,0x61,0x08,0x61,0x08,0x61,0x08,0x61,0x08,0x62,0x08,0x04,0x21,0x25,0x21,0xA2,0x10,0x41,0x08,
    0x61,0x08,0x61,0x08,0x61,0x08,0x61,0x08,0x61,0x08,0x41,0x08,0x41,0x08,0x41,0x08,0x41,0x08,0x41,0x08,0x41,0x08,0x41,0x08,
    0x41,0x08,0x41,0x08,0x61,0x08,0xE4,0x18,0xE4,0x18,0x82,0x08,0x41,0x08,0x41,0x08,0x41,0x08,0x41,0x08,0x41,0x08,0x41,0x08,
    0x41,0x08,0x41,0x08,0x41,0x08,0x41,0x08,0x41,0x08,0x41,0x08,0x41,0x08,0x41,0x08,0x41,0x08,0x41,0x08,0xA3,0x10,0xC3,0x10,
    0x61,0x08,0x20,0x00,0x21,0x00,0x21,0x00,0x21,0x00,0x21,0x00,0x21,0x00,0x21,0x00,0x21,0x00,0x20,0x00,0x20,0x00,0x20,0x00,
    0x20,0x00,0x20,0x00,0x20,0x00,0x20,0x00,0x20,0x00,0x61,0x08,0x82,0x10,0x61,0x08,0x20,0x00,0x20,0x00,0x20,0x00,0x20,0x00,
    0x20,0x00,0x20,0x00,0x20,0x00,0x20,0x00,0x20,0x00,0x20,0x00,0x20,0x00,0x20,0x00,0x61,0x08,0xA2,0x10,0x62,0x08,0x20,0x00,
    0x20,0x00,0x20,0x00,0x20,0x00,0x21,0x00,0x21,0x00,0x21,0x00,0x21,0x00,0x21,0x00,0x21,0x00,0x21,0x00,0x21,0x00,0x41,0x00,
    0x41,0x00,0x41,0x00,0x21,0x00,0x82,0x10,0xC3,0x18,0x82,0x10,0x21,0x00,0x41,0x08,0x41,0x08,0x41,0x08,0x41,0x08,0x41,0x08,
    0x41,0x08,0x41,0x08,0x41,0x08,0x41,0x08,0x41,0x08,0x41,0x08,0x41,0x08,0x41,0x08,0x41,0x08,0x41,0x08,0xC3,0x10,0x04,0x19,
    0xC3,0x10,0x41,0x08,0x41,0x08,0x41,0x08,0x41,0x08,0x41,0x08,0x41,0x08,0x61,0x08,0x61,0x08,0x61,0x08,0x61,0x08,0x61,0x08,
    0x61,0x08,0x61,0x08,0x61,0x08,0x61,0x08,0x41,0x08,0xA2,0x10,0x45,0x21,0x25,0x21,0x62,0x08,0x61,0x08,0x61,0x08,0x61,0x08,
    0x61,0x08,0x62,0x08,0x62,0x08,0x62,0x08,0x62,0x08,0x62,0x08,0x62,0x08,0x62,0x08,0x62,0x08,0x62,0x08,0x62,0x08,0x61,0x08,
    0xC3,0x10,0x66,0x29,0x45,0x21,0x82,0x10,0x62,0x08,0x62,0x08,0x62,0x08,0x62,0x08,0x62,0x08,0x62,0x08,0x62,0x08,0x62,0x08,
    0x62,0x08,0x62,0x08,0x62,0x08,0x62,0x08,0x62,0x08,0x62,0x08,0x61,0x08,0xC3,0x10,0x66,0x29,0x45,0x21,0x82,0x10,0x62,0x08,
    0x62,0x08,0x62,0x08,0x62,0x08,0x62,0x08,0x62,0x08,0x62,0x08,0x62,0x08,0x62,0x08,0x62,0x08,0x62,0x08,0x62,0x08,0x62,0x08,
    0x62,0x08,0x61,0x08,0xC3,0x10,0x66,0x29,0x45,0x21,0x82,0x10,0x62,0x08,0x62,0x08,0x62,0x08,0x62,0x08,0x62,0x08,0x62,0x08,
    0x62,0x08,0x62,0x08,0x62,0x08,0x62,0x08,0x62,0x08,0x62,0x08,0x62,0x08,0x62,0x08,0x61,0x08,0xC3,0x10,0x66,0x29,0x45,0x21,
    0x82,0x10,0x62,0x08,0x62,0x08,0x62,0x08,0x62,0x08,0x62,0x08,0x62,0x08,0x62,0x08,0x62,0x08,0x62,0x08,0x62,0x08,0x62,0x08,
    0x62,0x08,0x62,0x08,0x62,0x08,0x61,0x08,0xC3,0x10,0x66,0x29,0x45,0x21,0x82,0x10,0x62,0x08,0x62,0x08,0x62,0x08,0x62,0x08,
    0x62,0x08,0x62,0x08,0x62,0x08,0x62,0x08,0x62,0x08,0x62,0x08,0x62,0x08,0x62,0x08,0x62,0x08,0x62,0x08,0x61,0x08,0xC3,0x10,
    0x66,0x29,0x45,0x21,0x82,0x10,0x62,0x08,0x62,0x08,0x62,0x08,0x62,0x08,0x62,0x08,0x62,0x08,0x62,0x08,0x62,0x08,0x62,0x08,
    0x62,0x08,0x62,0x08,0x62,0x08,0x62,0x08,0x62,0x08,0x62,0x08,0x82,0x10,0x45,0x21,0x66,0x29,0xC3,0x10,0x61,0x08,0x62,0x08,
    0x62,0x08,0x62,0x08,0x62,0x08,0x62,0x08,0x62,0x08,0x62,0x08,0x62,0x08,0x62,0x08,0x62,0x08,0x62,0x08,0x62,0x08,0x62,0x08,
    0x62,0x08,0x82,0x10,0x45,0x21,0x66,0x29,0xC3,0x10,0x61,0x08,0x62,0x08,0x62,0x08,0x62,0x08,0x62,0x08,0x62,0x08,0x62,0x08,
    0x62,0x08,0x62,0x08,0x62,0x08,0x62,0x08,0x62,0x08,0x62,0x08,0x62,0x08,0x62,0x08,0x82,0x10,0x45,0x21,0x66,0x29,0xC3,0x10,
    0x61,0x08,0x62,0x08,0x62,0x08,0x62,0x08,0x62,0x08,0x62,0x08,0x62,0x08,0x61,0x08,0x61,0x08,0x61,0x08,0x61,0x08,0x61,0x08,
    0x61,0x08,0x61,0x08,0x61,0x08,0x62,0x08,0x04,0x21,0x25,0x21,0xA2,0x10,0x41,0x08,0x61,0x08,0x61,0x08,0x61,0x08,0x61,0x08,
    0x61,0x08,0x41,0x08,0x41,0x08,0x41,0x08,0x41,0x08,0x41,0x08,0x41,0x08,0x41,0x08,0x41,0x08,0x41,0x08,0x61,0x08,0xE4,0x18,
    0xE4,0x18,0x82,0x08,0x41,0x08,0x41,0x08,0x41,0x08,0x41,0x08,0x41,0x08,0x41,0x08,0x41,0x08,0x41,0x08,0x41,0x08,0x41,0x08,
    0x41,0x08,0x41,0x08,0x41,0x08,0x41,0x08,0x41,0x08,0x41,0x08,0xA3,0x10,0xC3,0x10,0x61,0x08,0x20,0x00,0x21,0x00,0x21,0x00,
    0x21,0x00,0x21,0x00,0x21,0x00,0x21,0x00,0x21,0x00,0x20,0x00,0x20,0x00,0x20,0x00,0x20,0x00,0x20,0x00,0x20,0x00,0x20,0x00,
    0x20,0x00,0x61,0x08,0x82,0x10,0x61,0x08,0x20,0x00,0x20,0x00,0x20,0x00,0x20,0x00,0x20,0x00,0x20,0x00,0x20,0x00,0x20,0x00,
    0x20,0x00,0x20,0x00,0x20,0x00,0x20,0x00,0x61,0x08,0xA2,0x10,0x62,0x08,0x20,0x00,0x20,0x00,0x20,0x00,0x20,0x00,0x21,0x00,
    0x21,0x00,0x21,0x00,0x21,0x00,0x21,0x00,0x21,0x00,0x21,0x00,0x21,0x00,0x41,0x00,0x41,0x00,0x41,0x00,0x21,0x00,0x82,0x10,
    0xC3,0x18,0x82,0x10,0x21,0x00,0x41,0x08,0x41,0x08,0x41,0x08,0x41,0x08,0x41,0x08,0x41,0x08,0x41,0x08,0x41,0x08,0x41,0x08,
    0x41,0x08,0x41,0x08,0x41,0x08,0x41,0x08,0x41,0x08,0x41,0x08,0xC3,0x10,0x04,0x19,0xC3,0x10,0x41,0x08,0x41,0x08,0x41,0x08,
    0x41,0x08,0x41,0x08,0x41,0x08,0x61,0x08,0x61,0x08,0x61,0x08,0x61,0x08,0x61,0x08,0x61,0x08,0x61,0x08,0x61,0x08,0x61,0x08,
    0x41,0x08,0xA2,0x10,0x45,0x21,0x25,0x21,0x62,0x08,0x61,0x08,0x61,0x08,0x61,0x08,0x61,0x08,0x62,0x08,0x62,0x08,0x62,0x08,
    0x62,0x08,0x62,0x08,0x62,0x08,0x62,0x08,0x62,0x08,0x62,0x08,0x62,0x08,0x61,0x08,0xC3,0x10,0x66,0x29,0x45,0x21,0x82,0x10,
    0x62,0x08,0x62,0x08,0x62,0x08,0x62,0x08,0x62,0x08,0x62,0x08,0x62,0x08,0x62,0x08,0x62,0x08,0x62,0x08,0x62,0x08,0x62,0x08,
    0x62,0x08,0x62,0x08,0x61,0x08,0xC3,0x10,0x66,0x29,0x45,0x21,0x82,0x10,0x62,0x08,0x62,0x08,0x62,0x08,0x62,0x08,0x62,0x08,
    0x62,0x08,0x62,0x08,0x62,0x08,0x62,0x08,0x62,0x08,0x62,0x08,0x62,0x08,0x62,0x08,0x62,0x08,0x61,0x08,0xC3,0x10,0x66,0x29,
    0x45,0x21,0x82,0x10,0x62,0x08,0x62,0x08,0x62,0x08,0x62,0x08,0x62,0x08,0x62,0x08,0x62,0x08,0x62,0x08,0x62,0x08,0x62,0x08,
    0x62,0x08,0x62,0x08,0x62,0x08,0x62,0x08,0x61,0x08,0xC3,0x10,0x66,0x29,0x45,0x21,0x82,0x10,0x62,0x08,0x62,0x08,0x62,0x08,
    0x62,0x08,0x62,0x08,0x62,0x08,0x62,0x08,0x62,0x08,0x62,0x08,0x62,0x08,0x62,0x08,0x62,0x08,0x62,0x08,0x62,0x08,0x61,0x08,
    0xC3,0x10,0x66,0x29,0x45,0x21,0x82,0x10,0x62,0x08,0x62,0x08,0x62,0x08,0x62,0x08,0x62,0x08,0x62,0x08,0x62,0x08,0x62,0x08,
    0x62,0x08,0x62,0x08,0x62,0x08,0x62,0x08,0x62,0x08,0x62,0x08,0x61,0x08,0xC3,0x10,0x66,0x29,0x45,0x21,0x82,0x10,0x62,0x08,
    0x62,0x08,0x62,0x08,0x62,0x08,0x62,0x08,0x62,0x08,0x62,0x08,0x62,0x08,0x62,0x08,0x62,0x08,0x62,0x08,0x62,0x08,0x62,0x08,
    0x62,0x08,0x62,0x08,0x82,0x10,0x45,0x21,0x66,0x29,0xC3,0x10,0x61,0x08,0x62,0x08,0x62,0x08,0x62,0x08,0x62,0x08,0x62,0x08,
    0x62,0x08,0x62,0x08,0x62,0x08,0x62,0x08,0x62,0x08,0x62,0x08,0x62,0x08,0x62,0x08,0x62,0x08,0x82,0x10,0x45,0x21,0x66,0x29,
    0xC3,0x10,0x61,0x08,0x62,0x08,0x62,0x08,0x62,0x08,0x62,0x08,0x62,0x08,0x62,0x08,0x62,0x08,0x62,0x08,0x62,0x08,0x62,0x08,
    0x62,0x08,0x62,0x08,0x62,0x08,0x62,0x08,0x82,0x10,0x45,0x21,0x66,0x29,0xC3,0x10,0x61,0x08,0x62,0x08,0x62,0x08,0x62,0x08,
    0x62,0x08,0x62,0x08,0x62,0x08,0x61,0x08,0x61,0x08,0x61,0x08,0x61,0x08,0x61,0x08,0x61,0x08,0x61,0x08,0x61,0x08,0x62,0x08,
    0x04,0x21,0x25,0x21,0xA2,0x10,0x41,0x08,0x61,0x08,0x61,0x08,0x61,0x08,0x61,0x08,0x61,0x08,0x41,0x08,0x41,0x08,0x41,0x08,
    0x41,0x08,0x41,0x08,0x41,0x08,0x41,0x08,0x41,0x08,0x41,0x08,0x61,0x08,0xE4,0x18,0xE4,0x18,0x82,0x08,0x41,0x08,0x41,0x08,
    0x41,0x08,0x41,0x08,0x41,0x08,0x41,0x08,0x41,0x08,0x41,0x08,0x41,0x08,0x41,0x08,0x41,0x08,0x41,0x08,0x41,0x08,0x41,0x08,
    0x41,0x08,0x41,0x08,0xA3,0x10,0xC3,0x10,0x61,0x08,0x20,0x00,0x21,0x00,0x21,0x00,0x21,0x00,0x21,0x00,0x21,0x00,0x21,0x00,
    0x21,0x00,0x20,0x00,0x20,0x00,0x20,0x00,0x20,0x00,0x20,0x00,0x20,0x00,0x20,0x00,0x20,0x00,0x61,0x08,0x82,0x10,0x61,0x08,
    0x20,0x00,0x20,0x00,0x20,0x00,0x20,0x00,0x20,0x00,0x20,0x00,0x20,0x00,0x20,0x00,0x20,0x00,0x20,0x00,0x20,0x00,0x20,0x00,
    0x61,0x08,0xA2,0x10,0x62,0x08,0x20,0x00,0x20,0x00,0x20,0x00,0x20,0x00,0x21,0x00,0x21,0x00,0x21,0x00,0x21,0x00,0x21,0x00,
    0x21,0x00,0x21,0x00,0x21,0x00,0x41,0x00,0x41,0x00,0x41,0x00,0x21,0x00,0x82,0x10,0xC3,0x18,0x82,0x10,0x21,0x00,0x41,0x08,
    0x41,0x08,0x41,0x08,0x41,0x08,0x41,0x08,0x41,0x08,0x41,0x08,0x41,0x08,0x41,0x08,0x41,0x08,0x41,0x08,0x41,0x08,0x41,0x08,
    0x41,0x08,0x41,0x08,0xC3,0x10,0x04,0x19,0xC3,0x10,0x41,0x08,0x41,0x08,0x41,0x08,0x41,0x08,0x41,0x08,0x41,0x08,0x61,0x08,
    0x61,0x08,0x61,0x08,0x61,0x08,0x61,0x08,0x61,0x08,0x61,0x08,0x61,0x08,0x61,0x08,0x41,0x08,0xA2,0x10,0x45,0x21,0x25,0x21,
    0x62,0x08,0x61,0x08,0x61,0x08,0x61,0x08,0x61,0x08,0x62,0x08,0x62,0x08,0x62,0x08,0x62,0x08,0x62,0x08,0x62,0x08,0x62,0x08,
    0x62,0x08,0x62,0x08,0x62,0x08,0x61,0x08,0xC3,0x10,0x66,0x29,0x45,0x21,0x82,0x10,0x62,0x08,0x62,0x08,0x62,0x08,0x62,0x08,
    0x62,0x08,0x62,0x08,0x62,0x08,0x62,0x08,0x62,0x08,0x62,0x08,0x62,0x08,0x62,0x08,0x62,0x08,0x62,0x08,0x61,0x08,0xC3,0x10,
    0x66,0x29,0x45,0x21,0x82,0x10,0x62,0x08,0x62,0x08,0x62,0x08,0x62,0x08,0x62,0x08,0x62,0x08,0x62,0x08,0x62,0x08,0x62,0x08,
    0x62,0x08,0x62,0x08,0x62,0x08,0x62,0x08,0x62,0x08,0x61,0x08,0xC3,0x10,0x66,0x29,0x45,0x21,0x82,0x10,0x62,0x08,0x62,0x08,
    0x62,0x08,0x62,0x08,0x62,0x08,0x62,0x08,0x62,0x08,0x62,0x08,0x62,0x08,0x62,0x08,0x62,0x08,0x62,0x08,0x62,0x08,0x62,0x08,
    0x61,0x08,0xC3,0x10,0x66,0x29,0x45,0x21,0x82,0x10,0x62,0x08,0x62,0x08,0x62,0x08,0x62,0x08,0x62,0x08,0x62,0x08,0x62,0x08,
    0x62,0x08,0x62,0x08,0x62,0x08,0x62,0x08,0x62,0x08,0x62,0x08,0x62,0x08,0x61,0x08,0xC3,0x10,0x66,0x29,0x45,0x21,0x82,0x10,
    0x62,0x08,0x62,0x08,0x62,0x08,0x62,0x08,0x62,0x08,0x62,0x08,0x62,0x08,0x62,0x08,0x62,0x08,0x62,0x08,0x62,0x08,0x62,0x08,
    0x62,0x08,0x62,0x08,0x61,0x08,0xC3,0x10,0x66,0x29,0x45,0x21,0x82,0x10,0x62,0x08,0x62,0x08,0x62,0x08,0x62,0x08,0x62,0x08,
    0x62,0x08,0x62,0x08,0x62,0x08,0x62,0x08,0x62,0x08,0x62,0x08,0x62,0x08,0x62,0x08,0x62,0x08,0x62,0x08,0x82,0x10,0x45,0x21,
    0x66,0x29,0xC3,0x10,0x61,0x08,0x62,0x08,0x62,0x08,0x62,0x08,0x62,0x08,0x62,0x08,0x62,0x08,0x62,0x08,0x62,0x08,0x62,0x08,
    0x62,0x08,0x62,0x08,0x62,0x08,0x62,0x08,0x62,0x08,0x82,0x10,0x45,0x21,0x66,0x29,0xC3,0x10,0x61,0x08,0x62,0x08,0x62,0x08,
    0x62,0x08,0x62,0x08,0x62,0x08,0x62,0x08,0x62,0x08,0x62,0x08,0x62,0x08,0x62,0x08,0x62,0x08,0x62,0x08,0x62,0x08,0x62,0x08,
    0x82,0x10,0x45,0x21,0x66,0x29,0xC3,0x10,0x61,0x08,0x62,0x08,0x62,0x08,0x62,0x08,0x62,0x08,0x62,0x08,0x62,0x08,0x61,0x08,
    0x61,0x08,0x61,0x08,0x61,0x08,0x61,0x08,0x61,0x08,0x61,0x08,0x61,0x08,0x62,0x08,0x04,0x21,0x25,0x21,0xA2,0x10,0x41,0x08,
    0x61,0x08,0x61,0x08,0x61,0x08,0x61,0x08,0x61,0x08,0x41,0x08,0x41,0x08,0x41,0x08,0x41,0x08,0x41,0x08,0x41,0x08,0x41,0x08,
    0x41,0x08,0x41,0x08,0x61,0x08,0xE4,0x18,0xE4,0x18,0x82,0x08,0x41,0x08,0x41,0x08,0x41,0x08,0x41,0x08,0x41,0x08,0x41,0x08,
    0x41,0x08,0x41,0x08,0x41,0x08,0x41,0x08,0x41,0x08,0x41,0x08,0x41,0x08,0x41,0x08,0x41,0x08,0x41,0x08,0xA3,0x10,0xC3,0x10,
    0x61,0x08,0x20,0x00,0x21,0x00,0x21,0x00,0x21,0x00,0x21,0x00,0x21,0x00,0x21,0x00,0x21,0x00,0x20,0x00,0x20,0x00,0x20,0x00,
    0x20,0x00,0x20,0x00,0x20,0x00,0x20,0x00,0x20,0x00,0x61,0x08,0x82,0x10,0x61,0x08,0x20,0x00,0x20,0x00,0x20,0x00,0x20,0x00,
    0x20,0x00,0x20,0x00,0x20,0x00,0x20,0x00,0x20,0x00,0x20,0x00,0x20,0x00,0x20,0x00,0x61,0x08,0xA2,0x10,0x62,0x08,0x20,0x00,
    0x20,0x00,0x20,0x00,0x20,0x00,0x21,0x00,0x21,0x00,0x21,0x00,0x21,0x00,0x21,0x00,0x21,0x00,0x21,0x00,0x21,0x00,0x41,0x00,
    0x41,0x00,0x41,0x00,0x21,0x00,0x82,0x10,0xC3,0x18,0x82,0x10,0x21,0x00,0x41,0x08,0x41,0x08,0x41,0x08,0x41,0x08,0x41,0x08,
    0x41,0x08,0x41,0x08,0x41,0x08,0x41,0x08,0x41,0x08,0x41,0x08,0x41,0x08,0x41,0x08,0x41,0x08,0x41,0x08,0xC3,0x10,0x04,0x19,
    0xC3,0x10,0x41,0x08,0x41,0x08,0x41,0x08,0x41,0x08,0x41,0x08,0x41,0x08,0x61,0x08,0x61,0x08,0x61,0x08,0x61,0x08,0x61,0x08,
    0x61,0x08,0x61,0x08,0x61,0x08,0x61,0x08,0x41,0x08,0xA2,0x10,0x45,0x21,0x25,0x21,0x62,0x08,0x61,0x08,0x61,0x08,0x61,0x08,
    0x61,0x08,0x62,0x08,0x62,0x08,0x62,0x08,0x62,0x08,0x62,0x08,0x62,0x08,0x62,0x08,0x62,0x08,0x62,0x08,0x62,0x08,0x61,0x08,
    0xC3,0x10,0x66,0x29,0x45,0x21,0x82,0x10,0x62,0x08,0x62,0x08,0x62,0x08,0x62,0x08,0x62,0x08,0x62,0x08,0x62,0x08,0x62,0x08,
    0x62,0x08,0x62,0x08,0x62,0x08,0x62,0x08,0x62,0x08,0x62,0x08,0x61,0x08,0xC3,0x10,0x66,0x29,0x45,0x21,0x82,0x10,0x62,0x08,
    0x62,0x08,0x62,0x08,0x62,0x08,0x62,0x08,0x62,0x08,0x62,0x08,0x62,0x08,0x62,0x08,0x62,0x08,0x62,0x08,0x62,0x08,0x62,0x08,
    0x62,0x08,0x61,0x08,0xC3,0x10,0x66,0x29,0x45,0x21,0x82,0x10,0x62,0x08,0x62,0x08,0x62,0x08,0x62,0x08,0x62,0x08,0x62,0x08,
    0x62,0x08,0x62,0x08,0x62,0x08,0x62,0x08,0x62,0x08,0x62,0x08,0x62,0x08,0x62,0x08,0x61,0x08,0xC3,0x10,0x66,0x29,0x45,0x21,
    0x82,0x10,0x62,0x08,0x62,0x08,0x62,0x08,0x62,0x08,0x62,0x08,0x62,0x08,0x62,0x08,0x62,0x08,0x62,0x08,0x62,0x08,0x62,0x08,
    0x62,0x08,0x62,0x08,0x62,0x08,0x61,0x08,0xC3,0x10,0x66,0x29,0x45,0x21,0x82,0x10,0x62,0x08,0x62,0x08,0x62,0x08,0x62,0x08,
    0x62,0x08,0x62,0x08,0x62,0x08,0x62,0x08,0x62,0x08,0x62,0x08,0x62,0x08,0x62,0x08,0x62,0x08,0x62,0x08,0x61,0x08,0xC3,0x10,
    0x66,0x29,0x45,0x21,0x82,0x10,0x62,0x08,0x62,0x08,0x62,0x08,0x62,0x08,0x62,0x08,0x62,0x08,0x62,0x08,0x62,0x08,0x62,0x08,
    0x62,0x08,0x62,0x08,0x62,0x08,0x62,0x08,0x62,0x08,0x62,0x08,0x82,0x10,0x45,0x21,0x66,0x29,0xC3,0x10,0x61,0x08,0x62,0x08,
    0x62,0x08,0x62,0x08,0x62,0x08,0x62,0x08,0x62,0x08,0x62,0x08,0x62,0x08,0x62,0x08,0x62,0x08,0x62,0x08,0x62,0x08,0x62,0x08,
    0x62,0x08,0x82,0x10,0x45,0x21,0x66,0x29,0xC3,0x10,0x61,0x08,0x62,0x08,0x62,0x08,0x62,0x08,0x62,0x08,0x62,0x08,0x62,0x08,
    0x62,0x08,0x62,0x08,0x62,0x08,0x62,0x08,0x62,0x08,0x62,0x08,0x62,0x08,0x62,0x08,0x82,0x10,0x45,0x21,0x66,0x29,0xC3,0x10,
    0x61,0x08,0x62,0x08,0x62,0x08,0x62,0x08,0x62,0x08,0x62,0x08,0x62,0x08,0x61,0x08,0x61,0x08,0x61,0x08,0x61,0x08,0x61,0x08,
    0x61,0x08,0x61,0x08,0x61,0x08,0x62,0x08,0x04,0x21,0x25,0x21,0xA2,0x10,0x41,0x08,0x61,0x08,0x61,0x08,0x61,0x08,0x61,0x08,
    0x61,0x08,0x41,0x08,0x41,0x08,0x41,0x08,0x41,0x08,0x41,0x08,0x41,0x08,0x41,0x08,0x41,0x08,0x41,0x08,0x61,0x08,0xE4,0x18,
    0xE4,0x18,0x82,0x08,0x41,0x08,0x41,0x08,0x41,0x08,0x41,0x08,0x41,0x08,0x41,0x08,0x41,0x08,0x41,0x08,0x41,0x08,0x41,0x08,
    0x41,0x08,0x41,0x08,0x41,0x08,0x41,0x08,0x41,0x08,0x41,0x08,0xA3,0x10,0xC3,0x10,0x61,0x08,0x20,0x00,0x21,0x00,0x21,0x00,
    0x21,0x00,0x21,0x00,0x21,0x00,0x21,0x00,0x21,0x00,0x20,0x00,0x20,0x00,0x20,0x00,0x20,0x00,0x20,0x00,0x20,0x00,0x20,0x00,
    0x20,0x00,0x61,0x08,0x82,0x10,0x61,0x08,0x20,0x00,0x20,0x00,0x20,0x00,0x20,0x00,0x20,0x00,0x20,0x00,0x20,0x00,0x20,0x00,
    0x20,0x00,0x20,0x00,0x20,0x00,0x20,0x00,0x61,0x08,0xA2,0x10,0x62,0x08,0x20,0x00,0x20,0x00,0x20,0x00,0x20,0x00,0x21,0x00,
    0x21,0x00,0x21,0x00,0x21,0x00,0x21,0x00,0x21,0x00,0x21,0x00,0x21,0x00,0x41,0x00,0x41,0x00,0x41,0x00,0x21,0x00,0x82,0x10,
    0xC3,0x18,0x82,0x10,0x21,0x00,0x41,0x08,0x41,0x08,0x41,0x08,0x41,0x08,0x41,0x08,0x41,0x08,0x41,0x08,0x41,0x08,0x41,0x08,
    0x41,0x08,0x41,0x08,0x41,0x08,0x41,0x08,0x41,0x08,0x41,0x08,0xC3,0x10,0x04,0x19,0xC3,0x10,0x41,0x08,0x41,0x08,0x41,0x08,
    0x41,0x08,0x41,0x08,0x41,0x08,0x61,0x08,0x61,0x08,0x61,0x08,0x61,0x08,0x61,0x08,0x61,0x08,0x61,0x08,0x61,0x08,0x61,0x08,
    0x41,0x08,0xA2,0x10,0x45,0x21,0x25,0x21,0x62,0x08,0x61,0x08,0x61,0x08,0x61,0x08,0x61,0x08,0x62,0x08,0x62,0x08,0x62,0x08,
    0x62,0x08,0x62,0x08,0x62,0x08,0x62,0x08,0x62,0x08,0x62,0x08,0x62,0x08,0x61,0x08,0xC3,0x10,0x66,0x29,0x45,0x21,0x82,0x10,
    0x62,0x08,0x62,0x08,0x62,0x08,0x62,0x08,0x62,0x08,0x62,0x08,0x62,0x08,0x62,0x08,0x62,0x08,0x62,0x08,0x62,0x08,0x62,0x08,
    0x62,0x08,0x62,0x08,0x61,0x08,0xC3,0x10,0x66,0x29,0x45,0x21,0x82,0x10,0x62,0x08,0x62,0x08,0x62,0x08,0x62,0x08,0x62,0x08,
    0x62,0x08,0x62,0x08,0x62,0x08,0x62,0x08,0x62,0x08,0x62,0x08,0x62,0x08,0x62,0x08,0x62,0x08,0x61,0x08,0xC3,0x10,0x66,0x29,
    0x45,0x21,0x82,0x10,0x62,0x08,0x62,0x08,0x62,0x08,0x62,0x08,0x62,0x08,0x62,0x08,0x62,0x08,0x62,0x08,0x62,0x08,0x62,0x08,
    0x62,0x08,0x62,0x08,0x62,0x08,0x62,0x08,0x61,0x08,0xC3,0x10,0x66,0x29,0x45,0x21,0x82,0x10,0x62,0x08,0x62,0x08,0x62,0x08,
    0x62,0x08,0x62,0x08,0x62,0x08,0x62,0x08,0x62,0x08,0x62,0x08,0x62,0x08,0x62,0x08,0x62,0x08,0x62,0x08,0x62,0x08,0x61,0x08,
    0xC3,0x10,0x66,0x29,0x45,0x21,0x82,0x10,0x62,0x08,0x62,0x08,0x62,0x08,0x62,0x08,0x62,0x08,0x62,0x08,0x62,0x08,0x62,0x08,
    0x62,0x08,0x62,0x08,0x62,0x08,0x62,0x08,0x62,0x08,0x62,0x08,0x61,0x08,0xC3,0x10,0x66,0x29,0x45,0x21,0x82,0x10,0x62,0x08,
    0x62,0x08,0x62,0x08,0x62,0x08,0x62,0x08,0x62,0x08,0x62,0x08,0x62,0x08,0x62,0x08,0x62,0x08,0x62,0x08,0x62,0x08,0x62,0x08,
    0x62,0x08,0x62,0x08,0x82,0x10,0x45,0x21,0x66,0x29,0xC3,0x10,0x61,0x08,0x62,0x08,0x62,0x08,0x62,0x08,0x62,0x08,0x62,0x08,
    0x62,0x08,0x62,0x08,0x62,0x08,0x62,0x08,0x62,0x08,0x62,0x08,0x62,0x08,0x62,0x08,0x62,0x08,0x82,0x10,0x45,0x21,0x66,0x29,
    0xC3,0x10,0x61,0x08,0x62,0x08,0x62,0x08,0x62,0x08,0x62,0x08,0x62,0x08,0x62,0x08,0x62,0x08,0x62,0x08,0x62,0x08,0x62,0x08,
    0x62,0x08,0x62,0x08,0x62,0x08,0x62,0x08,0x82,0x10,0x45,0x21,0x66,0x29,0xC3,0x10,0x61,0x08,0x62,0x08,0x62,0x08,0x62,0x08,
    0x62,0x08,0x62,0x08,0x62,0x08,0x61,0x08,0x61,0x08,0x61,0x08,0x61,0x08,0x61,0x08,0x61,0x08,0x61,0x08,0x61,0x08,0x62,0x08,
    0x04,0x21,0x25,0x21,0xA2,0x10,0x41,0x08,0x61,0x08,0x61,0x08,0x61,0x08,0x61,0x08,0x61,0x08,0x41,0x08,0x41,0x08,0x41,0x08,
    0x41,0x08,0x41,0x08,0x41,0x08,0x41,0x08,0x41,0x08,0x41,0x08,0x61,0x08,0xE4,0x18,0xE4,0x18,0x82,0x08,0x41,0x08,0x41,0x08,
    0x41,0x08,0x41,0x08,0x41,0x08,0x41,0x08,0x41,0x08,0x41,0x08,0x41,0x08,0x41,0x08,0x41,0x08,0x41,0x08,0x41,0x08,0x41,0x08,
    0x41,0x08,0x41,0x08,0xA3,0x10,0xC3,0x10,0x61,0x08,0x20,0x00,0x21,0x00,0x21,0x00,0x21,0x00,0x21,0x00,0x21,0x00,0x21,0x00,
    0x21,0x00,0x20,0x00,0x20,0x00,0x20,0x00,0x20,0x00,0x20,0x00,0x20,0x00,0x20,0x00,0x20,0x00,0x61,0x08,0x82,0x10,0x61,0x08,
    0x20,0x00,0x20,0x00,0x20,0x00,0x20,0x00,0x20,0x00,0x20,0x00,0x20,0x00,0x20,0x00,0x20,0x00,0x20,0x00,0x20,0x00,0x20,0x00,
    0x61,0x08,0xA2,0x10,0x62,0x08,0x20,0x00,0x20,0x00,0x20,0x00,0x20,0x00,0x21,0x00,0x21,0x00,0x21,0x00,0x21,0x00,0x21,0x00,
    0x21,0x00,0x21,0x00,0x21,0x00,0x41,0x00,0x41,0x00,0x41,0x00,0x21,0x00,0x82,0x10,0xC3,0x18,0x82,0x10,0x21,0x00,0x41,0x08,
    0x41,0x08,0x41,0x08,0x41,0x08,0x41,0x08,0x41,0x08,0x41,0x08,0x41,0x08,0x41,0x08,0x41,0x08,0x41,0x08,0x41,0x08,0x41,0x08,
    0x41,0x08,0x41,0x08,0xC3,0x10,0x04,0x19,0xC3,0x10,0x41,0x08,0x41,0x08,0x41,0x08,0x41,0x08,0x41,0x08,0x41,0x08,0x61,0x08,
    0x61,0x08,0x61,0x08,0x61,0x08,0x61,0x08,0x61,0x08,0x61,0x08,0x61,0x08,0x61,0x08,0x41,0x08,0xA2,0x10,0x45,0x21,0x25,0x21,
    0x62,0x08,0x61,0x08,0x61,0x08,0x61,0x08,0x61,0x08,0x62,0x08,0x62,0x08,0x62,0x08,0x62,0x08,0x62,0x08,0x62,0x08,0x62,0x08,
    0x62,0x08,0x62,0x08,0x62,0x08,0x61,0x08,0xC3,0x10,0x66,0x29,0x45,0x21,0x82,0x10,0x62,0x08,0x62,0x08,0x62,0x08,0x62,0x08,
    0x62,0x08,0x62,0x08,0x62,0x08,0x62,0x08,0x62,0x08,0x62,0x08,0x62,0x08,0x62,0x08,0x62,0x08,0x62,0x08,0x61,0x08,0xC3,0x10,
    0x66,0x29,0x45,0x21,0x82,0x10,0x62,0x08,0x62,0x08,0x62,0x08,0x62,0x08,0x62,0x08,0x62,0x08,0x62,0x08,0x62,0x08,0x62,0x08,
    0x62,0x08,0x62,0x08,0x62,0x08,0x62,0x08,0x62,0x08,0x61,0x08,0xC3,0x10,0x66,0x29,0x45,0x21,0x82,0x10,0x62,0x08,0x62,0x08,
    0x62,0x08,0x62,0x08,0x62,0x08,0x62,0x08,0x62,0x08,0x62,0x08,0x62,0x08,0x62,0x08,0x62,0x08,0x62,0x08,0x62,0x08,0x62,0x08,
    0x61,0x08,0xC3,0x10,0x66,0x29,0x45,0x21,0x82,0x10,0x62,0x08,0x62,0x08,0x62,0x08,0x62,0x08,0x62,0x08,0x62,0x08,0x62,0x08,
    0x62,0x08,0x62,0x08,0x62,0x08,0x62,0x08,0x62,0x08,0x62,0x08,0x62,0x08,0x61,0x08,0xC3,0x10,0x66,0x29,0x45,0x21,0x82,0x10,
    0x62,0x08,0x62,0x08,0x62,0x08,0x62,0x08,0x62,0x08,0x62,0x08,0x62,0x08,0x62,0x08,0x62,0x08,0x62,0x08,0x62,0x08,0x62,0x08,
    0x62,0x08,0x62,0x08,0x61,0x08,0xC3,0x10,0x66,0x29,0x45,0x21,0x82,0x10,0x62,0x08,0x62,0x08,0x62,0x08,0x62,0x08,0x62,0x08,
    0x62,0x08,0x62,0x08,0x62,0x08,0x62,0x08,0x62,0x08,0x62,0x08,0x62,0x08,0x62,0x08,0x62,0x08,0x62,0x08,0x82,0x10,0x45,0x21,
    0x66,0x29,0xC3,0x10,0x61,0x08,0x62,0x08,0x62,0x08,0x62,0x08,0x62,0x08,0x62,0x08,0x62,0x08,0x62,0x08,0x62,0x08,0x62,0x08,
    0x62,0x08,0x62,0x08,0x62,0x08,0x62,0x08,0x62,0x08,0x82,0x10,0x45,0x21,0x66,0x29,0xC3,0x10,0x61,0x08,0x62,0x08,0x62,0x08,
    0x62,0x08,0x62,0x08,0x62,0x08,0x62,0x08,0x62,0x08,0x62,0x08,0x62,0x08,0x62,0x08,0x62,0x08,0x62,0x08,0x62,0x08,0x62,0x08,
    0x82,0x10,0x45,0x21,0x66,0x29,0xC3,0x10,0x61,0x08,0x62,0x08,0x62,0x08,0x62,0x08,0x62,0x08,0x62,0x08,0x62,0x08,0x61,0x08,
    0x61,0x08,0x61,0x08,0x61,0x08,0x61,0x08,0x61,0x08,0x61,0x08,0x61,0x08,0x62,0x08,0x04,0x21,0x25,0x21,0xA2,0x10,0x41,0x08,
    0x61,0x08,0x61,0x08,0x61,0x08,0x61,0x08,0x61,0x08,0x41,0x08,0x41,0x08,0x41,0x08,0x41,0x08,0x41,0x08,0x41,0x08,0x41,0x08,
    0x41,0x08,0x41,0x08,0x61,0x08,0xE4,0x18,0xE4,0x18,0x82,0x08,0x41,0x08,0x41,0x08,0x41,0x08,0x41,0x08,0x41,0x08,0x41,0x08,
    0x41,0x08,0x41,0x08,0x41,0x08,0x41,0x08,0x41,0x08,0x41,0x08,0x41,0x08,0x41,0x08,0x41,0x08,0x41,0x08,0xA3,0x10,0xC3,0x10,
    0x61,0x08,0x20,0x00,0x21,0x00,0x21,0x00,0x21,0x00,0x21,0x00,0x21,0x00,0x21,0x00,0x21,0x00,0x20,0x00,0x20,0x00,0x20,0x00,
    0x20,0x00,0x20,0x00,0x20,0x00,0x20,0x00,0x20,0x00,0x61,0x08,0x82,0x10,0x61,0x08,0x20,0x00,0x20,0x00,0x20,0x00,0x20,0x00,
    0x20,0x00,0x20,0x00,0x20,0x00,0x20,0x00,0x20,0x00,0x20,0x00,0x20,0x00,0x20,0x00,0x61,0x08,0xA2,0x10,0x61,0x08,0x20,0x00,
    0x20,0x00,0x20,0x00,0x20,0x00,0x21,0x00,0x21,0x00,0x21,0x00,0x21,0x00,0x21,0x00,0x21,0x00,0x21,0x00,0x21,0x00,0x41,0x00,
    0x41,0x00,0x41,0x00,0x21,0x00,0x82,0x10,0xC3,0x18,0x82,0x10,0x21,0x00,0x41,0x08,0x41,0x08,0x41,0x08,0x41,0x08,0x41,0x08,
    0x41,0x08,0x41,0x08,0x41,0x08,0x41,0x08,0x41,0x08,0x41,0x08,0x41,0x08,0x41,0x08,0x41,0x08,0x41,0x08,0xA3,0x10,0x04,0x19,
    0xA3,0x10,0x41,0x08,0x41,0x08,0x41,0x08,0x41,0x08,0x41,0x08,0x41,0x08,0x61,0x08,0x61,0x08,0x61,0x08,0x61,0x08,0x61,0x08,
    0x61,0x08,0x61,0x08,0x61,0x08,0x61,0x08,0x41,0x08,0xA2,0x10,0x45,0x21,0x25,0x21,0x62,0x08,0x62,0x08,0x61,0x08,0x61,0x08,
    0x61,0x08,0x62,0x08,0x62,0x08,0x62,0x08,0x62,0x08,0x62,0x08,0x62,0x08,0x62,0x08,0x62,0x08,0x62,0x08,0x62,0x08,0x61,0x08,
    0xA3,0x10,0x66,0x29,0x45,0x21,0x82,0x10,0x82,0x08,0x62,0x08,0x62,0x08,0x62,0x08,0x62,0x08,0x62,0x08,0x62,0x08,0x62,0x08,
    0x62,0x08,0x62,0x08,0x62,0x08,0x62,0x08,0x62,0x08,0x62,0x08,0x61,0x08,0xA3,0x10,0x66,0x29,0x45,0x21,0x82,0x10,0x82,0x08,
    0x62,0x08,0x62,0x08,0x62,0x08,0x62,0x08,0x62,0x08,0x62,0x08,0x62,0x08,0x62,0x08,0x62,0x08,0x62,0x08,0x62,0x08,0x62,0x08,
    0x62,0x08,0x61,0x08,0xA3,0x10,0x66,0x29,0x45,0x21,0x82,0x10,0x82,0x08,0x62,0x08,0x62,0x08,0x62,0x08,0x62,0x08,0x62,0x08,
    0x62,0x08,0x62,0x08,0x62,0x08,0x62,0x08,0x62,0x08,0x62,0x08,0x62,0x08,0x62,0x08,0x61,0x08,0xA3,0x10,0x66,0x29,0x45,0x21,
    0x82,0x10,0x82,0x08,0x62,0x08,0x62,0x08,0x62,0x08,0x62,0x08,0x62,0x08,0x62,0x08,0x62,0x08,0x62,0x08,0x62,0x08,0x62,0x08,
    0x62,0x08,0x62,0x08,0x62,0x08,0x61,0x08,0xA3,0x10,0x66,0x29,0x45,0x21,0x82,0x10,0x82,0x08,0x62,0x08,0x62,0x08,0x62,0x08,
    0x62,0x08,0x62,0x08,0x62,0x08,0x62,0x08,0x62,0x08,0x62,0x08,0x62,0x08,0x62,0x08,0x62,0x08,0x62,0x08,0x61,0x08,0xA3,0x10,
    0x66,0x29,0x45,0x21,0x82,0x10,0x82,0x08,0x62,0x08,0x62,0x08,0x62,0x08,0x62,0x08,0x62,0x08,0x62,0x08,0x62,0x08,0x62,0x08,
    0x62,0x08,0x62,0x08,0x62,0x08,0x62,0x08,0x62,0x08,0x82,0x08,0x82,0x10,0x45,0x21,0x66,0x29,0xA3,0x10,0x61,0x08,0x62,0x08,
    0x62,0x08,0x62,0x08,0x62,0x08,0x62,0x08,0x62,0x08,0x62,0x08,0x62,0x08,0x62,0x08,0x62,0x08,0x62,0x08,0x62,0x08,0x62,0x08,
    0x82,0x08,0x82,0x10,0x45,0x21,0x66,0x29,0xA3,0x10,0x61,0x08,0x62,0x08,0x62,0x08,0x62,0x08,0x62,0x08,0x62,0x08,0x62,0x08,
    0x62,0x08,0x62,0x08,0x62,0x08,0x62,0x08,0x62,0x08,0x62,0x08,0x62,0x08,0x82,0x08,0x82,0x10,0x45,0x21,0x66,0x29,0xA3,0x10,
    0x61,0x08,0x62,0x08,0x62,0x08,0x62,0x08,0x62,0x08,0x62,0x08,0x62,0x08,0x61,0x08,0x61,0x08,0x61,0x08,0x61,0x08,0x61,0x08,
    0x61,0x08,0x61,0x08,0x61,0x08,0x61,0x08,0x04,0x21,0x25,0x21,0x82,0x10,0x41,0x08,0x61,0x08,0x61,0x08,0x61,0x08,0x61,0x08,
    0x61,0x08,0x41,0x08,0x41,0x08,0x41,0x08,0x41,0x08,0x41,0x08,0x41,0x08,0x41,0x08,0x41,0x08,0x41,0x08,0x61,0x08,0xE4,0x18,
    0xE4,0x18,0x62,0x08,0x41,0x08,0x41,0x08,0x41,0x08,0x41,0x08,0x41,0x08,0x41,0x08,0x41,0x08,0x41,0x08,0x41,0x08,0x41,0x08,
    0x41,0x08,0x41,0x08,0x41,0x08,0x41,0x08,0x41,0x08,0x41,0x08,0xA3,0x10,0xC3,0x10,0x61,0x08,0x20,0x00,0x21,0x00,0x21,0x00,
    0x21,0x00,0x21,0x00,0x21,0x00,0x21,0x00,0x21,0x00,0x20,0x00,0x20,0x00,0x20,0x00,0x20,0x00,0x20,0x00,0x20,0x00,0x20,0x00,
    0x20,0x00,0x61,0x08,0x82,0x10,0x61,0x08,0x20,0x00,0x20,0x00,0x20,0x00,0x20,0x00,0x20,0x00,0x20,0x00,0x20,0x00,0x20,0x00,
    0x20,0x00,0x20,0x00,0x20,0x00,0x20,0x00,0x62,0x08,0x82,0x10,0x62,0x08,0x20,0x00,0x20,0x00,0x20,0x00,0x20,0x00,0x21,0x00,
    0x21,0x00,0x21,0x00,0x21,0x00,0x21,0x00,0x21,0x00,0x21,0x00,0x21,0x00,0x41,0x00,0x41,0x00,0x21,0x00,0x21,0x00,0xA2,0x10,
    0xC3,0x18,0xA2,0x10,0x21,0x00,0x21,0x00,0x41,0x08,0x41,0x08,0x41,0x08,0x41,0x08,0x41,0x08,0x41,0x08,0x41,0x08,0x41,0x08,
    0x41,0x08,0x41,0x08,0x41,0x08,0x41,0x08,0x41,0x08,0x41,0x08,0xC3,0x18,0x04,0x19,0xC3,0x18,0x41,0x08,0x41,0x08,0x41,0x08,
    0x41,0x08,0x41,0x08,0x41,0x08,0x61,0x08,0x61,0x08,0x61,0x08,0x61,0x08,0x61,0x08,0x61,0x08,0x61,0x08,0x61,0x08,0x61,0x08,
    0x41,0x08,0xC3,0x10,0x45,0x21,0x25,0x21,0x82,0x10,0x41,0x08,0x61,0x08,0x61,0x08,0x61,0x08,0x62,0x08,0x62,0x08,0x62,0x08,
    0x62,0x08,0x62,0x08,0x62,0x08,0x62,0x08,0x62,0x08,0x62,0x08,0x62,0x08,0x41,0x08,0xE3,0x18,0x66,0x29,0x45,0x21,0x82,0x10,
    0x61,0x08,0x62,0x08,0x62,0x08,0x62,0x08,0x62,0x08,0x62,0x08,0x62,0x08,0x62,0x08,0x62,0x08,0x62,0x08,0x62,0x08,0x62,0x08,
    0x62,0x08,0x62,0x08,0x41,0x08,0xE3,0x18,0x66,0x29,0x45,0x21,0x82,0x10,0x61,0x08,0x62,0x08,0x62,0x08,0x62,0x08,0x62,0x08,
    0x62,0x08,0x62,0x08,0x62,0x08,0x62,0x08,0x62,0x08,0x62,0x08,0x62,0x08,0x62,0x08,0x62,0x08,0x41,0x08,0xE3,0x18,0x66,0x29,
    0x45,0x21,0x82,0x10,0x61,0x08,0x62,0x08,0x62,0x08,0x62,0x08,0x62,0x08,0x62,0x08,0x62,0x08,0x62,0x08,0x62,0x08,0x62,0x08,
    0x62,0x08,0x62,0x08,0x82,0x08,0x62,0x08,0x41,0x08,0xE3,0x18,0x66,0x29,0x45,0x21,0x82,0x10,0x61,0x08,0x62,0x08,0x62,0x08,
    0x62,0x08,0x62,0x08,0x62,0x08,0x62,0x08,0x62,0x08,0x62,0x08,0x62,0x08,0x62,0x08,0x62,0x08,0x82,0x08,0x62,0x08,0x41,0x08,
    0xE3,0x18,0x66,0x29,0x45,0x21,0x82,0x10,0x61,0x08,0x62,0x08,0x62,0x08,0x62,0x08,0x62,0x08,0x62,0x08,0x62,0x08,0x62,0x08,
    0x62,0x08,0x62,0x08,0x62,0x08,0x62,0x08,0x82,0x08,0x62,0x08,0x41,0x08,0xE3,0x18,0x66,0x29,0x45,0x21,0x82,0x10,0x61,0x08,
    0x62,0x08,0x62,0x08,0x62,0x08,0x62,0x08,0x62,0x08,0x62,0x08,0x62,0x08,0x62,0x08,0x62,0x08,0x62,0x08,0x62,0x08,0x62,0x08,
    0x62,0x08,0x61,0x08,0x82,0x10,0x45,0x21,0x66,0x29,0xE3,0x18,0x41,0x08,0x62,0x08,0x82,0x08,0x62,0x08,0x62,0x08,0x62,0x08,
    0x62,0x08,0x62,0x08,0x62,0x08,0x62,0x08,0x62,0x08,0x62,0x08,0x62,0x08,0x62,0x08,0x61,0x08,0x82,0x10,0x45,0x21,0x66,0x29,
    0xE3,0x18,0x41,0x08,0x62,0x08,0x82,0x08,0x62,0x08,0x62,0x08,0x62,0x08,0x62,0x08,0x62,0x08,0x62,0x08,0x62,0x08,0x62,0x08,
    0x62,0x08,0x62,0x08,0x62,0x08,0x61,0x08,0x82,0x10,0x45,0x21,0x66,0x29,0xE3,0x18,0x41,0x08,0x61,0x08,0x62,0x08,0x62,0x08,
    0x62,0x08,0x62,0x08,0x62,0x08,0x61,0x08,0x61,0x08,0x61,0x08,0x61,0x08,0x61,0x08,0x61,0x08,0x61,0x08,0x41,0x08,0x82,0x08,
    0x24,0x21,0x25,0x21,0xA3,0x10,0x41,0x08,0x41,0x08,0x61,0x08,0x61,0x08,0x61,0x08,0x61,0x08,0x41,0x08,0x41,0x08,0x41,0x08,
    0x41,0x08,0x41,0x08,0x41,0x08,0x41,0x08,0x41,0x08,0x41,0x08,0x61,0x08,0xE4,0x18,0xE4,0x18,0x82,0x10,0x21,0x00,0x41,0x08,
    0x41,0x08,0x41,0x08,0x41,0x08,0x41,0x08,0x41,0x08,0x41,0x08,0x41,0x08,0x41,0x08,0x41,0x08,0x41,0x08,0x41,0x08,0x41,0x08,
    0x21,0x00,0x41,0x08,0xA3,0x10,0xC3,0x10,0x62,0x08,0x20,0x00,0x21,0x00,0x21,0x00,0x21,0x00,0x21,0x00,0x21,0x00,0x21,0x00,
    0x21,0x00,0x20,0x00,0x20,0x00,0x20,0x00,0x20,0x00,0x20,0x00,0x20,0x00,0x20,0x00,0x20,0x00,0x62,0x08,0x82,0x10,0x61,0x08,
    0x20,0x00,0x20,0x00,0x20,0x00,0x20,0x00,0x20,0x00,0x20,0x00,0x20,0x00,0x20,0x00,0x20,0x00,0x20,0x00,0x41,0x08,0x62,0x08,
    0x82,0x10,0x82,0x10,0x82,0x10,0x62,0x08,0x41,0x08,0x20,0x00,0x20,0x00,0x21,0x00,0x21,0x00,0x21,0x00,0x21,0x00,0x21,0x00,
    0x21,0x00,0x21,0x00,0x21,0x00,0x21,0x00,0x21,0x00,0x61,0x08,0xA2,0x10,0xC3,0x10,0xC3,0x10,0xC3,0x18,0xA2,0x10,0x61,0x08,
    0x41,0x00,0x41,0x08,0x41,0x08,0x41,0x08,0x41,0x08,0x41,0x08,0x41,0x08,0x41,0x08,0x41,0x08,0x41,0x08,0x41,0x08,0x41,0x08,
    0x62,0x08,0xC3,0x18,0x04,0x19,0xE4,0x18,0x04,0x19,0xC3,0x18,0x82,0x08,0x41,0x08,0x41,0x08,0x41,0x08,0x41,0x08,0x61,0x08,
    0x61,0x08,0x61,0x08,0x61,0x08,0x61,0x08,0x61,0x08,0x61,0x08,0x41,0x08,0x62,0x08,0xC3,0x18,0x25,0x21,0x25,0x21,0x25,0x21,
    0x24,0x21,0xA3,0x10,0x61,0x08,0x61,0x08,0x61,0x08,0x62,0x08,0x62,0x08,0x62,0x08,0x62,0x08,0x62,0x08,0x62,0x08,0x62,0x08,
    0x62,0x08,0x61,0x08,0x82,0x10,0x04,0x19,0x45,0x29,0x45,0x29,0x46,0x29,0x45,0x21,0xC3,0x18,0x62,0x08,0x61,0x08,0x62,0x08,
    0x62,0x08,0x62,0x08,0x62,0x08,0x62,0x08,0x62,0x08,0x62,0x08,0x62,0x08,0x62,0x08,0x61,0x08,0x82,0x10,0x04,0x19,0x45,0x29,
    0x45,0x29,0x46,0x29,0x45,0x21,0xC3,0x18,0x62,0x08,0x61,0x08,0x62,0x08,0x62,0x08,0x62,0x08,0x62,0x08,0x62,0x08,0x62,0x08,
    0x62,0x08,0x62,0x08,0x62,0x08,0x61,0x08,0x82,0x10,0x04,0x19,0x45,0x29,0x45,0x29,0x66,0x29,0x45,0x21,0xC3,0x18,0x62,0x08,
    0x61,0x08,0x62,0x08,0x62,0x08,0x62,0x08,0x62,0x08,0x62,0x08,0x62,0x08,0x62,0x08,0x62,0x08,0x62,0x08,0x61,0x08,0x82,0x10,
    0x04,0x19,0x45,0x29,0x45,0x29,0x66,0x29,0x45,0x21,0xC3,0x18,0x62,0x08,0x61,0x08,0x62,0x08,0x62,0x08,0x62,0x08,0x62,0x08,
    0x62,0x08,0x62,0x08,0x62,0x08,0x62,0x08,0x62,0x08,0x61,0x08,0x82,0x10,0x04,0x19,0x45,0x29,0x45,0x29,0x66,0x29,0x45,0x21,
    0xC3,0x18,0x62,0x08,0x61,0x08,0x62,0x08,0x62,0x08,0x62,0x08,0x62,0x08,0x62,0x08,0x62,0x08,0x62,0x08,0x62,0x08,0x62,0x08,
    0x61,0x08,0x82,0x10,0x04,0x19,0x45,0x29,0x45,0x29,0x66,0x29,0x45,0x21,0xC3,0x18,0x62,0x08,0x61,0x08,0x62,0x08,0x62,0x08,
    0x62,0x08,0x62,0x08,0x62,0x08,0x62,0x08,0x62,0x08,0x62,0x08,0x62,0x08,0x61,0x08,0x62,0x08,0xC3,0x18,0x45,0x21,0x66,0x29,
    0x45,0x29,0x45,0x29,0x04,0x19,0x82,0x10,0x61,0x08,0x62,0x08,0x62,0x08,0x62,0x08,0x62,0x08,0x62,0x08,0x62,0x08,0x62,0x08,
    0x62,0x08,0x62,0x08,0x61,0x08,0x62,0x08,0xC3,0x18,0x45,0x21,0x66,0x29,0x45,0x29,0x45,0x29,0x04,0x19,0x82,0x10,0x61,0x08,
    0x62,0x08,0x62,0x08,0x62,0x08,0x62,0x08,0x62,0x08,0x62,0x08,0x62,0x08,0x62,0x08,0x62,0x08,0x61,0x08,0x62,0x08,0xC3,0x18,
    0x45,0x21,0x66,0x29,0x45,0x29,0x45,0x29,0xE4,0x18,0x82,0x10,0x61,0x08,0x62,0x08,0x62,0x08,0x62,0x08,0x62,0x08,0x61,0x08,
    0x61,0x08,0x61,0x08,0x61,0x08,0x61,0x08,0x41,0x08,0x61,0x08,0xA3,0x10,0x04,0x21,0x25,0x21,0x25,0x21,0x24,0x21,0xC3,0x18,
    0x62,0x08,0x41,0x08,0x61,0x08,0x61,0x08,0x61,0x08,0x41,0x08,0x41,0x08,0x41,0x08,0x41,0x08,0x41,0x08,0x41,0x08,0x41,0x08,
    0x41,0x08,0x82,0x10,0xE3,0x18,0xE4,0x18,0xE4,0x18,0xE4,0x18,0xA3,0x10,0x61,0x08,0x41,0x08,0x41,0x08,0x41,0x08,0x41,0x08,
    0x41,0x08,0x41,0x08,0x41,0x08,0x41,0x08,0x41,0x08,0x41,0x08,0x21,0x00,0x41,0x00,0x62,0x08,0xA3,0x10,0xA3,0x10,0xA3,0x10,
    0xA3,0x10,0x82,0x08,0x41,0x08,0x20,0x00,0x21,0x00,0x21,0x00,0x21,0x00,0x21,0x00,0x21,0x00,0x20,0x00,0x20,0x00,0x20,0x00,
    0x20,0x00,0x20,0x00,0x20,0x00,0x41,0x08,0x62,0x08,0x82,0x10,0x82,0x08,0x82,0x08,0x61,0x08,0x41,0x00,0x20,0x00,0x20,0x00,
    0x20,0x00,0x20,0x00,0x20,0x00,0x20,0x00,0x20,0x00,0x61,0x08,0x82,0x10,0x82,0x10,0x82,0x10,0x82,0x10,0x82,0x10,0x82,0x10,
    0xA2,0x10,0x62,0x08,0x41,0x00,0x20,0x00,0x21,0x00,0x21,0x00,0x21,0x00,0x21,0x00,0x21,0x00,0x21,0x00,0x20,0x00,0x41,0x08,
    0x82,0x08,0xC3,0x10,0xC3,0x10,0xC3,0x10,0xC3,0x10,0xC3,0x18,0xC3,0x18,0xC3,0x18,0xA2,0x10,0x41,0x08,0x41,0x00,0x41,0x08,
    0x41,0x08,0x41,0x08,0x41,0x08,0x41,0x08,0x41,0x08,0x41,0x08,0x41,0x08,0xA3,0x10,0xE4,0x18,0x04,0x19,0x04,0x19,0x04,0x19,
    0x04,0x19,0x04,0x19,0x04,0x19,0xC3,0x10,0x61,0x08,0x41,0x08,0x41,0x08,0x61,0x08,0x61,0x08,0x61,0x08,0x61,0x08,0x61,0x08,
    0x41,0x08,0x61,0x08,0xA3,0x10,0x24,0x21,0x25,0x21,0x25,0x21,0x25,0x21,0x25,0x21,0x25,0x21,0x45,0x21,0x04,0x19,0xA2,0x10,
    0x61,0x08,0x62,0x08,0x62,0x08,0x62,0x08,0x62,0x08,0x62,0x08,0x62,0x08,0x61,0x08,0x62,0x08,0xC3,0x18,0x45,0x21,0x66,0x29,
    0x66,0x29,0x66,0x29,0x66,0x29,0x66,0x29,0x66,0x29,0x25,0x21,0xA3,0x10,0x61,0x08,0x62,0x08,0x62,0x08,0x62,0x08,0x62,0x08,
    0x62,0x08,0x62,0x08,0x61,0x08,0x62,0x08,0xC3,0x18,0x45,0x21,0x66,0x29,0x66,0x29,0x66,0x29,0x66,0x29,0x66,0x29,0x66,0x29,
    0x25,0x21,0xA3,0x10,0x61,0x08,0x62,0x08,0x62,0x08,0x62,0x08,0x62,0x08,0x62,0x08,0x62,0x08,0x61,0x08,0x62,0x08,0xC3,0x18,
    0x45,0x21,0x66,0x29,0x66,0x29,0x66,0x29,0x66,0x29,0x66,0x29,0x66,0x29,0x25,0x21,0xA3,0x10,0x62,0x08,0x62,0x08,0x62,0x08,
    0x62,0x08,0x62,0x08,0x62,0x08,0x62,0x08,0x62,0x08,0x62,0x08,0xC3,0x18,0x45,0x21,0x66,0x29,0x66,0x29,0x66,0x29,0x66,0x29,
    0x66,0x29,0x66,0x29,0x25,0x21,0xA3,0x10,0x62,0x08,0x62,0x08,0x62,0x08,0x62,0x08,0x62,0x08,0x62,0x08,0x62,0x08,0x62,0x08,
    0x62,0x08,0xC3,0x18,0x45,0x21,0x66,0x29,0x66,0x29,0x66,0x29,0x66,0x29,0x66,0x29,0x66,0x29,0x25,0x21,0xA3,0x10,0x62,0x08,
    0x62,0x08,0x62,0x08,0x62,0x08,0x62,0x08,0x62,0x08,0x62,0x08,0x62,0x08,0x62,0x08,0xC3,0x18,0x45,0x21,0x66,0x29,0x66,0x29,
    0x66,0x29,0x66,0x29,0x66,0x29,0x66,0x29,0x25,0x21,0xA3,0x10,0x62,0x08,0x62,0x08,0x62,0x08,0x62,0x08,0x62,0x08,0x62,0x08,
    0x62,0x08,0x62,0x08,0x62,0x08,0xA3,0x10,0x25,0x21,0x66,0x29,0x66,0x29,0x66,0x29,0x66,0x29,0x66,0x29,0x66,0x29,0x45,0x21,
    0xC3,0x18,0x62,0x08,0x62,0x08,0x62,0x08,0x62,0x08,0x62,0x08,0x62,0x08,0x62,0x08,0x62,0x08,0x62,0x08,0xA3,0x10,0x25,0x21,
    0x66,0x29,0x66,0x29,0x66,0x29,0x66,0x29,0x66,0x29,0x66,0x29,0x45,0x21,0xC3,0x18,0x62,0x08,0x62,0x08,0x62,0x08,0x62,0x08,
    0x62,0x08,0x62,0x08,0x62,0x08,0x62,0x08,0x62,0x08,0xA3,0x10,0x25,0x21,0x66,0x29,0x66,0x29,0x66,0x29,0x66,0x29,0x66,0x29,
    0x66,0x29,0x45,0x21,0xC3,0x18,0x62,0x08,0x61,0x08,0x62,0x08,0x62,0x08,0x61,0x08,0x61,0x08,0x61,0x08,0x61,0x08,0x41,0x08,
    0x82,0x10,0x04,0x19,0x25,0x21,0x25,0x21,0x25,0x21,0x25,0x21,0x25,0x21,0x25,0x21,0x04,0x21,0xA3,0x10,0x61,0x08,0x41,0x08,
    0x61,0x08,0x41,0x08,0x41,0x08,0x41,0x08,0x41,0x08,0x41,0x08,0x41,0x08,0x82,0x08,0xC3,0x18,0x04,0x19,0xE4,0x18,0xE4,0x18,
    0xE4,0x18,0xE4,0x18,0xE4,0x18,0xE3,0x18,0x82,0x10,0x41,0x08,0x41,0x00,0x41,0x08,0x41,0x08,0x41,0x08,0x41,0x08,0x41,0x08,
    0x41,0x08,0x21,0x00,0x61,0x08,0xA2,0x10,0xC3,0x18,0xC3,0x10,0xC3,0x10,0xC3,0x10,0xC3,0x10,0xA3,0x10,0xA3,0x10,0x61,0x08,
    0x21,0x00,0x20,0x00,0x21,0x00,0x21,0x00,0x21,0x00,0x20,0x00,0x20,0x00,0x20,0x00,0x20,0x00,0x21,0x00,0x61,0x08,0x82,0x10,
    0x82,0x10,0x82,0x10,0x82,0x10,0x82,0x08,0x82,0x08,0x82,0x08,0x41,0x08,0x20,0x00,0x20,0x00,0x20,0x00,0x20,0x00,0x41,0x08,
    0x62,0x08,0x82,0x10,0x82,0x10,0x82,0x10,0x61,0x08,0x41,0x08,0x61,0x08,0x82,0x10,0x82,0x10,0xA2,0x10,0x82,0x10,0x61,0x08,
    0x21,0x00,0x20,0x00,0x21,0x00,0x21,0x00,0x21,0x00,0x20,0x00,0x61,0x08,0xA3,0x10,0xC3,0x10,0xC3,0x10,0xC3,0x10,0x82,0x10,
    0x41,0x08,0x82,0x10,0xC3,0x10,0xC3,0x18,0xC3,0x18,0xC3,0x18,0x82,0x10,0x41,0x08,0x41,0x00,0x41,0x08,0x41,0x08,0x41,0x08,
    0x41,0x08,0x82,0x08,0xE3,0x18,0xE4,0x18,0x04,0x19,0xE4,0x18,0xA3,0x10,0x62,0x08,0xA3,0x10,0xE4,0x18,0x04,0x19,0x04,0x19,
    0x04,0x19,0xA2,0x10,0x41,0x08,0x41,0x08,0x61,0x08,0x61,0x08,0x41,0x08,0x41,0x08,0x82,0x10,0x04,0x19,0x25,0x21,0x25,0x21,
    0x25,0x21,0xE4,0x18,0x82,0x10,0xA3,0x10,0x24,0x21,0x45,0x21,0x45,0x21,0x45,0x21,0xE3,0x18,0x62,0x08,0x61,0x08,0x62,0x08,
    0x62,0x08,0x61,0x08,0x61,0x08,0xA3,0x10,0x25,0x21,0x66,0x29,0x66,0x29,0x66,0x29,0x24,0x21,0xA3,0x10,0xC3,0x18,0x45,0x21,
    0x66,0x29,0x66,0x29,0x66,0x29,0xE4,0x18,0x62,0x08,0x61,0x08,0x62,0x08,0x62,0x08,0x62,0x08,0x62,0x08,0xA3,0x10,0x25,0x21,
    0x66,0x29,0x66,0x29,0x66,0x29,0x24,0x21,0xA3,0x10,0xC3,0x18,0x45,0x21,0x66,0x29,0x66,0x29,0x66,0x29,0xE4,0x18,0x62,0x08,
    0x61,0x08,0x62,0x08,0x62,0x08,0x62,0x08,0x62,0x08,0xA3,0x10,0x25,0x21,0x66,0x29,0x66,0x29,0x66,0x29,0x24,0x21,0xA3,0x10,
    0xC3,0x18,0x45,0x21,0x66,0x29,0x66,0x29,0x66,0x29,0x04,0x19,0x82,0x10,0x61,0x08,0x62,0x08,0x82,0x08,0x62,0x08,0x61,0x08,
    0x82,0x10,0x25,0x21,0x66,0x29,0x66,0x29,0x66,0x29,0x25,0x21,0xA3,0x10,0xC3,0x18,0x45,0x21,0x66,0x29,0x66,0x29,0x66,0x29,
    0x04,0x19,0x82,0x10,0x61,0x08,0x62,0x08,0x82,0x08,0x62,0x08,0x61,0x08,0x82,0x10,0x25,0x21,0x66,0x29,0x66,0x29,0x66,0x29,
    0x25,0x21,0xA3,0x10,0xC3,0x18,0x45,0x21,0x66,0x29,0x66,0x29,0x66,0x29,0x04,0x19,0x82,0x10,0x61,0x08,0x62,0x08,0x82,0x08,
    0x62,0x08,0x61,0x08,0x82,0x10,0x25,0x21,0x66,0x29,0x66,0x29,0x66,0x29,0x25,0x21,0xA3,0x10,0xC3,0x18,0x45,0x21,0x66,0x29,
    0x66,0x29,0x66,0x29,0x04,0x19,0x82,0x10,0x61,0x08,0x62,0x08,0x82,0x08,0x62,0x08,0x61,0x08,0x82,0x10,0x04,0x19,0x66,0x29,
    0x66,0x29,0x66,0x29,0x45,0x21,0xC3,0x18,0xA3,0x10,0x25,0x21,0x66,0x29,0x66,0x29,0x66,0x29,0x25,0x21,0x82,0x10,0x61,0x08,
    0x62,0x08,0x82,0x08,0x62,0x08,0x61,0x08,0x82,0x10,0x04,0x19,0x66,0x29,0x66,0x29,0x66,0x29,0x45,0x21,0xC3,0x18,0xA3,0x10,
    0x25,0x21,0x66,0x29,0x66,0x29,0x66,0x29,0x25,0x21,0x82,0x10,0x61,0x08,0x62,0x08,0x82,0x08,0x62,0x08,0x61,0x08,0x82,0x10,
    0x04,0x19,0x66,0x29,0x66,0x29,0x66,0x29,0x45,0x21,0xC3,0x18,0xA3,0x10,0x24,0x21,0x45,0x29,0x45,0x29,0x66,0x29,0x25,0x21,
    0xA3,0x10,0x61,0x08,0x61,0x08,0x62,0x08,0x61,0x08,0x41,0x08,0x61,0x08,0xE3,0x18,0x25,0x21,0x25,0x21,0x25,0x21,0x04,0x21,
    0xA3,0x10,0x82,0x10,0xE4,0x18,0x25,0x21,0x25,0x21,0x25,0x21,0xE4,0x18,0x82,0x10,0x41,0x08,0x41,0x08,0x41,0x08,0x41,0x08,
    0x41,0x08,0x41,0x08,0xA3,0x10,0x04,0x19,0x04,0x19,0x04,0x19,0xE3,0x18,0x82,0x10,0x62,0x08,0xC3,0x10,0xE4,0x18,0xE4,0x18,
    0xE4,0x18,0xC3,0x10,0x62,0x08,0x41,0x08,0x41,0x08,0x41,0x08,0x41,0x08,0x21,0x00,0x41,0x08,0x82,0x10,0xC3,0x18,0xC3,0x10,
    0xC3,0x18,0xA3,0x10,0x61,0x08,0x61,0x08,0x82,0x10,0xA3,0x10,0xA3,0x10,0xA3,0x10,0x82,0x10,0x41,0x08,0x20,0x00,0x20,0x00,
    0x21,0x00,0x20,0x00,0x20,0x00,0x20,0x00,0x41,0x08,0x82,0x10,0x82,0x10,0x82,0x10,0x82,0x10,0x61,0x08,0x21,0x00,0x41,0x08,
    0x82,0x08,0x82,0x08,0x82,0x08,0x61,0x08,0x20,0x00,0x20,0x00,0x61,0x08,0x82,0x08,0x82,0x08,0x82,0x10,0x62,0x08,0x41,0x08,
    0x20,0x00,0x20,0x00,0x20,0x00,0x41,0x00,0x82,0x08,0xA2,0x10,0xA2,0x10,0xA2,0x10,0x82,0x10,0x41,0x08,0x21,0x00,0x20,0x00,
    0x41,0x08,0x82,0x10,0xA3,0x10,0xA3,0x10,0xC3,0x10,0xA2,0x10,0x61,0x08,0x21,0x00,0x41,0x00,0x21,0x00,0x41,0x08,0xA2,0x10,
    0xC3,0x18,0xC3,0x18,0xE3,0x18,0xC3,0x10,0x62,0x08,0x41,0x08,0x41,0x00,0x61,0x08,0xC3,0x10,0xE4,0x18,0xE4,0x18,0xE4,0x18,
    0xC3,0x18,0x62,0x08,0x41,0x08,0x41,0x08,0x41,0x08,0x61,0x08,0xC3,0x18,0x04,0x19,0x04,0x19,0x04,0x21,0xE4,0x18,0x82,0x10,
    0x41,0x08,0x41,0x08,0x62,0x08,0xC3,0x18,0x25,0x21,0x25,0x21,0x25,0x21,0x04,0x21,0xA2,0x10,0x41,0x08,0x61,0x08,0x41,0x08,
    0x62,0x08,0xE4,0x18,0x25,0x21,0x45,0x21,0x45,0x21,0x25,0x21,0xA3,0x10,0x61,0x08,0x61,0x08,0x82,0x10,0x04,0x19,0x66,0x29,
    0x66,0x29,0x66,0x29,0x45,0x21,0xC3,0x10,0x61,0x08,0x61,0x08,0x61,0x08,0x82,0x10,0x04,0x19,0x45,0x29,0x66,0x29,0x66,0x29,
    0x45,0x21,0xC3,0x10,0x61,0x08,0x61,0x08,0x82,0x10,0x04,0x19,0x66,0x29,0x66,0x29,0x66,0x29,0x45,0x21,0xC3,0x10,0x61,0x08,
    0x61,0x08,0x61,0x08,0x82,0x10,0x04,0x19,0x45,0x29,0x66,0x29,0x66,0x29,0x45,0x21,0xC3,0x10,0x61,0x08,0x61,0x08,0x82,0x10,
    0x04,0x19,0x66,0x29,0x66,0x29,0x66,0x29,0x45,0x21,0xC3,0x10,0x61,0x08,0x61,0x08,0x61,0x08,0x62,0x08,0xE4,0x18,0x45,0x29,
    0x66,0x29,0x66,0x29,0x45,0x29,0xC3,0x18,0x62,0x08,0x61,0x08,0x62,0x08,0xE4,0x18,0x45,0x29,0x66,0x29,0x66,0x29,0x45,0x21,
    0xC3,0x18,0x62,0x08,0x61,0x08,0x61,0x08,0x62,0x08,0xE4,0x18,0x45,0x29,0x66,0x29,0x66,0x29,0x45,0x29,0xC3,0x18,0x62,0x08,
    0x61,0x08,0x62,0x08,0xE4,0x18,0x45,0x29,0x66,0x29,0x66,0x29,0x45,0x21,0xC3,0x18,0x62,0x08,0x61,0x08,0x61,0x08,0x62,0x08,
    0xE4,0x18,0x45,0x29,0x66,0x29,0x66,0x29,0x45,0x29,0xC3,0x18,0x62,0x08,0x61,0x08,0x62,0x08,0xE4,0x18,0x45,0x29,0x66,0x29,
    0x66,0x29,0x45,0x21,0xC3,0x18,0x62,0x08,0x61,0x08,0x61,0x08,0x62,0x08,0xE4,0x18,0x45,0x29,0x66,0x29,0x66,0x29,0x45,0x29,
    0xC3,0x18,0x62,0x08,0x61,0x08,0x62,0x08,0xC3,0x18,0x45,0x29,0x66,0x29,0x66,0x29,0x45,0x29,0xE4,0x18,0x62,0x08,0x61,0x08,
    0x61,0x08,0x62,0x08,0xC3,0x18,0x45,0x21,0x66,0x29,0x66,0x29,0x45,0x29,0xE4,0x18,0x62,0x08,0x61,0x08,0x62,0x08,0xC3,0x18,
    0x45,0x29,0x66,0x29,0x66,0x29,0x45,0x29,0xE4,0x18,0x62,0x08,0x61,0x08,0x61,0x08,0x62,0x08,0xC3,0x18,0x45,0x21,0x66,0x29,
    0x66,0x29,0x45,0x29,0xE4,0x18,0x62,0x08,0x61,0x08,0x62,0x08,0xC3,0x18,0x45,0x29,0x66,0x29,0x66,0x29,0x45,0x29,0xE4,0x18,
    0x62,0x08,0x61,0x08,0x61,0x08,0x61,0x08,0xC3,0x10,0x25,0x21,0x66,0x29,0x45,0x21,0x45,0x29,0xE4,0x18,0x82,0x10,0x61,0x08,
    0x61,0x08,0xA3,0x10,0x25,0x21,0x25,0x21,0x25,0x21,0x25,0x21,0xE3,0x18,0x62,0x08,0x41,0x08,0x61,0x08,0x41,0x08,0xA2,0x10,
    0x04,0x19,0x25,0x21,0x04,0x21,0x24,0x21,0xC3,0x18,0x61,0x08,0x41,0x08,0x41,0x08,0x82,0x10,0xE4,0x18,0x04,0x19,0x04,0x19,
    0xE4,0x18,0xA3,0x10,0x61,0x08,0x41,0x08,0x41,0x08,0x41,0x08,0x82,0x08,0xC3,0x18,0xE4,0x18,0xE3,0x18,0xE4,0x18,0xA2,0x10,
    0x41,0x08,0x41,0x00,0x41,0x00,0x62,0x08,0xC3,0x10,0xC3,0x18,0xC3,0x18,0xC3,0x10,0x82,0x10,0x41,0x08,0x20,0x00,0x21,0x00,
    0x21,0x00,0x61,0x08,0xA2,0x10,0xA3,0x10,0xA3,0x10,0xA3,0x10,0x82,0x08,0x41,0x08,0x20,0x00,0x20,0x00,0x41,0x08,0x82,0x10,
    0x82,0x10,0x82,0x10,0x82,0x10,0x62,0x08,0x21,0x00,0x20,0x00,0x20,0x00,0x20,0x00,0x41,0x00,0x61,0x08,0x82,0x08,0x62,0x08,
    0x41,0x08,0x62,0x08,0x82,0x08,0x82,0x08,0x82,0x08,0x41,0x08,0x20,0x00,0x20,0x00,0x20,0x00,0x20,0x00,0x20,0x00,0x20,0x00,
    0x20,0x00,0x41,0x08,0x82,0x10,0xA2,0x10,0xA2,0x10,0xA2,0x10,0x82,0x10,0x62,0x08,0xA2,0x10,0xA3,0x10,0xA3,0x10,0xA3,0x10,
    0x62,0x08,0x21,0x00,0x21,0x00,0x41,0x08,0x41,0x08,0x41,0x08,0x41,0x00,0x21,0x00,0x62,0x08,0xC3,0x10,0xE3,0x18,0xE3,0x18,
    0xE3,0x18,0xA3,0x10,0xA2,0x10,0xE3,0x18,0xE4,0x18,0xE4,0x18,0xE3,0x18,0x82,0x10,0x41,0x08,0x41,0x08,0x41,0x08,0x41,0x08,
    0x41,0x08,0x41,0x08,0x41,0x08,0x82,0x10,0xE4,0x18,0x04,0x21,0x04,0x21,0x04,0x21,0xE3,0x18,0xC3,0x10,0x04,0x21,0x25,0x21,
    0x25,0x21,0x04,0x21,0xC3,0x18,0x61,0x08,0x41,0x08,0x61,0x08,0x61,0x08,0x62,0x08,0x61,0x08,0x41,0x08,0xA2,0x10,0x24,0x21,
    0x45,0x21,0x45,0x21,0x45,0x21,0x04,0x19,0xE4,0x18,0x45,0x21,0x46,0x29,0x46,0x29,0x45,0x29,0xE4,0x18,0x62,0x08,0x61,0x08,
    0x62,0x08,0x62,0x08,0x62,0x08,0x62,0x08,0x61,0x08,0xA3,0x10,0x25,0x21,0x66,0x29,0x66,0x29,0x66,0x29,0x04,0x21,0xE4,0x18,
    0x45,0x21,0x66,0x29,0x66,0x29,0x45,0x29,0xE4,0x18,0x62,0x08,0x61,0x08,0x62,0x08,0x62,0x08,0x62,0x08,0x62,0x08,0x61,0x08,
    0xA3,0x10,0x25,0x21,0x66,0x29,0x66,0x29,0x66,0x29,0x04,0x21,0xE4,0x18,0x45,0x21,0x66,0x29,0x66,0x29,0x45,0x29,0xE4,0x18,
    0x62,0x08,0x61,0x08,0x62,0x08,0x62,0x08,0x62,0x08,0x62,0x08,0x61,0x08,0x82,0x10,0x24,0x21,0x66,0x29,0x66,0x29,0x66,0x29,
    0x25,0x21,0xE4,0x18,0x25,0x21,0x66,0x29,0x66,0x29,0x66,0x29,0x04,0x19,0x82,0x10,0x61,0x08,0x62,0x08,0x62,0x08,0x62,0x08,
    0x62,0x08,0x61,0x08,0x82,0x10,0x24,0x21,0x66,0x29,0x66,0x29,0x66,0x29,0x25,0x21,0xE4,0x18,0x25,0x21,0x66,0x29,0x66,0x29,
    0x66,0x29,0x04,0x19,0x82,0x10,0x61,0x08,0x62,0x08,0x62,0x08,0x62,0x08,0x62,0x08,0x61,0x08,0x82,0x10,0x24,0x21,0x66,0x29,
    0x66,0x29,0x66,0x29,0x25,0x21,0xE4,0x18,0x25,0x21,0x66,0x29,0x66,0x29,0x66,0x29,0x04,0x19,0x82,0x10,0x61,0x08,0x62,0x08,
    0x62,0x08,0x62,0x08,0x62,0x08,0x61,0x08,0x82,0x10,0x24,0x21,0x66,0x29,0x66,0x29,0x66,0x29,0x25,0x21,0xE4,0x18,0x25,0x21,
    0x66,0x29,0x66,0x29,0x66,0x29,0x24,0x21,0x82,0x10,0x61,0x08,0x62,0x08,0x62,0x08,0x62,0x08,0x62,0x08,0x61,0x08,0x82,0x10,
    0x04,0x19,0x66,0x29,0x66,0x29,0x66,0x29,0x25,0x21,0xE4,0x18,0x25,0x21,0x66,0x29,0x66,0x29,0x66,0x29,0x24,0x21,0x82,0x10,
    0x61,0x08,0x62,0x08,0x62,0x08,0x62,0x08,0x62,0x08,0x61,0x08,0x82,0x10,0x04,0x19,0x66,0x29,0x66,0x29,0x66,0x29,0x25,0x21,
    0xE4,0x18,0x25,0x21,0x66,0x29,0x66,0x29,0x66,0x29,0x24,0x21,0x82,0x10,0x61,0x08,0x62,0x08,0x62,0x08,0x62,0x08,0x62,0x08,
    0x61,0x08,0x62,0x08,0xE4,0x18,0x45,0x21,0x45,0x21,0x45,0x21,0x25,0x21,0xE3,0x18,0x04,0x19,0x45,0x21,0x45,0x21,0x45,0x21,
    0x04,0x21,0x82,0x10,0x41,0x08,0x61,0x08,0x61,0x08,0x61,0x08,0x61,0x08,0x41,0x08,0x61,0x08,0xC3,0x10,0x04,0x21,0x04,0x21,
    0x04,0x21,0x04,0x19,0xC3,0x10,0xC3,0x18,0x04,0x19,0x04,0x19,0x04,0x19,0xE3,0x18,0x82,0x08,0x41,0x08,0x41,0x08,0x41,0x08,
    0x41,0x08,0x41,0x08,0x41,0x08,0x41,0x08,0xA2,0x10,0xC3,0x18,0xE4,0x18,0xE3,0x18,0xC3,0x18,0x82,0x10,0xA2,0x10,0xC3,0x18,
    0xC3,0x18,0xC3,0x18,0xA3,0x10,0x61,0x08,0x21,0x00,0x21,0x00,0x41,0x00,0x41,0x00,0x41,0x00,0x20,0x00,0x21,0x00,0x82,0x08,
    0xA2,0x10,0xA3,0x10,0xA3,0x10,0xA2,0x10,0x62,0x08,0x82,0x08,0xA2,0x10,0x82,0x10,0x82,0x10,0x82,0x10,0x41,0x08,0x20,0x00,
    0x20,0x00,0x20,0x00,0x20,0x00,0x20,0x00,0x20,0x00,0x20,0x00,0x41,0x08,0x62,0x08,0x62,0x08,0x62,0x08,0x82,0x08,0x61,0x08,
    0x20,0x00,0x20,0x00,0x20,0x00,0x20,0x00,0x20,0x00,0x20,0x00,0x20,0x00,0x20,0x00,0x20,0x00,0x20,0x00,0x20,0x00,0x62,0x08,
    0xA2,0x10,0xA2,0x10,0xA3,0x10,0xA3,0x10,0xA3,0x10,0xA3,0x10,0x82,0x10,0x41,0x08,0x21,0x00,0x41,0x00,0x41,0x00,0x41,0x08,
    0x41,0x08,0x41,0x08,0x41,0x08,0x41,0x08,0x21,0x00,0x41,0x08,0x82,0x10,0xC3,0x18,0xE3,0x18,0xE4,0x18,0xE4,0x18,0xE4,0x18,
    0xE4,0x18,0xA3,0x10,0x61,0x08,0x41,0x08,0x41,0x08,0x41,0x08,0x41,0x08,0x41,0x08,0x41,0x08,0x41,0x08,0x41,0x08,0x41,0x08,
    0x41,0x08,0xC3,0x10,0x04,0x19,0x04,0x21,0x04,0x21,0x25,0x21,0x24,0x21,0x25,0x21,0xE4,0x18,0x82,0x08,0x41,0x08,0x61,0x08,
    0x61,0x08,0x61,0x08,0x61,0x08,0x61,0x08,0x61,0x08,0x62,0x08,0x41,0x08,0x61,0x08,0xC3,0x18,0x25,0x21,0x45,0x21,0x45,0x21,
    0x45,0x29,0x45,0x29,0x45,0x29,0x04,0x21,0x82,0x10,0x61,0x08,0x62,0x08,0x62,0x08,0x62,0x08,0x62,0x08,0x62,0x08,0x62,0x08,
    0x62,0x08,0x61,0x08,0x62,0x08,0xC3,0x18,0x45,0x29,0x66,0x29,0x66,0x29,0x66,0x29,0x66,0x29,0x66,0x29,0x24,0x21,0x82,0x10,
    0x61,0x08,0x62,0x08,0x62,0x08,0x62,0x08,0x62,0x08,0x62,0x08,0x62,0x08,0x62,0x08,0x61,0x08,0x62,0x08,0xC3,0x18,0x45,0x29,
    0x66,0x29,0x66,0x29,0x66,0x29,0x66,0x29,0x66,0x29,0x24,0x21,0x82,0x10,0x61,0x08,0x62,0x08,0x62,0x08,0x62,0x08,0x62,0x08,
    0x62,0x08,0x62,0x08,0x62,0x08,0x62,0x08,0x61,0x08,0xC3,0x10,0x45,0x21,0x66,0x29,0x66,0x29,0x66,0x29,0x66,0x29,0x66,0x29,
    0x25,0x21,0xA3,0x10,0x62,0x08,0x62,0x08,0x82,0x08,0x62,0x08,0x62,0x08,0x62,0x08,0x62,0x08,0x62,0x08,0x62,0x08,0x61,0x08,
    0xC3,0x10,0x45,0x21,0x66,0x29,0x66,0x29,0x66,0x29,0x66,0x29,0x66,0x29,0x25,0x21,0xA3,0x10,0x62,0x08,0x62,0x08,0x82,0x08,
    0x62,0x08,0x62,0x08,0x62,0x08,0x62,0x08,0x62,0x08,0x62,0x08,0x61,0x08,0xC3,0x10,0x45,0x21,0x66,0x29,0x66,0x29,0x66,0x29,
    0x66,0x29,0x66,0x29,0x25,0x21,0xA3,0x10,0x62,0x08,0x62,0x08,0x82,0x08,0x62,0x08,0x62,0x08,0x62,0x08,0x62,0x08,0x62,0x08,
    0x62,0x08,0x61,0x08,0xC3,0x10,0x45,0x21,0x66,0x29,0x66,0x29,0x66,0x29,0x66,0x29,0x66,0x29,0x45,0x21,0xC3,0x10,0x61,0x08,
    0x62,0x08,0x62,0x08,0x62,0x08,0x62,0x08,0x62,0x08,0x62,0x08,0x82,0x08,0x62,0x08,0x62,0x08,0xA3,0x10,0x25,0x21,0x66,0x29,
    0x66,0x29,0x66,0x29,0x66,0x29,0x66,0x29,0x45,0x21,0xC3,0x10,0x61,0x08,0x62,0x08,0x62,0x08,0x62,0x08,0x62,0x08,0x62,0x08,
    0x62,0x08,0x82,0x08,0x62,0x08,0x62,0x08,0xA3,0x10,0x25,0x21,0x66,0x29,0x66,0x29,0x66,0x29,0x66,0x29,0x66,0x29,0x45,0x21,
    0xC3,0x10,0x61,0x08,0x62,0x08,0x62,0x08,0x62,0x08,0x62,0x08,0x62,0x08,0x62,0x08,0x62,0x08,0x62,0x08,0x61,0x08,0x82,0x10,
    0x04,0x19,0x45,0x21,0x45,0x21,0x45,0x21,0x45,0x21,0x45,0x21,0x25,0x21,0xC3,0x10,0x61,0x08,0x41,0x08,0x61,0x08,0x61,0x08,
    0x61,0x08,0x61,0x08,0x61,0x08,0x61,0x08,0x61,0x08,0x41,0x08,0x62,0x08,0xE3,0x18,0x04,0x21,0x04,0x21,0x04,0x21,0x04,0x19,
    0x04,0x19,0xE4,0x18,0xA2,0x10,0x41,0x08,0x41,0x08,0x41,0x08,0x41,0x08,0x41,0x08,0x41,0x08,0x41,0x08,0x41,0x08,0x41,0x08,
    0x41,0x08,0x61,0x08,0xA3,0x10,0xE3,0x18,0xE3,0x18,0xE3,0x18,0xC3,0x18,0xC3,0x18,0xC3,0x18,0x82,0x08,0x41,0x08,0x21,0x00,
    0x41,0x08,0x41,0x00,0x41,0x00,0x41,0x00,0x41,0x00,0x21,0x00,0x21,0x00,0x20,0x00,0x41,0x08,0x82,0x10,0xA2,0x10,0xA2,0x10,
    0xA2,0x10,0xA2,0x10,0xA2,0x10,0x82,0x10,0x61,0x08,0x20,0x00,0x20,0x00,0x20,0x00,0x20,0x00,0x20,0x00,0x20,0x00,0x20,0x00,
    0x20,0x00,0x20,0x00,0x20,0x00,0x20,0x00,0x62,0x08,0x61,0x08,0x41,0x00,0x20,0x00,0x20,0x00,0x20,0x00,0x20,0x00,0x20,0x00,
    0x20,0x00,0x20,0x00,0x20,0x00,0x20,0x00,0x20,0x00,0x20,0x00,0x20,0x00,0x20,0x00,0x41,0x08,0x82,0x08,0xA3,0x10,0xA2,0x10,
    0xA2,0x10,0x41,0x08,0x21,0x00,0x21,0x00,0x41,0x00,0x41,0x00,0x41,0x00,0x41,0x08,0x41,0x08,0x41,0x08,0x41,0x08,0x41,0x08,
    0x41,0x08,0x41,0x08,0x41,0x00,0x41,0x08,0xA2,0x10,0xE3,0x18,0xE3,0x18,0xC3,0x18,0x62,0x08,0x41,0x08,0x41,0x08,0x41,0x08,
    0x41,0x08,0x41,0x08,0x41,0x08,0x41,0x08,0x41,0x08,0x41,0x08,0x41,0x08,0x41,0x08,0x41,0x08,0x41,0x08,0x61,0x08,0xC3,0x18,
    0x04,0x21,0x04,0x21,0x04,0x19,0x82,0x10,0x41,0x08,0x41,0x08,0x61,0x08,0x61,0x08,0x61,0x08,0x61,0x08,0x61,0x08,0x61,0x08,
    0x61,0x08,0x61,0x08,0x61,0x08,0x61,0x08,0x61,0x08,0x82,0x10,0x04,0x19,0x45,0x21,0x45,0x21,0x25,0x21,0xA3,0x10,0x61,0x08,
    0x62,0x08,0x62,0x08,0x62,0x08,0x62,0x08,0x62,0x08,0x62,0x08,0x62,0x08,0x62,0x08,0x62,0x08,0x62,0x08,0x62,0x08,0x61,0x08,
    0x82,0x10,0x04,0x19,0x46,0x29,0x45,0x29,0x25,0x21,0xA3,0x10,0x62,0x08,0x62,0x08,0x62,0x08,0x62,0x08,0x62,0x08,0x62,0x08,
    0x62,0x08,0x62,0x08,0x62,0x08,0x62,0x08,0x62,0x08,0x62,0x08,0x61,0x08,0x82,0x10,0x04,0x19,0x46,0x29,0x45,0x29,0x25,0x21,
    0xA3,0x10,0x62,0x08,0x62,0x08,0x62,0x08,0x62,0x08,0x62,0x08,0x62,0x08,0x62,0x08,0x62,0x08,0x62,0x08,0x62,0x08,0x62,0x08,
    0x62,0x08,0x61,0x08,0x62,0x08,0xC3,0x18,0x45,0x21,0x45,0x29,0x45,0x21,0xC3,0x18,0x62,0x08,0x61,0x08,0x62,0x08,0x62,0x08,
    0x62,0x08,0x62,0x08,0x62,0x08,0x62,0x08,0x62,0x08,0x62,0x08,0x62,0x08,0x62,0x08,0x61,0x08,0x62,0x08,0xC3,0x18,0x45,0x21,
    0x45,0x29,0x45,0x21,0xC3,0x18,0x62,0x08,0x61,0x08,0x62,0x08,0x62,0x08,0x62,0x08,0x62,0x08,0x62,0x08,0x62,0x08,0x62,0x08,
    0x62,0x08,0x62,0x08,0x62,0x08,0x61,0x08,0x62,0x08,0xC3,0x18,0x45,0x21,0x45,0x29,0x45,0x21,0xC3,0x18,0x62,0x08,0x61,0x08,
    0x62,0x08,0x62,0x08,0x62,0x08,0x62,0x08,0x62,0x08,0x62,0x08,0x62,0x08,0x62,0x08,0x62,0x08,0x62,0x08,0x61,0x08,0x62,0x08,
    0xC3,0x18,0x45,0x21,0x45,0x29,0x45,0x21,0xC3,0x18,0x62,0x08,0x61,0x08,0x62,0x08,0x62,0x08,0x62,0x08,0x62,0x08,0x62,0x08,
    0x62,0x08,0x62,0x08,0x62,0x08,0x62,0x08,0x62,0x08,0x61,0x08,0x62,0x08,0xC3,0x18,0x45,0x21,0x45,0x29,0x45,0x21,0xC3,0x18,
    0x62,0x08,0x61,0x08,0x62,0x08,0x62,0x08,0x62,0x08,0x62,0x08,0x62,0x08,0x62,0x08,0x62,0x08,0x62,0x08,0x62,0x08,0x62,0x08,
    0x61,0x08,0x62,0x08,0xC3,0x18,0x45,0x21,0x45,0x29,0x45,0x21,0xC3,0x18,0x62,0x08,0x61,0x08,0x62,0x08,0x62,0x08,0x62,0x08,
    0x62,0x08,0x62,0x08,0x62,0x08,0x62,0x08,0x62,0x08,0x62,0x08,0x62,0x08,0x61,0x08,0x61,0x08,0xA2,0x10,0x25,0x21,0x45,0x21,
    0x45,0x21,0xE4,0x18,0x82,0x08,0x41,0x08,0x61,0x08,0x61,0x08,0x61,0x08,0x61,0x08,0x61,0x08,0x61,0x08,0x61,0x08,0x61,0x08,
    0x61,0x08,0x61,0x08,0x41,0x08,0x41,0x08,0x82,0x10,0xE4,0x18,0x04,0x19,0x04,0x19,0xC3,0x10,0x61,0x08,0x41,0x08,0x41,0x08,
    0x41,0x08,0x41,0x08,0x41,0x08,0x41,0x08,0x41,0x08,0x41,0x08,0x41,0x08,0x41,0x08,0x41,0x08,0x41,0x08,0x41,0x08,0x62,0x08,
    0xC3,0x10,0xC3,0x18,0xC3,0x18,0xA2,0x10,0x41,0x08,0x21,0x00,0x41,0x08,0x41,0x08,0x41,0x08,0x41,0x00,0x41,0x00,0x41,0x00,
    0x41,0x00,0x21,0x00,0x21,0x00,0x21,0x00,0x21,0x00,0x21,0x00,0x41,0x08,0x82,0x10,0xA2,0x10,0xA2,0x10,0x62,0x08,0x41,0x00,
    0x20,0x00,0x20,0x00,0x20,0x00,0x20,0x00,0x20,0x00,0x20,0x00,0x20,0x00,0x20,0x00,0x20,0x00,0x20,0x00,0x20,0x00,0x20,0x00,
    0x62,0x08,0x41,0x08,0x20,0x00,0x20,0x00,0x20,0x00,0x20,0x00,0x20,0x00,0x20,0x00,0x20,0x00,0x20,0x00,0x20,0x00,0x20,0x00,
    0x20,0x00,0x20,0x00,0x20,0x00,0x21,0x00,0x20,0x00,0x21,0x00,0xA2,0x10,0xA3,0x10,0x61,0x08,0x20,0x00,0x21,0x00,0x41,0x00,
    0x41,0x00,0x41,0x00,0x41,0x00,0x41,0x08,0x41,0x08,0x41,0x08,0x41,0x08,0x41,0x08,0x41,0x08,0x41,0x08,0x41,0x08,0x41,0x08,
    0x41,0x08,0xC3,0x18,0xE4,0x18,0x82,0x08,0x21,0x00,0x41,0x08,0x41,0x08,0x41,0x08,0x41,0x08,0x41,0x08,0x41,0x08,0x41,0x08,
    0x41,0x08,0x41,0x08,0x41,0x08,0x41,0x08,0x41,0x08,0x41,0x08,0x41,0x08,0x61,0x08,0x04,0x19,0x25,0x21,0x82,0x10,0x41,0x08,
    0x61,0x08,0x61,0x08,0x61,0x08,0x61,0x08,0x61,0x08,0x61,0x08,0x61,0x08,0x61,0x08,0x61,0x08,0x61,0x08,0x61,0x08,0x61,0x08,
    0x61,0x08,0x61,0x08,0x62,0x08,0x25,0x21,0x45,0x29,0xA3,0x10,0x41,0x08,0x62,0x08,0x62,0x08,0x62,0x08,0x62,0x08,0x62,0x08,
    0x62,0x08,0x62,0x08,0x62,0x08,0x62,0x08,0x62,0x08,0x62,0x08,0x62,0x08,0x62,0x08,0x62,0x08,0x82,0x08,0x45,0x21,0x66,0x29,
    0xC3,0x10,0x41,0x08,0x62,0x08,0x62,0x08,0x62,0x08,0x62,0x08,0x62,0x08,0x62,0x08,0x62,0x08,0x62,0x08,0x62,0x08,0x62,0x08,
    0x62,0x08,0x62,0x08,0x62,0x08,0x62,0x08,0x82,0x08,0x45,0x21,0x66,0x29,0xC3,0x10,0x41,0x08,0x62,0x08,0x62,0x08,0x62,0x08,
    0x62,0x08,0x62,0x08,0x62,0x08,0x62,0x08,0x62,0x08,0x62,0x08,0x62,0x08,0x62,0x08,0x62,0x08,0x62,0x08,0x62,0x08,0x61,0x08,
    0x04,0x19,0x66,0x29,0x04,0x19,0x61,0x08,0x62,0x08,0x62,0x08,0x62,0x08,0x62,0x08,0x62,0x08,0x62,0x08,0x62,0x08,0x62,0x08,
    0x62,0x08,0x62,0x08,0x62,0x08,0x62,0x08,0x62,0x08,0x62,0x08,0x61,0x08,0x04,0x19,0x66,0x29,0x04,0x19,0x61,0x08,0x62,0x08,
    0x62,0x08,0x62,0x08,0x62,0x08,0x62,0x08,0x62,0x08,0x62,0x08,0x62,0x08,0x62,0x08,0x62,0x08,0x62,0x08,0x62,0x08,0x62,0x08,
    0x62,0x08,0x61,0x08,0x04,0x19,0x66,0x29,0x04,0x19,0x61,0x08,0x62,0x08,0x62,0x08,0x62,0x08,0x62,0x08,0x62,0x08,0x62,0x08,
    0x62,0x08,0x62,0x08,0x62,0x08,0x62,0x08,0x62,0x08,0x62,0x08,0x62,0x08,0x62,0x08,0x61,0x08,0x04,0x19,0x66,0x29,0x04,0x19,
    0x61,0x08,0x62,0x08,0x62,0x08,0x62,0x08,0x62,0x08,0x62,0x08,0x62,0x08,0x62,0x08,0x62,0x08,0x62,0x08,0x62,0x08,0x62,0x08,
    0x62,0x08,0x62,0x08,0x62,0x08,0x61,0x08,0x04,0x19,0x66,0x29,0x04,0x19,0x61,0x08,0x62,0x08,0x62,0x08,0x62,0x08,0x62,0x08,
    0x62,0x08,0x62,0x08,0x62,0x08,0x62,0x08,0x62,0x08,0x62,0x08,0x62,0x08,0x62,0x08,0x62,0x08,0x62,0x08,0x61,0x08,0x04,0x19,
    0x66,0x29,0x04,0x19,0x61,0x08,0x62,0x08,0x62,0x08,0x62,0x08,0x62,0x08,0x62,0x08,0x62,0x08,0x62,0x08,0x62,0x08,0x62,0x08,
    0x62,0x08,0x62,0x08,0x62,0x08,0x62,0x08,0x62,0x08,0x41,0x08,0xA3,0x10,0x45,0x21,0x25,0x21,0x62,0x08,0x61,0x08,0x61,0x08,
    0x61,0x08,0x61,0x08,0x61,0x08,0x61,0x08,0x61,0x08,0x61,0x08,0x61,0x08,0x61,0x08,0x61,0x08,0x61,0x08,0x61,0x08,0x61,0x08,
    0x41,0x08,0x82,0x10,0x04,0x21,0xE4,0x18,0x61,0x08,0x41,0x08,0x41,0x08,0x41,0x08,0x41,0x08,0x41,0x08,0x41,0x08,0x41,0x08,
    0x41,0x08,0x41,0x08,0x41,0x08,0x41,0x08,0x41,0x08,0x41,0x08,0x41,0x08,0x21,0x00,0x62,0x08,0xE3,0x18,0xC3,0x10,0x41,0x08,
    0x41,0x00,0x41,0x08,0x41,0x08,0x41,0x08,0x41,0x08,0x41,0x00,0x41,0x00,0x41,0x00,0x41,0x00,0x21,0x00,0x21,0x00,0x21,0x00,
    0x21,0x00,0x21,0x00,0x20,0x00,0x41,0x08,0xA2,0x10,0x82,0x10,0x21,0x00,0x20,0x00,0x20,0x00,0x20,0x00,0x20,0x00,0x20,0x00,
    0x20,0x00,0x20,0x00,0x20,0x00,0x20,0x00,0x20,0x00,0x20,0x00,0x20,0x00,0x20,0x00,0x62,0x08,0x41,0x08,0x20,0x00,0x20,0x00,
    0x20,0x00,0x20,0x00,0x20,0x00,0x20,0x00,0x20,0x00,0x20,0x00,0x20,0x00,0x20,0x00,0x20,0x00,0x20,0x00,0x20,0x00,0x21,0x00,
    0x21,0x00,0x41,0x00,0xA2,0x10,0xA3,0x10,0x61,0x08,0x20,0x00,0x21,0x00,0x41,0x00,0x41,0x00,0x41,0x00,0x41,0x00,0x41,0x08,
    0x41,0x08,0x41,0x08,0x41,0x08,0x41,0x08,0x41,0x08,0x41,0x08,0x41,0x08,0x41,0x08,0x41,0x08,0xC3,0x18,0xE4,0x18,0x82,0x08,
    0x41,0x08,0x41,0x08,0x41,0x08,0x41,0x08,0x41,0x08,0x41,0x08,0x41,0x08,0x41,0x08,0x41,0x08,0x41,0x08,0x41,0x08,0x41,0x08,
    0x41,0x08,0x41,0x08,0x41,0x08,0x61,0x08,0x04,0x19,0x25,0x21,0x82,0x10,0x41,0x08,0x61,0x08,0x61,0x08,0x61,0x08,0x61,0x08,
    0x61,0x08,0x61,0x08,0x61,0x08,0x61,0x08,0x61,0x08,0x61,0x08,0x61,0x08,0x61,0x08,0x61,0x08,0x62,0x08,0x82,0x08,0x25,0x21,
    0x45,0x29,0xA3,0x10,0x61,0x08,0x62,0x08,0x62,0x08,0x62,0x08,0x62,0x08,0x62,0x08,0x62,0x08,0x62,0x08,0x62,0x08,0x62,0x08,
    0x62,0x08,0x62,0x08,0x62,0x08,0x62,0x08,0x62,0x08,0x82,0x10,0x45,0x21,0x66,0x29,0xC3,0x10,0x61,0x08,0x62,0x08,0x62,0x08,
    0x62,0x08,0x62,0x08,0x62,0x08,0x62,0x08,0x62,0x08,0x62,0x08,0x62,0x08,0x62,0x08,0x62,0x08,0x62,0x08,0x62,0x08,0x62,0x08,
    0x82,0x10,0x45,0x21,0x66,0x29,0xC3,0x10,0x61,0x08,0x62,0x08,0x62,0x08,0x62,0x08,0x62,0x08,0x62,0x08,0x62,0x08,0x62,0x08,
    0x62,0x08,0x62,0x08,0x62,0x08,0x62,0x08,0x62,0x08,0x62,0x08,0x62,0x08,0x61,0x08,0x04,0x19,0x66,0x29,0x04,0x19,0x61,0x08,
    0x62,0x08,0x62,0x08,0x62,0x08,0x62,0x08,0x62,0x08,0x62,0x08,0x62,0x08,0x62,0x08,0x62,0x08,0x62,0x08,0x62,0x08,0x62,0x08,
    0x62,0x08,0x62,0x08,0x61,0x08,0x04,0x19,0x66,0x29,0x04,0x19,0x61,0x08,0x62,0x08,0x62,0x08,0x62,0x08,0x62,0x08,0x62,0x08,
    0x62,0x08,0x62,0x08,0x62,0x08,0x62,0x08,0x62,0x08,0x62,0x08,0x62,0x08,0x62,0x08,0x62,0x08,0x61,0x08,0x04,0x19,0x66,0x29,
    0x04,0x19,0x61,0x08,0x62,0x08,0x62,0x08,0x62,0x08,0x62,0x08,0x62,0x08,0x62,0x08,0x62,0x08,0x62,0x08,0x62,0x08,0x62,0x08,
    0x62,0x08,0x62,0x08,0x62,0x08,0x62,0x08,0x61,0x08,0x04,0x19,0x66,0x29,0x04,0x19,0x61,0x08,0x62,0x08,0x62,0x08,0x62,0x08,
    0x62,0x08,0x62,0x08,0x62,0x08,0x62,0x08,0x62,0x08,0x62,0x08,0x62,0x08,0x62,0x08,0x62,0x08,0x62,0x08,0x62,0x08,0x61,0x08,
    0x04,0x19,0x66,0x29,0x04,0x19,0x61,0x08,0x62,0x08,0x62,0x08,0x62,0x08,0x62,0x08,0x62,0x08,0x62,0x08,0x62,0x08,0x62,0x08,
    0x62,0x08,0x62,0x08,0x62,0x08,0x62,0x08,0x62,0x08,0x62,0x08,0x61,0x08,0x04,0x19,0x66,0x29,0x04,0x19,0x61,0x08,0x62,0x08,
    0x62,0x08,0x62,0x08,0x62,0x08,0x62,0x08,0x62,0x08,0x62,0x08,0x62,0x08,0x62,0x08,0x62,0x08,0x62,0x08,0x62,0x08,0x62,0x08,
    0x62,0x08,0x61,0x08,0xA3,0x10,0x45,0x21,0x25,0x21,0x62,0x08,0x61,0x08,0x61,0x08,0x61,0x08,0x61,0x08,0x61,0x08,0x61,0x08,
    0x61,0x08,0x61,0x08,0x61,0x08,0x61,0x08,0x61,0x08,0x61,0x08,0x61,0x08,0x61,0x08,0x41,0x08,0x82,0x10,0x04,0x21,0xE4,0x18,
    0x61,0x08,0x41,0x08,0x41,0x08,0x41,0x08,0x41,0x08,0x41,0x08,0x41,0x08,0x41,0x08,0x41,0x08,0x41,0x08,0x41,0x08,0x41,0x08,
    0x41,0x08,0x41,0x08,0x41,0x08,0x41,0x00,0x62,0x08,0xE3,0x18,0xC3,0x10,0x41,0x08,0x41,0x08,0x41,0x08,0x41,0x08,0x41,0x08,
    0x41,0x08,0x41,0x00,0x41,0x00,0x41,0x00,0x41,0x00,0x21,0x00,0x21,0x00,0x21,0x00,0x21,0x00,0x21,0x00,0x20,0x00,0x41,0x08,
    0xA2,0x10,0x82,0x10,0x21,0x00,0x20,0x00,0x20,0x00,0x20,0x00,0x20,0x00,0x20,0x00,0x20,0x00,0x20,0x00,0x20,0x00,0x20,0x00,
    0x20,0x00,0x20,0x00,0x20,0x00,0x20,0x00,0x62,0x08,0x41,0x08,0x20,0x00,0x20,0x00,0x20,0x00,0x20,0x00,0x20,0x00,0x20,0x00,
    0x20,0x00,0x20,0x00,0x20,0x00,0x20,0x00,0x20,0x00,0x20,0x00,0x20,0x00,0x21,0x00,0x21,0x00,0x41,0x00,0xA2,0x10,0xA3,0x10,
    0x61,0x08,0x20,0x00,0x21,0x00,0x41,0x00,0x41,0x00,0x41,0x00,0x41,0x00,0x41,0x08,0x41,0x08,0x41,0x08,0x41,0x08,0x41,0x08,
    0x41,0x08,0x41,0x08,0x41,0x08,0x41,0x08,0x41,0x08,0xC3,0x18,0xE4,0x18,0x82,0x08,0x41,0x08,0x41,0x08,0x41,0x08,0x41,0x08,
    0x41,0x08,0x41,0x08,0x41,0x08,0x41,0x08,0x41,0x08,0x41,0x08,0x41,0x08,0x41,0x08,0x41,0x08,0x41,0x08,0x41,0x08,0x61,0x08,
    0x04,0x19,0x25,0x21,0x82,0x10,0x41,0x08,0x61,0x08,0x61,0x08,0x61,0x08,0x61,0x08,0x61,0x08,0x61,0x08,0x61,0x08,0x61,0x08,
    0x61,0x08,0x61,0x08,0x61,0x08,0x61,0x08,0x61,0x08,0x62,0x08,0x82,0x08,0x25,0x21,0x45,0x29,0xA3,0x10,0x61,0x08,0x62,0x08,
    0x62,0x08,0x62,0x08,0x62,0x08,0x62,0x08,0x62,0x08,0x62,0x08,0x62,0x08,0x62,0x08,0x62,0x08,0x62,0x08,0x62,0x08,0x62,0x08,
    0x62,0x08,0x82,0x10,0x45,0x21,0x66,0x29,0xC3,0x10,0x61,0x08,0x62,0x08,0x62,0x08,0x62,0x08,0x62,0x08,0x62,0x08,0x62,0x08,
    0x62,0x08,0x62,0x08,0x62,0x08,0x62,0x08,0x62,0x08,0x62,0x08,0x62,0x08,0x62,0x08,0x82,0x10,0x45,0x21,0x66,0x29,0xC3,0x10,
    0x61,0x08,0x62,0x08,0x62,0x08,0x62,0x08,0x62,0x08,0x62,0x08,0x62,0x08,0x62,0x08,0x62,0x08,0x62,0x08,0x62,0x08,0x62,0x08,
    0x62,0x08,0x62,0x08,0x62,0x08,0x61,0x08,0x04,0x19,0x66,0x29,0x04,0x19,0x61,0x08,0x62,0x08,0x62,0x08,0x62,0x08,0x62,0x08,
    0x62,0x08,0x62,0x08,0x62,0x08,0x62,0x08,0x62,0x08,0x62,0x08,0x62,0x08,0x62,0x08,0x62,0x08,0x62,0x08,0x61,0x08,0x04,0x19,
    0x66,0x29,0x04,0x19,0x61,0x08,0x62,0x08,0x62,0x08,0x62,0x08,0x62,0x08,0x62,0x08,0x62,0x08,0x62,0x08,0x62,0x08,0x62,0x08,
    0x62,0x08,0x62,0x08,0x62,0x08,0x62,0x08,0x62,0x08,0x61,0x08,0x04,0x19,0x66,0x29,0x04,0x19,0x61,0x08,0x62,0x08,0x62,0x08,
    0x62,0x08,0x62,0x08,0x62,0x08,0x62,0x08,0x62,0x08,0x62,0x08,0x62,0x08,0x62,0x08,0x62,0x08,0x62,0x08,0x62,0x08,0x62,0x08,
    0x61,0x08,0x04,0x19,0x66,0x29,0x04,0x19,0x61,0x08,0x62,0x08,0x62,0x08,0x62,0x08,0x62,0x08,0x62,0x08,0x62,0x08,0x62,0x08,
    0x62,0x08,0x62,0x08,0x62,0x08,0x62,0x08,0x62,0x08,0x62,0x08,0x62,0x08,0x61,0x08,0x04,0x19,0x66,0x29,0x04,0x19,0x61,0x08,
    0x62,0x08,0x62,0x08,0x62,0x08,0x62,0x08,0x62,0x08,0x62,0x08,0x62,0x08,0x62,0x08,0x62,0x08,0x62,0x08,0x62,0x08,0x62,0x08,
    0x62,0x08,0x62,0x08,0x61,0x08,0x04,0x19,0x66,0x29,0x04,0x19,0x61,0x08,0x62,0x08,0x62,0x08,0x62,0x08,0x62,0x08,0x62,0x08,
    0x62,0x08,0x62,0x08,0x62,0x08,0x62,0x08,0x62,0x08,0x62,0x08,0x62,0x08,0x62,0x08,0x62,0x08,0x61,0x08,0xA3,0x10,0x45,0x21,
    0x25,0x21,0x62,0x08,0x61,0x08,0x61,0x08,0x61,0x08,0x61,0x08,0x61,0x08,0x61,0x08,0x61,0x08,0x61,0x08,0x61,0x08,0x61,0x08,
    0x61,0x08,0x61,0x08,0x61,0x08,0x61,0x08,0x41,0x08,0x82,0x10,0x04,0x21,0xE4,0x18,0x61,0x08,0x41,0x08,0x41,0x08,0x41,0x08,
    0x41,0x08,0x41,0x08,0x41,0x08,0x41,0x08,0x41,0x08,0x41,0x08,0x41,0x08,0x41,0x08,0x41,0x08,0x41,0x08,0x41,0x08,0x41,0x00,
    0x62,0x08,0xE3,0x18,0xC3,0x10,0x41,0x08,0x41,0x08,0x41,0x08,0x41,0x08,0x41,0x08,0x41,0x08,0x41,0x00,0x41,0x00,0x41,0x00,
    0x41,0x00,0x21,0x00,0x21,0x00,0x21,0x00,0x21,0x00,0x21,0x00,0x20,0x00,0x41,0x08,0xA2,0x10,0x82,0x10,0x21,0x00,0x20,0x00,
    0x20,0x00,0x20,0x00,0x20,0x00,0x20,0x00,0x20,0x00,0x20,0x00,0x20,0x00,0x20,0x00,0x20,0x00,0x20,0x00,0x20,0x00,0x20,0x00,
    0x62,0x08,0x41,0x08,0x20,0x00,0x20,0x00,0x20,0x00,0x20,0x00,0x20,0x00,0x20,0x00,0x20,0x00,0x20,0x00,0x20,0x00,0x20,0x00,
    0x20,0x00,0x20,0x00,0x20,0x00,0x21,0x00,0x21,0x00,0x41,0x00,0xA2,0x10,0xA3,0x10,0x61,0x08,0x20,0x00,0x21,0x00,0x41,0x00,
    0x41,0x00,0x41,0x00,0x41,0x00,0x41,0x08,0x41,0x08,0x41,0x08,0x41,0x08,0x41,0x08,0x41,0x08,0x41,0x08,0x41,0x08,0x41,0x08,
    0x41,0x08,0xC3,0x18,0xE4,0x18,0x82,0x08,0x41,0x08,0x41,0x08,0x41,0x08,0x41,0x08,0x41,0x08,0x41,0x08,0x41,0x08,0x41,0x08,
    0x41,0x08,0x41,0x08,0x41,0x08,0x41,0x08,0x41,0x08,0x41,0x08,0x41,0x08,0x61,0x08,0x04,0x19,0x25,0x21,0x82,0x10,0x41,0x08,
    0x61,0x08,0x61,0x08,0x61,0x08,0x61,0x08,0x61,0x08,0x61,0x08,0x61,0x08,0x61,0x08,0x61,0x08,0x61,0x08,0x61,0x08,0x61,0x08,
    0x61,0x08,0x62,0x08,0x82,0x08,0x25,0x21,0x45,0x29,0xA3,0x10,0x61,0x08,0x62,0x08,0x62,0x08,0x62,0x08,0x62,0x08,0x62,0x08,
    0x62,0x08,0x62,0x08,0x62,0x08,0x62,0x08,0x62,0x08,0x62,0x08,0x62,0x08,0x62,0x08,0x62,0x08,0x82,0x10,0x45,0x21,0x66,0x29,
    0xC3,0x10,0x61,0x08,0x62,0x08,0x62,0x08,0x62,0x08,0x62,0x08,0x62,0x08,0x62,0x08,0x62,0x08,0x62,0x08,0x62,0x08,0x62,0x08,
    0x62,0x08,0x62,0x08,0x62,0x08,0x62,0x08,0x82,0x10,0x45,0x21,0x66,0x29,0xC3,0x10,0x61,0x08,0x62,0x08,0x62,0x08,0x62,0x08,
    0x62,0x08,0x62,0x08,0x62,0x08,0x62,0x08,0x62,0x08,0x62,0x08,0x62,0x08,0x62,0x08,0x62,0x08,0x62,0x08,0x62,0x08,0x61,0x08,
    0x04,0x19,0x66,0x29,0x04,0x19,0x61,0x08,0x62,0x08,0x62,0x08,0x62,0x08,0x62,0x08,0x62,0x08,0x62,0x08,0x62,0x08,0x62,0x08,
    0x62,0x08,0x62,0x08,0x62,0x08,0x62,0x08,0x62,0x08,0x62,0x08,0x61,0x08,0x04,0x19,0x66,0x29,0x04,0x19,0x61,0x08,0x62,0x08,
    0x62,0x08,0x62,0x08,0x62,0x08,0x62,0x08,0x62,0x08,0x62,0x08,0x62,0x08,0x62,0x08,0x62,0x08,0x62,0x08,0x62,0x08,0x62,0x08,
    0x62,0x08,0x61,0x08,0x04,0x19,0x66,0x29,0x04,0x19,0x61,0x08,0x62,0x08,0x62,0x08,0x62,0x08,0x62,0x08,0x62,0x08,0x62,0x08,
    0x62,0x08,0x62,0x08,0x62,0x08,0x62,0x08,0x62,0x08,0x62,0x08,0x62,0x08,0x62,0x08,0x61,0x08,0x04,0x19,0x66,0x29,0x04,0x19,
    0x61,0x08,0x62,0x08,0x62,0x08,0x62,0x08,0x62,0x08,0x62,0x08,0x62,0x08,0x62,0x08,0x62,0x08,0x62,0x08,0x62,0x08,0x62,0x08,
    0x62,0x08,0x62,0x08,0x62,0x08,0x61,0x08,0x04,0x19,0x66,0x29,0x04,0x19,0x61,0x08,0x62,0x08,0x62,0x08,0x62,0x08,0x62,0x08,
    0x62,0x08,0x62,0x08,0x62,0x08,0x62,0x08,0x62,0x08,0x62,0x08,0x62,0x08,0x62,0x08,0x62,0x08,0x62,0x08,0x61,0x08,0x04,0x19,
    0x66,0x29,0x04,0x19,0x61,0x08,0x62,0x08,0x62,0x08,0x62,0x08,0x62,0x08,0x62,0x08,0x62,0x08,0x62,0x08,0x62,0x08,0x62,0x08,
    0x62,0x08,0x62,0x08,0x62,0x08,0x62,0x08,0x62,0x08,0x61,0x08,0xA3,0x10,0x45,0x21,0x25,0x21,0x62,0x08,0x61,0x08,0x61,0x08,
    0x61,0x08,0x61,0x08,0x61,0x08,0x61,0x08,0x61,0x08,0x61,0x08,0x61,0x08,0x61,0x08,0x61,0x08,0x61,0x08,0x61,0x08,0x61,0x08,
    0x41,0x08,0x82,0x10,0x04,0x21,0xE4,0x18,0x61,0x08,0x41,0x08,0x41,0x08,0x41,0x08,0x41,0x08,0x41,0x08,0x41,0x08,0x41,0x08,
    0x41,0x08,0x41,0x08,0x41,0x08,0x41,0x08,0x41,0x08,0x41,0x08,0x41,0x08,0x41,0x00,0x62,0x08,0xE3,0x18,0xC3,0x10,0x41,0x08,
    0x41,0x08,0x41,0x08,0x41,0x08,0x41,0x08,0x41,0x08,0x41,0x00,0x41,0x00,0x41,0x00,0x41,0x00,0x21,0x00,0x21,0x00,0x21,0x00,
    0x21,0x00,0x21,0x00,0x20,0x00,0x41,0x08,0xA2,0x10,0x82,0x10,0x21,0x00,0x20,0x00,0x20,0x00,0x20,0x00,0x20,0x00,0x20,0x00,
    0x20,0x00,0x20,0x00,0x20,0x00,0x20,0x00,0x20,0x00,0x20,0x00,0x20,0x00,0x20,0x00,0x62,0x08,0x41,0x08,0x20,0x00,0x20,0x00,
    0x20,0x00,0x20,0x00,0x20,0x00,0x20,0x00,0x20,0x00,0x20,0x00,0x20,0x00,0x20,0x00,0x20,0x00,0x20,0x00,0x20,0x00,0x21,0x00,
    0x21,0x00,0x41,0x00,0xA2,0x10,0xA3,0x10,0x61,0x08,0x20,0x00,0x21,0x00,0x41,0x00,0x41,0x00,0x41,0x00,0x41,0x00,0x41,0x08,
    0x41,0x08,0x41,0x08,0x41,0x08,0x41,0x08,0x41,0x08,0x41,0x08,0x41,0x08,0x41,0x08,0x41,0x08,0xC3,0x18,0xE4,0x18,0x82,0x08,
    0x41,0x08,0x41,0x08,0x41,0x08,0x41,0x08,0x41,0x08,0x41,0x08,0x41,0x08,0x41,0x08,0x41,0x08,0x41,0x08,0x41,0x08,0x41,0x08,
    0x41,0x08,0x41,0x08,0x41,0x08,0x61,0x08,0x04,0x19,0x25,0x21,0x82,0x10,0x41,0x08,0x61,0x08,0x61,0x08,0x61,0x08,0x61,0x08,
    0x61,0x08,0x61,0x08,0x61,0x08,0x61,0x08,0x61,0x08,0x61,0x08,0x61,0x08,0x61,0x08,0x61,0x08,0x62,0x08,0x82,0x08,0x25,0x21,
    0x45,0x29,0xA3,0x10,0x61,0x08,0x62,0x08,0x62,0x08,0x62,0x08,0x62,0x08,0x62,0x08,0x62,0x08,0x62,0x08,0x62,0x08,0x62,0x08,
    0x62,0x08,0x62,0x08,0x62,0x08,0x62,0x08,0x62,0x08,0x82,0x10,0x45,0x21,0x66,0x29,0xC3,0x10,0x61,0x08,0x62,0x08,0x62,0x08,
    0x62,0x08,0x62,0x08,0x62,0x08,0x62,0x08,0x62,0x08,0x62,0x08,0x62,0x08,0x62,0x08,0x62,0x08,0x62,0x08,0x62,0x08,0x62,0x08,
    0x82,0x10,0x45,0x21,0x66,0x29,0xC3,0x10,0x61,0x08,0x62,0x08,0x62,0x08,0x62,0x08,0x62,0x08,0x62,0x08,0x62,0x08,0x62,0x08,
    0x62,0x08,0x62,0x08,0x62,0x08,0x62,0x08,0x62,0x08,0x62,0x08,0x62,0x08,0x61,0x08,0x04,0x19,0x66,0x29,0x04,0x19,0x61,0x08,
    0x62,0x08,0x62,0x08,0x62,0x08,0x62,0x08,0x62,0x08,0x62,0x08,0x62,0x08,0x62,0x08,0x62,0x08,0x62,0x08,0x62,0x08,0x62,0x08,
    0x62,0x08,0x62,0x08,0x61,0x08,0x04,0x19,0x66,0x29,0x04,0x19,0x61,0x08,0x62,0x08,0x62,0x08,0x62,0x08,0x62,0x08,0x62,0x08,
    0x62,0x08,0x62,0x08,0x62,0x08,0x62,0x08,0x62,0x08,0x62,0x08,0x62,0x08,0x62,0x08,0x62,0x08,0x61,0x08,0x04,0x19,0x66,0x29,
    0x04,0x19,0x61,0x08,0x62,0x08,0x62,0x08,0x62,0x08,0x62,0x08,0x62,0x08,0x62,0x08,0x62,0x08,0x62,0x08,0x62,0x08,0x62,0x08,
    0x62,0x08,0x62,0x08,0x62,0x08,0x62,0x08,0x61,0x08,0x04,0x19,0x66,0x29,0x04,0x19,0x61,0x08,0x62,0x08,0x62,0x08,0x62,0x08,
    0x62,0x08,0x62,0x08,0x62,0x08,0x62,0x08,0x62,0x08,0x62,0x08,0x62,0x08,0x62,0x08,0x62,0x08,0x62,0x08,0x62,0x08,0x61,0x08,
    0x04,0x19,0x66,0x29,0x04,0x19,0x61,0x08,0x62,0x08,0x62,0x08,0x62,0x08,0x62,0x08,0x62,0x08,0x62,0x08,0x62,0x08,0x62,0x08,
    0x62,0x08,0x62,0x08,0x62,0x08,0x62,0x08,0x62,0x08,0x62,0x08,0x61,0x08,0x04,0x19,0x66,0x29,0x04,0x19,0x61,0x08,0x62,0x08,
    0x62,0x08,0x62,0x08,0x62,0x08,0x62,0x08,0x62,0x08,0x62,0x08,0x62,0x08,0x62,0x08,0x62,0x08,0x62,0x08,0x62,0x08,0x62,0x08,
    0x62,0x08,0x61,0x08,0xA3,0x10,0x45,0x21,0x25,0x21,0x62,0x08,0x61,0x08,0x61,0x08,0x61,0x08,0x61,0x08,0x61,0x08,0x61,0x08,
    0x61,0x08,0x61,0x08,0x61,0x08,0x61,0x08,0x61,0x08,0x61,0x08,0x61,0x08,0x61,0x08,0x41,0x08,0x82,0x10,0x04,0x21,0xE4,0x18,
    0x61,0x08,0x41,0x08,0x41,0x08,0x41,0x08,0x41,0x08,0x41,0x08,0x41,0x08,0x41,0x08,0x41,0x08,0x41,0x08,0x41,0x08,0x41,0x08,
    0x41,0x08,0x41,0x08,0x41,0x08,0x41,0x00,0x62,0x08,0xE3,0x18,0xC3,0x10,0x41,0x08,0x41,0x08,0x41,0x08,0x41,0x08,0x41,0x08,
    0x41,0x08,0x41,0x00,0x41,0x00,0x41,0x00,0x41,0x00,0x21,0x00,0x21,0x00,0x21,0x00,0x21,0x00,0x21,0x00,0x20,0x00,0x41,0x08,
    0xA2,0x10,0x82,0x10,0x21,0x00,0x20,0x00,0x20,0x00,0x20,0x00,0x20,0x00,0x20,0x00,0x20,0x00,0x20,0x00,0x20,0x00,0x20,0x00,
    0x20,0x00,0x20,0x00,0x20,0x00,0x20,0x00,0x62,0x08,0x41,0x08,0x20,0x00,0x20,0x00,0x20,0x00,0x20,0x00,0x20,0x00,0x20,0x00,
    0x20,0x00,0x20,0x00,0x20,0x00,0x20,0x00,0x20,0x00,0x20,0x00,0x20,0x00,0x21,0x00,0x21,0x00,0x41,0x00,0xA2,0x10,0xA3,0x10,
    0x61,0x08,0x20,0x00,0x21,0x00,0x41,0x00,0x41,0x00,0x41,0x00,0x41,0x00,0x41,0x08,0x41,0x08,0x41,0x08,0x41,0x08,0x41,0x08,
    0x41,0x08,0x41,0x08,0x41,0x08,0x41,0x08,0x41,0x08,0xC3,0x18,0xE4,0x18,0x82,0x08,0x41,0x08,0x41,0x08,0x41,0x08,0x41,0x08,
    0x41,0x08,0x41,0x08,0x41,0x08,0x41,0x08,0x41,0x08,0x41,0x08,0x41,0x08,0x41,0x08,0x41,0x08,0x41,0x08,0x41,0x08,0x61,0x08,
    0x04,0x19,0x25,0x21,0x82,0x10,0x41,0x08,0x61,0x08,0x61,0x08,0x61,0x08,0x61,0x08,0x61,0x08,0x61,0x08,0x61,0x08,0x61,0x08,
    0x61,0x08,0x61,0x08,0x61,0x08,0x61,0x08,0x61,0x08,0x62,0x08,0x82,0x08,0x25,0x21,0x45,0x29,0xA3,0x10,0x61,0x08,0x62,0x08,
    0x62,0x08,0x62,0x08,0x62,0x08,0x62,0x08,0x62,0x08,0x62,0x08,0x62,0x08,0x62,0x08,0x62,0x08,0x62,0x08,0x62,0x08,0x62,0x08,
    0x62,0x08,0x82,0x10,0x45,0x21,0x66,0x29,0xC3,0x10,0x61,0x08,0x62,0x08,0x62,0x08,0x62,0x08,0x62,0x08,0x62,0x08,0x62,0x08,
    0x62,0x08,0x62,0x08,0x62,0x08,0x62,0x08,0x62,0x08,0x62,0x08,0x62,0x08,0x62,0x08,0x82,0x10,0x45,0x21,0x66,0x29,0xC3,0x10,
    0x61,0x08,0x62,0x08,0x62,0x08,0x62,0x08,0x62,0x08,0x62,0x08,0x62,0x08,0x62,0x08,0x62,0x08,0x62,0x08,0x62,0x08,0x62,0x08,
    0x62,0x08,0x62,0x08,0x62,0x08,0x61,0x08,0x04,0x19,0x66,0x29,0x04,0x19,0x61,0x08,0x62,0x08,0x62,0x08,0x62,0x08,0x62,0x08,
    0x62,0x08,0x62,0x08,0x62,0x08,0x62,0x08,0x62,0x08,0x62,0x08,0x62,0x08,0x62,0x08,0x62,0x08,0x62,0x08,0x61,0x08,0x04,0x19,
    0x66,0x29,0x04,0x19,0x61,0x08,0x62,0x08,0x62,0x08,0x62,0x08,0x62,0x08,0x62,0x08,0x62,0x08,0x62,0x08,0x62,0x08,0x62,0x08,
    0x62,0x08,0x62,0x08,0x62,0x08,0x62,0x08,0x62,0x08,0x61,0x08,0x04,0x19,0x66,0x29,0x04,0x19,0x61,0x08,0x62,0x08,0x62,0x08,
    0x62,0x08,0x62,0x08,0x62,0x08,0x62,0x08,0x62,0x08,0x62,0x08,0x62,0x08,0x62,0x08,0x62,0x08,0x62,0x08,0x62,0x08,0x62,0x08,
    0x61,0x08,0x04,0x19,0x66,0x29,0x04,0x19,0x61,0x08,0x62,0x08,0x62,0x08,0x62,0x08,0x62,0x08,0x62,0x08,0x62,0x08,0x62,0x08,
    0x62,0x08,0x62,0x08,0x62,0x08,0x62,0x08,0x62,0x08,0x62,0x08,0x62,0x08,0x61,0x08,0x04,0x19,0x66,0x29,0x04,0x19,0x61,0x08,
    0x62,0x08,0x62,0x08,0x62,0x08,0x62,0x08,0x62,0x08,0x62,0x08,0x62,0x08,0x62,0x08,0x62,0x08,0x62,0x08,0x62,0x08,0x62,0x08,
    0x62,0x08,0x62,0x08,0x61,0x08,0x04,0x19,0x66,0x29,0x04,0x19,0x61,0x08,0x62,0x08,0x62,0x08,0x62,0x08,0x62,0x08,0x62,0x08,
    0x62,0x08,0x62,0x08,0x62,0x08,0x62,0x08,0x62,0x08,0x62,0x08,0x62,0x08,0x62,0x08,0x62,0x08,0x61,0x08,0xA3,0x10,0x45,0x21,
    0x25,0x21,0x62,0x08,0x61,0x08,0x61,0x08,0x61,0x08,0x61,0x08,0x61,0x08,0x61,0x08,0x61,0x08,0x61,0x08,0x61,0x08,0x61,0x08,
    0x61,0x08,0x61,0x08,0x61,0x08,0x61,0x08,0x41,0x08,0x82,0x10,0x04,0x21,0xE4,0x18,0x61,0x08,0x41,0x08,0x41,0x08,0x41,0x08,
    0x41,0x08,0x41,0x08,0x41,0x08,0x41,0x08,0x41,0x08,0x41,0x08,0x41,0x08,0x41,0x08,0x41,0x08,0x41,0x08,0x41,0x08,0x41,0x00,
    0x62,0x08,0xE3,0x18,0xC3,0x10,0x41,0x08,0x41,0x08,0x41,0x08,0x41,0x08,0x41,0x08,0x41,0x08,0x41,0x00,0x41,0x00,0x41,0x00,
    0x41,0x00,0x21,0x00,0x21,0x00,0x21,0x00,0x21,0x00,0x21,0x00,0x20,0x00,0x41,0x08,0xA2,0x10,0x82,0x10,0x21,0x00,0x20,0x00,
    0x20,0x00,0x20,0x00,0x20,0x00,0x20,0x00,0x20,0x00,0x20,0x00,0x20,0x00,0x20,0x00,0x20,0x00,0x20,0x00,0x20,0x00,0x20,0x00,
    0x62,0x08,0x41,0x08,0x20,0x00,0x20,0x00,0x20,0x00,0x20,0x00,0x20,0x00,0x20,0x00,0x20,0x00,0x20,0x00,0x20,0x00,0x20,0x00,
    0x20,0x00,0x20,0x00,0x20,0x00,0x21,0x00,0x21,0x00,0x41,0x00,0xA2,0x10,0xA3,0x10,0x61,0x08,0x20,0x00,0x21,0x00,0x41,0x00,
    0x41,0x00,0x41,0x00,0x41,0x00,0x41,0x08,0x41,0x08,0x41,0x08,0x41,0x08,0x41,0x08,0x41,0x08,0x41,0x08,0x41,0x08,0x41,0x08,
    0x41,0x08,0xC3,0x18,0xE4,0x18,0x82,0x08,0x41,0x08,0x41,0x08,0x41,0x08,0x41,0x08,0x41,0x08,0x41,0x08,0x41,0x08,0x41,0x08,
    0x41,0x08,0x41,0x08,0x41,0x08,0x41,0x08,0x41,0x08,0x41,0x08,0x41,0x08,0x61,0x08,0x04,0x19,0x25,0x21,0x82,0x10,0x41,0x08,
    0x61,0x08,0x61,0x08,0x61,0x08,0x61,0x08,0x61,0x08,0x61,0x08,0x61,0x08,0x61,0x08,0x61,0x08,0x61,0x08,0x61,0x08,0x61,0x08,
    0x61,0x08,0x62,0x08,0x82,0x08,0x25,0x21,0x45,0x29,0xA3,0x10,0x61,0x08,0x62,0x08,0x62,0x08,0x62,0x08,0x62,0x08,0x62,0x08,
    0x62,0x08,0x62,0x08,0x62,0x08,0x62,0x08,0x62,0x08,0x62,0x08,0x62,0x08,0x62,0x08,0x62,0x08,0x82,0x10,0x45,0x21,0x66,0x29,
    0xC3,0x10,0x61,0x08,0x62,0x08,0x62,0x08,0x62,0x08,0x62,0x08,0x62,0x08,0x62,0x08,0x62,0x08,0x62,0x08,0x62,0x08,0x62,0x08,
    0x62,0x08,0x62,0x08,0x62,0x08,0x62,0x08,0x82,0x10,0x45,0x21,0x66,0x29,0xC3,0x10,0x61,0x08,0x62,0x08,0x62,0x08,0x62,0x08,
    0x62,0x08,0x62,0x08,0x62,0x08,0x62,0x08,0x62,0x08,0x62,0x08,0x62,0x08,0x62,0x08,0x62,0x08,0x62,0x08,0x62,0x08,0x61,0x08,
    0x04,0x19,0x66,0x29,0x04,0x19,0x61,0x08,0x62,0x08,0x62,0x08,0x62,0x08,0x62,0x08,0x62,0x08,0x62,0x08,0x62,0x08,0x62,0x08,
    0x62,0x08,0x62,0x08,0x62,0x08,0x62,0x08,0x62,0x08,0x62,0x08,0x61,0x08,0x04,0x19,0x66,0x29,0x04,0x19,0x61,0x08,0x62,0x08,
    0x62,0x08,0x62,0x08,0x62,0x08,0x62,0x08,0x62,0x08,0x62,0x08,0x62,0x08,0x62,0x08,0x62,0x08,0x62,0x08,0x62,0x08,0x62,0x08,
    0x62,0x08,0x61,0x08,0x04,0x19,0x66,0x29,0x04,0x19,0x61,0x08,0x62,0x08,0x62,0x08,0x62,0x08,0x62,0x08,0x62,0x08,0x62,0x08,
    0x62,0x08,0x62,0x08,0x62,0x08,0x62,0x08,0x62,0x08,0x62,0x08,0x62,0x08,0x62,0x08,0x61,0x08,0x04,0x19,0x66,0x29,0x04,0x19,
    0x61,0x08,0x62,0x08,0x62,0x08,0x62,0x08,0x62,0x08,0x62,0x08,0x62,0x08,0x62,0x08,0x62,0x08,0x62,0x08,0x62,0x08,0x62,0x08,
    0x62,0x08,0x62,0x08,0x62,0x08,0x61,0x08,0x04,0x19,0x66,0x29,0x04,0x19,0x61,0x08,0x62,0x08,0x62,0x08,0x62,0x08,0x62,0x08,
    0x62,0x08,0x62,0x08,0x62,0x08,0x62,0x08,0x62,0x08,0x62,0x08,0x62,0x08,0x62,0x08,0x62,0x08,0x62,0x08,0x61,0x08,0x04,0x19,
    0x66,0x29,0x04,0x19,0x61,0x08,0x62,0x08,0x62,0x08,0x62,0x08,0x62,0x08,0x62,0x08,0x62,0x08,0x62,0x08,0x62,0x08,0x62,0x08,
    0x62,0x08,0x62,0x08,0x62,0x08,0x62,0x08,0x62,0x08,0x61,0x08,0xA3,0x10,0x45,0x21,0x25,0x21,0x62,0x08,0x61,0x08,0x61,0x08,
    0x61,0x08,0x61,0x08,0x61,0x08,0x61,0x08,0x61,0x08,0x61,0x08,0x61,0x08,0x61,0x08,0x61,0x08,0x61,0x08,0x61,0x08,0x61,0x08,
    0x41,0x08,0x82,0x10,0x04,0x21,0xE4,0x18,0x61,0x08,0x41,0x08,0x41,0x08,0x41,0x08,0x41,0x08,0x41,0x08,0x41,0x08,0x41,0x08,
    0x41,0x08,0x41,0x08,0x41,0x08,0x41,0x08,0x41,0x08,0x41,0x08,0x41,0x08,0x41,0x00,0x62,0x08,0xE3,0x18,0xC3,0x10,0x41,0x08,
    0x41,0x08,0x41,0x08,0x41,0x08,0x41,0x08,0x41,0x08,0x41,0x00,0x41,0x00,0x41,0x00,0x41,0x00,0x21,0x00,0x21,0x00,0x21,0x00,
    0x21,0x00,0x21,0x00,0x20,0x00,0x41,0x08,0xA2,0x10,0x82,0x10,0x21,0x00,0x20,0x00,0x20,0x00,0x20,0x00,0x20,0x00,0x20,0x00,
    0x20,0x00,0x20,0x00,0x20,0x00,0x20,0x00,0x20,0x00,0x20,0x00,0x20,0x00,0x20,0x00,0x62,0x08,0x41,0x08,0x20,0x00,0x20,0x00,
    0x20,0x00,0x20,0x00,0x20,0x00,0x20,0x00,0x20,0x00,0x20,0x00,0x20,0x00,0x20,0x00,0x20,0x00,0x20,0x00,0x20,0x00,0x21,0x00,
    0x21,0x00,0x41,0x00,0xA2,0x10,0xA3,0x10,0x61,0x08,0x20,0x00,0x21,0x00,0x41,0x00,0x41,0x00,0x41,0x00,0x41,0x00,0x41,0x08,
    0x41,0x08,0x41,0x08,0x41,0x08,0x41,0x08,0x41,0x08,0x41,0x08,0x41,0x08,0x41,0x08,0x41,0x08,0xC3,0x18,0xE4,0x18,0x82,0x08,
    0x41,0x08,0x41,0x08,0x41,0x08,0x41,0x08,0x41,0x08,0x41,0x08,0x41,0x08,0x41,0x08,0x41,0x08,0x41,0x08,0x41,0x08,0x41,0x08,
    0x41,0x08,0x41,0x08,0x41,0x08,0x61,0x08,0x04,0x19,0x25,0x21,0x82,0x10,0x41,0x08,0x61,0x08,0x61,0x08,0x61,0x08,0x61,0x08,
    0x61,0x08,0x61,0x08,0x61,0x08,0x61,0x08,0x61,0x08,0x61,0x08,0x61,0x08,0x61,0x08,0x61,0x08,0x62,0x08,0x82,0x08,0x25,0x21,
    0x45,0x29,0xA3,0x10,0x61,0x08,0x62,0x08,0x62,0x08,0x62,0x08,0x62,0x08,0x62,0x08,0x62,0x08,0x62,0x08,0x62,0x08,0x62,0x08,
    0x62,0x08,0x62,0x08,0x62,0x08,0x62,0x08,0x62,0x08,0x82,0x10,0x45,0x21,0x66,0x29,0xC3,0x10,0x61,0x08,0x62,0x08,0x62,0x08,
    0x62,0x08,0x62,0x08,0x62,0x08,0x62,0x08,0x62,0x08,0x62,0x08,0x62,0x08,0x62,0x08,0x62,0x08,0x62,0x08,0x62,0x08,0x62,0x08,
    0x82,0x10,0x45,0x21,0x66,0x29,0xC3,0x10,0x61,0x08,0x62,0x08,0x62,0x08,0x62,0x08,0x62,0x08,0x62,0x08,0x62,0x08,0x62,0x08,
    0x62,0x08,0x62,0x08,0x62,0x08,0x62,0x08,0x62,0x08,0x62,0x08,0x62,0x08,0x61,0x08,0x04,0x19,0x66,0x29,0x04,0x19,0x61,0x08,
    0x62,0x08,0x62,0x08,0x62,0x08,0x62,0x08,0x62,0x08,0x62,0x08,0x62,0x08,0x62,0x08,0x62,0x08,0x62,0x08,0x62,0x08,0x62,0x08,
    0x62,0x08,0x62,0x08,0x61,0x08,0x04,0x19,0x66,0x29,0x04,0x19,0x61,0x08,0x62,0x08,0x62,0x08,0x62,0x08,0x62,0x08,0x62,0x08,
    0x62,0x08,0x62,0x08,0x62,0x08,0x62,0x08,0x62,0x08,0x62,0x08,0x62,0x08,0x62,0x08,0x62,0x08,0x61,0x08,0x04,0x19,0x66,0x29,
    0x04,0x19,0x61,0x08,0x62,0x08,0x62,0x08,0x62,0x08,0x62,0x08,0x62,0x08,0x62,0x08,0x62,0x08,0x62,0x08,0x62,0x08,0x62,0x08,
    0x62,0x08,0x62,0x08,0x62,0x08,0x62,0x08,0x61,0x08,0x04,0x19,0x66,0x29,0x04,0x19,0x61,0x08,0x62,0x08,0x62,0x08,0x62,0x08,
    0x62,0x08,0x62,0x08,0x62,0x08,0x62,0x08,0x62,0x08,0x62,0x08,0x62,0x08,0x62,0x08,0x62,0x08,0x62,0x08,0x62,0x08,0x61,0x08,
    0x04,0x19,0x66,0x29,0x04,0x19,0x61,0x08,0x62,0x08,0x62,0x08,0x62,0x08,0x62,0x08,0x62,0x08,0x62,0x08,0x62,0x08,0x62,0x08,
    0x62,0x08,0x62,0x08,0x62,0x08,0x62,0x08,0x62,0x08,0x62,0x08,0x61,0x08,0x04,0x19,0x66,0x29,0x04,0x19,0x61,0x08,0x62,0x08,
    0x62,0x08,0x62,0x08,0x62,0x08,0x62,0x08,0x62,0x08,0x62,0x08,0x62,0x08,0x62,0x08,0x62,0x08,0x62,0x08,0x62,0x08,0x62,0x08,
    0x62,0x08,0x61,0x08,0xA3,0x10,0x45,0x21,0x25,0x21,0x62,0x08,0x61,0x08,0x61,0x08,0x61,0x08,0x61,0x08,0x61,0x08,0x61,0x08,
    0x61,0x08,0x61,0x08,0x61,0x08,0x61,0x08,0x61,0x08,0x61,0x08,0x61,0x08,0x61,0x08,0x41,0x08,0x82,0x10,0x04,0x21,0xE4,0x18,
    0x61,0x08,0x41,0x08,0x41,0x08,0x41,0x08,0x41,0x08,0x41,0x08,0x41,0x08,0x41,0x08,0x41,0x08,0x41,0x08,0x41,0x08,0x41,0x08,
    0x41,0x08,0x41,0x08,0x41,0x08,0x41,0x00,0x62,0x08,0xE3,0x18,0xC3,0x10,0x41,0x08,0x41,0x08,0x41,0x08,0x41,0x08,0x41,0x08,
    0x41,0x08,0x41,0x00,0x41,0x00,0x41,0x00,0x41,0x00,0x21,0x00,0x21,0x00,0x21,0x00,0x21,0x00,0x21,0x00,0x20,0x00,0x41,0x08,
    0xA2,0x10,0x82,0x10,0x21,0x00,0x20,0x00,0x20,0x00,0x20,0x00,0x20,0x00,0x20,0x00,0x20,0x00,0x20,0x00,0x20,0x00,0x20,0x00,
    0x20,0x00,0x20,0x00,0x20,0x00,0x20,0x00,0x62,0x08,0x41,0x00,0x20,0x00,0x20,0x00,0x20,0x00,0x20,0x00,0x20,0x00,0x20,0x00,
    0x20,0x00,0x20,0x00,0x20,0x00,0x20,0x00,0x20,0x00,0x20,0x00,0x20,0x00,0x21,0x00,0x21,0x00,0x21,0x00,0xA2,0x10,0xA3,0x10,
    0x41,0x08,0x20,0x00,0x21,0x00,0x41,0x00,0x41,0x00,0x41,0x00,0x41,0x00,0x41,0x08,0x41,0x08,0x41,0x08,0x41,0x08,0x41,0x08,
    0x41,0x08,0x41,0x08,0x41,0x08,0x41,0x08,0x41,0x08,0xC3,0x18,0xE4,0x18,0x62,0x08,0x41,0x08,0x41,0x08,0x41,0x08,0x41,0x08,
    0x41,0x08,0x41,0x08,0x41,0x08,0x41,0x08,0x41,0x08,0x41,0x08,0x41,0x08,0x41,0x08,0x41,0x08,0x41,0x08,0x41,0x08,0x61,0x08,
    0x04,0x19,0x25,0x21,0x82,0x10,0x41,0x08,0x61,0x08,0x61,0x08,0x61,0x08,0x61,0x08,0x61,0x08,0x61,0x08,0x61,0x08,0x61,0x08,
    0x61,0x08,0x61,0x08,0x61,0x08,0x61,0x08,0x61,0x08,0x62,0x08,0x62,0x08,0x25,0x21,0x45,0x29,0xA3,0x10,0x61,0x08,0x62,0x08,
    0x62,0x08,0x62,0x08,0x62,0x08,0x62,0x08,0x62,0x08,0x62,0x08,0x62,0x08,0x62,0x08,0x62,0x08,0x62,0x08,0x62,0x08,0x62,0x08,
    0x62,0x08,0x82,0x08,0x45,0x21,0x66,0x29,0xA3,0x10,0x61,0x08,0x62,0x08,0x62,0x08,0x62,0x08,0x62,0x08,0x62,0x08,0x62,0x08,
    0x62,0x08,0x62,0x08,0x62,0x08,0x62,0x08,0x62,0x08,0x62,0x08,0x62,0x08,0x62,0x08,0x82,0x08,0x45,0x21,0x66,0x29,0xA3,0x10,
    0x61,0x08,0x62,0x08,0x62,0x08,0x62,0x08,0x62,0x08,0x62,0x08,0x62,0x08,0x62,0x08,0x62,0x08,0x62,0x08,0x62,0x08,0x62,0x08,
    0x62,0x08,0x62,0x08,0x82,0x08,0x61,0x08,0x04,0x19,0x66,0x29,0x04,0x19,0x61,0x08,0x62,0x08,0x62,0x08,0x62,0x08,0x62,0x08,
    0x62,0x08,0x62,0x08,0x62,0x08,0x62,0x08,0x62,0x08,0x62,0x08,0x62,0x08,0x62,0x08,0x62,0x08,0x82,0x08,0x61,0x08,0x04,0x19,
    0x66,0x29,0x04,0x19,0x61,0x08,0x62,0x08,0x62,0x08,0x62,0x08,0x62,0x08,0x62,0x08,0x62,0x08,0x62,0x08,0x62,0x08,0x62,0x08,
    0x62,0x08,0x62,0x08,0x62,0x08,0x62,0x08,0x82,0x08,0x61,0x08,0x04,0x19,0x66,0x29,0x04,0x19,0x61,0x08,0x62,0x08,0x62,0x08,
    0x62,0x08,0x62,0x08,0x62,0x08,0x62,0x08,0x62,0x08,0x62,0x08,0x62,0x08,0x62,0x08,0x62,0x08,0x62,0x08,0x62,0x08,0x82,0x08,
    0x61,0x08,0x04,0x19,0x66,0x29,0x04,0x19,0x61,0x08,0x82,0x08,0x62,0x08,0x62,0x08,0x62,0x08,0x62,0x08,0x62,0x08,0x62,0x08,
    0x62,0x08,0x62,0x08,0x62,0x08,0x62,0x08,0x62,0x08,0x62,0x08,0x62,0x08,0x61,0x08,0x04,0x19,0x66,0x29,0x04,0x19,0x61,0x08,
    0x82,0x08,0x62,0x08,0x62,0x08,0x62,0x08,0x62,0x08,0x62,0x08,0x62,0x08,0x62,0x08,0x62,0x08,0x62,0x08,0x62,0x08,0x62,0x08,
    0x62,0x08,0x62,0x08,0x61,0x08,0x04,0x19,0x66,0x29,0x04,0x19,0x61,0x08,0x82,0x08,0x62,0x08,0x62,0x08,0x62,0x08,0x62,0x08,
    0x62,0x08,0x62,0x08,0x62,0x08,0x62,0x08,0x62,0x08,0x62,0x08,0x62,0x08,0x62,0x08,0x62,0x08,0x61,0x08,0xA3,0x10,0x45,0x21,
    0x25,0x21,0x62,0x08,0x62,0x08,0x61,0x08,0x61,0x08,0x61,0x08,0x61,0x08,0x61,0x08,0x61,0x08,0x61,0x08,0x61,0x08,0x61,0x08,
    0x61,0x08,0x61,0x08,0x61,0x08,0x61,0x08,0x41,0x08,0x82,0x10,0x04,0x21,0xE4,0x18,0x61,0x08,0x41,0x08,0x41,0x08,0x41,0x08,
    0x41,0x08,0x41,0x08,0x41,0x08,0x41,0x08,0x41,0x08,0x41,0x08,0x41,0x08,0x41,0x08,0x41,0x08,0x41,0x08,0x41,0x08,0x41,0x00,
    0x62,0x08,0xE3,0x18,0xC3,0x10,0x41,0x08,0x41,0x08,0x41,0x08,0x41,0x08,0x41,0x08,0x41,0x08,0x41,0x00,0x41,0x00,0x41,0x00,
    0x41,0x00,0x21,0x00,0x21,0x00,0x21,0x00,0x21,0x00,0x21,0x00,0x20,0x00,0x41,0x08,0xA2,0x10,0x82,0x10,0x21,0x00,0x20,0x00,
    0x20,0x00,0x20,0x00,0x20,0x00,0x20,0x00,0x20,0x00,0x20,0x00,0x20,0x00,0x20,0x00,0x20,0x00,0x20,0x00,0x20,0x00,0x20,0x00,
    0x62,0x08,0x41,0x08,0x20,0x00,0x20,0x00,0x20,0x00,0x20,0x00,0x20,0x00,0x20,0x00,0x20,0x00,0x20,0x00,0x20,0x00,0x20,0x00,
    0x20,0x00,0x20,0x00,0x20,0x00,0x20,0x00,0x20,0x00,0x41,0x08,0xA2,0x10,0xA3,0x10,0x62,0x08,0x20,0x00,0x20,0x00,0x41,0x00,
    0x41,0x00,0x41,0x00,0x41,0x00,0x41,0x08,0x41,0x08,0x41,0x08,0x41,0x08,0x41,0x08,0x41,0x08,0x41,0x08,0x41,0x08,0x41,0x00,
    0x62,0x08,0xC3,0x18,0xE3,0x18,0x82,0x10,0x41,0x00,0x41,0x08,0x41,0x08,0x41,0x08,0x41,0x08,0x41,0x08,0x41,0x08,0x41,0x08,
    0x41,0x08,0x41,0x08,0x41,0x08,0x41,0x08,0x41,0x08,0x41,0x08,0x41,0x08,0x82,0x10,0x04,0x19,0x04,0x21,0xC3,0x10,0x41,0x08,
    0x41,0x08,0x61,0x08,0x61,0x08,0x61,0x08,0x61,0x08,0x61,0x08,0x61,0x08,0x61,0x08,0x61,0x08,0x61,0x08,0x61,0x08,0x62,0x08,
    0x61,0x08,0x61,0x08,0x82,0x10,0x45,0x21,0x45,0x21,0xE4,0x18,0x61,0x08,0x61,0x08,0x62,0x08,0x62,0x08,0x62,0x08,0x62,0x08,
    0x62,0x08,0x62,0x08,0x62,0x08,0x62,0x08,0x62,0x08,0x62,0x08,0x82,0x08,0x62,0x08,0x61,0x08,0xA2,0x10,0x45,0x21,0x66,0x29,
    0xE4,0x18,0x61,0x08,0x61,0x08,0x62,0x08,0x62,0x08,0x62,0x08,0x62,0x08,0x62,0x08,0x62,0x08,0x62,0x08,0x62,0x08,0x62,0x08,
    0x62,0x08,0x82,0x08,0x62,0x08,0x61,0x08,0xA2,0x10,0x45,0x21,0x66,0x29,0xE4,0x18,0x61,0x08,0x61,0x08,0x62,0x08,0x62,0x08,
    0x62,0x08,0x62,0x08,0x62,0x08,0x62,0x08,0x62,0x08,0x62,0x08,0x62,0x08,0x62,0x08,0x62,0x08,0x62,0x08,0x61,0x08,0x82,0x10,
    0x25,0x21,0x66,0x29,0x25,0x21,0x62,0x08,0x61,0x08,0x62,0x08,0x62,0x08,0x62,0x08,0x62,0x08,0x62,0x08,0x62,0x08,0x62,0x08,
    0x62,0x08,0x62,0x08,0x62,0x08,0x62,0x08,0x62,0x08,0x61,0x08,0x82,0x10,0x25,0x21,0x66,0x29,0x25,0x21,0x62,0x08,0x61,0x08,
    0x62,0x08,0x62,0x08,0x62,0x08,0x62,0x08,0x62,0x08,0x62,0x08,0x62,0x08,0x62,0x08,0x62,0x08,0x62,0x08,0x62,0x08,0x62,0x08,
    0x61,0x08,0x82,0x10,0x25,0x21,0x66,0x29,0x25,0x21,0x62,0x08,0x61,0x08,0x62,0x08,0x62,0x08,0x62,0x08,0x62,0x08,0x62,0x08,
    0x62,0x08,0x62,0x08,0x62,0x08,0x62,0x08,0x62,0x08,0x62,0x08,0x62,0x08,0x61,0x08,0x82,0x10,0x25,0x21,0x66,0x29,0x25,0x21,
    0x82,0x10,0x61,0x08,0x62,0x08,0x62,0x08,0x62,0x08,0x62,0x08,0x62,0x08,0x62,0x08,0x62,0x08,0x62,0x08,0x62,0x08,0x62,0x08,
    0x62,0x08,0x62,0x08,0x61,0x08,0x62,0x08,0x25,0x21,0x66,0x29,0x25,0x21,0x82,0x10,0x61,0x08,0x62,0x08,0x62,0x08,0x62,0x08,
    0x62,0x08,0x62,0x08,0x62,0x08,0x62,0x08,0x62,0x08,0x62,0x08,0x62,0x08,0x62,0x08,0x62,0x08,0x61,0x08,0x62,0x08,0x25,0x21,
    0x66,0x29,0x25,0x21,0x82,0x10,0x61,0x08,0x62,0x08,0x62,0x08,0x62,0x08,0x62,0x08,0x62,0x08,0x62,0x08,0x62,0x08,0x62,0x08,
    0x62,0x08,0x62,0x08,0x62,0x08,0x62,0x08,0x61,0x08,0x61,0x08,0xE3,0x18,0x45,0x21,0x25,0x21,0x82,0x10,0x41,0x08,0x61,0x08,
    0x62,0x08,0x61,0x08,0x61,0x08,0x61,0x08,0x61,0x08,0x61,0x08,0x61,0x08,0x61,0x08,0x61,0x08,0x61,0x08,0x61,0x08,0x41,0x08,
    0x41,0x08,0xA3,0x10,0x04,0x21,0x04,0x19,0x62,0x08,0x41,0x08,0x41,0x08,0x41,0x08,0x41,0x08,0x41,0x08,0x41,0x08,0x41,0x08,
    0x41,0x08,0x41,0x08,0x41,0x08,0x41,0x08,0x41,0x08,0x41,0x08,0x41,0x00,0x41,0x08,0x82,0x10,0xC3,0x18,0xC3,0x18,0x61,0x08,
    0x21,0x00,0x41,0x00,0x41,0x08,0x41,0x08,0x41,0x08,0x41,0x00,0x41,0x00,0x41,0x00,0x41,0x00,0x21,0x00,0x21,0x00,0x21,0x00,
    0x21,0x00,0x20,0x00,0x20,0x00,0x61,0x08,0xA2,0x10,0x82,0x10,0x41,0x08,0x20,0x00,0x20,0x00,0x20,0x00,0x20,0x00,0x20,0x00,
    0x20,0x00,0x20,0x00,0x20,0x00,0x20,0x00,0x20,0x00,0x20,0x00,0x20,0x00,0x20,0x00,0x62,0x08,0x62,0x08,0x61,0x08,0x41,0x00,
    0x20,0x00,0x20,0x00,0x20,0x00,0x20,0x00,0x20,0x00,0x20,0x00,0x20,0x00,0x20,0x00,0x20,0x00,0x20,0x00,0x20,0x00,0x41,0x08,
    0x62,0x08,0xA2,0x10,0xA3,0x10,0xA3,0x10,0xA3,0x10,0x82,0x10,0x41,0x08,0x21,0x00,0x21,0x00,0x41,0x00,0x41,0x00,0x41,0x08,
    0x41,0x08,0x41,0x08,0x41,0x08,0x41,0x08,0x41,0x08,0x41,0x00,0x41,0x08,0x82,0x10,0xC3,0x18,0xE4,0x18,0xE4,0x18,0xE3,0x18,
    0xA3,0x10,0x62,0x08,0x41,0x08,0x41,0x08,0x41,0x08,0x41,0x08,0x41,0x08,0x41,0x08,0x41,0x08,0x41,0x08,0x41,0x08,0x41,0x08,
    0x41,0x08,0x62,0x08,0xC3,0x10,0x04,0x21,0x24,0x21,0x05,0x21,0x24,0x21,0xE4,0x18,0x82,0x10,0x41,0x08,0x61,0x08,0x61,0x08,
    0x61,0x08,0x61,0x08,0x61,0x08,0x61,0x08,0x61,0x08,0x61,0x08,0x61,0x08,0x41,0x08,0x62,0x08,0xE4,0x18,0x45,0x21,0x45,0x29,
    0x45,0x29,0x45,0x29,0x04,0x21,0xA3,0x10,0x62,0x08,0x62,0x08,0x62,0x08,0x62,0x08,0x62,0x08,0x62,0x08,0x62,0x08,0x62,0x08,
    0x62,0x08,0x62,0x08,0x61,0x08,0x82,0x10,0x04,0x19,0x45,0x21,0x66,0x29,0x66,0x29,0x66,0x29,0x25,0x21,0xA3,0x10,0x62,0x08,
    0x62,0x08,0x62,0x08,0x62,0x08,0x62,0x08,0x62,0x08,0x62,0x08,0x62,0x08,0x62,0x08,0x62,0x08,0x61,0x08,0x82,0x10,0x04,0x19,
    0x45,0x21,0x66,0x29,0x66,0x29,0x66,0x29,0x25,0x21,0xA3,0x10,0x62,0x08,0x62,0x08,0x62,0x08,0x62,0x08,0x62,0x08,0x62,0x08,
    0x62,0x08,0x62,0x08,0x62,0x08,0x62,0x08,0x61,0x08,0x62,0x08,0xC3,0x18,0x45,0x21,0x66,0x29,0x66,0x29,0x66,0x29,0x25,0x21,
    0xC3,0x18,0x62,0x08,0x61,0x08,0x62,0x08,0x62,0x08,0x62,0x08,0x62,0x08,0x62,0x08,0x62,0x08,0x62,0x08,0x62,0x08,0x61,0x08,
    0x62,0x08,0xC3,0x18,0x45,0x21,0x66,0x29,0x66,0x29,0x66,0x29,0x25,0x21,0xC3,0x18,0x62,0x08,0x61,0x08,0x62,0x08,0x62,0x08,
    0x62,0x08,0x62,0x08,0x62,0x08,0x62,0x08,0x62,0x08,0x62,0x08,0x61,0x08,0x62,0x08,0xC3,0x18,0x45,0x21,0x66,0x29,0x66,0x29,
    0x66,0x29,0x25,0x21,0xC3,0x18,0x62,0x08,0x61,0x08,0x62,0x08,0x62,0x08,0x62,0x08,0x62,0x08,0x62,0x08,0x62,0x08,0x62,0x08,
    0x62,0x08,0x61,0x08,0x62,0x08,0xC3,0x18,0x45,0x21,0x66,0x29,0x66,0x29,0x66,0x29,0x45,0x21,0xC3,0x18,0x62,0x08,0x61,0x08,
    0x62,0x08,0x62,0x08,0x62,0x08,0x62,0x08,0x62,0x08,0x62,0x08,0x62,0x08,0x62,0x08,0x61,0x08,0x62,0x08,0xC3,0x18,0x25,0x21,
    0x66,0x29,0x66,0x29,0x66,0x29,0x45,0x21,0xC3,0x18,0x62,0x08,0x61,0x08,0x62,0x08,0x62,0x08,0x62,0x08,0x62,0x08,0x62,0x08,
    0x62,0x08,0x62,0x08,0x62,0x08,0x61,0x08,0x62,0x08,0xC3,0x18,0x25,0x21,0x66,0x29,0x66,0x29,0x66,0x29,0x45,0x21,0xC3,0x18,
    0x62,0x08,0x61,0x08,0x62,0x08,0x62,0x08,0x62,0x08,0x62,0x08,0x62,0x08,0x62,0x08,0x62,0x08,0x62,0x08,0x61,0x08,0x61,0x08,
    0xA3,0x10,0x04,0x21,0x45,0x21,0x45,0x21,0x45,0x21,0x25,0x21,0xE4,0x18,0x62,0x08,0x41,0x08,0x61,0x08,0x61,0x08,0x61,0x08,
    0x61,0x08,0x61,0x08,0x61,0x08,0x61,0x08,0x61,0x08,0x41,0x08,0x41,0x08,0x82,0x10,0xE4,0x18,0x04,0x21,0x04,0x21,0x04,0x21,
    0x04,0x19,0xC3,0x10,0x61,0x08,0x41,0x08,0x41,0x08,0x41,0x08,0x41,0x08,0x41,0x08,0x41,0x08,0x41,0x08,0x41,0x08,0x41,0x08,
    0x41,0x08,0x41,0x08,0x62,0x08,0xA3,0x10,0xE3,0x18,0xC3,0x18,0xC3,0x18,0xC3,0x10,0x82,0x10,0x41,0x08,0x21,0x00,0x41,0x08,
    0x41,0x08,0x41,0x00,0x41,0x00,0x41,0x00,0x41,0x00,0x21,0x00,0x21,0x00,0x21,0x00,0x21,0x00,0x41,0x08,0x82,0x10,0xA2,0x10,
    0xA2,0x10,0xA2,0x10,0x82,0x10,0x61,0x08,0x21,0x00,0x20,0x00,0x20,0x00,0x20,0x00,0x20,0x00,0x20,0x00,0x20,0x00,0x20,0x00,
    0x20,0x00,0x20,0x00,0x20,0x00,0x20,0x00,0x41,0x08,0x62,0x08,0x82,0x08,0x82,0x08,0x41,0x08,0x21,0x00,0x20,0x00,0x20,0x00,
    0x20,0x00,0x20,0x00,0x20,0x00,0x20,0x00,0x20,0x00,0x21,0x00,0x61,0x08,0x82,0x10,0xA2,0x10,0xA3,0x10,0x82,0x10,0x62,0x08,
    0xA3,0x10,0xC3,0x10,0xA3,0x10,0x82,0x08,0x41,0x08,0x21,0x00,0x41,0x00,0x41,0x08,0x41,0x08,0x41,0x08,0x41,0x08,0x21,0x00,
    0x41,0x08,0x82,0x10,0xC3,0x18,0xE3,0x18,0xE4,0x18,0xA3,0x10,0xA2,0x10,0xE4,0x18,0xE4,0x18,0xE4,0x18,0xA2,0x10,0x61,0x08,
    0x41,0x08,0x41,0x08,0x41,0x08,0x41,0x08,0x41,0x08,0x41,0x08,0x41,0x08,0x61,0x08,0xC3,0x10,0x04,0x19,0x04,0x21,0x25,0x21,
    0xE3,0x18,0xC3,0x10,0x24,0x21,0x25,0x21,0x25,0x21,0xE4,0x18,0x82,0x08,0x41,0x08,0x61,0x08,0x61,0x08,0x61,0x08,0x61,0x08,
    0x61,0x08,0x41,0x08,0x61,0x08,0xC3,0x10,0x25,0x21,0x45,0x29,0x45,0x29,0x04,0x19,0xE4,0x18,0x45,0x21,0x66,0x29,0x45,0x29,
    0x04,0x21,0x82,0x10,0x61,0x08,0x62,0x08,0x62,0x08,0x62,0x08,0x62,0x08,0x62,0x08,0x61,0x08,0x62,0x08,0xC3,0x18,0x45,0x21,
    0x66,0x29,0x66,0x29,0x04,0x21,0xE4,0x18,0x66,0x29,0x66,0x29,0x66,0x29,0x04,0x21,0x82,0x10,0x61,0x08,0x62,0x08,0x62,0x08,
    0x62,0x08,0x62,0x08,0x62,0x08,0x61,0x08,0x62,0x08,0xC3,0x18,0x45,0x21,0x66,0x29,0x66,0x29,0x04,0x21,0xE4,0x18,0x66,0x29,
    0x66,0x29,0x66,0x29,0x04,0x21,0x82,0x10,0x61,0x08,0x62,0x08,0x62,0x08,0x62,0x08,0x62,0x08,0x62,0x08,0x61,0x08,0x61,0x08,
    0xC3,0x10,0x45,0x21,0x66,0x29,0x66,0x29,0x45,0x21,0xE4,0x18,0x45,0x21,0x66,0x29,0x66,0x29,0x24,0x21,0xA3,0x10,0x62,0x08,
    0x62,0x08,0x62,0x08,0x62,0x08,0x62,0x08,0x62,0x08,0x61,0x08,0x61,0x08,0xC3,0x10,0x45,0x21,0x66,0x29,0x66,0x29,0x45,0x21,
    0xE4,0x18,0x45,0x21,0x66,0x29,0x66,0x29,0x24,0x21,0xA3,0x10,0x62,0x08,0x62,0x08,0x62,0x08,0x62,0x08,0x62,0x08,0x62,0x08,
    0x61,0x08,0x61,0x08,0xC3,0x10,0x45,0x21,0x66,0x29,0x66,0x29,0x45,0x21,0xE4,0x18,0x45,0x21,0x66,0x29,0x66,0x29,0x24,0x21,
    0xA3,0x10,0x62,0x08,0x62,0x08,0x62,0x08,0x62,0x08,0x62,0x08,0x62,0x08,0x61,0x08,0x61,0x08,0xC3,0x10,0x45,0x21,0x66,0x29,
    0x66,0x29,0x45,0x21,0xE4,0x18,0x45,0x21,0x66,0x29,0x66,0x29,0x45,0x21,0xC3,0x10,0x61,0x08,0x61,0x08,0x62,0x08,0x62,0x08,
    0x62,0x08,0x62,0x08,0x62,0x08,0x62,0x08,0xA3,0x10,0x24,0x21,0x66,0x29,0x66,0x29,0x45,0x21,0xE4,0x18,0x45,0x21,0x66,0x29,
    0x66,0x29,0x45,0x21,0xC3,0x10,0x61,0x08,0x61,0x08,0x62,0x08,0x62,0x08,0x62,0x08,0x62,0x08,0x62,0x08,0x62,0x08,0xA3,0x10,
    0x24,0x21,0x66,0x29,0x66,0x29,0x45,0x21,0xE4,0x18,0x45,0x21,0x66,0x29,0x66,0x29,0x45,0x21,0xC3,0x10,0x61,0x08,0x61,0x08,
    0x62,0x08,0x62,0x08,0x62,0x08,0x62,0x08,0x61,0x08,0x61,0x08,0x82,0x10,0x04,0x21,0x45,0x21,0x45,0x29,0x45,0x21,0xE3,0x18,
    0x04,0x19,0x45,0x21,0x45,0x21,0x24,0x21,0xA3,0x10,0x61,0x08,0x41,0x08,0x61,0x08,0x61,0x08,0x61,0x08,0x61,0x08,0x41,0x08,
    0x41,0x08,0x62,0x08,0xE3,0x18,0x04,0x21,0x25,0x21,0x04,0x19,0xC3,0x10,0xC3,0x18,0x04,0x21,0x04,0x21,0xE4,0x18,0x82,0x10,
    0x41,0x08,0x41,0x08,0x41,0x08,0x41,0x08,0x41,0x08,0x41,0x08,0x41,0x08,0x41,0x08,0x61,0x08,0xA3,0x10,0xE3,0x18,0xE4,0x18,
    0xE3,0x18,0x82,0x10,0xA2,0x10,0xE3,0x18,0xC3,0x18,0xA3,0x10,0x62,0x08,0x41,0x08,0x21,0x00,0x41,0x00,0x41,0x00,0x41,0x00,
    0x41,0x00,0x21,0x00,0x20,0x00,0x41,0x08,0x82,0x10,0xA3,0x10,0xA3,0x10,0xA2,0x10,0x62,0x08,0x82,0x08,0xA2,0x10,0xA2,0x10,
    0x82,0x10,0x61,0x08,0x20,0x00,0x20,0x00,0x20,0x00,0x20,0x00,0x20,0x00,0x20,0x00,0x20,0x00,0x20,0x00,0x20,0x00,0x41,0x08,
    0x20,0x00,0x21,0x00,0x61,0x08,0x82,0x08,0x82,0x10,0x82,0x08,0x41,0x08,0x20,0x00,0x20,0x00,0x20,0x00,0x20,0x00,0x20,0x00,
    0x41,0x08,0x82,0x10,0xA2,0x10,0xA2,0x10,0x82,0x10,0x61,0x08,0x21,0x00,0x20,0x00,0x41,0x08,0x82,0x10,0xA3,0x10,0xC3,0x10,
    0xA3,0x10,0x62,0x08,0x41,0x00,0x21,0x00,0x41,0x08,0x21,0x00,0x41,0x08,0x62,0x08,0xA3,0x10,0xC3,0x18,0xE3,0x18,0xC3,0x10,
    0x82,0x10,0x41,0x08,0x41,0x00,0x62,0x08,0xA3,0x10,0xE4,0x18,0xE4,0x18,0xE4,0x18,0x82,0x10,0x41,0x08,0x41,0x08,0x41,0x08,
    0x41,0x08,0x41,0x08,0x82,0x10,0xE4,0x18,0x04,0x21,0x04,0x21,0xE4,0x18,0xA2,0x10,0x41,0x08,0x41,0x08,0x82,0x10,0xE4,0x18,
    0x25,0x21,0x25,0x21,0x24,0x21,0xC3,0x18,0x62,0x08,0x41,0x08,0x61,0x08,0x61,0x08,0x61,0x08,0xA2,0x10,0x04,0x21,0x45,0x21,
    0x45,0x29,0x25,0x21,0xC3,0x10,0x61,0x08,0x61,0x08,0xA2,0x10,0x04,0x21,0x45,0x29,0x66,0x29,0x45,0x21,0xE4,0x18,0x82,0x10,
    0x61,0x08,0x62,0x08,0x62,0x08,0x62,0x08,0xA3,0x10,0x25,0x21,0x66,0x29,0x66,0x29,0x25,0x21,0xC3,0x18,0x62,0x08,0x61,0x08,
    0xA3,0x10,0x04,0x21,0x66,0x29,0x66,0x29,0x45,0x21,0xE4,0x18,0x82,0x10,0x61,0x08,0x62,0x08,0x62,0x08,0x62,0x08,0xA3,0x10,
    0x25,0x21,0x66,0x29,0x66,0x29,0x25,0x21,0xC3,0x18,0x62,0x08,0x61,0x08,0xA3,0x10,0x04,0x21,0x66,0x29,0x66,0x29,0x45,0x21,
    0xE4,0x18,0x82,0x10,0x61,0x08,0x62,0x08,0x62,0x08,0x62,0x08,0xA3,0x10,0x04,0x21,0x66,0x29,0x66,0x29,0x45,0x21,0x04,0x19,
    0x82,0x10,0x61,0x08,0x82,0x10,0x04,0x19,0x45,0x21,0x66,0x29,0x66,0x29,0x04,0x19,0x82,0x10,0x61,0x08,0x62,0x08,0x62,0x08,
    0x62,0x08,0xA3,0x10,0x04,0x21,0x66,0x29,0x66,0x29,0x45,0x21,0x04,0x19,0x82,0x10,0x61,0x08,0x82,0x10,0x04,0x19,0x45,0x21,
    0x66,0x29,0x66,0x29,0x04,0x19,0x82,0x10,0x61,0x08,0x62,0x08,0x62,0x08,0x62,0x08,0xA3,0x10,0x04,0x21,0x66,0x29,0x66,0x29,
    0x45,0x21,0x04,0x19,0x82,0x10,0x61,0x08,0x82,0x10,0x04,0x19,0x45,0x21,0x66,0x29,0x66,0x29,0x04,0x19,0x82,0x10,0x61,0x08,
    0x62,0x08,0x62,0x08,0x62,0x08,0xA3,0x10,0x04,0x21,0x66,0x29,0x66,0x29,0x45,0x21,0x04,0x19,0x82,0x10,0x61,0x08,0x82,0x10,
    0x04,0x19,0x45,0x21,0x66,0x29,0x66,0x29,0x04,0x21,0xA3,0x10,0x62,0x08,0x62,0x08,0x62,0x08,0x61,0x08,0x82,0x10,0x04,0x19,
    0x66,0x29,0x66,0x29,0x45,0x21,0x04,0x19,0x82,0x10,0x61,0x08,0x82,0x10,0x04,0x19,0x45,0x21,0x66,0x29,0x66,0x29,0x04,0x21,
    0xA3,0x10,0x62,0x08,0x62,0x08,0x62,0x08,0x61,0x08,0x82,0x10,0x04,0x19,0x66,0x29,0x66,0x29,0x45,0x21,0x04,0x19,0x82,0x10,
    0x61,0x08,0x82,0x10,0x04,0x19,0x45,0x21,0x66,0x29,0x66,0x29,0x04,0x21,0xA3,0x10,0x62,0x08,0x62,0x08,0x62,0x08,0x61,0x08,
    0x82,0x10,0xE4,0x18,0x45,0x21,0x66,0x29,0x45,0x21,0x04,0x19,0xA2,0x10,0x61,0x08,0x61,0x08,0xA3,0x10,0x04,0x21,0x45,0x21,
    0x45,0x21,0x04,0x21,0x82,0x10,0x61,0x08,0x61,0x08,0x61,0x08,0x41,0x08,0x62,0x08,0xC3,0x18,0x04,0x21,0x25,0x21,0x04,0x21,
    0xE3,0x18,0x82,0x08,0x41,0x08,0x41,0x08,0x82,0x10,0xE4,0x18,0x04,0x21,0x04,0x19,0xC3,0x18,0x82,0x08,0x41,0x08,0x41,0x08,
    0x41,0x08,0x41,0x08,0x61,0x08,0xA2,0x10,0xE3,0x18,0xE4,0x18,0xE3,0x18,0xA3,0x10,0x61,0x08,0x41,0x00,0x41,0x08,0x62,0x08,
    0xA3,0x10,0xC3,0x18,0xC3,0x18,0xA3,0x10,0x61,0x08,0x21,0x00,0x21,0x00,0x41,0x00,0x21,0x00,0x41,0x08,0x82,0x08,0xA2,0x10,
    0xA3,0x10,0xA3,0x10,0x82,0x10,0x41,0x08,0x20,0x00,0x20,0x00,0x41,0x08,0x82,0x10,0x82,0x10,0x82,0x10,0x82,0x08,0x41,0x08,
    0x20,0x00,0x20,0x00,0x20,0x00,0x20,0x00,0x20,0x00,0x41,0x08,0x62,0x08,0x82,0x08,0x20,0x00,0x20,0x00,0x20,0x00,0x41,0x08,
    0x62,0x08,0x82,0x10,0x82,0x10,0x82,0x08,0x41,0x08,0x20,0x00,0x41,0x08,0x82,0x10,0xA2,0x10,0xA2,0x10,0x82,0x10,0x61,0x08,
    0x21,0x00,0x20,0x00,0x21,0x00,0x41,0x00,0x20,0x00,0x20,0x00,0x61,0x08,0xA2,0x10,0xC3,0x10,0xC3,0x10,0xA3,0x10,0x61,0x08,
    0x21,0x00,0x61,0x08,0xA3,0x10,0xC3,0x18,0xE3,0x18,0xC3,0x10,0x82,0x08,0x41,0x08,0x41,0x00,0x41,0x08,0x41,0x08,0x41,0x08,
    0x41,0x08,0x82,0x08,0xC3,0x18,0xE4,0x18,0x04,0x19,0xE3,0x18,0x82,0x10,0x41,0x08,0x82,0x10,0xE4,0x18,0x04,0x19,0x04,0x21,
    0xE4,0x18,0xA2,0x10,0x61,0x08,0x41,0x08,0x61,0x08,0x61,0x08,0x41,0x08,0x41,0x08,0x82,0x10,0xE4,0x18,0x25,0x21,0x25,0x21,
    0x25,0x21,0xC3,0x18,0x61,0x08,0x82,0x10,0xE4,0x18,0x45,0x21,0x45,0x21,0x25,0x21,0xE3,0x18,0x62,0x08,0x61,0x08,0x62,0x08,
    0x62,0x08,0x61,0x08,0x61,0x08,0xA3,0x10,0x24,0x21,0x66,0x29,0x66,0x29,0x45,0x21,0xE4,0x18,0x62,0x08,0x82,0x10,0x04,0x21,
    0x66,0x29,0x66,0x29,0x45,0x21,0xE4,0x18,0x82,0x08,0x61,0x08,0x62,0x08,0x82,0x08,0x61,0x08,0x62,0x08,0xA3,0x10,0x24,0x21,
    0x66,0x29,0x66,0x29,0x45,0x21,0xE4,0x18,0x62,0x08,0x82,0x10,0x04,0x21,0x66,0x29,0x66,0x29,0x45,0x21,0xE4,0x18,0x82,0x08,
    0x61,0x08,0x62,0x08,0x82,0x08,0x61,0x08,0x62,0x08,0xA3,0x10,0x24,0x21,0x66,0x29,0x66,0x29,0x45,0x21,0xE4,0x18,0x62,0x08,
    0x82,0x10,0x24,0x21,0x66,0x29,0x66,0x29,0x66,0x29,0xE4,0x18,0x82,0x10,0x61,0x08,0x62,0x08,0x82,0x08,0x62,0x08,0x61,0x08,
    0x82,0x10,0x04,0x21,0x66,0x29,0x66,0x29,0x45,0x21,0xE4,0x18,0x62,0x08,0x82,0x10,0x24,0x21,0x66,0x29,0x66,0x29,0x66,0x29,
    0xE4,0x18,0x82,0x10,0x61,0x08,0x62,0x08,0x82,0x08,0x62,0x08,0x61,0x08,0x82,0x10,0x04,0x21,0x66,0x29,0x66,0x29,0x45,0x21,
    0xE4,0x18,0x62,0x08,0x82,0x10,0x24,0x21,0x66,0x29,0x66,0x29,0x66,0x29,0xE4,0x18,0x82,0x10,0x61,0x08,0x62,0x08,0x82,0x08,
    0x62,0x08,0x61,0x08,0x82,0x10,0x04,0x21,0x66,0x29,0x66,0x29,0x45,0x21,0xE4,0x18,0x62,0x08,0x82,0x10,0x24,0x21,0x66,0x29,
    0x66,0x29,0x66,0x29,0xE4,0x18,0x82,0x10,0x61,0x08,0x62,0x08,0x82,0x08,0x62,0x08,0x61,0x08,0x82,0x10,0xE4,0x18,0x66,0x29,
    0x66,0x29,0x66,0x29,0x24,0x21,0x82,0x10,0x62,0x08,0xE4,0x18,0x45,0x21,0x66,0x29,0x66,0x29,0x04,0x21,0x82,0x10,0x61,0x08,
    0x62,0x08,0x82,0x08,0x62,0x08,0x61,0x08,0x82,0x10,0xE4,0x18,0x66,0x29,0x66,0x29,0x66,0x29,0x24,0x21,0x82,0x10,0x62,0x08,
    0xE4,0x18,0x45,0x21,0x66,0x29,0x66,0x29,0x04,0x21,0x82,0x10,0x61,0x08,0x62,0x08,0x82,0x08,0x62,0x08,0x61,0x08,0x82,0x10,
    0xE4,0x18,0x66,0x29,0x66,0x29,0x66,0x29,0x24,0x21,0x82,0x10,0x62,0x08,0xE4,0x18,0x45,0x21,0x66,0x29,0x66,0x29,0x04,0x21,
    0xA3,0x10,0x61,0x08,0x61,0x08,0x62,0x08,0x61,0x08,0x41,0x08,0x62,0x08,0xE3,0x18,0x25,0x21,0x45,0x21,0x25,0x21,0xE4,0x18,
    0x82,0x08,0x61,0x08,0xC3,0x10,0x04,0x21,0x25,0x21,0x25,0x21,0xE3,0x18,0x82,0x10,0x41,0x08,0x41,0x08,0x61,0x08,0x41,0x08,
    0x41,0x08,0x61,0x08,0xA3,0x10,0xE4,0x18,0x04,0x19,0x04,0x19,0xC3,0x10,0x61,0x08,0x41,0x08,0xA2,0x10,0xE3,0x18,0xE4,0x18,
    0xE4,0x18,0xA3,0x10,0x62,0x08,0x41,0x08,0x41,0x08,0x41,0x08,0x41,0x08,0x21,0x00,0x41,0x08,0x82,0x10,0xC3,0x10,0xC3,0x18,
    0xC3,0x10,0x82,0x10,0x41,0x08,0x41,0x00,0x82,0x08,0xA3,0x10,0xA3,0x10,0xA3,0x10,0x82,0x10,0x41,0x08,0x20,0x00,0x20,0x00,
    0x21,0x00,0x20,0x00,0x20,0x00,0x20,0x00,0x41,0x08,0x82,0x10,0x82,0x10,0x82,0x10,0x82,0x08,0x41,0x08,0x20,0x00,0x41,0x08,
    0x62,0x08,0x82,0x08,0x82,0x08,0x61,0x08,0x20,0x00,0x20,0x00,0x20,0x00,0x20,0x00,0x20,0x00,0x41,0x08,0x82,0x08,0x82,0x10,
    0x82,0x10,0x82,0x08,0x82,0x10,0xA2,0x10,0x82,0x10,0x62,0x08,0x21,0x00,0x20,0x00,0x21,0x00,0x21,0x00,0x21,0x00,0x21,0x00,
    0x21,0x00,0x21,0x00,0x20,0x00,0x41,0x00,0x62,0x08,0xA3,0x10,0xC3,0x18,0xC3,0x10,0xA3,0x10,0xC3,0x18,0xC3,0x18,0xC3,0x10,
    0x82,0x10,0x41,0x08,0x21,0x00,0x41,0x08,0x41,0x08,0x41,0x08,0x41,0x08,0x41,0x08,0x41,0x08,0x41,0x08,0x41,0x08,0x82,0x10,
    0xE4,0x18,0x04,0x19,0x04,0x19,0xC3,0x18,0x04,0x19,0x04,0x21,0xE4,0x18,0xC3,0x10,0x61,0x08,0x41,0x08,0x41,0x08,0x61,0x08,
    0x61,0x08,0x61,0x08,0x61,0x08,0x61,0x08,0x41,0x08,0x41,0x08,0xA3,0x10,0x04,0x19,0x25,0x21,0x25,0x21,0x04,0x21,0x25,0x21,
    0x45,0x21,0x45,0x21,0xE4,0x18,0x82,0x08,0x61,0x08,0x62,0x08,0x62,0x08,0x62,0x08,0x62,0x08,0x62,0x08,0x62,0x08,0x61,0x08,
    0x62,0x08,0xC3,0x18,0x25,0x21,0x66,0x29,0x66,0x29,0x25,0x21,0x45,0x21,0x66,0x29,0x66,0x29,0x04,0x19,0x82,0x10,0x61,0x08,
    0x62,0x08,0x62,0x08,0x62,0x08,0x62,0x08,0x62,0x08,0x62,0x08,0x61,0x08,0x62,0x08,0xC3,0x18,0x25,0x21,0x66,0x29,0x66,0x29,
    0x25,0x21,0x45,0x21,0x66,0x29,0x66,0x29,0x04,0x19,0x82,0x10,0x61,0x08,0x62,0x08,0x62,0x08,0x62,0x08,0x62,0x08,0x62,0x08,
    0x62,0x08,0x61,0x08,0x62,0x08,0xC3,0x18,0x25,0x21,0x66,0x29,0x66,0x29,0x25,0x21,0x45,0x21,0x66,0x29,0x66,0x29,0x04,0x21,
    0xA3,0x10,0x61,0x08,0x62,0x08,0x62,0x08,0x62,0x08,0x62,0x08,0x62,0x08,0x62,0x08,0x62,0x08,0x62,0x08,0xA3,0x10,0x25,0x21,
    0x66,0x29,0x66,0x29,0x25,0x21,0x45,0x21,0x66,0x29,0x66,0x29,0x04,0x21,0xA3,0x10,0x61,0x08,0x62,0x08,0x62,0x08,0x62,0x08,
    0x62,0x08,0x62,0x08,0x62,0x08,0x62,0x08,0x62,0x08,0xA3,0x10,0x25,0x21,0x66,0x29,0x66,0x29,0x25,0x21,0x45,0x21,0x66,0x29,
    0x66,0x29,0x04,0x21,0xA3,0x10,0x61,0x08,0x62,0x08,0x62,0x08,0x62,0x08,0x62,0x08,0x62,0x08,0x62,0x08,0x62,0x08,0x62,0x08,
    0xA3,0x10,0x25,0x21,0x66,0x29,0x66,0x29,0x25,0x21,0x45,0x21,0x66,0x29,0x66,0x29,0x04,0x21,0xA3,0x10,0x61,0x08,0x62,0x08,
    0x62,0x08,0x62,0x08,0x62,0x08,0x62,0x08,0x62,0x08,0x62,0x08,0x61,0x08,0xA3,0x10,0x04,0x21,0x66,0x29,0x66,0x29,0x45,0x21,
    0x25,0x21,0x66,0x29,0x66,0x29,0x25,0x21,0xA3,0x10,0x62,0x08,0x62,0x08,0x62,0x08,0x62,0x08,0x62,0x08,0x62,0x08,0x62,0x08,
    0x62,0x08,0x61,0x08,0xA3,0x10,0x04,0x21,0x66,0x29,0x66,0x29,0x45,0x21,0x25,0x21,0x66,0x29,0x66,0x29,0x25,0x21,0xA3,0x10,
    0x62,0x08,0x62,0x08,0x62,0x08,0x62,0x08,0x62,0x08,0x62,0x08,0x62,0x08,0x62,0x08,0x61,0x08,0xA3,0x10,0x04,0x21,0x66,0x29,
    0x66,0x29,0x45,0x21,0x25,0x21,0x66,0x29,0x66,0x29,0x25,0x21,0xC3,0x18,0x61,0x08,0x61,0x08,0x62,0x08,0x62,0x08,0x61,0x08,
    0x61,0x08,0x61,0x08,0x61,0x08,0x41,0x08,0x82,0x08,0xE4,0x18,0x25,0x21,0x45,0x21,0x04,0x21,0x04,0x19,0x25,0x21,0x25,0x21,
    0x04,0x19,0xA2,0x10,0x41,0x08,0x41,0x08,0x61,0x08,0x41,0x08,0x41,0x08,0x41,0x08,0x41,0x08,0x41,0x08,0x41,0x08,0x61,0x08,
    0xC3,0x10,0x04,0x19,0x04,0x19,0xE4,0x18,0xC3,0x18,0xE4,0x18,0xE4,0x18,0xC3,0x18,0x82,0x10,0x41,0x08,0x41,0x00,0x41,0x08,
    0x41,0x08,0x41,0x08,0x41,0x08,0x41,0x08,0x41,0x08,0x21,0x00,0x41,0x08,0x82,0x10,0xC3,0x18,0xC3,0x18,0xA3,0x10,0xA2,0x10,
    0xC3,0x10,0xA3,0x10,0xA2,0x10,0x61,0x08,0x21,0x00,0x20,0x00,0x21,0x00,0x21,0x00,0x21,0x00,0x20,0x00,0x20,0x00,0x20,0x00,
    0x20,0x00,0x21,0x00,0x61,0x08,0x82,0x10,0x82,0x10,0x82,0x10,0x62,0x08,0x82,0x08,0x82,0x10,0x62,0x08,0x41,0x08,0x20,0x00,
    0x20,0x00,0x20,0x00,0x20,0x00,0x20,0x00,0x20,0x00,0x20,0x00,0x21,0x00,0x61,0x08,0x82,0x10,0x82,0x10,0x82,0x10,0x62,0x08,
    0x41,0x00,0x20,0x00,0x20,0x00,0x21,0x00,0x21,0x00,0x21,0x00,0x21,0x00,0x21,0x00,0x21,0x00,0x21,0x00,0x21,0x00,0x41,0x00,
    0x21,0x00,0x41,0x08,0x82,0x10,0xC3,0x10,0xC3,0x10,0xC3,0x18,0x82,0x10,0x41,0x08,0x21,0x00,0x41,0x08,0x41,0x08,0x41,0x08,
    0x41,0x08,0x41,0x08,0x41,0x08,0x41,0x08,0x41,0x08,0x41,0x08,0x41,0x08,0x41,0x08,0x61,0x08,0xA3,0x10,0xE4,0x18,0x04,0x19,
    0xE4,0x18,0xC3,0x10,0x61,0x08,0x41,0x08,0x41,0x08,0x61,0x08,0x41,0x08,0x61,0x08,0x61,0x08,0x61,0x08,0x61,0x08,0x61,0x08,
    0x61,0x08,0x61,0x08,0x41,0x08,0x61,0x08,0xA3,0x10,0x24,0x21,0x25,0x21,0x25,0x21,0x04,0x19,0xA2,0x10,0x61,0x08,0x61,0x08,
    0x61,0x08,0x62,0x08,0x62,0x08,0x62,0x08,0x62,0x08,0x62,0x08,0x62,0x08,0x62,0x08,0x62,0x08,0x61,0x08,0x82,0x08,0xC3,0x18,
    0x45,0x21,0x66,0x29,0x66,0x29,0x24,0x21,0xA3,0x10,0x62,0x08,0x62,0x08,0x62,0x08,0x62,0x08,0x62,0x08,0x62,0x08,0x62,0x08,
    0x62,0x08,0x62,0x08,0x62,0x08,0x62,0x08,0x61,0x08,0x82,0x08,0xC3,0x18,0x45,0x21,0x66,0x29,0x66,0x29,0x24,0x21,0xA3,0x10,
    0x62,0x08,0x62,0x08,0x62,0x08,0x62,0x08,0x62,0x08,0x62,0x08,0x62,0x08,0x62,0x08,0x62,0x08,0x62,0x08,0x62,0x08,0x61,0x08,
    0x82,0x08,0xC3,0x18,0x45,0x21,0x66,0x29,0x66,0x29,0x25,0x21,0xA3,0x10,0x62,0x08,0x61,0x08,0x62,0x08,0x62,0x08,0x62,0x08,
    0x62,0x08,0x62,0x08,0x62,0x08,0x62,0x08,0x62,0x08,0x62,0x08,0x61,0x08,0x62,0x08,0xC3,0x18,0x45,0x21,0x66,0x29,0x66,0x29,
    0x25,0x21,0xA3,0x10,0x62,0x08,0x61,0x08,0x62,0x08,0x62,0x08,0x62,0x08,0x62,0x08,0x62,0x08,0x62,0x08,0x62,0x08,0x62,0x08,
    0x62,0x08,0x61,0x08,0x62,0x08,0xC3,0x18,0x45,0x21,0x66,0x29,0x66,0x29,0x25,0x21,0xA3,0x10,0x62,0x08,0x61,0x08,0x62,0x08,
    0x62,0x08,0x62,0x08,0x62,0x08,0x62,0x08,0x62,0x08,0x62,0x08,0x62,0x08,0x62,0x08,0x61,0x08,0x62,0x08,0xC3,0x18,0x45,0x21,
    0x66,0x29,0x66,0x29,0x25,0x21,0xA3,0x10,0x62,0x08,0x61,0x08,0x62,0x08,0x62,0x08,0x62,0x08,0x62,0x08,0x62,0x08,0x62,0x08,
    0x62,0x08,0x62,0x08,0x62,0x08,0x61,0x08,0x62,0x08,0xA3,0x10,0x25,0x21,0x66,0x29,0x66,0x29,0x45,0x21,0xC3,0x18,0x62,0x08,
    0x61,0x08,0x62,0x08,0x62,0x08,0x62,0x08,0x62,0x08,0x62,0x08,0x62,0x08,0x62,0x08,0x62,0x08,0x62,0x08,0x61,0x08,0x62,0x08,
    0xA3,0x10,0x25,0x21,0x66,0x29,0x66,0x29,0x45,0x21,0xC3,0x18,0x62,0x08,0x61,0x08,0x62,0x08,0x62,0x08,0x62,0x08,0x62,0x08,
    0x62,0x08,0x62,0x08,0x62,0x08,0x62,0x08,0x62,0x08,0x61,0x08,0x62,0x08,0xA3,0x10,0x25,0x21,0x66,0x29,0x66,0x29,0x45,0x21,
    0xC3,0x18,0x62,0x08,0x61,0x08,0x62,0x08,0x62,0x08,0x62,0x08,0x62,0x08,0x61,0x08,0x61,0x08,0x61,0x08,0x61,0x08,0x61,0x08,
    0x61,0x08,0x61,0x08,0x82,0x10,0xE4,0x18,0x25,0x21,0x25,0x21,0x04,0x21,0xA3,0x10,0x61,0x08,0x41,0x08,0x61,0x08,0x61,0x08,
    0x61,0x08,0x41,0x08,0x41,0x08,0x41,0x08,0x41,0x08,0x41,0x08,0x41,0x08,0x41,0x08,0x41,0x08,0x82,0x08,0xC3,0x10,0xE4,0x18,
    0xE4,0x18,0xE3,0x18,0x82,0x10,0x41,0x08,0x41,0x08,0x41,0x08,0x41,0x08,0x41,0x08,0x41,0x08,0x41,0x08,0x41,0x08,0x41,0x08,
    0x41,0x08,0x41,0x08,0x41,0x00,0x41,0x00,0x61,0x08,0xA2,0x10,0xC3,0x10,0xC3,0x10,0xA3,0x10,0x61,0x08,0x41,0x00,0x20,0x00,
    0x21,0x00,0x21,0x00,0x21,0x00,0x21,0x00,0x21,0x00,0x20,0x00,0x20,0x00,0x20,0x00,0x20,0x00,0x20,0x00,0x20,0x00,0x21,0x00,
    0x61,0x08,0x82,0x10,0x82,0x10,0x82,0x08,0x41,0x08,0x20,0x00,0x20,0x00,0x20,0x00,0x20,0x00,0x20,0x00,0x20,0x00,0x20,0x00,
    0x20,0x00,0x20,0x00,0x20,0x00,0x20,0x00,0x61,0x08,0xA2,0x10,0x62,0x08,0x20,0x00,0x20,0x00,0x21,0x00,0x20,0x00,0x21,0x00,
    0x21,0x00,0x21,0x00,0x21,0x00,0x21,0x00,0x21,0x00,0x21,0x00,0x21,0x00,0x41,0x00,0x41,0x00,0x21,0x00,0x20,0x00,0x82,0x10,
    0xC3,0x18,0xA2,0x10,0x21,0x00,0x41,0x00,0x41,0x08,0x41,0x08,0x41,0x08,0x41,0x08,0x41,0x08,0x41,0x08,0x41,0x08,0x41,0x08,
    0x41,0x08,0x41,0x08,0x41,0x08,0x41,0x08,0x41,0x08,0x21,0x00,0xC3,0x10,0x04,0x19,0xC3,0x10,0x41,0x08,0x41,0x08,0x41,0x08,
    0x41,0x08,0x41,0x08,0x41,0x08,0x61,0x08,0x61,0x08,0x61,0x08,0x61,0x08,0x61,0x08,0x61,0x08,0x61,0x08,0x61,0x08,0x61,0x08,
    0x41,0x08,0xA3,0x10,0x45,0x21,0x25,0x21,0x62,0x08,0x41,0x08,0x61,0x08,0x61,0x08,0x61,0x08,0x62,0x08,0x62,0x08,0x62,0x08,
    0x62,0x08,0x62,0x08,0x62,0x08,0x62,0x08,0x62,0x08,0x62,0x08,0x62,0x08,0x61,0x08,0xC3,0x18,0x66,0x29,0x45,0x21,0x82,0x08,
    0x61,0x08,0x62,0x08,0x62,0x08,0x62,0x08,0x62,0x08,0x62,0x08,0x62,0x08,0x62,0x08,0x62,0x08,0x62,0x08,0x62,0x08,0x62,0x08,
    0x62,0x08,0x62,0x08,0x61,0x08,0xC3,0x18,0x66,0x29,0x45,0x21,0x82,0x08,0x61,0x08,0x62,0x08,0x62,0x08,0x62,0x08,0x62,0x08,
    0x62,0x08,0x62,0x08,0x62,0x08,0x62,0x08,0x62,0x08,0x62,0x08,0x62,0x08,0x62,0x08,0x62,0x08,0x61,0x08,0xC3,0x18,0x66,0x29,
    0x45,0x21,0x82,0x10,0x61,0x08,0x62,0x08,0x62,0x08,0x62,0x08,0x62,0x08,0x62,0x08,0x62,0x08,0x62,0x08,0x62,0x08,0x62,0x08,
    0x62,0x08,0x62,0x08,0x62,0x08,0x62,0x08,0x41,0x08,0xC3,0x10,0x66,0x29,0x45,0x21,0x82,0x10,0x61,0x08,0x62,0x08,0x62,0x08,
    0x62,0x08,0x62,0x08,0x62,0x08,0x62,0x08,0x62,0x08,0x62,0x08,0x62,0x08,0x62,0x08,0x62,0x08,0x62,0x08,0x62,0x08,0x41,0x08,
    0xC3,0x10,0x66,0x29,0x45,0x21,0x82,0x10,0x61,0x08,0x62,0x08,0x62,0x08,0x62,0x08,0x62,0x08,0x62,0x08,0x62,0x08,0x62,0x08,
    0x62,0x08,0x62,0x08,0x62,0x08,0x62,0x08,0x62,0x08,0x62,0x08,0x41,0x08,0xC3,0x10,0x66,0x29,0x45,0x21,0x82,0x10,0x61,0x08,
    0x62,0x08,0x62,0x08,0x62,0x08,0x62,0x08,0x62,0x08,0x62,0x08,0x62,0x08,0x62,0x08,0x62,0x08,0x62,0x08,0x62,0x08,0x62,0x08,
    0x62,0x08,0x61,0x08,0x82,0x10,0x45,0x21,0x66,0x29,0xC3,0x10,0x41,0x08,0x62,0x08,0x62,0x08,0x62,0x08,0x62,0x08,0x62,0x08,
    0x62,0x08,0x62,0x08,0x62,0x08,0x62,0x08,0x62,0x08,0x62,0x08,0x62,0x08,0x62,0x08,0x61,0x08,0x82,0x10,0x45,0x21,0x66,0x29,
    0xC3,0x10,0x41,0x08,0x62,0x08,0x62,0x08,0x62,0x08,0x62,0x08,0x62,0x08,0x62,0x08,0x62,0x08,0x62,0x08,0x62,0x08,0x62,0x08,
    0x62,0x08,0x62,0x08,0x62,0x08,0x61,0x08,0x82,0x10,0x45,0x21,0x66,0x29,0xC3,0x18,0x41,0x08,0x62,0x08,0x62,0x08,0x62,0x08,
    0x62,0x08,0x62,0x08,0x62,0x08,0x61,0x08,0x61,0x08,0x61,0x08,0x61,0x08,0x61,0x08,0x61,0x08,0x61,0x08,0x41,0x08,0x61,0x08,
    0x04,0x21,0x25,0x21,0xA2,0x10,0x41,0x08,0x61,0x08,0x61,0x08,0x61,0x08,0x61,0x08,0x61,0x08,0x41,0x08,0x41,0x08,0x41,0x08,
    0x41,0x08,0x41,0x08,0x41,0x08,0x41,0x08,0x41,0x08,0x41,0x08,0x41,0x08,0xE4,0x18,0xE4,0x18,0x82,0x10,0x41,0x00,0x41,0x08,
    0x41,0x08,0x41,0x08,0x41,0x08,0x41,0x08,0x41,0x08,0x41,0x08,0x41,0x08,0x41,0x08,0x41,0x08,0x41,0x08,0x41,0x08,0x41,0x08,
    0x21,0x00,0x41,0x08,0xA3,0x10,0xC3,0x10,0x61,0x08,0x20,0x00,0x21,0x00,0x21,0x00,0x21,0x00,0x21,0x00,0x21,0x00,0x21,0x00,
    0x21,0x00,0x20,0x00,0x20,0x00,0x20,0x00,0x20,0x00,0x20,0x00,0x20,0x00,0x20,0x00,0x20,0x00,0x61,0x08,0x82,0x10,0x61,0x08,
    0x20,0x00,0x20,0x00,0x20,0x00,0x20,0x00,0x20,0x00,0x20,0x00,0x20,0x00,0x20,0x00,0x20,0x00,0x20,0x00,0x20,0x00,0x20,0x00,
    0x61,0x08,0xA2,0x10,0x62,0x08,0x20,0x00,0x20,0x00,0x20,0x00,0x20,0x00,0x21,0x00,0x21,0x00,0x21,0x00,0x21,0x00,0x21,0x00,
    0x21,0x00,0x21,0x00,0x21,0x00,0x41,0x00,0x41,0x00,0x41,0x00,0x21,0x00,0x82,0x10,0xC3,0x18,0x82,0x10,0x21,0x00,0x41,0x08,
    0x41,0x08,0x41,0x08,0x41,0x08,0x41,0x08,0x41,0x08,0x41,0x08,0x41,0x08,0x41,0x08,0x41,0x08,0x41,0x08,0x41,0x08,0x41,0x08,
    0x41,0x08,0x41,0x08,0xC3,0x10,0x04,0x19,0xC3,0x10,0x41,0x08,0x41,0x08,0x41,0x08,0x41,0x08,0x41,0x08,0x41,0x08,0x61,0x08,
    0x61,0x08,0x61,0x08,0x61,0x08,0x61,0x08,0x61,0x08,0x61,0x08,0x61,0x08,0x61,0x08,0x41,0x08,0xA2,0x10,0x45,0x21,0x25,0x21,
    0x62,0x08,0x61,0x08,0x61,0x08,0x61,0x08,0x61,0x08,0x62,0x08,0x62,0x08,0x62,0x08,0x62,0x08,0x62,0x08,0x62,0x08,0x62,0x08,
    0x62,0x08,0x62,0x08,0x62,0x08,0x61,0x08,0xC3,0x10,0x66,0x29,0x45,0x21,0x82,0x10,0x62,0x08,0x62,0x08,0x62,0x08,0x62,0x08,
    0x62,0x08,0x62,0x08,0x62,0x08,0x62,0x08,0x62,0x08,0x62,0x08,0x62,0x08,0x62,0x08,0x62,0x08,0x62,0x08,0x61,0x08,0xC3,0x10,
    0x66,0x29,0x45,0x21,0x82,0x10,0x62,0x08,0x62,0x08,0x62,0x08,0x62,0x08,0x62,0x08,0x62,0x08,0x62,0x08,0x62,0x08,0x62,0x08,
    0x62,0x08,0x62,0x08,0x62,0x08,0x62,0x08,0x62,0x08,0x61,0x08,0xC3,0x10,0x66,0x29,0x45,0x21,0x82,0x10,0x62,0x08,0x62,0x08,
    0x62,0x08,0x62,0x08,0x62,0x08,0x62,0x08,0x62,0x08,0x62,0x08,0x62,0x08,0x62,0x08,0x62,0x08,0x62,0x08,0x62,0x08,0x62,0x08,
    0x61,0x08,0xC3,0x10,0x66,0x29,0x45,0x21,0x82,0x10,0x62,0x08,0x62,0x08,0x62,0x08,0x62,0x08,0x62,0x08,0x62,0x08,0x62,0x08,
    0x62,0x08,0x62,0x08,0x62,0x08,0x62,0x08,0x62,0x08,0x62,0x08,0x62,0x08,0x61,0x08,0xC3,0x10,0x66,0x29,0x45,0x21,0x82,0x10,
    0x62,0x08,0x62,0x08,0x62,0x08,0x62,0x08,0x62,0x08,0x62,0x08,0x62,0x08,0x62,0x08,0x62,0x08,0x62,0x08,0x62,0x08,0x62,0x08,
    0x62,0x08,0x62,0x08,0x61,0x08,0xC3,0x10,0x66,0x29,0x45,0x21,0x82,0x10,0x62,0x08,0x62,0x08,0x62,0x08,0x62,0x08,0x62,0x08,
    0x62,0x08,0x62,0x08,0x62,0x08,0x62,0x08,0x62,0x08,0x62,0x08,0x62,0x08,0x62,0x08,0x62,0x08,0x62,0x08,0x82,0x10,0x45,0x21,
    0x66,0x29,0xC3,0x10,0x61,0x08,0x62,0x08,0x62,0x08,0x62,0x08,0x62,0x08,0x62,0x08,0x62,0x08,0x62,0x08,0x62,0x08,0x62,0x08,
    0x62,0x08,0x62,0x08,0x62,0x08,0x62,0x08,0x62,0x08,0x82,0x10,0x45,0x21,0x66,0x29,0xC3,0x10,0x61,0x08,0x62,0x08,0x62,0x08,
    0x62,0x08,0x62,0x08,0x62,0x08,0x62,0x08,0x62,0x08,0x62,0x08,0x62,0x08,0x62,0x08,0x62,0x08,0x62,0x08,0x62,0x08,0x62,0x08,
    0x82,0x10,0x45,0x21,0x66,0x29,0xC3,0x10,0x61,0x08,0x62,0x08,0x62,0x08,0x62,0x08,0x62,0x08,0x62,0x08,0x62,0x08,0x61,0x08,
    0x61,0x08,0x61,0x08,0x61,0x08,0x61,0x08,0x61,0x08,0x61,0x08,0x61,0x08,0x62,0x08,0x04,0x21,0x25,0x21,0xA2,0x10,0x41,0x08,
    0x61,0x08,0x61,0x08,0x61,0x08,0x61,0x08,0x61,0x08,0x41,0x08,0x41,0x08,0x41,0x08,0x41,0x08,0x41,0x08,0x41,0x08,0x41,0x08,
    0x41,0x08,0x41,0x08,0x61,0x08,0xE4,0x18,0xE4,0x18,0x82,0x08,0x41,0x08,0x41,0x08,0x41,0x08,0x41,0x08,0x41,0x08,0x41,0x08,
    0x41,0x08,0x41,0x08,0x41,0x08,0x41,0x08,0x41,0x08,0x41,0x08,0x41,0x08,0x41,0x08,0x41,0x08,0x41,0x08,0xA3,0x10,0xC3,0x10,
    0x61,0x08,0x20,0x00,0x21,0x00,0x21,0x00,0x21,0x00,0x21,0x00,0x21,0x00,0x21,0x00,0x21,0x00,0x20,0x00,0x20,0x00,0x20,0x00,
    0x20,0x00,0x20,0x00,0x20,0x00,0x20,0x00,0x20,0x00,0x61,0x08,0x82,0x10,0x61,0x08,0x20,0x00,0x20,0x00,0x20,0x00,0x20,0x00,
    0x20,0x00,0x20,0x00,0x20,0x00,0x20,0x00,0x20,0x00,0x20,0x00,0x20,0x00,0x20,0x00,0x61,0x08,0xA2,0x10,0x62,0x08,0x20,0x00,
    0x20,0x00,0x20,0x00,0x20,0x00,0x21,0x00,0x21,0x00,0x21,0x00,0x21,0x00,0x21,0x00,0x21,0x00,0x21,0x00,0x21,0x00,0x41,0x00,
    0x41,0x00,0x41,0x00,0x21,0x00,0x82,0x10,0xC3,0x18,0x82,0x10,0x21,0x00,0x41,0x08,0x41,0x08,0x41,0x08,0x41,0x08,0x41,0x08,
    0x41,0x08,0x41,0x08,0x41,0x08,0x41,0x08,0x41,0x08,0x41,0x08,0x41,0x08,0x41,0x08,0x41,0x08,0x41,0x08,0xC3,0x10,0x04,0x19,
    0xC3,0x10,0x41,0x08,0x41,0x08,0x41,0x08,0x41,0x08,0x41,0x08,0x41,0x08,0x61,0x08,0x61,0x08,0x61,0x08,0x61,0x08,0x61,0x08,
    0x61,0x08,0x61,0x08,0x61,0x08,0x61,0x08,0x41,0x08,0xA2,0x10,0x45,0x21,0x25,0x21,0x62,0x08,0x61,0x08,0x61,0x08,0x61,0x08,
    0x61,0x08,0x62,0x08,0x62,0x08,0x62,0x08,0x62,0x08,0x62,0x08,0x62,0x08,0x62,0x08,0x62,0x08,0x62,0x08,0x62,0x08,0x61,0x08,
    0xC3,0x10,0x66,0x29,0x45,0x21,0x82,0x10,0x62,0x08,0x62,0x08,0x62,0x08,0x62,0x08,0x62,0x08,0x62,0x08,0x62,0x08,0x62,0x08,
    0x62,0x08,0x62,0x08,0x62,0x08,0x62,0x08,0x62,0x08,0x62,0x08,0x61,0x08,0xC3,0x10,0x66,0x29,0x45,0x21,0x82,0x10,0x62,0x08,
    0x62,0x08,0x62,0x08,0x62,0x08,0x62,0x08,0x62,0x08,0x62,0x08,0x62,0x08,0x62,0x08,0x62,0x08,0x62,0x08,0x62,0x08,0x62,0x08,
    0x62,0x08,0x61,0x08,0xC3,0x10,0x66,0x29,0x45,0x21,0x82,0x10,0x62,0x08,0x62,0x08,0x62,0x08,0x62,0x08,0x62,0x08,0x62,0x08,
    0x62,0x08,0x62,0x08,0x62,0x08,0x62,0x08,0x62,0x08,0x62,0x08,0x62,0x08,0x62,0x08,0x61,0x08,0xC3,0x10,0x66,0x29,0x45,0x21,
    0x82,0x10,0x62,0x08,0x62,0x08,0x62,0x08,0x62,0x08,0x62,0x08,0x62,0x08,0x62,0x08,0x62,0x08,0x62,0x08,0x62,0x08,0x62,0x08,
    0x62,0x08,0x62,0x08,0x62,0x08,0x61,0x08,0xC3,0x10,0x66,0x29,0x45,0x21,0x82,0x10,0x62,0x08,0x62,0x08,0x62,0x08,0x62,0x08,
    0x62,0x08,0x62,0x08,0x62,0x08,0x62,0x08,0x62,0x08,0x62,0x08,0x62,0x08,0x62,0x08,0x62,0x08,0x62,0x08,0x61,0x08,0xC3,0x10,
    0x66,0x29,0x45,0x21,0x82,0x10,0x62,0x08,0x62,0x08,0x62,0x08,0x62,0x08,0x62,0x08,0x62,0x08,0x62,0x08,0x62,0x08,0x62,0x08,
    0x62,0x08,0x62,0x08,0x62,0x08,0x62,0x08,0x62,0x08,0x62,0x08,0x82,0x10,0x45,0x21,0x66,0x29,0xC3,0x10,0x61,0x08,0x62,0x08,
    0x62,0x08,0x62,0x08,0x62,0x08,0x62,0x08,0x62,0x08,0x62,0x08,0x62,0x08,0x62,0x08,0x62,0x08,0x62,0x08,0x62,0x08,0x62,0x08,
    0x62,0x08,0x82,0x10,0x45,0x21,0x66,0x29,0xC3,0x10,0x61,0x08,0x62,0x08,0x62,0x08,0x62,0x08,0x62,0x08,0x62,0x08,0x62,0x08,
    0x62,0x08,0x62,0x08,0x62,0x08,0x62,0x08,0x62,0x08,0x62,0x08,0x62,0x08,0x62,0x08,0x82,0x10,0x45,0x21,0x66,0x29,0xC3,0x10,
    0x61,0x08,0x62,0x08,0x62,0x08,0x62,0x08,0x62,0x08,0x62,0x08,0x62,0x08,0x61,0x08,0x61,0x08,0x61,0x08,0x61,0x08,0x61,0x08,
    0x61,0x08,0x61,0x08,0x61,0x08,0x62,0x08,0x04,0x21,0x25,0x21,0xA2,0x10,0x41,0x08,0x61,0x08,0x61,0x08,0x61,0x08,0x61,0x08,
    0x61,0x08,0x41,0x08,0x41,0x08,0x41,0x08,0x41,0x08,0x41,0x08,0x41,0x08,0x41,0x08,0x41,0x08,0x41,0x08,0x61,0x08,0xE4,0x18,
    0xE4,0x18,0x82,0x08,0x41,0x08,0x41,0x08,0x41,0x08,0x41,0x08,0x41,0x08,0x41,0x08,0x41,0x08,0x41,0x08,0x41,0x08,0x41,0x08,
    0x41,0x08,0x41,0x08,0x41,0x08,0x41,0x08,0x41,0x08,0x41,0x08,0xA3,0x10,0xC3,0x10,0x61,0x08,0x20,0x00,0x21,0x00,0x21,0x00,
    0x21,0x00,0x21,0x00,0x21,0x00,0x21,0x00,0x21,0x00,0x20,0x00,0x20,0x00,0x20,0x00,0x20,0x00,0x20,0x00,0x20,0x00,0x20,0x00,
    0x20,0x00,0x61,0x08,0x82,0x10,0x61,0x08,0x20,0x00,0x20,0x00,0x20,0x00,0x20,0x00,0x20,0x00,0x20,0x00,0x20,0x00,0x20,0x00,
    0x20,0x00,0x20,0x00,0x20,0x00,0x20,0x00,0x61,0x08,0xA2,0x10,0x62,0x08,0x20,0x00,0x20,0x00,0x20,0x00,0x20,0x00,0x21,0x00,
    0x21,0x00,0x21,0x00,0x21,0x00,0x21,0x00,0x21,0x00,0x21,0x00,0x21,0x00,0x41,0x00,0x41,0x00,0x41,0x00,0x21,0x00,0x82,0x10,
    0xC3,0x18,0x82,0x10,0x21,0x00,0x41,0x08,0x41,0x08,0x41,0x08,0x41,0x08,0x41,0x08,0x41,0x08,0x41,0x08,0x41,0x08,0x41,0x08,
    0x41,0x08,0x41,0x08,0x41,0x08,0x41,0x08,0x41,0x08,0x41,0x08,0xC3,0x10,0x04,0x19,0xC3,0x10,0x41,0x08,0x41,0x08,0x41,0x08,
    0x41,0x08,0x41,0x08,0x41,0x08,0x61,0x08,0x61,0x08,0x61,0x08,0x61,0x08,0x61,0x08,0x61,0x08,0x61,0x08,0x61,0x08,0x61,0x08,
    0x41,0x08,0xA2,0x10,0x45,0x21,0x25,0x21,0x62,0x08,0x61,0x08,0x61,0x08,0x61,0x08,0x61,0x08,0x62,0x08,0x62,0x08,0x62,0x08,
    0x62,0x08,0x62,0x08,0x62,0x08,0x62,0x08,0x62,0x08,0x62,0x08,0x62,0x08,0x61,0x08,0xC3,0x10,0x66,0x29,0x45,0x21,0x82,0x10,
    0x62,0x08,0x62,0x08,0x62,0x08,0x62,0x08,0x62,0x08,0x62,0x08,0x62,0x08,0x62,0x08,0x62,0x08,0x62,0x08,0x62,0x08,0x62,0x08,
    0x62,0x08,0x62,0x08,0x61,0x08,0xC3,0x10,0x66,0x29,0x45,0x21,0x82,0x10,0x62,0x08,0x62,0x08,0x62,0x08,0x62,0x08,0x62,0x08,
    0x62,0x08,0x62,0x08,0x62,0x08,0x62,0x08,0x62,0x08,0x62,0x08,0x62,0x08,0x62,0x08,0x62,0x08,0x61,0x08,0xC3,0x10,0x66,0x29,
    0x45,0x21,0x82,0x10,0x62,0x08,0x62,0x08,0x62,0x08,0x62,0x08,0x62,0x08,0x62,0x08,0x62,0x08,0x62,0x08,0x62,0x08,0x62,0x08,
    0x62,0x08,0x62,0x08,0x62,0x08,0x62,0x08,0x61,0x08,0xC3,0x10,0x66,0x29,0x45,0x21,0x82,0x10,0x62,0x08,0x62,0x08,0x62,0x08,
    0x62,0x08,0x62,0x08,0x62,0x08,0x62,0x08,0x62,0x08,0x62,0x08,0x62,0x08,0x62,0x08,0x62,0x08,0x62,0x08,0x62,0x08,0x61,0x08,
    0xC3,0x10,0x66,0x29,0x45,0x21,0x82,0x10,0x62,0x08,0x62,0x08,0x62,0x08,0x62,0x08,0x62,0x08,0x62,0x08,0x62,0x08,0x62,0x08,
    0x62,0x08,0x62,0x08,0x62,0x08,0x62,0x08,0x62,0x08,0x62,0x08,0x61,0x08,0xC3,0x10,0x66,0x29,0x45,0x21,0x82,0x10,0x62,0x08,
    0x62,0x08,0x62,0x08,0x62,0x08,0x62,0x08,0x62,0x08,0x62,0x08,0x62,0x08,0x62,0x08,0x62,0x08,0x62,0x08,0x62,0x08,0x62,0x08,
    0x62,0x08,0x62,0x08,0x82,0x10,0x45,0x21,0x66,0x29,0xC3,0x10,0x61,0x08,0x62,0x08,0x62,0x08,0x62,0x08,0x62,0x08,0x62,0x08,
    0x62,0x08,0x62,0x08,0x62,0x08,0x62,0x08,0x62,0x08,0x62,0x08,0x62,0x08,0x62,0x08,0x62,0x08,0x82,0x10,0x45,0x21,0x66,0x29,
    0xC3,0x10,0x61,0x08,0x62,0x08,0x62,0x08,0x62,0x08,0x62,0x08,0x62,0x08,0x62,0x08,0x62,0x08,0x62,0x08,0x62,0x08,0x62,0x08,
    0x62,0x08,0x62,0x08,0x62,0x08,0x62,0x08,0x82,0x10,0x45,0x21,0x66,0x29,0xC3,0x10,0x61,0x08,0x62,0x08,0x62,0x08,0x62,0x08,
    0x62,0x08,0x62,0x08,0x62,0x08,0x61,0x08,0x61,0x08,0x61,0x08,0x61,0x08,0x61,0x08,0x61,0x08,0x61,0x08,0x61,0x08,0x62,0x08,
    0x04,0x21,0x25,0x21,0xA2,0x10,0x41,0x08,0x61,0x08,0x61,0x08,0x61,0x08,0x61,0x08,0x61,0x08,0x41,0x08,0x41,0x08,0x41,0x08,
    0x41,0x08,0x41,0x08,0x41,0x08,0x41,0x08,0x41,0x08,0x41,0x08,0x61,0x08,0xE4,0x18,0xE4,0x18,0x82,0x08,0x41,0x08,0x41,0x08,
    0x41,0x08,0x41,0x08,0x41,0x08,0x41,0x08,0x41,0x08,0x41,0x08,0x41,0x08,0x41,0x08,0x41,0x08,0x41,0x08,0x41,0x08,0x41,0x08,
    0x41,0x08,0x41,0x08,0xA3,0x10,0xC3,0x10,0x61,0x08,0x20,0x00,0x21,0x00,0x21,0x00,0x21,0x00,0x21,0x00,0x21,0x00,0x21,0x00,
    0x21,0x00,0x20,0x00,0x20,0x00,0x20,0x00,0x20,0x00,0x20,0x00,0x20,0x00,0x20,0x00,0x20,0x00,0x61,0x08,0x82,0x10,0x61,0x08,
    0x20,0x00,0x20,0x00,0x20,0x00,0x20,0x00,0x20,0x00,0x20,0x00,0x20,0x00,0x20,0x00,0x20,0x00,0x20,0x00,0x20,0x00,0x20,0x00,
    0x61,0x08,0xA2,0x10,0x62,0x08,0x20,0x00,0x20,0x00,0x20,0x00,0x20,0x00,0x21,0x00,0x21,0x00,0x21,0x00,0x21,0x00,0x21,0x00,
    0x21,0x00,0x21,0x00,0x21,0x00,0x41,0x00,0x41,0x00,0x41,0x00,0x21,0x00,0x82,0x10,0xC3,0x18,0x82,0x10,0x21,0x00,0x41,0x08,
    0x41,0x08,0x41,0x08,0x41,0x08,0x41,0x08,0x41,0x08,0x41,0x08,0x41,0x08,0x41,0x08,0x41,0x08,0x41,0x08,0x41,0x08,0x41,0x08,
    0x41,0x08,0x41,0x08,0xC3,0x10,0x04,0x19,0xC3,0x10,0x41,0x08,0x41,0x08,0x41,0x08,0x41,0x08,0x41,0x08,0x41,0x08,0x61,0x08,
    0x61,0x08,0x61,0x08,0x61,0x08,0x61,0x08,0x61,0x08,0x61,0x08,0x61,0x08,0x61,0x08,0x41,0x08,0xA2,0x10,0x45,0x21,0x25,0x21,
    0x62,0x08,0x61,0x08,0x61,0x08,0x61,0x08,0x61,0x08,0x62,0x08,0x62,0x08,0x62,0x08,0x62,0x08,0x62,0x08,0x62,0x08,0x62,0x08,
    0x62,0x08,0x62,0x08,0x62,0x08,0x61,0x08,0xC3,0x10,0x66,0x29,0x45,0x21,0x82,0x10,0x62,0x08,0x62,0x08,0x62,0x08,0x62,0x08,
    0x62,0x08,0x62,0x08,0x62,0x08,0x62,0x08,0x62,0x08,0x62,0x08,0x62,0x08,0x62,0x08,0x62,0x08,0x62,0x08,0x61,0x08,0xC3,0x10,
    0x66,0x29,0x45,0x21,0x82,0x10,0x62,0x08,0x62,0x08,0x62,0x08,0x62,0x08,0x62,0x08,0x62,0x08,0x62,0x08,0x62,0x08,0x62,0x08,
    0x62,0x08,0x62,0x08,0x62,0x08,0x62,0x08,0x62,0x08,0x61,0x08,0xC3,0x10,0x66,0x29,0x45,0x21,0x82,0x10,0x62,0x08,0x62,0x08,
    0x62,0x08,0x62,0x08,0x62,0x08,0x62,0x08,0x62,0x08,0x62,0x08,0x62,0x08,0x62,0x08,0x62,0x08,0x62,0x08,0x62,0x08,0x62,0x08,
    0x61,0x08,0xC3,0x10,0x66,0x29,0x45,0x21,0x82,0x10,0x62,0x08,0x62,0x08,0x62,0x08,0x62,0x08,0x62,0x08,0x62,0x08,0x62,0x08,
    0x62,0x08,0x62,0x08,0x62,0x08,0x62,0x08,0x62,0x08,0x62,0x08,0x62,0x08,0x61,0x08,0xC3,0x10,0x66,0x29,0x45,0x21,0x82,0x10,
    0x62,0x08,0x62,0x08,0x62,0x08,0x62,0x08,0x62,0x08,0x62,0x08,0x62,0x08,0x62,0x08,0x62,0x08,0x62,0x08,0x62,0x08,0x62,0x08,
    0x62,0x08,0x62,0x08,0x61,0x08,0xC3,0x10,0x66,0x29,0x45,0x21,0x82,0x10,0x62,0x08,0x62,0x08,0x62,0x08,0x62,0x08,0x62,0x08,
    0x62,0x08,0x62,0x08,0x62,0x08,0x62,0x08,0x62,0x08,0x62,0x08,0x62,0x08,0x62,0x08,0x62,0x08,0x62,0x08,0x82,0x10,0x45,0x21,
    0x66,0x29,0xC3,0x10,0x61,0x08,0x62,0x08,0x62,0x08,0x62,0x08,0x62,0x08,0x62,0x08,0x62,0x08,0x62,0x08,0x62,0x08,0x62,0x08,
    0x62,0x08,0x62,0x08,0x62,0x08,0x62,0x08,0x62,0x08,0x82,0x10,0x45,0x21,0x66,0x29,0xC3,0x10,0x61,0x08,0x62,0x08,0x62,0x08,
    0x62,0x08,0x62,0x08,0x62,0x08,0x62,0x08,0x62,0x08,0x62,0x08,0x62,0x08,0x62,0x08,0x62,0x08,0x62,0x08,0x62,0x08,0x62,0x08,
    0x82,0x10,0x45,0x21,0x66,0x29,0xC3,0x10,0x61,0x08,0x62,0x08,0x62,0x08,0x62,0x08,0x62,0x08,0x62,0x08,0x62,0x08,0x61,0x08,
    0x61,0x08,0x61,0x08,0x61,0x08,0x61,0x08,0x61,0x08,0x61,0x08,0x61,0x08,0x62,0x08,0x04,0x21,0x25,0x21,0xA2,0x10,0x41,0x08,
    0x61,0x08,0x61,0x08,0x61,0x08,0x61,0x08,0x61,0x08,0x41,0x08,0x41,0x08,0x41,0x08,0x41,0x08,0x41,0x08,0x41,0x08,0x41,0x08,
    0x41,0x08,0x41,0x08,0x61,0x08,0xE4,0x18,0xE4,0x18,0x82,0x08,0x41,0x08,0x41,0x08,0x41,0x08,0x41,0x08,0x41,0x08,0x41,0x08,
    0x41,0x08,0x41,0x08,0x41,0x08,0x41,0x08,0x41,0x08,0x41,0x08,0x41,0x08,0x41,0x08,0x41,0x08,0x41,0x08,0xA3,0x10,0xC3,0x10,
    0x61,0x08,0x20,0x00,0x21,0x00,0x21,0x00,0x21,0x00,0x21,0x00,0x21,0x00,0x21,0x00,0x21,0x00,0x20,0x00,0x20,0x00,0x20,0x00,
    0x20,0x00,0x20,0x00,0x20,0x00,0x20,0x00,0x20,0x00,0x61,0x08,0x82,0x10,0x61,0x08,0x20,0x00,0x20,0x00,0x20,0x00,0x20,0x00,
    0x20,0x00,0x20,0x00,0x20,0x00,0x20,0x00,0x20,0x00,0x20,0x00,0x20,0x00,0x20,0x00,0x61,0x08,0xA2,0x10,0x62,0x08,0x20,0x00,
    0x20,0x00,0x20,0x00,0x20,0x00,0x21,0x00,0x21,0x00,0x21,0x00,0x21,0x00,0x21,0x00,0x21,0x00,0x21,0x00,0x21,0x00,0x41,0x00,
    0x41,0x00,0x41,0x00,0x21,0x00,0x82,0x10,0xC3,0x18,0x82,0x10,0x21,0x00,0x41,0x08,0x41,0x08,0x41,0x08,0x41,0x08,0x41,0x08,
    0x41,0x08,0x41,0x08,0x41,0x08,0x41,0x08,0x41,0x08,0x41,0x08,0x41,0x08,0x41,0x08,0x41,0x08,0x41,0x08,0xC3,0x10,0x04,0x19,
    0xC3,0x10,0x41,0x08,0x41,0x08,0x41,0x08,0x41,0x08,0x41,0x08,0x41,0x08,0x61,0x08,0x61,0x08,0x61,0x08,0x61,0x08,0x61,0x08,
    0x61,0x08,0x61,0x08,0x61,0x08,0x61,0x08,0x41,0x08,0xA2,0x10,0x45,0x21,0x25,0x21,0x62,0x08,0x61,0x08,0x61,0x08,0x61,0x08,
    0x61,0x08,0x62,0x08,0x62,0x08,0x62,0x08,0x62,0x08,0x62,0x08,0x62,0x08,0x62,0x08,0x62,0x08,0x62,0x08,0x62,0x08,0x61,0x08,
    0xC3,0x10,0x66,0x29,0x45,0x21,0x82,0x10,0x62,0x08,0x62,0x08,0x62,0x08,0x62,0x08,0x62,0x08,0x62,0x08,0x62,0x08,0x62,0x08,
    0x62,0x08,0x62,0x08,0x62,0x08,0x62,0x08,0x62,0x08,0x62,0x08,0x61,0x08,0xC3,0x10,0x66,0x29,0x45,0x21,0x82,0x10,0x62,0x08,
    0x62,0x08,0x62,0x08,0x62,0x08,0x62,0x08,0x62,0x08,0x62,0x08,0x62,0x08,0x62,0x08,0x62,0x08,0x62,0x08,0x62,0x08,0x62,0x08,
    0x62,0x08,0x61,0x08,0xC3,0x10,0x66,0x29,0x45,0x21,0x82,0x10,0x62,0x08,0x62,0x08,0x62,0x08,0x62,0x08,0x62,0x08,0x62,0x08,
    0x62,0x08,0x62,0x08,0x62,0x08,0x62,0x08,0x62,0x08,0x62,0x08,0x62,0x08,0x62,0x08,0x61,0x08,0xC3,0x10,0x66,0x29,0x45,0x21,
    0x82,0x10,0x62,0x08,0x62,0x08,0x62,0x08,0x62,0x08,0x62,0x08,0x62,0x08,0x62,0x08,0x62,0x08,0x62,0x08,0x62,0x08,0x62,0x08,
    0x62,0x08,0x62,0x08,0x62,0x08,0x61,0x08,0xC3,0x10,0x66,0x29,0x45,0x21,0x82,0x10,0x62,0x08,0x62,0x08,0x62,0x08,0x62,0x08,
    0x62,0x08,0x62,0x08,0x62,0x08,0x62,0x08,0x62,0x08,0x62,0x08,0x62,0x08,0x62,0x08,0x62,0x08,0x62,0x08,0x61,0x08,0xC3,0x10,
    0x66,0x29,0x45,0x21,0x82,0x10,0x62,0x08,0x62,0x08,0x62,0x08,0x62,0x08,0x62,0x08,0x62,0x08,0x62,0x08,0x62,0x08,0x62,0x08,
    0x62,0x08,0x62,0x08,0x62,0x08,0x62,0x08,0x62,0x08,0x62,0x08,0x82,0x10,0x45,0x21,0x66,0x29,0xC3,0x10,0x61,0x08,0x62,0x08,
    0x62,0x08,0x62,0x08,0x62,0x08,0x62,0x08,0x62,0x08,0x62,0x08,0x62,0x08,0x62,0x08,0x62,0x08,0x62,0x08,0x62,0x08,0x62,0x08,
    0x62,0x08,0x82,0x10,0x45,0x21,0x66,0x29,0xC3,0x10,0x61,0x08,0x62,0x08,0x62,0x08,0x62,0x08,0x62,0x08,0x62,0x08,0x62,0x08,
    0x62,0x08,0x62,0x08,0x62,0x08,0x62,0x08,0x62,0x08,0x62,0x08,0x62,0x08,0x62,0x08,0x82,0x10,0x45,0x21,0x66,0x29,0xC3,0x10,
    0x61,0x08,0x62,0x08,0x62,0x08,0x62,0x08,0x62,0x08,0x62,0x08,0x62,0x08,0x61,0x08,0x61,0x08,0x61,0x08,0x61,0x08,0x61,0x08,
    0x61,0x08,0x61,0x08,0x61,0x08,0x62,0x08,0x04,0x21,0x25,0x21,0xA2,0x10,0x41,0x08,0x61,0x08,0x61,0x08,0x61,0x08,0x61,0x08,
    0x61,0x08,0x41,0x08,0x41,0x08,0x41,0x08,0x41,0x08,0x41,0x08,0x41,0x08,0x41,0x08,0x41,0x08,0x41,0x08,0x61,0x08,0xE4,0x18,
    0xE4,0x18,0x82,0x08,0x41,0x08,0x41,0x08,0x41,0x08,0x41,0x08,0x41,0x08,0x41,0x08,0x41,0x08,0x41,0x08,0x41,0x08,0x41,0x08,
    0x41,0x08,0x41,0x08,0x41,0x08,0x41,0x08,0x41,0x08,0x41,0x08,0xA3,0x10,0xC3,0x10,0x61,0x08,0x20,0x00,0x21,0x00,0x21,0x00,
    0x21,0x00,0x21,0x00,0x21,0x00,0x21,0x00,0x21,0x00,0x20,0x00,0x20,0x00,0x20,0x00,0x20,0x00,0x20,0x00,0x20,0x00,0x20,0x00,
    0x20,0x00,0x61,0x08,0x82,0x10,0x61,0x08,0x20,0x00,0x20,0x00,0x20,0x00,0x20,0x00,0x20,0x00,0x20,0x00,0x20,0x00,0x20,0x00,
    0x20,0x00,0x20,0x00,0x20,0x00,0x20,0x00,0x61,0x08,0xA2,0x10,0x62,0x08,0x20,0x00,0x20,0x00,0x20,0x00,0x20,0x00,0x21,0x00,
    0x21,0x00,0x21,0x00,0x21,0x00,0x21,0x00,0x21,0x00,0x21,0x00,0x21,0x00,0x41,0x00,0x41,0x00,0x41,0x00,0x21,0x00,0x82,0x10,
    0xC3,0x18,0x82,0x10,0x21,0x00,0x41,0x08,0x41,0x08,0x41,0x08,0x41,0x08,0x41,0x08,0x41,0x08,0x41,0x08,0x41,0x08,0x41,0x08,
    0x41,0x08,0x41,0x08,0x41,0x08,0x41,0x08,0x41,0x08,0x41,0x08,0xC3,0x10,0x04,0x19,0xC3,0x10,0x41,0x08,0x41,0x08,0x41,0x08,
    0x41,0x08,0x41,0x08,0x41,0x08,0x61,0x08,0x61,0x08,0x61,0x08,0x61,0x08,0x61,0x08,0x61,0x08,0x61,0x08,0x61,0x08,0x61,0x08,
    0x41,0x08,0xA2,0x10,0x45,0x21,0x25,0x21,0x62,0x08,0x61,0x08,0x61,0x08,0x61,0x08,0x61,0x08,0x62,0x08,0x62,0x08,0x62,0x08,
    0x62,0x08,0x62,0x08,0x62,0x08,0x62,0x08,0x62,0x08,0x62,0x08,0x62,0x08,0x61,0x08,0xC3,0x10,0x66,0x29,0x45,0x21,0x82,0x10,
    0x62,0x08,0x62,0x08,0x62,0x08,0x62,0x08,0x62,0x08,0x62,0x08,0x62,0x08,0x62,0x08,0x62,0x08,0x62,0x08,0x62,0x08,0x62,0x08,
    0x62,0x08,0x62,0x08,0x61,0x08,0xC3,0x10,0x66,0x29,0x45,0x21,0x82,0x10,0x62,0x08,0x62,0x08,0x62,0x08,0x62,0x08,0x62,0x08,
    0x62,0x08,0x62,0x08,0x62,0x08,0x62,0x08,0x62,0x08,0x62,0x08,0x62,0x08,0x62,0x08,0x62,0x08,0x61,0x08,0xC3,0x10,0x66,0x29,
    0x45,0x21,0x82,0x10,0x62,0x08,0x62,0x08,0x62,0x08,0x62,0x08,0x62,0x08,0x62,0x08,0x62,0x08,0x62,0x08,0x62,0x08,0x62,0x08,
    0x62,0x08,0x62,0x08,0x62,0x08,0x62,0x08,0x61,0x08,0xC3,0x10,0x66,0x29,0x45,0x21,0x82,0x10,0x62,0x08,0x62,0x08,0x62,0x08,
    0x62,0x08,0x62,0x08,0x62,0x08,0x62,0x08,0x62,0x08,0x62,0x08,0x62,0x08,0x62,0x08,0x62,0x08,0x62,0x08,0x62,0x08,0x61,0x08,
    0xC3,0x10,0x66,0x29,0x45,0x21,0x82,0x10,0x62,0x08,0x62,0x08,0x62,0x08,0x62,0x08,0x62,0x08,0x62,0x08,0x62,0x08,0x62,0x08,
    0x62,0x08,0x62,0x08,0x62,0x08,0x62,0x08,0x62,0x08,0x62,0x08,0x61,0x08,0xC3,0x10,0x66,0x29,0x45,0x21,0x82,0x10,0x62,0x08,
    0x62,0x08,0x62,0x08,0x62,0x08,0x62,0x08,0x62,0x08,0x62,0x08,0x62,0x08,0x62,0x08,0x62,0x08,0x62,0x08,0x62,0x08,0x62,0x08,
    0x62,0x08,0x62,0x08,0x82,0x10,0x45,0x21,0x66,0x29,0xC3,0x10,0x61,0x08,0x62,0x08,0x62,0x08,0x62,0x08,0x62,0x08,0x62,0x08,
    0x62,0x08,0x62,0x08,0x62,0x08,0x62,0x08,0x62,0x08,0x62,0x08,0x62,0x08,0x62,0x08,0x62,0x08,0x82,0x10,0x45,0x21,0x66,0x29,
    0xC3,0x10,0x61,0x08,0x62,0x08,0x62,0x08,0x62,0x08,0x62,0x08,0x62,0x08,0x62,0x08,0x62,0x08,0x62,0x08,0x62,0x08,0x62,0x08,
    0x62,0x08,0x62,0x08,0x62,0x08,0x62,0x08,0x82,0x10,0x45,0x21,0x66,0x29,0xC3,0x10,0x61,0x08,0x62,0x08,0x62,0x08,0x62,0x08,
    0x62,0x08,0x62,0x08,0x62,0x08,0x61,0x08,0x61,0x08,0x61,0x08,0x61,0x08,0x61,0x08,0x61,0x08,0x61,0x08,0x61,0x08,0x62,0x08,
    0x04,0x21,0x25,0x21,0xA2,0x10,0x41,0x08,0x61,0x08,0x61,0x08,0x61,0x08,0x61,0x08,0x61,0x08,0x41,0x08,0x41,0x08,0x41,0x08,
    0x41,0x08,0x41,0x08,0x41,0x08,0x41,0x08,0x41,0x08,0x41,0x08,0x61,0x08,0xE4,0x18,0xE4,0x18,0x82,0x08,0x41,0x08,0x41,0x08,
    0x41,0x08,0x41,0x08,0x41,0x08,0x41,0x08,0x41,0x08,0x41,0x08,0x41,0x08,0x41,0x08,0x41,0x08,0x41,0x08,0x41,0x08,0x41,0x08,
    0x41,0x08,0x41,0x08,0xA3,0x10,0xC3,0x10,0x61,0x08,0x20,0x00,0x21,0x00,0x21,0x00,0x21,0x00,0x21,0x00,0x21,0x00,0x21,0x00,
    0x21,0x00,0x20,0x00,0x20,0x00,0x20,0x00,0x20,0x00,0x20,0x00,0x20,0x00,0x20,0x00,0x20,0x00,0x61,0x08,0x82,0x10,0x61,0x08,
    0x20,0x00,0x20,0x00,0x20,0x00,0x20,0x00,0x20,0x00,0x20,0x00,0x20,0x00,0x20,0x00,0x20,0x00,0x20,0x00,0x20,0x00,0x20,0x00,
    0x61,0x08,0xA2,0x10,0x62,0x08,0x20,0x00,0x20,0x00,0x20,0x00,0x20,0x00,0x21,0x00,0x21,0x00,0x21,0x00,0x21,0x00,0x21,0x00,
    0x21,0x00,0x21,0x00,0x21,0x00,0x41,0x00,0x41,0x00,0x41,0x00,0x21,0x00,0x82,0x10,0xC3,0x18,0x82,0x10,0x21,0x00,0x41,0x08,
    0x41,0x08,0x41,0x08,0x41,0x08,0x41,0x08,0x41,0x08,0x41,0x08,0x41,0x08,0x41,0x08,0x41,0x08,0x41,0x08,0x41,0x08,0x41,0x08,
    0x41,0x08,0x41,0x08,0xC3,0x10,0x04,0x19,0xC3,0x10,0x41,0x08,0x41,0x08,0x41,0x08,0x41,0x08,0x41,0x08,0x41,0x08,0x61,0x08,
    0x61,0x08,0x61,0x08,0x61,0x08,0x61,0x08,0x61,0x08,0x61,0x08,0x61,0x08,0x61,0x08,0x41,0x08,0xA2,0x10,0x45,0x21,0x25,0x21,
    0x62,0x08,0x61,0x08,0x61,0x08,0x61,0x08,0x61,0x08,0x62,0x08,0x62,0x08,0x62,0x08,0x62,0x08,0x62,0x08,0x62,0x08,0x62,0x08,
    0x62,0x08,0x62,0x08,0x62,0x08,0x61,0x08,0xC3,0x10,0x66,0x29,0x45,0x21,0x82,0x10,0x62,0x08,0x62,0x08,0x62,0x08,0x62,0x08,
    0x62,0x08,0x62,0x08,0x62,0x08,0x62,0x08,0x62,0x08,0x62,0x08,0x62,0x08,0x62,0x08,0x62,0x08,0x62,0x08,0x61,0x08,0xC3,0x10,
    0x66,0x29,0x45,0x21,0x82,0x10,0x62,0x08,0x62,0x08,0x62,0x08,0x62,0x08,0x62,0x08,0x62,0x08,0x62,0x08,0x62,0x08,0x62,0x08,
    0x62,0x08,0x62,0x08,0x62,0x08,0x62,0x08,0x62,0x08,0x61,0x08,0xC3,0x10,0x66,0x29,0x45,0x21,0x82,0x10,0x62,0x08,0x62,0x08,
    0x62,0x08,0x62,0x08,0x62,0x08,0x62,0x08,0x62,0x08,0x62,0x08,0x62,0x08,0x62,0x08,0x62,0x08,0x62,0x08,0x62,0x08,0x62,0x08,
    0x61,0x08,0xC3,0x10,0x66,0x29,0x45,0x21,0x82,0x10,0x62,0x08,0x62,0x08,0x62,0x08,0x62,0x08,0x62,0x08,0x62,0x08,0x62,0x08,
    0x62,0x08,0x62,0x08,0x62,0x08,0x62,0x08,0x62,0x08,0x62,0x08,0x62,0x08,0x61,0x08,0xC3,0x10,0x66,0x29,0x45,0x21,0x82,0x10,
    0x62,0x08,0x62,0x08,0x62,0x08,0x62,0x08,0x62,0x08,0x62,0x08,0x62,0x08,0x62,0x08,0x62,0x08,0x62,0x08,0x62,0x08,0x62,0x08,
    0x62,0x08,0x62,0x08,0x61,0x08,0xC3,0x10,0x66,0x29,0x45,0x21,0x82,0x10,0x62,0x08,0x62,0x08,0x62,0x08,0x62,0x08,0x62,0x08,
    0x62,0x08,0x62,0x08,0x62,0x08,0x62,0x08,0x62,0x08,0x62,0x08,0x62,0x08,0x62,0x08,0x62,0x08,0x62,0x08,0x82,0x10,0x45,0x21,
    0x66,0x29,0xC3,0x10,0x61,0x08,0x62,0x08,0x62,0x08,0x62,0x08,0x62,0x08,0x62,0x08,0x62,0x08,0x62,0x08,0x62,0x08,0x62,0x08,
    0x62,0x08,0x62,0x08,0x62,0x08,0x62,0x08,0x62,0x08,0x82,0x10,0x45,0x21,0x66,0x29,0xC3,0x10,0x61,0x08,0x62,0x08,0x62,0x08,
    0x62,0x08,0x62,0x08,0x62,0x08,0x62,0x08,0x62,0x08,0x62,0x08,0x62,0x08,0x62,0x08,0x62,0x08,0x62,0x08,0x62,0x08,0x62,0x08,
    0x82,0x10,0x45,0x21,0x66,0x29,0xC3,0x10,0x61,0x08,0x62,0x08,0x62,0x08,0x62,0x08,0x62,0x08,0x62,0x08,0x62,0x08,0x61,0x08,
    0x61,0x08,0x61,0x08,0x61,0x08,0x61,0x08,0x61,0x08,0x61,0x08,0x61,0x08,0x62,0x08,0x04,0x21,0x25,0x21,0xA2,0x10,0x41,0x08,
    0x61,0x08,0x61,0x08,0x61,0x08,0x61,0x08,0x61,0x08,0x41,0x08,0x41,0x08,0x41,0x08,0x41,0x08,0x41,0x08,0x41,0x08,0x41,0x08,
    0x41,0x08,0x41,0x08,0x61,0x08,0xE4,0x18,0xE4,0x18,0x82,0x08,0x41,0x08,0x41,0x08,0x41,0x08,0x41,0x08,0x41,0x08,0x41,0x08,
    0x41,0x08,0x41,0x08,0x41,0x08,0x41,0x08,0x41,0x08,0x41,0x08,0x41,0x08,0x41,0x08,0x41,0x08,0x41,0x08,0xA3,0x10,0xC3,0x10,
    0x61,0x08,0x20,0x00,0x21,0x00,0x21,0x00,0x21,0x00,0x21,0x00,0x21,0x00,0x21,0x00,0x21,0x00,0x20,0x00,0x20,0x00,0x20,0x00,
    0x20,0x00,0x20,0x00,0x20,0x00,0x20,0x00,0x20,0x00,0x61,0x08,0x82,0x10,0x61,0x08,0x20,0x00,0x20,0x00,0x20,0x00,0x20,0x00,
    0x20,0x00,0x20,0x00,0x20,0x00,0x20,0x00,0x20,0x00,0x20,0x00,0x20,0x00,0x20,0x00,0x61,0x08,0xA2,0x10,0x61,0x08,0x20,0x00,
    0x20,0x00,0x20,0x00,0x20,0x00,0x21,0x00,0x21,0x00,0x21,0x00,0x21,0x00,0x21,0x00,0x21,0x00,0x21,0x00,0x21,0x00,0x41,0x00,
    0x41,0x00,0x41,0x00,0x21,0x00,0x82,0x10,0xC3,0x18,0x82,0x10,0x21,0x00,0x41,0x08,0x41,0x08,0x41,0x08,0x41,0x08,0x41,0x08,
    0x41,0x08,0x41,0x08,0x41,0x08,0x41,0x08,0x41,0x08,0x41,0x08,0x41,0x08,0x41,0x08,0x41,0x08,0x41,0x08,0xA3,0x10,0x04,0x19,
    0xA3,0x10,0x41,0x08,0x41,0x08,0x41,0x08,0x41,0x08,0x41,0x08,0x41,0x08,0x61,0x08,0x61,0x08,0x61,0x08,0x61,0x08,0x61,0x08,
    0x61,0x08,0x61,0x08,0x61,0x08,0x61,0x08,0x41,0x08,0xA2,0x10,0x45,0x21,0x25,0x21,0x62,0x08,0x62,0x08,0x61,0x08,0x61,0x08,
    0x61,0x08,0x62,0x08,0x62,0x08,0x62,0x08,0x62,0x08,0x62,0x08,0x62,0x08,0x62,0x08,0x62,0x08,0x62,0x08,0x62,0x08,0x61,0x08,
    0xA3,0x10,0x66,0x29,0x45,0x21,0x82,0x10,0x82,0x08,0x62,0x08,0x62,0x08,0x62,0x08,0x62,0x08,0x62,0x08,0x62,0x08,0x62,0x08,
    0x62,0x08,0x62,0x08,0x62,0x08,0x62,0x08,0x62,0x08,0x62,0x08,0x61,0x08,0xA3,0x10,0x66,0x29,0x45,0x21,0x82,0x10,0x82,0x08,
    0x62,0x08,0x62,0x08,0x62,0x08,0x62,0x08,0x62,0x08,0x62,0x08,0x62,0x08,0x62,0x08,0x62,0x08,0x62,0x08,0x62,0x08,0x62,0x08,
    0x62,0x08,0x61,0x08,0xA3,0x10,0x66,0x29,0x45,0x21,0x82,0x10,0x82,0x08,0x62,0x08,0x62,0x08,0x62,0x08,0x62,0x08,0x62,0x08,
    0x62,0x08,0x62,0x08,0x62,0x08,0x62,0x08,0x62,0x08,0x62,0x08,0x62,0x08,0x62,0x08,0x61,0x08,0xA3,0x10,0x66,0x29,0x45,0x21,
    0x82,0x10,0x82,0x08,0x62,0x08,0x62,0x08,0x62,0x08,0x62,0x08,0x62,0x08,0x62,0x08,0x62,0x08,0x62,0x08,0x62,0x08,0x62,0x08,
    0x62,0x08,0x62,0x08,0x62,0x08,0x61,0x08,0xA3,0x10,0x66,0x29,0x45,0x21,0x82,0x10,0x82,0x08,0x62,0x08,0x62,0x08,0x62,0x08,
    0x62,0x08,0x62,0x08,0x62,0x08,0x62,0x08,0x62,0x08,0x62,0x08,0x62,0x08,0x62,0x08,0x62,0x08,0x62,0x08,0x61,0x08,0xA3,0x10,
    0x66,0x29,0x45,0x21,0x82,0x10,0x82,0x08,0x62,0x08,0x62,0x08,0x62,0x08,0x62,0x08,0x62,0x08,0x62,0x08,0x62,0x08,0x62,0x08,
    0x62,0x08,0x62,0x08,0x62,0x08,0x62,0x08,0x62,0x08,0x82,0x08,0x82,0x10,0x45,0x21,0x66,0x29,0xA3,0x10,0x61,0x08,0x62,0x08,
    0x62,0x08,0x62,0x08,0x62,0x08,0x62,0x08,0x62,0x08,0x62,0x08,0x62,0x08,0x62,0x08,0x62,0x08,0x62,0x08,0x62,0x08,0x62,0x08,
    0x82,0x08,0x82,0x10,0x45,0x21,0x66,0x29,0xA3,0x10,0x61,0x08,0x62,0x08,0x62,0x08,0x62,0x08,0x62,0x08,0x62,0x08,0x62,0x08,
    0x62,0x08,0x62,0x08,0x62,0x08,0x62,0x08,0x62,0x08,0x62,0x08,0x62,0x08,0x82,0x08,0x82,0x10,0x45,0x21,0x66,0x29,0xA3,0x10,
    0x61,0x08,0x62,0x08,0x62,0x08,0x62,0x08,0x62,0x08,0x62,0x08,0x62,0x08,0x61,0x08,0x61,0x08,0x61,0x08,0x61,0x08,0x61,0x08,
    0x61,0x08,0x61,0x08,0x61,0x08,0x61,0x08,0x04,0x21,0x25,0x21,0x82,0x10,0x41,0x08,0x61,0x08,0x61,0x08,0x61,0x08,0x61,0x08,
    0x61,0x08,0x41,0x08,0x41,0x08,0x41,0x08,0x41,0x08,0x41,0x08,0x41,0x08,0x41,0x08,0x41,0x08,0x41,0x08,0x61,0x08,0xE4,0x18,
    0xE4,0x18,0x62,0x08,0x41,0x08,0x41,0x08,0x41,0x08,0x41,0x08,0x41,0x08,0x41,0x08,0x41,0x08,0x41,0x08,0x41,0x08,0x41,0x08,
    0x41,0x08,0x41,0x08,0x41,0x08,0x41,0x08,0x41,0x08,0x41,0x08,0xA3,0x10,0xC3,0x10,0x61,0x08,0x20,0x00,0x21,0x00,0x21,0x00,
    0x21,0x00,0x21,0x00,0x21,0x00,0x21,0x00,0x21,0x00,0x20,0x00,0x20,0x00,0x20,0x00,0x20,0x00,0x20,0x00,0x20,0x00,0x20,0x00,
    0x20,0x00,0x61,0x08,0x82,0x10,0x61,0x08,0x20,0x00,0x20,0x00,0x20,0x00,0x20,0x00,0x20,0x00,0x20,0x00,0x20,0x00,0x20,0x00,
    0x20,0x00,0x20,0x00,0x20,0x00,0x20,0x00,0x62,0x08,0x82,0x10,0x62,0x08,0x20,0x00,0x20,0x00,0x20,0x00,0x20,0x00,0x21,0x00,
    0x21,0x00,0x21,0x00,0x21,0x00,0x21,0x00,0x21,0x00,0x21,0x00,0x21,0x00,0x41,0x00,0x41,0x00,0x21,0x00,0x21,0x00,0xA2,0x10,
    0xC3,0x18,0xA2,0x10,0x21,0x00,0x21,0x00,0x41,0x08,0x41,0x08,0x41,0x08,0x41,0x08,0x41,0x08,0x41,0x08,0x41,0x08,0x41,0x08,
    0x41,0x08,0x41,0x08,0x41,0x08,0x41,0x08,0x41,0x08,0x41,0x08,0xC3,0x18,0x04,0x19,0xC3,0x18,0x41,0x08,0x41,0x08,0x41,0x08,
    0x41,0x08,0x41,0x08,0x41,0x08,0x61,0x08,0x61,0x08,0x61,0x08,0x61,0x08,0x61,0x08,0x61,0x08,0x61,0x08,0x61,0x08,0x61,0x08,
    0x41,0x08,0xC3,0x10,0x45,0x21,0x25,0x21,0x82,0x10,0x41,0x08,0x61,0x08,0x61,0x08,0x61,0x08,0x62,0x08,0x62,0x08,0x62,0x08,
    0x62,0x08,0x62,0x08,0x62,0x08,0x62,0x08,0x62,0x08,0x62,0x08,0x62,0x08,0x41,0x08,0xE3,0x18,0x66,0x29,0x45,0x21,0x82,0x10,
    0x61,0x08,0x62,0x08,0x62,0x08,0x62,0x08,0x62,0x08,0x62,0x08,0x62,0x08,0x62,0x08,0x62,0x08,0x62,0x08,0x62,0x08,0x62,0x08,
    0x62,0x08,0x62,0x08,0x41,0x08,0xE3,0x18,0x66,0x29,0x45,0x21,0x82,0x10,0x61,0x08,0x62,0x08,0x62,0x08,0x62,0x08,0x62,0x08,
    0x62,0x08,0x62,0x08,0x62,0x08,0x62,0x08,0x62,0x08,0x62,0x08,0x62,0x08,0x62,0x08,0x62,0x08,0x41,0x08,0xE3,0x18,0x66,0x29,
    0x45,0x21,0x82,0x10,0x61,0x08,0x62,0x08,0x62,0x08,0x62,0x08,0x62,0x08,0x62,0x08,0x62,0x08,0x62,0x08,0x62,0x08,0x62,0x08,
    0x62,0x08,0x62,0x08,0x82,0x08,0x62,0x08,0x41,0x08,0xE3,0x18,0x66,0x29,0x45,0x21,0x82,0x10,0x61,0x08,0x62,0x08,0x62,0x08,
    0x62,0x08,0x62,0x08,0x62,0x08,0x62,0x08,0x62,0x08,0x62,0x08,0x62,0x08,0x62,0x08,0x62,0x08,0x82,0x08,0x62,0x08,0x41,0x08,
    0xE3,0x18,0x66,0x29,0x45,0x21,0x82,0x10,0x61,0x08,0x62,0x08,0x62,0x08,0x62,0x08,0x62,0x08,0x62,0x08,0x62,0x08,0x62,0x08,
    0x62,0x08,0x62,0x08,0x62,0x08,0x62,0x08,0x82,0x08,0x62,0x08,0x41,0x08,0xE3,0x18,0x66,0x29,0x45,0x21,0x82,0x10,0x61,0x08,
    0x62,0x08,0x62,0x08,0x62,0x08,0x62,0x08,0x62,0x08,0x62,0x08,0x62,0x08,0x62,0x08,0x62,0x08,0x62,0x08,0x62,0x08,0x62,0x08,
    0x62,0x08,0x61,0x08,0x82,0x10,0x45,0x21,0x66,0x29,0xE3,0x18,0x41,0x08,0x62,0x08,0x82,0x08,0x62,0x08,0x62,0x08,0x62,0x08,
    0x62,0x08,0x62,0x08,0x62,0x08,0x62,0x08,0x62,0x08,0x62,0x08,0x62,0x08,0x62,0x08,0x61,0x08,0x82,0x10,0x45,0x21,0x66,0x29,
    0xE3,0x18,0x41,0x08,0x62,0x08,0x82,0x08,0x62,0x08,0x62,0x08,0x62,0x08,0x62,0x08,0x62,0x08,0x62,0x08,0x62,0x08,0x62,0x08,
    0x62,0x08,0x62,0x08,0x62,0x08,0x61,0x08,0x82,0x10,0x45,0x21,0x66,0x29,0xE3,0x18,0x41,0x08,0x61,0x08,0x62,0x08,0x62,0x08,
    0x62,0x08,0x62,0x08,0x62,0x08,0x61,0x08,0x61,0x08,0x61,0x08,0x61,0x08,0x61,0x08,0x61,0x08,0x61,0x08,0x41,0x08,0x82,0x08,
    0x24,0x21,0x25,0x21,0xA3,0x10,0x41,0x08,0x41,0x08,0x61,0x08,0x61,0x08,0x61,0x08,0x61,0x08,0x41,0x08,0x41,0x08,0x41,0x08,
    0x41,0x08,0x41,0x08,0x41,0x08,0x41,0x08,0x41,0x08,0x41,0x08,0x61,0x08,0xE4,0x18,0xE4,0x18,0x82,0x10,0x21,0x00,0x41,0x08,
    0x41,0x08,0x41,0x08,0x41,0x08,0x41,0x08,0x41,0x08,0x41,0x08,0x41,0x08,0x41,0x08,0x41,0x08,0x41,0x08,0x41,0x08,0x41,0x08,
    0x21,0x00,0x41,0x08,0xA3,0x10,0xC3,0x10,0x62,0x08,0x20,0x00,0x21,0x00,0x21,0x00,0x21,0x00,0x21,0x00,0x21,0x00,0x21,0x00,
    0x21,0x00,0x20,0x00,0x20,0x00,0x20,0x00,0x20,0x00,0x20,0x00,0x20,0x00,0x20,0x00,0x20,0x00,0x62,0x08,0x82,0x10,0x61,0x08,
    0x20,0x00,0x20,0x00,0x20,0x00,0x20,0x00,0x20,0x00,0x20,0x00,0x20,0x00,0x20,0x00,0x20,0x00,0x20,0x00,0x41,0x08,0x62,0x08,
    0x82,0x10,0x82,0x10,0x82,0x10,0x62,0x08,0x41,0x08,0x20,0x00,0x20,0x00,0x21,0x00,0x21,0x00,0x21,0x00,0x21,0x00,0x21,0x00,
    0x21,0x00,0x21,0x00,0x21,0x00,0x21,0x00,0x21,0x00,0x61,0x08,0xA2,0x10,0xC3,0x10,0xC3,0x10,0xC3,0x18,0xA2,0x10,0x61,0x08,
    0x41,0x00,0x41,0x08,0x41,0x08,0x41,0x08,0x41,0x08,0x41,0x08,0x41,0x08,0x41,0x08,0x41,0x08,0x41,0x08,0x41,0x08,0x41,0x08,
    0x62,0x08,0xC3,0x18,0x04,0x19,0xE4,0x18,0x04,0x19,0xC3,0x18,0x82,0x08,0x41,0x08,0x41,0x08,0x41,0x08,0x41,0x08,0x61,0x08,
    0x61,0x08,0x61,0x08,0x61,0x08,0x61,0x08,0x61,0x08,0x61,0x08,0x41,0x08,0x62,0x08,0xC3,0x18,0x25,0x21,0x25,0x21,0x25,0x21,
    0x24,0x21,0xA3,0x10,0x61,0x08,0x61,0x08,0x61,0x08,0x62,0x08,0x62,0x08,0x62,0x08,0x62,0x08,0x62,0x08,0x62,0x08,0x62,0x08,
    0x62,0x08,0x61,0x08,0x82,0x10,0x04,0x19,0x45,0x29,0x45,0x29,0x46,0x29,0x45,0x21,0xC3,0x18,0x62,0x08,0x61,0x08,0x62,0x08,
    0x62,0x08,0x62,0x08,0x62,0x08,0x62,0x08,0x62,0x08,0x62,0x08,0x62,0x08,0x62,0x08,0x61,0x08,0x82,0x10,0x04,0x19,0x45,0x29,
    0x45,0x29,0x46,0x29,0x45,0x21,0xC3,0x18,0x62,0x08,0x61,0x08,0x62,0x08,0x62,0x08,0x62,0x08,0x62,0x08,0x62,0x08,0x62,0x08,
    0x62,0x08,0x62,0x08,0x62,0x08,0x61,0x08,0x82,0x10,0x04,0x19,0x45,0x29,0x45,0x29,0x66,0x29,0x45,0x21,0xC3,0x18,0x62,0x08,
    0x61,0x08,0x62,0x08,0x62,0x08,0x62,0x08,0x62,0x08,0x62,0x08,0x62,0x08,0x62,0x08,0x62,0x08,0x62,0x08,0x61,0x08,0x82,0x10,
    0x04,0x19,0x45,0x29,0x45,0x29,0x66,0x29,0x45,0x21,0xC3,0x18,0x62,0x08,0x61,0x08,0x62,0x08,0x62,0x08,0x62,0x08,0x62,0x08,
    0x62,0x08,0x62,0x08,0x62,0x08,0x62,0x08,0x62,0x08,0x61,0x08,0x82,0x10,0x04,0x19,0x45,0x29,0x45,0x29,0x66,0x29,0x45,0x21,
    0xC3,0x18,0x62,0x08,0x61,0x08,0x62,0x08,0x62,0x08,0x62,0x08,0x62,0x08,0x62,0x08,0x62,0x08,0x62,0x08,0x62,0x08,0x62,0x08,
    0x61,0x08,0x82,0x10,0x04,0x19,0x45,0x29,0x45,0x29,0x66,0x29,0x45,0x21,0xC3,0x18,0x62,0x08,0x61,0x08,0x62,0x08,0x62,0x08,
    0x62,0x08,0x62,0x08,0x62,0x08,0x62,0x08,0x62,0x08,0x62,0x08,0x62,0x08,0x61,0x08,0x62,0x08,0xC3,0x18,0x45,0x21,0x66,0x29,
    0x45,0x29,0x45,0x29,0x04,0x19,0x82,0x10,0x61,0x08,0x62,0x08,0x62,0x08,0x62,0x08,0x62,0x08,0x62,0x08,0x62,0x08,0x62,0x08,
    0x62,0x08,0x62,0x08,0x61,0x08,0x62,0x08,0xC3,0x18,0x45,0x21,0x66,0x29,0x45,0x29,0x45,0x29,0x04,0x19,0x82,0x10,0x61,0x08,
    0x62,0x08,0x62,0x08,0x62,0x08,0x62,0x08,0x62,0x08,0x62,0x08,0x62,0x08,0x62,0x08,0x62,0x08,0x61,0x08,0x62,0x08,0xC3,0x18,
    0x45,0x21,0x66,0x29,0x45,0x29,0x45,0x29,0xE4,0x18,0x82,0x10,0x61,0x08,0x62,0x08,0x62,0x08,0x62,0x08,0x62,0x08,0x61,0x08,
    0x61,0x08,0x61,0x08,0x61,0x08,0x61,0x08,0x41,0x08,0x61,0x08,0xA3,0x10,0x04,0x21,0x25,0x21,0x25,0x21,0x24,0x21,0xC3,0x18,
    0x62,0x08,0x41,0x08,0x61,0x08,0x61,0x08,0x61,0x08,0x41,0x08,0x41,0x08,0x41,0x08,0x41,0x08,0x41,0x08,0x41,0x08,0x41,0x08,
    0x41,0x08,0x82,0x10,0xE3,0x18,0xE4,0x18,0xE4,0x18,0xE4,0x18,0xA3,0x10,0x61,0x08,0x41,0x08,0x41,0x08,0x41,0x08,0x41,0x08,
    0x41,0x08,0x41,0x08,0x41,0x08,0x41,0x08,0x41,0x08,0x41,0x08,0x21,0x00,0x41,0x00,0x62,0x08,0xA3,0x10,0xA3,0x10,0xA3,0x10,
    0xA3,0x10,0x82,0x08,0x41,0x08,0x20,0x00,0x21,0x00,0x21,0x00,0x21,0x00,0x21,0x00,0x21,0x00,0x20,0x00,0x20,0x00,0x20,0x00,
    0x20,0x00,0x20,0x00,0x20,0x00,0x41,0x08,0x62,0x08,0x82,0x10,0x82,0x08,0x82,0x08,0x61,0x08,0x41,0x00,0x20,0x00,0x20,0x00,
    0x20,0x00,0x20,0x00,0x20,0x00,0x20,0x00,0x20,0x00,0x61,0x08,0x82,0x10,0x82,0x10,0x82,0x10,0x82,0x10,0x82,0x10,0x82,0x10,
    0xA2,0x10,0x62,0x08,0x41,0x00,0x20,0x00,0x21,0x00,0x21,0x00,0x21,0x00,0x21,0x00,0x21,0x00,0x21,0x00,0x20,0x00,0x41,0x08,
    0x82,0x08,0xC3,0x10,0xC3,0x10,0xC3,0x10,0xC3,0x10,0xC3,0x18,0xC3,0x18,0xC3,0x18,0xA2,0x10,0x41,0x08,0x41,0x00,0x41,0x08,
    0x41,0x08,0x41,0x08,0x41,0x08,0x41,0x08,0x41,0x08,0x41,0x08,0x41,0x08,0xA3,0x10,0xE4,0x18,0x04,0x19,0x04,0x19,0x04,0x19,
    0x04,0x19,0x04,0x19,0x04,0x19,0xC3,0x10,0x61,0x08,0x41,0x08,0x41,0x08,0x61,0x08,0x61,0x08,0x61,0x08,0x61,0x08,0x61,0x08,
    0x41,0x08,0x61,0x08,0xA3,0x10,0x24,0x21,0x25,0x21,0x25,0x21,0x25,0x21,0x25,0x21,0x25,0x21,0x45,0x21,0x04,0x19,0xA2,0x10,
    0x61,0x08,0x62,0x08,0x62,0x08,0x62,0x08,0x62,0x08,0x62,0x08,0x62,0x08,0x61,0x08,0x62,0x08,0xC3,0x18,0x45,0x21,0x66,0x29,
    0x66,0x29,0x66,0x29,0x66,0x29,0x66,0x29,0x66,0x29,0x25,0x21,0xA3,0x10,0x61,0x08,0x62,0x08,0x62,0x08,0x62,0x08,0x62,0x08,
    0x62,0x08,0x62,0x08,0x61,0x08,0x62,0x08,0xC3,0x18,0x45,0x21,0x66,0x29,0x66,0x29,0x66,0x29,0x66,0x29,0x66,0x29,0x66,0x29,
    0x25,0x21,0xA3,0x10,0x61,0x08,0x62,0x08,0x62,0x08,0x62,0x08,0x62,0x08,0x62,0x08,0x62,0x08,0x61,0x08,0x62,0x08,0xC3,0x18,
    0x45,0x21,0x66,0x29,0x66,0x29,0x66,0x29,0x66,0x29,0x66,0x29,0x66,0x29,0x25,0x21,0xA3,0x10,0x62,0x08,0x62,0x08,0x62,0x08,
    0x62,0x08,0x62,0x08,0x62,0x08,0x62,0x08,0x62,0x08,0x62,0x08,0xC3,0x18,0x45,0x21,0x66,0x29,0x66,0x29,0x66,0x29,0x66,0x29,
    0x66,0x29,0x66,0x29,0x25,0x21,0xA3,0x10,0x62,0x08,0x62,0x08,0x62,0x08,0x62,0x08,0x62,0x08,0x62,0x08,0x62,0x08,0x62,0x08,
    0x62,0x08,0xC3,0x18,0x45,0x21,0x66,0x29,0x66,0x29,0x66,0x29,0x66,0x29,0x66,0x29,0x66,0x29,0x25,0x21,0xA3,0x10,0x62,0x08,
    0x62,0x08,0x62,0x08,0x62,0x08,0x62,0x08,0x62,0x08,0x62,0x08,0x62,0x08,0x62,0x08,0xC3,0x18,0x45,0x21,0x66,0x29,0x66,0x29,
    0x66,0x29,0x66,0x29,0x66,0x29,0x66,0x29,0x25,0x21,0xA3,0x10,0x62,0x08,0x62,0x08,0x62,0x08,0x62,0x08,0x62,0x08,0x62,0x08,
    0x62,0x08,0x62,0x08,0x62,0x08,0xA3,0x10,0x25,0x21,0x66,0x29,0x66,0x29,0x66,0x29,0x66,0x29,0x66,0x29,0x66,0x29,0x45,0x21,
    0xC3,0x18,0x62,0x08,0x62,0x08,0x62,0x08,0x62,0x08,0x62,0x08,0x62,0x08,0x62,0x08,0x62,0x08,0x62,0x08,0xA3,0x10,0x25,0x21,
    0x66,0x29,0x66,0x29,0x66,0x29,0x66,0x29,0x66,0x29,0x66,0x29,0x45,0x21,0xC3,0x18,0x62,0x08,0x62,0x08,0x62,0x08,0x62,0x08,
    0x62,0x08,0x62,0x08,0x62,0x08,0x62,0x08,0x62,0x08,0xA3,0x10,0x25,0x21,0x66,0x29,0x66,0x29,0x66,0x29,0x66,0x29,0x66,0x29,
    0x66,0x29,0x45,0x21,0xC3,0x18,0x62,0x08,0x61,0x08,0x62,0x08,0x62,0x08,0x61,0x08,0x61,0x08,0x61,0x08,0x61,0x08,0x41,0x08,
    0x82,0x10,0x04,0x19,0x25,0x21,0x25,0x21,0x25,0x21,0x25,0x21,0x25,0x21,0x25,0x21,0x04,0x21,0xA3,0x10,0x61,0x08,0x41,0x08,
    0x61,0x08,0x41,0x08,0x41,0x08,0x41,0x08,0x41,0x08,0x41,0x08,0x41,0x08,0x82,0x08,0xC3,0x18,0x04,0x19,0xE4,0x18,0xE4,0x18,
    0xE4,0x18,0xE4,0x18,0xE4,0x18,0xE3,0x18,0x82,0x10,0x41,0x08,0x41,0x00,0x41,0x08,0x41,0x08,0x41,0x08,0x41,0x08,0x41,0x08,
    0x41,0x08,0x21,0x00,0x61,0x08,0xA2,0x10,0xC3,0x18,0xC3,0x10,0xC3,0x10,0xC3,0x10,0xC3,0x10,0xA3,0x10,0xA3,0x10,0x61,0x08,
    0x21,0x00,0x20,0x00,0x21,0x00,0x21,0x00,0x21,0x00,0x20,0x00,0x20,0x00,0x20,0x00,0x20,0x00,0x21,0x00,0x61,0x08,0x82,0x10,
    0x82,0x10,0x82,0x10,0x82,0x10,0x82,0x08,0x82,0x08,0x82,0x08,0x41,0x08,0x20,0x00,0x20,0x00,0x20,0x00,0x20,0x00,0x41,0x08,
    0x62,0x08,0x82,0x10,0x82,0x10,0x82,0x10,0x61,0x08,0x41,0x08,0x61,0x08,0x82,0x10,0x82,0x10,0xA2,0x10,0x82,0x10,0x61,0x08,
    0x21,0x00,0x20,0x00,0x21,0x00,0x21,0x00,0x21,0x00,0x20,0x00,0x61,0x08,0xA3,0x10,0xC3,0x10,0xC3,0x10,0xC3,0x10,0x82,0x10,
    0x41,0x08,0x82,0x10,0xC3,0x10,0xC3,0x18,0xC3,0x18,0xC3,0x18,0x82,0x10,0x41,0x08,0x41,0x00,0x41,0x08,0x41,0x08,0x41,0x08,
    0x41,0x08,0x82,0x08,0xE3,0x18,0xE4,0x18,0x04,0x19,0xE4,0x18,0xA3,0x10,0x62,0x08,0xA3,0x10,0xE4,0x18,0x04,0x19,0x04,0x19,
    0x04,0x19,0xA2,0x10,0x41,0x08,0x41,0x08,0x61,0x08,0x61,0x08,0x41,0x08,0x41,0x08,0x82,0x10,0x04,0x19,0x25,0x21,0x25,0x21,
    0x25,0x21,0xE4,0x18,0x82,0x10,0xA3,0x10,0x24,0x21,0x45,0x21,0x45,0x21,0x45,0x21,0xE3,0x18,0x62,0x08,0x61,0x08,0x62,0x08,
    0x62,0x08,0x61,0x08,0x61,0x08,0xA3,0x10,0x25,0x21,0x66,0x29,0x66,0x29,0x66,0x29,0x24,0x21,0xA3,0x10,0xC3,0x18,0x45,0x21,
    0x66,0x29,0x66,0x29,0x66,0x29,0xE4,0x18,0x62,0x08,0x61,0x08,0x62,0x08,0x62,0x08,0x62,0x08,0x62,0x08,0xA3,0x10,0x25,0x21,
    0x66,0x29,0x66,0x29,0x66,0x29,0x24,0x21,0xA3,0x10,0xC3,0x18,0x45,0x21,0x66,0x29,0x66,0x29,0x66,0x29,0xE4,0x18,0x62,0x08,
    0x61,0x08,0x62,0x08,0x62,0x08,0x62,0x08,0x62,0x08,0xA3,0x10,0x25,0x21,0x66,0x29,0x66,0x29,0x66,0x29,0x24,0x21,0xA3,0x10,
    0xC3,0x18,0x45,0x21,0x66,0x29,0x66,0x29,0x66,0x29,0x04,0x19,0x82,0x10,0x61,0x08,0x62,0x08,0x82,0x08,0x62,0x08,0x61,0x08,
    0x82,0x10,0x25,0x21,0x66,0x29,0x66,0x29,0x66,0x29,0x25,0x21,0xA3,0x10,0xC3,0x18,0x45,0x21,0x66,0x29,0x66,0x29,0x66,0x29,
    0x04,0x19,0x82,0x10,0x61,0x08,0x62,0x08,0x82,0x08,0x62,0x08,0x61,0x08,0x82,0x10,0x25,0x21,0x66,0x29,0x66,0x29,0x66,0x29,
    0x25,0x21,0xA3,0x10,0xC3,0x18,0x45,0x21,0x66,0x29,0x66,0x29,0x66,0x29,0x04,0x19,0x82,0x10,0x61,0x08,0x62,0x08,0x82,0x08,
    0x62,0x08,0x61,0x08,0x82,0x10,0x25,0x21,0x66,0x29,0x66,0x29,0x66,0x29,0x25,0x21,0xA3,0x10,0xC3,0x18,0x45,0x21,0x66,0x29,
    0x66,0x29,0x66,0x29,0x04,0x19,0x82,0x10,0x61,0x08,0x62,0x08,0x82,0x08,0x62,0x08,0x61,0x08,0x82,0x10,0x04,0x19,0x66,0x29,
    0x66,0x29,0x66,0x29,0x45,0x21,0xC3,0x18,0xA3,0x10,0x25,0x21,0x66,0x29,0x66,0x29,0x66,0x29,0x25,0x21,0x82,0x10,0x61,0x08,
    0x62,0x08,0x82,0x08,0x62,0x08,0x61,0x08,0x82,0x10,0x04,0x19,0x66,0x29,0x66,0x29,0x66,0x29,0x45,0x21,0xC3,0x18,0xA3,0x10,
    0x25,0x21,0x66,0x29,0x66,0x29,0x66,0x29,0x25,0x21,0x82,0x10,0x61,0x08,0x62,0x08,0x82,0x08,0x62,0x08,0x61,0x08,0x82,0x10,
    0x04,0x19,0x66,0x29,0x66,0x29,0x66,0x29,0x45,0x21,0xC3,0x18,0xA3,0x10,0x24,0x21,0x45,0x29,0x45,0x29,0x66,0x29,0x25,0x21,
    0xA3,0x10,0x61,0x08,0x61,0x08,0x62,0x08,0x61,0x08,0x41,0x08,0x61,0x08,0xE3,0x18,0x25,0x21,0x25,0x21,0x25,0x21,0x04,0x21,
    0xA3,0x10,0x82,0x10,0xE4,0x18,0x25,0x21,0x25,0x21,0x25,0x21,0xE4,0x18,0x82,0x10,0x41,0x08,0x41,0x08,0x41,0x08,0x41,0x08,
    0x41,0x08,0x41,0x08,0xA3,0x10,0x04,0x19,0x04,0x19,0x04,0x19,0xE3,0x18,0x82,0x10,0x62,0x08,0xC3,0x10,0xE4,0x18,0xE4,0x18,
    0xE4,0x18,0xC3,0x10,0x62,0x08,0x41,0x08,0x41,0x08,0x41,0x08,0x41,0x08,0x21,0x00,0x41,0x08,0x82,0x10,0xC3,0x18,0xC3,0x10,
    0xC3,0x18,0xA3,0x10,0x61,0x08,0x61,0x08,0x82,0x10,0xA3,0x10,0xA3,0x10,0xA3,0x10,0x82,0x10,0x41,0x08,0x20,0x00,0x20,0x00,
    0x21,0x00,0x20,0x00,0x20,0x00,0x20,0x00,0x41,0x08,0x82,0x10,0x82,0x10,0x82,0x10,0x82,0x10,0x61,0x08,0x21,0x00,0x41,0x08,
    0x82,0x08,0x82,0x08,0x82,0x08,0x61,0x08,0x20,0x00,0x20,0x00,0x61,0x08,0x82,0x08,0x82,0x08,0x82,0x10,0x62,0x08,0x41,0x08,
    0x20,0x00,0x20,0x00,0x20,0x00,0x41,0x00,0x82,0x08,0xA2,0x10,0xA2,0x10,0xA2,0x10,0x82,0x10,0x41,0x08,0x21,0x00,0x20,0x00,
    0x41,0x08,0x82,0x10,0xA3,0x10,0xA3,0x10,0xC3,0x10,0xA2,0x10,0x61,0x08,0x21,0x00,0x41,0x00,0x21,0x00,0x41,0x08,0xA2,0x10,
    0xC3,0x18,0xC3,0x18,0xE3,0x18,0xC3,0x10,0x62,0x08,0x41,0x08,0x41,0x00,0x61,0x08,0xC3,0x10,0xE4,0x18,0xE4,0x18,0xE4,0x18,
    0xC3,0x18,0x62,0x08,0x41,0x08,0x41,0x08,0x41,0x08,0x61,0x08,0xC3,0x18,0x04,0x19,0x04,0x19,0x04,0x21,0xE4,0x18,0x82,0x10,
    0x41,0x08,0x41,0x08,0x62,0x08,0xC3,0x18,0x25,0x21,0x25,0x21,0x25,0x21,0x04,0x21,0xA2,0x10,0x41,0x08,0x61,0x08,0x41,0x08,
    0x62,0x08,0xE4,0x18,0x25,0x21,0x45,0x21,0x45,0x21,0x25,0x21,0xA3,0x10,0x61,0x08,0x61,0x08,0x82,0x10,0x04,0x19,0x66,0x29,
    0x66,0x29,0x66,0x29,0x45,0x21,0xC3,0x10,0x61,0x08,0x61,0x08,0x61,0x08,0x82,0x10,0x04,0x19,0x45,0x29,0x66,0x29,0x66,0x29,
    0x45,0x21,0xC3,0x10,0x61,0x08,0x61,0x08,0x82,0x10,0x04,0x19,0x66,0x29,0x66,0x29,0x66,0x29,0x45,0x21,0xC3,0x10,0x61,0x08,
    0x61,0x08,0x61,0x08,0x82,0x10,0x04,0x19,0x45,0x29,0x66,0x29,0x66,0x29,0x45,0x21,0xC3,0x10,0x61,0x08,0x61,0x08,0x82,0x10,
    0x04,0x19,0x66,0x29,0x66,0x29,0x66,0x29,0x45,0x21,0xC3,0x10,0x61,0x08,0x61,0x08,0x61,0x08,0x62,0x08,0xE4,0x18,0x45,0x29,
    0x66,0x29,0x66,0x29,0x45,0x29,0xC3,0x18,0x62,0x08,0x61,0x08,0x62,0x08,0xE4,0x18,0x45,0x29,0x66,0x29,0x66,0x29,0x45,0x21,
    0xC3,0x18,0x62,0x08,0x61,0x08,0x61,0x08,0x62,0x08,0xE4,0x18,0x45,0x29,0x66,0x29,0x66,0x29,0x45,0x29,0xC3,0x18,0x62,0x08,
    0x61,0x08,0x62,0x08,0xE4,0x18,0x45,0x29,0x66,0x29,0x66,0x29,0x45,0x21,0xC3,0x18,0x62,0x08,0x61,0x08,0x61,0x08,0x62,0x08,
    0xE4,0x18,0x45,0x29,0x66,0x29,0x66,0x29,0x45,0x29,0xC3,0x18,0x62,0x08,0x61,0x08,0x62,0x08,0xE4,0x18,0x45,0x29,0x66,0x29,
    0x66,0x29,0x45,0x21,0xC3,0x18,0x62,0x08,0x61,0x08,0x61,0x08,0x62,0x08,0xE4,0x18,0x45,0x29,0x66,0x29,0x66,0x29,0x45,0x29,
    0xC3,0x18,0x62,0x08,0x61,0x08,0x62,0x08,0xC3,0x18,0x45,0x29,0x66,0x29,0x66,0x29,0x45,0x29,0xE4,0x18,0x62,0x08,0x61,0x08,
    0x61,0x08,0x62,0x08,0xC3,0x18,0x45,0x21,0x66,0x29,0x66,0x29,0x45,0x29,0xE4,0x18,0x62,0x08,0x61,0x08,0x62,0x08,0xC3,0x18,
    0x45,0x29,0x66,0x29,0x66,0x29,0x45,0x29,0xE4,0x18,0x62,0x08,0x61,0x08,0x61,0x08,0x62,0x08,0xC3,0x18,0x45,0x21,0x66,0x29,
    0x66,0x29,0x45,0x29,0xE4,0x18,0x62,0x08,0x61,0x08,0x62,0x08,0xC3,0x18,0x45,0x29,0x66,0x29,0x66,0x29,0x45,0x29,0xE4,0x18,
    0x62,0x08,0x61,0x08,0x61,0x08,0x61,0x08,0xC3,0x10,0x25,0x21,0x66,0x29,0x45,0x21,0x45,0x29,0xE4,0x18,0x82,0x10,0x61,0x08,
    0x61,0x08,0xA3,0x10,0x25,0x21,0x25,0x21,0x25,0x21,0x25,0x21,0xE3,0x18,0x62,0x08,0x41,0x08,0x61,0x08,0x41,0x08,0xA2,0x10,
    0x04,0x19,0x25,0x21,0x04,0x21,0x24,0x21,0xC3,0x18,0x61,0x08,0x41,0x08,0x41,0x08,0x82,0x10,0xE4,0x18,0x04,0x19,0x04,0x19,
    0xE4,0x18,0xA3,0x10,0x61,0x08,0x41,0x08,0x41,0x08,0x41,0x08,0x82,0x08,0xC3,0x18,0xE4,0x18,0xE3,0x18,0xE4,0x18,0xA2,0x10,
    0x41,0x08,0x41,0x00,0x41,0x00,0x62,0x08,0xC3,0x10,0xC3,0x18,0xC3,0x18,0xC3,0x10,0x82,0x10,0x41,0x08,0x20,0x00,0x21,0x00,
    0x21,0x00,0x61,0x08,0xA2,0x10,0xA3,0x10,0xA3,0x10,0xA3,0x10,0x82,0x08,0x41,0x08,0x20,0x00,0x20,0x00,0x41,0x08,0x82,0x10,
    0x82,0x10,0x82,0x10,0x82,0x10,0x62,0x08,0x21,0x00,0x20,0x00,0x20,0x00,0x20,0x00,0x41,0x00,0x61,0x08,0x82,0x08,0x62,0x08,
    0x41,0x08,0x62,0x08,0x82,0x08,0x82,0x08,0x82,0x08,0x41,0x08,0x20,0x00,0x20,0x00,0x20,0x00,0x20,0x00,0x20,0x00,0x20,0x00,
    0x20,0x00,0x41,0x08,0x82,0x10,0xA2,0x10,0xA2,0x10,0xA2,0x10,0x82,0x10,0x62,0x08,0xA2,0x10,0xA3,0x10,0xA3,0x10,0xA3,0x10,
    0x62,0x08,0x21,0x00,0x21,0x00,0x41,0x08,0x41,0x08,0x41,0x08,0x41,0x00,0x21,0x00,0x62,0x08,0xC3,0x10,0xE3,0x18,0xE3,0x18,
    0xE3,0x18,0xA3,0x10,0xA2,0x10,0xE3,0x18,0xE4,0x18,0xE4,0x18,0xE3,0x18,0x82,0x10,0x41,0x08,0x41,0x08,0x41,0x08,0x41,0x08,
    0x41,0x08,0x41,0x08,0x41,0x08,0x82,0x10,0xE4,0x18,0x04,0x21,0x04,0x21,0x04,0x21,0xE3,0x18,0xC3,0x10,0x04,0x21,0x25,0x21,
    0x25,0x21,0x04,0x21,0xC3,0x18,0x61,0x08,0x41,0x08,0x61,0x08,0x61,0x08,0x62,0x08,0x61,0x08,0x41,0x08,0xA2,0x10,0x24,0x21,
    0x45,0x21,0x45,0x21,0x45,0x21,0x04,0x19,0xE4,0x18,0x45,0x21,0x46,0x29,0x46,0x29,0x45,0x29,0xE4,0x18,0x62,0x08,0x61,0x08,
    0x62,0x08,0x62,0x08,0x62,0x08,0x62,0x08,0x61,0x08,0xA3,0x10,0x25,0x21,0x66,0x29,0x66,0x29,0x66,0x29,0x04,0x21,0xE4,0x18,
    0x45,0x21,0x66,0x29,0x66,0x29,0x45,0x29,0xE4,0x18,0x62,0x08,0x61,0x08,0x62,0x08,0x62,0x08,0x62,0x08,0x62,0x08,0x61,0x08,
    0xA3,0x10,0x25,0x21,0x66,0x29,0x66,0x29,0x66,0x29,0x04,0x21,0xE4,0x18,0x45,0x21,0x66,0x29,0x66,0x29,0x45,0x29,0xE4,0x18,
    0x62,0x08,0x61,0x08,0x62,0x08,0x62,0x08,0x62,0x08,0x62,0x08,0x61,0x08,0x82,0x10,0x24,0x21,0x66,0x29,0x66,0x29,0x66,0x29,
    0x25,0x21,0xE4,0x18,0x25,0x21,0x66,0x29,0x66,0x29,0x66,0x29,0x04,0x19,0x82,0x10,0x61,0x08,0x62,0x08,0x62,0x08,0x62,0x08,
    0x62,0x08,0x61,0x08,0x82,0x10,0x24,0x21,0x66,0x29,0x66,0x29,0x66,0x29,0x25,0x21,0xE4,0x18,0x25,0x21,0x66,0x29,0x66,0x29,
    0x66,0x29,0x04,0x19,0x82,0x10,0x61,0x08,0x62,0x08,0x62,0x08,0x62,0x08,0x62,0x08,0x61,0x08,0x82,0x10,0x24,0x21,0x66,0x29,
    0x66,0x29,0x66,0x29,0x25,0x21,0xE4,0x18,0x25,0x21,0x66,0x29,0x66,0x29,0x66,0x29,0x04,0x19,0x82,0x10,0x61,0x08,0x62,0x08,
    0x62,0x08,0x62,0x08,0x62,0x08,0x61,0x08,0x82,0x10,0x24,0x21,0x66,0x29,0x66,0x29,0x66,0x29,0x25,0x21,0xE4,0x18,0x25,0x21,
    0x66,0x29,0x66,0x29,0x66,0x29,0x24,0x21,0x82,0x10,0x61,0x08,0x62,0x08,0x62,0x08,0x62,0x08,0x62,0x08,0x61,0x08,0x82,0x10,
    0x04,0x19,0x66,0x29,0x66,0x29,0x66,0x29,0x25,0x21,0xE4,0x18,0x25,0x21,0x66,0x29,0x66,0x29,0x66,0x29,0x24,0x21,0x82,0x10,
    0x61,0x08,0x62,0x08,0x62,0x08,0x62,0x08,0x62,0x08,0x61,0x08,0x82,0x10,0x04,0x19,0x66,0x29,0x66,0x29,0x66,0x29,0x25,0x21,
    0xE4,0x18,0x25,0x21,0x66,0x29,0x66,0x29,0x66,0x29,0x24,0x21,0x82,0x10,0x61,0x08,0x62,0x08,0x62,0x08,0x62,0x08,0x62,0x08,
    0x61,0x08,0x62,0x08,0xE4,0x18,0x45,0x21,0x45,0x21,0x45,0x21,0x25,0x21,0xE3,0x18,0x04,0x19,0x45,0x21,0x45,0x21,0x45,0x21,
    0x04,0x21,0x82,0x10,0x41,0x08,0x61,0x08,0x61,0x08,0x61,0x08,0x61,0x08,0x41,0x08,0x61,0x08,0xC3,0x10,0x04,0x21,0x04,0x21,
    0x04,0x21,0x04,0x19,0xC3,0x10,0xC3,0x18,0x04,0x19,0x04,0x19,0x04,0x19,0xE3,0x18,0x82,0x08,0x41,0x08,0x41,0x08,0x41,0x08,
    0x41,0x08,0x41,0x08,0x41,0x08,0x41,0x08,0xA2,0x10,0xC3,0x18,0xE4,0x18,0xE3,0x18,0xC3,0x18,0x82,0x10,0xA2,0x10,0xC3,0x18,
    0xC3,0x18,0xC3,0x18,0xA3,0x10,0x61,0x08,0x21,0x00,0x21,0x00,0x41,0x00,0x41,0x00,0x41,0x00,0x20,0x00,0x21,0x00,0x82,0x08,
    0xA2,0x10,0xA3,0x10,0xA3,0x10,0xA2,0x10,0x62,0x08,0x82,0x08,0xA2,0x10,0x82,0x10,0x82,0x10,0x82,0x10,0x41,0x08,0x20,0x00,
    0x20,0x00,0x20,0x00,0x20,0x00,0x20,0x00,0x20,0x00,0x20,0x00,0x41,0x08,0x62,0x08,0x62,0x08,0x62,0x08,0x82,0x08,0x61,0x08,
    0x20,0x00,0x20,0x00,0x20,0x00,0x20,0x00,0x20,0x00,0x20,0x00,0x20,0x00,0x20,0x00,0x20,0x00,0x20,0x00,0x20,0x00,0x62,0x08,
    0xA2,0x10,0xA2,0x10,0xA3,0x10,0xA3,0x10,0xA3,0x10,0xA3,0x10,0x82,0x10,0x41,0x08,0x21,0x00,0x41,0x00,0x41,0x00,0x41,0x08,
    0x41,0x08,0x41,0x08,0x41,0x08,0x41,0x08,0x21,0x00,0x41,0x08,0x82,0x10,0xC3,0x18,0xE3,0x18,0xE4,0x18,0xE4,0x18,0xE4,0x18,
    0xE4,0x18,0xA3,0x10,0x61,0x08,0x41,0x08,0x41,0x08,0x41,0x08,0x41,0x08,0x41,0x08,0x41,0x08,0x41,0x08,0x41,0x08,0x41,0x08,
    0x41,0x08,0xC3,0x10,0x04,0x19,0x04,0x21,0x04,0x21,0x25,0x21,0x24,0x21,0x25,0x21,0xE4,0x18,0x82,0x08,0x41,0x08,0x61,0x08,
    0x61,0x08,0x61,0x08,0x61,0x08,0x61,0x08,0x61,0x08,0x62,0x08,0x41,0x08,0x61,0x08,0xC3,0x18,0x25,0x21,0x45,0x21,0x45,0x21,
    0x45,0x29,0x45,0x29,0x45,0x29,0x04,0x21,0x82,0x10,0x61,0x08,0x62,0x08,0x62,0x08,0x62,0x08,0x62,0x08,0x62,0x08,0x62,0x08,
    0x62,0x08,0x61,0x08,0x62,0x08,0xC3,0x18,0x45,0x29,0x66,0x29,0x66,0x29,0x66,0x29,0x66,0x29,0x66,0x29,0x24,0x21,0x82,0x10,
    0x61,0x08,0x62,0x08,0x62,0x08,0x62,0x08,0x62,0x08,0x62,0x08,0x62,0x08,0x62,0x08,0x61,0x08,0x62,0x08,0xC3,0x18,0x45,0x29,
    0x66,0x29,0x66,0x29,0x66,0x29,0x66,0x29,0x66,0x29,0x24,0x21,0x82,0x10,0x61,0x08,0x62,0x08,0x62,0x08,0x62,0x08,0x62,0x08,
    0x62,0x08,0x62,0x08,0x62,0x08,0x62,0x08,0x61,0x08,0xC3,0x10,0x45,0x21,0x66,0x29,0x66,0x29,0x66,0x29,0x66,0x29,0x66,0x29,
    0x25,0x21,0xA3,0x10,0x62,0x08,0x62,0x08,0x82,0x08,0x62,0x08,0x62,0x08,0x62,0x08,0x62,0x08,0x62,0x08,0x62,0x08,0x61,0x08,
    0xC3,0x10,0x45,0x21,0x66,0x29,0x66,0x29,0x66,0x29,0x66,0x29,0x66,0x29,0x25,0x21,0xA3,0x10,0x62,0x08,0x62,0x08,0x82,0x08,
    0x62,0x08,0x62,0x08,0x62,0x08,0x62,0x08,0x62,0x08,0x62,0x08,0x61,0x08,0xC3,0x10,0x45,0x21,0x66,0x29,0x66,0x29,0x66,0x29,
    0x66,0x29,0x66,0x29,0x25,0x21,0xA3,0x10,0x62,0x08,0x62,0x08,0x82,0x08,0x62,0x08,0x62,0x08,0x62,0x08,0x62,0x08,0x62,0x08,
    0x62,0x08,0x61,0x08,0xC3,0x10,0x45,0x21,0x66,0x29,0x66,0x29,0x66,0x29,0x66,0x29,0x66,0x29,0x45,0x21,0xC3,0x10,0x61,0x08,
    0x62,0x08,0x62,0x08,0x62,0x08,0x62,0x08,0x62,0x08,0x62,0x08,0x82,0x08,0x62,0x08,0x62,0x08,0xA3,0x10,0x25,0x21,0x66,0x29,
    0x66,0x29,0x66,0x29,0x66,0x29,0x66,0x29,0x45,0x21,0xC3,0x10,0x61,0x08,0x62,0x08,0x62,0x08,0x62,0x08,0x62,0x08,0x62,0x08,
    0x62,0x08,0x82,0x08,0x62,0x08,0x62,0x08,0xA3,0x10,0x25,0x21,0x66,0x29,0x66,0x29,0x66,0x29,0x66,0x29,0x66,0x29,0x45,0x21,
    0xC3,0x10,0x61,0x08,0x62,0x08,0x62,0x08,0x62,0x08,0x62,0x08,0x62,0x08,0x62,0x08,0x62,0x08,0x62,0x08,0x61,0x08,0x82,0x10,
    0x04,0x19,0x45,0x21,0x45,0x21,0x45,0x21,0x45,0x21,0x45,0x21,0x25,0x21,0xC3,0x10,0x61,0x08,0x41,0x08,0x61,0x08,0x61,0x08,
    0x61,0x08,0x61,0x08,0x61,0x08,0x61,0x08,0x61,0x08,0x41,0x08,0x62,0x08,0xE3,0x18,0x04,0x21,0x04,0x21,0x04,0x21,0x04,0x19,
    0x04,0x19,0xE4,0x18,0xA2,0x10,0x41,0x08,0x41,0x08,0x41,0x08,0x41,0x08,0x41,0x08,0x41,0x08,0x41,0x08,0x41,0x08,0x41,0x08,
    0x41,0x08,0x61,0x08,0xA3,0x10,0xE3,0x18,0xE3,0x18,0xE3,0x18,0xC3,0x18,0xC3,0x18,0xC3,0x18,0x82,0x08,0x41,0x08,0x21,0x00,
    0x41,0x08,0x41,0x00,0x41,0x00,0x41,0x00,0x41,0x00,0x21,0x00,0x21,0x00,0x20,0x00,0x41,0x08,0x82,0x10,0xA2,0x10,0xA2,0x10,
    0xA2,0x10,0xA2,0x10,0xA2,0x10,0x82,0x10,0x61,0x08,0x20,0x00,0x20,0x00,0x20,0x00,0x20,0x00,0x20,0x00,0x20,0x00,0x20,0x00,
    0x20,0x00,0x20,0x00,0x20,0x00,0x20,0x00,0x62,0x08,0x61,0x08,0x41,0x00,0x20,0x00,0x20,0x00,0x20,0x00,0x20,0x00,0x20,0x00,
    0x20,0x00,0x20,0x00,0x20,0x00,0x20,0x00,0x20,0x00,0x20,0x00,0x20,0x00,0x20,0x00,0x41,0x08,0x82,0x08,0xA3,0x10,0xA2,0x10,
    0xA2,0x10,0x41,0x08,0x21,0x00,0x21,0x00,0x41,0x00,0x41,0x00,0x41,0x00,0x41,0x08,0x41,0x08,0x41,0x08,0x41,0x08,0x41,0x08,
    0x41,0x08,0x41,0x08,0x41,0x00,0x41,0x08,0xA2,0x10,0xE3,0x18,0xE3,0x18,0xC3,0x18,0x62,0x08,0x41,0x08,0x41,0x08,0x41,0x08,
    0x41,0x08,0x41,0x08,0x41,0x08,0x41,0x08,0x41,0x08,0x41,0x08,0x41,0x08,0x41,0x08,0x41,0x08,0x41,0x08,0x61,0x08,0xC3,0x18,
    0x04,0x21,0x04,0x21,0x04,0x19,0x82,0x10,0x41,0x08,0x41,0x08,0x61,0x08,0x61,0x08,0x61,0x08,0x61,0x08,0x61,0x08,0x61,0x08,
    0x61,0x08,0x61,0x08,0x61,0x08,0x61,0x08,0x61,0x08,0x82,0x10,0x04,0x19,0x45,0x21,0x45,0x21,0x25,0x21,0xA3,0x10,0x61,0x08,
    0x62,0x08,0x62,0x08,0x62,0x08,0x62,0x08,0x62,0x08,0x62,0x08,0x62,0x08,0x62,0x08,0x62,0x08,0x62,0x08,0x62,0x08,0x61,0x08,
    0x82,0x10,0x04,0x19,0x46,0x29,0x45,0x29,0x25,0x21,0xA3,0x10,0x62,0x08,0x62,0x08,0x62,0x08,0x62,0x08,0x62,0x08,0x62,0x08,
    0x62,0x08,0x62,0x08,0x62,0x08,0x62,0x08,0x62,0x08,0x62,0x08,0x61,0x08,0x82,0x10,0x04,0x19,0x46,0x29,0x45,0x29,0x25,0x21,
    0xA3,0x10,0x62,0x08,0x62,0x08,0x62,0x08,0x62,0x08,0x62,0x08,0x62,0x08,0x62,0x08,0x62,0x08,0x62,0x08,0x62,0x08,0x62,0x08,
    0x62,0x08,0x61,0x08,0x62,0x08,0xC3,0x18,0x45,0x21,0x45,0x29,0x45,0x21,0xC3,0x18,0x62,0x08,0x61,0x08,0x62,0x08,0x62,0x08,
    0x62,0x08,0x62,0x08,0x62,0x08,0x62,0x08,0x62,0x08,0x62,0x08,0x62,0x08,0x62,0x08,0x61,0x08,0x62,0x08,0xC3,0x18,0x45,0x21,
    0x45,0x29,0x45,0x21,0xC3,0x18,0x62,0x08,0x61,0x08,0x62,0x08,0x62,0x08,0x62,0x08,0x62,0x08,0x62,0x08,0x62,0x08,0x62,0x08,
    0x62,0x08,0x62,0x08,0x62,0x08,0x61,0x08,0x62,0x08,0xC3,0x18,0x45,0x21,0x45,0x29,0x45,0x21,0xC3,0x18,0x62,0x08,0x61,0x08,
    0x62,0x08,0x62,0x08,0x62,0x08,0x62,0x08,0x62,0x08,0x62,0x08,0x62,0x08,0x62,0x08,0x62,0x08,0x62,0x08,0x61,0x08,0x62,0x08,
    0xC3,0x18,0x45,0x21,0x45,0x29,0x45,0x21,0xC3,0x18,0x62,0x08,0x61,0x08,0x62,0x08,0x62,0x08,0x62,0x08,0x62,0x08,0x62,0x08,
    0x62,0x08,0x62,0x08,0x62,0x08,0x62,0x08,0x62,0x08,0x61,0x08,0x62,0x08,0xC3,0x18,0x45,0x21,0x45,0x29,0x45,0x21,0xC3,0x18,
    0x62,0x08,0x61,0x08,0x62,0x08,0x62,0x08,0x62,0x08,0x62,0x08,0x62,0x08,0x62,0x08,0x62,0x08,0x62,0x08,0x62,0x08,0x62,0x08,
    0x61,0x08,0x62,0x08,0xC3,0x18,0x45,0x21,0x45,0x29,0x45,0x21,0xC3,0x18,0x62,0x08,0x61,0x08,0x62,0x08,0x62,0x08,0x62,0x08,
    0x62,0x08,0x62,0x08,0x62,0x08,0x62,0x08,0x62,0x08,0x62,0x08,0x62,0x08,0x61,0x08,0x61,0x08,0xA2,0x10,0x25,0x21,0x45,0x21,
    0x45,0x21,0xE4,0x18,0x82,0x08,0x41,0x08,0x61,0x08,0x61,0x08,0x61,0x08,0x61,0x08,0x61,0x08,0x61,0x08,0x61,0x08,0x61,0x08,
    0x61,0x08,0x61,0x08,0x41,0x08,0x41,0x08,0x82,0x10,0xE4,0x18,0x04,0x19,0x04,0x19,0xC3,0x10,0x61,0x08,0x41,0x08,0x41,0x08,
    0x41,0x08,0x41,0x08,0x41,0x08,0x41,0x08,0x41,0x08,0x41,0x08,0x41,0x08,0x41,0x08,0x41,0x08,0x41,0x08,0x41,0x08,0x62,0x08,
    0xC3,0x10,0xC3,0x18,0xC3,0x18,0xA2,0x10,0x41,0x08,0x21,0x00,0x41,0x08,0x41,0x08,0x41,0x08,0x41,0x00,0x41,0x00,0x41,0x00,
    0x41,0x00,0x21,0x00,0x21,0x00,0x21,0x00,0x21,0x00,0x21,0x00,0x41,0x08,0x82,0x10,0xA2,0x10,0xA2,0x10,0x62,0x08,0x41,0x00,
    0x20,0x00,0x20,0x00,0x20,0x00,0x20,0x00,0x20,0x00,0x20,0x00,0x20,0x00,0x20,0x00,0x20,0x00,0x20,0x00,0x20,0x00,0x20,0x00,
    0x62,0x08,0x41,0x08,0x20,0x00,0x20,0x00,0x20,0x00,0x20,0x00,0x20,0x00,0x20,0x00,0x20,0x00,0x20,0x00,0x20,0x00,0x20,0x00,
    0x20,0x00,0x20,0x00,0x20,0x00,0x21,0x00,0x20,0x00,0x21,0x00,0xA2,0x10,0xA3,0x10,0x61,0x08,0x20,0x00,0x21,0x00,0x41,0x00,
    0x41,0x00,0x41,0x00,0x41,0x00,0x41,0x08,0x41,0x08,0x41,0x08,0x41,0x08,0x41,0x08,0x41,0x08,0x41,0x08,0x41,0x08,0x41,0x08,
    0x41,0x08,0xC3,0x18,0xE4,0x18,0x82,0x08,0x21,0x00,0x41,0x08,0x41,0x08,0x41,0x08,0x41,0x08,0x41,0x08,0x41,0x08,0x41,0x08,
    0x41,0x08,0x41,0x08,0x41,0x08,0x41,0x08,0x41,0x08,0x41,0x08,0x41,0x08,0x61,0x08,0x04,0x19,0x25,0x21,0x82,0x10,0x41,0x08,
    0x61,0x08,0x61,0x08,0x61,0x08,0x61,0x08,0x61,0x08,0x61,0x08,0x61,0x08,0x61,0x08,0x61,0x08,0x61,0x08,0x61,0x08,0x61,0x08,
    0x61,0x08,0x61,0x08,0x62,0x08,0x25,0x21,0x45,0x29,0xA3,0x10,0x41,0x08,0x62,0x08,0x62,0x08,0x62,0x08,0x62,0x08,0x62,0x08,
    0x62,0x08,0x62,0x08,0x62,0x08,0x62,0x08,0x62,0x08,0x62,0x08,0x62,0x08,0x62,0x08,0x62,0x08,0x82,0x08,0x45,0x21,0x66,0x29,
    0xC3,0x10,0x41,0x08,0x62,0x08,0x62,0x08,0x62,0x08,0x62,0x08,0x62,0x08,0x62,0x08,0x62,0x08,0x62,0x08,0x62,0x08,0x62,0x08,
    0x62,0x08,0x62,0x08,0x62,0x08,0x62,0x08,0x82,0x08,0x45,0x21,0x66,0x29,0xC3,0x10,0x41,0x08,0x62,0x08,0x62,0x08,0x62,0x08,
    0x62,0x08,0x62,0x08,0x62,0x08,0x62,0x08,0x62,0x08,0x62,0x08,0x62,0x08,0x62,0x08,0x62,0x08,0x62,0x08,0x62,0x08,0x61,0x08,
    0x04,0x19,0x66,0x29,0x04,0x19,0x61,0x08,0x62,0x08,0x62,0x08,0x62,0x08,0x62,0x08,0x62,0x08,0x62,0x08,0x62,0x08,0x62,0x08,
    0x62,0x08,0x62,0x08,0x62,0x08,0x62,0x08,0x62,0x08,0x62,0x08,0x61,0x08,0x04,0x19,0x66,0x29,0x04,0x19,0x61,0x08,0x62,0x08,
    0x62,0x08,0x62,0x08,0x62,0x08,0x62,0x08,0x62,0x08,0x62,0x08,0x62,0x08,0x62,0x08,0x62,0x08,0x62,0x08,0x62,0x08,0x62,0x08,
    0x62,0x08,0x61,0x08,0x04,0x19,0x66,0x29,0x04,0x19,0x61,0x08,0x62,0x08,0x62,0x08,0x62,0x08,0x62,0x08,0x62,0x08,0x62,0x08,
    0x62,0x08,0x62,0x08,0x62,0x08,0x62,0x08,0x62,0x08,0x62,0x08,0x62,0x08,0x62,0x08,0x61,0x08,0x04,0x19,0x66,0x29,0x04,0x19,
    0x61,0x08,0x62,0x08,0x62,0x08,0x62,0x08,0x62,0x08,0x62,0x08,0x62,0x08,0x62,0x08,0x62,0x08,0x62,0x08,0x62,0x08,0x62,0x08,
    0x62,0x08,0x62,0x08,0x62,0x08,0x61,0x08,0x04,0x19,0x66,0x29,0x04,0x19,0x61,0x08,0x62,0x08,0x62,0x08,0x62,0x08,0x62,0x08,
    0x62,0x08,0x62,0x08,0x62,0x08,0x62,0x08,0x62,0x08,0x62,0x08,0x62,0x08,0x62,0x08,0x62,0x08,0x62,0x08,0x61,0x08,0x04,0x19,
    0x66,0x29,0x04,0x19,0x61,0x08,0x62,0x08,0x62,0x08,0x62,0x08,0x62,0x08,0x62,0x08,0x62,0x08,0x62,0x08,0x62,0x08,0x62,0x08,
    0x62,0x08,0x62,0x08,0x62,0x08,0x62,0x08,0x62,0x08,0x41,0x08,0xA3,0x10,0x45,0x21,0x25,0x21,0x62,0x08,0x61,0x08,0x61,0x08,
    0x61,0x08,0x61,0x08,0x61,0x08,0x61,0x08,0x61,0x08,0x61,0x08,0x61,0x08,0x61,0x08,0x61,0x08,0x61,0x08,0x61,0x08,0x61,0x08,
    0x41,0x08,0x82,0x10,0x04,0x21,0xE4,0x18,0x61,0x08,0x41,0x08,0x41,0x08,0x41,0x08,0x41,0x08,0x41,0x08,0x41,0x08,0x41,0x08,
    0x41,0x08,0x41,0x08,0x41,0x08,0x41,0x08,0x41,0x08,0x41,0x08,0x41,0x08,0x21,0x00,0x62,0x08,0xE3,0x18,0xC3,0x10,0x41,0x08,
    0x41,0x00,0x41,0x08,0x41,0x08,0x41,0x08,0x41,0x08,0x41,0x00,0x41,0x00,0x41,0x00,0x41,0x00,0x21,0x00,0x21,0x00,0x21,0x00,
    0x21,0x00,0x21,0x00,0x20,0x00,0x41,0x08,0xA2,0x10,0x82,0x10,0x21,0x00,0x20,0x00,0x20,0x00,0x20,0x00,0x20,0x00,0x20,0x00,
    0x20,0x00,0x20,0x00,0x20,0x00,0x20,0x00,0x20,0x00,0x20,0x00,0x20,0x00,0x20,0x00,0x62,0x08,0x41,0x08,0x20,0x00,0x20,0x00,
    0x20,0x00,0x20,0x00,0x20,0x00,0x20,0x00,0x20,0x00,0x20,0x00,0x20,0x00,0x20,0x00,0x20,0x00,0x20,0x00,0x20,0x00,0x21,0x00,
    0x21,0x00,0x41,0x00,0xA2,0x10,0xA3,0x10,0x61,0x08,0x20,0x00,0x21,0x00,0x41,0x00,0x41,0x00,0x41,0x00,0x41,0x00,0x41,0x08,
    0x41,0x08,0x41,0x08,0x41,0x08,0x41,0x08,0x41,0x08,0x41,0x08,0x41,0x08,0x41,0x08,0x41,0x08,0xC3,0x18,0xE4,0x18,0x82,0x08,
    0x41,0x08,0x41,0x08,0x41,0x08,0x41,0x08,0x41,0x08,0x41,0x08,0x41,0x08,0x41,0x08,0x41,0x08,0x41,0x08,0x41,0x08,0x41,0x08,
    0x41,0x08,0x41,0x08,0x41,0x08,0x61,0x08,0x04,0x19,0x25,0x21,0x82,0x10,0x41,0x08,0x61,0x08,0x61,0x08,0x61,0x08,0x61,0x08,
    0x61,0x08,0x61,0x08,0x61,0x08,0x61,0x08,0x61,0x08,0x61,0x08,0x61,0x08,0x61,0x08,0x61,0x08,0x62,0x08,0x82,0x08,0x25,0x21,
    0x45,0x29,0xA3,0x10,0x61,0x08,0x62,0x08,0x62,0x08,0x62,0x08,0x62,0x08,0x62,0x08,0x62,0x08,0x62,0x08,0x62,0x08,0x62,0x08,
    0x62,0x08,0x62,0x08,0x62,0x08,0x62,0x08,0x62,0x08,0x82,0x10,0x45,0x21,0x66,0x29,0xC3,0x10,0x61,0x08,0x62,0x08,0x62,0x08,
    0x62,0x08,0x62,0x08,0x62,0x08,0x62,0x08,0x62,0x08,0x62,0x08,0x62,0x08,0x62,0x08,0x62,0x08,0x62,0x08,0x62,0x08,0x62,0x08,
    0x82,0x10,0x45,0x21,0x66,0x29,0xC3,0x10,0x61,0x08,0x62,0x08,0x62,0x08,0x62,0x08,0x62,0x08,0x62,0x08,0x62,0x08,0x62,0x08,
    0x62,0x08,0x62,0x08,0x62,0x08,0x62,0x08,0x62,0x08,0x62,0x08,0x62,0x08,0x61,0x08,0x04,0x19,0x66,0x29,0x04,0x19,0x61,0x08,
    0x62,0x08,0x62,0x08,0x62,0x08,0x62,0x08,0x62,0x08,0x62,0x08,0x62,0x08,0x62,0x08,0x62,0x08,0x62,0x08,0x62,0x08,0x62,0x08,
    0x62,0x08,0x62,0x08,0x61,0x08,0x04,0x19,0x66,0x29,0x04,0x19,0x61,0x08,0x62,0x08,0x62,0x08,0x62,0x08,0x62,0x08,0x62,0x08,
    0x62,0x08,0x62,0x08,0x62,0x08,0x62,0x08,0x62,0x08,0x62,0x08,0x62,0x08,0x62,0x08,0x62,0x08,0x61,0x08,0x04,0x19,0x66,0x29,
    0x04,0x19,0x61,0x08,0x62,0x08,0x62,0x08,0x62,0x08,0x62,0x08,0x62,0x08,0x62,0x08,0x62,0x08,0x62,0x08,0x62,0x08,0x62,0x08,
    0x62,0x08,0x62,0x08,0x62,0x08,0x62,0x08,0x61,0x08,0x04,0x19,0x66,0x29,0x04,0x19,0x61,0x08,0x62,0x08,0x62,0x08,0x62,0x08,
    0x62,0x08,0x62,0x08,0x62,0x08,0x62,0x08,0x62,0x08,0x62,0x08,0x62,0x08,0x62,0x08,0x62,0x08,0x62,0x08,0x62,0x08,0x61,0x08,
    0x04,0x19,0x66,0x29,0x04,0x19,0x61,0x08,0x62,0x08,0x62,0x08,0x62,0x08,0x62,0x08,0x62,0x08,0x62,0x08,0x62,0x08,0x62,0x08,
    0x62,0x08,0x62,0x08,0x62,0x08,0x62,0x08,0x62,0x08,0x62,0x08,0x61,0x08,0x04,0x19,0x66,0x29,0x04,0x19,0x61,0x08,0x62,0x08,
    0x62,0x08,0x62,0x08,0x62,0x08,0x62,0x08,0x62,0x08,0x62,0x08,0x62,0x08,0x62,0x08,0x62,0x08,0x62,0x08,0x62,0x08,0x62,0x08,
    0x62,0x08,0x61,0x08,0xA3,0x10,0x45,0x21,0x25,0x21,0x62,0x08,0x61,0x08,0x61,0x08,0x61,0x08,0x61,0x08,0x61,0x08,0x61,0x08,
    0x61,0x08,0x61,0x08,0x61,0x08,0x61,0x08,0x61,0x08,0x61,0x08,0x61,0x08,0x61,0x08,0x41,0x08,0x82,0x10,0x04,0x21,0xE4,0x18,
    0x61,0x08,0x41,0x08,0x41,0x08,0x41,0x08,0x41,0x08,0x41,0x08,0x41,0x08,0x41,0x08,0x41,0x08,0x41,0x08,0x41,0x08,0x41,0x08,
    0x41,0x08,0x41,0x08,0x41,0x08,0x41,0x00,0x62,0x08,0xE3,0x18,0xC3,0x10,0x41,0x08,0x41,0x08,0x41,0x08,0x41,0x08,0x41,0x08,
    0x41,0x08,0x41,0x00,0x41,0x00,0x41,0x00,0x41,0x00,0x21,0x00,0x21,0x00,0x21,0x00,0x21,0x00,0x21,0x00,0x20,0x00,0x41,0x08,
    0xA2,0x10,0x82,0x10,0x21,0x00,0x20,0x00,0x20,0x00,0x20,0x00,0x20,0x00,0x20,0x00,0x20,0x00,0x20,0x00,0x20,0x00,0x20,0x00,
    0x20,0x00,0x20,0x00,0x20,0x00,0x20,0x00,0x62,0x08,0x41,0x08,0x20,0x00,0x20,0x00,0x20,0x00,0x20,0x00,0x20,0x00,0x20,0x00,
    0x20,0x00,0x20,0x00,0x20,0x00,0x20,0x00,0x20,0x00,0x20,0x00,0x20,0x00,0x21,0x00,0x21,0x00,0x41,0x00,0xA2,0x10,0xA3,0x10,
    0x61,0x08,0x20,0x00,0x21,0x00,0x41,0x00,0x41,0x00,0x41,0x00,0x41,0x00,0x41,0x08,0x41,0x08,0x41,0x08,0x41,0x08,0x41,0x08,
    0x41,0x08,0x41,0x08,0x41,0x08,0x41,0x08,0x41,0x08,0xC3,0x18,0xE4,0x18,0x82,0x08,0x41,0x08,0x41,0x08,0x41,0x08,0x41,0x08,
    0x41,0x08,0x41,0x08,0x41,0x08,0x41,0x08,0x41,0x08,0x41,0x08,0x41,0x08,0x41,0x08,0x41,0x08,0x41,0x08,0x41,0x08,0x61,0x08,
    0x04,0x19,0x25,0x21,0x82,0x10,0x41,0x08,0x61,0x08,0x61,0x08,0x61,0x08,0x61,0x08,0x61,0x08,0x61,0x08,0x61,0x08,0x61,0x08,
    0x61,0x08,0x61,0x08,0x61,0x08,0x61,0x08,0x61,0x08,0x62,0x08,0x82,0x08,0x25,0x21,0x45,0x29,0xA3,0x10,0x61,0x08,0x62,0x08,
    0x62,0x08,0x62,0x08,0x62,0x08,0x62,0x08,0x62,0x08,0x62,0x08,0x62,0x08,0x62,0x08,0x62,0x08,0x62,0x08,0x62,0x08,0x62,0x08,
    0x62,0x08,0x82,0x10,0x45,0x21,0x66,0x29,0xC3,0x10,0x61,0x08,0x62,0x08,0x62,0x08,0x62,0x08,0x62,0x08,0x62,0x08,0x62,0x08,
    0x62,0x08,0x62,0x08,0x62,0x08,0x62,0x08,0x62,0x08,0x62,0x08,0x62,0x08,0x62,0x08,0x82,0x10,0x45,0x21,0x66,0x29,0xC3,0x10,
    0x61,0x08,0x62,0x08,0x62,0x08,0x62,0x08,0x62,0x08,0x62,0x08,0x62,0x08,0x62,0x08,0x62,0x08,0x62,0x08,0x62,0x08,0x62,0x08,
    0x62,0x08,0x62,0x08,0x62,0x08,0x61,0x08,0x04,0x19,0x66,0x29,0x04,0x19,0x61,0x08,0x62,0x08,0x62,0x08,0x62,0x08,0x62,0x08,
    0x62,0x08,0x62,0x08,0x62,0x08,0x62,0x08,0x62,0x08,0x62,0x08,0x62,0x08,0x62,0x08,0x62,0x08,0x62,0x08,0x61,0x08,0x04,0x19,
    0x66,0x29,0x04,0x19,0x61,0x08,0x62,0x08,0x62,0x08,0x62,0x08,0x62,0x08,0x62,0x08,0x62,0x08,0x62,0x08,0x62,0x08,0x62,0x08,
    0x62,0x08,0x62,0x08,0x62,0x08,0x62,0x08,0x62,0x08,0x61,0x08,0x04,0x19,0x66,0x29,0x04,0x19,0x61,0x08,0x62,0x08,0x62,0x08,
    0x62,0x08,0x62,0x08,0x62,0x08,0x62,0x08,0x62,0x08,0x62,0x08,0x62,0x08,0x62,0x08,0x62,0x08,0x62,0x08,0x62,0x08,0x62,0x08,
    0x61,0x08,0x04,0x19,0x66,0x29,0x04,0x19,0x61,0x08,0x62,0x08,0x62,0x08,0x62,0x08,0x62,0x08,0x62,0x08,0x62,0x08,0x62,0x08,
    0x62,0x08,0x62,0x08,0x62,0x08,0x62,0x08,0x62,0x08,0x62,0x08,0x62,0x08,0x61,0x08,0x04,0x19,0x66,0x29,0x04,0x19,0x61,0x08,
    0x62,0x08,0x62,0x08,0x62,0x08,0x62,0x08,0x62,0x08,0x62,0x08,0x62,0x08,0x62,0x08,0x62,0x08,0x62,0x08,0x62,0x08,0x62,0x08,
    0x62,0x08,0x62,0x08,0x61,0x08,0x04,0x19,0x66,0x29,0x04,0x19,0x61,0x08,0x62,0x08,0x62,0x08,0x62,0x08,0x62,0x08,0x62,0x08,
    0x62,0x08,0x62,0x08,0x62,0x08,0x62,0x08,0x62,0x08,0x62,0x08,0x62,0x08,0x62,0x08,0x62,0x08,0x61,0x08,0xA3,0x10,0x45,0x21,
    0x25,0x21,0x62,0x08,0x61,0x08,0x61,0x08,0x61,0x08,0x61,0x08,0x61,0x08,0x61,0x08,0x61,0x08,0x61,0x08,0x61,0x08,0x61,0x08,
    0x61,0x08,0x61,0x08,0x61,0x08,0x61,0x08,0x41,0x08,0x82,0x10,0x04,0x21,0xE4,0x18,0x61,0x08,0x41,0x08,0x41,0x08,0x41,0x08,
    0x41,0x08,0x41,0x08,0x41,0x08,0x41,0x08,0x41,0x08,0x41,0x08,0x41,0x08,0x41,0x08,0x41,0x08,0x41,0x08,0x41,0x08,0x41,0x00,
    0x62,0x08,0xE3,0x18,0xC3,0x10,0x41,0x08,0x41,0x08,0x41,0x08,0x41,0x08,0x41,0x08,0x41,0x08,0x41,0x00,0x41,0x00,0x41,0x00,
    0x41,0x00,0x21,0x00,0x21,0x00,0x21,0x00,0x21,0x00,0x21,0x00,0x20,0x00,0x41,0x08,0xA2,0x10,0x82,0x10,0x21,0x00,0x20,0x00,
    0x20,0x00,0x20,0x00,0x20,0x00,0x20,0x00,0x20,0x00,0x20,0x00,0x20,0x00,0x20,0x00,0x20,0x00,0x20,0x00,0x20,0x00,0x20,0x00,
    0x62,0x08,0x41,0x08,0x20,0x00,0x20,0x00,0x20,0x00,0x20,0x00,0x20,0x00,0x20,0x00,0x20,0x00,0x20,0x00,0x20,0x00,0x20,0x00,
    0x20,0x00,0x20,0x00,0x20,0x00,0x21,0x00,0x21,0x00,0x41,0x00,0xA2,0x10,0xA3,0x10,0x61,0x08,0x20,0x00,0x21,0x00,0x41,0x00,
    0x41,0x00,0x41,0x00,0x41,0x00,0x41,0x08,0x41,0x08,0x41,0x08,0x41,0x08,0x41,0x08,0x41,0x08,0x41,0x08,0x41,0x08,0x41,0x08,
    0x41,0x08,0xC3,0x18,0xE4,0x18,0x82,0x08,0x41,0x08,0x41,0x08,0x41,0x08,0x41,0x08,0x41,0x08,0x41,0x08,0x41,0x08,0x41,0x08,
    0x41,0x08,0x41,0x08,0x41,0x08,0x41,0x08,0x41,0x08,0x41,0x08,0x41,0x08,0x61,0x08,0x04,0x19,0x25,0x21,0x82,0x10,0x41,0x08,
    0x61,0x08,0x61,0x08,0x61,0x08,0x61,0x08,0x61,0x08,0x61,0x08,0x61,0x08,0x61,0x08,0x61,0x08,0x61,0x08,0x61,0x08,0x61,0x08,
    0x61,0x08,0x62,0x08,0x82,0x08,0x25,0x21,0x45,0x29,0xA3,0x10,0x61,0x08,0x62,0x08,0x62,0x08,0x62,0x08,0x62,0x08,0x62,0x08,
    0x62,0x08,0x62,0x08,0x62,0x08,0x62,0x08,0x62,0x08,0x62,0x08,0x62,0x08,0x62,0x08,0x62,0x08,0x82,0x08,0x45,0x21,0x66,0x29,
    0xA3,0x10,0x61,0x08,0x62,0x08,0x62,0x08,0x62,0x08,0x62,0x08,0x62,0x08,0x62,0x08,0x62,0x08,0x62,0x08,0x62,0x08,0x62,0x08,
    0x62,0x08,0x62,0x08,0x62,0x08,0x62,0x08,0x82,0x08,0x45,0x21,0x66,0x29,0xA3,0x10,0x61,0x08,0x62,0x08,0x62,0x08,0x62,0x08,
    0x62,0x08,0x62,0x08,0x62,0x08,0x62,0x08,0x62,0x08,0x62,0x08,0x62,0x08,0x62,0x08,0x62,0x08,0x62,0x08,0x62,0x08,0x61,0x08,
    0x04,0x19,0x66,0x29,0x04,0x19,0x61,0x08,0x62,0x08,0x62,0x08,0x62,0x08,0x62,0x08,0x62,0x08,0x62,0x08,0x62,0x08,0x62,0x08,
    0x62,0x08,0x62,0x08,0x62,0x08,0x62,0x08,0x62,0x08,0x62,0x08,0x61,0x08,0x04,0x19,0x66,0x29,0x04,0x19,0x61,0x08,0x62,0x08,
    0x62,0x08,0x62,0x08,0x62,0x08,0x62,0x08,0x62,0x08,0x62,0x08,0x62,0x08,0x62,0x08,0x62,0x08,0x62,0x08,0x62,0x08,0x62,0x08,
    0x62,0x08,0x61,0x08,0x04,0x19,0x66,0x29,0x04,0x19,0x61,0x08,0x62,0x08,0x62,0x08,0x62,0x08,0x62,0x08,0x62,0x08,0x62,0x08,
    0x62,0x08,0x62,0x08,0x62,0x08,0x62,0x08,0x62,0x08,0x62,0x08,0x62,0x08,0x62,0x08,0x61,0x08,0x04,0x19,0x66,0x29,0x04,0x19,
    0x61,0x08,0x62,0x08,0x62,0x08,0x62,0x08,0x62,0x08,0x62,0x08,0x62,0x08,0x62,0x08,0x62,0x08,0x62,0x08,0x62,0x08,0x62,0x08,
    0x62,0x08,0x62,0x08,0x62,0x08,0x61,0x08,0x04,0x19,0x66,0x29,0x04,0x19,0x61,0x08,0x62,0x08,0x62,0x08,0x62,0x08,0x62,0x08,
    0x62,0x08,0x62,0x08,0x62,0x08,0x62,0x08,0x62,0x08,0x62,0x08,0x62,0x08,0x62,0x08,0x62,0x08,0x62,0x08,0x61,0x08,0x04,0x19,
    0x66,0x29,0x04,0x19,0x61,0x08,0x62,0x08,0x62,0x08,0x62,0x08,0x62,0x08,0x62,0x08,0x62,0x08,0x62,0x08,0x62,0x08,0x62,0x08,
    0x62,0x08,0x62,0x08,0x62,0x08,0x62,0x08,0x62,0x08,0x61,0x08,0xA3,0x10,0x45,0x21,0x25,0x21,0x62,0x08,0x61,0x08,0x61,0x08,
    0x61,0x08,0x61,0x08,0x61,0x08,0x61,0x08,0x61,0x08,0x61,0x08,0x61,0x08,0x61,0x08,0x61,0x08,0x61,0x08,0x61,0x08,0x61,0x08,
    0x41,0x08,0x82,0x10,0x04,0x21,0xE4,0x18,0x61,0x08,0x41,0x08,0x41,0x08,0x41,0x08,0x41,0x08,0x41,0x08,0x41,0x08,0x41,0x08,
    0x41,0x08,0x41,0x08,0x41,0x08,0x41,0x08,0x41,0x08,0x41,0x08,0x41,0x08,0x41,0x00,0x62,0x08,0xE3,0x18,0xC3,0x10,0x41,0x08,
    0x41,0x08,0x41,0x08,0x41,0x08,0x41,0x08,0x41,0x08,0x41,0x00,0x41,0x00,0x41,0x00,0x41,0x00,0x21,0x00,0x21,0x00,0x21,0x00,
    0x21,0x00,0x21,0x00,0x20,0x00,0x41,0x08,0xA2,0x10,0x82,0x10,0x21,0x00,0x20,0x00,0x20,0x00,0x20,0x00,0x20,0x00,0x20,0x00,
    0x20,0x00,0x20,0x00,0x20,0x00,0x20,0x00,0x20,0x00,0x20,0x00,0x20,0x00,0x20,0x00,0x62,0x08,0x41,0x08,0x20,0x00,0x20,0x00,
    0x20,0x00,0x20,0x00,0x20,0x00,0x20,0x00,0x20,0x00,0x20,0x00,0x20,0x00,0x20,0x00,0x20,0x00,0x20,0x00,0x20,0x00,0x21,0x00,
    0x21,0x00,0x41,0x00,0xA2,0x10,0xA3,0x10,0x61,0x08,0x20,0x00,0x21,0x00,0x41,0x00,0x41,0x00,0x41,0x00,0x41,0x00,0x41,0x08,
    0x41,0x08,0x41,0x08,0x41,0x08,0x41,0x08,0x41,0x08,0x41,0x08,0x41,0x08,0x41,0x08,0x41,0x08,0xC3,0x18,0xE4,0x18,0x82,0x08,
    0x41,0x08,0x41,0x08,0x41,0x08,0x41,0x08,0x41,0x08,0x41,0x08,0x41,0x08,0x41,0x08,0x41,0x08,0x41,0x08,0x41,0x08,0x41,0x08,
    0x41,0x08,0x41,0x08,0x41,0x08,0x61,0x08,0x04,0x19,0x25,0x21,0x82,0x10,0x41,0x08,0x61,0x08,0x61,0x08,0x61,0x08,0x61,0x08,
    0x61,0x08,0x61,0x08,0x61,0x08,0x61,0x08,0x61,0x08,0x61,0x08,0x61,0x08,0x61,0x08,0x61,0x08,0x62,0x08,0x82,0x08,0x25,0x21,
    0x45,0x29,0xA3,0x10,0x61,0x08,0x62,0x08,0x62,0x08,0x62,0x08,0x62,0x08,0x62,0x08,0x62,0x08,0x62,0x08,0x62,0x08,0x62,0x08,
    0x62,0x08,0x62,0x08,0x62,0x08,0x62,0x08,0x62,0x08,0x82,0x08,0x45,0x21,0x66,0x29,0xA3,0x10,0x61,0x08,0x62,0x08,0x62,0x08,
    0x62,0x08,0x62,0x08,0x62,0x08,0x62,0x08,0x62,0x08,0x62,0x08,0x62,0x08,0x62,0x08,0x62,0x08,0x62,0x08,0x62,0x08,0x62,0x08,
    0x82,0x08,0x45,0x21,0x66,0x29,0xA3,0x10,0x61,0x08,0x62,0x08,0x62,0x08,0x62,0x08,0x62,0x08,0x62,0x08,0x62,0x08,0x62,0x08,
    0x62,0x08,0x62,0x08,0x62,0x08,0x62,0x08,0x62,0x08,0x62,0x08,0x62,0x08,0x61,0x08,0x04,0x19,0x66,0x29,0x04,0x19,0x61,0x08,
    0x62,0x08,0x62,0x08,0x62,0x08,0x62,0x08,0x62,0x08,0x62,0x08,0x62,0x08,0x62,0x08,0x62,0x08,0x62,0x08,0x62,0x08,0x62,0x08,
    0x62,0x08,0x62,0x08,0x61,0x08,0x04,0x19,0x66,0x29,0x04,0x19,0x61,0x08,0x62,0x08,0x62,0x08,0x62,0x08,0x62,0x08,0x62,0x08,
    0x62,0x08,0x62,0x08,0x62,0x08,0x62,0x08,0x62,0x08,0x62,0x08,0x62,0x08,0x62,0x08,0x62,0x08,0x61,0x08,0x04,0x19,0x66,0x29,
    0x04,0x19,0x61,0x08,0x62,0x08,0x62,0x08,0x62,0x08,0x62,0x08,0x62,0x08,0x62,0x08,0x62,0x08,0x62,0x08,0x62,0x08,0x62,0x08,
    0x62,0x08,0x62,0x08,0x62,0x08,0x62,0x08,0x61,0x08,0x04,0x19,0x66,0x29,0x04,0x19,0x61,0x08,0x62,0x08,0x62,0x08,0x62,0x08,
    0x62,0x08,0x62,0x08,0x62,0x08,0x62,0x08,0x62,0x08,0x62,0x08,0x62,0x08,0x62,0x08,0x62,0x08,0x62,0x08,0x62,0x08,0x61,0x08,
    0x04,0x19,0x66,0x29,0x04,0x19,0x61,0x08,0x62,0x08,0x62,0x08,0x62,0x08,0x62,0x08,0x62,0x08,0x62,0x08,0x62,0x08,0x62,0x08,
    0x62,0x08,0x62,0x08,0x62,0x08,0x62,0x08,0x62,0x08,0x62,0x08,0x61,0x08,0x04,0x19,0x66,0x29,0x04,0x19,0x61,0x08,0x62,0x08,
    0x62,0x08,0x62,0x08,0x62,0x08,0x62,0x08,0x62,0x08,0x62,0x08,0x62,0x08,0x62,0x08,0x62,0x08,0x62,0x08,0x62,0x08,0x62,0x08,
    0x62,0x08,0x61,0x08,0xA3,0x10,0x45,0x21,0x25,0x21,0x62,0x08,0x61,0x08,0x61,0x08,0x61,0x08,0x61,0x08,0x61,0x08,0x61,0x08,
    0x61,0x08,0x61,0x08,0x61,0x08,0x61,0x08,0x61,0x08,0x61,0x08,0x61,0x08,0x61,0x08,0x41,0x08,0x82,0x10,0x04,0x21,0xE4,0x18,
    0x61,0x08,0x41,0x08,0x41,0x08,0x41,0x08,0x41,0x08,0x41,0x08,0x41,0x08,0x41,0x08,0x41,0x08,0x41,0x08,0x41,0x08,0x41,0x08,
    0x41,0x08,0x41,0x08,0x41,0x08,0x41,0x00,0x62,0x08,0xE3,0x18,0xC3,0x10,0x41,0x08,0x41,0x08,0x41,0x08,0x41,0x08,0x41,0x08,
    0x41,0x08,0x41,0x00,0x41,0x00,0x41,0x00,0x41,0x00,0x21,0x00,0x21,0x00,0x21,0x00,0x21,0x00,0x21,0x00,0x20,0x00,0x41,0x08,
    0xA2,0x10,0x82,0x10,0x21,0x00,0x20,0x00,0x20,0x00,0x20,0x00,0x20,0x00,0x20,0x00,0x20,0x00,0x20,0x00,0x20,0x00,0x20,0x00,
    0x20,0x00,0x20,0x00,0x20,0x00,0x20,0x00,0x62,0x08,0x41,0x08,0x20,0x00,0x20,0x00,0x20,0x00,0x20,0x00,0x20,0x00,0x20,0x00,
    0x20,0x00,0x20,0x00,0x20,0x00,0x20,0x00,0x20,0x00,0x20,0x00,0x20,0x00,0x21,0x00,0x21,0x00,0x41,0x00,0xA2,0x10,0xA3,0x10,
    0x61,0x08,0x20,0x00,0x21,0x00,0x41,0x00,0x41,0x00,0x41,0x00,0x41,0x00,0x41,0x08,0x41,0x08,0x41,0x08,0x41,0x08,0x41,0x08,
    0x41,0x08,0x41,0x08,0x41,0x08,0x41,0x08,0x41,0x08,0xC3,0x18,0xE4,0x18,0x82,0x08,0x41,0x08,0x41,0x08,0x41,0x08,0x41,0x08,
    0x41,0x08,0x41,0x08,0x41,0x08,0x41,0x08,0x41,0x08,0x41,0x08,0x41,0x08,0x41,0x08,0x41,0x08,0x41,0x08,0x41,0x08,0x61,0x08,
    0x04,0x19,0x25,0x21,0x82,0x10,0x41,0x08,0x61,0x08,0x61,0x08,0x61,0x08,0x61,0x08,0x61,0x08,0x61,0x08,0x61,0x08,0x61,0x08,
    0x61,0x08,0x61,0x08,0x61,0x08,0x61,0x08,0x61,0x08,0x62,0x08,0x82,0x08,0x25,0x21,0x45,0x29,0xA3,0x10,0x61,0x08,0x62,0x08,
    0x62,0x08,0x62,0x08,0x62,0x08,0x62,0x08,0x62,0x08,0x62,0x08,0x62,0x08,0x62,0x08,0x62,0x08,0x62,0x08,0x62,0x08,0x62,0x08,
    0x62,0x08,0x82,0x08,0x25,0x21,0x45,0x29,0xA3,0x10,0x61,0x08,0x62,0x08,0x62,0x08,0x62,0x08,0x62,0x08,0x62,0x08,0x62,0x08,
    0x62,0x08,0x62,0x08,0x62,0x08,0x62,0x08,0x62,0x08,0x62,0x08,0x62,0x08,0x62,0x08,0x82,0x08,0x25,0x21,0x45,0x29,0xA3,0x10,
    0x61,0x08,0x62,0x08,0x62,0x08,0x62,0x08,0x62,0x08,0x62,0x08,0x62,0x08,0x62,0x08,0x62,0x08,0x62,0x08,0x62,0x08,0x62,0x08,
    0x62,0x08,0x62,0x08,0x62,0x08,0x61,0x08,0x04,0x19,0x66,0x29,0x04,0x19,0x61,0x08,0x62,0x08,0x62,0x08,0x62,0x08,0x62,0x08,
    0x62,0x08,0x62,0x08,0x62,0x08,0x62,0x08,0x62,0x08,0x62,0x08,0x62,0x08,0x62,0x08,0x62,0x08,0x62,0x08,0x61,0x08,0x04,0x19,
    0x66,0x29,0x04,0x19,0x61,0x08,0x62,0x08,0x62,0x08,0x62,0x08,0x62,0x08,0x62,0x08,0x62,0x08,0x62,0x08,0x62,0x08,0x62,0x08,
    0x62,0x08,0x62,0x08,0x62,0x08,0x62,0x08,0x62,0x08,0x61,0x08,0x04,0x19,0x66,0x29,0x04,0x19,0x61,0x08,0x62,0x08,0x62,0x08,
    0x62,0x08,0x62,0x08,0x62,0x08,0x62,0x08,0x62,0x08,0x62,0x08,0x62,0x08,0x62,0x08,0x62,0x08,0x62,0x08,0x62,0x08,0x62,0x08,
    0x61,0x08,0x04,0x19,0x66,0x29,0x04,0x19,0x61,0x08,0x62,0x08,0x62,0x08,0x62,0x08,0x62,0x08,0x62,0x08,0x62,0x08,0x62,0x08,
    0x62,0x08,0x62,0x08,0x62,0x08,0x62,0x08,0x62,0x08,0x62,0x08,0x62,0x08,0x61,0x08,0x04,0x19,0x66,0x29,0x04,0x19,0x61,0x08,
    0x62,0x08,0x62,0x08,0x62,0x08,0x62,0x08,0x62,0x08,0x62,0x08,0x62,0x08,0x62,0x08,0x62,0x08,0x62,0x08,0x62,0x08,0x62,0x08,
    0x62,0x08,0x62,0x08,0x61,0x08,0x04,0x19,0x66,0x29,0x04,0x19,0x61,0x08,0x62,0x08,0x62,0x08,0x62,0x08,0x62,0x08,0x62,0x08,
    0x62,0x08,0x62,0x08,0x62,0x08,0x62,0x08,0x62,0x08,0x62,0x08,0x62,0x08,0x62,0x08,0x62,0x08,0x61,0x08,0xA3,0x10,0x45,0x21,
    0x25,0x21,0x62,0x08,0x61,0x08,0x61,0x08,0x61,0x08,0x61,0x08,0x61,0x08,0x61,0x08,0x61,0x08,0x61,0x08,0x61,0x08,0x61,0x08,
    0x61,0x08,0x61,0x08,0x61,0x08,0x61,0x08,0x41,0x08,0x82,0x10,0x04,0x21,0xE4,0x18,0x61,0x08,0x41,0x08,0x41,0x08,0x41,0x08,
    0x41,0x08,0x41,0x08,0x41,0x08,0x41,0x08,0x41,0x08,0x41,0x08,0x41,0x08,0x41,0x08,0x41,0x08,0x41,0x08,0x41,0x08,0x41,0x00,
    0x62,0x08,0xE3,0x18,0xC3,0x10,0x41,0x08,0x41,0x08,0x41,0x08,0x41,0x08,0x41,0x08,0x41,0x08,0x41,0x00,0x41,0x00,0x41,0x00,
    0x41,0x00,0x21,0x00,0x21,0x00,0x21,0x00,0x21,0x00,0x21,0x00,0x20,0x00,0x41,0x08,0xA2,0x10,0x82,0x10,0x21,0x00,0x20,0x00,
    0x20,0x00,0x20,0x00,0x20,0x00,0x20,0x00,0x20,0x00,0x20,0x00,0x20,0x00,0x20,0x00,0x20,0x00,0x20,0x00,0x20,0x00,0x20,0x00,
    0x62,0x08,0x41,0x08,0x20,0x00,0x20,0x00,0x20,0x00,0x20,0x00,0x20,0x00,0x20,0x00,0x20,0x00,0x20,0x00,0x20,0x00,0x20,0x00,
    0x20,0x00,0x20,0x00,0x20,0x00,0x21,0x00,0x21,0x00,0x41,0x00,0xA2,0x10,0xA3,0x10,0x61,0x08,0x20,0x00,0x21,0x00,0x41,0x00,
    0x41,0x00,0x41,0x00,0x41,0x00,0x41,0x08,0x41,0x08,0x41,0x08,0x41,0x08,0x41,0x08,0x41,0x08,0x41,0x08,0x41,0x08,0x41,0x08,
    0x41,0x08,0xC3,0x18,0xE4,0x18,0x82,0x08,0x41,0x08,0x41,0x08,0x41,0x08,0x41,0x08,0x41,0x08,0x41,0x08,0x41,0x08,0x41,0x08,
    0x41,0x08,0x41,0x08,0x41,0x08,0x41,0x08,0x41,0x08,0x41,0x08,0x41,0x08,0x61,0x08,0x04,0x19,0x25,0x21,0x82,0x10,0x41,0x08,
    0x61,0x08,0x61,0x08,0x61,0x08,0x61,0x08,0x61,0x08,0x61,0x08,0x61,0x08,0x61,0x08,0x61,0x08,0x61,0x08,0x61,0x08,0x61,0x08,
    0x61,0x08,0x62,0x08,0x82,0x08,0x25,0x21,0x45,0x29,0xA3,0x10,0x61,0x08,0x62,0x08,0x62,0x08,0x62,0x08,0x62,0x08,0x62,0x08,
    0x62,0x08,0x62,0x08,0x62,0x08,0x62,0x08,0x62,0x08,0x62,0x08,0x62,0x08,0x62,0x08,0x62,0x08,0x82,0x08,0x25,0x21,0x45,0x29,
    0xA3,0x10,0x61,0x08,0x62,0x08,0x62,0x08,0x62,0x08,0x62,0x08,0x62,0x08,0x62,0x08,0x62,0x08,0x62,0x08,0x62,0x08,0x62,0x08,
    0x62,0x08,0x62,0x08,0x62,0x08,0x62,0x08,0x82,0x08,0x25,0x21,0x45,0x29,0xA3,0x10,0x61,0x08,0x62,0x08,0x62,0x08,0x62,0x08,
    0x62,0x08,0x62,0x08,0x62,0x08,0x62,0x08,0x62,0x08,0x62,0x08,0x62,0x08,0x62,0x08,0x62,0x08,0x62,0x08,0x62,0x08,0x61,0x08,
    0xE4,0x18,0x66,0x29,0xE4,0x18,0x61,0x08,0x62,0x08,0x62,0x08,0x62,0x08,0x62,0x08,0x62,0x08,0x62,0x08,0x62,0x08,0x62,0x08,
    0x62,0x08,0x62,0x08,0x62,0x08,0x62,0x08,0x62,0x08,0x62,0x08,0x61,0x08,0xE4,0x18,0x66,0x29,0xE4,0x18,0x61,0x08,0x62,0x08,
    0x62,0x08,0x62,0x08,0x62,0x08,0x62,0x08,0x62,0x08,0x62,0x08,0x62,0x08,0x62,0x08,0x62,0x08,0x62,0x08,0x62,0x08,0x62,0x08,
    0x62,0x08,0x61,0x08,0xE4,0x18,0x66,0x29,0xE4,0x18,0x61,0x08,0x62,0x08,0x62,0x08,0x62,0x08,0x62,0x08,0x62,0x08,0x62,0x08,
    0x62,0x08,0x62,0x08,0x62,0x08,0x62,0x08,0x62,0x08,0x62,0x08,0x62,0x08,0x62,0x08,0x61,0x08,0xE4,0x18,0x66,0x29,0xE4,0x18,
    0x61,0x08,0x62,0x08,0x62,0x08,0x62,0x08,0x62,0x08,0x62,0x08,0x62,0x08,0x62,0x08,0x62,0x08,0x62,0x08,0x62,0x08,0x62,0x08,
    0x62,0x08,0x62,0x08,0x62,0x08,0x61,0x08,0xE4,0x18,0x66,0x29,0xE4,0x18,0x61,0x08,0x62,0x08,0x62,0x08,0x62,0x08,0x62,0x08,
    0x62,0x08,0x62,0x08,0x62,0x08,0x62,0x08,0x62,0x08,0x62,0x08,0x62,0x08,0x62,0x08,0x62,0x08,0x62,0x08,0x61,0x08,0xE4,0x18,
    0x66,0x29,0xE4,0x18,0x61,0x08,0x62,0x08,0x62,0x08,0x62,0x08,0x62,0x08,0x62,0x08,0x62,0x08,0x62,0x08,0x62,0x08,0x62,0x08,
    0x62,0x08,0x62,0x08,0x62,0x08,0x62,0x08,0x62,0x08,0x61,0x08,0xA3,0x10,0x45,0x21,0x25,0x21,0x62,0x08,0x61,0x08,0x61,0x08,
    0x61,0x08,0x61,0x08,0x61,0x08,0x61,0x08,0x61,0x08,0x61,0x08,0x61,0x08,0x61,0x08,0x61,0x08,0x61,0x08,0x61,0x08,0x61,0x08,
    0x41,0x08,0x82,0x10,0x04,0x21,0xE4,0x18,0x61,0x08,0x41,0x08,0x41,0x08,0x41,0x08,0x41,0x08,0x41,0x08,0x41,0x08,0x41,0x08,
    0x41,0x08,0x41,0x08,0x41,0x08,0x41,0x08,0x41,0x08,0x41,0x08,0x41,0x08,0x41,0x00,0x62,0x08,0xE3,0x18,0xC3,0x10,0x41,0x08,
    0x41,0x08,0x41,0x08,0x41,0x08,0x41,0x08,0x41,0x08,0x41,0x00,0x41,0x00,0x41,0x00,0x41,0x00,0x21,0x00,0x21,0x00,0x21,0x00,
    0x21,0x00,0x21,0x00,0x20,0x00,0x41,0x08,0xA2,0x10,0x82,0x10,0x21,0x00,0x20,0x00,0x20,0x00,0x20,0x00,0x20,0x00,0x20,0x00,
    0x20,0x00,0x20,0x00,0x20,0x00,0x20,0x00,0x20,0x00,0x20,0x00,0x20,0x00,0x20,0x00,0x62,0x08,0x41,0x08,0x20,0x00,0x20,0x00,
    0x20,0x00,0x20,0x00,0x20,0x00,0x20,0x00,0x20,0x00,0x20,0x00,0x20,0x00,0x20,0x00,0x20,0x00,0x20,0x00,0x20,0x00,0x21,0x00,
    0x21,0x00,0x41,0x00,0xA2,0x10,0xA3,0x10,0x61,0x08,0x20,0x00,0x21,0x00,0x41,0x00,0x41,0x00,0x41,0x00,0x41,0x00,0x41,0x08,
    0x41,0x08,0x41,0x08,0x41,0x08,0x41,0x08,0x41,0x08,0x41,0x08,0x41,0x08,0x41,0x08,0x41,0x08,0xC3,0x18,0xE4,0x18,0x82,0x08,
    0x41,0x08,0x41,0x08,0x41,0x08,0x41,0x08,0x41,0x08,0x41,0x08,0x41,0x08,0x41,0x08,0x41,0x08,0x41,0x08,0x41,0x08,0x41,0x08,
    0x41,0x08,0x41,0x08,0x41,0x08,0x61,0x08,0x04,0x19,0x25,0x21,0x82,0x10,0x41,0x08,0x61,0x08,0x61,0x08,0x61,0x08,0x61,0x08,
    0x61,0x08,0x61,0x08,0x61,0x08,0x61,0x08,0x61,0x08,0x61,0x08,0x61,0x08,0x61,0x08,0x61,0x08,0x62,0x08,0x82,0x08,0x25,0x21,
    0x45,0x21,0xA3,0x10,0x61,0x08,0x62,0x08,0x62,0x08,0x62,0x08,0x62,0x08,0x62,0x08,0x62,0x08,0x62,0x08,0x62,0x08,0x62,0x08,
    0x62,0x08,0x62,0x08,0x62,0x08,0x62,0x08,0x62,0x08,0x82,0x08,0x25,0x21,0x45,0x21,0xA3,0x10,0x61,0x08,0x62,0x08,0x62,0x08,
    0x62,0x08,0x62,0x08,0x62,0x08,0x62,0x08,0x62,0x08,0x62,0x08,0x62,0x08,0x62,0x08,0x62,0x08,0x62,0x08,0x62,0x08,0x62,0x08,
    0x82,0x08,0x25,0x21,0x45,0x21,0xA3,0x10,0x61,0x08,0x62,0x08,0x62,0x08,0x62,0x08,0x62,0x08,0x62,0x08,0x62,0x08,0x62,0x08,
    0x62,0x08,0x62,0x08,0x62,0x08,0x62,0x08,0x62,0x08,0x62,0x08,0x62,0x08,0x61,0x08,0xE4,0x18,0x66,0x29,0xE4,0x18,0x61,0x08,
    0x62,0x08,0x62,0x08,0x62,0x08,0x62,0x08,0x62,0x08,0x62,0x08,0x62,0x08,0x62,0x08,0x62,0x08,0x62,0x08,0x62,0x08,0x62,0x08,
    0x62,0x08,0x62,0x08,0x61,0x08,0xE4,0x18,0x66,0x29,0xE4,0x18,0x61,0x08,0x62,0x08,0x62,0x08,0x62,0x08,0x62,0x08,0x62,0x08,
    0x62,0x08,0x62,0x08,0x62,0x08,0x62,0x08,0x62,0x08,0x62,0x08,0x62,0x08,0x62,0x08,0x62,0x08,0x61,0x08,0xE4,0x18,0x66,0x29,
    0xE4,0x18,0x61,0x08,0x62,0x08,0x62,0x08,0x62,0x08,0x62,0x08,0x62,0x08,0x62,0x08,0x62,0x08,0x62,0x08,0x62,0x08,0x62,0x08,
    0x62,0x08,0x62,0x08,0x62,0x08,0x62,0x08,0x61,0x08,0xE4,0x18,0x66,0x29,0xE4,0x18,0x61,0x08,0x62,0x08,0x62,0x08,0x62,0x08,
    0x62,0x08,0x62,0x08,0x62,0x08,0x62,0x08,0x62,0x08,0x62,0x08,0x62,0x08,0x62,0x08,0x62,0x08,0x62,0x08,0x62,0x08,0x61,0x08,
    0xE4,0x18,0x66,0x29,0xE4,0x18,0x61,0x08,0x62,0x08,0x62,0x08,0x62,0x08,0x62,0x08,0x62,0x08,0x62,0x08,0x62,0x08,0x62,0x08,
    0x62,0x08,0x62,0x08,0x62,0x08,0x62,0x08,0x62,0x08,0x62,0x08,0x61,0x08,0xE4,0x18,0x66,0x29,0xE4,0x18,0x61,0x08,0x62,0x08,
    0x62,0x08,0x62,0x08,0x62,0x08,0x62,0x08,0x62,0x08,0x62,0x08,0x62,0x08,0x62,0x08,0x62,0x08,0x62,0x08,0x62,0x08,0x62,0x08,
    0x62,0x08,0x61,0x08,0xA3,0x10,0x45,0x21,0x25,0x21,0x62,0x08,0x61,0x08,0x61,0x08,0x61,0x08,0x61,0x08,0x61,0x08,0x61,0x08,
    0x61,0x08,0x61,0x08,0x61,0x08,0x61,0x08,0x61,0x08,0x61,0x08,0x61,0x08,0x61,0x08,0x41,0x08,0x82,0x10,0x04,0x21,0xE4,0x18,
    0x61,0x08,0x41,0x08,0x41,0x08,0x41,0x08,0x41,0x08,0x41,0x08,0x41,0x08,0x41,0x08,0x41,0x08,0x41,0x08,0x41,0x08,0x41,0x08,
    0x41,0x08,0x41,0x08,0x41,0x08,0x41,0x00,0x62,0x08,0xE3,0x18,0xC3,0x10,0x41,0x08,0x41,0x08,0x41,0x08,0x41,0x08,0x41,0x08,
    0x41,0x08,0x41,0x00,0x41,0x00,0x41,0x00,0x41,0x00,0x21,0x00,0x21,0x00,0x21,0x00,0x21,0x00,0x21,0x00,0x20,0x00,0x41,0x08,
    0xA2,0x10,0x82,0x10,0x21,0x00,0x20,0x00,0x20,0x00,0x20,0x00,0x20,0x00,0x20,0x00,0x20,0x00,0x20,0x00,0x20,0x00,0x20,0x00,
    0x20,0x00,0x20,0x00,0x20,0x00,0x20,0x00,0x62,0x08,0x41,0x00,0x20,0x00,0x20,0x00,0x20,0x00,0x20,0x00,0x20,0x00,0x20,0x00,
    0x20,0x00,0x20,0x00,0x20,0x00,0x20,0x00,0x20,0x00,0x20,0x00,0x20,0x00,0x21,0x00,0x21,0x00,0x21,0x00,0xA2,0x10,0xA3,0x10,
    0x41,0x08,0x20,0x00,0x21,0x00,0x41,0x00,0x41,0x00,0x41,0x00,0x41,0x00,0x41,0x08,0x41,0x08,0x41,0x08,0x41,0x08,0x41,0x08,
    0x41,0x08,0x41,0x08,0x41,0x08,0x41,0x08,0x41,0x08,0xC3,0x18,0xE4,0x18,0x62,0x08,0x41,0x08,0x41,0x08,0x41,0x08,0x41,0x08,
    0x41,0x08,0x41,0x08,0x41,0x08,0x41,0x08,0x41,0x08,0x41,0x08,0x41,0x08,0x41,0x08,0x41,0x08,0x41,0x08,0x41,0x08,0x61,0x08,
    0x04,0x19,0x25,0x21,0x82,0x10,0x41,0x08,0x61,0x08,0x61,0x08,0x61,0x08,0x61,0x08,0x61,0x08,0x61,0x08,0x61,0x08,0x61,0x08,
    0x61,0x08,0x61,0x08,0x61,0x08,0x61,0x08,0x61,0x08,0x62,0x08,0x62,0x08,0x25,0x21,0x45,0x21,0xA3,0x10,0x61,0x08,0x61,0x08,
    0x61,0x08,0x61,0x08,0x61,0x08,0x61,0x08,0x61,0x08,0x61,0x08,0x61,0x08,0x61,0x08,0x61,0x08,0x61,0x08,0x61,0x08,0x61,0x08,
    0x62,0x08,0x62,0x08,0x25,0x21,0x45,0x21,0xA3,0x10,0x61,0x08,0x61,0x08,0x61,0x08,0x61,0x08,0x61,0x08,0x61,0x08,0x61,0x08,
    0x61,0x08,0x61,0x08,0x61,0x08,0x61,0x08,0x61,0x08,0x61,0x08,0x61,0x08,0x62,0x08,0x62,0x08,0x25,0x21,0x45,0x21,0xA3,0x10,
    0x61,0x08,0x61,0x08,0x61,0x08,0x61,0x08,0x61,0x08,0x61,0x08,0x61,0x08,0x61,0x08,0x61,0x08,0x61,0x08,0x61,0x08,0x61,0x08,
    0x61,0x08,0x61,0x08,0x62,0x08,0x41,0x08,0xE4,0x18,0x65,0x29,0xE4,0x18,0x61,0x08,0x61,0x08,0x61,0x08,0x61,0x08,0x61,0x08,
    0x61,0x08,0x61,0x08,0x61,0x08,0x61,0x08,0x61,0x08,0x61,0x08,0x61,0x08,0x61,0x08,0x61,0x08,0x62,0x08,0x41,0x08,0xE4,0x18,
    0x65,0x29,0xE4,0x18,0x61,0x08,0x61,0x08,0x61,0x08,0x61,0x08,0x61,0x08,0x61,0x08,0x61,0x08,0x61,0x08,0x61,0x08,0x61,0x08,
    0x61,0x08,0x61,0x08,0x61,0x08,0x61,0x08,0x62,0x08,0x41,0x08,0xE4,0x18,0x65,0x29,0xE4,0x18,0x61,0x08,0x61,0x08,0x61,0x08,
    0x61,0x08,0x61,0x08,0x61,0x08,0x61,0x08,0x61,0x08,0x61,0x08,0x61,0x08,0x61,0x08,0x61,0x08,0x61,0x08,0x61,0x08,0x62,0x08,
    0x41,0x08,0xE4,0x18,0x65,0x29,0xE4,0x18,0x41,0x08,0x62,0x08,0x61,0x08,0x61,0x08,0x61,0x08,0x61,0x08,0x61,0x08,0x61,0x08,
    0x61,0x08,0x61,0x08,0x61,0x08,0x61,0x08,0x61,0x08,0x61,0x08,0x61,0x08,0x61,0x08,0xE4,0x18,0x65,0x29,0xE4,0x18,0x41,0x08,
    0x62,0x08,0x61,0x08,0x61,0x08,0x61,0x08,0x61,0x08,0x61,0x08,0x61,0x08,0x61,0x08,0x61,0x08,0x61,0x08,0x61,0x08,0x61,0x08,
    0x61,0x08,0x61,0x08,0x61,0x08,0xE4,0x18,0x65,0x29,0xE4,0x18,0x41,0x08,0x62,0x08,0x61,0x08,0x61,0x08,0x61,0x08,0x61,0x08,
    0x61,0x08,0x61,0x08,0x61,0x08,0x61,0x08,0x61,0x08,0x61,0x08,0x61,0x08,0x61,0x08,0x61,0x08,0x61,0x08,0xA3,0x10,0x45,0x21,
    0x25,0x21,0x62,0x08,0x62,0x08,0x61,0x08,0x61,0x08,0x61,0x08,0x61,0x08,0x61,0x08,0x61,0x08,0x61,0x08,0x61,0x08,0x61,0x08,
    0x61,0x08,0x61,0x08,0x61,0x08,0x61,0x08,0x41,0x08,0x82,0x10,0x04,0x21,0xE4,0x18,0x61,0x08,0x41,0x08,0x41,0x08,0x41,0x08,
    0x41,0x08,0x41,0x08,0x41,0x08,0x41,0x08,0x41,0x08,0x41,0x08,0x41,0x08,0x41,0x08,0x41,0x08,0x41,0x08,0x41,0x08,0x41,0x00,
    0x62,0x08,0xE3,0x18,0xC3,0x10,0x41,0x08,0x41,0x08,0x41,0x08,0x41,0x08,0x41,0x08,0x41,0x08,0x41,0x00,0x41,0x00,0x41,0x00,
    0x41,0x00,0x21,0x00,0x21,0x00,0x21,0x00,0x21,0x00,0x21,0x00,0x20,0x00,0x41,0x08,0xA2,0x10,0x82,0x10,0x21,0x00,0x20,0x00,
    0x20,0x00,0x20,0x00,0x20,0x00,0x20,0x00,0x20,0x00,0x20,0x00,0x20,0x00,0x20,0x00,0x20,0x00,0x20,0x00,0x20,0x00,0x20,0x00,
    0x62,0x08,0x41,0x08,0x20,0x00,0x20,0x00,0x20,0x00,0x20,0x00,0x20,0x00,0x20,0x00,0x20,0x00,0x20,0x00,0x20,0x00,0x20,0x00,
    0x20,0x00,0x20,0x00,0x20,0x00,0x20,0x00,0x20,0x00,0x41,0x08,0xA2,0x10,0xA3,0x10,0x62,0x08,0x20,0x00,0x20,0x00,0x41,0x00,
    0x41,0x00,0x41,0x00,0x41,0x00,0x41,0x08,0x41,0x08,0x41,0x08,0x41,0x08,0x41,0x08,0x41,0x08,0x41,0x08,0x41,0x08,0x41,0x00,
    0x62,0x08,0xC3,0x18,0xE3,0x18,0x82,0x10,0x41,0x00,0x41,0x08,0x41,0x08,0x41,0x08,0x41,0x08,0x41,0x08,0x41,0x08,0x41,0x08,
    0x41,0x08,0x41,0x08,0x41,0x08,0x41,0x08,0x41,0x08,0x41,0x08,0x41,0x08,0x82,0x10,0x04,0x19,0x04,0x21,0xC3,0x10,0x41,0x08,
    0x41,0x08,0x61,0x08,0x61,0x08,0x61,0x08,0x61,0x08,0x61,0x08,0x61,0x08,0x61,0x08,0x61,0x08,0x61,0x08,0x61,0x08,0x62,0x08,
    0x61,0x08,0x61,0x08,0x82,0x10,0x25,0x21,0x45,0x21,0xC3,0x18,0x61,0x08,0x61,0x08,0x61,0x08,0x61,0x08,0x61,0x08,0x61,0x08,
    0x61,0x08,0x61,0x08,0x61,0x08,0x61,0x08,0x61,0x08,0x61,0x08,0x62,0x08,0x61,0x08,0x61,0x08,0x82,0x10,0x25,0x21,0x45,0x21,
    0xC3,0x18,0x61,0x08,0x61,0x08,0x61,0x08,0x61,0x08,0x61,0x08,0x61,0x08,0x61,0x08,0x61,0x08,0x61,0x08,0x61,0x08,0x61,0x08,
    0x61,0x08,0x62,0x08,0x61,0x08,0x61,0x08,0x82,0x10,0x25,0x21,0x45,0x21,0xC3,0x18,0x61,0x08,0x61,0x08,0x61,0x08,0x61,0x08,
    0x61,0x08,0x61,0x08,0x61,0x08,0x61,0x08,0x61,0x08,0x61,0x08,0x61,0x08,0x61,0x08,0x61,0x08,0x61,0x08,0x41,0x08,0x62,0x08,
    0x04,0x21,0x45,0x21,0x04,0x19,0x61,0x08,0x61,0x08,0x61,0x08,0x61,0x08,0x61,0x08,0x61,0x08,0x61,0x08,0x61,0x08,0x61,0x08,
    0x61,0x08,0x61,0x08,0x61,0x08,0x61,0x08,0x61,0x08,0x41,0x08,0x62,0x08,0x04,0x21,0x45,0x21,0x04,0x19,0x61,0x08,0x61,0x08,
    0x61,0x08,0x61,0x08,0x61,0x08,0x61,0x08,0x61,0x08,0x61,0x08,0x61,0x08,0x61,0x08,0x61,0x08,0x61,0x08,0x61,0x08,0x61,0x08,
    0x41,0x08,0x62,0x08,0x04,0x21,0x45,0x21,0x04,0x19,0x61,0x08,0x61,0x08,0x61,0x08,0x61,0x08,0x61,0x08,0x61,0x08,0x61,0x08,
    0x61,0x08,0x61,0x08,0x61,0x08,0x61,0x08,0x61,0x08,0x61,0x08,0x61,0x08,0x41,0x08,0x62,0x08,0x04,0x21,0x45,0x21,0x04,0x21,
    0x62,0x08,0x41,0x08,0x61,0x08,0x61,0x08,0x61,0x08,0x61,0x08,0x61,0x08,0x61,0x08,0x61,0x08,0x61,0x08,0x61,0x08,0x61,0x08,
    0x61,0x08,0x61,0x08,0x61,0x08,0x61,0x08,0x04,0x19,0x45,0x21,0x04,0x21,0x62,0x08,0x41,0x08,0x61,0x08,0x61,0x08,0x61,0x08,
    0x61,0x08,0x61,0x08,0x61,0x08,0x61,0x08,0x61,0x08,0x61,0x08,0x61,0x08,0x61,0x08,0x61,0x08,0x61,0x08,0x61,0x08,0x04,0x19,
    0x45,0x21,0x04,0x21,0x62,0x08,0x41,0x08,0x61,0x08,0x61,0x08,0x61,0x08,0x61,0x08,0x61,0x08,0x61,0x08,0x61,0x08,0x61,0x08,
    0x61,0x08,0x61,0x08,0x61,0x08,0x61,0x08,0x61,0x08,0x61,0x08,0xC3,0x18,0x45,0x21,0x25,0x21,0x82,0x10,0x41,0x08,0x61,0x08,
    0x62,0x08,0x61,0x08,0x61,0x08,0x61,0x08,0x61,0x08,0x61,0x08,0x61,0x08,0x61,0x08,0x61,0x08,0x61,0x08,0x61,0x08,0x41,0x08,
    0x41,0x08,0xA3,0x10,0x04,0x21,0x04,0x19,0x62,0x08,0x41,0x08,0x41,0x08,0x41,0x08,0x41,0x08,0x41,0x08,0x41,0x08,0x41,0x08,
    0x41,0x08,0x41,0x08,0x41,0x08,0x41,0x08,0x41,0x08,0x41,0x08,0x41,0x00,0x41,0x08,0x82,0x10,0xC3,0x18,0xC3,0x18,0x61,0x08,
    0x21,0x00,0x41,0x00,0x41,0x08,0x41,0x08,0x41,0x08,0x41,0x00,0x41,0x00,0x41,0x00,0x41,0x00,0x21,0x00,0x21,0x00,0x21,0x00,
    0x21,0x00,0x20,0x00,0x20,0x00,0x61,0x08,0xA2,0x10,0x82,0x10,0x41,0x08,0x20,0x00,0x20,0x00,0x20,0x00,0x20,0x00,0x20,0x00,
    0x20,0x00,0x20,0x00,0x20,0x00,0x20,0x00,0x20,0x00,0x20,0x00,0x20,0x00,0x20,0x00,0x62,0x08,0x62,0x08,0x61,0x08,0x41,0x00,
    0x20,0x00,0x20,0x00,0x20,0x00,0x20,0x00,0x20,0x00,0x20,0x00,0x20,0x00,0x20,0x00,0x20,0x00,0x20,0x00,0x20,0x00,0x41,0x08,
    0x62,0x08,0xA2,0x10,0xA3,0x10,0xA3,0x10,0xA3,0x10,0x82,0x10,0x41,0x08,0x21,0x00,0x21,0x00,0x41,0x00,0x41,0x00,0x41,0x08,
    0x41,0x08,0x41,0x08,0x41,0x08,0x41,0x08,0x41,0x08,0x41,0x00,0x41,0x08,0x82,0x10,0xC3,0x18,0xE4,0x18,0xE4,0x18,0xE3,0x18,
    0xA3,0x10,0x62,0x08,0x41,0x08,0x41,0x08,0x41,0x08,0x41,0x08,0x41,0x08,0x41,0x08,0x41,0x08,0x41,0x08,0x41,0x08,0x41,0x08,
    0x41,0x08,0x62,0x08,0xC3,0x10,0x04,0x21,0x24,0x21,0x05,0x21,0x24,0x21,0xE4,0x18,0x82,0x10,0x41,0x08,0x61,0x08,0x61,0x08,
    0x61,0x08,0x61,0x08,0x61,0x08,0x61,0x08,0x61,0x08,0x61,0x08,0x61,0x08,0x41,0x08,0x62,0x08,0xE4,0x18,0x25,0x21,0x45,0x21,
    0x45,0x21,0x45,0x21,0x04,0x19,0xA2,0x10,0x61,0x08,0x61,0x08,0x61,0x08,0x61,0x08,0x61,0x08,0x61,0x08,0x61,0x08,0x61,0x08,
    0x61,0x08,0x61,0x08,0x41,0x08,0x62,0x08,0xE4,0x18,0x25,0x21,0x45,0x21,0x45,0x21,0x45,0x21,0x04,0x19,0xA2,0x10,0x61,0x08,
    0x61,0x08,0x61,0x08,0x61,0x08,0x61,0x08,0x61,0x08,0x61,0x08,0x61,0x08,0x61,0x08,0x61,0x08,0x41,0x08,0x62,0x08,0xE4,0x18,
    0x25,0x21,0x45,0x21,0x45,0x21,0x45,0x21,0x04,0x19,0xA2,0x10,0x61,0x08,0x61,0x08,0x61,0x08,0x61,0x08,0x61,0x08,0x61,0x08,
    0x61,0x08,0x61,0x08,0x61,0x08,0x61,0x08,0x41,0x08,0x61,0x08,0xA3,0x10,0x25,0x21,0x45,0x21,0x45,0x21,0x45,0x21,0x04,0x21,
    0xA3,0x10,0x61,0x08,0x41,0x08,0x61,0x08,0x61,0x08,0x61,0x08,0x61,0x08,0x61,0x08,0x61,0x08,0x61,0x08,0x61,0x08,0x41,0x08,
    0x61,0x08,0xA3,0x10,0x25,0x21,0x45,0x21,0x45,0x21,0x45,0x21,0x04,0x21,0xA3,0x10,0x61,0x08,0x41,0x08,0x61,0x08,0x61,0x08,
    0x61,0x08,0x61,0x08,0x61,0x08,0x61,0x08,0x61,0x08,0x61,0x08,0x41,0x08,0x61,0x08,0xA3,0x10,0x25,0x21,0x45,0x21,0x45,0x21,
    0x45,0x21,0x04,0x21,0xA3,0x10,0x61,0x08,0x41,0x08,0x61,0x08,0x61,0x08,0x61,0x08,0x61,0x08,0x61,0x08,0x61,0x08,0x61,0x08,
    0x61,0x08,0x41,0x08,0x61,0x08,0xA3,0x10,0x25,0x21,0x45,0x21,0x45,0x21,0x45,0x21,0x25,0x21,0xA3,0x10,0x61,0x08,0x41,0x08,
    0x61,0x08,0x61,0x08,0x61,0x08,0x61,0x08,0x61,0x08,0x61,0x08,0x61,0x08,0x61,0x08,0x41,0x08,0x61,0x08,0xA3,0x10,0x04,0x21,
    0x45,0x21,0x45,0x21,0x45,0x21,0x25,0x21,0xA3,0x10,0x61,0x08,0x41,0x08,0x61,0x08,0x61,0x08,0x61,0x08,0x61,0x08,0x61,0x08,
    0x61,0x08,0x61,0x08,0x61,0x08,0x41,0x08,0x61,0x08,0xA3,0x10,0x04,0x21,0x45,0x21,0x45,0x21,0x45,0x21,0x25,0x21,0xA3,0x10,
    0x61,0x08,0x41,0x08,0x61,0x08,0x61,0x08,0x61,0x08,0x61,0x08,0x61,0x08,0x61,0x08,0x61,0x08,0x61,0x08,0x61,0x08,0x61,0x08,
    0xA2,0x10,0x04,0x19,0x45,0x21,0x45,0x21,0x45,0x21,0x25,0x21,0xE4,0x18,0x62,0x08,0x41,0x08,0x61,0x08,0x61,0x08,0x61,0x08,
    0x61,0x08,0x61,0x08,0x61,0x08,0x61,0x08,0x61,0x08,0x41,0x08,0x41,0x08,0x82,0x10,0xE4,0x18,0x04,0x21,0x04,0x21,0x04,0x21,
    0x04,0x19,0xC3,0x10,0x61,0x08,0x41,0x08,0x41,0x08,0x41,0x08,0x41,0x08,0x41,0x08,0x41,0x08,0x41,0x08,0x41,0x08,0x41,0x08,
    0x41,0x08,0x41,0x08,0x62,0x08,0xA3,0x10,0xE3,0x18,0xC3,0x18,0xC3,0x18,0xC3,0x10,0x82,0x10,0x41,0x08,0x21,0x00,0x41,0x08,
    0x41,0x08,0x41,0x00,0x41,0x00,0x41,0x00,0x41,0x00,0x21,0x00,0x21,0x00,0x21,0x00,0x21,0x00,0x41,0x08,0x82,0x10,0xA2,0x10,
    0xA2,0x10,0xA2,0x10,0x82,0x10,0x61,0x08,0x21,0x00,0x20,0x00,0x20,0x00,0x20,0x00,0x20,0x00,0x20,0x00,0x20,0x00,0x20,0x00,
    0x20,0x00,0x20,0x00,0x20,0x00,0x20,0x00,0x41,0x08,0x62,0x08,0x82,0x08,0x82,0x08,0x41,0x08,0x21,0x00,0x20,0x00,0x20,0x00,
    0x20,0x00,0x20,0x00,0x20,0x00,0x20,0x00,0x20,0x00,0x21,0x00,0x61,0x08,0x82,0x10,0xA2,0x10,0xA3,0x10,0x82,0x10,0x62,0x08,
    0xA3,0x10,0xC3,0x10,0xA3,0x10,0x82,0x08,0x41,0x08,0x21,0x00,0x41,0x00,0x41,0x08,0x41,0x08,0x41,0x08,0x41,0x08,0x21,0x00,
    0x41,0x08,0x82,0x10,0xC3,0x18,0xE3,0x18,0xE4,0x18,0xA3,0x10,0xA2,0x10,0xE4,0x18,0xE4,0x18,0xE4,0x18,0xA2,0x10,0x61,0x08,
    0x41,0x08,0x41,0x08,0x41,0x08,0x41,0x08,0x41,0x08,0x41,0x08,0x41,0x08,0x61,0x08,0xC3,0x10,0x04,0x19,0x04,0x21,0x25,0x21,
    0xE3,0x18,0xC3,0x10,0x24,0x21,0x25,0x21,0x25,0x21,0xE4,0x18,0x82,0x08,0x41,0x08,0x61,0x08,0x61,0x08,0x61,0x08,0x61,0x08,
    0x61,0x08,0x41,0x08,0x61,0x08,0xA3,0x10,0x24,0x21,0x45,0x21,0x45,0x21,0xE4,0x18,0xE3,0x18,0x25,0x21,0x45,0x21,0x25,0x21,
    0xE4,0x18,0x82,0x10,0x41,0x08,0x61,0x08,0x61,0x08,0x61,0x08,0x61,0x08,0x61,0x08,0x41,0x08,0x61,0x08,0xA3,0x10,0x24,0x21,
    0x45,0x21,0x45,0x21,0xE4,0x18,0xE3,0x18,0x25,0x21,0x45,0x21,0x25,0x21,0xE4,0x18,0x82,0x10,0x41,0x08,0x61,0x08,0x61,0x08,
    0x61,0x08,0x61,0x08,0x61,0x08,0x41,0x08,0x61,0x08,0xA3,0x10,0x24,0x21,0x45,0x21,0x45,0x21,0xE4,0x18,0xE3,0x18,0x25,0x21,
    0x45,0x21,0x25,0x21,0xE4,0x18,0x82,0x10,0x41,0x08,0x61,0x08,0x61,0x08,0x61,0x08,0x61,0x08,0x61,0x08,0x41,0x08,0x41,0x08,
    0xA3,0x10,0x24,0x21,0x45,0x21,0x45,0x21,0x24,0x21,0xC3,0x18,0x24,0x21,0x45,0x21,0x45,0x21,0x04,0x19,0x82,0x10,0x61,0x08,
    0x61,0x08,0x61,0x08,0x61,0x08,0x61,0x08,0x61,0x08,0x41,0x08,0x41,0x08,0xA3,0x10,0x24,0x21,0x45,0x21,0x45,0x21,0x24,0x21,
    0xC3,0x18,0x24,0x21,0x45,0x21,0x45,0x21,0x04,0x19,0x82,0x10,0x61,0x08,0x61,0x08,0x61,0x08,0x61,0x08,0x61,0x08,0x61,0x08,
    0x41,0x08,0x41,0x08,0xA3,0x10,0x24,0x21,0x45,0x21,0x45,0x21,0x24,0x21,0xC3,0x18,0x24,0x21,0x45,0x21,0x45,0x21,0x04,0x19,
    0x82,0x10,0x61,0x08,0x61,0x08,0x61,0x08,0x61,0x08,0x61,0x08,0x61,0x08,0x41,0x08,0x41,0x08,0xA3,0x10,0x24,0x21,0x45,0x21,
    0x45,0x21,0x24,0x21,0xC3,0x18,0x24,0x21,0x45,0x21,0x45,0x21,0x24,0x21,0xA3,0x10,0x41,0x08,0x41,0x08,0x61,0x08,0x61,0x08,
    0x61,0x08,0x61,0x08,0x61,0x08,0x61,0x08,0x82,0x10,0x04,0x19,0x45,0x21,0x45,0x21,0x24,0x21,0xC3,0x18,0x24,0x21,0x45,0x21,
    0x45,0x21,0x24,0x21,0xA3,0x10,0x41,0x08,0x41,0x08,0x61,0x08,0x61,0x08,0x61,0x08,0x61,0x08,0x61,0x08,0x61,0x08,0x82,0x10,
    0x04,0x19,0x45,0x21,0x45,0x21,0x24,0x21,0xC3,0x18,0x24,0x21,0x45,0x21,0x45,0x21,0x24,0x21,0xA3,0x10,0x41,0x08,0x41,0x08,
    0x61,0x08,0x61,0x08,0x61,0x08,0x61,0x08,0x61,0x08,0x41,0x08,0x82,0x10,0xE4,0x18,0x25,0x21,0x45,0x21,0x25,0x21,0xE3,0x18,
    0xE4,0x18,0x45,0x21,0x45,0x21,0x24,0x21,0xA3,0x10,0x61,0x08,0x41,0x08,0x61,0x08,0x61,0x08,0x61,0x08,0x61,0x08,0x41,0x08,
    0x41,0x08,0x62,0x08,0xE3,0x18,0x04,0x21,0x25,0x21,0x04,0x19,0xC3,0x10,0xC3,0x18,0x04,0x21,0x04,0x21,0xE4,0x18,0x82,0x10,
    0x41,0x08,0x41,0x08,0x41,0x08,0x41,0x08,0x41,0x08,0x41,0x08,0x41,0x08,0x41,0x08,0x61,0x08,0xA3,0x10,0xE3,0x18,0xE4,0x18,
    0xE3,0x18,0x82,0x10,0xA2,0x10,0xE3,0x18,0xC3,0x18,0xA3,0x10,0x62,0x08,0x41,0x08,0x21,0x00,0x41,0x00,0x41,0x00,0x41,0x00,
    0x41,0x00,0x21,0x00,0x20,0x00,0x41,0x08,0x82,0x10,0xA3,0x10,0xA3,0x10,0xA2,0x10,0x62,0x08,0x82,0x08,0xA2,0x10,0xA2,0x10,
    0x82,0x10,0x61,0x08,0x20,0x00,0x20,0x00,0x20,0x00,0x20,0x00,0x20,0x00,0x20,0x00,0x20,0x00,0x20,0x00,0x20,0x00,0x41,0x08,
    0x20,0x00,0x21,0x00,0x61,0x08,0x82,0x08,0x82,0x10,0x82,0x08,0x41,0x08,0x20,0x00,0x20,0x00,0x20,0x00,0x20,0x00,0x20,0x00,
    0x41,0x08,0x82,0x10,0xA2,0x10,0xA2,0x10,0x82,0x10,0x61,0x08,0x21,0x00,0x20,0x00,0x41,0x08,0x82,0x10,0xA3,0x10,0xC3,0x10,
    0xA3,0x10,0x62,0x08,0x41,0x00,0x21,0x00,0x41,0x08,0x21,0x00,0x41,0x08,0x62,0x08,0xA3,0x10,0xC3,0x18,0xE3,0x18,0xC3,0x10,
    0x82,0x10,0x41,0x08,0x41,0x00,0x62,0x08,0xA3,0x10,0xE4,0x18,0xE4,0x18,0xE4,0x18,0x82,0x10,0x41,0x08,0x41,0x08,0x41,0x08,
    0x41,0x08,0x41,0x08,0x82,0x10,0xE4,0x18,0x04,0x21,0x04,0x21,0xE4,0x18,0xA2,0x10,0x41,0x08,0x41,0x08,0x82,0x10,0xE4,0x18,
    0x25,0x21,0x25,0x21,0x24,0x21,0xC3,0x18,0x62,0x08,0x41,0x08,0x61,0x08,0x61,0x08,0x61,0x08,0x82,0x10,0x04,0x21,0x45,0x21,
    0x45,0x21,0x04,0x21,0xA3,0x10,0x61,0x08,0x41,0x08,0x82,0x10,0xE4,0x18,0x25,0x21,0x45,0x21,0x25,0x21,0xC3,0x18,0x82,0x08,
    0x41,0x08,0x61,0x08,0x61,0x08,0x61,0x08,0x82,0x10,0x04,0x21,0x45,0x21,0x45,0x21,0x04,0x21,0xA3,0x10,0x61,0x08,0x41,0x08,
    0x82,0x10,0xE4,0x18,0x25,0x21,0x45,0x21,0x25,0x21,0xC3,0x18,0x82,0x08,0x41,0x08,0x61,0x08,0x61,0x08,0x61,0x08,0x82,0x10,
    0x04,0x21,0x45,0x21,0x45,0x21,0x04,0x21,0xA3,0x10,0x61,0x08,0x41,0x08,0x82,0x10,0xE4,0x18,0x25,0x21,0x45,0x21,0x25,0x21,
    0xC3,0x18,0x82,0x08,0x41,0x08,0x61,0x08,0x61,0x08,0x61,0x08,0x82,0x10,0xE4,0x18,0x25,0x21,0x45,0x21,0x25,0x21,0xE3,0x18,
    0x82,0x08,0x41,0x08,0x82,0x08,0xE3,0x18,0x25,0x21,0x45,0x21,0x25,0x21,0xE4,0x18,0x82,0x08,0x41,0x08,0x61,0x08,0x61,0x08,
    0x61,0x08,0x82,0x10,0xE4,0x18,0x25,0x21,0x45,0x21,0x25,0x21,0xE3,0x18,0x82,0x08,0x41,0x08,0x82,0x08,0xE3,0x18,0x25,0x21,
    0x45,0x21,0x25,0x21,0xE4,0x18,0x82,0x08,0x41,0x08,0x61,0x08,0x61,0x08,0x61,0x08,0x82,0x10,0xE4,0x18,0x25,0x21,0x45,0x21,
    0x25,0x21,0xE3,0x18,0x82,0x08,0x41,0x08,0x82,0x08,0xE3,0x18,0x25,0x21,0x45,0x21,0x25,0x21,0xE4,0x18,0x82,0x08,0x41,0x08,
    0x61,0x08,0x61,0x08,0x61,0x08,0x82,0x10,0xE4,0x18,0x25,0x21,0x45,0x21,0x25,0x21,0xE3,0x18,0x82,0x08,0x41,0x08,0x82,0x08,
    0xE3,0x18,0x25,0x21,0x45,0x21,0x25,0x21,0xE4,0x18,0x82,0x10,0x61,0x08,0x61,0x08,0x61,0x08,0x41,0x08,0x82,0x08,0xE4,0x18,
    0x25,0x21,0x45,0x21,0x25,0x21,0xE3,0x18,0x82,0x08,0x41,0x08,0x82,0x08,0xE3,0x18,0x25,0x21,0x45,0x21,0x25,0x21,0xE4,0x18,
    0x82,0x10,0x61,0x08,0x61,0x08,0x61,0x08,0x41,0x08,0x82,0x08,0xE4,0x18,0x25,0x21,0x45,0x21,0x25,0x21,0xE3,0x18,0x82,0x08,
    0x41,0x08,0x82,0x08,0xE3,0x18,0x25,0x21,0x45,0x21,0x25,0x21,0xE4,0x18,0x82,0x10,0x61,0x08,0x61,0x08,0x61,0x08,0x41,0x08,
    0x82,0x08,0xC3,0x18,0x25,0x21,0x45,0x21,0x25,0x21,0xE4,0x18,0x82,0x10,0x41,0x08,0x61,0x08,0xA3,0x10,0x04,0x21,0x45,0x21,
    0x45,0x21,0x04,0x21,0x82,0x10,0x61,0x08,0x61,0x08,0x61,0x08,0x41,0x08,0x62,0x08,0xC3,0x18,0x04,0x21,0x25,0x21,0x04,0x21,
    0xE3,0x18,0x82,0x08,0x41,0x08,0x41,0x08,0x82,0x10,0xE4,0x18,0x04,0x21,0x04,0x19,0xC3,0x18,0x82,0x08,0x41,0x08,0x41,0x08,
    0x41,0x08,0x41,0x08,0x61,0x08,0xA2,0x10,0xE3,0x18,0xE4,0x18,0xE3,0x18,0xA3,0x10,0x61,0x08,0x41,0x00,0x41,0x08,0x62,0x08,
    0xA3,0x10,0xC3,0x18,0xC3,0x18,0xA3,0x10,0x61,0x08,0x21,0x00,0x21,0x00,0x41,0x00,0x21,0x00,0x41,0x08,0x82,0x08,0xA2,0x10,
    0xA3,0x10,0xA3,0x10,0x82,0x10,0x41,0x08,0x20,0x00,0x20,0x00,0x41,0x08,0x82,0x10,0x82,0x10,0x82,0x10,0x82,0x08,0x41,0x08,
    0x20,0x00,0x20,0x00,0x20,0x00,0x20,0x00,0x20,0x00,0x41,0x08,0x62,0x08,0x82,0x08,0x20,0x00,0x20,0x00,0x20,0x00,0x41,0x08,
    0x62,0x08,0x82,0x10,0x82,0x10,0x82,0x08,0x41,0x08,0x20,0x00,0x41,0x08,0x82,0x10,0xA2,0x10,0xA2,0x10,0x82,0x10,0x61,0x08,
    0x21,0x00,0x20,0x00,0x21,0x00,0x41,0x00,0x20,0x00,0x20,0x00,0x61,0x08,0xA2,0x10,0xC3,0x10,0xC3,0x10,0xA3,0x10,0x61,0x08,
    0x21,0x00,0x61,0x08,0xA3,0x10,0xC3,0x18,0xE3,0x18,0xC3,0x10,0x82,0x08,0x41,0x08,0x41,0x00,0x41,0x08,0x41,0x08,0x41,0x08,
    0x41,0x08,0x82,0x08,0xC3,0x18,0xE4,0x18,0x04,0x19,0xE3,0x18,0x82,0x10,0x41,0x08,0x82,0x10,0xE4,0x18,0x04,0x19,0x04,0x21,
    0xE4,0x18,0xA2,0x10,0x61,0x08,0x41,0x08,0x61,0x08,0x61,0x08,0x41,0x08,0x41,0x08,0x82,0x10,0xE4,0x18,0x25,0x21,0x25,0x21,
    0x25,0x21,0xC3,0x18,0x61,0x08,0x82,0x08,0xE4,0x18,0x25,0x21,0x25,0x21,0x25,0x21,0xC3,0x18,0x61,0x08,0x41,0x08,0x61,0x08,
    0x61,0x08,0x41,0x08,0x61,0x08,0x82,0x10,0xE4,0x18,0x25,0x21,0x25,0x21,0x25,0x21,0xC3,0x18,0x61,0x08,0x82,0x08,0xE4,0x18,
    0x25,0x21,0x25,0x21,0x25,0x21,0xC3,0x18,0x61,0x08,0x41,0x08,0x61,0x08,0x61,0x08,0x41,0x08,0x61,0x08,0x82,0x10,0xE4,0x18,
    0x25,0x21,0x25,0x21,0x25,0x21,0xC3,0x18,0x61,0x08,0x82,0x08,0xE4,0x18,0x25,0x21,0x25,0x21,0x25,0x21,0xC3,0x18,0x61,0x08,
    0x41,0x08,0x61,0x08,0x61,0x08,0x41,0x08,0x61,0x08,0x82,0x10,0xE4,0x18,0x25,0x21,0x25,0x21,0x25,0x21,0xC3,0x18,0x61,0x08,
    0x82,0x08,0xE4,0x18,0x25,0x21,0x45,0x21,0x25,0x21,0xC3,0x18,0x62,0x08,0x41,0x08,0x61,0x08,0x61,0x08,0x61,0x08,0x41,0x08,
    0x82,0x08,0xE4,0x18,0x25,0x21,0x25,0x21,0x25,0x21,0xC3,0x18,0x61,0x08,0x82,0x08,0xE4,0x18,0x25,0x21,0x45,0x21,0x25,0x21,
    0xC3,0x18,0x62,0x08,0x41,0x08,0x61,0x08,0x61,0x08,0x61,0x08,0x41,0x08,0x82,0x08,0xE4,0x18,0x25,0x21,0x25,0x21,0x25,0x21,
    0xC3,0x18,0x61,0x08,0x82,0x08,0xE4,0x18,0x25,0x21,0x45,0x21,0x25,0x21,0xC3,0x18,0x62,0x08,0x41,0x08,0x61,0x08,0x61,0x08,
    0x61,0x08,0x41,0x08,0x82,0x08,0xE4,0x18,0x25,0x21,0x25,0x21,0x25,0x21,0xC3,0x18,0x61,0x08,0x82,0x08,0xE4,0x18,0x25,0x21,
    0x45,0x21,0x25,0x21,0xC3,0x18,0x62,0x08,0x41,0x08,0x61,0x08,0x61,0x08,0x61,0x08,0x41,0x08,0x62,0x08,0xC3,0x18,0x25,0x21,
    0x45,0x21,0x25,0x21,0xE4,0x18,0x82,0x08,0x61,0x08,0xC3,0x18,0x25,0x21,0x25,0x21,0x25,0x21,0xE4,0x18,0x82,0x08,0x41,0x08,
    0x61,0x08,0x61,0x08,0x61,0x08,0x41,0x08,0x62,0x08,0xC3,0x18,0x25,0x21,0x45,0x21,0x25,0x21,0xE4,0x18,0x82,0x08,0x61,0x08,
    0xC3,0x18,0x25,0x21,0x25,0x21,0x25,0x21,0xE4,0x18,0x82,0x08,0x41,0x08,0x61,0x08,0x61,0x08,0x61,0x08,0x41,0x08,0x62,0x08,
    0xC3,0x18,0x25,0x21,0x45,0x21,0x25,0x21,0xE4,0x18,0x82,0x08,0x61,0x08,0xC3,0x18,0x25,0x21,0x25,0x21,0x25,0x21,0xE4,0x18,
    0x82,0x10,0x61,0x08,0x41,0x08,0x61,0x08,0x61,0x08,0x41,0x08,0x61,0x08,0xC3,0x18,0x25,0x21,0x25,0x21,0x25,0x21,0xE4,0x18,
    0x82,0x08,0x61,0x08,0xC3,0x10,0x04,0x21,0x25,0x21,0x25,0x21,0xE3,0x18,0x82,0x10,0x41,0x08,0x41,0x08,0x61,0x08,0x41,0x08,
    0x41,0x08,0x61,0x08,0xA3,0x10,0xE4,0x18,0x04,0x19,0x04,0x19,0xC3,0x10,0x61,0x08,0x41,0x08,0xA2,0x10,0xE3,0x18,0xE4,0x18,
    0xE4,0x18,0xA3,0x10,0x62,0x08,0x41,0x08,0x41,0x08,0x41,0x08,0x41,0x08,0x21,0x00,0x41,0x08,0x82,0x10,0xC3,0x10,0xC3,0x18,
    0xC3,0x10,0x82,0x10,0x41,0x08,0x41,0x00,0x82,0x08,0xA3,0x10,0xA3,0x10,0xA3,0x10,0x82,0x10,0x41,0x08,0x20,0x00,0x20,0x00,
    0x21,0x00,0x20,0x00,0x20,0x00,0x20,0x00,0x41,0x08,0x82,0x10,0x82,0x10,0x82,0x10,0x82,0x08,0x41,0x08,0x20,0x00,0x41,0x08,
    0x62,0x08,0x82,0x08,0x82,0x08,0x61,0x08,0x20,0x00,0x20,0x00,0x20,0x00,0x20,0x00,0x20,0x00,0x41,0x08,0x82,0x08,0x82,0x10,
    0x82,0x10,0x82,0x08,0x82,0x10,0xA2,0x10,0x82,0x10,0x62,0x08,0x21,0x00,0x20,0x00,0x21,0x00,0x21,0x00,0x21,0x00,0x21,0x00,
    0x21,0x00,0x21,0x00,0x20,0x00,0x41,0x00,0x62,0x08,0xA3,0x10,0xC3,0x18,0xC3,0x10,0xA3,0x10,0xC3,0x18,0xC3,0x18,0xC3,0x10,
    0x82,0x10,0x41,0x08,0x21,0x00,0x41,0x08,0x41,0x08,0x41,0x08,0x41,0x08,0x41,0x08,0x41,0x08,0x41,0x08,0x41,0x08,0x82,0x10,
    0xE4,0x18,0x04,0x19,0x04,0x19,0xC3,0x18,0x04,0x19,0x04,0x21,0xE4,0x18,0xC3,0x10,0x61,0x08,0x41,0x08,0x41,0x08,0x61,0x08,
    0x61,0x08,0x61,0x08,0x61,0x08,0x61,0x08,0x41,0x08,0x41,0x08,0xA3,0x10,0x04,0x19,0x25,0x21,0x25,0x21,0x04,0x19,0x04,0x21,
    0x45,0x21,0x25,0x21,0xE3,0x18,0x62,0x08,0x41,0x08,0x61,0x08,0x61,0x08,0x61,0x08,0x61,0x08,0x61,0x08,0x61,0x08,0x41,0x08,
    0x61,0x08,0xA3,0x10,0x04,0x19,0x25,0x21,0x25,0x21,0x04,0x19,0x04,0x21,0x45,0x21,0x25,0x21,0xE3,0x18,0x62,0x08,0x41,0x08,
    0x61,0x08,0x61,0x08,0x61,0x08,0x61,0x08,0x61,0x08,0x61,0x08,0x41,0x08,0x61,0x08,0xA3,0x10,0x04,0x19,0x25,0x21,0x25,0x21,
    0x04,0x19,0x04,0x21,0x45,0x21,0x25,0x21,0xE3,0x18,0x62,0x08,0x41,0x08,0x61,0x08,0x61,0x08,0x61,0x08,0x61,0x08,0x61,0x08,
    0x61,0x08,0x41,0x08,0x61,0x08,0xA3,0x10,0x04,0x19,0x25,0x21,0x25,0x21,0x04,0x19,0x04,0x21,0x45,0x21,0x25,0x21,0xE4,0x18,
    0x82,0x10,0x41,0x08,0x61,0x08,0x61,0x08,0x61,0x08,0x61,0x08,0x61,0x08,0x61,0x08,0x61,0x08,0x61,0x08,0x82,0x10,0x04,0x19,
    0x25,0x21,0x45,0x21,0x04,0x19,0x04,0x21,0x45,0x21,0x25,0x21,0xE4,0x18,0x82,0x10,0x41,0x08,0x61,0x08,0x61,0x08,0x61,0x08,
    0x61,0x08,0x61,0x08,0x61,0x08,0x61,0x08,0x61,0x08,0x82,0x10,0x04,0x19,0x25,0x21,0x45,0x21,0x04,0x19,0x04,0x21,0x45,0x21,
    0x25,0x21,0xE4,0x18,0x82,0x10,0x41,0x08,0x61,0x08,0x61,0x08,0x61,0x08,0x61,0x08,0x61,0x08,0x61,0x08,0x61,0x08,0x61,0x08,
    0x82,0x10,0x04,0x19,0x25,0x21,0x45,0x21,0x04,0x19,0x04,0x21,0x45,0x21,0x25,0x21,0xE4,0x18,0x82,0x10,0x41,0x08,0x61,0x08,
    0x61,0x08,0x61,0x08,0x61,0x08,0x61,0x08,0x61,0x08,0x61,0x08,0x41,0x08,0x82,0x10,0xE4,0x18,0x25,0x21,0x45,0x21,0x04,0x21,
    0x04,0x19,0x45,0x21,0x25,0x21,0x04,0x19,0x82,0x10,0x61,0x08,0x61,0x08,0x61,0x08,0x61,0x08,0x61,0x08,0x61,0x08,0x61,0x08,
    0x61,0x08,0x41,0x08,0x82,0x10,0xE4,0x18,0x25,0x21,0x45,0x21,0x04,0x21,0x04,0x19,0x45,0x21,0x25,0x21,0x04,0x19,0x82,0x10,
    0x61,0x08,0x61,0x08,0x61,0x08,0x61,0x08,0x61,0x08,0x61,0x08,0x61,0x08,0x61,0x08,0x41,0x08,0x82,0x10,0xE4,0x18,0x25,0x21,
    0x45,0x21,0x04,0x21,0x04,0x19,0x25,0x21,0x25,0x21,0x04,0x19,0xA3,0x10,0x61,0x08,0x41,0x08,0x61,0x08,0x61,0x08,0x61,0x08,
    0x61,0x08,0x61,0x08,0x61,0x08,0x41,0x08,0x62,0x08,0xE3,0x18,0x25,0x21,0x45,0x21,0x04,0x21,0x04,0x19,0x25,0x21,0x25,0x21,
    0x04,0x19,0xA2,0x10,0x41,0x08,0x41,0x08,0x61,0x08,0x41,0x08,0x41,0x08,0x41,0x08,0x41,0x08,0x41,0x08,0x41,0x08,0x61,0x08,
    0xC3,0x10,0x04,0x19,0x04,0x19,0xE4,0x18,0xC3,0x18,0xE4,0x18,0xE4,0x18,0xC3,0x18,0x82,0x10,0x41,0x08,0x41,0x00,0x41,0x08,
    0x41,0x08,0x41,0x08,0x41,0x08,0x41,0x08,0x41,0x08,0x21,0x00,0x41,0x08,0x82,0x10,0xC3,0x18,0xC3,0x18,0xA3,0x10,0xA2,0x10,
    0xC3,0x10,0xA3,0x10,0xA2,0x10,0x61,0x08,0x21,0x00,0x20,0x00,0x21,0x00,0x21,0x00,0x21,0x00,0x20,0x00,0x20,0x00,0x20,0x00,
    0x20,0x00,0x21,0x00,0x61,0x08,0x82,0x10,0x82,0x10,0x82,0x10,0x62,0x08,0x82,0x08,0x82,0x10,0x62,0x08,0x41,0x08,0x20,0x00,
    0x20,0x00,0x20,0x00,0x20,0x00,0x20,0x00,0x20,0x00,0x20,0x00,0x21,0x00,0x61,0x08,0x82,0x10,0x82,0x10,0x82,0x10,0x62,0x08,
    0x41,0x00,0x20,0x00,0x20,0x00,0x21,0x00,0x21,0x00,0x21,0x00,0x21,0x00,0x21,0x00,0x21,0x00,0x21,0x00,0x21,0x00,0x41,0x00,
    0x21,0x00,0x41,0x08,0x82,0x10,0xC3,0x10,0xC3,0x10,0xC3,0x18,0x82,0x10,0x41,0x08,0x21,0x00,0x41,0x08,0x41,0x08,0x41,0x08,
    0x41,0x08,0x41,0x08,0x41,0x08,0x41,0x08,0x41,0x08,0x41,0x08,0x41,0x08,0x41,0x08,0x61,0x08,0xA3,0x10,0xE4,0x18,0x04,0x19,
    0xE4,0x18,0xC3,0x10,0x61,0x08,0x41,0x08,0x41,0x08,0x61,0x08,0x41,0x08,0x61,0x08,0x61,0x08,0x61,0x08,0x61,0x08,0x61,0x08,
    0x61,0x08,0x61,0x08,0x41,0x08,0x61,0x08,0xA3,0x10,0x24,0x21,0x25,0x21,0x25,0x21,0xE4,0x18,0x82,0x10,0x61,0x08,0x61,0x08,
    0x61,0x08,0x61,0x08,0x61,0x08,0x61,0x08,0x61,0x08,0x61,0x08,0x61,0x08,0x61,0x08,0x61,0x08,0x41,0x08,0x61,0x08,0xA3,0x10,
    0x24,0x21,0x25,0x21,0x25,0x21,0xE4,0x18,0x82,0x10,0x61,0x08,0x61,0x08,0x61,0x08,0x61,0x08,0x61,0x08,0x61,0x08,0x61,0x08,
    0x61,0x08,0x61,0x08,0x61,0x08,0x61,0x08,0x41,0x08,0x61,0x08,0xA3,0x10,0x24,0x21,0x25,0x21,0x25,0x21,0xE4,0x18,0x82,0x10,
    0x61,0x08,0x61,0x08,0x61,0x08,0x61,0x08,0x61,0x08,0x61,0x08,0x61,0x08,0x61,0x08,0x61,0x08,0x61,0x08,0x61,0x08,0x41,0x08,
    0x61,0x08,0xA3,0x10,0x24,0x21,0x25,0x21,0x25,0x21,0x04,0x19,0x82,0x10,0x61,0x08,0x41,0x08,0x61,0x08,0x61,0x08,0x61,0x08,
    0x61,0x08,0x61,0x08,0x61,0x08,0x61,0x08,0x61,0x08,0x61,0x08,0x41,0x08,0x61,0x08,0xA3,0x10,0x04,0x19,0x25,0x21,0x25,0x21,
    0x04,0x19,0x82,0x10,0x61,0x08,0x41,0x08,0x61,0x08,0x61,0x08,0x61,0x08,0x61,0x08,0x61,0x08,0x61,0x08,0x61,0x08,0x61,0x08,
    0x61,0x08,0x41,0x08,0x61,0x08,0xA3,0x10,0x04,0x19,0x25,0x21,0x25,0x21,0x04,0x19,0x82,0x10,0x61,0x08,0x41,0x08,0x61,0x08,
    0x61,0x08,0x61,0x08,0x61,0x08,0x61,0x08,0x61,0x08,0x61,0x08,0x61,0x08,0x61,0x08,0x41,0x08,0x61,0x08,0xA3,0x10,0x04,0x19,
    0x25,0x21,0x25,0x21,0x04,0x19,0x82,0x10,0x61,0x08,0x41,0x08,0x61,0x08,0x61,0x08,0x61,0x08,0x61,0x08,0x61,0x08,0x61,0x08,
    0x61,0x08,0x61,0x08,0x61,0x08,0x41,0x08,0x61,0x08,0x82,0x10,0x04,0x19,0x25,0x21,0x25,0x21,0x04,0x19,0xA3,0x10,0x61,0x08,
    0x41,0x08,0x61,0x08,0x61,0x08,0x61,0x08,0x61,0x08,0x61,0x08,0x61,0x08,0x61,0x08,0x61,0x08,0x61,0x08,0x41,0x08,0x61,0x08,
    0x82,0x10,0x04,0x19,0x25,0x21,0x25,0x21,0x04,0x19,0xA3,0x10,0x61,0x08,0x41,0x08,0x61,0x08,0x61,0x08,0x61,0x08,0x61,0x08,
    0x61,0x08,0x61,0x08,0x61,0x08,0x61,0x08,0x61,0x08,0x41,0x08,0x61,0x08,0x82,0x10,0x04,0x19,0x25,0x21,0x25,0x21,0x24,0x21,
    0xA3,0x10,0x61,0x08,0x41,0x08,0x61,0x08,0x61,0x08,0x61,0x08,0x61,0x08,0x61,0x08,0x61,0x08,0x61,0x08,0x61,0x08,0x61,0x08,
    0x61,0x08,0x61,0x08,0x82,0x10,0xE4,0x18,0x25,0x21,0x25,0x21,0x04,0x21,0xA3,0x10,0x61,0x08,0x41,0x08,0x61,0x08,0x61,0x08,
    0x61,0x08,0x41,0x08,0x41,0x08,0x41,0x08,0x41,0x08,0x41,0x08,0x41,0x08,0x41,0x08,0x41,0x08,0x82,0x08,0xC3,0x10,0xE4,0x18,
    0xE4,0x18,0xE3,0x18,0x82,0x10,0x41,0x08,0x41,0x08,0x41,0x08,0x41,0x08,0x41,0x08,0x41,0x08,0x41,0x08,0x41,0x08,0x41,0x08,
    0x41,0x08,0x41,0x08,0x41,0x00,0x41,0x00,0x61,0x08,0xA2,0x10,0xC3,0x10,0xC3,0x10,0xA3,0x10,0x61,0x08,0x41,0x00,0x20,0x00,
    0x21,0x00,0x21,0x00,0x21,0x00,0x21,0x00,0x21,0x00,0x20,0x00,0x20,0x00,0x20,0x00,0x20,0x00,0x20,0x00,0x20,0x00,0x21,0x00,
    0x61,0x08,0x82,0x10,0x82,0x10,0x82,0x08,0x41,0x08,0x20,0x00,0x20,0x00,0x20,0x00,0x20,0x00,0x20,0x00,0x20,0x00,0x20,0x00,
    0x20,0x00,0x20,0x00,0x20,0x00,0x20,0x00,0x61,0x08,0xA2,0x10,0x62,0x08,0x20,0x00,0x20,0x00,0x21,0x00,0x20,0x00,0x21,0x00,
    0x21,0x00,0x21,0x00,0x21,0x00,0x21,0x00,0x21,0x00,0x21,0x00,0x21,0x00,0x41,0x00,0x41,0x00,0x21,0x00,0x20,0x00,0x82,0x10,
    0xC3,0x18,0xA2,0x10,0x21,0x00,0x41,0x00,0x41,0x08,0x41,0x08,0x41,0x08,0x41,0x08,0x41,0x08,0x41,0x08,0x41,0x08,0x41,0x08,
    0x41,0x08,0x41,0x08,0x41,0x08,0x41,0x08,0x41,0x08,0x21,0x00,0xC3,0x10,0x04,0x19,0xC3,0x10,0x41,0x08,0x41,0x08,0x41,0x08,
    0x41,0x08,0x41,0x08,0x41,0x08,0x61,0x08,0x61,0x08,0x61,0x08,0x61,0x08,0x61,0x08,0x61,0x08,0x61,0x08,0x61,0x08,0x61,0x08,
    0x41,0x08,0xA2,0x10,0x25,0x21,0x04,0x21,0x61,0x08,0x41,0x08,0x61,0x08,0x61,0x08,0x61,0x08,0x61,0x08,0x61,0x08,0x61,0x08,
    0x61,0x08,0x61,0x08,0x61,0x08,0x61,0x08,0x61,0x08,0x61,0x08,0x61,0x08,0x41,0x08,0xA2,0x10,0x25,0x21,0x04,0x21,0x61,0x08,
    0x41,0x08,0x61,0x08,0x61,0x08,0x61,0x08,0x61,0x08,0x61,0x08,0x61,0x08,0x61,0x08,0x61,0x08,0x61,0x08,0x61,0x08,0x61,0x08,
    0x61,0x08,0x61,0x08,0x41,0x08,0xA2,0x10,0x25,0x21,0x04,0x21,0x61,0x08,0x41,0x08,0x61,0x08,0x61,0x08,0x61,0x08,0x61,0x08,
    0x61,0x08,0x61,0x08,0x61,0x08,0x61,0x08,0x61,0x08,0x61,0x08,0x61,0x08,0x61,0x08,0x61,0x08,0x41,0x08,0xA2,0x10,0x25,0x21,
    0x04,0x21,0x62,0x08,0x41,0x08,0x61,0x08,0x61,0x08,0x61,0x08,0x61,0x08,0x61,0x08,0x61,0x08,0x61,0x08,0x61,0x08,0x61,0x08,
    0x61,0x08,0x61,0x08,0x61,0x08,0x61,0x08,0x41,0x08,0xA2,0x10,0x25,0x21,0x04,0x21,0x62,0x08,0x41,0x08,0x61,0x08,0x61,0x08,
    0x61,0x08,0x61,0x08,0x61,0x08,0x61,0x08,0x61,0x08,0x61,0x08,0x61,0x08,0x61,0x08,0x61,0x08,0x61,0x08,0x61,0x08,0x41,0x08,
    0xA2,0x10,0x25,0x21,0x04,0x21,0x62,0x08,0x41,0x08,0x61,0x08,0x61,0x08,0x61,0x08,0x61,0x08,0x61,0x08,0x61,0x08,0x61,0x08,
    0x61,0x08,0x61,0x08,0x61,0x08,0x61,0x08,0x61,0x08,0x61,0x08,0x41,0x08,0xA2,0x10,0x25,0x21,0x04,0x21,0x62,0x08,0x41,0x08,
    0x61,0x08,0x61,0x08,0x61,0x08,0x61,0x08,0x61,0x08,0x61,0x08,0x61,0x08,0x61,0x08,0x61,0x08,0x61,0x08,0x61,0x08,0x61,0x08,
    0x61,0x08,0x41,0x08,0x62,0x08,0x04,0x21,0x25,0x21,0xA2,0x10,0x41,0x08,0x61,0x08,0x61,0x08,0x61,0x08,0x61,0x08,0x61,0x08,
    0x61,0x08,0x61,0x08,0x61,0x08,0x61,0x08,0x61,0x08,0x61,0x08,0x61,0x08,0x61,0x08,0x41,0x08,0x62,0x08,0x04,0x21,0x25,0x21,
    0xA2,0x10,0x41,0x08,0x61,0x08,0x61,0x08,0x61,0x08,0x61,0x08,0x61,0x08,0x61,0x08,0x61,0x08,0x61,0x08,0x61,0x08,0x61,0x08,
    0x61,0x08,0x61,0x08,0x61,0x08,0x41,0x08,0x62,0x08,0x04,0x21,0x25,0x21,0xA2,0x10,0x41,0x08,0x61,0x08,0x61,0x08,0x61,0x08,
    0x61,0x08,0x61,0x08,0x61,0x08,0x61,0x08,0x61,0x08,0x61,0x08,0x61,0x08,0x61,0x08,0x61,0x08,0x61,0x08,0x41,0x08,0x61,0x08,
    0x04,0x21,0x25,0x21,0xA2,0x10,0x41,0x08,0x61,0x08,0x61,0x08,0x61,0x08,0x61,0x08,0x61,0x08,0x41,0x08,0x41,0x08,0x41,0x08,
    0x41,0x08,0x41,0x08,0x41,0x08,0x41,0x08,0x41,0x08,0x41,0x08,0x41,0x08,0xE4,0x18,0xE4,0x18,0x82,0x10,0x41,0x00,0x41,0x08,
    0x41,0x08,0x41,0x08,0x41,0x08,0x41,0x08,0x41,0x08,0x41,0x08,0x41,0x08,0x41,0x08,0x41,0x08,0x41,0x08,0x41,0x08,0x41,0x08,
    0x21,0x00,0x41,0x08,0xA3,0x10,0xC3,0x10,0x61,0x08,0x20,0x00,0x21,0x00,0x21,0x00,0x21,0x00,0x21,0x00,0x21,0x00,0x21,0x00,
    0x21,0x00,0x20,0x00,0x20,0x00,0x20,0x00,0x20,0x00,0x20,0x00,0x20,0x00,0x20,0x00,0x20,0x00,0x61,0x08,0x82,0x10,0x61,0x08,
    0x20,0x00,0x20,0x00,0x20,0x00,0x20,0x00,0x20,0x00,0x20,0x00,0x20,0x00,0x20,0x00,0x20,0x00,0x20,0x00,0x20,0x00,0x20,0x00,
    0x61,0x08,0xA2,0x10,0x62,0x08,0x20,0x00,0x20,0x00,0x20,0x00,0x20,0x00,0x21,0x00,0x21,0x00,0x21,0x00,0x21,0x00,0x21,0x00,
    0x21,0x00,0x21,0x00,0x21,0x00,0x41,0x00,0x41,0x00,0x41,0x00,0x21,0x00,0x82,0x10,0xC3,0x18,0x82,0x10,0x21,0x00,0x41,0x08,
    0x41,0x08,0x41,0x08,0x41,0x08,0x41,0x08,0x41,0x08,0x41,0x08,0x41,0x08,0x41,0x08,0x41,0x08,0x41,0x08,0x41,0x08,0x41,0x08,
    0x41,0x08,0x41,0x08,0xC3,0x10,0x04,0x19,0xC3,0x10,0x41,0x08,0x41,0x08,0x41,0x08,0x41,0x08,0x41,0x08,0x41,0x08,0x61,0x08,
    0x61,0x08,0x61,0x08,0x61,0x08,0x61,0x08,0x61,0x08,0x61,0x08,0x61,0x08,0x61,0x08,0x41,0x08,0xA2,0x10,0x25,0x21,0x04,0x21,
    0x62,0x08,0x61,0x08,0x61,0x08,0x61,0x08,0x61,0x08,0x61,0x08,0x61,0x08,0x61,0x08,0x61,0x08,0x61,0x08,0x61,0x08,0x61,0x08,
    0x61,0x08,0x61,0x08,0x61,0x08,0x41,0x08,0xA2,0x10,0x25,0x21,0x04,0x21,0x62,0x08,0x61,0x08,0x61,0x08,0x61,0x08,0x61,0x08,
    0x61,0x08,0x61,0x08,0x61,0x08,0x61,0x08,0x61,0x08,0x61,0x08,0x61,0x08,0x61,0x08,0x61,0x08,0x61,0x08,0x41,0x08,0xA2,0x10,
    0x25,0x21,0x04,0x21,0x62,0x08,0x61,0x08,0x61,0x08,0x61,0x08,0x61,0x08,0x61,0x08,0x61,0x08,0x61,0x08,0x61,0x08,0x61,0x08,
    0x61,0x08,0x61,0x08,0x61,0x08,0x61,0x08,0x61,0x08,0x41,0x08,0xA2,0x10,0x25,0x21,0x04,0x21,0x62,0x08,0x61,0x08,0x61,0x08,
    0x61,0x08,0x61,0x08,0x61,0x08,0x61,0x08,0x61,0x08,0x61,0x08,0x61,0x08,0x61,0x08,0x61,0x08,0x61,0x08,0x61,0x08,0x61,0x08,
    0x41,0x08,0xA2,0x10,0x25,0x21,0x04,0x21,0x62,0x08,0x61,0x08,0x61,0x08,0x61,0x08,0x61,0x08,0x61,0x08,0x61,0x08,0x61,0x08,
    0x61,0x08,0x61,0x08,0x61,0x08,0x61,0x08,0x61,0x08,0x61,0x08,0x61,0x08,0x41,0x08,0xA2,0x10,0x25,0x21,0x04,0x21,0x62,0x08,
    0x61,0x08,0x61,0x08,0x61,0x08,0x61,0x08,0x61,0x08,0x61,0x08,0x61,0x08,0x61,0x08,0x61,0x08,0x61,0x08,0x61,0x08,0x61,0x08,
    0x61,0x08,0x61,0x08,0x41,0x08,0xA2,0x10,0x25,0x21,0x04,0x21,0x62,0x08,0x61,0x08,0x61,0x08,0x61,0x08,0x61,0x08,0x61,0x08,
    0x61,0x08,0x61,0x08,0x61,0x08,0x61,0x08,0x61,0x08,0x61,0x08,0x61,0x08,0x61,0x08,0x61,0x08,0x61,0x08,0x62,0x08,0x04,0x21,
    0x25,0x21,0xA2,0x10,0x41,0x08,0x61,0x08,0x61,0x08,0x61,0x08,0x61,0x08,0x61,0x08,0x61,0x08,0x61,0x08,0x61,0x08,0x61,0x08,
    0x61,0x08,0x61,0x08,0x61,0x08,0x61,0x08,0x61,0x08,0x62,0x08,0x04,0x21,0x25,0x21,0xA2,0x10,0x41,0x08,0x61,0x08,0x61,0x08,
    0x61,0x08,0x61,0x08,0x61,0x08,0x61,0x08,0x61,0x08,0x61,0x08,0x61,0x08,0x61,0x08,0x61,0x08,0x61,0x08,0x61,0x08,0x61,0x08,
    0x62,0x08,0x04,0x21,0x25,0x21,0xA2,0x10,0x41,0x08,0x61,0x08,0x61,0x08,0x61,0x08,0x61,0x08,0x61,0x08,0x61,0x08,0x61,0x08,
    0x61,0x08,0x61,0x08,0x61,0x08,0x61,0x08,0x61,0x08,0x61,0x08,0x61,0x08,0x62,0x08,0x04,0x21,0x25,0x21,0xA2,0x10,0x41,0x08,
    0x61,0x08,0x61,0x08,0x61,0x08,0x61,0x08,0x61,0x08,0x41,0x08,0x41,0x08,0x41,0x08,0x41,0x08,0x41,0x08,0x41,0x08,0x41,0x08,
    0x41,0x08,0x41,0x08,0x61,0x08,0xE4,0x18,0xE4,0x18,0x82,0x08,0x41,0x08,0x41,0x08,0x41,0x08,0x41,0x08,0x41,0x08,0x41,0x08,
    0x41,0x08,0x41,0x08,0x41,0x08,0x41,0x08,0x41,0x08,0x41,0x08,0x41,0x08,0x41,0x08,0x41,0x08,0x41,0x08,0xA3,0x10,0xC3,0x10,
    0x61,0x08,0x20,0x00,0x21,0x00,0x21,0x00,0x21,0x00,0x21,0x00,0x21,0x00,0x21,0x00,0x21,0x00,0x20,0x00,0x20,0x00,0x20,0x00,
    0x20,0x00,0x20,0x00,0x20,0x00,0x20,0x00,0x20,0x00,0x61,0x08,0x82,0x10,0x61,0x08,0x20,0x00,0x20,0x00,0x20,0x00,0x20,0x00,
    0x20,0x00,0x20,0x00,0x20,0x00,0x20,0x00,0x20,0x00,0x20,0x00,0x20,0x00,0x20,0x00,0x61,0x08,0xA2,0x10,0x62,0x08,0x20,0x00,
    0x20,0x00,0x20,0x00,0x20,0x00,0x21,0x00,0x21,0x00,0x21,0x00,0x21,0x00,0x21,0x00,0x21,0x00,0x21,0x00,0x21,0x00,0x41,0x00,
    0x41,0x00,0x41,0x00,0x21,0x00,0x82,0x10,0xC3,0x18,0x82,0x10,0x21,0x00,0x41,0x08,0x41,0x08,0x41,0x08,0x41,0x08,0x41,0x08,
    0x41,0x08,0x41,0x08,0x41,0x08,0x41,0x08,0x41,0x08,0x41,0x08,0x41,0x08,0x41,0x08,0x41,0x08,0x41,0x08,0xC3,0x10,0x04,0x19,
    0xC3,0x10,0x41,0x08,0x41,0x08,0x41,0x08,0x41,0x08,0x41,0x08,0x41,0x08,0x61,0x08,0x61,0x08,0x61,0x08,0x61,0x08,0x61,0x08,
    0x61,0x08,0x61,0x08,0x61,0x08,0x61,0x08,0x41,0x08,0x82,0x10,0x25,0x21,0x04,0x19,0x61,0x08,0x61,0x08,0x61,0x08,0x61,0x08,
    0x61,0x08,0x61,0x08,0x61,0x08,0x61,0x08,0x61,0x08,0x61,0x08,0x61,0x08,0x61,0x08,0x61,0x08,0x61,0x08,0x61,0x08,0x41,0x08,
    0x82,0x10,0x25,0x21,0x04,0x19,0x61,0x08,0x61,0x08,0x61,0x08,0x61,0x08,0x61,0x08,0x61,0x08,0x61,0x08,0x61,0x08,0x61,0x08,
    0x61,0x08,0x61,0x08,0x61,0x08,0x61,0x08,0x61,0x08,0x61,0x08,0x41,0x08,0x82,0x10,0x25,0x21,0x04,0x19,0x61,0x08,0x61,0x08,
    0x61,0x08,0x61,0x08,0x61,0x08,0x61,0x08,0x61,0x08,0x61,0x08,0x61,0x08,0x61,0x08,0x61,0x08,0x61,0x08,0x61,0x08,0x61,0x08,
    0x61,0x08,0x41,0x08,0x82,0x10,0x25,0x21,0x04,0x19,0x61,0x08,0x61,0x08,0x61,0x08,0x61,0x08,0x61,0x08,0x61,0x08,0x61,0x08,
    0x61,0x08,0x61,0x08,0x61,0x08,0x61,0x08,0x61,0x08,0x61,0x08,0x61,0x08,0x61,0x08,0x41,0x08,0x82,0x10,0x25,0x21,0x04,0x19,
    0x61,0x08,0x61,0x08,0x61,0x08,0x61,0x08,0x61,0x08,0x61,0x08,0x61,0x08,0x61,0x08,0x61,0x08,0x61,0x08,0x61,0x08,0x61,0x08,
    0x61,0x08,0x61,0x08,0x61,0x08,0x41,0x08,0x82,0x10,0x25,0x21,0x04,0x19,0x61,0x08,0x61,0x08,0x61,0x08,0x61,0x08,0x61,0x08,
    0x61,0x08,0x61,0x08,0x61,0x08,0x61,0x08,0x61,0x08,0x61,0x08,0x61,0x08,0x61,0x08,0x61,0x08,0x61,0x08,0x41,0x08,0x82,0x10,
    0x25,0x21,0x04,0x19,0x61,0x08,0x61,0x08,0x61,0x08,0x61,0x08,0x61,0x08,0x61,0x08,0x61,0x08,0x61,0x08,0x61,0x08,0x61,0x08,
    0x61,0x08,0x61,0x08,0x61,0x08,0x61,0x08,0x61,0x08,0x61,0x08,0x61,0x08,0x04,0x19,0x25,0x21,0x82,0x10,0x41,0x08,0x61,0x08,
    0x61,0x08,0x61,0x08,0x61,0x08,0x61,0x08,0x61,0x08,0x61,0x08,0x61,0x08,0x61,0x08,0x61,0x08,0x61,0x08,0x61,0x08,0x61,0x08,
    0x61,0x08,0x61,0x08,0x04,0x19,0x25,0x21,0x82,0x10,0x41,0x08,0x61,0x08,0x61,0x08,0x61,0x08,0x61,0x08,0x61,0x08,0x61,0x08,
    0x61,0x08,0x61,0x08,0x61,0x08,0x61,0x08,0x61,0x08,0x61,0x08,0x61,0x08,0x61,0x08,0x61,0x08,0x04,0x19,0x25,0x21,0x82,0x10,
    0x41,0x08,0x61,0x08,0x61,0x08,0x61,0x08,0x61,0x08,0x61,0x08,0x61,0x08,0x61,0x08,0x61,0x08,0x61,0x08,0x61,0x08,0x61,0x08,
    0x61,0x08,0x61,0x08,0x61,0x08,0x61,0x08,0x04,0x19,0x25,0x21,0x82,0x10,0x41,0x08,0x61,0x08,0x61,0x08,0x61,0x08,0x61,0x08,
    0x61,0x08,0x41,0x08,0x41,0x08,0x41,0x08,0x41,0x08,0x41,0x08,0x41,0x08,0x41,0x08,0x41,0x08,0x41,0x08,0x61,0x08,0xE4,0x18,
    0xE4,0x18,0x82,0x08,0x41,0x08,0x41,0x08,0x41,0x08,0x41,0x08,0x41,0x08,0x41,0x08,0x41,0x08,0x41,0x08,0x41,0x08,0x41,0x08,
    0x41,0x08,0x41,0x08,0x41,0x08,0x41,0x08,0x41,0x08,0x41,0x08,0xA3,0x10,0xC3,0x10,0x61,0x08,0x20,0x00,0x21,0x00,0x21,0x00,
    0x21,0x00,0x21,0x00,0x21,0x00,0x21,0x00,0x21,0x00,0x20,0x00,0x20,0x00,0x20,0x00,0x20,0x00,0x20,0x00,0x20,0x00,0x20,0x00,
    0x20,0x00,0x61,0x08,0x82,0x10,0x61,0x08,0x20,0x00,0x20,0x00,0x20,0x00,0x20,0x00,0x20,0x00,0x20,0x00,0x20,0x00,0x20,0x00,
    0x20,0x00,0x20,0x00,0x20,0x00,0x20,0x00,0x61,0x08,0xA2,0x10,0x62,0x08,0x20,0x00,0x20,0x00,0x20,0x00,0x20,0x00,0x21,0x00,
    0x21,0x00,0x21,0x00,0x21,0x00,0x21,0x00,0x21,0x00,0x21,0x00,0x21,0x00,0x41,0x00,0x41,0x00,0x41,0x00,0x21,0x00,0x82,0x10,
    0xC3,0x18,0x82,0x10,0x21,0x00,0x41,0x08,0x41,0x08,0x41,0x08,0x41,0x08,0x41,0x08,0x41,0x08,0x41,0x08,0x41,0x08,0x41,0x08,
    0x41,0x08,0x41,0x08,0x41,0x08,0x41,0x08,0x41,0x08,0x41,0x08,0xC3,0x10,0x04,0x19,0xC3,0x10,0x41,0x08,0x41,0x08,0x41,0x08,
    0x41,0x08,0x41,0x08,0x41,0x08,0x61,0x08,0x61,0x08,0x61,0x08,0x61,0x08,0x61,0x08,0x61,0x08,0x61,0x08,0x61,0x08,0x61,0x08,
    0x41,0x08,0x82,0x10,0x25,0x21,0x04,0x19,0x61,0x08,0x61,0x08,0x61,0x08,0x61,0x08,0x61,0x08,0x61,0x08,0x61,0x08,0x61,0x08,
    0x61,0x08,0x61,0x08,0x61,0x08,0x61,0x08,0x61,0x08,0x61,0x08,0x61,0x08,0x41,0x08,0x82,0x10,0x25,0x21,0x04,0x19,0x61,0x08,
    0x61,0x08,0x61,0x08,0x61,0x08,0x61,0x08,0x61,0x08,0x61,0x08,0x61,0x08,0x61,0x08,0x61,0x08,0x61,0x08,0x61,0x08,0x61,0x08,
    0x61,0x08,0x61,0x08,0x41,0x08,0x82,0x10,0x25,0x21,0x04,0x19,0x61,0x08,0x61,0x08,0x61,0x08,0x61,0x08,0x61,0x08,0x61,0x08,
    0x61,0x08,0x61,0x08,0x61,0x08,0x61,0x08,0x61,0x08,0x61,0x08,0x61,0x08,0x61,0x08,0x61,0x08,0x41,0x08,0x82,0x10,0x25,0x21,
    0x04,0x19,0x61,0x08,0x61,0x08,0x61,0x08,0x61,0x08,0x61,0x08,0x61,0x08,0x61,0x08,0x61,0x08,0x61,0x08,0x61,0x08,0x61,0x08,
    0x61,0x08,0x61,0x08,0x61,0x08,0x61,0x08,0x41,0x08,0x82,0x10,0x25,0x21,0x04,0x19,0x61,0x08,0x61,0x08,0x61,0x08,0x61,0x08,
    0x61,0x08,0x61,0x08,0x61,0x08,0x61,0x08,0x61,0x08,0x61,0x08,0x61,0x08,0x61,0x08,0x61,0x08,0x61,0x08,0x61,0x08,0x41,0x08,
    0x82,0x10,0x25,0x21,0x04,0x19,0x61,0x08,0x61,0x08,0x61,0x08,0x61,0x08,0x61,0x08,0x61,0x08,0x61,0x08,0x61,0x08,0x61,0x08,
    0x61,0x08,0x61,0x08,0x61,0x08,0x61,0x08,0x61,0x08,0x61,0x08,0x41,0x08,0x82,0x10,0x25,0x21,0x04,0x19,0x61,0x08,0x61,0x08,
    0x61,0x08,0x61,0x08,0x61,0x08,0x61,0x08,0x61,0x08,0x61,0x08,0x61,0x08,0x61,0x08,0x61,0x08,0x61,0x08,0x61,0x08,0x61,0x08,
    0x61,0x08,0x61,0x08,0x61,0x08,0x04,0x19,0x25,0x21,0x82,0x10,0x41,0x08,0x61,0x08,0x61,0x08,0x61,0x08,0x61,0x08,0x61,0x08,
    0x61,0x08,0x61,0x08,0x61,0x08,0x61,0x08,0x61,0x08,0x61,0x08,0x61,0x08,0x61,0x08,0x61,0x08,0x61,0x08,0x04,0x19,0x25,0x21,
    0x82,0x10,0x41,0x08,0x61,0x08,0x61,0x08,0x61,0x08,0x61,0x08,0x61,0x08,0x61,0x08,0x61,0x08,0x61,0x08,0x61,0x08,0x61,0x08,
    0x61,0x08,0x61,0x08,0x61,0x08,0x61,0x08,0x61,0x08,0x04,0x19,0x25,0x21,0x82,0x10,0x41,0x08,0x61,0x08,0x61,0x08,0x61,0x08,
    0x61,0x08,0x61,0x08,0x61,0x08,0x61,0x08,0x61,0x08,0x61,0x08,0x61,0x08,0x61,0x08,0x61,0x08,0x61,0x08,0x61,0x08,0x61,0x08,
    0x04,0x19,0x25,0x21,0x82,0x10,0x41,0x08,0x61,0x08,0x61,0x08,0x61,0x08,0x61,0x08,0x61,0x08,0x41,0x08,0x41,0x08,0x41,0x08,
    0x41,0x08,0x41,0x08,0x41,0x08,0x41,0x08,0x41,0x08,0x41,0x08,0x61,0x08,0xE4,0x18,0xE4,0x18,0x82,0x08,0x41,0x08,0x41,0x08,
    0x41,0x08,0x41,0x08,0x41,0x08,0x41,0x08,0x41,0x08,0x41,0x08,0x41,0x08,0x41,0x08,0x41,0x08,0x41,0x08,0x41,0x08,0x41,0x08,
    0x41,0x08,0x41,0x08,0xA3,0x10,0xC3,0x10,0x61,0x08,0x20,0x00,0x21,0x00,0x21,0x00,0x21,0x00,0x21,0x00,0x21,0x00,0x21,0x00,
    0x21,0x00,0x20,0x00,0x20,0x00,0x20,0x00,0x20,0x00,0x20,0x00,0x20,0x00,0x20,0x00,0x20,0x00,0x61,0x08,0x82,0x10,0x61,0x08,
    0x20,0x00,0x20,0x00,0x20,0x00,0x20,0x00,0x20,0x00,0x20,0x00,0x20,0x00,0x20,0x00,0x20,0x00,0x20,0x00,0x20,0x00,0x20,0x00,
    0x61,0x08,0xA2,0x10,0x62,0x08,0x20,0x00,0x20,0x00,0x20,0x00,0x20,0x00,0x21,0x00,0x21,0x00,0x21,0x00,0x21,0x00,0x21,0x00,
    0x21,0x00,0x21,0x00,0x21,0x00,0x41,0x00,0x41,0x00,0x41,0x00,0x21,0x00,0x82,0x10,0xC3,0x18,0x82,0x10,0x21,0x00,0x41,0x08,
    0x41,0x08,0x41,0x08,0x41,0x08,0x41,0x08,0x41,0x08,0x41,0x08,0x41,0x08,0x41,0x08,0x41,0x08,0x41,0x08,0x41,0x08,0x41,0x08,
    0x41,0x08,0x41,0x08,0xC3,0x10,0x04,0x19,0xC3,0x10,0x41,0x08,0x41,0x08,0x41,0x08,0x41,0x08,0x41,0x08,0x41,0x08,0x61,0x08,
    0x61,0x08,0x61,0x08,0x61,0x08,0x61,0x08,0x61,0x08,0x61,0x08,0x61,0x08,0x61,0x08,0x41,0x08,0x82,0x10,0x24,0x21,0x04,0x19,
    0x61,0x08,0x61,0x08,0x61,0x08,0x61,0x08,0x61,0x08,0x61,0x08,0x61,0x08,0x61,0x08,0x61,0x08,0x61,0x08,0x61,0x08,0x61,0x08,
    0x61,0x08,0x61,0x08,0x61,0x08,0x41,0x08,0x82,0x10,0x24,0x21,0x04,0x19,0x61,0x08,0x61,0x08,0x61,0x08,0x61,0x08,0x61,0x08,
    0x61,0x08,0x61,0x08,0x61,0x08,0x61,0x08,0x61,0x08,0x61,0x08,0x61,0x08,0x61,0x08,0x61,0x08,0x61,0x08,0x41,0x08,0x82,0x10,
    0x24,0x21,0x04,0x19,0x61,0x08,0x61,0x08,0x61,0x08,0x61,0x08,0x61,0x08,0x61,0x08,0x61,0x08,0x61,0x08,0x61,0x08,0x61,0x08,
    0x61,0x08,0x61,0x08,0x61,0x08,0x61,0x08,0x61,0x08,0x41,0x08,0x82,0x10,0x24,0x21,0x04,0x19,0x61,0x08,0x61,0x08,0x61,0x08,
    0x61,0x08,0x61,0x08,0x61,0x08,0x61,0x08,0x61,0x08,0x61,0x08,0x61,0x08,0x61,0x08,0x61,0x08,0x61,0x08,0x61,0x08,0x61,0x08,
    0x41,0x08,0x82,0x10,0x24,0x21,0x04,0x19,0x61,0x08,0x61,0x08,0x61,0x08,0x61,0x08,0x61,0x08,0x61,0x08,0x61,0x08,0x61,0x08,
    0x61,0x08,0x61,0x08,0x61,0x08,0x61,0x08,0x61,0x08,0x61,0x08,0x61,0x08,0x41,0x08,0x82,0x10,0x24,0x21,0x04,0x19,0x61,0x08,
    0x61,0x08,0x61,0x08,0x61,0x08,0x61,0x08,0x61,0x08,0x61,0x08,0x61,0x08,0x61,0x08,0x61,0x08,0x61,0x08,0x61,0x08,0x61,0x08,
    0x61,0x08,0x61,0x08,0x41,0x08,0x82,0x10,0x24,0x21,0x04,0x19,0x61,0x08,0x61,0x08,0x61,0x08,0x61,0x08,0x61,0x08,0x61,0x08,
    0x61,0x08,0x61,0x08,0x61,0x08,0x61,0x08,0x61,0x08,0x61,0x08,0x61,0x08,0x61,0x08,0x61,0x08,0x61,0x08,0x61,0x08,0x04,0x19,
    0x24,0x21,0x82,0x10,0x41,0x08,0x61,0x08,0x61,0x08,0x61,0x08,0x61,0x08,0x61,0x08,0x61,0x08,0x61,0x08,0x61,0x08,0x61,0x08,
    0x61,0x08,0x61,0x08,0x61,0x08,0x61,0x08,0x61,0x08,0x61,0x08,0x04,0x19,0x24,0x21,0x82,0x10,0x41,0x08,0x61,0x08,0x61,0x08,
    0x61,0x08,0x61,0x08,0x61,0x08,0x61,0x08,0x61,0x08,0x61,0x08,0x61,0x08,0x61,0x08,0x61,0x08,0x61,0x08,0x61,0x08,0x61,0x08,
    0x61,0x08,0x04,0x19,0x24,0x21,0x82,0x10,0x41,0x08,0x61,0x08,0x61,0x08,0x61,0x08,0x61,0x08,0x61,0x08,0x61,0x08,0x61,0x08,
    0x61,0x08,0x61,0x08,0x61,0x08,0x61,0x08,0x61,0x08,0x61,0x08,0x61,0x08,0x61,0x08,0x04,0x19,0x24,0x21,0x82,0x10,0x41,0x08,
    0x61,0x08,0x61,0x08,0x61,0x08,0x61,0x08,0x61,0x08,0x41,0x08,0x41,0x08,0x41,0x08,0x41,0x08,0x41,0x08,0x41,0x08,0x41,0x08,
    0x41,0x08,0x41,0x08,0x61,0x08,0xE4,0x18,0xE4,0x18,0x82,0x08,0x41,0x08,0x41,0x08,0x41,0x08,0x41,0x08,0x41,0x08,0x41,0x08,
    0x41,0x08,0x41,0x08,0x41,0x08,0x41,0x08,0x41,0x08,0x41,0x08,0x41,0x08,0x41,0x08,0x41,0x08,0x41,0x08,0xA3,0x10,0xC3,0x10,
    0x61,0x08,0x20,0x00,0x21,0x00,0x21,0x00,0x21,0x00,0x21,0x00,0x21,0x00,0x21,0x00,0x21,0x00,0x20,0x00,0x20,0x00,0x20,0x00,
    0x20,0x00,0x20,0x00,0x20,0x00,0x20,0x00,0x20,0x00,0x61,0x08,0x82,0x10,0x61,0x08,0x20,0x00,0x20,0x00,0x20,0x00,0x20,0x00,
    0x20,0x00,0x20,0x00,0x20,0x00,0x20,0x00,0x20,0x00,0x20,0x00,0x20,0x00,0x20,0x00,0x61,0x08,0xA2,0x10,0x62,0x08,0x20,0x00,
    0x20,0x00,0x20,0x00,0x20,0x00,0x21,0x00,0x21,0x00,0x21,0x00,0x21,0x00,0x21,0x00,0x21,0x00,0x21,0x00,0x21,0x00,0x41,0x00,
    0x41,0x00,0x41,0x00,0x21,0x00,0x82,0x10,0xC3,0x18,0x82,0x10,0x21,0x00,0x41,0x08,0x41,0x08,0x41,0x08,0x41,0x08,0x41,0x08,
    0x41,0x08,0x41,0x08,0x41,0x08,0x41,0x08,0x41,0x08,0x41,0x08,0x41,0x08,0x41,0x08,0x41,0x08,0x41,0x08,0xC3,0x10,0x04,0x19,
    0xC3,0x10,0x41,0x08,0x41,0x08,0x41,0x08,0x41,0x08,0x41,0x08,0x41,0x08,0x41,0x08,0x41,0x08,0x41,0x08,0x41,0x08,0x41,0x08,
    0x41,0x08,0x41,0x08,0x41,0x08,0x41,0x08,0x41,0x08,0x82,0x10,0x04,0x21,0x04,0x19,0x61,0x08,0x41,0x08,0x41,0x08,0x41,0x08,
    0x41,0x08,0x41,0x08,0x41,0x08,0x41,0x08,0x41,0x08,0x41,0x08,0x41,0x08,0x41,0x08,0x41,0x08,0x41,0x08,0x41,0x08,0x41,0x08,
    0x82,0x10,0x04,0x21,0x04,0x19,0x61,0x08,0x41,0x08,0x41,0x08,0x41,0x08,0x41,0x08,0x41,0x08,0x41,0x08,0x41,0x08,0x41,0x08,
    0x41,0x08,0x41,0x08,0x41,0x08,0x41,0x08,0x41,0x08,0x41,0x08,0x41,0x08,0x82,0x10,0x04,0x21,0x04,0x19,0x61,0x08,0x41,0x08,
    0x41,0x08,0x41,0x08,0x41,0x08,0x41,0x08,0x41,0x08,0x41,0x08,0x41,0x08,0x41,0x08,0x41,0x08,0x41,0x08,0x41,0x08,0x41,0x08,
    0x41,0x08,0x41,0x08,0x82,0x10,0x04,0x21,0x04,0x19,0x61,0x08,0x41,0x08,0x41,0x08,0x41,0x08,0x41,0x08,0x41,0x08,0x41,0x08,
    0x41,0x08,0x41,0x08,0x41,0x08,0x41,0x08,0x41,0x08,0x41,0x08,0x41,0x08,0x41,0x08,0x41,0x08,0x82,0x10,0x04,0x21,0x04,0x19,
    0x61,0x08,0x41,0x08,0x41,0x08,0x41,0x08,0x41,0x08,0x41,0x08,0x41,0x08,0x41,0x08,0x41,0x08,0x41,0x08,0x41,0x08,0x41,0x08,
    0x41,0x08,0x41,0x08,0x41,0x08,0x41,0x08,0x82,0x10,0x04,0x21,0x04,0x19,0x61,0x08,0x41,0x08,0x41,0x08,0x41,0x08,0x41,0x08,
    0x41,0x08,0x41,0x08,0x41,0x08,0x41,0x08,0x41,0x08,0x41,0x08,0x41,0x08,0x41,0x08,0x41,0x08,0x41,0x08,0x41,0x08,0x82,0x10,
    0x04,0x21,0x04,0x19,0x61,0x08,0x41,0x08,0x41,0x08,0x41,0x08,0x41,0x08,0x41,0x08,0x41,0x08,0x41,0x08,0x41,0x08,0x41,0x08,
    0x41,0x08,0x41,0x08,0x41,0x08,0x41,0x08,0x41,0x08,0x41,0x08,0x61,0x08,0x04,0x19,0x04,0x21,0x82,0x10,0x41,0x08,0x41,0x08,
    0x41,0x08,0x41,0x08,0x41,0x08,0x41,0x08,0x41,0x08,0x41,0x08,0x41,0x08,0x41,0x08,0x41,0x08,0x41,0x08,0x41,0x08,0x41,0x08,
    0x41,0x08,0x61,0x08,0x04,0x19,0x04,0x21,0x82,0x10,0x41,0x08,0x41,0x08,0x41,0x08,0x41,0x08,0x41,0x08,0x41,0x08,0x41,0x08,
    0x41,0x08,0x41,0x08,0x41,0x08,0x41,0x08,0x41,0x08,0x41,0x08,0x41,0x08,0x41,0x08,0x61,0x08,0x04,0x19,0x04,0x21,0x82,0x10,
    0x41,0x08,0x41,0x08,0x41,0x08,0x41,0x08,0x41,0x08,0x41,0x08,0x41,0x08,0x41,0x08,0x41,0x08,0x41,0x08,0x41,0x08,0x41,0x08,
    0x41,0x08,0x41,0x08,0x41,0x08,0x61,0x08,0x04,0x19,0x04,0x21,0x82,0x10,0x41,0x08,0x41,0x08,0x41,0x08,0x41,0x08,0x41,0x08,
    0x41,0x08,0x41,0x08,0x41,0x08,0x41,0x08,0x41,0x08,0x41,0x08,0x41,0x08,0x41,0x08,0x41,0x08,0x41,0x08,0x61,0x08,0xE4,0x18,
    0xE4,0x18,0x82,0x08,0x41,0x08,0x41,0x08,0x41,0x08,0x41,0x08,0x41,0x08,0x41,0x08,0x41,0x08,0x41,0x08,0x41,0x08,0x41,0x08,
    0x41,0x08,0x41,0x08,0x41,0x08,0x41,0x08,0x41,0x08,0x41,0x08,0xA3,0x10,0xC3,0x10,0x61,0x08,0x20,0x00,0x21,0x00,0x21,0x00,
    0x21,0x00,0x21,0x00,0x21,0x00,0x21,0x00,0x21,0x00,0x20,0x00,0x20,0x00,0x20,0x00,0x20,0x00,0x20,0x00,0x20,0x00,0x20,0x00,
    0x20,0x00,0x61,0x08,0x82,0x10,0x61,0x08,0x20,0x00,0x20,0x00,0x20,0x00,0x20,0x00,0x20,0x00,0x20,0x00,0x20,0x00,0x20,0x00,
    0x20,0x00,0x20,0x00,0x20,0x00,0x20,0x00,0x61,0x08,0xA2,0x10,0x62,0x08,0x20,0x00,0x20,0x00,0x20,0x00,0x20,0x00,0x21,0x00,
    0x21,0x00,0x21,0x00,0x21,0x00,0x21,0x00,0x21,0x00,0x21,0x00,0x21,0x00,0x41,0x00,0x41,0x00,0x41,0x00,0x21,0x00,0x82,0x10,
    0xC3,0x18,0x82,0x10,0x21,0x00,0x41,0x08,0x41,0x08,0x41,0x08,0x41,0x08,0x41,0x08,0x41,0x08,0x41,0x08,0x41,0x08,0x41,0x08,
    0x41,0x08,0x41,0x08,0x41,0x08,0x41,0x08,0x41,0x08,0x41,0x08,0xC3,0x10,0x04,0x19,0xC3,0x10,0x41,0x08,0x41,0x08,0x41,0x08,
    0x41,0x08,0x41,0x08,0x41,0x08,0x41,0x08,0x41,0x08,0x41,0x08,0x41,0x08,0x41,0x08,0x41,0x08,0x41,0x08,0x41,0x08,0x41,0x08,
    0x41,0x08,0x82,0x10,0x04,0x21,0x04,0x19,0x61,0x08,0x41,0x08,0x41,0x08,0x41,0x08,0x41,0x08,0x41,0x08,0x41,0x08,0x41,0x08,
    0x41,0x08,0x41,0x08,0x41,0x08,0x41,0x08,0x41,0x08,0x41,0x08,0x41,0x08,0x41,0x08,0x82,0x10,0x04,0x21,0x04,0x19,0x61,0x08,
    0x41,0x08,0x41,0x08,0x41,0x08,0x41,0x08,0x41,0x08,0x41,0x08,0x41,0x08,0x41,0x08,0x41,0x08,0x41,0x08,0x41,0x08,0x41,0x08,
    0x41,0x08,0x41,0x08,0x41,0x08,0x82,0x10,0x04,0x21,0x04,0x19,0x61,0x08,0x41,0x08,0x41,0x08,0x41,0x08,0x41,0x08,0x41,0x08,
    0x41,0x08,0x41,0x08,0x41,0x08,0x41,0x08,0x41,0x08,0x41,0x08,0x41,0x08,0x41,0x08,0x41,0x08,0x41,0x08,0x82,0x10,0x04,0x21,
    0x04,0x19,0x61,0x08,0x41,0x08,0x41,0x08,0x41,0x08,0x41,0x08,0x41,0x08,0x41,0x08,0x41,0x08,0x41,0x08,0x41,0x08,0x41,0x08,
    0x41,0x08,0x41,0x08,0x41,0x08,0x41,0x08,0x41,0x08,0x82,0x10,0x04,0x21,0x04,0x19,0x61,0x08,0x41,0x08,0x41,0x08,0x41,0x08,
    0x41,0x08,0x41,0x08,0x41,0x08,0x41,0x08,0x41,0x08,0x41,0x08,0x41,0x08,0x41,0x08,0x41,0x08,0x41,0x08,0x41,0x08,0x41,0x08,
    0x82,0x10,0x04,0x21,0x04,0x19,0x61,0x08,0x41,0x08,0x41,0x08,0x41,0x08,0x41,0x08,0x41,0x08,0x41,0x08,0x41,0x08,0x41,0x08,
    0x41,0x08,0x41,0x08,0x41,0x08,0x41,0x08,0x41,0x08,0x41,0x08,0x41,0x08,0x82,0x10,0x04,0x21,0x04,0x19,0x61,0x08,0x41,0x08,
    0x41,0x08,0x41,0x08,0x41,0x08,0x41,0x08,0x41,0x08,0x41,0x08,0x41,0x08,0x41,0x08,0x41,0x08,0x41,0x08,0x41,0x08,0x41,0x08,
    0x41,0x08,0x41,0x08,0x61,0x08,0x04,0x19,0x04,0x21,0x82,0x10,0x41,0x08,0x41,0x08,0x41,0x08,0x41,0x08,0x41,0x08,0x41,0x08,
    0x41,0x08,0x41,0x08,0x41,0x08,0x41,0x08,0x41,0x08,0x41,0x08,0x41,0x08,0x41,0x08,0x41,0x08,0x61,0x08,0x04,0x19,0x04,0x21,
    0x82,0x10,0x41,0x08,0x41,0x08,0x41,0x08,0x41,0x08,0x41,0x08,0x41,0x08,0x41,0x08,0x41,0x08,0x41,0x08,0x41,0x08,0x41,0x08,
    0x41,0x08,0x41,0x08,0x41,0x08,0x41,0x08,0x61,0x08,0x04,0x19,0x04,0x21,0x82,0x10,0x41,0x08,0x41,0x08,0x41,0x08,0x41,0x08,
    0x41,0x08,0x41,0x08,0x41,0x08,0x41,0x08,0x41,0x08,0x41,0x08,0x41,0x08,0x41,0x08,0x41,0x08,0x41,0x08,0x41,0x08,0x61,0x08,
    0x04,0x19,0x04,0x21,0x82,0x10,0x41,0x08,0x41,0x08,0x41,0x08,0x41,0x08,0x41,0x08,0x41,0x08,0x41,0x08,0x41,0x08,0x41,0x08,
    0x41,0x08,0x41,0x08,0x41,0x08,0x41,0x08,0x41,0x08,0x41,0x08,0x61,0x08,0xE4,0x18,0xE4,0x18,0x82,0x08,0x41,0x08,0x41,0x08,
    0x41,0x08,0x41,0x08,0x41,0x08,0x41,0x08,0x41,0x08,0x41,0x08,0x41,0x08,0x41,0x08,0x41,0x08,0x41,0x08,0x41,0x08,0x41,0x08,
    0x41,0x08,0x41,0x08,0xA3,0x10,0xC3,0x10,0x61,0x08,0x20,0x00,0x21,0x00,0x21,0x00,0x21,0x00,0x21,0x00,0x21,0x00,0x21,0x00,
    0x21,0x00,0x20,0x00,0x20,0x00,0x20,0x00,0x20,0x00,0x20,0x00,0x20,0x00,0x20,0x00,0x20,0x00,0x61,0x08,0x82,0x10,0x61,0x08,
    0x20,0x00,0x20,0x00,0x20,0x00,0x20,0x00,0x20,0x00,0x20,0x00,0x20,0x00,0x20,0x00,0x20,0x00,0x20,0x00,0x20,0x00,0x20,0x00,
    0x61,0x08,0xA2,0x10,0x62,0x08,0x20,0x00,0x20,0x00,0x20,0x00,0x20,0x00,0x21,0x00,0x21,0x00,0x21,0x00,0x21,0x00,0x21,0x00,
    0x21,0x00,0x21,0x00,0x21,0x00,0x41,0x00,0x41,0x00,0x41,0x00,0x21,0x00,0x82,0x10,0xC3,0x18,0x82,0x10,0x21,0x00,0x41,0x08,
    0x41,0x08,0x41,0x08,0x41,0x08,0x41,0x08,0x41,0x08,0x41,0x08,0x41,0x08,0x41,0x08,0x41,0x08,0x41,0x08,0x41,0x08,0x41,0x08,
    0x41,0x08,0x41,0x08,0xC3,0x10,0x04,0x19,0xC3,0x10,0x41,0x08,0x41,0x08,0x41,0x08,0x41,0x08,0x41,0x08,0x41,0x08,0x41,0x08,
    0x41,0x08,0x41,0x08,0x41,0x08,0x41,0x08,0x41,0x08,0x41,0x08,0x41,0x08,0x41,0x08,0x41,0x08,0x82,0x10,0x04,0x21,0xE4,0x18,
    0x61,0x08,0x41,0x08,0x41,0x08,0x41,0x08,0x41,0x08,0x41,0x08,0x41,0x08,0x41,0x08,0x41,0x08,0x41,0x08,0x41,0x08,0x41,0x08,
    0x41,0x08,0x41,0x08,0x41,0x08,0x41,0x08,0x82,0x10,0x04,0x21,0xE4,0x18,0x61,0x08,0x41,0x08,0x41,0x08,0x41,0x08,0x41,0x08,
    0x41,0x08,0x41,0x08,0x41,0x08,0x41,0x08,0x41,0x08,0x41,0x08,0x41,0x08,0x41,0x08,0x41,0x08,0x41,0x08,0x41,0x08,0x82,0x10,
    0x04,0x21,0xE4,0x18,0x61,0x08,0x41,0x08,0x41,0x08,0x41,0x08,0x41,0x08,0x41,0x08,0x41,0x08,0x41,0x08,0x41,0x08,0x41,0x08,
    0x41,0x08,0x41,0x08,0x41,0x08,0x41,0x08,0x41,0x08,0x41,0x08,0x82,0x10,0x04,0x21,0xE4,0x18,0x61,0x08,0x41,0x08,0x41,0x08,
    0x41,0x08,0x41,0x08,0x41,0x08,0x41,0x08,0x41,0x08,0x41,0x08,0x41,0x08,0x41,0x08,0x41,0x08,0x41,0x08,0x41,0x08,0x41,0x08,
    0x41,0x08,0x82,0x10,0x04,0x21,0xE4,0x18,0x61,0x08,0x41,0x08,0x41,0x08,0x41,0x08,0x41,0x08,0x41,0x08,0x41,0x08,0x41,0x08,
    0x41,0x08,0x41,0x08,0x41,0x08,0x41,0x08,0x41,0x08,0x41,0x08,0x41,0x08,0x41,0x08,0x82,0x10,0x04,0x21,0xE4,0x18,0x61,0x08,
    0x41,0x08,0x41,0x08,0x41,0x08,0x41,0x08,0x41,0x08,0x41,0x08,0x41,0x08,0x41,0x08,0x41,0x08,0x41,0x08,0x41,0x08,0x41,0x08,
    0x41,0x08,0x41,0x08,0x41,0x08,0x82,0x10,0x04,0x21,0xE4,0x18,0x61,0x08,0x41,0x08,0x41,0x08,0x41,0x08,0x41,0x08,0x41,0x08,
    0x41,0x08,0x41,0x08,0x41,0x08,0x41,0x08,0x41,0x08,0x41,0x08,0x41,0x08,0x41,0x08,0x41,0x08,0x41,0x08,0x61,0x08,0xE4,0x18,
    0x04,0x21,0x82,0x10,0x41,0x08,0x41,0x08,0x41,0x08,0x41,0x08,0x41,0x08,0x41,0x08,0x41,0x08,0x41,0x08,0x41,0x08,0x41,0x08,
    0x41,0x08,0x41,0x08,0x41,0x08,0x41,0x08,0x41,0x08,0x61,0x08,0xE4,0x18,0x04,0x21,0x82,0x10,0x41,0x08,0x41,0x08,0x41,0x08,
    0x41,0x08,0x41,0x08,0x41,0x08,0x41,0x08,0x41,0x08,0x41,0x08,0x41,0x08,0x41,0x08,0x41,0x08,0x41,0x08,0x41,0x08,0x41,0x08,
    0x61,0x08,0xE4,0x18,0x04,0x21,0x82,0x10,0x41,0x08,0x41,0x08,0x41,0x08,0x41,0x08,0x41,0x08,0x41,0x08,0x41,0x08,0x41,0x08,
    0x41,0x08,0x41,0x08,0x41,0x08,0x41,0x08,0x41,0x08,0x41,0x08,0x41,0x08,0x61,0x08,0xE4,0x18,0x04,0x21,0x82,0x10,0x41,0x08,
    0x41,0x08,0x41,0x08,0x41,0x08,0x41,0x08,0x41,0x08,0x41,0x08,0x41,0x08,0x41,0x08,0x41,0x08,0x41,0x08,0x41,0x08,0x41,0x08,
    0x41,0x08,0x41,0x08,0x61,0x08,0xE4,0x18,0xE4,0x18,0x82,0x08,0x41,0x08,0x41,0x08,0x41,0x08,0x41,0x08,0x41,0x08,0x41,0x08,
    0x41,0x08,0x41,0x08,0x41,0x08,0x41,0x08,0x41,0x08,0x41,0x08,0x41,0x08,0x41,0x08,0x41,0x08,0x41,0x08,0xA3,0x10,0xC3,0x10,
    0x61,0x08,0x20,0x00,0x21,0x00,0x21,0x00,0x21,0x00,0x21,0x00,0x21,0x00,0x21,0x00,0x21,0x00,0x20,0x00,0x20,0x00,0x20,0x00,
    0x20,0x00,0x20,0x00,0x20,0x00,0x20,0x00,0x20,0x00,0x61,0x08,0x82,0x10,0x61,0x08,0x20,0x00,0x20,0x00,0x20,0x00,0x20,0x00,
    0x20,0x00,0x20,0x00,0x20,0x00,0x20,0x00,0x20,0x00,0x20,0x00,0x20,0x00,0x20,0x00,0x61,0x08,0xA2,0x10,0x61,0x08,0x20,0x00,
    0x20,0x00,0x20,0x00,0x20,0x00,0x21,0x00,0x21,0x00,0x21,0x00,0x21,0x00,0x21,0x00,0x21,0x00,0x21,0x00,0x21,0x00,0x41,0x00,
    0x41,0x00,0x41,0x00,0x21,0x00,0x82,0x10,0xC3,0x18,0x82,0x10,0x21,0x00,0x41,0x08,0x41,0x08,0x41,0x08,0x41,0x08,0x41,0x08,
    0x41,0x08,0x41,0x08,0x41,0x08,0x41,0x08,0x41,0x08,0x41,0x08,0x41,0x08,0x41,0x08,0x41,0x08,0x41,0x08,0xA3,0x10,0x04,0x19,
    0xA3,0x10,0x41,0x08,0x41,0x08,0x41,0x08,0x41,0x08,0x41,0x08,0x41,0x08,0x41,0x08,0x41,0x08,0x41,0x08,0x41,0x08,0x41,0x08,
    0x41,0x08,0x41,0x08,0x41,0x08,0x41,0x08,0x41,0x08,0x82,0x10,0x04,0x21,0xE4,0x18,0x61,0x08,0x61,0x08,0x41,0x08,0x41,0x08,
    0x41,0x08,0x41,0x08,0x41,0x08,0x41,0x08,0x41,0x08,0x41,0x08,0x41,0x08,0x41,0x08,0x41,0x08,0x41,0x08,0x41,0x08,0x41,0x08,
    0x82,0x10,0x04,0x21,0xE4,0x18,0x61,0x08,0x61,0x08,0x41,0x08,0x41,0x08,0x41,0x08,0x41,0x08,0x41,0x08,0x41,0x08,0x41,0x08,
    0x41,0x08,0x41,0x08,0x41,0x08,0x41,0x08,0x41,0x08,0x41,0x08,0x41,0x08,0x82,0x10,0x04,0x21,0xE4,0x18,0x61,0x08,0x61,0x08,
    0x41,0x08,0x41,0x08,0x41,0x08,0x41,0x08,0x41,0x08,0x41,0x08,0x41,0x08,0x41,0x08,0x41,0x08,0x41,0x08,0x41,0x08,0x41,0x08,
    0x41,0x08,0x41,0x08,0x82,0x10,0x04,0x21,0xE4,0x18,0x61,0x08,0x61,0x08,0x41,0x08,0x41,0x08,0x41,0x08,0x41,0x08,0x41,0x08,
    0x41,0x08,0x41,0x08,0x41,0x08,0x41,0x08,0x41,0x08,0x41,0x08,0x41,0x08,0x41,0x08,0x41,0x08,0x82,0x10,0x04,0x21,0xE4,0x18,
    0x61,0x08,0x61,0x08,0x41,0x08,0x41,0x08,0x41,0x08,0x41,0x08,0x41,0x08,0x41,0x08,0x41,0x08,0x41,0x08,0x41,0x08,0x41,0x08,
    0x41,0x08,0x41,0x08,0x41,0x08,0x41,0x08,0x82,0x10,0x04,0x21,0xE4,0x18,0x61,0x08,0x61,0x08,0x41,0x08,0x41,0x08,0x41,0x08,
    0x41,0x08,0x41,0x08,0x41,0x08,0x41,0x08,0x41,0x08,0x41,0x08,0x41,0x08,0x41,0x08,0x41,0x08,0x41,0x08,0x41,0x08,0x82,0x10,
    0x04,0x21,0xE4,0x18,0x61,0x08,0x61,0x08,0x41,0x08,0x41,0x08,0x41,0x08,0x41,0x08,0x41,0x08,0x41,0x08,0x41,0x08,0x41,0x08,
    0x41,0x08,0x41,0x08,0x41,0x08,0x41,0x08,0x41,0x08,0x61,0x08,0x61,0x08,0xE4,0x18,0x04,0x21,0x82,0x10,0x41,0x08,0x41,0x08,
    0x41,0x08,0x41,0x08,0x41,0x08,0x41,0x08,0x41,0x08,0x41,0x08,0x41,0x08,0x41,0x08,0x41,0x08,0x41,0x08,0x41,0x08,0x41,0x08,
    0x61,0x08,0x61,0x08,0xE4,0x18,0x04,0x21,0x82,0x10,0x41,0x08,0x41,0x08,0x41,0x08,0x41,0x08,0x41,0x08,0x41,0x08,0x41,0x08,
    0x41,0x08,0x41,0x08,0x41,0x08,0x41,0x08,0x41,0x08,0x41,0x08,0x41,0x08,0x61,0x08,0x61,0x08,0xE4,0x18,0x04,0x21,0x82,0x10,
    0x41,0x08,0x41,0x08,0x41,0x08,0x41,0x08,0x41,0x08,0x41,0x08,0x41,0x08,0x41,0x08,0x41,0x08,0x41,0x08,0x41,0x08,0x41,0x08,
    0x41,0x08,0x41,0x08,0x61,0x08,0x61,0x08,0xE4,0x18,0x04,0x21,0x82,0x10,0x41,0x08,0x41,0x08,0x41,0x08,0x41,0x08,0x41,0x08,
    0x41,0x08,0x41,0x08,0x41,0x08,0x41,0x08,0x41,0x08,0x41,0x08,0x41,0x08,0x41,0x08,0x41,0x08,0x41,0x08,0x61,0x08,0xE4,0x18,
    0xE4,0x18,0x62,0x08,0x41,0x08,0x41,0x08,0x41,0x08,0x41,0x08,0x41,0x08,0x41,0x08,0x41,0x08,0x41,0x08,0x41,0x08,0x41,0x08,
    0x41,0x08,0x41,0x08,0x41,0x08,0x41,0x08,0x41,0x08,0x41,0x08,0xA3,0x10,0xC3,0x10,0x61,0x08,0x20,0x00,0x21,0x00,0x21,0x00,
    0x21,0x00,0x21,0x00,0x21,0x00,0x21,0x00,0x21,0x00,0x20,0x00,0x20,0x00,0x20,0x00,0x20,0x00,0x20,0x00,0x20,0x00,0x20,0x00,
    0x20,0x00,0x61,0x08,0x82,0x10,0x61,0x08,0x20,0x00,0x20,0x00,0x20,0x00,0x20,0x00,0x20,0x00,0x20,0x00,0x20,0x00,0x20,0x00,
    0x20,0x00,0x20,0x00,0x20,0x00,0x20,0x00,0x62,0x08,0x82,0x10,0x62,0x08,0x20,0x00,0x20,0x00,0x20,0x00,0x20,0x00,0x21,0x00,
    0x21,0x00,0x21,0x00,0x21,0x00,0x21,0x00,0x21,0x00,0x21,0x00,0x21,0x00,0x41,0x00,0x41,0x00,0x21,0x00,0x21,0x00,0xA2,0x10,
    0xC3,0x18,0xA2,0x10,0x21,0x00,0x21,0x00,0x41,0x08,0x41,0x08,0x41,0x08,0x41,0x08,0x41,0x08,0x41,0x08,0x41,0x08,0x41,0x08,
    0x41,0x08,0x41,0x08,0x41,0x08,0x41,0x08,0x41,0x08,0x41,0x08,0xC3,0x18,0x04,0x19,0xC3,0x18,0x41,0x08,0x41,0x08,0x41,0x08,
    0x41,0x08,0x41,0x08,0x41,0x08,0x41,0x08,0x41,0x08,0x41,0x08,0x41,0x08,0x41,0x08,0x41,0x08,0x41,0x08,0x41,0x08,0x41,0x08,
    0x41,0x08,0xA2,0x10,0x04,0x19,0xE4,0x18,0x62,0x08,0x41,0x08,0x41,0x08,0x41,0x08,0x41,0x08,0x41,0x08,0x41,0x08,0x41,0x08,
    0x41,0x08,0x41,0x08,0x41,0x08,0x41,0x08,0x41,0x08,0x41,0x08,0x41,0x08,0x41,0x08,0xA2,0x10,0x04,0x19,0xE4,0x18,0x62,0x08,
    0x41,0x08,0x41,0x08,0x41,0x08,0x41,0x08,0x41,0x08,0x41,0x08,0x41,0x08,0x41,0x08,0x41,0x08,0x41,0x08,0x41,0x08,0x41,0x08,
    0x41,0x08,0x41,0x08,0x41,0x08,0xA2,0x10,0x04,0x19,0xE4,0x18,0x62,0x08,0x41,0x08,0x41,0x08,0x41,0x08,0x41,0x08,0x41,0x08,
    0x41,0x08,0x41,0x08,0x41,0x08,0x41,0x08,0x41,0x08,0x41,0x08,0x41,0x08,0x41,0x08,0x41,0x08,0x41,0x08,0xA2,0x10,0x04,0x19,
    0xE4,0x18,0x62,0x08,0x41,0x08,0x41,0x08,0x41,0x08,0x41,0x08,0x41,0x08,0x41,0x08,0x41,0x08,0x41,0x08,0x41,0x08,0x41,0x08,
    0x41,0x08,0x41,0x08,0x61,0x08,0x41,0x08,0x41,0x08,0xA2,0x10,0x04,0x19,0xE4,0x18,0x62,0x08,0x41,0x08,0x41,0x08,0x41,0x08,
    0x41,0x08,0x41,0x08,0x41,0x08,0x41,0x08,0x41,0x08,0x41,0x08,0x41,0x08,0x41,0x08,0x41,0x08,0x61,0x08,0x41,0x08,0x41,0x08,
    0xA2,0x10,0x04,0x19,0xE4,0x18,0x62,0x08,0x41,0x08,0x41,0x08,0x41,0x08,0x41,0x08,0x41,0x08,0x41,0x08,0x41,0x08,0x41,0x08,
    0x41,0x08,0x41,0x08,0x41,0x08,0x41,0x08,0x61,0x08,0x41,0x08,0x41,0x08,0xA2,0x10,0x04,0x19,0xE4,0x18,0x62,0x08,0x41,0x08,
    0x41,0x08,0x41,0x08,0x41,0x08,0x41,0x08,0x41,0x08,0x41,0x08,0x41,0x08,0x41,0x08,0x41,0x08,0x41,0x08,0x41,0x08,0x41,0x08,
    0x41,0x08,0x41,0x08,0x62,0x08,0xE4,0x18,0x04,0x19,0xA2,0x10,0x41,0x08,0x41,0x08,0x61,0x08,0x41,0x08,0x41,0x08,0x41,0x08,
    0x41,0x08,0x41,0x08,0x41,0x08,0x41,0x08,0x41,0x08,0x41,0x08,0x41,0x08,0x41,0x08,0x41,0x08,0x62,0x08,0xE4,0x18,0x04,0x19,
    0xA2,0x10,0x41,0x08,0x41,0x08,0x61,0x08,0x41,0x08,0x41,0x08,0x41,0x08,0x41,0x08,0x41,0x08,0x41,0x08,0x41,0x08,0x41,0x08,
    0x41,0x08,0x41,0x08,0x41,0x08,0x41,0x08,0x62,0x08,0xE4,0x18,0x04,0x19,0xA2,0x10,0x41,0x08,0x41,0x08,0x41,0x08,0x41,0x08,
    0x41,0x08,0x41,0x08,0x41,0x08,0x41,0x08,0x41,0x08,0x41,0x08,0x41,0x08,0x41,0x08,0x41,0x08,0x41,0x08,0x41,0x08,0x62,0x08,
    0xE4,0x18,0x04,0x19,0xA2,0x10,0x41,0x08,0x41,0x08,0x41,0x08,0x41,0x08,0x41,0x08,0x41,0x08,0x41,0x08,0x41,0x08,0x41,0x08,
    0x41,0x08,0x41,0x08,0x41,0x08,0x41,0x08,0x41,0x08,0x41,0x08,0x61,0x08,0xE4,0x18,0xE4,0x18,0x82,0x10,0x21,0x00,0x41,0x08,
    0x41,0x08,0x41,0x08,0x41,0x08,0x41,0x08,0x41,0x08,0x41,0x08,0x41,0x08,0x41,0x08,0x41,0x08,0x41,0x08,0x41,0x08,0x41,0x08,
    0x21,0x00,0x41,0x08,0xA3,0x10,0xC3,0x10,0x62,0x08,0x20,0x00,0x21,0x00,0x21,0x00,0x21,0x00,0x21,0x00,0x21,0x00,0x21,0x00,
    0x21,0x00,0x20,0x00,0x20,0x00,0x20,0x00,0x20,0x00,0x20,0x00,0x20,0x00,0x20,0x00,0x20,0x00,0x62,0x08,0x82,0x10,0x61,0x08,
    0x20,0x00,0x20,0x00,0x20,0x00,0x20,0x00,0x20,0x00,0x20,0x00,0x20,0x00,0x20,0x00,0x20,0x00,0x20,0x00,0x41,0x08,0x62,0x08,
    0x82,0x10,0x82,0x10,0x82,0x10,0x62,0x08,0x41,0x08,0x20,0x00,0x20,0x00,0x21,0x00,0x21,0x00,0x21,0x00,0x21,0x00,0x21,0x00,
    0x21,0x00,0x21,0x00,0x21,0x00,0x21,0x00,0x21,0x00,0x61,0x08,0xA2,0x10,0xC3,0x10,0xC3,0x10,0xC3,0x18,0xA2,0x10,0x61,0x08,
    0x41,0x00,0x41,0x08,0x41,0x08,0x41,0x08,0x41,0x08,0x41,0x08,0x41,0x08,0x41,0x08,0x41,0x08,0x41,0x08,0x41,0x08,0x41,0x08,
    0x62,0x08,0xC3,0x18,0x04,0x19,0xE4,0x18,0x04,0x19,0xC3,0x18,0x82,0x08,0x41,0x08,0x41,0x08,0x41,0x08,0x41,0x08,0x41,0x08,
    0x41,0x08,0x41,0x08,0x41,0x08,0x41,0x08,0x41,0x08,0x41,0x08,0x41,0x08,0x61,0x08,0xA3,0x10,0x04,0x19,0x04,0x19,0x04,0x19,
    0xE4,0x18,0x82,0x10,0x41,0x08,0x41,0x08,0x41,0x08,0x41,0x08,0x41,0x08,0x41,0x08,0x41,0x08,0x41,0x08,0x41,0x08,0x41,0x08,
    0x41,0x08,0x41,0x08,0x61,0x08,0xA3,0x10,0x04,0x19,0x04,0x19,0x04,0x19,0xE4,0x18,0x82,0x10,0x41,0x08,0x41,0x08,0x41,0x08,
    0x41,0x08,0x41,0x08,0x41,0x08,0x41,0x08,0x41,0x08,0x41,0x08,0x41,0x08,0x41,0x08,0x41,0x08,0x61,0x08,0xA3,0x10,0x04,0x19,
    0x04,0x19,0x04,0x19,0xE4,0x18,0x82,0x10,0x41,0x08,0x41,0x08,0x41,0x08,0x41,0x08,0x41,0x08,0x41,0x08,0x41,0x08,0x41,0x08,
    0x41,0x08,0x41,0x08,0x41,0x08,0x41,0x08,0x61,0x08,0xA3,0x10,0x04,0x19,0x04,0x19,0x04,0x19,0xE4,0x18,0x82,0x10,0x41,0x08,
    0x41,0x08,0x41,0x08,0x41,0x08,0x41,0x08,0x41,0x08,0x41,0x08,0x41,0x08,0x41,0x08,0x41,0x08,0x41,0x08,0x41,0x08,0x61,0x08,
    0xA3,0x10,0x04,0x19,0x04,0x19,0x04,0x19,0xE4,0x18,0x82,0x10,0x41,0x08,0x41,0x08,0x41,0x08,0x41,0x08,0x41,0x08,0x41,0x08,
    0x41,0x08,0x41,0x08,0x41,0x08,0x41,0x08,0x41,0x08,0x41,0x08,0x61,0x08,0xA3,0x10,0x04,0x19,0x04,0x19,0x04,0x19,0xE4,0x18,
    0x82,0x10,0x41,0x08,0x41,0x08,0x41,0x08,0x41,0x08,0x41,0x08,0x41,0x08,0x41,0x08,0x41,0x08,0x41,0x08,0x41,0x08,0x41,0x08,
    0x41,0x08,0x61,0x08,0xA3,0x10,0x04,0x19,0x04,0x19,0x04,0x19,0xE4,0x18,0x82,0x10,0x41,0x08,0x41,0x08,0x41,0x08,0x41,0x08,
    0x41,0x08,0x41,0x08,0x41,0x08,0x41,0x08,0x41,0x08,0x41,0x08,0x41,0x08,0x41,0x08,0x41,0x08,0x82,0x10,0xE4,0x18,0x04,0x19,
    0x04,0x19,0x04,0x19,0xA3,0x10,0x61,0x08,0x41,0x08,0x41,0x08,0x41,0x08,0x41,0x08,0x41,0x08,0x41,0x08,0x41,0x08,0x41,0x08,
    0x41,0x08,0x41,0x08,0x41,0x08,0x41,0x08,0x82,0x10,0xE4,0x18,0x04,0x19,0x04,0x19,0x04,0x19,0xA3,0x10,0x61,0x08,0x41,0x08,
    0x41,0x08,0x41,0x08,0x41,0x08,0x41,0x08,0x41,0x08,0x41,0x08,0x41,0x08,0x41,0x08,0x41,0x08,0x41,0x08,0x41,0x08,0x82,0x10,
    0xE4,0x18,0x04,0x19,0x04,0x19,0x04,0x19,0xA3,0x10,0x61,0x08,0x41,0x08,0x41,0x08,0x41,0x08,0x41,0x08,0x41,0x08,0x41,0x08,
    0x41,0x08,0x41,0x08,0x41,0x08,0x41,0x08,0x41,0x08,0x41,0x08,0x82,0x10,0xE4,0x18,0x04,0x19,0x04,0x19,0x04,0x19,0xA3,0x10,
    0x61,0x08,0x41,0x08,0x41,0x08,0x41,0x08,0x41,0x08,0x41,0x08,0x41,0x08,0x41,0x08,0x41,0x08,0x41,0x08,0x41,0x08,0x41,0x08,
    0x41,0x08,0x82,0x10,0xE3,0x18,0xE4,0x18,0xE4,0x18,0xE4,0x18,0xA3,0x10,0x61,0x08,0x41,0x08,0x41,0x08,0x41,0x08,0x41,0x08,
    0x41,0x08,0x41,0x08,0x41,0x08,0x41,0x08,0x41,0x08,0x41,0x08,0x21,0x00,0x41,0x00,0x62,0x08,0xA3,0x10,0xA3,0x10,0xA3,0x10,
    0xA3,0x10,0x82,0x08,0x41,0x08,0x20,0x00,0x21,0x00,0x21,0x00,0x21,0x00,0x21,0x00,0x21,0x00,0x20,0x00,0x20,0x00,0x20,0x00,
    0x20,0x00,0x20,0x00,0x20,0x00,0x41,0x08,0x62,0x08,0x82,0x10,0x82,0x08,0x82,0x08,0x61,0x08,0x41,0x00,0x20,0x00,0x20,0x00,
    0x20,0x00,0x20,0x00,0x20,0x00,0x20,0x00,0x20,0x00,0x61,0x08,0x82,0x10,0x82,0x10,0x82,0x10,0x82,0x10,0x82,0x10,0x82,0x10,
    0xA2,0x10,0x62,0x08,0x41,0x00,0x20,0x00,0x21,0x00,0x21,0x00,0x21,0x00,0x21,0x00,0x21,0x00,0x21,0x00,0x20,0x00,0x41,0x08,
    0x82,0x08,0xC3,0x10,0xC3,0x10,0xC3,0x10,0xC3,0x10,0xC3,0x18,0xC3,0x18,0xC3,0x18,0xA2,0x10,0x41,0x08,0x41,0x00,0x41,0x08,
    0x41,0x08,0x41,0x08,0x41,0x08,0x41,0x08,0x41,0x08,0x41,0x08,0x41,0x08,0xA3,0x10,0xE4,0x18,0x04,0x19,0x04,0x19,0x04,0x19,
    0x04,0x19,0x04,0x19,0x04,0x19,0xC3,0x10,0x61,0x08,0x41,0x08,0x41,0x08,0x41,0x08,0x41,0x08,0x41,0x08,0x41,0x08,0x41,0x08,
    0x41,0x08,0x41,0x08,0x82,0x10,0xE4,0x18,0x04,0x19,0x04,0x19,0x04,0x19,0x04,0x19,0x04,0x19,0x04,0x19,0xC3,0x18,0x82,0x08,
    0x41,0x08,0x41,0x08,0x41,0x08,0x41,0x08,0x41,0x08,0x41,0x08,0x41,0x08,0x41,0x08,0x41,0x08,0x82,0x10,0xE4,0x18,0x04,0x19,
    0x04,0x19,0x04,0x19,0x04,0x19,0x04,0x19,0x04,0x19,0xC3,0x18,0x82,0x08,0x41,0x08,0x41,0x08,0x41,0x08,0x41,0x08,0x41,0x08,
    0x41,0x08,0x41,0x08,0x41,0x08,0x41,0x08,0x82,0x10,0xE4,0x18,0x04,0x19,0x04,0x19,0x04,0x19,0x04,0x19,0x04,0x19,0x04,0x19,
    0xC3,0x18,0x82,0x08,0x41,0x08,0x41,0x08,0x41,0x08,0x41,0x08,0x41,0x08,0x41,0x08,0x41,0x08,0x41,0x08,0x41,0x08,0x82,0x10,
    0xE4,0x18,0x04,0x19,0x04,0x19,0x04,0x19,0x04,0x19,0x04,0x19,0x04,0x19,0xE3,0x18,0x82,0x08,0x41,0x08,0x41,0x08,0x41,0x08,
    0x41,0x08,0x41,0x08,0x41,0x08,0x41,0x08,0x41,0x08,0x41,0x08,0x82,0x10,0xE4,0x18,0x04,0x19,0x04,0x19,0x04,0x19,0x04,0x19,
    0x04,0x19,0x04,0x19,0xE3,0x18,0x82,0x08,0x41,0x08,0x41,0x08,0x41,0x08,0x41,0x08,0x41,0x08,0x41,0x08,0x41,0x08,0x41,0x08,
    0x41,0x08,0x82,0x10,0xE4,0x18,0x04,0x19,0x04,0x19,0x04,0x19,0x04,0x19,0x04,0x19,0x04,0x19,0xE3,0x18,0x82,0x08,0x41,0x08,
    0x41,0x08,0x41,0x08,0x41,0x08,0x41,0x08,0x41,0x08,0x41,0x08,0x41,0x08,0x41,0x08,0x82,0x10,0xE4,0x18,0x04,0x19,0x04,0x19,
    0x04,0x19,0x04,0x19,0x04,0x19,0x04,0x19,0xE3,0x18,0x82,0x08,0x41,0x08,0x41,0x08,0x41,0x08,0x41,0x08,0x41,0x08,0x41,0x08,
    0x41,0x08,0x41,0x08,0x41,0x08,0x82,0x08,0xE3,0x18,0x04,0x19,0x04,0x19,0x04,0x19,0x04,0x19,0x04,0x19,0x04,0x19,0xE4,0x18,
    0x82,0x10,0x41,0x08,0x41,0x08,0x41,0x08,0x41,0x08,0x41,0x08,0x41,0x08,0x41,0x08,0x41,0x08,0x41,0x08,0x82,0x08,0xE3,0x18,
    0x04,0x19,0x04,0x19,0x04,0x19,0x04,0x19,0x04,0x19,0x04,0x19,0xE4,0x18,0x82,0x10,0x41,0x08,0x41,0x08,0x41,0x08,0x41,0x08,
    0x41,0x08,0x41,0x08,0x41,0x08,0x41,0x08,0x41,0x08,0x82,0x08,0xE3,0x18,0x04,0x19,0x04,0x19,0x04,0x19,0x04,0x19,0x04,0x19,
    0x04,0x19,0xE4,0x18,0x82,0x10,0x41,0x08,0x41,0x08,0x41,0x08,0x41,0x08,0x41,0x08,0x41,0x08,0x41,0x08,0x41,0x08,0x41,0x08,
    0x82,0x08,0xC3,0x18,0x04,0x19,0x04,0x19,0x04,0x19,0x04,0x19,0x04,0x19,0x04,0x19,0xE4,0x18,0x82,0x10,0x41,0x08,0x41,0x08,
    0x41,0x08,0x41,0x08,0x41,0x08,0x41,0x08,0x41,0x08,0x41,0x08,0x41,0x08,0x82,0x08,0xC3,0x18,0x04,0x19,0xE4,0x18,0xE4,0x18,
    0xE4,0x18,0xE4,0x18,0xE4,0x18,0xE3,0x18,0x82,0x10,0x41,0x08,0x41,0x00,0x41,0x08,0x41,0x08,0x41,0x08,0x41,0x08,0x41,0x08,
    0x41,0x08,0x21,0x00,0x61,0x08,0xA2,0x10,0xC3,0x18,0xC3,0x10,0xC3,0x10,0xC3,0x10,0xC3,0x10,0xA3,0x10,0xA3,0x10,0x61,0x08,
    0x21,0x00,0x20,0x00,0x21,0x00,0x21,0x00,0x21,0x00,0x20,0x00,0x20,0x00,0x20,0x00,0x20,0x00,0x21,0x00,0x61,0x08,0x82,0x10,
    0x82,0x10,0x82,0x10,0x82,0x10,0x82,0x08,0x82,0x08,0x82,0x08,0x41,0x08,0x20,0x00,0x20,0x00,0x20,0x00,0x20,0x00,0x41,0x08,
    0x62,0x08,0x82,0x10,0x82,0x10,0x82,0x10,0x61,0x08,0x41,0x08,0x61,0x08,0x82,0x10,0x82,0x10,0xA2,0x10,0x82,0x10,0x61,0x08,
    0x21,0x00,0x20,0x00,0x21,0x00,0x21,0x00,0x21,0x00,0x20,0x00,0x61,0x08,0xA3,0x10,0xC3,0x10,0xC3,0x10,0xC3,0x10,0x82,0x10,
    0x41,0x08,0x82,0x10,0xC3,0x10,0xC3,0x18,0xC3,0x18,0xC3,0x18,0x82,0x10,0x41,0x08,0x41,0x00,0x41,0x08,0x41,0x08,0x41,0x08,
    0x41,0x08,0x82,0x08,0xE3,0x18,0xE4,0x18,0x04,0x19,0xE4,0x18,0xA3,0x10,0x62,0x08,0xA3,0x10,0xE4,0x18,0xE4,0x18,0xE4,0x18,
    0xE4,0x18,0x82,0x10,0x41,0x08,0x41,0x08,0x41,0x08,0x41,0x08,0x41,0x08,0x41,0x08,0x62,0x08,0xE3,0x18,0x04,0x19,0xE4,0x18,
    0xE4,0x18,0xC3,0x10,0x62,0x08,0x82,0x10,0xE3,0x18,0x04,0x19,0xE4,0x18,0xE4,0x18,0xA3,0x10,0x41,0x08,0x41,0x08,0x41,0x08,
    0x41,0x08,0x41,0x08,0x41,0x08,0x62,0x08,0xE3,0x18,0x04,0x19,0xE4,0x18,0xE4,0x18,0xC3,0x10,0x62,0x08,0x82,0x10,0xE3,0x18,
    0x04,0x19,0xE4,0x18,0xE4,0x18,0xA3,0x10,0x41,0x08,0x41,0x08,0x41,0x08,0x41,0x08,0x41,0x08,0x41,0x08,0x62,0x08,0xE3,0x18,
    0x04,0x19,0xE4,0x18,0xE4,0x18,0xC3,0x10,0x62,0x08,0x82,0x10,0xE3,0x18,0x04,0x19,0xE4,0x18,0xE4,0x18,0xA3,0x10,0x41,0x08,
    0x41,0x08,0x41,0x08,0x41,0x08,0x41,0x08,0x41,0x08,0x62,0x08,0xE3,0x18,0x04,0x19,0xE4,0x18,0xE4,0x18,0xC3,0x10,0x62,0x08,
    0x82,0x10,0xE3,0x18,0x04,0x19,0xE4,0x18,0x04,0x19,0xA3,0x10,0x61,0x08,0x41,0x08,0x41,0x08,0x41,0x08,0x41,0x08,0x41,0x08,
    0x61,0x08,0xC3,0x18,0x04,0x19,0xE4,0x18,0x04,0x19,0xC3,0x18,0x62,0x08,0x82,0x10,0xE3,0x18,0x04,0x19,0xE4,0x18,0x04,0x19,
    0xA3,0x10,0x61,0x08,0x41,0x08,0x41,0x08,0x41,0x08,0x41,0x08,0x41,0x08,0x61,0x08,0xC3,0x18,0x04,0x19,0xE4,0x18,0x04,0x19,
    0xC3,0x18,0x62,0x08,0x82,0x10,0xE3,0x18,0x04,0x19,0xE4,0x18,0x04,0x19,0xA3,0x10,0x61,0x08,0x41,0x08,0x41,0x08,0x41,0x08,
    0x41,0x08,0x41,0x08,0x61,0x08,0xC3,0x18,0x04,0x19,0xE4,0x18,0x04,0x19,0xC3,0x18,0x62,0x08,0x82,0x10,0xE3,0x18,0x04,0x19,
    0xE4,0x18,0x04,0x19,0xA3,0x10,0x61,0x08,0x41,0x08,0x41,0x08,0x41,0x08,0x41,0x08,0x41,0x08,0x61,0x08,0xA3,0x10,0x04,0x19,
    0xE4,0x18,0x04,0x19,0xE3,0x18,0x82,0x10,0x62,0x08,0xC3,0x18,0x04,0x19,0xE4,0x18,0x04,0x19,0xC3,0x18,0x61,0x08,0x41,0x08,
    0x41,0x08,0x41,0x08,0x41,0x08,0x41,0x08,0x61,0x08,0xA3,0x10,0x04,0x19,0xE4,0x18,0x04,0x19,0xE3,0x18,0x82,0x10,0x62,0x08,
    0xC3,0x18,0x04,0x19,0xE4,0x18,0x04,0x19,0xC3,0x18,0x61,0x08,0x41,0x08,0x41,0x08,0x41,0x08,0x41,0x08,0x41,0x08,0x61,0x08,
    0xA3,0x10,0x04,0x19,0xE4,0x18,0x04,0x19,0xE3,0x18,0x82,0x10,0x62,0x08,0xC3,0x10,0xE4,0x18,0xE4,0x18,0x04,0x19,0xE3,0x18,
    0x62,0x08,0x41,0x08,0x41,0x08,0x41,0x08,0x41,0x08,0x41,0x08,0x41,0x08,0xA3,0x10,0xE4,0x18,0xE4,0x18,0x04,0x19,0xE3,0x18,
    0x82,0x10,0x62,0x08,0xC3,0x10,0xE4,0x18,0xE4,0x18,0x04,0x19,0xE3,0x18,0x62,0x08,0x41,0x08,0x41,0x08,0x41,0x08,0x41,0x08,
    0x41,0x08,0x41,0x08,0xA3,0x10,0xE4,0x18,0xE4,0x18,0x04,0x19,0xE3,0x18,0x82,0x10,0x62,0x08,0xC3,0x10,0xE4,0x18,0xE4,0x18,
    0xE4,0x18,0xC3,0x10,0x62,0x08,0x41,0x08,0x41,0x08,0x41,0x08,0x41,0x08,0x21,0x00,0x41,0x08,0x82,0x10,0xC3,0x18,0xC3,0x10,
    0xC3,0x18,0xA3,0x10,0x61,0x08,0x61,0x08,0x82,0x10,0xA3,0x10,0xA3,0x10,0xA3,0x10,0x82,0x10,0x41,0x08,0x20,0x00,0x20,0x00,
    0x21,0x00,0x20,0x00,0x20,0x00,0x20,0x00,0x41,0x08,0x82,0x10,0x82,0x10,0x82,0x10,0x82,0x10,0x61,0x08,0x21,0x00,0x41,0x08,
    0x82,0x08,0x82,0x08,0x82,0x08,0x61,0x08,0x20,0x00,0x20,0x00,0x61,0x08,0x82,0x08,0x82,0x08,0x82,0x10,0x62,0x08,0x41,0x08,
    0x20,0x00,0x20,0x00,0x20,0x00,0x41,0x00,0x82,0x08,0xA2,0x10,0xA2,0x10,0xA2,0x10,0x82,0x10,0x41,0x08,0x21,0x00,0x20,0x00,
    0x41,0x08,0x82,0x10,0xA3,0x10,0xA3,0x10,0xC3,0x10,0xA2,0x10,0x61,0x08,0x21,0x00,0x41,0x00,0x21,0x00,0x41,0x08,0xA2,0x10,
    0xC3,0x18,0xC3,0x18,0xE3,0x18,0xC3,0x10,0x62,0x08,0x41,0x08,0x41,0x00,0x61,0x08,0xC3,0x10,0xE4,0x18,0xE4,0x18,0xE4,0x18,
    0xC3,0x18,0x62,0x08,0x41,0x08,0x41,0x08,0x41,0x08,0x61,0x08,0xC3,0x10,0xE4,0x18,0xE4,0x18,0x04,0x19,0xC3,0x18,0x62,0x08,
    0x41,0x08,0x41,0x08,0x61,0x08,0xA3,0x10,0x04,0x19,0xE4,0x18,0x04,0x19,0xE3,0x18,0x82,0x10,0x41,0x08,0x41,0x08,0x41,0x08,
    0x61,0x08,0xA3,0x10,0xE4,0x18,0xE4,0x18,0xE4,0x18,0xE3,0x18,0x82,0x10,0x41,0x08,0x41,0x08,0x61,0x08,0xA3,0x10,0x04,0x19,
    0xE4,0x18,0x04,0x19,0xE3,0x18,0x82,0x10,0x41,0x08,0x41,0x08,0x41,0x08,0x61,0x08,0xA3,0x10,0xE4,0x18,0xE4,0x18,0xE4,0x18,
    0xE3,0x18,0x82,0x10,0x41,0x08,0x41,0x08,0x61,0x08,0xA3,0x10,0x04,0x19,0xE4,0x18,0x04,0x19,0xE3,0x18,0x82,0x10,0x41,0x08,
    0x41,0x08,0x41,0x08,0x61,0x08,0xA3,0x10,0xE4,0x18,0xE4,0x18,0xE4,0x18,0xE3,0x18,0x82,0x10,0x41,0x08,0x41,0x08,0x61,0x08,
    0xA3,0x10,0x04,0x19,0xE4,0x18,0x04,0x19,0xE3,0x18,0x82,0x10,0x41,0x08,0x41,0x08,0x41,0x08,0x41,0x08,0xA3,0x10,0xE4,0x18,
    0xE4,0x18,0xE4,0x18,0xE4,0x18,0x82,0x10,0x41,0x08,0x41,0x08,0x41,0x08,0xA3,0x10,0xE4,0x18,0xE4,0x18,0x04,0x19,0xE3,0x18,
    0x82,0x10,0x41,0x08,0x41,0x08,0x41,0x08,0x41,0x08,0xA3,0x10,0xE4,0x18,0xE4,0x18,0xE4,0x18,0xE4,0x18,0x82,0x10,0x41,0x08,
    0x41,0x08,0x41,0x08,0xA3,0x10,0xE4,0x18,0xE4,0x18,0x04,0x19,0xE3,0x18,0x82,0x10,0x41,0x08,0x41,0x08,0x41,0x08,0x41,0x08,
    0xA3,0x10,0xE4,0x18,0xE4,0x18,0xE4,0x18,0xE4,0x18,0x82,0x10,0x41,0x08,0x41,0x08,0x41,0x08,0xA3,0x10,0xE4,0x18,0xE4,0x18,
    0x04,0x19,0xE3,0x18,0x82,0x10,0x41,0x08,0x41,0x08,0x41,0x08,0x41,0x08,0xA3,0x10,0xE4,0x18,0xE4,0x18,0xE4,0x18,0xE4,0x18,
    0x82,0x10,0x41,0x08,0x41,0x08,0x41,0x08,0x82,0x10,0xE4,0x18,0xE4,0x18,0xE4,0x18,0xE4,0x18,0xA3,0x10,0x41,0x08,0x41,0x08,
    0x41,0x08,0x41,0x08,0x82,0x10,0xE3,0x18,0x04,0x19,0xE4,0x18,0xE4,0x18,0xA3,0x10,0x41,0x08,0x41,0x08,0x41,0x08,0x82,0x10,
    0xE4,0x18,0xE4,0x18,0xE4,0x18,0xE4,0x18,0xA3,0x10,0x41,0x08,0x41,0x08,0x41,0x08,0x41,0x08,0x82,0x10,0xE3,0x18,0x04,0x19,
    0xE4,0x18,0xE4,0x18,0xA3,0x10,0x41,0x08,0x41,0x08,0x41,0x08,0x82,0x10,0xE4,0x18,0xE4,0x18,0xE4,0x18,0xE4,0x18,0xA3,0x10,
    0x41,0x08,0x41,0x08,0x41,0x08,0x41,0x08,0x82,0x10,0xE3,0x18,0x04,0x19,0xE4,0x18,0x04,0x19,0xA3,0x10,0x61,0x08,0x41,0x08,
    0x41,0x08,0x82,0x10,0xE3,0x18,0xE4,0x18,0xE4,0x18,0xE4,0x18,0xA3,0x10,0x61,0x08,0x41,0x08,0x41,0x08,0x41,0x08,0x82,0x10,
    0xE3,0x18,0x04,0x19,0xE4,0x18,0x04,0x19,0xA3,0x10,0x61,0x08,0x41,0x08,0x41,0x08,0x82,0x10,0xE3,0x18,0xE4,0x18,0xE4,0x18,
    0xE4,0x18,0xA3,0x10,0x61,0x08,0x41,0x08,0x41,0x08,0x41,0x08,0x82,0x08,0xC3,0x18,0xE4,0x18,0xE3,0x18,0xE4,0x18,0xA2,0x10,
    0x41,0x08,0x41,0x00,0x41,0x00,0x62,0x08,0xC3,0x10,0xC3,0x18,0xC3,0x18,0xC3,0x10,0x82,0x10,0x41,0x08,0x20,0x00,0x21,0x00,
    0x21,0x00,0x61,0x08,0xA2,0x10,0xA3,0x10,0xA3,0x10,0xA3,0x10,0x82,0x08,0x41,0x08,0x20,0x00,0x20,0x00,0x41,0x08,0x82,0x10,
    0x82,0x10,0x82,0x10,0x82,0x10,0x62,0x08,0x21,0x00,0x20,0x00,0x20,0x00,0x20,0x00,0x41,0x00,0x61,0x08,0x82,0x08,0x62,0x08,
    0x41,0x08,0x62,0x08,0x82,0x08,0x82,0x08,0x82,0x08,0x41,0x08,0x20,0x00,0x20,0x00,0x20,0x00,0x20,0x00,0x20,0x00,0x20,0x00,
    0x20,0x00,0x41,0x08,0x82,0x10,0xA2,0x10,0xA2,0x10,0xA2,0x10,0x82,0x10,0x62,0x08,0xA2,0x10,0xA3,0x10,0xA3,0x10,0xA3,0x10,
    0x62,0x08,0x21,0x00,0x21,0x00,0x41,0x08,0x41,0x08,0x41,0x08,0x41,0x00,0x21,0x00,0x62,0x08,0xC3,0x10,0xE3,0x18,0xE3,0x18,
    0xE3,0x18,0xA3,0x10,0xA2,0x10,0xE3,0x18,0xE4,0x18,0xE4,0x18,0xE3,0x18,0x82,0x10,0x41,0x08,0x41,0x08,0x41,0x08,0x41,0x08,
    0x41,0x08,0x41,0x08,0x41,0x08,0x82,0x10,0xE3,0x18,0xE4,0x18,0xE4,0x18,0xE4,0x18,0xC3,0x10,0xA2,0x10,0xE4,0x18,0xE4,0x18,
    0xE4,0x18,0xE4,0x18,0xA2,0x10,0x41,0x08,0x41,0x08,0x41,0x08,0x41,0x08,0x41,0x08,0x41,0x08,0x41,0x08,0x62,0x08,0xC3,0x18,
    0xE4,0x18,0xE4,0x18,0xE4,0x18,0xC3,0x10,0xA2,0x10,0xE4,0x18,0xE4,0x18,0xE4,0x18,0xE4,0x18,0xA2,0x10,0x41,0x08,0x41,0x08,
    0x41,0x08,0x41,0x08,0x41,0x08,0x41,0x08,0x41,0x08,0x62,0x08,0xC3,0x18,0xE4,0x18,0xE4,0x18,0xE4,0x18,0xC3,0x10,0xA2,0x10,
    0xE4,0x18,0xE4,0x18,0xE4,0x18,0xE4,0x18,0xA2,0x10,0x41,0x08,0x41,0x08,0x41,0x08,0x41,0x08,0x41,0x08,0x41,0x08,0x41,0x08,
    0x62,0x08,0xC3,0x18,0xE4,0x18,0xE4,0x18,0xE4,0x18,0xC3,0x10,0xA2,0x10,0xE4,0x18,0xE4,0x18,0xE4,0x18,0xE4,0x18,0xA2,0x10,
    0x41,0x08,0x41,0x08,0x41,0x08,0x41,0x08,0x41,0x08,0x41,0x08,0x41,0x08,0x61,0x08,0xC3,0x10,0xE4,0x18,0xE4,0x18,0xE4,0x18,
    0xC3,0x18,0xA2,0x10,0xC3,0x18,0xE4,0x18,0xE4,0x18,0xE4,0x18,0xA3,0x10,0x41,0x08,0x41,0x08,0x41,0x08,0x41,0x08,0x41,0x08,
    0x41,0x08,0x41,0x08,0x61,0x08,0xC3,0x10,0xE4,0x18,0xE4,0x18,0xE4,0x18,0xC3,0x18,0xA2,0x10,0xC3,0x18,0xE4,0x18,0xE4,0x18,
    0xE4,0x18,0xA3,0x10,0x41,0x08,0x41,0x08,0x41,0x08,0x41,0x08,0x41,0x08,0x41,0x08,0x41,0x08,0x61,0x08,0xC3,0x10,0xE4,0x18,
    0xE4,0x18,0xE4,0x18,0xC3,0x18,0xA2,0x10,0xC3,0x18,0xE4,0x18,0xE4,0x18,0xE4,0x18,0xA3,0x10,0x41,0x08,0x41,0x08,0x41,0x08,
    0x41,0x08,0x41,0x08,0x41,0x08,0x41,0x08,0x61,0x08,0xC3,0x10,0xE4,0x18,0xE4,0x18,0xE4,0x18,0xC3,0x18,0xA2,0x10,0xC3,0x18,
    0xE4,0x18,0xE4,0x18,0xE4,0x18,0xC3,0x10,0x61,0x08,0x41,0x08,0x41,0x08,0x41,0x08,0x41,0x08,0x41,0x08,0x41,0x08,0x41,0x08,
    0xA3,0x10,0xE4,0x18,0xE4,0x18,0xE4,0x18,0xC3,0x18,0xA2,0x10,0xC3,0x18,0xE4,0x18,0xE4,0x18,0xE4,0x18,0xC3,0x10,0x61,0x08,
    0x41,0x08,0x41,0x08,0x41,0x08,0x41,0x08,0x41,0x08,0x41,0x08,0x41,0x08,0xA3,0x10,0xE4,0x18,0xE4,0x18,0xE4,0x18,0xC3,0x18,
    0xA2,0x10,0xC3,0x18,0xE4,0x18,0xE4,0x18,0xE4,0x18,0xC3,0x10,0x61,0x08,0x41,0x08,0x41,0x08,0x41,0x08,0x41,0x08,0x41,0x08,
    0x41,0x08,0x41,0x08,0xA2,0x10,0xE4,0x18,0xE4,0x18,0xE4,0x18,0xE4,0x18,0xA2,0x10,0xC3,0x10,0xE4,0x18,0xE4,0x18,0xE4,0x18,
    0xC3,0x18,0x62,0x08,0x41,0x08,0x41,0x08,0x41,0x08,0x41,0x08,0x41,0x08,0x41,0x08,0x41,0x08,0xA2,0x10,0xE4,0x18,0xE4,0x18,
    0xE4,0x18,0xE4,0x18,0xA2,0x10,0xC3,0x10,0xE4,0x18,0xE4,0x18,0xE4,0x18,0xC3,0x18,0x62,0x08,0x41,0x08,0x41,0x08,0x41,0x08,
    0x41,0x08,0x41,0x08,0x41,0x08,0x41,0x08,0xA2,0x10,0xC3,0x18,0xE4,0x18,0xE3,0x18,0xC3,0x18,0x82,0x10,0xA2,0x10,0xC3,0x18,
    0xC3,0x18,0xC3,0x18,0xA3,0x10,0x61,0x08,0x21,0x00,0x21,0x00,0x41,0x00,0x41,0x00,0x41,0x00,0x20,0x00,0x21,0x00,0x82,0x08,
    0xA2,0x10,0xA3,0x10,0xA3,0x10,0xA2,0x10,0x62,0x08,0x82,0x08,0xA2,0x10,0x82,0x10,0x82,0x10,0x82,0x10,0x41,0x08,0x20,0x00,
    0x20,0x00,0x20,0x00,0x20,0x00,0x20,0x00,0x20,0x00,0x20,0x00,0x41,0x08,0x62,0x08,0x62,0x08,0x62,0x08,0x82,0x08,0x61,0x08,
    0x20,0x00,0x20,0x00,0x20,0x00,0x20,0x00,0x20,0x00,0x20,0x00,0x20,0x00,0x20,0x00,0x20,0x00,0x20,0x00,0x20,0x00,0x62,0x08,
    0xA2,0x10,0xA2,0x10,0xA3,0x10,0xA3,0x10,0xA3,0x10,0xA3,0x10,0x82,0x10,0x41,0x08,0x21,0x00,0x41,0x00,0x41,0x00,0x41,0x08,
    0x41,0x08,0x41,0x08,0x41,0x08,0x41,0x08,0x21,0x00,0x41,0x08,0x82,0x10,0xC3,0x18,0xE3,0x18,0xE4,0x18,0xE4,0x18,0xE4,0x18,
    0xE4,0x18,0xA3,0x10,0x61,0x08,0x41,0x08,0x41,0x08,0x41,0x08,0x41,0x08,0x41,0x08,0x41,0x08,0x41,0x08,0x41,0x08,0x41,0x08,
    0x41,0x08,0xA2,0x10,0xE3,0x18,0xE4,0x18,0xE4,0x18,0xE4,0x18,0xE4,0x18,0xE4,0x18,0xC3,0x10,0x61,0x08,0x41,0x08,0x41,0x08,
    0x41,0x08,0x41,0x08,0x41,0x08,0x41,0x08,0x41,0x08,0x41,0x08,0x41,0x08,0x41,0x08,0x82,0x10,0xE3,0x18,0xE4,0x18,0xE4,0x18,
    0xE4,0x18,0xE4,0x18,0xE4,0x18,0xC3,0x10,0x61,0x08,0x41,0x08,0x41,0x08,0x41,0x08,0x41,0x08,0x41,0x08,0x41,0x08,0x41,0x08,
    0x41,0x08,0x41,0x08,0x41,0x08,0x82,0x10,0xE3,0x18,0xE4,0x18,0xE4,0x18,0xE4,0x18,0xE4,0x18,0xE4,0x18,0xC3,0x10,0x61,0x08,
    0x41,0x08,0x41,0x08,0x41,0x08,0x41,0x08,0x41,0x08,0x41,0x08,0x41,0x08,0x41,0x08,0x41,0x08,0x41,0x08,0x82,0x10,0xE3,0x18,
    0xE4,0x18,0xE4,0x18,0xE4,0x18,0xE4,0x18,0xE4,0x18,0xC3,0x10,0x61,0x08,0x41,0x08,0x41,0x08,0x41,0x08,0x41,0x08,0x41,0x08,
    0x41,0x08,0x41,0x08,0x41,0x08,0x41,0x08,0x41,0x08,0x82,0x08,0xC3,0x18,0xE4,0x18,0xE4,0x18,0xE4,0x18,0xE4,0x18,0xE4,0x18,
    0xC3,0x18,0x62,0x08,0x41,0x08,0x41,0x08,0x41,0x08,0x41,0x08,0x41,0x08,0x41,0x08,0x41,0x08,0x41,0x08,0x41,0x08,0x41,0x08,
    0x82,0x08,0xC3,0x18,0xE4,0x18,0xE4,0x18,0xE4,0x18,0xE4,0x18,0xE4,0x18,0xC3,0x18,0x62,0x08,0x41,0x08,0x41,0x08,0x41,0x08,
    0x41,0x08,0x41,0x08,0x41,0x08,0x41,0x08,0x41,0x08,0x41,0x08,0x41,0x08,0x82,0x08,0xC3,0x18,0xE4,0x18,0xE4,0x18,0xE4,0x18,
    0xE4,0x18,0xE4,0x18,0xC3,0x18,0x62,0x08,0x41,0x08,0x41,0x08,0x41,0x08,0x41,0x08,0x41,0x08,0x41,0x08,0x41,0x08,0x41,0x08,
    0x41,0x08,0x41,0x08,0x82,0x08,0xC3,0x18,0xE4,0x18,0xE4,0x18,0xE4,0x18,0xE4,0x18,0xE4,0x18,0xC3,0x18,0x82,0x08,0x41,0x08,
    0x41,0x08,0x41,0x08,0x41,0x08,0x41,0x08,0x41,0x08,0x41,0x08,0x41,0x08,0x41,0x08,0x41,0x08,0x62,0x08,0xC3,0x18,0xE4,0x18,
    0xE4,0x18,0xE4,0x18,0xE4,0x18,0xE4,0x18,0xC3,0x18,0x82,0x08,0x41,0x08,0x41,0x08,0x41,0x08,0x41,0x08,0x41,0x08,0x41,0x08,
    0x41,0x08,0x41,0x08,0x41,0x08,0x41,0x08,0x62,0x08,0xC3,0x18,0xE4,0x18,0xE4,0x18,0xE4,0x18,0xE4,0x18,0xE4,0x18,0xC3,0x18,
    0x82,0x08,0x41,0x08,0x41,0x08,0x41,0x08,0x41,0x08,0x41,0x08,0x41,0x08,0x41,0x08,0x41,0x08,0x41,0x08,0x41,0x08,0x61,0x08,
    0xC3,0x10,0xE4,0x18,0xE4,0x18,0xE4,0x18,0xE4,0x18,0xE4,0x18,0xE3,0x18,0x82,0x10,0x41,0x08,0x41,0x08,0x41,0x08,0x41,0x08,
    0x41,0x08,0x41,0x08,0x41,0x08,0x41,0x08,0x41,0x08,0x41,0x08,0x61,0x08,0xC3,0x10,0xE4,0x18,0xE4,0x18,0xE4,0x18,0xE4,0x18,
    0xE4,0x18,0xE3,0x18,0x82,0x10,0x41,0x08,0x41,0x08,0x41,0x08,0x41,0x08,0x41,0x08,0x41,0x08,0x41,0x08,0x41,0x08,0x41,0x08,
    0x41,0x08,0x61,0x08,0xA3,0x10,0xE3,0x18,0xE3,0x18,0xE3,0x18,0xC3,0x18,0xC3,0x18,0xC3,0x18,0x82,0x08,0x41,0x08,0x21,0x00,
    0x41,0x08,0x41,0x00,0x41,0x00,0x41,0x00,0x41,0x00,0x21,0x00,0x21,0x00,0x20,0x00,0x41,0x08,0x82,0x10,0xA2,0x10,0xA2,0x10,
    0xA2,0x10,0xA2,0x10,0xA2,0x10,0x82,0x10,0x61,0x08,0x20,0x00,0x20,0x00,0x20,0x00,0x20,0x00,0x20,0x00,0x20,0x00,0x20,0x00,
    0x20,0x00,0x20,0x00,0x20,0x00,0x20,0x00,0x62,0x08,0x61,0x08,0x41,0x00,0x20,0x00,0x20,0x00,0x20,0x00,0x20,0x00,0x20,0x00,
    0x20,0x00,0x20,0x00,0x20,0x00,0x20,0x00,0x20,0x00,0x20,0x00,0x20,0x00,0x20,0x00,0x41,0x08,0x82,0x08,0xA3,0x10,0xA2,0x10,
    0xA2,0x10,0x41,0x08,0x21,0x00,0x21,0x00,0x41,0x00,0x41,0x00,0x41,0x00,0x41,0x08,0x41,0x08,0x41,0x08,0x41,0x08,0x41,0x08,
    0x41,0x08,0x41,0x08,0x41,0x00,0x41,0x08,0xA2,0x10,0xE3,0x18,0xE3,0x18,0xC3,0x18,0x62,0x08,0x41,0x08,0x41,0x08,0x41,0x08,
    0x41,0x08,0x41,0x08,0x41,0x08,0x41,0x08,0x41,0x08,0x41,0x08,0x41,0x08,0x41,0x08,0x41,0x08,0x41,0x08,0x61,0x08,0xA3,0x10,
    0xE4,0x18,0xE3,0x18,0xC3,0x18,0x62,0x08,0x41,0x08,0x41,0x08,0x41,0x08,0x41,0x08,0x41,0x08,0x41,0x08,0x41,0x08,0x41,0x08,
    0x41,0x08,0x41,0x08,0x41,0x08,0x41,0x08,0x41,0x08,0x61,0x08,0xA3,0x10,0xE4,0x18,0xE3,0x18,0xC3,0x18,0x62,0x08,0x41,0x08,
    0x41,0x08,0x41,0x08,0x41,0x08,0x41,0x08,0x41,0x08,0x41,0x08,0x41,0x08,0x41,0x08,0x41,0x08,0x41,0x08,0x41,0x08,0x41,0x08,
    0x61,0x08,0xA3,0x10,0xE4,0x18,0xE3,0x18,0xC3,0x18,0x62,0x08,0x41,0x08,0x41,0x08,0x41,0x08,0x41,0x08,0x41,0x08,0x41,0x08,
    0x41,0x08,0x41,0x08,0x41,0x08,0x41,0x08,0x41,0x08,0x41,0x08,0x41,0x08,0x61,0x08,0xA3,0x10,0xE4,0x18,0xE3,0x18,0xC3,0x18,
    0x62,0x08,0x41,0x08,0x41,0x08,0x41,0x08,0x41,0x08,0x41,0x08,0x41,0x08,0x41,0x08,0x41,0x08,0x41,0x08,0x41,0x08,0x41,0x08,
    0x41,0x08,0x41,0x08,0x41,0x08,0x82,0x10,0xE3,0x18,0xE3,0x18,0xE3,0x18,0x82,0x10,0x41,0x08,0x41,0x08,0x41,0x08,0x41,0x08,
    0x41,0x08,0x41,0x08,0x41,0x08,0x41,0x08,0x41,0x08,0x41,0x08,0x41,0x08,0x41,0x08,0x41,0x08,0x41,0x08,0x82,0x10,0xE3,0x18,
    0xE3,0x18,0xE3,0x18,0x82,0x10,0x41,0x08,0x41,0x08,0x41,0x08,0x41,0x08,0x41,0x08,0x41,0x08,0x41,0x08,0x41,0x08,0x41,0x08,
    0x41,0x08,0x41,0x08,0x41,0x08,0x41,0x08,0x41,0x08,0x82,0x10,0xE3,0x18,0xE3,0x18,0xE3,0x18,0x82,0x10,0x41,0x08,0x41,0x08,
    0x41,0x08,0x41,0x08,0x41,0x08,0x41,0x08,0x41,0x08,0x41,0x08,0x41,0x08,0x41,0x08,0x41,0x08,0x41,0x08,0x41,0x08,0x41,0x08,
    0x82,0x10,0xE3,0x18,0xE3,0x18,0xE3,0x18,0x82,0x10,0x41,0x08,0x41,0x08,0x41,0x08,0x41,0x08,0x41,0x08,0x41,0x08,0x41,0x08,
    0x41,0x08,0x41,0x08,0x41,0x08,0x41,0x08,0x41,0x08,0x41,0x08,0x41,0x08,0x82,0x10,0xE3,0x18,0xE3,0x18,0xE3,0x18,0x82,0x10,
    0x41,0x08,0x41,0x08,0x41,0x08,0x41,0x08,0x41,0x08,0x41,0x08,0x41,0x08,0x41,0x08,0x41,0x08,0x41,0x08,0x41,0x08,0x41,0x08,
    0x41,0x08,0x41,0x08,0x82,0x10,0xE3,0x18,0xE3,0x18,0xE3,0x18,0x82,0x10,0x41,0x08,0x41,0x08,0x41,0x08,0x41,0x08,0x41,0x08,
    0x41,0x08,0x41,0x08,0x41,0x08,0x41,0x08,0x41,0x08,0x41,0x08,0x41,0x08,0x41,0x08,0x41,0x08,0x62,0x08,0xC3,0x18,0xE3,0x18,
    0xE4,0x18,0xA3,0x10,0x61,0x08,0x41,0x08,0x41,0x08,0x41,0x08,0x41,0x08,0x41,0x08,0x41,0x08,0x41,0x08,0x41,0x08,0x41,0x08,
    0x41,0x08,0x41,0x08,0x41,0x08,0x41,0x08,0x62,0x08,0xC3,0x18,0xE3,0x18,0xE4,0x18,0xA3,0x10,0x61,0x08,0x41,0x08,0x41,0x08,
    0x41,0x08,0x41,0x08,0x41,0x08,0x41,0x08,0x41,0x08,0x41,0x08,0x41,0x08,0x41,0x08,0x41,0x08,0x41,0x08,0x41,0x08,0x62,0x08,
    0xC3,0x10,0xC3,0x18,0xC3,0x18,0xA2,0x10,0x41,0x08,0x21,0x00,0x41,0x08,0x41,0x08,0x41,0x08,0x41,0x00,0x41,0x00,0x41,0x00,
    0x41,0x00,0x21,0x00,0x21,0x00,0x21,0x00,0x21,0x00,0x21,0x00,0x41,0x08,0x82,0x10,0xA2,0x10,0xA2,0x10,0x62,0x08,0x41,0x00,
    0x20,0x00,0x20,0x00,0x20,0x00,0x20,0x00,0x20,0x00,0x20,0x00,0x20,0x00,0x20,0x00,0x20,0x00,0x20,0x00,0x20,0x00,0x20,0x00,
    0x62,0x08,0x41,0x08,0x20,0x00,0x20,0x00,0x20,0x00,0x20,0x00,0x20,0x00,0x20,0x00,0x20,0x00,0x20,0x00,0x20,0x00,0x20,0x00,
    0x20,0x00,0x20,0x00,0x20,0x00,0x21,0x00,0x20,0x00,0x21,0x00,0xA2,0x10,0xA3,0x10,0x61,0x08,0x20,0x00,0x21,0x00,0x41,0x00,
    0x41,0x00,0x41,0x00,0x41,0x00,0x41,0x08,0x41,0x08,0x41,0x08,0x41,0x08,0x41,0x08,0x41,0x08,0x41,0x08,0x41,0x08,0x41,0x08,
    0x41,0x08,0xC3,0x18,0xE4,0x18,0x82,0x08,0x21,0x00,0x41,0x08,0x41,0x08,0x41,0x08,0x41,0x08,0x41,0x08,0x41,0x08,0x41,0x08,
    0x41,0x08,0x41,0x08,0x41,0x08,0x41,0x08,0x41,0x08,0x41,0x08,0x41,0x08,0x41,0x08,0xC3,0x18,0xE4,0x18,0x82,0x08,0x21,0x00,
    0x41,0x08,0x41,0x08,0x41,0x08,0x41,0x08,0x41,0x08,0x41,0x08,0x41,0x08,0x41,0x08,0x41,0x08,0x41,0x08,0x41,0x08,0x41,0x08,
    0x41,0x08,0x41,0x08,0x41,0x08,0xC3,0x18,0xE4,0x18,0x82,0x08,0x21,0x00,0x41,0x08,0x41,0x08,0x41,0x08,0x41,0x08,0x41,0x08,
    0x41,0x08,0x41,0x08,0x41,0x08,0x41,0x08,0x41,0x08,0x41,0x08,0x41,0x08,0x41,0x08,0x41,0x08,0x41,0x08,0xC3,0x18,0xE4,0x18,
    0x82,0x08,0x21,0x00,0x41,0x08,0x41,0x08,0x41,0x08,0x41,0x08,0x41,0x08,0x41,0x08,0x41,0x08,0x41,0x08,0x41,0x08,0x41,0x08,
    0x41,0x08,0x41,0x08,0x41,0x08,0x41,0x08,0x41,0x08,0xC3,0x18,0xE4,0x18,0x82,0x08,0x21,0x00,0x41,0x08,0x41,0x08,0x41,0x08,
    0x41,0x08,0x41,0x08,0x41,0x08,0x41,0x08,0x41,0x08,0x41,0x08,0x41,0x08,0x41,0x08,0x41,0x08,0x41,0x08,0x41,0x08,0x41,0x00,
    0xA3,0x10,0xE4,0x18,0xA3,0x10,0x41,0x00,0x41,0x08,0x41,0x08,0x41,0x08,0x41,0x08,0x41,0x08,0x41,0x08,0x41,0x08,0x41,0x08,
    0x41,0x08,0x41,0x08,0x41,0x08,0x41,0x08,0x41,0x08,0x41,0x08,0x41,0x00,0xA3,0x10,0xE4,0x18,0xA3,0x10,0x41,0x00,0x41,0x08,
    0x41,0x08,0x41,0x08,0x41,0x08,0x41,0x08,0x41,0x08,0x41,0x08,0x41,0x08,0x41,0x08,0x41,0x08,0x41,0x08,0x41,0x08,0x41,0x08,
    0x41,0x08,0x41,0x00,0xA3,0x10,0xE4,0x18,0xA3,0x10,0x41,0x00,0x41,0x08,0x41,0x08,0x41,0x08,0x41,0x08,0x41,0x08,0x41,0x08,
    0x41,0x08,0x41,0x08,0x41,0x08,0x41,0x08,0x41,0x08,0x41,0x08,0x41,0x08,0x41,0x08,0x41,0x00,0xA3,0x10,0xE4,0x18,0xA3,0x10,
    0x41,0x00,0x41,0x08,0x41,0x08,0x41,0x08,0x41,0x08,0x41,0x08,0x41,0x08,0x41,0x08,0x41,0x08,0x41,0x08,0x41,0x08,0x41,0x08,
    0x41,0x08,0x41,0x08,0x41,0x08,0x41,0x00,0xA3,0x10,0xE4,0x18,0xA3,0x10,0x41,0x00,0x41,0x08,0x41,0x08,0x41,0x08,0x41,0x08,
    0x41,0x08,0x41,0x08,0x41,0x08,0x41,0x08,0x41,0x08,0x41,0x08,0x41,0x08,0x41,0x08,0x41,0x08,0x41,0x08,0x41,0x00,0xA3,0x10,
    0xE4,0x18,0xA3,0x10,0x41,0x00,0x41,0x08,0x41,0x08,0x41,0x08,0x41,0x08,0x41,0x08,0x41,0x08,0x41,0x08,0x41,0x08,0x41,0x08,
    0x41,0x08,0x41,0x08,0x41,0x08,0x41,0x08,0x41,0x08,0x21,0x00,0x82,0x08,0xE4,0x18,0xC3,0x18,0x41,0x08,0x41,0x08,0x41,0x08,
    0x41,0x08,0x41,0x08,0x41,0x08,0x41,0x08,0x41,0x08,0x41,0x08,0x41,0x08,0x41,0x08,0x41,0x08,0x41,0x08,0x41,0x08,0x41,0x08,
    0x21,0x00,0x82,0x08,0xE4,0x18,0xC3,0x18,0x41,0x08,0x41,0x08,0x41,0x08,0x41,0x08,0x41,0x08,0x41,0x08,0x41,0x08,0x41,0x08,
    0x41,0x08,0x41,0x08,0x41,0x08,0x41,0x08,0x41,0x08,0x41,0x08,0x41,0x08,0x21,0x00,0x62,0x08,0xE3,0x18,0xC3,0x10,0x41,0x08,
    0x41,0x00,0x41,0x08,0x41,0x08,0x41,0x08,0x41,0x08,0x41,0x00,0x41,0x00,0x41,0x00,0x41,0x00,0x21,0x00,0x21,0x00,0x21,0x00,
    0x21,0x00,0x21,0x00,0x20,0x00,0x41,0x08,0xA2,0x10,0x82,0x10,0x21,0x00,0x20,0x00,0x20,0x00,0x20,0x00,0x20,0x00,0x20,0x00,
    0x20,0x00,0x20,0x00,0x20,0x00,0x20,0x00,0x20,0x00,0x20,0x00,0x20,0x00,0x20,0x00,0x62,0x08,0x41,0x08,0x20,0x00,0x20,0x00,
    0x20,0x00,0x20,0x00,0x20,0x00,0x20,0x00,0x20,0x00,0x20,0x00,0x20,0x00,0x20,0x00,0x20,0x00,0x20,0x00,0x20,0x00,0x21,0x00,
    0x21,0x00,0x41,0x00,0xA2,0x10,0xA3,0x10,0x61,0x08,0x20,0x00,0x21,0x00,0x41,0x00,0x41,0x00,0x41,0x00,0x41,0x00,0x41,0x08,
    0x41,0x08,0x41,0x08,0x41,0x08,0x41,0x08,0x41,0x08,0x41,0x08,0x41,0x08,0x41,0x08,0x41,0x08,0xC3,0x18,0xE4,0x18,0x62,0x08,
    0x41,0x00,0x41,0x08,0x41,0x08,0x41,0x08,0x41,0x08,0x41,0x08,0x41,0x08,0x41,0x08,0x41,0x08,0x41,0x08,0x41,0x08,0x41,0x08,
    0x41,0x08,0x41,0x08,0x41,0x08,0x41,0x08,0xC3,0x18,0xE4,0x18,0x62,0x08,0x41,0x00,0x41,0x08,0x41,0x08,0x41,0x08,0x41,0x08,
    0x41,0x08,0x41,0x08,0x41,0x08,0x41,0x08,0x41,0x08,0x41,0x08,0x41,0x08,0x41,0x08,0x41,0x08,0x41,0x08,0x41,0x08,0xC3,0x18,
    0xE4,0x18,0x62,0x08,0x41,0x00,0x41,0x08,0x41,0x08,0x41,0x08,0x41,0x08,0x41,0x08,0x41,0x08,0x41,0x08,0x41,0x08,0x41,0x08,
    0x41,0x08,0x41,0x08,0x41,0x08,0x41,0x08,0x41,0x08,0x41,0x08,0xC3,0x18,0xE4,0x18,0x62,0x08,0x41,0x00,0x41,0x08,0x41,0x08,
    0x41,0x08,0x41,0x08,0x41,0x08,0x41,0x08,0x41,0x08,0x41,0x08,0x41,0x08,0x41,0x08,0x41,0x08,0x41,0x08,0x41,0x08,0x41,0x08,
    0x41,0x08,0xC3,0x18,0xE4,0x18,0x62,0x08,0x41,0x00,0x41,0x08,0x41,0x08,0x41,0x08,0x41,0x08,0x41,0x08,0x41,0x08,0x41,0x08,
    0x41,0x08,0x41,0x08,0x41,0x08,0x41,0x08,0x41,0x08,0x41,0x08,0x41,0x08,0x41,0x00,0xA3,0x10,0xE4,0x18,0xA3,0x10,0x41,0x00,
    0x41,0x08,0x41,0x08,0x41,0x08,0x41,0x08,0x41,0x08,0x41,0x08,0x41,0x08,0x41,0x08,0x41,0x08,0x41,0x08,0x41,0x08,0x41,0x08,
    0x41,0x08,0x41,0x08,0x41,0x00,0xA3,0x10,0xE4,0x18,0xA3,0x10,0x41,0x00,0x41,0x08,0x41,0x08,0x41,0x08,0x41,0x08,0x41,0x08,
    0x41,0x08,0x41,0x08,0x41,0x08,0x41,0x08,0x41,0x08,0x41,0x08,0x41,0x08,0x41,0x08,0x41,0x08,0x41,0x00,0xA3,0x10,0xE4,0x18,
    0xA3,0x10,0x41,0x00,0x41,0x08,0x41,0x08,0x41,0x08,0x41,0x08,0x41,0x08,0x41,0x08,0x41,0x08,0x41,0x08,0x41,0x08,0x41,0x08,
    0x41,0x08,0x41,0x08,0x41,0x08,0x41,0x08,0x41,0x00,0xA3,0x10,0xE4,0x18,0xA3,0x10,0x41,0x00,0x41,0x08,0x41,0x08,0x41,0x08,
    0x41,0x08,0x41,0x08,0x41,0x08,0x41,0x08,0x41,0x08,0x41,0x08,0x41,0x08,0x41,0x08,0x41,0x08,0x41,0x08,0x41,0x08,0x41,0x00,
    0xA3,0x10,0xE4,0x18,0xA3,0x10,0x41,0x00,0x41,0x08,0x41,0x08,0x41,0x08,0x41,0x08,0x41,0x08,0x41,0x08,0x41,0x08,0x41,0x08,
    0x41,0x08,0x41,0x08,0x41,0x08,0x41,0x08,0x41,0x08,0x41,0x08,0x41,0x00,0xA3,0x10,0xE4,0x18,0xA3,0x10,0x41,0x00,0x41,0x08,
    0x41,0x08,0x41,0x08,0x41,0x08,0x41,0x08,0x41,0x08,0x41,0x08,0x41,0x08,0x41,0x08,0x41,0x08,0x41,0x08,0x41,0x08,0x41,0x08,
    0x41,0x08,0x41,0x00,0x62,0x08,0xE4,0x18,0xC3,0x18,0x41,0x08,0x41,0x08,0x41,0x08,0x41,0x08,0x41,0x08,0x41,0x08,0x41,0x08,
    0x41,0x08,0x41,0x08,0x41,0x08,0x41,0x08,0x41,0x08,0x41,0x08,0x41,0x08,0x41,0x08,0x41,0x00,0x62,0x08,0xE4,0x18,0xC3,0x18,
    0x41,0x08,0x41,0x08,0x41,0x08,0x41,0x08,0x41,0x08,0x41,0x08,0x41,0x08,0x41,0x08,0x41,0x08,0x41,0x08,0x41,0x08,0x41,0x08,
    0x41,0x08,0x41,0x08,0x41,0x08,0x41,0x00,0x62,0x08,0xE3,0x18,0xC3,0x10,0x41,0x08,0x41,0x08,0x41,0x08,0x41,0x08,0x41,0x08,
    0x41,0x08,0x41,0x00,0x41,0x00,0x41,0x00,0x41,0x00,0x21,0x00,0x21,0x00,0x21,0x00,0x21,0x00,0x21,0x00,0x20,0x00,0x41,0x08,
    0xA2,0x10,0x82,0x10,0x21,0x00,0x20,0x00,0x20,0x00,0x20,0x00,0x20,0x00,0x20,0x00,0x20,0x00,0x20,0x00,0x20,0x00,0x20,0x00,
    0x20,0x00,0x20,0x00,0x20,0x00,0x20,0x00,0x62,0x08,0x41,0x08,0x20,0x00,0x20,0x00,0x20,0x00,0x20,0x00,0x20,0x00,0x20,0x00,
    0x20,0x00,0x20,0x00,0x20,0x00,0x20,0x00,0x20,0x00,0x20,0x00,0x20,0x00,0x21,0x00,0x21,0x00,0x41,0x00,0xA2,0x10,0xA3,0x10,
    0x61,0x08,0x20,0x00,0x21,0x00,0x41,0x00,0x41,0x00,0x41,0x00,0x41,0x00,0x41,0x08,0x41,0x08,0x41,0x08,0x41,0x08,0x41,0x08,
    0x41,0x08,0x41,0x08,0x41,0x08,0x41,0x08,0x41,0x08,0xC3,0x18,0xE3,0x18,0x62,0x08,0x41,0x00,0x41,0x08,0x41,0x08,0x41,0x08,
    0x41,0x08,0x41,0x08,0x41,0x08,0x41,0x08,0x41,0x08,0x41,0x08,0x41,0x08,0x41,0x08,0x41,0x08,0x41,0x08,0x41,0x08,0x41,0x08,
    0xC3,0x18,0xE3,0x18,0x62,0x08,0x41,0x00,0x41,0x08,0x41,0x08,0x41,0x08,0x41,0x08,0x41,0x08,0x41,0x08,0x41,0x08,0x41,0x08,
    0x41,0x08,0x41,0x08,0x41,0x08,0x41,0x08,0x41,0x08,0x41,0x08,0x41,0x08,0xC3,0x18,0xE3,0x18,0x62,0x08,0x41,0x00,0x41,0x08,
    0x41,0x08,0x41,0x08,0x41,0x08,0x41,0x08,0x41,0x08,0x41,0x08,0x41,0x08,0x41,0x08,0x41,0x08,0x41,0x08,0x41,0x08,0x41,0x08,
    0x41,0x08,0x41,0x08,0xC3,0x18,0xE3,0x18,0x62,0x08,0x41,0x00,0x41,0x08,0x41,0x08,0x41,0x08,0x41,0x08,0x41,0x08,0x41,0x08,
    0x41,0x08,0x41,0x08,0x41,0x08,0x41,0x08,0x41,0x08,0x41,0x08,0x41,0x08,0x41,0x08,0x41,0x08,0xC3,0x18,0xE3,0x18,0x62,0x08,
    0x41,0x00,0x41,0x08,0x41,0x08,0x41,0x08,0x41,0x08,0x41,0x08,0x41,0x08,0x41,0x08,0x41,0x08,0x41,0x08,0x41,0x08,0x41,0x08,
    0x41,0x08,0x41,0x08,0x41,0x08,0x41,0x00,0xA2,0x10,0xE4,0x18,0xA2,0x10,0x41,0x00,0x41,0x08,0x41,0x08,0x41,0x08,0x41,0x08,
    0x41,0x08,0x41,0x08,0x41,0x08,0x41,0x08,0x41,0x08,0x41,0x08,0x41,0x08,0x41,0x08,0x41,0x08,0x41,0x08,0x41,0x00,0xA2,0x10,
    0xE4,0x18,0xA2,0x10,0x41,0x00,0x41,0x08,0x41,0x08,0x41,0x08,0x41,0x08,0x41,0x08,0x41,0x08,0x41,0x08,0x41,0x08,0x41,0x08,
    0x41,0x08,0x41,0x08,0x41,0x08,0x41,0x08,0x41,0x08,0x41,0x00,0xA2,0x10,0xE4,0x18,0xA2,0x10,0x41,0x00,0x41,0x08,0x41,0x08,
    0x41,0x08,0x41,0x08,0x41,0x08,0x41,0x08,0x41,0x08,0x41,0x08,0x41,0x08,0x41,0x08,0x41,0x08,0x41,0x08,0x41,0x08,0x41,0x08,
    0x41,0x00,0xA2,0x10,0xE4,0x18,0xA2,0x10,0x41,0x00,0x41,0x08,0x41,0x08,0x41,0x08,0x41,0x08,0x41,0x08,0x41,0x08,0x41,0x08,
    0x41,0x08,0x41,0x08,0x41,0x08,0x41,0x08,0x41,0x08,0x41,0x08,0x41,0x08,0x41,0x00,0xA2,0x10,0xE4,0x18,0xA2,0x10,0x41,0x00,
    0x41,0x08,0x41,0x08,0x41,0x08,0x41,0x08,0x41,0x08,0x41,0x08,0x41,0x08,0x41,0x08,0x41,0x08,0x41,0x08,0x41,0x08,0x41,0x08,
    0x41,0x08,0x41,0x08,0x41,0x00,0xA2,0x10,0xE4,0x18,0xA2,0x10,0x41,0x00,0x41,0x08,0x41,0x08,0x41,0x08,0x41,0x08,0x41,0x08,
    0x41,0x08,0x41,0x08,0x41,0x08,0x41,0x08,0x41,0x08,0x41,0x08,0x41,0x08,0x41,0x08,0x41,0x08,0x41,0x00,0x62,0x08,0xE3,0x18,
    0xC3,0x18,0x41,0x08,0x41,0x08,0x41,0x08,0x41,0x08,0x41,0x08,0x41,0x08,0x41,0x08,0x41,0x08,0x41,0x08,0x41,0x08,0x41,0x08,
    0x41,0x08,0x41,0x08,0x41,0x08,0x41,0x08,0x41,0x00,0x62,0x08,0xE3,0x18,0xC3,0x18,0x41,0x08,0x41,0x08,0x41,0x08,0x41,0x08,
    0x41,0x08,0x41,0x08,0x41,0x08,0x41,0x08,0x41,0x08,0x41,0x08,0x41,0x08,0x41,0x08,0x41,0x08,0x41,0x08,0x41,0x08,0x41,0x00,
    0x62,0x08,0xE3,0x18,0xC3,0x10,0x41,0x08,0x41,0x08,0x41,0x08,0x41,0x08,0x41,0x08,0x41,0x08,0x41,0x00,0x41,0x00,0x41,0x00,
    0x41,0x00,0x21,0x00,0x21,0x00,0x21,0x00,0x21,0x00,0x21,0x00,0x20,0x00,0x41,0x08,0xA2,0x10,0x82,0x10,0x21,0x00,0x20,0x00,
    0x20,0x00,0x20,0x00,0x20,0x00,0x20,0x00,0x20,0x00,0x20,0x00,0x20,0x00,0x20,0x00,0x20,0x00,0x20,0x00,0x20,0x00,0x20,0x00,
    0x62,0x08,0x41,0x08,0x20,0x00,0x20,0x00,0x20,0x00,0x20,0x00,0x20,0x00,0x20,0x00,0x20,0x00,0x20,0x00,0x20,0x00,0x20,0x00,
    0x20,0x00,0x20,0x00,0x20,0x00,0x21,0x00,0x21,0x00,0x41,0x00,0xA2,0x10,0xA3,0x10,0x61,0x08,0x20,0x00,0x21,0x00,0x41,0x00,
    0x41,0x00,0x41,0x00,0x41,0x00,0x41,0x08,0x41,0x08,0x41,0x08,0x41,0x08,0x41,0x08,0x41,0x08,0x41,0x08,0x41,0x08,0x41,0x08,
    0x41,0x08,0xC3,0x18,0xE3,0x18,0x62,0x08,0x41,0x00,0x41,0x08,0x41,0x08,0x41,0x08,0x41,0x08,0x41,0x08,0x41,0x08,0x41,0x08,
    0x41,0x08,0x41,0x08,0x41,0x08,0x41,0x08,0x41,0x08,0x41,0x08,0x41,0x08,0x41,0x08,0xC3,0x18,0xE3,0x18,0x62,0x08,0x41,0x00,
    0x41,0x08,0x41,0x08,0x41,0x08,0x41,0x08,0x41,0x08,0x41,0x08,0x41,0x08,0x41,0x08,0x41,0x08,0x41,0x08,0x41,0x08,0x41,0x08,
    0x41,0x08,0x41,0x08,0x41,0x08,0xC3,0x18,0xE3,0x18,0x62,0x08,0x41,0x00,0x41,0x08,0x41,0x08,0x41,0x08,0x41,0x08,0x41,0x08,
    0x41,0x08,0x41,0x08,0x41,0x08,0x41,0x08,0x41,0x08,0x41,0x08,0x41,0x08,0x41,0x08,0x41,0x08,0x41,0x08,0xC3,0x18,0xE3,0x18,
    0x62,0x08,0x41,0x00,0x41,0x08,0x41,0x08,0x41,0x08,0x41,0x08,0x41,0x08,0x41,0x08,0x41,0x08,0x41,0x08,0x41,0x08,0x41,0x08,
    0x41,0x08,0x41,0x08,0x41,0x08,0x41,0x08,0x41,0x08,0xC3,0x18,0xE3,0x18,0x62,0x08,0x41,0x00,0x41,0x08,0x41,0x08,0x41,0x08,
    0x41,0x08,0x41,0x08,0x41,0x08,0x41,0x08,0x41,0x08,0x41,0x08,0x41,0x08,0x41,0x08,0x41,0x08,0x41,0x08,0x41,0x08,0x41,0x00,
    0xA2,0x10,0xE4,0x18,0xA2,0x10,0x41,0x00,0x41,0x08,0x41,0x08,0x41,0x08,0x41,0x08,0x41,0x08,0x41,0x08,0x41,0x08,0x41,0x08,
    0x41,0x08,0x41,0x08,0x41,0x08,0x41,0x08,0x41,0x08,0x41,0x08,0x41,0x00,0xA2,0x10,0xE4,0x18,0xA2,0x10,0x41,0x00,0x41,0x08,
    0x41,0x08,0x41,0x08,0x41,0x08,0x41,0x08,0x41,0x08,0x41,0x08,0x41,0x08,0x41,0x08,0x41,0x08,0x41,0x08,0x41,0x08,0x41,0x08,
    0x41,0x08,0x41,0x00,0xA2,0x10,0xE4,0x18,0xA2,0x10,0x41,0x00,0x41,0x08,0x41,0x08,0x41,0x08,0x41,0x08,0x41,0x08,0x41,0x08,
    0x41,0x08,0x41,0x08,0x41,0x08,0x41,0x08,0x41,0x08,0x41,0x08,0x41,0x08,0x41,0x08,0x41,0x00,0xA2,0x10,0xE4,0x18,0xA2,0x10,
    0x41,0x00,0x41,0x08,0x41,0x08,0x41,0x08,0x41,0x08,0x41,0x08,0x41,0x08,0x41,0x08,0x41,0x08,0x41,0x08,0x41,0x08,0x41,0x08,
    0x41,0x08,0x41,0x08,0x41,0x08,0x41,0x00,0xA2,0x10,0xE4,0x18,0xA2,0x10,0x41,0x00,0x41,0x08,0x41,0x08,0x41,0x08,0x41,0x08,
    0x41,0x08,0x41,0x08,0x41,0x08,0x41,0x08,0x41,0x08,0x41,0x08,0x41,0x08,0x41,0x08,0x41,0x08,0x41,0x08,0x41,0x00,0xA2,0x10,
    0xE4,0x18,0xA2,0x10,0x41,0x00,0x41,0x08,0x41,0x08,0x41,0x08,0x41,0x08,0x41,0x08,0x41,0x08,0x41,0x08,0x41,0x08,0x41,0x08,
    0x41,0x08,0x41,0x08,0x41,0x08,0x41,0x08,0x41,0x08,0x41,0x00,0x62,0x08,0xE3,0x18,0xC3,0x18,0x41,0x08,0x41,0x08,0x41,0x08,
    0x41,0x08,0x41,0x08,0x41,0x08,0x41,0x08,0x41,0x08,0x41,0x08,0x41,0x08,0x41,0x08,0x41,0x08,0x41,0x08,0x41,0x08,0x41,0x08,
    0x41,0x00,0x62,0x08,0xE3,0x18,0xC3,0x18,0x41,0x08,0x41,0x08,0x41,0x08,0x41,0x08,0x41,0x08,0x41,0x08,0x41,0x08,0x41,0x08,
    0x41,0x08,0x41,0x08,0x41,0x08,0x41,0x08,0x41,0x08,0x41,0x08,0x41,0x08,0x41,0x00,0x62,0x08,0xE3,0x18,0xC3,0x10,0x41,0x08,
    0x41,0x08,0x41,0x08,0x41,0x08,0x41,0x08,0x41,0x08,0x41,0x00,0x41,0x00,0x41,0x00,0x41,0x00,0x21,0x00,0x21,0x00,0x21,0x00,
    0x21,0x00,0x21,0x00,0x20,0x00,0x41,0x08,0xA2,0x10,0x82,0x10,0x21,0x00,0x20,0x00,0x20,0x00,0x20,0x00,0x20,0x00,0x20,0x00,
    0x20,0x00,0x20,0x00,0x20,0x00,0x20,0x00,0x20,0x00,0x20,0x00,0x20,0x00,0x20,0x00,0x62,0x08,0x41,0x08,0x20,0x00,0x20,0x00,
    0x20,0x00,0x20,0x00,0x20,0x00,0x20,0x00,0x20,0x00,0x20,0x00,0x20,0x00,0x20,0x00,0x20,0x00,0x20,0x00,0x20,0x00,0x21,0x00,
    0x21,0x00,0x41,0x00,0xA2,0x10,0xA3,0x10,0x61,0x08,0x20,0x00,0x21,0x00,0x41,0x00,0x41,0x00,0x41,0x00,0x41,0x00,0x41,0x08,
    0x41,0x08,0x41,0x08,0x41,0x08,0x41,0x08,0x41,0x08,0x41,0x08,0x41,0x08,0x41,0x08,0x41,0x08,0xC3,0x10,0xE3,0x18,0x62,0x08,
    0x41,0x00,0x41,0x08,0x41,0x08,0x41,0x08,0x41,0x08,0x41,0x08,0x41,0x08,0x41,0x08,0x41,0x08,0x41,0x08,0x41,0x08,0x41,0x08,
    0x41,0x08,0x41,0x08,0x41,0x08,0x41,0x08,0xC3,0x10,0xE3,0x18,0x62,0x08,0x41,0x00,0x41,0x08,0x41,0x08,0x41,0x08,0x41,0x08,
    0x41,0x08,0x41,0x08,0x41,0x08,0x41,0x08,0x41,0x08,0x41,0x08,0x41,0x08,0x41,0x08,0x41,0x08,0x41,0x08,0x41,0x08,0xC3,0x10,
    0xE3,0x18,0x62,0x08,0x41,0x00,0x41,0x08,0x41,0x08,0x41,0x08,0x41,0x08,0x41,0x08,0x41,0x08,0x41,0x08,0x41,0x08,0x41,0x08,
    0x41,0x08,0x41,0x08,0x41,0x08,0x41,0x08,0x41,0x08,0x41,0x08,0xC3,0x10,0xE3,0x18,0x62,0x08,0x41,0x00,0x41,0x08,0x41,0x08,
    0x41,0x08,0x41,0x08,0x41,0x08,0x41,0x08,0x41,0x08,0x41,0x08,0x41,0x08,0x41,0x08,0x41,0x08,0x41,0x08,0x41,0x08,0x41,0x08,
    0x41,0x08,0xC3,0x10,0xE3,0x18,0x62,0x08,0x41,0x00,0x41,0x08,0x41,0x08,0x41,0x08,0x41,0x08,0x41,0x08,0x41,0x08,0x41,0x08,
    0x41,0x08,0x41,0x08,0x41,0x08,0x41,0x08,0x41,0x08,0x41,0x08,0x41,0x08,0x41,0x00,0xA2,0x10,0xE3,0x18,0xA2,0x10,0x41,0x00,
    0x41,0x08,0x41,0x08,0x41,0x08,0x41,0x08,0x41,0x08,0x41,0x08,0x41,0x08,0x41,0x08,0x41,0x08,0x41,0x08,0x41,0x08,0x41,0x08,
    0x41,0x08,0x41,0x08,0x41,0x00,0xA2,0x10,0xE3,0x18,0xA2,0x10,0x41,0x00,0x41,0x08,0x41,0x08,0x41,0x08,0x41,0x08,0x41,0x08,
    0x41,0x08,0x41,0x08,0x41,0x08,0x41,0x08,0x41,0x08,0x41,0x08,0x41,0x08,0x41,0x08,0x41,0x08,0x41,0x00,0xA2,0x10,0xE3,0x18,
    0xA2,0x10,0x41,0x00,0x41,0x08,0x41,0x08,0x41,0x08,0x41,0x08,0x41,0x08,0x41,0x08,0x41,0x08,0x41,0x08,0x41,0x08,0x41,0x08,
    0x41,0x08,0x41,0x08,0x41,0x08,0x41,0x08,0x41,0x00,0xA2,0x10,0xE3,0x18,0xA2,0x10,0x41,0x00,0x41,0x08,0x41,0x08,0x41,0x08,
    0x41,0x08,0x41,0x08,0x41,0x08,0x41,0x08,0x41,0x08,0x41,0x08,0x41,0x08,0x41,0x08,0x41,0x08,0x41,0x08,0x41,0x08,0x41,0x00,
    0xA2,0x10,0xE3,0x18,0xA2,0x10,0x41,0x00,0x41,0x08,0x41,0x08,0x41,0x08,0x41,0x08,0x41,0x08,0x41,0x08,0x41,0x08,0x41,0x08,
    0x41,0x08,0x41,0x08,0x41,0x08,0x41,0x08,0x41,0x08,0x41,0x08,0x41,0x00,0xA2,0x10,0xE3,0x18,0xA2,0x10,0x41,0x00,0x41,0x08,
    0x41,0x08,0x41,0x08,0x41,0x08,0x41,0x08,0x41,0x08,0x41,0x08,0x41,0x08,0x41,0x08,0x41,0x08,0x41,0x08,0x41,0x08,0x41,0x08,
    0x41,0x08,0x41,0x00,0x62,0x08,0xE3,0x18,0xC3,0x10,0x41,0x08,0x41,0x08,0x41,0x08,0x41,0x08,0x41,0x08,0x41,0x08,0x41,0x08,
    0x41,0x08,0x41,0x08,0x41,0x08,0x41,0x08,0x41,0x08,0x41,0x08,0x41,0x08,0x41,0x08,0x41,0x00,0x62,0x08,0xE3,0x18,0xC3,0x10,
    0x41,0x08,0x41,0x08,0x41,0x08,0x41,0x08,0x41,0x08,0x41,0x08,0x41,0x08,0x41,0x08,0x41,0x08,0x41,0x08,0x41,0x08,0x41,0x08,
    0x41,0x08,0x41,0x08,0x41,0x08,0x41,0x00,0x62,0x08,0xE3,0x18,0xC3,0x10,0x41,0x08,0x41,0x08,0x41,0x08,0x41,0x08,0x41,0x08,
    0x41,0x08,0x41,0x00,0x41,0x00,0x41,0x00,0x41,0x00,0x21,0x00,0x21,0x00,0x21,0x00,0x21,0x00,0x21,0x00,0x20,0x00,0x41,0x08,
    0xA2,0x10,0x82,0x10,0x21,0x00,0x20,0x00,0x20,0x00,0x20,0x00,0x20,0x00,0x20,0x00,0x20,0x00,0x20,0x00,0x20,0x00,0x20,0x00,
    0x20,0x00,0x20,0x00,0x20,0x00,0x20,0x00,0x62,0x08,0x41,0x08,0x20,0x00,0x20,0x00,0x20,0x00,0x20,0x00,0x20,0x00,0x20,0x00,
    0x20,0x00,0x20,0x00,0x20,0x00,0x20,0x00,0x20,0x00,0x20,0x00,0x20,0x00,0x21,0x00,0x21,0x00,0x41,0x00,0xA2,0x10,0xA3,0x10,
    0x61,0x08,0x20,0x00,0x21,0x00,0x41,0x00,0x41,0x00,0x41,0x00,0x41,0x00,0x41,0x08,0x41,0x08,0x41,0x08,0x41,0x08,0x41,0x08,
    0x41,0x08,0x41,0x08,0x41,0x08,0x41,0x08,0x41,0x08,0xC3,0x10,0xC3,0x18,0x62,0x08,0x41,0x00,0x41,0x08,0x41,0x08,0x41,0x08,
    0x41,0x08,0x41,0x08,0x41,0x08,0x41,0x08,0x41,0x08,0x41,0x08,0x41,0x08,0x41,0x08,0x41,0x08,0x41,0x08,0x41,0x08,0x41,0x08,
    0xC3,0x10,0xC3,0x18,0x62,0x08,0x41,0x00,0x41,0x08,0x41,0x08,0x41,0x08,0x41,0x08,0x41,0x08,0x41,0x08,0x41,0x08,0x41,0x08,
    0x41,0x08,0x41,0x08,0x41,0x08,0x41,0x08,0x41,0x08,0x41,0x08,0x41,0x08,0xC3,0x10,0xC3,0x18,0x62,0x08,0x41,0x00,0x41,0x08,
    0x41,0x08,0x41,0x08,0x41,0x08,0x41,0x08,0x41,0x08,0x41,0x08,0x41,0x08,0x41,0x08,0x41,0x08,0x41,0x08,0x41,0x08,0x41,0x08,
    0x41,0x08,0x41,0x08,0xC3,0x10,0xC3,0x18,0x62,0x08,0x41,0x00,0x41,0x08,0x41,0x08,0x41,0x08,0x41,0x08,0x41,0x08,0x41,0x08,
    0x41,0x08,0x41,0x08,0x41,0x08,0x41,0x08,0x41,0x08,0x41,0x08,0x41,0x08,0x41,0x08,0x41,0x08,0xC3,0x10,0xC3,0x18,0x62,0x08,
    0x41,0x00,0x41,0x08,0x41,0x08,0x41,0x08,0x41,0x08,0x41,0x08,0x41,0x08,0x41,0x08,0x41,0x08,0x41,0x08,0x41,0x08,0x41,0x08,
    0x41,0x08,0x41,0x08,0x41,0x08,0x41,0x00,0xA2,0x10,0xE3,0x18,0xA2,0x10,0x41,0x00,0x41,0x08,0x41,0x08,0x41,0x08,0x41,0x08,
    0x41,0x08,0x41,0x08,0x41,0x08,0x41,0x08,0x41,0x08,0x41,0x08,0x41,0x08,0x41,0x08,0x41,0x08,0x41,0x08,0x41,0x00,0xA2,0x10,
    0xE3,0x18,0xA2,0x10,0x41,0x00,0x41,0x08,0x41,0x08,0x41,0x08,0x41,0x08,0x41,0x08,0x41,0x08,0x41,0x08,0x41,0x08,0x41,0x08,
    0x41,0x08,0x41,0x08,0x41,0x08,0x41,0x08,0x41,0x08,0x41,0x00,0xA2,0x10,0xE3,0x18,0xA2,0x10,0x41,0x00,0x41,0x08,0x41,0x08,
    0x41,0x08,0x41,0x08,0x41,0x08,0x41,0x08,0x41,0x08,0x41,0x08,0x41,0x08,0x41,0x08,0x41,0x08,0x41,0x08,0x41,0x08,0x41,0x08,
    0x41,0x00,0xA2,0x10,0xE3,0x18,0xA2,0x10,0x41,0x00,0x41,0x08,0x41,0x08,0x41,0x08,0x41,0x08,0x41,0x08,0x41,0x08,0x41,0x08,
    0x41,0x08,0x41,0x08,0x41,0x08,0x41,0x08,0x41,0x08,0x41,0x08,0x41,0x08,0x41,0x00,0xA2,0x10,0xE3,0x18,0xA2,0x10,0x41,0x00,
    0x41,0x08,0x41,0x08,0x41,0x08,0x41,0x08,0x41,0x08,0x41,0x08,0x41,0x08,0x41,0x08,0x41,0x08,0x41,0x08,0x41,0x08,0x41,0x08,
    0x41,0x08,0x41,0x08,0x41,0x00,0xA2,0x10,0xE3,0x18,0xA2,0x10,0x41,0x00,0x41,0x08,0x41,0x08,0x41,0x08,0x41,0x08,0x41,0x08,
    0x41,0x08,0x41,0x08,0x41,0x08,0x41,0x08,0x41,0x08,0x41,0x08,0x41,0x08,0x41,0x08,0x41,0x08,0x41,0x00,0x62,0x08,0xC3,0x18,
    0xC3,0x10,0x41,0x08,0x41,0x08,0x41,0x08,0x41,0x08,0x41,0x08,0x41,0x08,0x41,0x08,0x41,0x08,0x41,0x08,0x41,0x08,0x41,0x08,
    0x41,0x08,0x41,0x08,0x41,0x08,0x41,0x08,0x41,0x00,0x62,0x08,0xC3,0x18,0xC3,0x10,0x41,0x08,0x41,0x08,0x41,0x08,0x41,0x08,
    0x41,0x08,0x41,0x08,0x41,0x08,0x41,0x08,0x41,0x08,0x41,0x08,0x41,0x08,0x41,0x08,0x41,0x08,0x41,0x08,0x41,0x08,0x41,0x00,
    0x62,0x08,0xC3,0x18,0xC3,0x10,0x41,0x08,0x41,0x08,0x41,0x08,0x41,0x08,0x41,0x08,0x41,0x08,0x41,0x00,0x41,0x00,0x41,0x00,
    0x41,0x00,0x21,0x00,0x21,0x00,0x21,0x00,0x21,0x00,0x21,0x00,0x20,0x00,0x41,0x08,0xA2,0x10,0x82,0x10,0x21,0x00,0x20,0x00,
    0x20,0x00,0x20,0x00,0x20,0x00,0x20,0x00,0x20,0x00,0x20,0x00,0x20,0x00,0x20,0x00,0x20,0x00,0x20,0x00,0x20,0x00,0x20,0x00,
    0x62,0x08,0x41,0x08,0x20,0x00,0x20,0x00,0x20,0x00,0x20,0x00,0x20,0x00,0x20,0x00,0x20,0x00,0x20,0x00,0x20,0x00,0x20,0x00,
    0x20,0x00,0x20,0x00,0x20,0x00,0x21,0x00,0x21,0x00,0x41,0x00,0xA2,0x10,0xA3,0x10,0x61,0x08,0x20,0x00,0x21,0x00,0x41,0x00,
    0x41,0x00,0x41,0x00,0x41,0x00,0x41,0x08,0x41,0x08,0x41,0x08,0x41,0x08,0x41,0x08,0x41,0x08,0x41,0x08,0x41,0x08,0x41,0x08,
    0x41,0x08,0xC3,0x10,0xC3,0x18,0x62,0x08,0x21,0x00,0x41,0x08,0x41,0x08,0x41,0x08,0x41,0x08,0x41,0x08,0x41,0x08,0x41,0x08,
    0x41,0x08,0x41,0x08,0x41,0x08,0x41,0x08,0x41,0x08,0x41,0x08,0x41,0x08,0x41,0x08,0xC3,0x10,0xC3,0x18,0x62,0x08,0x21,0x00,
    0x41,0x08,0x41,0x08,0x41,0x08,0x41,0x08,0x41,0x08,0x41,0x08,0x41,0x08,0x41,0x08,0x41,0x08,0x41,0x08,0x41,0x08,0x41,0x08,
    0x41,0x08,0x41,0x08,0x41,0x08,0xC3,0x10,0xC3,0x18,0x62,0x08,0x21,0x00,0x41,0x08,0x41,0x08,0x41,0x08,0x41,0x08,0x41,0x08,
    0x41,0x08,0x41,0x08,0x41,0x08,0x41,0x08,0x41,0x08,0x41,0x08,0x41,0x08,0x41,0x08,0x41,0x08,0x41,0x08,0xC3,0x10,0xC3,0x18,
    0x62,0x08,0x21,0x00,0x41,0x08,0x41,0x08,0x41,0x08,0x41,0x08,0x41,0x08,0x41,0x08,0x41,0x08,0x41,0x08,0x41,0x08,0x41,0x08,
    0x41,0x08,0x41,0x08,0x41,0x08,0x41,0x08,0x41,0x08,0xC3,0x10,0xC3,0x18,0x62,0x08,0x21,0x00,0x41,0x08,0x41,0x08,0x41,0x08,
    0x41,0x08,0x41,0x08,0x41,0x08,0x41,0x08,0x41,0x08,0x41,0x08,0x41,0x08,0x41,0x08,0x41,0x08,0x41,0x08,0x41,0x08,0x21,0x00,
    0x82,0x10,0xE3,0x18,0x82,0x10,0x21,0x00,0x41,0x08,0x41,0x08,0x41,0x08,0x41,0x08,0x41,0x08,0x41,0x08,0x41,0x08,0x41,0x08,
    0x41,0x08,0x41,0x08,0x41,0x08,0x41,0x08,0x41,0x08,0x41,0x08,0x21,0x00,0x82,0x10,0xE3,0x18,0x82,0x10,0x21,0x00,0x41,0x08,
    0x41,0x08,0x41,0x08,0x41,0x08,0x41,0x08,0x41,0x08,0x41,0x08,0x41,0x08,0x41,0x08,0x41,0x08,0x41,0x08,0x41,0x08,0x41,0x08,
    0x41,0x08,0x21,0x00,0x82,0x10,0xE3,0x18,0x82,0x10,0x21,0x00,0x41,0x08,0x41,0x08,0x41,0x08,0x41,0x08,0x41,0x08,0x41,0x08,
    0x41,0x08,0x41,0x08,0x41,0x08,0x41,0x08,0x41,0x08,0x41,0x08,0x41,0x08,0x41,0x08,0x21,0x00,0x82,0x10,0xE3,0x18,0x82,0x10,
    0x21,0x00,0x41,0x08,0x41,0x08,0x41,0x08,0x41,0x08,0x41,0x08,0x41,0x08,0x41,0x08,0x41,0x08,0x41,0x08,0x41,0x08,0x41,0x08,
    0x41,0x08,0x41,0x08,0x41,0x08,0x21,0x00,0x82,0x10,0xE3,0x18,0x82,0x10,0x21,0x00,0x41,0x08,0x41,0x08,0x41,0x08,0x41,0x08,
    0x41,0x08,0x41,0x08,0x41,0x08,0x41,0x08,0x41,0x08,0x41,0x08,0x41,0x08,0x41,0x08,0x41,0x08,0x41,0x08,0x21,0x00,0x82,0x10,
    0xE3,0x18,0x82,0x10,0x21,0x00,0x41,0x08,0x41,0x08,0x41,0x08,0x41,0x08,0x41,0x08,0x41,0x08,0x41,0x08,0x41,0x08,0x41,0x08,
    0x41,0x08,0x41,0x08,0x41,0x08,0x41,0x08,0x41,0x08,0x21,0x00,0x62,0x08,0xC3,0x18,0xC3,0x10,0x41,0x08,0x41,0x08,0x41,0x08,
    0x41,0x08,0x41,0x08,0x41,0x08,0x41,0x08,0x41,0x08,0x41,0x08,0x41,0x08,0x41,0x08,0x41,0x08,0x41,0x08,0x41,0x08,0x41,0x08,
    0x21,0x00,0x62,0x08,0xC3,0x18,0xC3,0x10,0x41,0x08,0x41,0x08,0x41,0x08,0x41,0x08,0x41,0x08,0x41,0x08,0x41,0x08,0x41,0x08,
    0x41,0x08,0x41,0x08,0x41,0x08,0x41,0x08,0x41,0x08,0x41,0x08,0x41,0x08,0x21,0x00,0x62,0x08,0xC3,0x18,0xC3,0x10,0x41,0x08,
    0x41,0x08,0x41,0x08,0x41,0x08,0x41,0x08,0x41,0x08,0x41,0x00,0x41,0x00,0x41,0x00,0x41,0x00,0x21,0x00,0x21,0x00,0x21,0x00,
    0x21,0x00,0x21,0x00,0x20,0x00,0x41,0x08,0xA2,0x10,0x82,0x10,0x21,0x00,0x20,0x00,0x20,0x00,0x20,0x00,0x20,0x00,0x20,0x00,
    0x20,0x00,0x20,0x00,0x20,0x00,0x20,0x00,0x20,0x00,0x20,0x00,0x20,0x00,0x20,0x00,0x62,0x08,0x41,0x08,0x20,0x00,0x20,0x00,
    0x20,0x00,0x20,0x00,0x20,0x00,0x20,0x00,0x20,0x00,0x20,0x00,0x20,0x00,0x20,0x00,0x20,0x00,0x20,0x00,0x20,0x00,0x21,0x00,
    0x21,0x00,0x41,0x00,0xA2,0x10,0xA3,0x10,0x61,0x08,0x20,0x00,0x21,0x00,0x41,0x00,0x41,0x00,0x41,0x00,0x41,0x00,0x41,0x08,
    0x41,0x08,0x41,0x08,0x41,0x08,0x41,0x08,0x41,0x08,0x41,0x08,0x41,0x08,0x41,0x08,0x41,0x08,0xC3,0x10,0xC3,0x18,0x62,0x08,
    0x21,0x00,0x41,0x08,0x41,0x08,0x41,0x08,0x41,0x08,0x41,0x08,0x41,0x08,0x41,0x08,0x41,0x08,0x41,0x08,0x41,0x08,0x41,0x08,
    0x41,0x08,0x41,0x08,0x41,0x08,0x41,0x08,0xC3,0x10,0xC3,0x18,0x62,0x08,0x21,0x00,0x41,0x08,0x41,0x08,0x41,0x08,0x41,0x08,
    0x41,0x08,0x41,0x08,0x41,0x08,0x41,0x08,0x41,0x08,0x41,0x08,0x41,0x08,0x41,0x08,0x41,0x08,0x41,0x08,0x41,0x08,0xC3,0x10,
    0xC3,0x18,0x62,0x08,0x21,0x00,0x41,0x08,0x41,0x08,0x41,0x08,0x41,0x08,0x41,0x08,0x41,0x08,0x41,0x08,0x41,0x08,0x41,0x08,
    0x41,0x08,0x41,0x08,0x41,0x08,0x41,0x08,0x41,0x08,0x41,0x08,0xC3,0x10,0xC3,0x18,0x62,0x08,0x21,0x00,0x41,0x08,0x41,0x08,
    0x41,0x08,0x41,0x08,0x41,0x08,0x41,0x08,0x41,0x08,0x41,0x08,0x41,0x08,0x41,0x08,0x41,0x08,0x41,0x08,0x41,0x08,0x41,0x08,
    0x41,0x08,0xC3,0x10,0xC3,0x18,0x62,0x08,0x21,0x00,0x41,0x08,0x41,0x08,0x41,0x08,0x41,0x08,0x41,0x08,0x41,0x08,0x41,0x08,
    0x41,0x08,0x41,0x08,0x41,0x08,0x41,0x08,0x41,0x08,0x41,0x08,0x41,0x08,0x21,0x00,0x82,0x10,0xC3,0x18,0x82,0x10,0x21,0x00,
    0x41,0x08,0x41,0x08,0x41,0x08,0x41,0x08,0x41,0x08,0x41,0x08,0x41,0x08,0x41,0x08,0x41,0x08,0x41,0x08,0x41,0x08,0x41,0x08,
    0x41,0x08,0x41,0x08,0x21,0x00,0x82,0x10,0xC3,0x18,0x82,0x10,0x21,0x00,0x41,0x08,0x41,0x08,0x41,0x08,0x41,0x08,0x41,0x08,
    0x41,0x08,0x41,0x08,0x41,0x08,0x41,0x08,0x41,0x08,0x41,0x08,0x41,0x08,0x41,0x08,0x41,0x08,0x21,0x00,0x82,0x10,0xC3,0x18,
    0x82,0x10,0x21,0x00,0x41,0x08,0x41,0x08,0x41,0x08,0x41,0x08,0x41,0x08,0x41,0x08,0x41,0x08,0x41,0x08,0x41,0x08,0x41,0x08,
    0x41,0x08,0x41,0x08,0x41,0x08,0x41,0x08,0x21,0x00,0x82,0x10,0xC3,0x18,0x82,0x10,0x21,0x00,0x41,0x08,0x41,0x08,0x41,0x08,
    0x41,0x08,0x41,0x08,0x41,0x08,0x41,0x08,0x41,0x08,0x41,0x08,0x41,0x08,0x41,0x08,0x41,0x08,0x41,0x08,0x41,0x08,0x21,0x00,
    0x82,0x10,0xC3,0x18,0x82,0x10,0x21,0x00,0x41,0x08,0x41,0x08,0x41,0x08,0x41,0x08,0x41,0x08,0x41,0x08,0x41,0x08,0x41,0x08,
    0x41,0x08,0x41,0x08,0x41,0x08,0x41,0x08,0x41,0x08,0x41,0x08,0x21,0x00,0x82,0x10,0xC3,0x18,0x82,0x10,0x21,0x00,0x41,0x08,
    0x41,0x08,0x41,0x08,0x41,0x08,0x41,0x08,0x41,0x08,0x41,0x08,0x41,0x08,0x41,0x08,0x41,0x08,0x41,0x08,0x41,0x08,0x41,0x08,
    0x41,0x08,0x21,0x00,0x62,0x08,0xC3,0x18,0xC3,0x10,0x41,0x08,0x41,0x08,0x41,0x08,0x41,0x08,0x41,0x08,0x41,0x08,0x41,0x08,
    0x41,0x08,0x41,0x08,0x41,0x08,0x41,0x08,0x41,0x08,0x41,0x08,0x41,0x08,0x41,0x08,0x21,0x00,0x62,0x08,0xC3,0x18,0xC3,0x10,
    0x41,0x08,0x41,0x08,0x41,0x08,0x41,0x08,0x41,0x08,0x41,0x08,0x41,0x08,0x41,0x08,0x41,0x08,0x41,0x08,0x41,0x08,0x41,0x08,
    0x41,0x08,0x41,0x08,0x41,0x08,0x21,0x00,0x62,0x08,0xC3,0x18,0xC3,0x10,0x41,0x08,0x41,0x08,0x41,0x08,0x41,0x08,0x41,0x08,
    0x41,0x08,0x41,0x00,0x41,0x00,0x41,0x00,0x41,0x00,0x21,0x00,0x21,0x00,0x21,0x00,0x21,0x00,0x21,0x00,0x20,0x00,0x41,0x08,
    0xA2,0x10,0x82,0x10,0x21,0x00,0x20,0x00,0x20,0x00,0x20,0x00,0x20,0x00,0x20,0x00,0x20,0x00,0x20,0x00,0x20,0x00,0x20,0x00,
    0x20,0x00,0x20,0x00,0x20,0x00,0x20,0x00,0x62,0x08,0x41,0x00,0x20,0x00,0x20,0x00,0x20,0x00,0x20,0x00,0x20,0x00,0x20,0x00,
    0x20,0x00,0x20,0x00,0x20,0x00,0x20,0x00,0x20,0x00,0x20,0x00,0x20,0x00,0x21,0x00,0x21,0x00,0x21,0x00,0xA2,0x10,0xA3,0x10,
    0x41,0x08,0x20,0x00,0x21,0x00,0x41,0x00,0x41,0x00,0x41,0x00,0x41,0x00,0x41,0x08,0x41,0x08,0x41,0x08,0x41,0x08,0x41,0x08,
    0x41,0x08,0x41,0x08,0x41,0x08,0x41,0x08,0x41,0x08,0xA3,0x10,0xC3,0x18,0x61,0x08,0x21,0x00,0x41,0x08,0x41,0x08,0x41,0x08,
    0x41,0x08,0x41,0x08,0x41,0x08,0x41,0x08,0x41,0x08,0x41,0x08,0x41,0x08,0x41,0x08,0x41,0x08,0x41,0x08,0x41,0x08,0x41,0x08,
    0xA3,0x10,0xC3,0x18,0x61,0x08,0x21,0x00,0x41,0x08,0x41,0x08,0x41,0x08,0x41,0x08,0x41,0x08,0x41,0x08,0x41,0x08,0x41,0x08,
    0x41,0x08,0x41,0x08,0x41,0x08,0x41,0x08,0x41,0x08,0x41,0x08,0x41,0x08,0xA3,0x10,0xC3,0x18,0x61,0x08,0x21,0x00,0x41,0x08,
    0x41,0x08,0x41,0x08,0x41,0x08,0x41,0x08,0x41,0x08,0x41,0x08,0x41,0x08,0x41,0x08,0x41,0x08,0x41,0x08,0x41,0x08,0x41,0x08,
    0x41,0x08,0x41,0x08,0xA3,0x10,0xC3,0x18,0x61,0x08,0x21,0x00,0x41,0x08,0x41,0x08,0x41,0x08,0x41,0x08,0x41,0x08,0x41,0x08,
    0x41,0x08,0x41,0x08,0x41,0x08,0x41,0x08,0x41,0x08,0x41,0x08,0x41,0x08,0x41,0x08,0x41,0x08,0xA3,0x10,0xC3,0x18,0x61,0x08,
    0x21,0x00,0x41,0x08,0x41,0x08,0x41,0x08,0x41,0x08,0x41,0x08,0x41,0x08,0x41,0x08,0x41,0x08,0x41,0x08,0x41,0x08,0x41,0x08,
    0x41,0x08,0x41,0x08,0x41,0x08,0x21,0x00,0x82,0x10,0xC3,0x18,0x82,0x10,0x21,0x00,0x41,0x08,0x41,0x08,0x41,0x08,0x41,0x08,
    0x41,0x08,0x41,0x08,0x41,0x08,0x41,0x08,0x41,0x08,0x41,0x08,0x41,0x08,0x41,0x08,0x41,0x08,0x41,0x08,0x21,0x00,0x82,0x10,
    0xC3,0x18,0x82,0x10,0x21,0x00,0x41,0x08,0x41,0x08,0x41,0x08,0x41,0x08,0x41,0x08,0x41,0x08,0x41,0x08,0x41,0x08,0x41,0x08,
    0x41,0x08,0x41,0x08,0x41,0x08,0x41,0x08,0x41,0x08,0x21,0x00,0x82,0x10,0xC3,0x18,0x82,0x10,0x21,0x00,0x41,0x08,0x41,0x08,
    0x41,0x08,0x41,0x08,0x41,0x08,0x41,0x08,0x41,0x08,0x41,0x08,0x41,0x08,0x41,0x08,0x41,0x08,0x41,0x08,0x41,0x08,0x41,0x08,
    0x21,0x00,0x82,0x10,0xC3,0x18,0x82,0x10,0x21,0x00,0x41,0x08,0x41,0x08,0x41,0x08,0x41,0x08,0x41,0x08,0x41,0x08,0x41,0x08,
    0x41,0x08,0x41,0x08,0x41,0x08,0x41,0x08,0x41,0x08,0x41,0x08,0x41,0x08,0x21,0x00,0x82,0x10,0xC3,0x18,0x82,0x10,0x21,0x00,
    0x41,0x08,0x41,0x08,0x41,0x08,0x41,0x08,0x41,0x08,0x41,0x08,0x41,0x08,0x41,0x08,0x41,0x08,0x41,0x08,0x41,0x08,0x41,0x08,
    0x41,0x08,0x41,0x08,0x21,0x00,0x82,0x10,0xC3,0x18,0x82,0x10,0x21,0x00,0x41,0x08,0x41,0x08,0x41,0x08,0x41,0x08,0x41,0x08,
    0x41,0x08,0x41,0x08,0x41,0x08,0x41,0x08,0x41,0x08,0x41,0x08,0x41,0x08,0x41,0x08,0x41,0x08,0x21,0x00,0x61,0x08,0xC3,0x18,
    0xA3,0x10,0x41,0x08,0x41,0x08,0x41,0x08,0x41,0x08,0x41,0x08,0x41,0x08,0x41,0x08,0x41,0x08,0x41,0x08,0x41,0x08,0x41,0x08,
    0x41,0x08,0x41,0x08,0x41,0x08,0x41,0x08,0x21,0x00,0x61,0x08,0xC3,0x18,0xA3,0x10,0x41,0x08,0x41,0x08,0x41,0x08,0x41,0x08,
    0x41,0x08,0x41,0x08,0x41,0x08,0x41,0x08,0x41,0x08,0x41,0x08,0x41,0x08,0x41,0x08,0x41,0x08,0x41,0x08,0x41,0x08,0x21,0x00,
    0x61,0x08,0xC3,0x18,0xA3,0x10,0x41,0x08,0x41,0x08,0x41,0x08,0x41,0x08,0x41,0x08,0x41,0x08,0x41,0x00,0x41,0x00,0x41,0x00,
    0x41,0x00,0x21,0x00,0x21,0x00,0x21,0x00,0x21,0x00,0x21,0x00,0x20,0x00,0x41,0x08,0xA2,0x10,0x82,0x10,0x21,0x00,0x20,0x00,
    0x20,0x00,0x20,0x00,0x20,0x00,0x20,0x00,0x20,0x00,0x20,0x00,0x20,0x00,0x20,0x00,0x20,0x00,0x20,0x00,0x20,0x00,0x20,0x00,
    0x62,0x08,0x41,0x08,0x20,0x00,0x20,0x00,0x20,0x00,0x20,0x00,0x20,0x00,0x20,0x00,0x20,0x00,0x20,0x00,0x20,0x00,0x20,0x00,
    0x20,0x00,0x20,0x00,0x20,0x00,0x20,0x00,0x20,0x00,0x41,0x08,0xA2,0x10,0xA3,0x10,0x62,0x08,0x20,0x00,0x20,0x00,0x41,0x00,
    0x41,0x00,0x41,0x00,0x41,0x00,0x41,0x08,0x41,0x08,0x41,0x08,0x41,0x08,0x41,0x08,0x41,0x08,0x41,0x08,0x41,0x00,0x21,0x00,
    0x61,0x08,0xC3,0x10,0xC3,0x10,0x82,0x08,0x21,0x00,0x21,0x00,0x41,0x08,0x41,0x08,0x41,0x08,0x41,0x08,0x41,0x08,0x41,0x08,
    0x41,0x08,0x41,0x08,0x41,0x08,0x41,0x08,0x41,0x08,0x41,0x00,0x21,0x00,0x61,0x08,0xC3,0x10,0xC3,0x10,0x82,0x10,0x21,0x00,
    0x21,0x00,0x41,0x08,0x41,0x08,0x41,0x08,0x41,0x08,0x41,0x08,0x41,0x08,0x41,0x08,0x41,0x08,0x41,0x08,0x41,0x08,0x41,0x08,
    0x41,0x00,0x21,0x00,0x41,0x08,0xC3,0x10,0xC3,0x10,0x82,0x10,0x21,0x00,0x21,0x00,0x41,0x08,0x41,0x08,0x41,0x08,0x41,0x08,
    0x41,0x08,0x41,0x08,0x41,0x08,0x41,0x08,0x41,0x08,0x41,0x08,0x41,0x08,0x41,0x00,0x21,0x00,0x41,0x08,0xC3,0x10,0xC3,0x10,
    0x82,0x10,0x21,0x00,0x21,0x00,0x41,0x08,0x41,0x08,0x41,0x08,0x41,0x08,0x41,0x08,0x41,0x08,0x41,0x08,0x41,0x08,0x41,0x08,
    0x41,0x08,0x41,0x08,0x41,0x00,0x21,0x00,0x41,0x08,0xC3,0x10,0xC3,0x10,0x82,0x10,0x21,0x00,0x21,0x00,0x41,0x08,0x41,0x08,
    0x41,0x08,0x41,0x08,0x41,0x08,0x41,0x08,0x41,0x08,0x41,0x08,0x41,0x08,0x41,0x08,0x41,0x08,0x41,0x08,0x21,0x00,0x41,0x08,
    0xA2,0x10,0xC3,0x10,0xA2,0x10,0x41,0x08,0x21,0x00,0x41,0x08,0x41,0x08,0x41,0x08,0x41,0x08,0x41,0x08,0x41,0x08,0x41,0x08,
    0x41,0x08,0x41,0x08,0x41,0x08,0x41,0x08,0x41,0x08,0x21,0x00,0x41,0x08,0xA2,0x10,0xC3,0x10,0xA2,0x10,0x41,0x08,0x21,0x00,
    0x41,0x08,0x41,0x08,0x41,0x08,0x41,0x08,0x41,0x08,0x41,0x08,0x41,0x08,0x41,0x08,0x41,0x08,0x41,0x08,0x41,0x08,0x41,0x08,
    0x21,0x00,0x41,0x08,0xA2,0x10,0xC3,0x10,0xA2,0x10,0x41,0x08,0x21,0x00,0x41,0x08,0x41,0x08,0x41,0x08,0x41,0x08,0x41,0x08,
    0x41,0x08,0x41,0x08,0x41,0x08,0x41,0x08,0x41,0x08,0x41,0x08,0x41,0x08,0x21,0x00,0x41,0x08,0xA2,0x10,0xC3,0x10,0xA2,0x10,
    0x41,0x08,0x21,0x00,0x41,0x08,0x41,0x08,0x41,0x08,0x41,0x08,0x41,0x08,0x41,0x08,0x41,0x08,0x41,0x08,0x41,0x08,0x41,0x08,
    0x41,0x08,0x41,0x08,0x21,0x00,0x41,0x08,0xA2,0x10,0xC3,0x10,0xA2,0x10,0x41,0x08,0x21,0x00,0x41,0x08,0x41,0x08,0x41,0x08,
    0x41,0x08,0x41,0x08,0x41,0x08,0x41,0x08,0x41,0x08,0x41,0x08,0x41,0x08,0x41,0x08,0x41,0x08,0x21,0x00,0x41,0x08,0xA2,0x10,
    0xC3,0x10,0xA2,0x10,0x41,0x08,0x21,0x00,0x41,0x08,0x41,0x08,0x41,0x08,0x41,0x08,0x41,0x08,0x41,0x08,0x41,0x08,0x41,0x08,
    0x41,0x08,0x41,0x08,0x41,0x08,0x41,0x08,0x21,0x00,0x21,0x00,0x82,0x10,0xC3,0x10,0xC3,0x10,0x41,0x08,0x21,0x00,0x41,0x00,
    0x41,0x08,0x41,0x08,0x41,0x08,0x41,0x08,0x41,0x08,0x41,0x08,0x41,0x08,0x41,0x08,0x41,0x08,0x41,0x08,0x41,0x08,0x21,0x00,
    0x21,0x00,0x82,0x10,0xC3,0x10,0xC3,0x10,0x41,0x08,0x21,0x00,0x41,0x00,0x41,0x08,0x41,0x08,0x41,0x08,0x41,0x08,0x41,0x08,
    0x41,0x08,0x41,0x08,0x41,0x08,0x41,0x08,0x41,0x08,0x41,0x08,0x21,0x00,0x21,0x00,0x82,0x10,0xC3,0x10,0xC3,0x10,0x41,0x08,
    0x21,0x00,0x41,0x00,0x41,0x08,0x41,0x08,0x41,0x08,0x41,0x00,0x41,0x00,0x41,0x00,0x41,0x00,0x21,0x00,0x21,0x00,0x21,0x00,
    0x21,0x00,0x20,0x00,0x20,0x00,0x61,0x08,0xA2,0x10,0x82,0x10,0x41,0x08,0x20,0x00,0x20,0x00,0x20,0x00,0x20,0x00,0x20,0x00,
    0x20,0x00,0x20,0x00,0x20,0x00,0x20,0x00,0x20,0x00,0x20,0x00,0x20,0x00,0x20,0x00,0x62,0x08,0x62,0x08,0x61,0x08,0x41,0x00,
    0x20,0x00,0x20,0x00,0x20,0x00,0x20,0x00,0x20,0x00,0x20,0x00,0x20,0x00,0x20,0x00,0x20,0x00,0x20,0x00,0x20,0x00,0x41,0x08,
    0x62,0x08,0xA2,0x10,0xA3,0x10,0xA3,0x10,0xA3,0x10,0x82,0x10,0x41,0x08,0x21,0x00,0x21,0x00,0x41,0x00,0x41,0x00,0x41,0x00,
    0x41,0x00,0x41,0x00,0x41,0x00,0x41,0x00,0x41,0x00,0x21,0x00,0x41,0x08,0x82,0x10,0xC3,0x10,0xC3,0x10,0xC3,0x10,0xC3,0x10,
    0x82,0x10,0x61,0x08,0x21,0x00,0x21,0x00,0x41,0x00,0x41,0x00,0x41,0x00,0x41,0x00,0x41,0x00,0x41,0x00,0x41,0x00,0x41,0x00,
    0x21,0x00,0x41,0x08,0x82,0x10,0xC3,0x10,0xC3,0x10,0xC3,0x10,0xC3,0x10,0xA2,0x10,0x61,0x08,0x21,0x00,0x21,0x00,0x41,0x00,
    0x41,0x00,0x41,0x00,0x41,0x00,0x41,0x00,0x41,0x00,0x41,0x00,0x41,0x00,0x20,0x00,0x41,0x08,0x82,0x10,0xA3,0x10,0xC3,0x10,
    0xC3,0x10,0xC3,0x10,0xA2,0x10,0x61,0x08,0x21,0x00,0x21,0x00,0x41,0x00,0x41,0x00,0x41,0x00,0x41,0x00,0x41,0x00,0x41,0x00,
    0x41,0x00,0x41,0x00,0x20,0x00,0x41,0x08,0x82,0x10,0xA3,0x10,0xC3,0x10,0xC3,0x10,0xC3,0x10,0xA2,0x10,0x61,0x08,0x21,0x00,
    0x21,0x00,0x41,0x00,0x41,0x00,0x41,0x00,0x41,0x00,0x41,0x00,0x41,0x00,0x41,0x00,0x41,0x00,0x20,0x00,0x41,0x08,0x82,0x10,
    0xA3,0x10,0xC3,0x10,0xC3,0x10,0xC3,0x10,0xA2,0x10,0x61,0x08,0x21,0x00,0x21,0x00,0x41,0x00,0x41,0x00,0x41,0x00,0x41,0x00,
    0x41,0x00,0x41,0x00,0x41,0x00,0x41,0x00,0x21,0x00,0x41,0x00,0x62,0x08,0xA3,0x10,0xC3,0x10,0xC3,0x10,0xC3,0x10,0xA3,0x10,
    0x62,0x08,0x21,0x00,0x21,0x00,0x41,0x00,0x41,0x00,0x41,0x00,0x41,0x00,0x41,0x00,0x41,0x00,0x41,0x00,0x41,0x00,0x21,0x00,
    0x41,0x00,0x62,0x08,0xA3,0x10,0xC3,0x10,0xC3,0x10,0xC3,0x10,0xA3,0x10,0x62,0x08,0x21,0x00,0x21,0x00,0x41,0x00,0x41,0x00,
    0x41,0x00,0x41,0x00,0x41,0x00,0x41,0x00,0x41,0x00,0x41,0x00,0x21,0x00,0x41,0x00,0x62,0x08,0xA3,0x10,0xC3,0x10,0xC3,0x10,
    0xC3,0x10,0xA3,0x10,0x62,0x08,0x21,0x00,0x21,0x00,0x41,0x00,0x41,0x00,0x41,0x00,0x41,0x00,0x41,0x00,0x41,0x00,0x41,0x00,
    0x41,0x00,0x21,0x00,0x41,0x00,0x62,0x08,0xA3,0x10,0xC3,0x10,0xC3,0x10,0xC3,0x10,0xA3,0x10,0x62,0x08,0x41,0x00,0x21,0x00,
    0x41,0x00,0x41,0x00,0x41,0x00,0x41,0x00,0x41,0x00,0x41,0x00,0x41,0x00,0x41,0x00,0x21,0x00,0x21,0x00,0x62,0x08,0xA3,0x10,
    0xC3,0x10,0xC3,0x10,0xC3,0x10,0xA3,0x10,0x62,0x08,0x41,0x00,0x21,0x00,0x41,0x00,0x41,0x00,0x41,0x00,0x41,0x00,0x41,0x00,
    0x41,0x00,0x41,0x00,0x41,0x00,0x21,0x00,0x21,0x00,0x62,0x08,0xA3,0x10,0xC3,0x10,0xC3,0x10,0xC3,0x10,0xA3,0x10,0x62,0x08,
    0x41,0x00,0x21,0x00,0x41,0x00,0x41,0x00,0x41,0x00,0x41,0x00,0x41,0x00,0x41,0x00,0x41,0x00,0x41,0x00,0x21,0x00,0x21,0x00,
    0x61,0x08,0xA2,0x10,0xC3,0x10,0xC3,0x10,0xC3,0x10,0xA3,0x10,0x82,0x10,0x41,0x08,0x20,0x00,0x41,0x00,0x41,0x00,0x41,0x00,
    0x41,0x00,0x41,0x00,0x41,0x00,0x41,0x00,0x41,0x00,0x21,0x00,0x21,0x00,0x61,0x08,0xA2,0x10,0xC3,0x10,0xC3,0x10,0xC3,0x10,
    0xA3,0x10,0x82,0x10,0x41,0x08,0x20,0x00,0x41,0x00,0x41,0x00,0x41,0x00,0x41,0x00,0x41,0x00,0x41,0x00,0x41,0x00,0x41,0x00,
    0x21,0x00,0x21,0x00,0x61,0x08,0xA2,0x10,0xC3,0x10,0xC3,0x10,0xC3,0x10,0xA3,0x10,0x82,0x10,0x41,0x08,0x20,0x00,0x41,0x00,
    0x41,0x00,0x41,0x00,0x41,0x00,0x41,0x00,0x41,0x00,0x21,0x00,0x21,0x00,0x21,0x00,0x21,0x00,0x41,0x08,0x82,0x10,0xA2,0x10,
    0xA2,0x10,0xA2,0x10,0x82,0x10,0x61,0x08,0x21,0x00,0x20,0x00,0x20,0x00,0x20,0x00,0x20,0x00,0x20,0x00,0x20,0x00,0x20,0x00,
    0x20,0x00,0x20,0x00,0x20,0x00,0x20,0x00,0x41,0x08,0x62,0x08,0x82,0x08,0x82,0x08,0x41,0x08,0x21,0x00,0x20,0x00,0x20,0x00,
    0x20,0x00,0x20,0x00,0x20,0x00,0x20,0x00,0x20,0x00,0x21,0x00,0x61,0x08,0x82,0x10,0xA2,0x10,0xA3,0x10,0x82,0x10,0x62,0x08,
    0xA3,0x10,0xC3,0x10,0xA3,0x10,0x82,0x08,0x41,0x08,0x21,0x00,0x41,0x00,0x41,0x00,0x41,0x00,0x41,0x00,0x41,0x00,0x21,0x00,
    0x41,0x00,0x82,0x08,0xA3,0x10,0xC3,0x10,0xC3,0x10,0x82,0x10,0x82,0x08,0xC3,0x10,0xC3,0x10,0xA3,0x10,0x82,0x08,0x41,0x08,
    0x21,0x00,0x41,0x00,0x41,0x00,0x41,0x00,0x41,0x00,0x41,0x00,0x21,0x00,0x41,0x00,0x82,0x08,0xA3,0x10,0xC3,0x10,0xC3,0x10,
    0x82,0x10,0x82,0x08,0xC3,0x10,0xC3,0x10,0xC3,0x10,0x82,0x10,0x41,0x08,0x21,0x00,0x21,0x00,0x41,0x00,0x41,0x00,0x41,0x00,
    0x41,0x00,0x21,0x00,0x41,0x00,0x61,0x08,0xA3,0x10,0xC3,0x10,0xC3,0x10,0x82,0x10,0x82,0x08,0xC3,0x10,0xC3,0x10,0xC3,0x10,
    0x82,0x10,0x41,0x08,0x21,0x00,0x21,0x00,0x41,0x00,0x41,0x00,0x41,0x00,0x41,0x00,0x21,0x00,0x41,0x00,0x61,0x08,0xA3,0x10,
    0xC3,0x10,0xC3,0x10,0x82,0x10,0x82,0x08,0xC3,0x10,0xC3,0x10,0xC3,0x10,0x82,0x10,0x41,0x08,0x21,0x00,0x21,0x00,0x41,0x00,
    0x41,0x00,0x41,0x00,0x41,0x00,0x21,0x00,0x41,0x00,0x61,0x08,0xA3,0x10,0xC3,0x10,0xC3,0x10,0x82,0x10,0x82,0x08,0xC3,0x10,
    0xC3,0x10,0xC3,0x10,0x82,0x10,0x41,0x08,0x21,0x00,0x21,0x00,0x41,0x00,0x41,0x00,0x41,0x00,0x41,0x00,0x21,0x00,0x21,0x00,
    0x61,0x08,0xA2,0x10,0xC3,0x10,0xC3,0x10,0xA2,0x10,0x62,0x08,0xA3,0x10,0xC3,0x10,0xC3,0x10,0x82,0x10,0x61,0x08,0x21,0x00,
    0x21,0x00,0x41,0x00,0x41,0x00,0x41,0x00,0x41,0x00,0x21,0x00,0x21,0x00,0x61,0x08,0xA2,0x10,0xC3,0x10,0xC3,0x10,0xA2,0x10,
    0x62,0x08,0xA3,0x10,0xC3,0x10,0xC3,0x10,0x82,0x10,0x61,0x08,0x21,0x00,0x21,0x00,0x41,0x00,0x41,0x00,0x41,0x00,0x41,0x00,
    0x21,0x00,0x21,0x00,0x61,0x08,0xA2,0x10,0xC3,0x10,0xC3,0x10,0xA2,0x10,0x62,0x08,0xA3,0x10,0xC3,0x10,0xC3,0x10,0x82,0x10,
    0x61,0x08,0x21,0x00,0x21,0x00,0x41,0x00,0x41,0x00,0x41,0x00,0x41,0x00,0x21,0x00,0x21,0x00,0x61,0x08,0xA2,0x10,0xC3,0x10,
    0xC3,0x10,0xA2,0x10,0x62,0x08,0xA2,0x10,0xC3,0x10,0xC3,0x10,0xA2,0x10,0x61,0x08,0x21,0x00,0x21,0x00,0x41,0x00,0x41,0x00,
    0x41,0x00,0x41,0x00,0x21,0x00,0x21,0x00,0x61,0x08,0x82,0x10,0xC3,0x10,0xC3,0x10,0xA3,0x10,0x62,0x08,0xA2,0x10,0xC3,0x10,
    0xC3,0x10,0xA2,0x10,0x61,0x08,0x21,0x00,0x21,0x00,0x41,0x00,0x41,0x00,0x41,0x00,0x41,0x00,0x21,0x00,0x21,0x00,0x61,0x08,
    0x82,0x10,0xC3,0x10,0xC3,0x10,0xA3,0x10,0x62,0x08,0xA2,0x10,0xC3,0x10,0xC3,0x10,0xA2,0x10,0x61,0x08,0x21,0x00,0x21,0x00,
    0x41,0x00,0x41,0x00,0x41,0x00,0x41,0x00,0x21,0x00,0x21,0x00,0x41,0x08,0x82,0x10,0xC3,0x10,0xC3,0x10,0xC3,0x10,0x82,0x08,
    0x82,0x10,0xC3,0x10,0xC3,0x10,0xA3,0x10,0x61,0x08,0x41,0x00,0x21,0x00,0x41,0x00,0x41,0x00,0x41,0x00,0x41,0x00,0x21,0x00,
    0x21,0x00,0x41,0x08,0x82,0x10,0xC3,0x10,0xC3,0x10,0xC3,0x10,0x82,0x08,0x82,0x10,0xC3,0x10,0xC3,0x10,0xA3,0x10,0x61,0x08,
    0x41,0x00,0x21,0x00,0x41,0x00,0x41,0x00,0x41,0x00,0x41,0x00,0x21,0x00,0x21,0x00,0x41,0x08,0x82,0x10,0xC3,0x10,0xC3,0x10,
    0xC3,0x10,0x82,0x08,0x82,0x10,0xC3,0x10,0xC3,0x10,0xA3,0x10,0x61,0x08,0x41,0x00,0x21,0x00,0x41,0x00,0x41,0x00,0x41,0x00,
    0x41,0x00,0x21,0x00,0x20,0x00,0x41,0x08,0x82,0x10,0xA3,0x10,0xA3,0x10,0xA2,0x10,0x62,0x08,0x82,0x08,0xA2,0x10,0xA2,0x10,
    0x82,0x10,0x61,0x08,0x20,0x00,0x20,0x00,0x20,0x00,0x20,0x00,0x20,0x00,0x20,0x00,0x20,0x00,0x20,0x00,0x20,0x00,0x41,0x08,
    0x20,0x00,0x21,0x00,0x61,0x08,0x82,0x08,0x82,0x10,0x82,0x08,0x41,0x08,0x20,0x00,0x20,0x00,0x20,0x00,0x20,0x00,0x20,0x00,
    0x41,0x08,0x82,0x10,0xA2,0x10,0xA2,0x10,0x82,0x10,0x61,0x08,0x21,0x00,0x20,0x00,0x41,0x08,0x82,0x10,0xA3,0x10,0xC3,0x10,
    0xA3,0x10,0x62,0x08,0x41,0x00,0x21,0x00,0x41,0x00,0x21,0x00,0x41,0x00,0x61,0x08,0xA2,0x10,0xC3,0x10,0xC3,0x10,0xA2,0x10,
    0x61,0x08,0x21,0x00,0x20,0x00,0x41,0x08,0x82,0x10,0xA3,0x10,0xC3,0x10,0xA3,0x10,0x62,0x08,0x41,0x00,0x21,0x00,0x41,0x00,
    0x21,0x00,0x41,0x00,0x61,0x08,0xA2,0x10,0xC3,0x10,0xC3,0x10,0xA2,0x10,0x61,0x08,0x21,0x00,0x20,0x00,0x41,0x08,0x82,0x10,
    0xA3,0x10,0xC3,0x10,0xA3,0x10,0x82,0x08,0x41,0x08,0x21,0x00,0x41,0x00,0x21,0x00,0x21,0x00,0x41,0x08,0xA2,0x10,0xC3,0x10,
    0xC3,0x10,0xA2,0x10,0x61,0x08,0x21,0x00,0x20,0x00,0x41,0x08,0x82,0x10,0xA3,0x10,0xC3,0x10,0xA3,0x10,0x82,0x08,0x41,0x08,
    0x21,0x00,0x41,0x00,0x21,0x00,0x21,0x00,0x41,0x08,0xA2,0x10,0xC3,0x10,0xC3,0x10,0xA2,0x10,0x61,0x08,0x21,0x00,0x20,0x00,
    0x41,0x08,0x82,0x10,0xA3,0x10,0xC3,0x10,0xA3,0x10,0x82,0x08,0x41,0x08,0x21,0x00,0x41,0x00,0x21,0x00,0x21,0x00,0x41,0x08,
    0xA2,0x10,0xC3,0x10,0xC3,0x10,0xA2,0x10,0x61,0x08,0x21,0x00,0x20,0x00,0x41,0x08,0x82,0x10,0xA3,0x10,0xC3,0x10,0xA3,0x10,
    0x82,0x08,0x41,0x08,0x21,0x00,0x41,0x00,0x21,0x00,0x21,0x00,0x41,0x08,0x82,0x10,0xA3,0x10,0xC3,0x10,0xA3,0x10,0x82,0x08,
    0x41,0x08,0x20,0x00,0x41,0x08,0x82,0x08,0xA3,0x10,0xC3,0x10,0xA3,0x10,0x82,0x10,0x41,0x08,0x21,0x00,0x41,0x00,0x21,0x00,
    0x21,0x00,0x41,0x08,0x82,0x10,0xA3,0x10,0xC3,0x10,0xA3,0x10,0x82,0x08,0x41,0x08,0x20,0x00,0x41,0x08,0x82,0x08,0xA3,0x10,
    0xC3,0x10,0xA3,0x10,0x82,0x10,0x41,0x08,0x21,0x00,0x41,0x00,0x21,0x00,0x21,0x00,0x41,0x08,0x82,0x10,0xA3,0x10,0xC3,0x10,
    0xA3,0x10,0x82,0x08,0x41,0x08,0x20,0x00,0x41,0x08,0x82,0x08,0xA3,0x10,0xC3,0x10,0xA3,0x10,0x82,0x10,0x41,0x08,0x21,0x00,
    0x41,0x00,0x21,0x00,0x21,0x00,0x41,0x08,0x82,0x10,0xA3,0x10,0xC3,0x10,0xA3,0x10,0x82,0x08,0x41,0x08,0x20,0x00,0x41,0x08,
    0x82,0x08,0xA3,0x10,0xC3,0x10,0xA3,0x10,0x82,0x10,0x41,0x08,0x21,0x00,0x21,0x00,0x41,0x00,0x21,0x00,0x41,0x08,0x82,0x10,
    0xA3,0x10,0xC3,0x10,0xA3,0x10,0x82,0x08,0x41,0x08,0x20,0x00,0x41,0x08,0x82,0x08,0xA3,0x10,0xC3,0x10,0xA3,0x10,0x82,0x10,
    0x41,0x08,0x21,0x00,0x21,0x00,0x41,0x00,0x21,0x00,0x41,0x08,0x82,0x10,0xA3,0x10,0xC3,0x10,0xA3,0x10,0x82,0x08,0x41,0x08,
    0x20,0x00,0x41,0x08,0x82,0x08,0xA3,0x10,0xC3,0x10,0xA3,0x10,0x82,0x10,0x41,0x08,0x21,0x00,0x21,0x00,0x41,0x00,0x21,0x00,
    0x41,0x08,0x82,0x08,0xA3,0x10,0xC3,0x10,0xA3,0x10,0x82,0x10,0x41,0x08,0x20,0x00,0x21,0x00,0x61,0x08,0xA2,0x10,0xC3,0x10,
    0xC3,0x10,0xA2,0x10,0x41,0x08,0x21,0x00,0x21,0x00,0x41,0x00,0x21,0x00,0x41,0x08,0x82,0x08,0xA3,0x10,0xC3,0x10,0xA3,0x10,
    0x82,0x10,0x41,0x08,0x20,0x00,0x21,0x00,0x61,0x08,0xA2,0x10,0xC3,0x10,0xC3,0x10,0xA2,0x10,0x41,0x08,0x21,0x00,0x21,0x00,
    0x41,0x00,0x21,0x00,0x41,0x08,0x82,0x08,0xA3,0x10,0xC3,0x10,0xA3,0x10,0x82,0x10,0x41,0x08,0x20,0x00,0x21,0x00,0x61,0x08,
    0xA2,0x10,0xC3,0x10,0xC3,0x10,0xA2,0x10,0x41,0x08,0x21,0x00,0x21,0x00,0x41,0x00,0x21,0x00,0x41,0x08,0x82,0x08,0xA2,0x10,
    0xA3,0x10,0xA3,0x10,0x82,0x10,0x41,0x08,0x20,0x00,0x20,0x00,0x41,0x08,0x82,0x10,0x82,0x10,0x82,0x10,0x82,0x08,0x41,0x08,
    0x20,0x00,0x20,0x00,0x20,0x00,0x20,0x00,0x20,0x00,0x41,0x08,0x62,0x08,0x82,0x08,0x20,0x00,0x20,0x00,0x20,0x00,0x41,0x08,
    0x62,0x08,0x82,0x10,0x82,0x10,0x82,0x08,0x41,0x08,0x20,0x00,0x41,0x08,0x82,0x10,0xA2,0x10,0xA2,0x10,0x82,0x10,0x61,0x08,
    0x21,0x00,0x20,0x00,0x21,0x00,0x41,0x00,0x20,0x00,0x20,0x00,0x61,0x08,0xA2,0x10,0xA3,0x10,0xA3,0x10,0xA2,0x10,0x61,0x08,
    0x20,0x00,0x61,0x08,0xA2,0x10,0xA3,0x10,0xC3,0x10,0xA2,0x10,0x61,0x08,0x41,0x00,0x20,0x00,0x21,0x00,0x41,0x00,0x20,0x00,
    0x20,0x00,0x61,0x08,0xA2,0x10,0xA3,0x10,0xA3,0x10,0xA2,0x10,0x61,0x08,0x20,0x00,0x61,0x08,0xA2,0x10,0xA3,0x10,0xC3,0x10,
    0xA2,0x10,0x61,0x08,0x41,0x00,0x20,0x00,0x21,0x00,0x41,0x00,0x20,0x00,0x21,0x00,0x41,0x08,0x82,0x10,0xA3,0x10,0xA3,0x10,
    0xA3,0x10,0x82,0x08,0x21,0x00,0x41,0x08,0x82,0x10,0xA3,0x10,0xA3,0x10,0xA3,0x10,0x82,0x08,0x41,0x00,0x20,0x00,0x21,0x00,
    0x41,0x00,0x20,0x00,0x21,0x00,0x41,0x08,0x82,0x10,0xA3,0x10,0xA3,0x10,0xA3,0x10,0x82,0x08,0x21,0x00,0x41,0x08,0x82,0x10,
    0xA3,0x10,0xA3,0x10,0xA3,0x10,0x82,0x08,0x41,0x00,0x20,0x00,0x21,0x00,0x41,0x00,0x20,0x00,0x21,0x00,0x41,0x08,0x82,0x10,
    0xA3,0x10,0xA3,0x10,0xA3,0x10,0x82,0x08,0x21,0x00,0x41,0x08,0x82,0x10,0xA3,0x10,0xA3,0x10,0xA3,0x10,0x82,0x08,0x41,0x00,
    0x20,0x00,0x21,0x00,0x41,0x00,0x20,0x00,0x21,0x00,0x41,0x08,0x82,0x10,0xA3,0x10,0xA3,0x10,0xA3,0x10,0x82,0x08,0x21,0x00,
    0x41,0x08,0x82,0x10,0xA3,0x10,0xC3,0x10,0xA3,0x10,0x82,0x08,0x41,0x08,0x20,0x00,0x21,0x00,0x41,0x00,0x21,0x00,0x20,0x00,
    0x41,0x08,0x82,0x10,0xA3,0x10,0xA3,0x10,0xA3,0x10,0x82,0x08,0x21,0x00,0x41,0x08,0x82,0x10,0xA3,0x10,0xC3,0x10,0xA3,0x10,
    0x82,0x08,0x41,0x08,0x20,0x00,0x21,0x00,0x41,0x00,0x21,0x00,0x20,0x00,0x41,0x08,0x82,0x10,0xA3,0x10,0xA3,0x10,0xA3,0x10,
    0x82,0x08,0x21,0x00,0x41,0x08,0x82,0x10,0xA3,0x10,0xC3,0x10,0xA3,0x10,0x82,0x08,0x41,0x08,0x20,0x00,0x21,0x00,0x41,0x00,
    0x21,0x00,0x20,0x00,0x41,0x08,0x82,0x10,0xA3,0x10,0xA3,0x10,0xA3,0x10,0x82,0x08,0x21,0x00,0x41,0x08,0x82,0x10,0xA3,0x10,
    0xC3,0x10,0xA3,0x10,0x82,0x08,0x41,0x08,0x20,0x00,0x21,0x00,0x41,0x00,0x21,0x00,0x20,0x00,0x41,0x08,0x82,0x08,0xA3,0x10,
    0xC3,0x10,0xA3,0x10,0x82,0x10,0x41,0x08,0x21,0x00,0x82,0x08,0xA3,0x10,0xA3,0x10,0xA3,0x10,0x82,0x10,0x41,0x08,0x20,0x00,
    0x21,0x00,0x41,0x00,0x21,0x00,0x20,0x00,0x41,0x08,0x82,0x08,0xA3,0x10,0xC3,0x10,0xA3,0x10,0x82,0x10,0x41,0x08,0x21,0x00,
    0x82,0x08,0xA3,0x10,0xA3,0x10,0xA3,0x10,0x82,0x10,0x41,0x08,0x20,0x00,0x21,0x00,0x41,0x00,0x21,0x00,0x20,0x00,0x41,0x08,
    0x82,0x08,0xA3,0x10,0xC3,0x10,0xA3,0x10,0x82,0x10,0x41,0x08,0x21,0x00,0x82,0x08,0xA3,0x10,0xA3,0x10,0xA3,0x10,0x82,0x10,
    0x41,0x08,0x21,0x00,0x20,0x00,0x41,0x00,0x21,0x00,0x20,0x00,0x41,0x00,0x82,0x08,0xA3,0x10,0xA3,0x10,0xA3,0x10,0x82,0x10,
    0x41,0x08,0x21,0x00,0x82,0x08,0xA3,0x10,0xA3,0x10,0xA3,0x10,0x82,0x10,0x41,0x08,0x21,0x00,0x20,0x00,0x41,0x00,0x21,0x00,
    0x20,0x00,0x41,0x00,0x82,0x08,0xA3,0x10,0xA3,0x10,0xA3,0x10,0x82,0x10,0x41,0x08,0x21,0x00,0x82,0x08,0xA3,0x10,0xA3,0x10,
    0xA3,0x10,0x82,0x10,0x41,0x08,0x21,0x00,0x20,0x00,0x41,0x00,0x21,0x00,0x20,0x00,0x41,0x00,0x82,0x08,0xA3,0x10,0xA3,0x10,
    0xA3,0x10,0x82,0x10,0x41,0x08,0x21,0x00,0x82,0x08,0xA3,0x10,0xA3,0x10,0xA3,0x10,0x82,0x10,0x41,0x08,0x20,0x00,0x20,0x00,
    0x21,0x00,0x20,0x00,0x20,0x00,0x20,0x00,0x41,0x08,0x82,0x10,0x82,0x10,0x82,0x10,0x82,0x08,0x41,0x08,0x20,0x00,0x41,0x08,
    0x62,0x08,0x82,0x08,0x82,0x08,0x61,0x08,0x20,0x00,0x20,0x00,0x20,0x00,0x20,0x00,0x20,0x00,0x41,0x08,0x82,0x08,0x82,0x10,
    0x82,0x10,0x82,0x08,0x82,0x10,0xA2,0x10,0x82,0x10,0x62,0x08,0x21,0x00,0x20,0x00,0x21,0x00,0x21,0x00,0x21,0x00,0x21,0x00,
    0x21,0x00,0x21,0x00,0x20,0x00,0x21,0x00,0x61,0x08,0xA2,0x10,0xA3,0x10,0xA3,0x10,0x82,0x10,0xA3,0x10,0xA3,0x10,0xA2,0x10,
    0x82,0x08,0x41,0x08,0x20,0x00,0x21,0x00,0x21,0x00,0x21,0x00,0x21,0x00,0x21,0x00,0x21,0x00,0x20,0x00,0x21,0x00,0x61,0x08,
    0xA2,0x10,0xA3,0x10,0xA3,0x10,0x82,0x10,0xA3,0x10,0xA3,0x10,0xA2,0x10,0x82,0x08,0x41,0x08,0x20,0x00,0x21,0x00,0x21,0x00,
    0x21,0x00,0x21,0x00,0x21,0x00,0x21,0x00,0x20,0x00,0x21,0x00,0x61,0x08,0xA2,0x10,0xA3,0x10,0xA3,0x10,0xA2,0x10,0xA2,0x10,
    0xC3,0x10,0xA3,0x10,0x82,0x10,0x41,0x08,0x20,0x00,0x21,0x00,0x21,0x00,0x21,0x00,0x21,0x00,0x21,0x00,0x21,0x00,0x20,0x00,
    0x21,0x00,0x61,0x08,0xA2,0x10,0xA3,0x10,0xA3,0x10,0xA2,0x10,0xA2,0x10,0xC3,0x10,0xA3,0x10,0x82,0x10,0x41,0x08,0x20,0x00,
    0x21,0x00,0x21,0x00,0x21,0x00,0x21,0x00,0x21,0x00,0x21,0x00,0x20,0x00,0x21,0x00,0x61,0x08,0xA2,0x10,0xA3,0x10,0xA3,0x10,
    0xA2,0x10,0xA2,0x10,0xC3,0x10,0xA3,0x10,0x82,0x10,0x41,0x08,0x20,0x00,0x21,0x00,0x21,0x00,0x21,0x00,0x21,0x00,0x21,0x00,
    0x21,0x00,0x20,0x00,0x21,0x00,0x61,0x08,0xA2,0x10,0xA3,0x10,0xA3,0x10,0xA2,0x10,0xA2,0x10,0xA3,0x10,0xA3,0x10,0x82,0x10,
    0x41,0x08,0x20,0x00,0x21,0x00,0x21,0x00,0x21,0x00,0x21,0x00,0x21,0x00,0x21,0x00,0x21,0x00,0x21,0x00,0x41,0x08,0x82,0x10,
    0xA3,0x10,0xA3,0x10,0xA2,0x10,0xA2,0x10,0xA3,0x10,0xA3,0x10,0x82,0x10,0x41,0x08,0x20,0x00,0x21,0x00,0x21,0x00,0x21,0x00,
    0x21,0x00,0x21,0x00,0x21,0x00,0x21,0x00,0x21,0x00,0x41,0x08,0x82,0x10,0xA3,0x10,0xA3,0x10,0xA2,0x10,0xA2,0x10,0xA3,0x10,
    0xA3,0x10,0x82,0x10,0x41,0x08,0x20,0x00,0x21,0x00,0x21,0x00,0x21,0x00,0x21,0x00,0x21,0x00,0x21,0x00,0x21,0x00,0x21,0x00,
    0x41,0x08,0x82,0x10,0xA3,0x10,0xA3,0x10,0xA2,0x10,0xA2,0x10,0xA3,0x10,0xA3,0x10,0x82,0x10,0x41,0x08,0x20,0x00,0x21,0x00,
    0x21,0x00,0x21,0x00,0x21,0x00,0x21,0x00,0x21,0x00,0x21,0x00,0x20,0x00,0x41,0x08,0x82,0x10,0xA3,0x10,0xA3,0x10,0xA2,0x10,
    0xA2,0x10,0xA3,0x10,0xA3,0x10,0x82,0x10,0x41,0x08,0x21,0x00,0x21,0x00,0x21,0x00,0x21,0x00,0x21,0x00,0x21,0x00,0x21,0x00,
    0x21,0x00,0x20,0x00,0x41,0x08,0x82,0x10,0xA3,0x10,0xA3,0x10,0xA2,0x10,0xA2,0x10,0xA3,0x10,0xA3,0x10,0x82,0x10,0x41,0x08,
    0x21,0x00,0x21,0x00,0x21,0x00,0x21,0x00,0x21,0x00,0x21,0x00,0x21,0x00,0x21,0x00,0x20,0x00,0x41,0x08,0x82,0x10,0xA3,0x10,
    0xA3,0x10,0xA2,0x10,0xA2,0x10,0xA3,0x10,0xA3,0x10,0xA2,0x10,0x61,0x08,0x21,0x00,0x20,0x00,0x21,0x00,0x21,0x00,0x21,0x00,
    0x21,0x00,0x21,0x00,0x21,0x00,0x20,0x00,0x41,0x08,0x82,0x10,0xA3,0x10,0xC3,0x10,0xA2,0x10,0xA2,0x10,0xA3,0x10,0xA3,0x10,
    0xA2,0x10,0x61,0x08,0x21,0x00,0x20,0x00,0x21,0x00,0x21,0x00,0x21,0x00,0x21,0x00,0x21,0x00,0x21,0x00,0x20,0x00,0x41,0x08,
    0x82,0x10,0xA3,0x10,0xC3,0x10,0xA2,0x10,0xA2,0x10,0xA3,0x10,0xA3,0x10,0xA2,0x10,0x61,0x08,0x21,0x00,0x20,0x00,0x21,0x00,
    0x21,0x00,0x21,0x00,0x21,0x00,0x21,0x00,0x21,0x00,0x20,0x00,0x41,0x08,0x82,0x10,0xA3,0x10,0xC3,0x10,0xA2,0x10,0xA2,0x10,
    0xA3,0x10,0xA3,0x10,0xA2,0x10,0x61,0x08,0x21,0x00,0x20,0x00,0x21,0x00,0x21,0x00,0x21,0x00,0x20,0x00,0x20,0x00,0x20,0x00,
    0x20,0x00,0x21,0x00,0x61,0x08,0x82,0x10,0x82,0x10,0x82,0x10,0x62,0x08,0x82,0x08,0x82,0x10,0x62,0x08,0x41,0x08,0x20,0x00,
    0x20,0x00,0x20,0x00,0x20,0x00,0x20,0x00,0x20,0x00,0x20,0x00,0x21,0x00,0x61,0x08,0x82,0x10,0x82,0x10,0x82,0x10,0x62,0x08,
    0x41,0x00,0x20,0x00,0x20,0x00,0x21,0x00,0x21,0x00,0x21,0x00,0x21,0x00,0x21,0x00,0x21,0x00,0x21,0x00,0x21,0x00,0x21,0x00,
    0x20,0x00,0x41,0x08,0x62,0x08,0xA2,0x10,0xA3,0x10,0xA2,0x10,0x82,0x08,0x41,0x08,0x20,0x00,0x21,0x00,0x41,0x00,0x21,0x00,
    0x21,0x00,0x21,0x00,0x21,0x00,0x21,0x00,0x21,0x00,0x21,0x00,0x21,0x00,0x20,0x00,0x41,0x08,0x62,0x08,0xA2,0x10,0xA3,0x10,
    0xA2,0x10,0x82,0x08,0x41,0x08,0x20,0x00,0x21,0x00,0x41,0x00,0x21,0x00,0x21,0x00,0x21,0x00,0x21,0x00,0x21,0x00,0x21,0x00,
    0x21,0x00,0x21,0x00,0x20,0x00,0x41,0x00,0x61,0x08,0xA2,0x10,0xA3,0x10,0xA3,0x10,0x82,0x10,0x41,0x08,0x21,0x00,0x21,0x00,
    0x21,0x00,0x21,0x00,0x21,0x00,0x21,0x00,0x21,0x00,0x21,0x00,0x21,0x00,0x21,0x00,0x21,0x00,0x20,0x00,0x41,0x00,0x61,0x08,
    0xA2,0x10,0xA3,0x10,0xA3,0x10,0x82,0x10,0x41,0x08,0x21,0x00,0x21,0x00,0x21,0x00,0x21,0x00,0x21,0x00,0x21,0x00,0x21,0x00,
    0x21,0x00,0x21,0x00,0x21,0x00,0x21,0x00,0x20,0x00,0x41,0x00,0x61,0x08,0xA2,0x10,0xA3,0x10,0xA3,0x10,0x82,0x10,0x41,0x08,
    0x21,0x00,0x21,0x00,0x21,0x00,0x21,0x00,0x21,0x00,0x21,0x00,0x21,0x00,0x21,0x00,0x21,0x00,0x21,0x00,0x21,0x00,0x20,0x00,
    0x41,0x00,0x61,0x08,0xA2,0x10,0xA3,0x10,0xA3,0x10,0x82,0x10,0x41,0x08,0x21,0x00,0x20,0x00,0x21,0x00,0x21,0x00,0x21,0x00,
    0x21,0x00,0x21,0x00,0x21,0x00,0x21,0x00,0x21,0x00,0x21,0x00,0x20,0x00,0x21,0x00,0x61,0x08,0xA2,0x10,0xA3,0x10,0xA3,0x10,
    0x82,0x10,0x41,0x08,0x21,0x00,0x20,0x00,0x21,0x00,0x21,0x00,0x21,0x00,0x21,0x00,0x21,0x00,0x21,0x00,0x21,0x00,0x21,0x00,
    0x21,0x00,0x20,0x00,0x21,0x00,0x61,0x08,0xA2,0x10,0xA3,0x10,0xA3,0x10,0x82,0x10,0x41,0x08,0x21,0x00,0x20,0x00,0x21,0x00,
    0x21,0x00,0x21,0x00,0x21,0x00,0x21,0x00,0x21,0x00,0x21,0x00,0x21,0x00,0x21,0x00,0x20,0x00,0x21,0x00,0x61,0x08,0xA2,0x10,
    0xA3,0x10,0xA3,0x10,0x82,0x10,0x41,0x08,0x21,0x00,0x20,0x00,0x21,0x00,0x21,0x00,0x21,0x00,0x21,0x00,0x21,0x00,0x21,0x00,
    0x21,0x00,0x21,0x00,0x21,0x00,0x20,0x00,0x21,0x00,0x41,0x08,0x82,0x10,0xA3,0x10,0xA3,0x10,0xA2,0x10,0x61,0x08,0x21,0x00,
    0x20,0x00,0x21,0x00,0x21,0x00,0x21,0x00,0x21,0x00,0x21,0x00,0x21,0x00,0x21,0x00,0x21,0x00,0x21,0x00,0x20,0x00,0x21,0x00,
    0x41,0x08,0x82,0x10,0xA3,0x10,0xA3,0x10,0xA2,0x10,0x61,0x08,0x21,0x00,0x20,0x00,0x21,0x00,0x21,0x00,0x21,0x00,0x21,0x00,
    0x21,0x00,0x21,0x00,0x21,0x00,0x21,0x00,0x21,0x00,0x20,0x00,0x21,0x00,0x41,0x08,0x82,0x10,0xA3,0x10,0xA3,0x10,0xA2,0x10,
    0x61,0x08,0x41,0x00,0x20,0x00,0x21,0x00,0x21,0x00,0x21,0x00,0x21,0x00,0x21,0x00,0x21,0x00,0x21,0x00,0x21,0x00,0x21,0x00,
    0x21,0x00,0x21,0x00,0x41,0x08,0x82,0x10,0xA3,0x10,0xA3,0x10,0xA2,0x10,0x61,0x08,0x41,0x00,0x20,0x00,0x21,0x00,0x21,0x00,
    0x21,0x00,0x21,0x00,0x21,0x00,0x21,0x00,0x21,0x00,0x21,0x00,0x21,0x00,0x21,0x00,0x21,0x00,0x41,0x08,0x82,0x10,0xA3,0x10,
    0xA3,0x10,0xA2,0x10,0x61,0x08,0x41,0x00,0x20,0x00,0x21,0x00,0x21,0x00,0x21,0x00,0x21,0x00,0x21,0x00,0x21,0x00,0x21,0x00,
    0x21,0x00,0x21,0x00,0x21,0x00,0x21,0x00,0x41,0x08,0x82,0x10,0xA3,0x10,0xA3,0x10,0xA2,0x10,0x61,0x08,0x41,0x00,0x20,0x00,
    0x21,0x00,0x21,0x00,0x21,0x00,0x21,0x00,0x21,0x00,0x20,0x00,0x20,0x00,0x20,0x00,0x20,0x00,0x20,0x00,0x20,0x00,0x21,0x00,
    0x61,0x08,0x82,0x10,0x82,0x10,0x82,0x08,0x41,0x08,0x20,0x00,0x20,0x00,0x20,0x00,0x20,0x00,0x20,0x00,0x20,0x00,0x20,0x00,
    0x20,0x00,0x20,0x00,0x20,0x00,0x20,0x00,0x61,0x08,0xA2,0x10,0x62,0x08,0x20,0x00,0x20,0x00,0x21,0x00,0x20,0x00,0x21,0x00,
    0x21,0x00,0x21,0x00,0x21,0x00,0x21,0x00,0x21,0x00,0x21,0x00,0x21,0x00,0x21,0x00,0x21,0x00,0x20,0x00,0x20,0x00,0x82,0x08,
    0xA3,0x10,0x82,0x08,0x20,0x00,0x20,0x00,0x21,0x00,0x21,0x00,0x21,0x00,0x21,0x00,0x21,0x00,0x21,0x00,0x21,0x00,0x21,0x00,
    0x21,0x00,0x21,0x00,0x21,0x00,0x21,0x00,0x20,0x00,0x20,0x00,0x82,0x08,0xA3,0x10,0x82,0x08,0x20,0x00,0x20,0x00,0x21,0x00,
    0x21,0x00,0x21,0x00,0x21,0x00,0x21,0x00,0x21,0x00,0x21,0x00,0x21,0x00,0x21,0x00,0x21,0x00,0x21,0x00,0x21,0x00,0x21,0x00,
    0x20,0x00,0x61,0x08,0xA3,0x10,0xA2,0x10,0x21,0x00,0x20,0x00,0x21,0x00,0x21,0x00,0x21,0x00,0x21,0x00,0x21,0x00,0x21,0x00,
    0x21,0x00,0x21,0x00,0x21,0x00,0x21,0x00,0x21,0x00,0x21,0x00,0x21,0x00,0x20,0x00,0x61,0x08,0xA3,0x10,0xA2,0x10,0x21,0x00,
    0x20,0x00,0x21,0x00,0x21,0x00,0x21,0x00,0x21,0x00,0x21,0x00,0x21,0x00,0x21,0x00,0x21,0x00,0x21,0x00,0x21,0x00,0x21,0x00,
    0x21,0x00,0x21,0x00,0x20,0x00,0x61,0x08,0xA3,0x10,0xA2,0x10,0x21,0x00,0x20,0x00,0x21,0x00,0x21,0x00,0x21,0x00,0x21,0x00,
    0x21,0x00,0x21,0x00,0x21,0x00,0x21,0x00,0x21,0x00,0x21,0x00,0x21,0x00,0x21,0x00,0x21,0x00,0x20,0x00,0x61,0x08,0xA3,0x10,
    0xA2,0x10,0x41,0x00,0x20,0x00,0x21,0x00,0x21,0x00,0x21,0x00,0x21,0x00,0x21,0x00,0x21,0x00,0x21,0x00,0x21,0x00,0x21,0x00,
    0x21,0x00,0x21,0x00,0x21,0x00,0x21,0x00,0x20,0x00,0x41,0x08,0xA3,0x10,0xA2,0x10,0x41,0x00,0x20,0x00,0x21,0x00,0x21,0x00,
    0x21,0x00,0x21,0x00,0x21,0x00,0x21,0x00,0x21,0x00,0x21,0x00,0x21,0x00,0x21,0x00,0x21,0x00,0x21,0x00,0x21,0x00,0x20,0x00,
    0x41,0x08,0xA3,0x10,0xA2,0x10,0x41,0x00,0x20,0x00,0x21,0x00,0x21,0x00,0x21,0x00,0x21,0x00,0x21,0x00,0x21,0x00,0x21,0x00,
    0x21,0x00,0x21,0x00,0x21,0x00,0x21,0x00,0x21,0x00,0x21,0x00,0x20,0x00,0x41,0x08,0xA3,0x10,0xA2,0x10,0x41,0x00,0x20,0x00,
    0x21,0x00,0x21,0x00,0x21,0x00,0x21,0x00,0x21,0x00,0x21,0x00,0x21,0x00,0x21,0x00,0x21,0x00,0x21,0x00,0x21,0x00,0x21,0x00,
    0x21,0x00,0x20,0x00,0x41,0x00,0xA2,0x10,0xA3,0x10,0x41,0x08,0x20,0x00,0x21,0x00,0x21,0x00,0x21,0x00,0x21,0x00,0x21,0x00,
    0x21,0x00,0x21,0x00,0x21,0x00,0x21,0x00,0x21,0x00,0x21,0x00,0x21,0x00,0x21,0x00,0x20,0x00,0x41,0x00,0xA2,0x10,0xA3,0x10,
    0x41,0x08,0x20,0x00,0x21,0x00,0x21,0x00,0x21,0x00,0x21,0x00,0x21,0x00,0x21,0x00,0x21,0x00,0x21,0x00,0x21,0x00,0x21,0x00,
    0x21,0x00,0x21,0x00,0x21,0x00,0x20,0x00,0x41,0x00,0xA2,0x10,0xA3,0x10,0x61,0x08,0x20,0x00,0x21,0x00,0x21,0x00,0x21,0x00,
    0x21,0x00,0x21,0x00,0x21,0x00,0x21,0x00,0x21,0x00,0x21,0x00,0x21,0x00,0x21,0x00,0x21,0x00,0x21,0x00,0x20,0x00,0x21,0x00,
    0xA2,0x10,0xA3,0x10,0x61,0x08,0x20,0x00,0x21,0x00,0x21,0x00,0x21,0x00,0x21,0x00,0x21,0x00,0x21,0x00,0x21,0x00,0x21,0x00,
    0x21,0x00,0x21,0x00,0x21,0x00,0x21,0x00,0x21,0x00,0x20,0x00,0x21,0x00,0xA2,0x10,0xA3,0x10,0x61,0x08,0x20,0x00,0x21,0x00,
    0x21,0x00,0x21,0x00,0x21,0x00,0x21,0x00,0x21,0x00,0x21,0x00,0x21,0x00,0x21,0x00,0x21,0x00,0x21,0x00,0x21,0x00,0x21,0x00,
    0x20,0x00,0x21,0x00,0xA2,0x10,0xA3,0x10,0x61,0x08,0x20,0x00,0x21,0x00,0x21,0x00,0x21,0x00,0x21,0x00,0x21,0x00,0x21,0x00,
    0x21,0x00,0x20,0x00,0x20,0x00,0x20,0x00,0x20,0x00,0x20,0x00,0x20,0x00,0x20,0x00,0x20,0x00,0x61,0x08,0x82,0x10,0x61,0x08,
    0x20,0x00,0x20,0x00,0x20,0x00,0x20,0x00,0x20,0x00,0x20,0x00,0x20,0x00,0x20,0x00,0x20,0x00,0x20,0x00,0x20,0x00,0x20,0x00,
    0x61,0x08,0xA2,0x10,0x62,0x08,0x20,0x00,0x20,0x00,0x20,0x00,0x20,0x00,0x21,0x00,0x21,0x00,0x21,0x00,0x21,0x00,0x21,0x00,
    0x21,0x00,0x21,0x00,0x21,0x00,0x21,0x00,0x21,0x00,0x21,0x00,0x20,0x00,0x82,0x08,0xA3,0x10,0x82,0x08,0x20,0x00,0x21,0x00,
    0x21,0x00,0x21,0x00,0x21,0x00,0x21,0x00,0x21,0x00,0x21,0x00,0x21,0x00,0x21,0x00,0x21,0x00,0x21,0x00,0x21,0x00,0x21,0x00,
    0x21,0x00,0x20,0x00,0x82,0x08,0xA3,0x10,0x82,0x08,0x20,0x00,0x21,0x00,0x21,0x00,0x21,0x00,0x21,0x00,0x21,0x00,0x21,0x00,
    0x21,0x00,0x21,0x00,0x21,0x00,0x21,0x00,0x21,0x00,0x21,0x00,0x21,0x00,0x21,0x00,0x20,0x00,0x41,0x08,0xA2,0x10,0x82,0x10,
    0x41,0x00,0x21,0x00,0x21,0x00,0x21,0x00,0x21,0x00,0x21,0x00,0x21,0x00,0x21,0x00,0x21,0x00,0x21,0x00,0x21,0x00,0x21,0x00,
    0x21,0x00,0x21,0x00,0x21,0x00,0x20,0x00,0x41,0x08,0xA2,0x10,0x82,0x10,0x41,0x00,0x21,0x00,0x21,0x00,0x21,0x00,0x21,0x00,
    0x21,0x00,0x21,0x00,0x21,0x00,0x21,0x00,0x21,0x00,0x21,0x00,0x21,0x00,0x21,0x00,0x21,0x00,0x21,0x00,0x20,0x00,0x41,0x08,
    0xA2,0x10,0x82,0x10,0x41,0x00,0x21,0x00,0x21,0x00,0x21,0x00,0x21,0x00,0x21,0x00,0x21,0x00,0x21,0x00,0x21,0x00,0x21,0x00,
    0x21,0x00,0x21,0x00,0x21,0x00,0x21,0x00,0x21,0x00,0x20,0x00,0x41,0x08,0xA2,0x10,0x82,0x10,0x41,0x00,0x21,0x00,0x21,0x00,
    0x21,0x00,0x21,0x00,0x21,0x00,0x21,0x00,0x21,0x00,0x21,0x00,0x21,0x00,0x21,0x00,0x21,0x00,0x21,0x00,0x21,0x00,0x21,0x00,
    0x20,0x00,0x41,0x08,0xA2,0x10,0x82,0x10,0x41,0x00,0x21,0x00,0x21,0x00,0x21,0x00,0x21,0x00,0x21,0x00,0x21,0x00,0x21,0x00,
    0x21,0x00,0x21,0x00,0x21,0x00,0x21,0x00,0x21,0x00,0x21,0x00,0x21,0x00,0x20,0x00,0x41,0x08,0xA2,0x10,0x82,0x10,0x41,0x00,
    0x21,0x00,0x21,0x00,0x21,0x00,0x21,0x00,0x21,0x00,0x21,0x00,0x21,0x00,0x21,0x00,0x21,0x00,0x21,0x00,0x21,0x00,0x21,0x00,
    0x21,0x00,0x21,0x00,0x20,0x00,0x41,0x08,0xA2,0x10,0x82,0x10,0x41,0x00,0x21,0x00,0x21,0x00,0x21,0x00,0x21,0x00,0x21,0x00,
    0x21,0x00,0x21,0x00,0x21,0x00,0x21,0x00,0x21,0x00,0x21,0x00,0x21,0x00,0x21,0x00,0x21,0x00,0x21,0x00,0x41,0x00,0x82,0x10,
    0xA2,0x10,0x41,0x08,0x20,0x00,0x21,0x00,0x21,0x00,0x21,0x00,0x21,0x00,0x21,0x00,0x21,0x00,0x21,0x00,0x21,0x00,0x21,0x00,
    0x21,0x00,0x21,0x00,0x21,0x00,0x21,0x00,0x21,0x00,0x41,0x00,0x82,0x10,0xA2,0x10,0x41,0x08,0x20,0x00,0x21,0x00,0x21,0x00,
    0x21,0x00,0x21,0x00,0x21,0x00,0x21,0x00,0x21,0x00,0x21,0x00,0x21,0x00,0x21,0x00,0x21,0x00,0x21,0x00,0x21,0x00,0x21,0x00,
    0x41,0x00,0x82,0x10,0xA2,0x10,0x41,0x08,0x20,0x00,0x21,0x00,0x21,0x00,0x21,0x00,0x21,0x00,0x21,0x00,0x21,0x00,0x21,0x00,
    0x21,0x00,0x21,0x00,0x21,0x00,0x21,0x00,0x21,0x00,0x21,0x00,0x21,0x00,0x41,0x00,0x82,0x10,0xA2,0x10,0x41,0x08,0x20,0x00,
    0x21,0x00,0x21,0x00,0x21,0x00,0x21,0x00,0x21,0x00,0x21,0x00,0x21,0x00,0x21,0x00,0x21,0x00,0x21,0x00,0x21,0x00,0x21,0x00,
    0x21,0x00,0x21,0x00,0x41,0x00,0x82,0x10,0xA2,0x10,0x41,0x08,0x20,0x00,0x21,0x00,0x21,0x00,0x21,0x00,0x21,0x00,0x21,0x00,
    0x21,0x00,0x21,0x00,0x21,0x00,0x21,0x00,0x21,0x00,0x21,0x00,0x21,0x00,0x21,0x00,0x21,0x00,0x41,0x00,0x82,0x10,0xA2,0x10,
    0x41,0x08,0x20,0x00,0x21,0x00,0x21,0x00,0x21,0x00,0x21,0x00,0x21,0x00,0x21,0x00,0x21,0x00,0x20,0x00,0x20,0x00,0x20,0x00,
    0x20,0x00,0x20,0x00,0x20,0x00,0x20,0x00,0x20,0x00,0x61,0x08,0x82,0x10,0x61,0x08,0x20,0x00,0x20,0x00,0x20,0x00,0x20,0x00,
    0x20,0x00,0x20,0x00,0x20,0x00,0x20,0x00,0x20,0x00,0x20,0x00,0x20,0x00,0x20,0x00,0x61,0x08,0xA2,0x10,0x62,0x08,0x20,0x00,
    0x20,0x00,0x20,0x00,0x20,0x00,0x21,0x00,0x21,0x00,0x21,0x00,0x21,0x00,0x21,0x00,0x21,0x00,0x21,0x00,0x21,0x00,0x21,0x00,
    0x21,0x00,0x21,0x00,0x20,0x00,0x62,0x08,0xA3,0x10,0x62,0x08,0x20,0x00,0x21,0x00,0x21,0x00,0x21,0x00,0x21,0x00,0x21,0x00,
    0x21,0x00,0x21,0x00,0x21,0x00,0x21,0x00,0x21,0x00,0x21,0x00,0x21,0x00,0x21,0x00,0x21,0x00,0x20,0x00,0x62,0x08,0xA3,0x10,
    0x62,0x08,0x20,0x00,0x21,0x00,0x21,0x00,0x21,0x00,0x21,0x00,0x21,0x00,0x21,0x00,0x21,0x00,0x21,0x00,0x21,0x00,0x21,0x00,
    0x21,0x00,0x21,0x00,0x21,0x00,0x21,0x00,0x20,0x00,0x41,0x08,0xA2,0x10,0x82,0x10,0x41,0x00,0x21,0x00,0x21,0x00,0x21,0x00,
    0x21,0x00,0x21,0x00,0x21,0x00,0x21,0x00,0x21,0x00,0x21,0x00,0x21,0x00,0x21,0x00,0x21,0x00,0x21,0x00,0x21,0x00,0x20,0x00,
    0x41,0x08,0xA2,0x10,0x82,0x10,0x41,0x00,0x21,0x00,0x21,0x00,0x21,0x00,0x21,0x00,0x21,0x00,0x21,0x00,0x21,0x00,0x21,0x00,
    0x21,0x00,0x21,0x00,0x21,0x00,0x21,0x00,0x21,0x00,0x21,0x00,0x20,0x00,0x41,0x08,0xA2,0x10,0x82,0x10,0x41,0x00,0x21,0x00,
    0x21,0x00,0x21,0x00,0x21,0x00,0x21,0x00,0x21,0x00,0x21,0x00,0x21,0x00,0x21,0x00,0x21,0x00,0x21,0x00,0x21,0x00,0x21,0x00,
    0x21,0x00,0x20,0x00,0x41,0x08,0xA2,0x10,0x82,0x10,0x41,0x00,0x21,0x00,0x21,0x00,0x21,0x00,0x21,0x00,0x21,0x00,0x21,0x00,
    0x21,0x00,0x21,0x00,0x21,0x00,0x21,0x00,0x21,0x00,0x21,0x00,0x21,0x00,0x21,0x00,0x20,0x00,0x41,0x08,0xA2,0x10,0x82,0x10,
    0x41,0x00,0x21,0x00,0x21,0x00,0x21,0x00,0x21,0x00,0x21,0x00,0x21,0x00,0x21,0x00,0x21,0x00,0x21,0x00,0x21,0x00,0x21,0x00,
    0x21,0x00,0x21,0x00,0x21,0x00,0x20,0x00,0x41,0x08,0xA2,0x10,0x82,0x10,0x41,0x00,0x21,0x00,0x21,0x00,0x21,0x00,0x21,0x00,
    0x21,0x00,0x21,0x00,0x21,0x00,0x21,0x00,0x21,0x00,0x21,0x00,0x21,0x00,0x21,0x00,0x21,0x00,0x21,0x00,0x20,0x00,0x41,0x08,
    0xA2,0x10,0x82,0x10,0x41,0x00,0x21,0x00,0x21,0x00,0x21,0x00,0x21,0x00,0x21,0x00,0x21,0x00,0x21,0x00,0x21,0x00,0x21,0x00,
    0x21,0x00,0x21,0x00,0x21,0x00,0x21,0x00,0x21,0x00,0x21,0x00,0x41,0x00,0x82,0x10,0xA2,0x10,0x41,0x08,0x20,0x00,0x21,0x00,
    0x21,0x00,0x21,0x00,0x21,0x00,0x21,0x00,0x21,0x00,0x21,0x00,0x21,0x00,0x21,0x00,0x21,0x00,0x21,0x00,0x21,0x00,0x21,0x00,
    0x21,0x00,0x41,0x00,0x82,0x10,0xA2,0x10,0x41,0x08,0x20,0x00,0x21,0x00,0x21,0x00,0x21,0x00,0x21,0x00,0x21,0x00,0x21,0x00,
    0x21,0x00,0x21,0x00,0x21,0x00,0x21,0x00,0x21,0x00,0x21,0x00,0x21,0x00,0x21,0x00,0x41,0x00,0x82,0x10,0xA2,0x10,0x41,0x08,
    0x20,0x00,0x21,0x00,0x21,0x00,0x21,0x00,0x21,0x00,0x21,0x00,0x21,0x00,0x21,0x00,0x21,0x00,0x21,0x00,0x21,0x00,0x21,0x00,
    0x21,0x00,0x21,0x00,0x21,0x00,0x41,0x00,0x82,0x10,0xA2,0x10,0x41,0x08,0x20,0x00,0x21,0x00,0x21,0x00,0x21,0x00,0x21,0x00,
    0x21,0x00,0x21,0x00,0x21,0x00,0x21,0x00,0x21,0x00,0x21,0x00,0x21,0x00,0x21,0x00,0x21,0x00,0x21,0x00,0x41,0x00,0x82,0x10,
    0xA2,0x10,0x41,0x08,0x20,0x00,0x21,0x00,0x21,0x00,0x21,0x00,0x21,0x00,0x21,0x00,0x21,0x00,0x21,0x00,0x21,0x00,0x21,0x00,
    0x21,0x00,0x21,0x00,0x21,0x00,0x21,0x00,0x21,0x00,0x41,0x00,0x82,0x10,0xA2,0x10,0x41,0x08,0x20,0x00,0x21,0x00,0x21,0x00,
    0x21,0x00,0x21,0x00,0x21,0x00,0x21,0x00,0x21,0x00,0x20,0x00,0x20,0x00,0x20,0x00,0x20,0x00,0x20,0x00,0x20,0x00,0x20,0x00,
    0x20,0x00,0x61,0x08,0x82,0x10,0x61,0x08,0x20,0x00,0x20,0x00,0x20,0x00,0x20,0x00,0x20,0x00,0x20,0x00,0x20,0x00,0x20,0x00,
    0x20,0x00,0x20,0x00,0x20,0x00,0x20,0x00,0x61,0x08,0xA2,0x10,0x62,0x08,0x20,0x00,0x20,0x00,0x20,0x00,0x20,0x00,0x20,0x00,
    0x20,0x00,0x20,0x00,0x20,0x00,0x20,0x00,0x20,0x00,0x20,0x00,0x20,0x00,0x20,0x00,0x20,0x00,0x20,0x00,0x20,0x00,0x62,0x08,
    0xA2,0x10,0x62,0x08,0x20,0x00,0x20,0x00,0x20,0x00,0x20,0x00,0x20,0x00,0x20,0x00,0x20,0x00,0x20,0x00,0x20,0x00,0x20,0x00,
    0x20,0x00,0x20,0x00,0x20,0x00,0x20,0x00,0x20,0x00,0x20,0x00,0x62,0x08,0xA2,0x10,0x62,0x08,0x20,0x00,0x20,0x00,0x20,0x00,
    0x20,0x00,0x20,0x00,0x20,0x00,0x20,0x00,0x20,0x00,0x20,0x00,0x20,0x00,0x20,0x00,0x20,0x00,0x20,0x00,0x20,0x00,0x20,0x00,
    0x20,0x00,0x41,0x08,0xA2,0x10,0x82,0x10,0x21,0x00,0x20,0x00,0x20,0x00,0x20,0x00,0x20,0x00,0x20,0x00,0x20,0x00,0x20,0x00,
    0x20,0x00,0x20,0x00,0x20,0x00,0x20,0x00,0x20,0x00,0x20,0x00,0x20,0x00,0x20,0x00,0x41,0x08,0xA2,0x10,0x82,0x10,0x21,0x00,
    0x20,0x00,0x20,0x00,0x20,0x00,0x20,0x00,0x20,0x00,0x20,0x00,0x20,0x00,0x20,0x00,0x20,0x00,0x20,0x00,0x20,0x00,0x20,0x00,
    0x20,0x00,0x20,0x00,0x20,0x00,0x41,0x08,0xA2,0x10,0x82,0x10,0x21,0x00,0x20,0x00,0x20,0x00,0x20,0x00,0x20,0x00,0x20,0x00,
    0x20,0x00,0x20,0x00,0x20,0x00,0x20,0x00,0x20,0x00,0x20,0x00,0x20,0x00,0x20,0x00,0x20,0x00,0x20,0x00,0x41,0x08,0xA2,0x10,
    0x82,0x10,0x21,0x00,0x20,0x00,0x20,0x00,0x20,0x00,0x20,0x00,0x20,0x00,0x20,0x00,0x20,0x00,0x20,0x00,0x20,0x00,0x20,0x00,
    0x20,0x00,0x20,0x00,0x20,0x00,0x20,0x00,0x20,0x00,0x41,0x08,0xA2,0x10,0x82,0x10,0x21,0x00,0x20,0x00,0x20,0x00,0x20,0x00,
    0x20,0x00,0x20,0x00,0x20,0x00,0x20,0x00,0x20,0x00,0x20,0x00,0x20,0x00,0x20,0x00,0x20,0x00,0x20,0x00,0x20,0x00,0x20,0x00,
    0x41,0x08,0xA2,0x10,0x82,0x10,0x21,0x00,0x20,0x00,0x20,0x00,0x20,0x00,0x20,0x00,0x20,0x00,0x20,0x00,0x20,0x00,0x20,0x00,
    0x20,0x00,0x20,0x00,0x20,0x00,0x20,0x00,0x20,0x00,0x20,0x00,0x20,0x00,0x41,0x08,0xA2,0x10,0x82,0x10,0x21,0x00,0x20,0x00,
    0x20,0x00,0x20,0x00,0x20,0x00,0x20,0x00,0x20,0x00,0x20,0x00,0x20,0x00,0x20,0x00,0x20,0x00,0x20,0x00,0x20,0x00,0x20,0x00,
    0x20,0x00,0x20,0x00,0x21,0x00,0x82,0x10,0xA2,0x10,0x41,0x08,0x20,0x00,0x20,0x00,0x20,0x00,0x20,0x00,0x20,0x00,0x20,0x00,
    0x20,0x00,0x20,0x00,0x20,0x00,0x20,0x00,0x20,0x00,0x20,0x00,0x20,0x00,0x20,0x00,0x20,0x00,0x21,0x00,0x82,0x10,0xA2,0x10,
    0x41,0x08,0x20,0x00,0x20,0x00,0x20,0x00,0x20,0x00,0x20,0x00,0x20,0x00,0x20,0x00,0x20,0x00,0x20,0x00,0x20,0x00,0x20,0x00,
    0x20,0x00,0x20,0x00,0x20,0x00,0x20,0x00,0x21,0x00,0x82,0x10,0xA2,0x10,0x41,0x08,0x20,0x00,0x20,0x00,0x20,0x00,0x20,0x00,
    0x20,0x00,0x20,0x00,0x20,0x00,0x20,0x00,0x20,0x00,0x20,0x00,0x20,0x00,0x20,0x00,0x20,0x00,0x20,0x00,0x20,0x00,0x21,0x00,
    0x82,0x10,0xA2,0x10,0x41,0x08,0x20,0x00,0x20,0x00,0x20,0x00,0x20,0x00,0x20,0x00,0x20,0x00,0x20,0x00,0x20,0x00,0x20,0x00,
    0x20,0x00,0x20,0x00,0x20,0x00,0x20,0x00,0x20,0x00,0x20,0x00,0x21,0x00,0x82,0x10,0xA2,0x10,0x41,0x08,0x20,0x00,0x20,0x00,
    0x20,0x00,0x20,0x00,0x20,0x00,0x20,0x00,0x20,0x00,0x20,0x00,0x20,0x00,0x20,0x00,0x20,0x00,0x20,0x00,0x20,0x00,0x20,0x00,
    0x20,0x00,0x21,0x00,0x82,0x10,0xA2,0x10,0x41,0x08,0x20,0x00,0x20,0x00,0x20,0x00,0x20,0x00,0x20,0x00,0x20,0x00,0x20,0x00,
    0x20,0x00,0x20,0x00,0x20,0x00,0x20,0x00,0x20,0x00,0x20,0x00,0x20,0x00,0x20,0x00,0x20,0x00,0x61,0x08,0x82,0x10,0x61,0x08,
    0x20,0x00,0x20,0x00,0x20,0x00,0x20,0x00,0x20,0x00,0x20,0x00,0x20,0x00,0x20,0x00,0x20,0x00,0x20,0x00,0x20,0x00,0x20,0x00,
    0x61,0x08,0xA2,0x10,0x62,0x08,0x20,0x00,0x20,0x00,0x20,0x00,0x20,0x00,0x20,0x00,0x20,0x00,0x20,0x00,0x20,0x00,0x20,0x00,
    0x20,0x00,0x20,0x00,0x20,0x00,0x20,0x00,0x20,0x00,0x20,0x00,0x20,0x00,0x62,0x08,0xA2,0x10,0x62,0x08,0x20,0x00,0x20,0x00,
    0x20,0x00,0x20,0x00,0x20,0x00,0x20,0x00,0x20,0x00,0x20,0x00,0x20,0x00,0x20,0x00,0x20,0x00,0x20,0x00,0x20,0x00,0x20,0x00,
    0x20,0x00,0x20,0x00,0x62,0x08,0xA2,0x10,0x62,0x08,0x20,0x00,0x20,0x00,0x20,0x00,0x20,0x00,0x20,0x00,0x20,0x00,0x20,0x00,
    0x20,0x00,0x20,0x00,0x20,0x00,0x20,0x00,0x20,0x00,0x20,0x00,0x20,0x00,0x20,0x00,0x20,0x00,0x41,0x08,0xA2,0x10,0x82,0x10,
    0x21,0x00,0x20,0x00,0x20,0x00,0x20,0x00,0x20,0x00,0x20,0x00,0x20,0x00,0x20,0x00,0x20,0x00,0x20,0x00,0x20,0x00,0x20,0x00,
    0x20,0x00,0x20,0x00,0x20,0x00,0x20,0x00,0x41,0x08,0xA2,0x10,0x82,0x10,0x21,0x00,0x20,0x00,0x20,0x00,0x20,0x00,0x20,0x00,
    0x20,0x00,0x20,0x00,0x20,0x00,0x20,0x00,0x20,0x00,0x20,0x00,0x20,0x00,0x20,0x00,0x20,0x00,0x20,0x00,0x20,0x00,0x41,0x08,
    0xA2,0x10,0x82,0x10,0x21,0x00,0x20,0x00,0x20,0x00,0x20,0x00,0x20,0x00,0x20,0x00,0x20,0x00,0x20,0x00,0x20,0x00,0x20,0x00,
    0x20,0x00,0x20,0x00,0x20,0x00,0x20,0x00,0x20,0x00,0x20,0x00,0x41,0x08,0xA2,0x10,0x82,0x10,0x21,0x00,0x20,0x00,0x20,0x00,
    0x20,0x00,0x20,0x00,0x20,0x00,0x20,0x00,0x20,0x00,0x20,0x00,0x20,0x00,0x20,0x00,0x20,0x00,0x20,0x00,0x20,0x00,0x20,0x00,
    0x20,0x00,0x41,0x08,0xA2,0x10,0x82,0x10,0x21,0x00,0x20,0x00,0x20,0x00,0x20,0x00,0x20,0x00,0x20,0x00,0x20,0x00,0x20,0x00,
    0x20,0x00,0x20,0x00,0x20,0x00,0x20,0x00,0x20,0x00,0x20,0x00,0x20,0x00,0x20,0x00,0x41,0x08,0xA2,0x10,0x82,0x10,0x21,0x00,
    0x20,0x00,0x20,0x00,0x20,0x00,0x20,0x00,0x20,0x00,0x20,0x00,0x20,0x00,0x20,0x00,0x20,0x00,0x20,0x00,0x20,0x00,0x20,0x00,
    0x20,0x00,0x20,0x00,0x20,0x00,0x41,0x08,0xA2,0x10,0x82,0x10,0x21,0x00,0x20,0x00,0x20,0x00,0x20,0x00,0x20,0x00,0x20,0x00,
    0x20,0x00,0x20,0x00,0x20,0x00,0x20,0x00,0x20,0x00,0x20,0x00,0x20,0x00,0x20,0x00,0x20,0x00,0x20,0x00,0x21,0x00,0x82,0x10,
    0xA2,0x10,0x41,0x08,0x20,0x00,0x20,0x00,0x20,0x00,0x20,0x00,0x20,0x00,0x20,0x00,0x20,0x00,0x20,0x00,0x20,0x00,0x20,0x00,
    0x20,0x00,0x20,0x00,0x20,0x00,0x20,0x00,0x20,0x00,0x21,0x00,0x82,0x10,0xA2,0x10,0x41,0x08,0x20,0x00,0x20,0x00,0x20,0x00,
    0x20,0x00,0x20,0x00,0x20,0x00,0x20,0x00,0x20,0x00,0x20,0x00,0x20,0x00,0x20,0x00,0x20,0x00,0x20,0x00,0x20,0x00,0x20,0x00,
    0x21,0x00,0x82,0x10,0xA2,0x10,0x41,0x08,0x20,0x00,0x20,0x00,0x20,0x00,0x20,0x00,0x20,0x00,0x20,0x00,0x20,0x00,0x20,0x00,
    0x20,0x00,0x20,0x00,0x20,0x00,0x20,0x00,0x20,0x00,0x20,0x00,0x20,0x00,0x21,0x00,0x82,0x10,0xA2,0x10,0x41,0x08,0x20,0x00,
    0x20,0x00,0x20,0x00,0x20,0x00,0x20,0x00,0x20,0x00,0x20,0x00,0x20,0x00,0x20,0x00,0x20,0x00,0x20,0x00,0x20,0x00,0x20,0x00,
    0x20,0x00,0x20,0x00,0x21,0x00,0x82,0x10,0xA2,0x10,0x41,0x08,0x20,0x00,0x20,0x00,0x20,0x00,0x20,0x00,0x20,0x00,0x20,0x00,
    0x20,0x00,0x20,0x00,0x20,0x00,0x20,0x00,0x20,0x00,0x20,0x00,0x20,0x00,0x20,0x00,0x20,0x00,0x21,0x00,0x82,0x10,0xA2,0x10,
    0x41,0x08,0x20,0x00,0x20,0x00,0x20,0x00,0x20,0x00,0x20,0x00,0x20,0x00,0x20,0x00,0x20,0x00,0x20,0x00,0x20,0x00,0x20,0x00,
    0x20,0x00,0x20,0x00,0x20,0x00,0x20,0x00,0x20,0x00,0x61,0x08,0x82,0x10,0x61,0x08,0x20,0x00,0x20,0x00,0x20,0x00,0x20,0x00,
    0x20,0x00,0x20,0x00,0x20,0x00,0x20,0x00,0x20,0x00,0x20,0x00,0x20,0x00,0x20,0x00,0x61,0x08,0xA2,0x10,0x62,0x08,0x20,0x00,
    0x20,0x00,0x20,0x00,0x20,0x00,0x20,0x00,0x20,0x00,0x20,0x00,0x20,0x00,0x20,0x00,0x20,0x00,0x20,0x00,0x20,0x00,0x20,0x00,
    0x20,0x00,0x20,0x00,0x20,0x00,0x62,0x08,0xA2,0x10,0x62,0x08,0x20,0x00,0x20,0x00,0x20,0x00,0x20,0x00,0x20,0x00,0x20,0x00,
    0x20,0x00,0x20,0x00,0x20,0x00,0x20,0x00,0x20,0x00,0x20,0x00,0x20,0x00,0x20,0x00,0x20,0x00,0x20,0x00,0x62,0x08,0xA2,0x10,
    0x62,0x08,0x20,0x00,0x20,0x00,0x20,0x00,0x20,0x00,0x20,0x00,0x20,0x00,0x20,0x00,0x20,0x00,0x20,0x00,0x20,0x00,0x20,0x00,
    0x20,0x00,0x20,0x00,0x20,0x00,0x20,0x00,0x20,0x00,0x41,0x08,0x82,0x10,0x82,0x10,0x21,0x00,0x20,0x00,0x20,0x00,0x20,0x00,
    0x20,0x00,0x20,0x00,0x20,0x00,0x20,0x00,0x20,0x00,0x20,0x00,0x20,0x00,0x20,0x00,0x20,0x00,0x20,0x00,0x20,0x00,0x20,0x00,
    0x41,0x08,0x82,0x10,0x82,0x10,0x21,0x00,0x20,0x00,0x20,0x00,0x20,0x00,0x20,0x00,0x20,0x00,0x20,0x00,0x20,0x00,0x20,0x00,
    0x20,0x00,0x20,0x00,0x20,0x00,0x20,0x00,0x20,0x00,0x20,0x00,0x20,0x00,0x41,0x08,0xA2,0x10,0x82,0x10,0x21,0x00,0x20,0x00,
    0x20,0x00,0x20,0x00,0x20,0x00,0x20,0x00,0x20,0x00,0x20,0x00,0x20,0x00,0x20,0x00,0x20,0x00,0x20,0x00,0x20,0x00,0x20,0x00,
    0x20,0x00,0x20,0x00,0x41,0x08,0xA2,0x10,0x82,0x10,0x21,0x00,0x20,0x00,0x20,0x00,0x20,0x00,0x20,0x00,0x20,0x00,0x20,0x00,
    0x20,0x00,0x20,0x00,0x20,0x00,0x20,0x00,0x20,0x00,0x20,0x00,0x20,0x00,0x20,0x00,0x20,0x00,0x41,0x08,0x82,0x10,0x82,0x10,
    0x21,0x00,0x20,0x00,0x20,0x00,0x20,0x00,0x20,0x00,0x20,0x00,0x20,0x00,0x20,0x00,0x20,0x00,0x20,0x00,0x20,0x00,0x20,0x00,
    0x20,0x00,0x20,0x00,0x20,0x00,0x20,0x00,0x41,0x08,0x82,0x10,0x82,0x10,0x21,0x00,0x20,0x00,0x20,0x00,0x20,0x00,0x20,0x00,
    0x20,0x00,0x20,0x00,0x20,0x00,0x20,0x00,0x20,0x00,0x20,0x00,0x20,0x00,0x20,0x00,0x20,0x00,0x20,0x00,0x20,0x00,0x41,0x08,
    0x82,0x10,0x82,0x10,0x21,0x00,0x20,0x00,0x20,0x00,0x20,0x00,0x20,0x00,0x20,0x00,0x20,0x00,0x20,0x00,0x20,0x00,0x20,0x00,
    0x20,0x00,0x20,0x00,0x20,0x00,0x20,0x00,0x20,0x00,0x20,0x00,0x21,0x00,0x82,0x10,0xA2,0x10,0x41,0x08,0x20,0x00,0x20,0x00,
    0x20,0x00,0x20,0x00,0x20,0x00,0x20,0x00,0x20,0x00,0x20,0x00,0x20,0x00,0x20,0x00,0x20,0x00,0x20,0x00,0x20,0x00,0x20,0x00,
    0x20,0x00,0x21,0x00,0x82,0x10,0xA2,0x10,0x41,0x08,0x20,0x00,0x20,0x00,0x20,0x00,0x20,0x00,0x20,0x00,0x20,0x00,0x20,0x00,
    0x20,0x00,0x20,0x00,0x20,0x00,0x20,0x00,0x20,0x00,0x20,0x00,0x20,0x00,0x20,0x00,0x21,0x00,0x82,0x10,0x82,0x10,0x41,0x08,
    0x20,0x00,0x20,0x00,0x20,0x00,0x20,0x00,0x20,0x00,0x20,0x00,0x20,0x00,0x20,0x00,0x20,0x00,0x20,0x00,0x20,0x00,0x20,0x00,
    0x20,0x00,0x20,0x00,0x20,0x00,0x21,0x00,0x82,0x10,0x82,0x10,0x41,0x08,0x20,0x00,0x20,0x00,0x20,0x00,0x20,0x00,0x20,0x00,
    0x20,0x00,0x20,0x00,0x20,0x00,0x20,0x00,0x20,0x00,0x20,0x00,0x20,0x00,0x20,0x00,0x20,0x00,0x20,0x00,0x21,0x00,0x82,0x10,
    0x82,0x10,0x41,0x08,0x20,0x00,0x20,0x00,0x20,0x00,0x20,0x00,0x20,0x00,0x20,0x00,0x20,0x00,0x20,0x00,0x20,0x00,0x20,0x00,
    0x20,0x00,0x20,0x00,0x20,0x00,0x20,0x00,0x20,0x00,0x21,0x00,0x82,0x10,0xA2,0x10,0x41,0x08,0x20,0x00,0x20,0x00,0x20,0x00,
    0x20,0x00,0x20,0x00,0x20,0x00,0x20,0x00,0x20,0x00,0x20,0x00,0x20,0x00,0x20,0x00,0x20,0x00,0x20,0x00,0x20,0x00,0x20,0x00,
    0x20,0x00,0x61,0x08,0x82,0x10,0x61,0x08,0x20,0x00,0x20,0x00,0x20,0x00,0x20,0x00,0x20,0x00,0x20,0x00,0x20,0x00,0x20,0x00,
    0x20,0x00,0x20,0x00,0x20,0x00,0x20,0x00,0x61,0x08,0x82,0x10,0x62,0x08,0x20,0x00,0x20,0x00,0x20,0x00,0x20,0x00,0x20,0x00,
    0x20,0x00,0x20,0x00,0x20,0x00,0x20,0x00,0x20,0x00,0x20,0x00,0x20,0x00,0x20,0x00,0x20,0x00,0x20,0x00,0x20,0x00,0x62,0x08,
    0x82,0x10,0x62,0x08,0x20,0x00,0x20,0x00,0x20,0x00,0x20,0x00,0x20,0x00,0x20,0x00,0x20,0x00,0x20,0x00,0x20,0x00,0x20,0x00,
    0x20,0x00,0x20,0x00,0x20,0x00,0x20,0x00,0x20,0x00,0x00,0x00,0x62,0x08,0xA2,0x10,0x62,0x08,0x20,0x00,0x20,0x00,0x20,0x00,
    0x20,0x00,0x20,0x00,0x20,0x00,0x20,0x00,0x20,0x00,0x20,0x00,0x20,0x00,0x20,0x00,0x20,0x00,0x20,0x00,0x20,0x00,0x20,0x00,
    0x20,0x00,0x41,0x08,0x82,0x10,0x82,0x10,0x21,0x00,0x20,0x00,0x20,0x00,0x20,0x00,0x20,0x00,0x20,0x00,0x20,0x00,0x20,0x00,
    0x20,0x00,0x20,0x00,0x20,0x00,0x20,0x00,0x20,0x00,0x20,0x00,0x20,0x00,0x20,0x00,0x41,0x08,0xA2,0x10,0x82,0x08,0x21,0x00,
    0x20,0x00,0x20,0x00,0x20,0x00,0x20,0x00,0x20,0x00,0x20,0x00,0x20,0x00,0x20,0x00,0x20,0x00,0x20,0x00,0x20,0x00,0x20,0x00,
    0x20,0x00,0x20,0x00,0x20,0x00,0x41,0x08,0x82,0x10,0x82,0x08,0x21,0x00,0x20,0x00,0x20,0x00,0x20,0x00,0x20,0x00,0x20,0x00,
    0x20,0x00,0x20,0x00,0x20,0x00,0x20,0x00,0x20,0x00,0x20,0x00,0x20,0x00,0x20,0x00,0x20,0x00,0x20,0x00,0x41,0x08,0x82,0x10,
    0x82,0x08,0x21,0x00,0x20,0x00,0x20,0x00,0x20,0x00,0x20,0x00,0x20,0x00,0x20,0x00,0x20,0x00,0x20,0x00,0x20,0x00,0x20,0x00,
    0x20,0x00,0x20,0x00,0x20,0x00,0x20,0x00,0x20,0x00,0x41,0x00,0x82,0x10,0x82,0x10,0x21,0x00,0x20,0x00,0x20,0x00,0x20,0x00,
    0x20,0x00,0x20,0x00,0x20,0x00,0x20,0x00,0x20,0x00,0x20,0x00,0x20,0x00,0x20,0x00,0x20,0x00,0x20,0x00,0x20,0x00,0x20,0x00,
    0x41,0x08,0x82,0x10,0x82,0x10,0x21,0x00,0x20,0x00,0x20,0x00,0x20,0x00,0x20,0x00,0x20,0x00,0x20,0x00,0x20,0x00,0x20,0x00,
    0x20,0x00,0x20,0x00,0x20,0x00,0x20,0x00,0x20,0x00,0x20,0x00,0x20,0x00,0x41,0x08,0x82,0x10,0x82,0x10,0x21,0x00,0x20,0x00,
    0x20,0x00,0x20,0x00,0x20,0x00,0x20,0x00,0x20,0x00,0x20,0x00,0x20,0x00,0x20,0x00,0x20,0x00,0x20,0x00,0x20,0x00,0x20,0x00,
    0x20,0x00,0x20,0x00,0x21,0x00,0x82,0x08,0x82,0x10,0x41,0x08,0x20,0x00,0x20,0x00,0x20,0x00,0x20,0x00,0x20,0x00,0x20,0x00,
    0x20,0x00,0x20,0x00,0x20,0x00,0x20,0x00,0x20,0x00,0x20,0x00,0x20,0x00,0x20,0x00,0x20,0x00,0x21,0x00,0x82,0x08,0x82,0x10,
    0x41,0x08,0x00,0x00,0x20,0x00,0x20,0x00,0x20,0x00,0x20,0x00,0x20,0x00,0x20,0x00,0x20,0x00,0x20,0x00,0x20,0x00,0x20,0x00,
    0x20,0x00,0x20,0x00,0x20,0x00,0x20,0x00,0x21,0x00,0x62,0x08,0x82,0x10,0x41,0x08,0x20,0x00,0x20,0x00,0x20,0x00,0x20,0x00,
    0x20,0x00,0x20,0x00,0x20,0x00,0x20,0x00,0x20,0x00,0x20,0x00,0x20,0x00,0x20,0x00,0x20,0x00,0x20,0x00,0x20,0x00,0x21,0x00,
    0x82,0x10,0x82,0x10,0x41,0x08,0x20,0x00,0x20,0x00,0x20,0x00,0x20,0x00,0x20,0x00,0x20,0x00,0x20,0x00,0x20,0x00,0x20,0x00,
    0x20,0x00,0x20,0x00,0x20,0x00,0x20,0x00,0x20,0x00,0x20,0x00,0x21,0x00,0x82,0x10,0x82,0x10,0x41,0x08,0x20,0x00,0x20,0x00,
    0x20,0x00,0x20,0x00,0x20,0x00,0x20,0x00,0x20,0x00,0x20,0x00,0x20,0x00,0x20,0x00,0x20,0x00,0x20,0x00,0x20,0x00,0x20,0x00,
    0x20,0x00,0x41,0x08,0x82,0x08,0x82,0x10,0x41,0x08,0x20,0x00,0x20,0x00,0x20,0x00,0x20,0x00,0x20,0x00,0x20,0x00,0x20,0x00,
    0x20,0x00,0x20,0x00,0x20,0x00,0x20,0x00,0x20,0x00,0x20,0x00,0x20,0x00,0x20,0x00,0x20,0x00,0x61,0x08,0x82,0x08,0x41,0x08,
    0x00,0x00,0x00,0x00,0x20,0x00,0x20,0x00,0x20,0x00,0x20,0x00,0x20,0x00,0x20,0x00,0x20,0x00,0x00,0x00,0x40,0x08,0x40,0x08,
    0x81,0x10,0xA2,0x10,0x81,0x10,0x40,0x08,0x40,0x08,0x60,0x08,0x40,0x08,0x20,0x00,0x20,0x00,0x20,0x00,0x20,0x00,0x20,0x00,
    0x20,0x00,0x00,0x00,0x40,0x08,0x40,0x08,0x40,0x08,0x40,0x08,0x40,0x08,0x81,0x10,0xA2,0x10,0xA1,0x10,0x40,0x08,0x20,0x00,
    0x20,0x00,0x20,0x00,0x20,0x00,0x20,0x00,0x20,0x00,0x00,0x00,0x40,0x08,0x40,0x08,0x40,0x08,0x40,0x08,0x40,0x08,0x40,0x08,
    0x40,0x08,0x60,0x08,0x81,0x10,0x82,0x10,0x61,0x08,0x20,0x00,0x20,0x00,0x20,0x00,0x20,0x00,0x00,0x00,0x40,0x08,0x40,0x08,
    0x40,0x08,0x40,0x08,0x40,0x08,0x40,0x08,0x40,0x08,0x60,0x08,0x40,0x08,0x20,0x00,0x20,0x00,0x41,0x08,0x82,0x10,0x62,0x08,
    0x20,0x00,0x00,0x00,0x40,0x08,0x40,0x08,0x40,0x08,0x40,0x08,0x40,0x08,0x40,0x08,0x40,0x08,0x60,0x08,0x40,0x08,0x20,0x00,
    0x20,0x00,0x20,0x00,0x20,0x00,0x20,0x00,0x41,0x08,0x62,0x08,0xA2,0x10,0x60,0x08,0x40,0x08,0x40,0x08,0x40,0x08,0x40,0x08,
    0x40,0x08,0x60,0x08,0x40,0x08,0x20,0x00,0x20,0x00,0x20,0x00,0x20,0x00,0x20,0x00,0x20,0x00,0x00,0x00,0x40,0x08,0x61,0x08,
    0xA2,0x10,0xA2,0x10,0x60,0x08,0x40,0x08,0x40,0x08,0x60,0x08,0x40,0x08,0x20,0x00,0x20,0x00,0x20,0x00,0x20,0x00,0x20,0x00,
    0x20,0x00,0x00,0x00,0x40,0x08,0x40,0x08,0x40,0x08,0x40,0x08,0x61,0x08,0xA2,0x10,0xA2,0x10,0x60,0x08,0x40,0x08,0x20,0x00,
    0x20,0x00,0x20,0x00,0x20,0x00,0x20,0x00,0x20,0x00,0x00,0x00,0x40,0x08,0x40,0x08,0x40,0x08,0x40,0x08,0x40,0x08,0x40,0x08,
    0x40,0x08,0x81,0x10,0xA2,0x10,0x62,0x08,0x20,0x00,0x20,0x00,0x20,0x00,0x20,0x00,0x20,0x00,0x00,0x00,0x40,0x08,0x40,0x08,
    0x40,0x08,0x40,0x08,0x40,0x08,0x40,0x08,0x40,0x08,0x60,0x08,0x40,0x08,0x20,0x00,0x41,0x08,0x82,0x10,0x62,0x08,0x20,0x00,
    0x20,0x00,0x00,0x00,0x40,0x08,0x40,0x08,0x40,0x08,0x40,0x08,0x40,0x08,0x40,0x08,0x40,0x08,0x60,0x08,0x40,0x08,0x20,0x00,
    0x20,0x00,0x20,0x00,0x20,0x00,0x41,0x08,0x82,0x10,0x62,0x08,0x40,0x08,0x40,0x08,0x40,0x08,0x40,0x08,0x40,0x08,0x40,0x08,
    0x40,0x08,0x60,0x08,0x40,0x08,0x20,0x00,0x20,0x00,0x20,0x00,0x20,0x00,0x20,0x00,0x20,0x00,0x00,0x00,0x40,0x08,0xA2,0x10,
    0xA2,0x10,0x61,0x08,0x40,0x08,0x40,0x08,0x40,0x08,0x60,0x08,0x40,0x08,0x20,0x00,0x20,0x00,0x20,0x00,0x20,0x00,0x20,0x00,
    0x20,0x00,0x00,0x00,0x40,0x08,0x40,0x08,0x40,0x08,0x60,0x08,0xA2,0x10,0xA2,0x10,0x61,0x08,0x60,0x08,0x40,0x08,0x20,0x00,
    0x20,0x00,0x20,0x00,0x20,0x00,0x20,0x00,0x20,0x00,0x00,0x00,0x40,0x08,0x40,0x08,0x40,0x08,0x40,0x08,0x40,0x08,0x40,0x08,
    0x40,0x08,0xC2,0x10,0xA2,0x10,0x41,0x08,0x20,0x00,0x20,0x00,0x20,0x00,0x20,0x00,0x20,0x00,0x00,0x00,0x40,0x08,0x40,0x08,
    0x40,0x08,0x40,0x08,0x40,0x08,0x40,0x08,0x40,0x08,0x60,0x08,0x40,0x08,0x20,0x00,0x82,0x08,0x82,0x10,0x41,0x08,0x20,0x00,
    0x20,0x00,0x00,0x00,0x40,0x08,0x40,0x08,0x40,0x08,0x40,0x08,0x40,0x08,0x40,0x08,0x40,0x08,0x60,0x08,0x40,0x08,0x20,0x00,
    0x20,0x00,0x20,0x00,0x20,0x00,0x62,0x08,0x82,0x10,0x21,0x00,0x40,0x08,0x40,0x08,0x40,0x08,0x40,0x08,0x40,0x08,0x40,0x08,
    0x40,0x08,0x60,0x08,0x40,0x08,0x20,0x00,0x20,0x00,0x20,0x00,0x20,0x00,0x20,0x00,0x20,0x00,0x00,0x00,0xA2,0x10,0xA2,0x10,
    0x61,0x08,0x40,0x08,0x40,0x08,0x40,0x08,0x40,0x08,0x60,0x08,0x40,0x08,0x20,0x00,0x20,0x00,0x20,0x00,0x20,0x00,0x20,0x00,
    0x20,0x00,0x00,0x00,0x40,0x08,0x40,0x08,0x40,0x08,0x81,0x10,0xA2,0x10,0x81,0x10,0x40,0x08,0x60,0x08,0x40,0x08,0x20,0x00,
    0x00,0x00,0x00,0x00,0x00,0x00,0x20,0x00,0x00,0x00,0x60,0x5A,0x60,0xEE,0x40,0xEE,0x40,0xF6,0x40,0xF6,0x40,0xF6,0x20,0xEE,
    0xA0,0xF6,0x80,0xCD,0xC0,0x18,0x00,0x00,0x00,0x00,0x00,0x00,0x00,0x00,0x20,0x00,0x00,0x00,0x60,0x5A,0x60,0xEE,0x40,0xEE,
    0x40,0xF6,0x40,0xF6,0x40,0xF6,0x20,0xEE,0xA0,0xF6,0x80,0xD5,0xC0,0x18,0x00,0x00,0x00,0x00,0x00,0x00,0x00,0x00,0x20,0x00,
    0x00,0x00,0x60,0x5A,0x60,0xEE,0x40,0xEE,0x40,0xF6,0x40,0xF6,0x40,0xF6,0x20,0xEE,0xA0,0xF6,0x80,0xCD,0xC0,0x18,0x20,0x00,
    0x00,0x00,0x00,0x00,0x00,0x00,0x20,0x00,0x00,0x00,0x60,0x5A,0x60,0xEE,0x40,0xEE,0x40,0xF6,0x40,0xF6,0x40,0xF6,0x20,0xEE,
    0xA0,0xF6,0x80,0xCD,0xC0,0x18,0x00,0x00,0x00,0x00,0x00,0x00,0x00,0x00,0x20,0x00,0x00,0x00,0x60,0x5A,0x60,0xEE,0x40,0xEE,
    0x40,0xF6,0x40,0xF6,0x40,0xF6,0x20,0xEE,0xA0,0xF6,0x80,0xCD,0xC0,0x18,0x00,0x00,0x00,0x00,0x00,0x00,0x00,0x00,0x20,0x00,
    0x00,0x00,0x60,0x5A,0x80,0xEE,0x40,0xEE,0x40,0xF6,0x40,0xF6,0x40,0xF6,0x20,0xEE,0xA0,0xF6,0x80,0xCD,0xC0,0x18,0x00,0x00,
    0x00,0x00,0x00,0x00,0x00,0x00,0x20,0x00,0x00,0x00,0x60,0x5A,0x60,0xEE,0x40,0xEE,0x40,0xF6,0x40,0xF6,0x40,0xF6,0x20,0xEE,
    0xA0,0xF6,0x80,0xCD,0xC0,0x18,0x00,0x00,0x00,0x00,0x00,0x00,0x00,0x00,0x20,0x00,0x00,0x00,0x60,0x5A,0x60,0xEE,0x40,0xEE,
    0x40,0xF6,0x40,0xF6,0x40,0xF6,0x20,0xEE,0xA0,0xF6,0x80,0xCD,0xC0,0x18,0x00,0x00,0x00,0x00,0x00,0x00,0x00,0x00,0x20,0x00,
    0x00,0x00,0x60,0x5A,0x60,0xEE,0x40,0xEE,0x40,0xF6,0x40,0xF6,0x40,0xF6,0x20,0xEE,0x80,0xF6,0x80,0xCD,0xC0,0x18,0x20,0x00,
    0x00,0x00,0x00,0x00,0x00,0x00,0x20,0x00,0x00,0x00,0x60,0x5A,0x60,0xEE,0x40,0xEE,0x40,0xF6,0x40,0xF6,0x40,0xF6,0x20,0xEE,
    0xA0,0xF6,0x80,0xCD,0xC0,0x18,0x00,0x00,0x00,0x00,0x00,0x00,0x00,0x00,0x20,0x00,0x00,0x00,0x60,0x5A,0x60,0xEE,0x40,0xEE,
    0x40,0xF6,0x40,0xF6,0x40,0xF6,0x20,0xEE,0xA0,0xF6,0x80,0xCD,0xC0,0x18,0x00,0x00,0x00,0x00,0x00,0x00,0x00,0x00,0x20,0x00,
    0x00,0x00,0x60,0x5A,0x60,0xEE,0x40,0xEE,0x40,0xF6,0x40,0xF6,0x40,0xF6,0x20,0xEE,0xA0,0xF6,0x80,0xCD,0xC0,0x18,0x00,0x00,
    0x00,0x00,0x00,0x00,0x00,0x00,0x20,0x00,0x00,0x00,0x60,0x5A,0x60,0xEE,0x40,0xEE,0x40,0xF6,0x40,0xF6,0x40,0xF6,0x20,0xEE,
    0xA0,0xF6,0x80,0xCD,0xC0,0x18,0x00,0x00,0x00,0x00,0x00,0x00,0x00,0x00,0x20,0x00,0x00,0x00,0x60,0x5A,0x60,0xEE,0x40,0xEE,
    0x40,0xF6,0x40,0xF6,0x40,0xF6,0x20,0xEE,0xA0,0xF6,0x80,0xCD,0xC0,0x18,0x00,0x00,0x00,0x00,0x00,0x00,0x00,0x00,0x20,0x00,
    0x00,0x00,0x60,0x5A,0x60,0xEE,0x40,0xEE,0x40,0xF6,0x40,0xF6,0x40,0xF6,0x20,0xEE,0xA0,0xF6,0x80,0xD5,0xC0,0x18,0x00,0x00,
    0x00,0x00,0x00,0x00,0x00,0x00,0x20,0x00,0x00,0x00,0x60,0x5A,0x60,0xEE,0x40,0xEE,0x40,0xF6,0x40,0xF6,0x40,0xF6,0x20,0xEE,
    0xA0,0xF6,0x80,0xCD,0xC0,0x18,0x00,0x00,0x20,0x00,0x00,0x00,0x00,0x00,0x20,0x00,0x00,0x00,0x60,0x5A,0x60,0xEE,0x40,0xEE,
    0x40,0xF6,0x40,0xF6,0x40,0xF6,0x20,0xEE,0xA0,0xF6,0x80,0xCD,0xC0,0x18,0x00,0x00,0x00,0x00,0x00,0x00,0x00,0x00,0x20,0x00,
    0x00,0x00,0x60,0x5A,0x60,0xEE,0x40,0xEE,0x40,0xF6,0x40,0xF6,0x40,0xF6,0x20,0xEE,0xA0,0xF6,0x80,0xCD,0xC0,0x18,0x00,0x00,
    0x00,0x00,0x00,0x00,0x00,0x00,0x20,0x00,0x00,0x00,0x60,0x5A,0x80,0xEE,0x40,0xEE,0x40,0xF6,0x40,0xF6,0x40,0xF6,0x20,0xEE,
    0xA0,0xF6,0x80,0xCD,0xC0,0x18,0x00,0x00,0x00,0x00,0x00,0x00,0x00,0x00,0x20,0x00,0x00,0x00,0x60,0x5A,0x60,0xEE,0x40,0xEE,
    0x40,0xF6,0x40,0xF6,0x40,0xF6,0x20,0xEE,0x80,0xF6,0x80,0xCD,0xC0,0x18,0x00,0x00,0x00,0x00,0x00,0x00,0x20,0x00,0x00,0x00,
    0x60,0x5A,0xE0,0xFE,0xC0,0xFE,0xA0,0xFE,0xC0,0xFE,0xC0,0xFE,0xA0,0xFE,0x00,0xFF,0x00,0xE6,0xE0,0x20,0x00,0x00,0x00,0x00,
    0x00,0x00,0x00,0x00,0x20,0x00,0x00,0x00,0x60,0x5A,0xE0,0xFE,0xC0,0xFE,0xA0,0xFE,0xC0,0xFE,0xC0,0xFE,0xA0,0xFE,0x00,0xFF,
    0x00,0xE6,0xE0,0x20,0x00,0x00,0x00,0x00,0x00,0x00,0x00,0x00,0x20,0x00,0x00,0x00,0x60,0x5A,0xE0,0xFE,0xC0,0xFE,0xA0,0xFE,
    0xC0,0xFE,0xC0,0xFE,0xA0,0xFE,0x00,0xFF,0x00,0xE6,0xE0,0x20,0x00,0x00,0x00,0x00,0x00,0x00,0x00,0x00,0x20,0x00,0x00,0x00,
    0x60,0x5A,0xE0,0xFE,0xC0,0xFE,0xA0,0xFE,0xC0,0xFE,0xC0,0xFE,0xA0,0xFE,0x00,0xFF,0x00,0xE6,0xE0,0x20,0x00,0x00,0x00,0x00,
    0x00,0x00,0x00,0x00,0x00,0x00,0x00,0x00,0x60,0x5A,0xE0,0xFE,0xC0,0xFE,0xA0,0xFE,0xC0,0xFE,0xC0,0xFE,0xA0,0xFE,0x00,0xFF,
    0x00,0xE6,0xE0,0x20,0x00,0x00,0x00,0x00,0x00,0x00,0x00,0x00,0x20,0x00,0x00,0x00,0x60,0x5A,0xE0,0xFE,0xC0,0xFE,0xA0,0xFE,
    0xC0,0xFE,0xC0,0xFE,0xA0,0xFE,0x00,0xFF,0x00,0xE6,0xE0,0x20,0x00,0x00,0x00,0x00,0x00,0x00,0x00,0x00,0x20,0x00,0x00,0x00,
    0x60,0x5A,0xE0,0xFE,0xC0,0xFE,0xA0,0xFE,0xC0,0xFE,0xC0,0xFE,0xA0,0xFE,0x00,0xFF,0x00,0xE6,0xE0,0x20,0x00,0x00,0x00,0x00,
    0x00,0x00,0x00,0x00,0x20,0x00,0x00,0x00,0x60,0x5A,0xE0,0xFE,0xC0,0xFE,0xA0,0xFE,0xC0,0xFE,0xC0,0xFE,0xA0,0xFE,0x00,0xFF,
    0x00,0xE6,0xE0,0x20,0x00,0x00,0x00,0x00,0x00,0x00,0x00,0x00,0x20,0x00,0x00,0x00,0x60,0x5A,0xE0,0xFE,0xC0,0xFE,0xA0,0xFE,
    0xC0,0xFE,0xC0,0xFE,0xA0,0xFE,0x00,0xFF,0x00,0xE6,0xE0,0x20,0x00,0x00,0x00,0x00,0x00,0x00,0x00,0x00,0x20,0x00,0x00,0x00,
    0x60,0x5A,0xE0,0xFE,0xC0,0xFE,0xA0,0xFE,0xC0,0xFE,0xC0,0xFE,0xA0,0xFE,0x00,0xFF,0x00,0xE6,0xE0,0x20,0x00,0x00,0x00,0x00,
    0x00,0x00,0x00,0x00,0x00,0x00,0x00,0x00,0x60,0x5A,0xE0,0xFE,0xC0,0xFE,0xA0,0xFE,0xC0,0xFE,0xC0,0xFE,0xA0,0xFE,0x00,0xFF,
    0x00,0xE6,0xE0,0x20,0x00,0x00,0x00,0x00,0x00,0x00,0x00,0x00,0x20,0x00,0x00,0x00,0x60,0x5A,0xE0,0xFE,0xC0,0xFE,0xA0,0xFE,
    0xC0,0xFE,0xC0,0xFE,0xA0,0xFE,0x00,0xFF,0x00,0xE6,0xE0,0x20,0x00,0x00,0x00,0x00,0x00,0x00,0x00,0x00,0x20,0x00,0x00,0x00,
    0x60,0x5A,0xE0,0xFE,0xC0,0xFE,0xA0,0xFE,0xC0,0xFE,0xC0,0xFE,0xA0,0xFE,0x00,0xFF,0x00,0xE6,0xE0,0x20,0x00,0x00,0x00,0x00,
    0x00,0x00,0x00,0x00,0x20,0x00,0x00,0x00,0x60,0x5A,0xE0,0xFE,0xC0,0xFE,0xA0,0xFE,0xC0,0xFE,0xC0,0xFE,0xA0,0xFE,0x00,0xFF,
    0x00,0xE6,0xE0,0x20,0x00,0x00,0x00,0x00,0x00,0x00,0x00,0x00,0x20,0x00,0x00,0x00,0x60,0x5A,0xE0,0xFE,0xC0,0xFE,0xA0,0xFE,
    0xC0,0xFE,0xC0,0xFE,0xA0,0xFE,0x00,0xFF,0x00,0xE6,0xE0,0x20,0x00,0x00,0x00,0x00,0x00,0x00,0x00,0x00,0x20,0x00,0x00,0x00,
    0x60,0x5A,0xE0,0xFE,0xC0,0xFE,0xA0,0xFE,0xC0,0xFE,0xC0,0xFE,0xA0,0xFE,0x00,0xFF,0x00,0xE6,0xE0,0x20,0x00,0x00,0x00,0x00,
    0x00,0x00,0x00,0x00,0x20,0x00,0x00,0x00,0x60,0x5A,0xE0,0xFE,0xC0,0xFE,0xA0,0xFE,0xC0,0xFE,0xC0,0xFE,0xA0,0xFE,0x00,0xFF,
    0x00,0xE6,0xE0,0x20,0x00,0x00,0x00,0x00,0x00,0x00,0x00,0x00,0x20,0x00,0x00,0x00,0x60,0x5A,0xE0,0xFE,0xC0,0xFE,0xA0,0xFE,
    0xC0,0xFE,0xC0,0xFE,0xA0,0xFE,0x00,0xFF,0x00,0xE6,0xE0,0x20,0x00,0x00,0x00,0x00,0x00,0x00,0x00,0x00,0x20,0x00,0x00,0x00,
    0x60,0x5A,0xE0,0xFE,0xC0,0xFE,0xA0,0xFE,0xC0,0xFE,0xC0,0xFE,0xA0,0xFE,0x00,0xFF,0x00,0xE6,0xE0,0x20,0x00,0x00,0x00,0x00,
    0x00,0x00,0x00,0x00,0x20,0x00,0x00,0x00,0x60,0x5A,0xE0,0xFE,0xC0,0xFE,0xA0,0xFE,0xC0,0xFE,0xC0,0xFE,0xA0,0xFE,0x00,0xFF,
    0x00,0xE6,0xE0,0x20,0x00,0x00,0x00,0x00,0x00,0x00,0x20,0x00,0x00,0x00,0x60,0x5A,0xE0,0xFE,0xA0,0xFE,0x80,0xFE,0xA0,0xFE,
    0xA0,0xFE,0x80,0xFE,0xE0,0xFE,0xE0,0xDD,0xC0,0x20,0x00,0x00,0x00,0x00,0x00,0x00,0x00,0x00,0x20,0x00,0x00,0x00,0x60,0x5A,
    0xE0,0xFE,0xA0,0xFE,0x80,0xFE,0xA0,0xFE,0xA0,0xFE,0x80,0xFE,0xE0,0xFE,0xE0,0xDD,0xC0,0x20,0x00,0x00,0x00,0x00,0x00,0x00,
    0x00,0x00,0x20,0x00,0x00,0x00,0x60,0x5A,0xE0,0xFE,0xA0,0xFE,0x80,0xFE,0xA0,0xFE,0xA0,0xFE,0x80,0xFE,0xE0,0xFE,0xE0,0xDD,
    0xC0,0x20,0x00,0x00,0x00,0x00,0x00,0x00,0x00,0x00,0x20,0x00,0x00,0x00,0x60,0x5A,0xE0,0xFE,0xA0,0xFE,0x80,0xFE,0xA0,0xFE,
    0xA0,0xFE,0x80,0xFE,0xE0,0xFE,0xE0,0xDD,0xC0,0x20,0x00,0x00,0x00,0x00,0x00,0x00,0x00,0x00,0x20,0x00,0x00,0x00,0x60,0x5A,
    0xE0,0xFE,0xA0,0xFE,0x80,0xFE,0xA0,0xFE,0xA0,0xFE,0x80,0xFE,0xE0,0xFE,0xE0,0xDD,0xC0,0x20,0x00,0x00,0x00,0x00,0x00,0x00,
    0x00,0x00,0x20,0x00,0x00,0x00,0x60,0x5A,0xE0,0xFE,0xA0,0xFE,0x80,0xFE,0xA0,0xFE,0xA0,0xFE,0x80,0xFE,0xE0,0xFE,0xE0,0xDD,
    0xC0,0x20,0x00,0x00,0x00,0x00,0x00,0x00,0x00,0x00,0x20,0x00,0x00,0x00,0x60,0x5A,0xE0,0xFE,0xA0,0xFE,0x80,0xFE,0xA0,0xFE,
    0xA0,0xFE,0x80,0xFE,0xE0,0xFE,0xE0,0xDD,0xC0,0x20,0x00,0x00,0x00,0x00,0x00,0x00,0x00,0x00,0x20,0x00,0x00,0x00,0x60,0x5A,
    0xE0,0xFE,0xA0,0xFE,0x80,0xFE,0xA0,0xFE,0xA0,0xFE,0x80,0xFE,0xE0,0xFE,0xE0,0xDD,0xC0,0x20,0x00,0x00,0x00,0x00,0x00,0x00,
    0x00,0x00,0x20,0x00,0x00,0x00,0x60,0x5A,0xE0,0xFE,0xA0,0xFE,0x80,0xFE,0xA0,0xFE,0xA0,0xFE,0x80,0xFE,0xE0,0xFE,0xE0,0xDD,
    0xC0,0x20,0x00,0x00,0x00,0x00,0x00,0x00,0x00,0x00,0x20,0x00,0x00,0x00,0x60,0x5A,0xE0,0xFE,0xA0,0xFE,0x80,0xFE,0xA0,0xFE,
    0xA0,0xFE,0x80,0xFE,0xE0,0xFE,0xE0,0xDD,0xC0,0x20,0x00,0x00,0x00,0x00,0x00,0x00,0x00,0x00,0x20,0x00,0x00,0x00,0x60,0x5A,
    0xE0,0xFE,0xA0,0xFE,0x80,0xFE,0xA0,0xFE,0xA0,0xFE,0x80,0xFE,0xE0,0xFE,0xE0,0xDD,0xC0,0x20,0x00,0x00,0x00,0x00,0x00,0x00,
    0x00,0x00,0x20,0x00,0x00,0x00,0x60,0x5A,0xE0,0xFE,0xA0,0xFE,0x80,0xFE,0xA0,0xFE,0xA0,0xFE,0x80,0xFE,0xE0,0xFE,0xE0,0xDD,
    0xC0,0x20,0x00,0x00,0x00,0x00,0x00,0x00,0x00,0x00,0x20,0x00,0x00,0x00,0x60,0x5A,0xE0,0xFE,0xA0,0xFE,0x80,0xFE,0xA0,0xFE,
    0xA0,0xFE,0x80,0xFE,0xE0,0xFE,0xE0,0xDD,0xC0,0x20,0x00,0x00,0x00,0x00,0x00,0x00,0x00,0x00,0x20,0x00,0x00,0x00,0x60,0x5A,
    0xE0,0xFE,0xA0,0xFE,0x80,0xFE,0xA0,0xFE,0xA0,0xFE,0x80,0xFE,0xE0,0xFE,0xE0,0xDD,0xC0,0x20,0x00,0x00,0x00,0x00,0x00,0x00,
    0x00,0x00,0x20,0x00,0x00,0x00,0x60,0x5A,0xE0,0xFE,0xA0,0xFE,0x80,0xFE,0xA0,0xFE,0xA0,0xFE,0x80,0xFE,0xE0,0xFE,0xE0,0xDD,
    0xC0,0x20,0x00,0x00,0x00,0x00,0x00,0x00,0x00,0x00,0x20,0x00,0x00,0x00,0x60,0x5A,0xE0,0xFE,0xA0,0xFE,0x80,0xFE,0xA0,0xFE,
    0xA0,0xFE,0x80,0xFE,0xE0,0xFE,0xE0,0xDD,0xC0,0x20,0x00,0x00,0x00,0x00,0x00,0x00,0x00,0x00,0x20,0x00,0x00,0x00,0x60,0x5A,
    0xE0,0xFE,0xA0,0xFE,0x80,0xFE,0xA0,0xFE,0xA0,0xFE,0x80,0xFE,0xE0,0xFE,0xE0,0xDD,0xC0,0x20,0x00,0x00,0x00,0x00,0x00,0x00,
    0x00,0x00,0x20,0x00,0x00,0x00,0x60,0x5A,0xE0,0xFE,0xA0,0xFE,0x80,0xFE,0xA0,0xFE,0xA0,0xFE,0x80,0xFE,0xE0,0xFE,0xE0,0xDD,
    0xC0,0x20,0x00,0x00,0x00,0x00,0x00,0x00,0x00,0x00,0x20,0x00,0x00,0x00,0x60,0x5A,0xE0,0xFE,0xA0,0xFE,0x80,0xFE,0xA0,0xFE,
    0xA0,0xFE,0x80,0xFE,0xE0,0xFE,0xE0,0xDD,0xC0,0x20,0x00,0x00,0x00,0x00,0x00,0x00,0x00,0x00,0x20,0x00,0x00,0x00,0x60,0x5A,
    0xE0,0xFE,0xA0,0xFE,0x80,0xFE,0xA0,0xFE,0xA0,0xFE,0x80,0xFE,0xE0,0xFE,0xE0,0xDD,0xC0,0x20,0x00,0x00,0x00,0x00,0x00,0x00,
    0x00,0x00,0x00,0x00,0x60,0x5A,0xE0,0xFE,0xA0,0xFE,0x80,0xFE,0xA0,0xFE,0xA0,0xFE,0x80,0xFE,0x00,0xFF,0x00,0xDE,0xC0,0x20,
    0x00,0x00,0x00,0x00,0x00,0x00,0x00,0x00,0x00,0x00,0x00,0x00,0x60,0x5A,0xE0,0xFE,0xA0,0xFE,0x80,0xFE,0xA0,0xFE,0xA0,0xFE,
    0x80,0xFE,0x00,0xFF,0x00,0xDE,0xC0,0x20,0x00,0x00,0x00,0x00,0x00,0x00,0x00,0x00,0x00,0x00,0x00,0x00,0x60,0x5A,0xE0,0xFE,
    0xA0,0xFE,0x80,0xFE,0xA0,0xFE,0xA0,0xFE,0x80,0xFE,0x00,0xFF,0x00,0xDE,0xC0,0x20,0x00,0x00,0x00,0x00,0x00,0x00,0x00,0x00,
    0x00,0x00,0x00,0x00,0x60,0x5A,0xE0,0xFE,0xA0,0xFE,0x80,0xFE,0xA0,0xFE,0xA0,0xFE,0x80,0xFE,0x00,0xFF,0x00,0xDE,0xC0,0x20,
    0x00,0x00,0x00,0x00,0x00,0x00,0x00,0x00,0x00,0x00,0x00,0x00,0x60,0x5A,0xE0,0xFE,0xA0,0xFE,0x80,0xFE,0xA0,0xFE,0xA0,0xFE,
    0x80,0xFE,0x00,0xFF,0x00,0xDE,0xC0,0x20,0x00,0x00,0x00,0x00,0x00,0x00,0x00,0x00,0x00,0x00,0x00,0x00,0x60,0x5A,0xE0,0xFE,
    0xA0,0xFE,0x80,0xFE,0xA0,0xFE,0xA0,0xFE,0x80,0xFE,0x00,0xFF,0x00,0xDE,0xC0,0x20,0x00,0x00,0x00,0x00,0x00,0x00,0x00,0x00,
    0x00,0x00,0x00,0x00,0x60,0x5A,0xE0,0xFE,0xA0,0xFE,0x80,0xFE,0xA0,0xFE,0xA0,0xFE,0x80,0xFE,0x00,0xFF,0x00,0xDE,0xC0,0x20,
    0x00,0x00,0x00,0x00,0x00,0x00,0x00,0x00,0x00,0x00,0x00,0x00,0x60,0x5A,0xE0,0xFE,0xA0,0xFE,0x80,0xFE,0xA0,0xFE,0xA0,0xFE,
    0x80,0xFE,0x00,0xFF,0x00,0xDE,0xC0,0x20,0x00,0x00,0x00,0x00,0x00,0x00,0x00,0x00,0x00,0x00,0x00,0x00,0x60,0x5A,0xE0,0xFE,
    0xA0,0xFE,0x80,0xFE,0xA0,0xFE,0xA0,0xFE,0x80,0xFE,0x00,0xFF,0x00,0xDE,0xC0,0x20,0x00,0x00,0x00,0x00,0x00,0x00,0x00,0x00,
    0x00,0x00,0x00,0x00,0x60,0x5A,0xE0,0xFE,0xA0,0xFE,0x80,0xFE,0xA0,0xFE,0xA0,0xFE,0x80,0xFE,0x00,0xFF,0x00,0xDE,0xC0,0x20,
    0x00,0x00,0x00,0x00,0x00,0x00,0x00,0x00,0x00,0x00,0x00,0x00,0x60,0x5A,0xE0,0xFE,0xA0,0xFE,0x80,0xFE,0xA0,0xFE,0xA0,0xFE,
    0x80,0xFE,0x00,0xFF,0x00,0xDE,0xC0,0x20,0x00,0x00,0x00,0x00,0x00,0x00,0x00,0x00,0x00,0x00,0x00,0x00,0x60,0x5A,0xE0,0xFE,
    0xA0,0xFE,0x80,0xFE,0xA0,0xFE,0xA0,0xFE,0x80,0xFE,0x00,0xFF,0x00,0xDE,0xC0,0x20,0x00,0x00,0x00,0x00,0x00,0x00,0x00,0x00,
    0x00,0x00,0x00,0x00,0x60,0x5A,0xE0,0xFE,0xA0,0xFE,0x80,0xFE,0xA0,0xFE,0xA0,0xFE,0x80,0xFE,0x00,0xFF,0x00,0xDE,0xC0,0x20,
    0x00,0x00,0x00,0x00,0x00,0x00,0x00,0x00,0x00,0x00,0x00,0x00,0x60,0x5A,0xE0,0xFE,0xA0,0xFE,0x80,0xFE,0xA0,0xFE,0xA0,0xFE,
    0x80,0xFE,0x00,0xFF,0x00,0xDE,0xC0,0x20,0x00,0x00,0x00,0x00,0x00,0x00,0x00,0x00,0x00,0x00,0x00,0x00,0x60,0x5A,0xE0,0xFE,
    0xA0,0xFE,0x80,0xFE,0xA0,0xFE,0xA0,0xFE,0x80,0xFE,0x00,0xFF,0x00,0xDE,0xC0,0x20,0x00,0x00,0x00,0x00,0x00,0x00,0x00,0x00,
    0x00,0x00,0x00,0x00,0x60,0x5A,0xE0,0xFE,0xA0,0xFE,0x80,0xFE,0xA0,0xFE,0xA0,0xFE,0x80,0xFE,0x00,0xFF,0x00,0xDE,0xC0,0x20,
    0x00,0x00,0x00,0x00,0x00,0x00,0x00,0x00,0x00,0x00,0x00,0x00,0x60,0x5A,0xE0,0xFE,0xA0,0xFE,0x80,0xFE,0xA0,0xFE,0xA0,0xFE,
    0x80,0xFE,0x00,0xFF,0x00,0xDE,0xC0,0x20,0x00,0x00,0x00,0x00,0x00,0x00,0x00,0x00,0x00,0x00,0x00,0x00,0x60,0x5A,0xE0,0xFE,
    0xA0,0xFE,0x80,0xFE,0xA0,0xFE,0xA0,0xFE,0x80,0xFE,0x00,0xFF,0x00,0xDE,0xC0,0x20,0x00,0x00,0x00,0x00,0x00,0x00,0x00,0x00,
    0x00,0x00,0x00,0x00,0x60,0x5A,0xE0,0xFE,0xA0,0xFE,0x80,0xFE,0xA0,0xFE,0xA0,0xFE,0x80,0xFE,0x00,0xFF,0x00,0xDE,0xC0,0x20,
    0x00,0x00,0x00,0x00,0x00,0x00,0x00,0x00,0x00,0x00,0x00,0x00,0x60,0x5A,0xE0,0xFE,0xA0,0xFE,0x80,0xFE,0xA0,0xFE,0xA0,0xFE,
    0x80,0xFE,0x00,0xFF,0x00,0xDE,0xC0,0x20,0x00,0x00,0x00,0x00,0x00,0x00,0x00,0x00,0x00,0x00,0x60,0x5A,0x00,0xFF,0xA0,0xFE,
    0x80,0xFE,0xA0,0xFE,0xA0,0xFE,0x80,0xFE,0xE0,0xFE,0xE0,0xDD,0xC0,0x20,0x00,0x00,0x00,0x00,0x00,0x00,0x00,0x00,0x00,0x00,
    0x00,0x00,0x60,0x5A,0xE0,0xFE,0xA0,0xFE,0x80,0xFE,0xA0,0xFE,0xA0,0xFE,0x80,0xFE,0xE0,0xFE,0xE0,0xDD,0xC0,0x20,0x00,0x00,
    0x00,0x00,0x00,0x00,0x00,0x00,0x00,0x00,0x00,0x00,0x60,0x5A,0xE0,0xFE,0xA0,0xFE,0x80,0xFE,0xA0,0xFE,0xA0,0xFE,0x80,0xFE,
    0xE0,0xFE,0xE0,0xDD,0xC0,0x20,0x00,0x00,0x00,0x00,0x00,0x00,0x00,0x00,0x00,0x00,0x00,0x00,0x60,0x5A,0xE0,0xFE,0xA0,0xFE,
    0x80,0xFE,0xA0,0xFE,0xA0,0xFE,0x80,0xFE,0xE0,0xFE,0xE0,0xDD,0xC0,0x20,0x00,0x00,0x00,0x00,0x00,0x00,0x00,0x00,0x00,0x00,
    0x00,0x00,0x60,0x5A,0xE0,0xFE,0xA0,0xFE,0x80,0xFE,0xA0,0xFE,0xA0,0xFE,0x80,0xFE,0xE0,0xFE,0xE0,0xDD,0xC0,0x20,0x00,0x00,
    0x00,0x00,0x00,0x00,0x00,0x00,0x00,0x00,0x00,0x00,0x60,0x5A,0xE0,0xFE,0xA0,0xFE,0x80,0xFE,0xA0,0xFE,0xA0,0xFE,0x80,0xFE,
    0xE0,0xFE,0xE0,0xDD,0xC0,0x20,0x00,0x00,0x00,0x00,0x00,0x00,0x00,0x00,0x00,0x00,0x00,0x00,0x60,0x5A,0xE0,0xFE,0xA0,0xFE,
    0x80,0xFE,0xA0,0xFE,0xA0,0xFE,0x80,0xFE,0xE0,0xFE,0xE0,0xDD,0xC0,0x20,0x00,0x00,0x00,0x00,0x00,0x00,0x00,0x00,0x00,0x00,
    0x00,0x00,0x60,0x5A,0xE0,0xFE,0xA0,0xFE,0x80,0xFE,0xA0,0xFE,0xA0,0xFE,0x80,0xFE,0xE0,0xFE,0xE0,0xDD,0xC0,0x20,0x00,0x00,
    0x00,0x00,0x00,0x00,0x00,0x00,0x00,0x00,0x00,0x00,0x60,0x5A,0xE0,0xFE,0xA0,0xFE,0x80,0xFE,0xA0,0xFE,0xA0,0xFE,0x80,0xFE,
    0xE0,0xFE,0xE0,0xDD,0xC0,0x20,0x00,0x00,0x00,0x00,0x00,0x00,0x00,0x00,0x00,0x00,0x00,0x00,0x60,0x5A,0xE0,0xFE,0xA0,0xFE,
    0x80,0xFE,0xA0,0xFE,0xA0,0xFE,0x80,0xFE,0xE0,0xFE,0xE0,0xDD,0xC0,0x20,0x00,0x00,0x00,0x00,0x00,0x00,0x00,0x00,0x00,0x00,
    0x00,0x00,0x60,0x5A,0xE0,0xFE,0xA0,0xFE,0x80,0xFE,0xA0,0xFE,0xA0,0xFE,0x80,0xFE,0xE0,0xFE,0xE0,0xDD,0xC0,0x20,0x00,0x00,
    0x00,0x00,0x00,0x00,0x00,0x00,0x00,0x00,0x00,0x00,0x60,0x5A,0xE0,0xFE,0xA0,0xFE,0x80,0xFE,0xA0,0xFE,0xA0,0xFE,0x80,0xFE,
    0xE0,0xFE,0xE0,0xDD,0xC0,0x20,0x00,0x00,0x00,0x00,0x00,0x00,0x00,0x00,0x00,0x00,0x00,0x00,0x60,0x5A,0xE0,0xFE,0xA0,0xFE,
    0x80,0xFE,0xA0,0xFE,0xA0,0xFE,0x80,0xFE,0xE0,0xFE,0xE0,0xDD,0xC0,0x20,0x00,0x00,0x00,0x00,0x00,0x00,0x00,0x00,0x00,0x00,
    0x00,0x00,0x60,0x5A,0xE0,0xFE,0xA0,0xFE,0x80,0xFE,0xA0,0xFE,0xA0,0xFE,0x80,0xFE,0xE0,0xFE,0xE0,0xDD,0xC0,0x20,0x00,0x00,
    0x00,0x00,0x00,0x00,0x00,0x00,0x00,0x00,0x00,0x00,0x60,0x5A,0xE0,0xFE,0xA0,0xFE,0x80,0xFE,0xA0,0xFE,0xA0,0xFE,0x80,0xFE,
    0xE0,0xFE,0xE0,0xDD,0xC0,0x20,0x00,0x00,0x00,0x00,0x00,0x00,0x00,0x00,0x00,0x00,0x00,0x00,0x60,0x5A,0xE0,0xFE,0xA0,0xFE,
    0x80,0xFE,0xA0,0xFE,0xA0,0xFE,0x80,0xFE,0xE0,0xFE,0xE0,0xDD,0xC0,0x20,0x00,0x00,0x00,0x00,0x00,0x00,0x00,0x00,0x00,0x00,
    0x00,0x00,0x60,0x5A,0xE0,0xFE,0xA0,0xFE,0x80,0xFE,0xA0,0xFE,0xA0,0xFE,0x80,0xFE,0xE0,0xFE,0xE0,0xDD,0xC0,0x20,0x00,0x00,
    0x00,0x00,0x00,0x00,0x00,0x00,0x00,0x00,0x00,0x00,0x60,0x5A,0xE0,0xFE,0xA0,0xFE,0x80,0xFE,0xA0,0xFE,0xA0,0xFE,0x80,0xFE,
    0xE0,0xFE,0xE0,0xDD,0xC0,0x20,0x00,0x00,0x00,0x00,0x00,0x00,0x00,0x00,0x00,0x00,0x00,0x00,0x60,0x5A,0xE0,0xFE,0xA0,0xFE,
    0x80,0xFE,0xA0,0xFE,0xA0,0xFE,0x80,0xFE,0xE0,0xFE,0xE0,0xDD,0xC0,0x20,0x00,0x00,0x00,0x00,0x00,0x00,0x00,0x00,0x00,0x00,
    0x00,0x00,0x60,0x5A,0xE0,0xFE,0xA0,0xFE,0x80,0xFE,0xA0,0xFE,0xA0,0xFE,0x80,0xFE,0xE0,0xFE,0xE0,0xDD,0xC0,0x20,0x00,0x00,
    0x00,0x00,0x00,0x00,0x00,0x00,0x00,0x00,0x40,0x5A,0xC0,0xFE,0xA0,0xFE,0x80,0xFE,0xA0,0xFE,0xA0,0xFE,0xA0,0xFE,0xC0,0xFE,
    0x00,0xE6,0xE0,0x20,0x00,0x00,0x00,0x00,0x00,0x00,0x00,0x00,0x00,0x00,0x00,0x00,0x20,0x52,0xE0,0xFE,0xA0,0xFE,0x80,0xFE,
    0xA0,0xFE,0xA0,0xFE,0xA0,0xFE,0xC0,0xFE,0x00,0xE6,0xE0,0x20,0x00,0x00,0x00,0x00,0x00,0x00,0x00,0x00,0x00,0x00,0x00,0x00,
    0x20,0x52,0xE0,0xFE,0xA0,0xFE,0x80,0xFE,0xA0,0xFE,0xA0,0xFE,0xA0,0xFE,0xC0,0xFE,0x00,0xE6,0xE0,0x20,0x00,0x00,0x00,0x00,
    0x00,0x00,0x00,0x00,0x00,0x00,0x00,0x00,0x20,0x52,0xE0,0xFE,0xA0,0xFE,0x80,0xFE,0xA0,0xFE,0xA0,0xFE,0xA0,0xFE,0xC0,0xFE,
    0x00,0xE6,0xE0,0x20,0x00,0x00,0x00,0x00,0x00,0x00,0x00,0x00,0x00,0x00,0x00,0x00,0x20,0x52,0xE0,0xFE,0xA0,0xFE,0x80,0xFE,
    0xA0,0xFE,0xA0,0xFE,0xA0,0xFE,0xC0,0xFE,0x00,0xE6,0xE0,0x20,0x00,0x00,0x00,0x00,0x00,0x00,0x00,0x00,0x00,0x00,0x00,0x00,
    0x20,0x52,0xE0,0xFE,0xA0,0xFE,0x80,0xFE,0xA0,0xFE,0xA0,0xFE,0xA0,0xFE,0xC0,0xFE,0x00,0xE6,0xE0,0x20,0x00,0x00,0x00,0x00,
    0x00,0x00,0x00,0x00,0x00,0x00,0x00,0x00,0x20,0x52,0xE0,0xFE,0xA0,0xFE,0x80,0xFE,0xA0,0xFE,0xA0,0xFE,0xA0,0xFE,0xC0,0xFE,
    0x00,0xE6,0xE0,0x20,0x00,0x00,0x00,0x00,0x00,0x00,0x00,0x00,0x00,0x00,0x00,0x00,0x20,0x52,0xE0,0xFE,0xA0,0xFE,0x80,0xFE,
    0xA0,0xFE,0xA0,0xFE,0xA0,0xFE,0xC0,0xFE,0x00,0xE6,0xE0,0x20,0x00,0x00,0x00,0x00,0x00,0x00,0x00,0x00,0x00,0x00,0x00,0x00,
    0x20,0x52,0xE0,0xFE,0xA0,0xFE,0x80,0xFE,0xA0,0xFE,0xA0,0xFE,0xA0,0xFE,0xC0,0xFE,0x00,0xE6,0xE0,0x20,0x00,0x00,0x00,0x00,
    0x00,0x00,0x00,0x00,0x00,0x00,0x00,0x00,0x20,0x52,0xE0,0xFE,0xA0,0xFE,0x80,0xFE,0xA0,0xFE,0xA0,0xFE,0xA0,0xFE,0xC0,0xFE,
    0x00,0xE6,0xE0,0x20,0x00,0x00,0x00,0x00,0x00,0x00,0x00,0x00,0x00,0x00,0x00,0x00,0x20,0x52,0xE0,0xFE,0xA0,0xFE,0x80,0xFE,
    0xA0,0xFE,0xA0,0xFE,0xA0,0xFE,0xC0,0xFE,0x00,0xE6,0xE0,0x20,0x00,0x00,0x00,0x00,0x00,0x00,0x00,0x00,0x00,0x00,0x00,0x00,
    0x20,0x52,0xE0,0xFE,0xA0,0xFE,0x80,0xFE,0xA0,0xFE,0xA0,0xFE,0xA0,0xFE,0xC0,0xFE,0x00,0xE6,0xE0,0x20,0x00,0x00,0x00,0x00,
    0x00,0x00,0x00,0x00,0x00,0x00,0x00,0x00,0x20,0x52,0xE0,0xFE,0xA0,0xFE,0x80,0xFE,0xA0,0xFE,0xA0,0xFE,0xA0,0xFE,0xC0,0xFE,
    0x00,0xE6,0xE0,0x20,0x00,0x00,0x00,0x00,0x00,0x00,0x00,0x00,0x00,0x00,0x00,0x00,0x20,0x52,0xE0,0xFE,0xA0,0xFE,0x80,0xFE,
    0xA0,0xFE,0xA0,0xFE,0xA0,0xFE,0xC0,0xFE,0x00,0xE6,0xE0,0x20,0x00,0x00,0x00,0x00,0x00,0x00,0x00,0x00,0x00,0x00,0x00,0x00,
    0x20,0x52,0xE0,0xFE,0xA0,0xFE,0x80,0xFE,0xA0,0xFE,0xA0,0xFE,0xA0,0xFE,0xC0,0xFE,0x00,0xE6,0xE0,0x20,0x00,0x00,0x00,0x00,
    0x00,0x00,0x00,0x00,0x00,0x00,0x00,0x00,0x20,0x52,0xE0,0xFE,0xA0,0xFE,0x80,0xFE,0xA0,0xFE,0xA0,0xFE,0xA0,0xFE,0xC0,0xFE,
    0x00,0xE6,0xE0,0x20,0x00,0x00,0x00,0x00,0x00,0x00,0x00,0x00,0x00,0x00,0x00,0x00,0x20,0x52,0xE0,0xFE,0xA0,0xFE,0x80,0xFE,
    0xA0,0xFE,0xA0,0xFE,0xA0,0xFE,0xC0,0xFE,0x00,0xE6,0xE0,0x20,0x00,0x00,0x00,0x00,0x00,0x00,0x00,0x00,0x00,0x00,0x00,0x00,
    0x20,0x52,0xE0,0xFE,0xA0,0xFE,0x80,0xFE,0xA0,0xFE,0xA0,0xFE,0xA0,0xFE,0xC0,0xFE,0x00,0xE6,0xE0,0x20,0x00,0x00,0x00,0x00,
    0x00,0x00,0x00,0x00,0x00,0x00,0x00,0x00,0x20,0x52,0xE0,0xFE,0xA0,0xFE,0x80,0xFE,0xA0,0xFE,0xA0,0xFE,0xA0,0xFE,0xC0,0xFE,
    0x00,0xE6,0xE0,0x20,0x00,0x00,0x00,0x00,0x00,0x00,0x00,0x00,0x00,0x00,0x00,0x00,0x20,0x52,0xE0,0xFE,0xA0,0xFE,0x80,0xFE,
    0xA0,0xFE,0xA0,0xFE,0xA0,0xFE,0xC0,0xFE,0x00,0xE6,0xE0,0x20,0x00,0x00,0x00,0x00,0x00,0x00,0x00,0x00,0x00,0x00,0x00,0x00,
};

const lv_img_dsc_t l2_bg = {
    .header.cf = LV_IMG_CF_TRUE_COLOR,
    .header.w = 320, .header.h = 240,
    .data_size = sizeof px, .data = px,
};
