/* made by tools/gen_splash.py */
#include "lvgl.h"

static const uint8_t px[80000] = {
    0x00,0x00,0x00,0x00,0x00,0x00,0x00,0x00,0x00,0x00,0x00,0x00,0x00,0x00,0x00,0x00,0x00,0x00,0x00,0x00,0x00,0x00,0x00,0x00,
    0x00,0x00,0x00,0x00,0x00,0x00,0x00,0x00,0x00,0x00,0x00,0x00,0x00,0x00,0x00,0x00,0x00,0x00,0x00,0x00,0x00,0x00,0x00,0x00,
    0x00,0x00,0x00,0x00,0x00,0x00,0x00,0x00,0x00,0x00,0x00,0x00,0x00,0x00,0x00,0x00,0x00,0x00,0x00,0x00,0x00,0x00,0x00,0x00,
    0x00,0x00,0x00,0x00,0x00,0x00,0x00,0x00,0x00,0x00,0x00,0x00,0x00,0x00,0x00,0x00,0x00,0x00,0x00,0x00,0x00,0x00,0x00,0x00,
    0x00,0x00,0x00,0x00,0x00,0x00,0x00,0x00,0x00,0x00,0x00,0x00,0x00,0x00,0x00,0x00,0x00,0x00,0x00,0x00,0x00,0x00,0x00,0x00,
    0x00,0x00,0x00,0x00,0x00,0x00,0x00,0x00,0x00,0x00,0x00,0x00,0x00,0x00,0x00,0x00,0x00,0x00,0x00,0x00,0x00,0x00,0x00,0x00,
    0x00,0x00,0x00,0x00,0x00,0x00,0x00,0x00,0x00,0x00,0x00,0x00,0x00,0x00,0x00,0x00,0x00,0x00,0x00,0x00,0x00,0x00,0x00,0x00,
    0x00,0x00,0x00,0x00,0x00,0x00,0x00,0x00,0x00,0x00,0x00,0x00,0x00,0x00,0x00,0x00,0x00,0x00,0x00,0x00,0x00,0x00,0x00,0x00,
    0x00,0x00,0x00,0x00,0x00,0x00,0x00,0x00,0x00,0x00,0x00,0x00,0x00,0x00,0x00,0x00,0x00,0x00,0x00,0x00,0x00,0x00,0x00,0x00,
    0x00,0x00,0x00,0x00,0x00,0x00,0x00,0x00,0x00,0x00,0x00,0x00,0x00,0x00,0x00,0x00,0x00,0x00,0x00,0x00,0x00,0x00,0x00,0x00,
    0x00,0x00,0x00,0x00,0x00,0x00,0x00,0x00,0x00,0x00,0x00,0x00,0x00,0x00,0x00,0x00,0x00,0x00,0x00,0x00,0x00,0x00,0x00,0x00,
    0x00,0x00,0x00,0x00,0x00,0x00,0x00,0x00,0x00,0x00,0x00,0x00,0x00,0x00,0x00,0x00,0x00,0x00,0x00,0x00,0x00,0x00,0x00,0x00,
    0x00,0x00,0x00,0x00,0x00,0x00,0x00,0x00,0x00,0x00,0x00,0x00,0x00,0x00,0x00,0x00,0x00,0x00,0x00,0x00,0x00,0x00,0x00,0x00,
    0x00,0x00,0x00,0x00,0x00,0x00,0x00,0x00,0x00,0x00,0x00,0x00,0x00,0x00,0x00,0x00,0x00,0x00,0x00,0x00,0x00,0x00,0x00,0x00,
    0x00,0x00,0x00,0x00,0x00,0x00,0x00,0x00,0x00,0x00,0x00,0x00,0x00,0x00,0x00,0x00,0x00,0x00,0x00,0x00,0x00,0x00,0x00,0x00,
    0x00,0x00,0x00,0x00,0x00,0x00,0x00,0x00,0x00,0x00,0x00,0x00,0x00,0x00,0x00,0x00,0x00,0x00,0x00,0x00,0x00,0x00,0x00,0x00,
    0x00,0x00,0x00,0x00,0x00,0x00,0x00,0x00,0x00,0x00,0x00,0x00,0x00,0x00,0x00,0x00,0x00,0x00,0x00,0x00,0x00,0x00,0x00,0x00,
    0x00,0x00,0x00,0x00,0x00,0x00,0x00,0x00,0x00,0x00,0x00,0x00,0x00,0x00,0x00,0x00,0x00,0x00,0x00,0x00,0x00,0x00,0x00,0x00,
    0x00,0x00,0x00,0x00,0x00,0x00,0x00,0x00,0x00,0x00,0x00,0x00,0x00,0x00,0x00,0x00,0x00,0x00,0x00,0x00,0x00,0x00,0x00,0x00,
    0x00,0x00,0x00,0x00,0x00,0x00,0x00,0x00,0x00,0x00,0x00,0x00,0x00,0x00,0x00,0x00,0x00,0x00,0x00,0x00,0x00,0x00,0x00,0x00,
    0x00,0x00,0x00,0x00,0x00,0x00,0x00,0x00,0x00,0x00,0x00,0x00,0x00,0x00,0x00,0x00,0x00,0x00,0x00,0x00,0x00,0x00,0x00,0x00,
    0x00,0x00,0x00,0x00,0x00,0x00,0x00,0x00,0x00,0x00,0x00,0x00,0x00,0x00,0x00,0x00,0x00,0x00,0x00,0x00,0x00,0x00,0x00,0x00,
    0x00,0x00,0x00,0x00,0x00,0x00,0x00,0x00,0x00,0x00,0x00,0x00,0x00,0x00,0x00,0x00,0x00,0x00,0x00,0x00,0x00,0x00,0x00,0x00,
    0x00,0x00,0x00,0x00,0x00,0x00,0x00,0x00,0x00,0x00,0x00,0x00,0x00,0x00,0x00,0x00,0x00,0x00,0x00,0x00,0x00,0x00,0x00,0x00,
    0x00,0x00,0x00,0x00,0x00,0x00,0x00,0x00,0x00,0x00,0x00,0x00,0x00,0x00,0x00,0x00,0x00,0x00,0x00,0x00,0x00,0x00,0x00,0x00,
    0x00,0x00,0x00,0x00,0x00,0x00,0x00,0x00,0x00,0x00,0x00,0x00,0x00,0x00,0x00,0x00,0x00,0x00,0x00,0x00,0x00,0x00,0x00,0x00,
    0x00,0x00,0x00,0x00,0x00,0x00,0x00,0x00,0x00,0x00,0x00,0x00,0x00,0x00,0x00,0x00,0x00,0x00,0x00,0x00,0x00,0x00,0x00,0x00,
    0x00,0x00,0x00,0x00,0x00,0x00,0x00,0x00,0x00,0x00,0x00,0x00,0x00,0x00,0x00,0x00,0x00,0x00,0x00,0x00,0x00,0x00,0x00,0x00,
    0x00,0x00,0x00,0x00,0x00,0x00,0x00,0x00,0x00,0x00,0x00,0x00,0x00,0x00,0x00,0x00,0x00,0x00,0x00,0x00,0x00,0x00,0x00,0x00,
    0x00,0x00,0x00,0x00,0x00,0x00,0x00,0x00,0x00,0x00,0x00,0x00,0x00,0x00,0x00,0x00,0x00,0x00,0x00,0x00,0x00,0x00,0x00,0x00,
    0x00,0x00,0x00,0x00,0x00,0x00,0x00,0x00,0x00,0x00,0x00,0x00,0x00,0x00,0x00,0x00,0x00,0x00,0x00,0x00,0x00,0x00,0x00,0x00,
    0x00,0x00,0x00,0x00,0x00,0x00,0x00,0x00,0x00,0x00,0x00,0x00,0x00,0x00,0x00,0x00,0x00,0x00,0x00,0x00,0x00,0x00,0x00,0x00,
    0x00,0x00,0x00,0x00,0x00,0x00,0x00,0x00,0x00,0x00,0x00,0x00,0x00,0x00,0x00,0x00,0x00,0x00,0x00,0x00,0x00,0x00,0x00,0x00,
    0x00,0x00,0x00,0x00,0x00,0x00,0x00,0x00,0x00,0x00,0x00,0x00,0x00,0x00,0x00,0x00,0x00,0x00,0x00,0x00,0x00,0x00,0x00,0x00,
    0x00,0x00,0x00,0x00,0x00,0x00,0x00,0x00,0x00,0x00,0x00,0x00,0x00,0x00,0x00,0x00,0x00,0x00,0x00,0x00,0x00,0x00,0x00,0x00,
    0x00,0x00,0x00,0x00,0x00,0x00,0x00,0x00,0x00,0x00,0x00,0x00,0x00,0x00,0x00,0x00,0x00,0x00,0x00,0x00,0x00,0x00,0x00,0x00,
    0x00,0x00,0x00,0x00,0x00,0x00,0x00,0x00,0x00,0x00,0x00,0x00,0x00,0x00,0x00,0x00,0x00,0x00,0x00,0x00,0x00,0x00,0x00,0x00,
    0x00,0x00,0x00,0x00,0x00,0x00,0x00,0x00,0x00,0x00,0x00,0x00,0x00,0x00,0x00,0x00,0x00,0x00,0x00,0x00,0x00,0x00,0x00,0x00,
    0x00,0x00,0x00,0x00,0x00,0x00,0x00,0x00,0x00,0x00,0x00,0x00,0x00,0x00,0x00,0x00,0x00,0x00,0x00,0x00,0x00,0x00,0x00,0x00,
    0x00,0x00,0x00,0x00,0x00,0x00,0x00,0x00,0x00,0x00,0x00,0x00,0x00,0x00,0x00,0x00,0x00,0x00,0x00,0x00,0x00,0x00,0x00,0x00,
    0x00,0x00,0x00,0x00,0x00,0x00,0x00,0x00,0x00,0x00,0x00,0x00,0x00,0x00,0x00,0x00,0x00,0x00,0x00,0x00,0x00,0x00,0x00,0x00,
    0x00,0x00,0x00,0x00,0x00,0x00,0x00,0x00,0x00,0x00,0x00,0x00,0x00,0x00,0x00,0x00,0x00,0x00,0x00,0x00,0x00,0x00,0x00,0x00,
    0x00,0x00,0x00,0x00,0x00,0x00,0x00,0x00,0x00,0x00,0x00,0x00,0x00,0x00,0x00,0x00,0x00,0x00,0x00,0x00,0x00,0x00,0x00,0x00,
    0x00,0x00,0x00,0x00,0x00,0x00,0x00,0x00,0x00,0x00,0x00,0x00,0x00,0x00,0x00,0x00,0x00,0x00,0x00,0x00,0x00,0x00,0x00,0x00,
    0x00,0x00,0x00,0x00,0x00,0x00,0x00,0x00,0x00,0x00,0x00,0x00,0x00,0x00,0x00,0x00,0x00,0x00,0x00,0x00,0x00,0x00,0x00,0x00,
    0x00,0x00,0x00,0x00,0x00,0x00,0x00,0x00,0x00,0x00,0x00,0x00,0x00,0x00,0x00,0x00,0x00,0x00,0x00,0x00,0x00,0x00,0x00,0x00,
    0x00,0x00,0x00,0x00,0x00,0x00,0x00,0x00,0x00,0x00,0x00,0x00,0x00,0x00,0x00,0x00,0x00,0x00,0x00,0x00,0x00,0x00,0x00,0x00,
    0x00,0x00,0x00,0x00,0x00,0x00,0x00,0x00,0x00,0x00,0x00,0x00,0x00,0x00,0x00,0x00,0x00,0x00,0x00,0x00,0x00,0x00,0x00,0x00,
    0x00,0x00,0x00,0x00,0x00,0x00,0x00,0x00,0x00,0x00,0x00,0x00,0x00,0x00,0x00,0x00,0x00,0x00,0x00,0x00,0x00,0x00,0x00,0x00,
    0x00,0x00,0x00,0x00,0x00,0x00,0x00,0x00,0x00,0x00,0x00,0x00,0x00,0x00,0x00,0x00,0x00,0x00,0x00,0x00,0x00,0x00,0x00,0x00,
    0x00,0x00,0x00,0x00,0x00,0x00,0x00,0x00,0x00,0x00,0x00,0x00,0x00,0x00,0x00,0x00,0x00,0x00,0x00,0x00,0x00,0x00,0x00,0x00,
    0x00,0x00,0x00,0x00,0x00,0x00,0x00,0x00,0x00,0x00,0x00,0x00,0x00,0x00,0x00,0x00,0x00,0x00,0x00,0x00,0x00,0x00,0x00,0x00,
    0x00,0x00,0x00,0x00,0x00,0x00,0x00,0x00,0x00,0x00,0x00,0x00,0x00,0x00,0x00,0x00,0x00,0x00,0x00,0x00,0x00,0x00,0x00,0x00,
    0x00,0x00,0x00,0x00,0x00,0x00,0x00,0x00,0x00,0x00,0x00,0x00,0x00,0x00,0x00,0x00,0x00,0x00,0x00,0x00,0x00,0x00,0x00,0x00,
    0x00,0x00,0x00,0x00,0x00,0x00,0x00,0x00,0x00,0x00,0x00,0x00,0x00,0x00,0x00,0x00,0x00,0x00,0x00,0x00,0x00,0x00,0x00,0x00,
    0x00,0x00,0x00,0x00,0x00,0x00,0x00,0x00,0x00,0x00,0x00,0x00,0x00,0x00,0x00,0x00,0x00,0x00,0x00,0x00,0x00,0x00,0x00,0x00,
    0x00,0x00,0x00,0x00,0x00,0x00,0x00,0x00,0x00,0x00,0x00,0x00,0x00,0x00,0x00,0x00,0x00,0x00,0x00,0x00,0x00,0x00,0x00,0x00,
    0x00,0x00,0x00,0x00,0x00,0x00,0x00,0x00,0x00,0x00,0x00,0x00,0x00,0x00,0x00,0x00,0x00,0x00,0x00,0x00,0x00,0x00,0x00,0x00,
    0x00,0x00,0x00,0x00,0x00,0x00,0x00,0x00,0x00,0x00,0x00,0x00,0x00,0x00,0x00,0x00,0x00,0x00,0x00,0x00,0x00,0x00,0x00,0x00,
    0x00,0x00,0x00,0x00,0x00,0x00,0x00,0x00,0x00,0x00,0x00,0x00,0x00,0x00,0x00,0x00,0x00,0x00,0x00,0x00,0x00,0x00,0x00,0x00,
    0x00,0x00,0x00,0x00,0x00,0x00,0x00,0x00,0x00,0x00,0x00,0x00,0x00,0x00,0x00,0x00,0x00,0x00,0x00,0x00,0x00,0x00,0x00,0x00,
    0x00,0x00,0x00,0x00,0x00,0x00,0x00,0x00,0x00,0x00,0x00,0x00,0x00,0x00,0x00,0x00,0x00,0x00,0x00,0x00,0x00,0x00,0x00,0x00,
    0x00,0x00,0x00,0x00,0x00,0x00,0x00,0x00,0x00,0x00,0x00,0x00,0x00,0x00,0x00,0x00,0x00,0x00,0x00,0x00,0x00,0x00,0x00,0x00,
    0x00,0x00,0x00,0x00,0x00,0x00,0x00,0x00,0x00,0x00,0x00,0x00,0x00,0x00,0x00,0x00,0x00,0x00,0x00,0x00,0x00,0x00,0x00,0x00,
    0x00,0x00,0x00,0x00,0x00,0x00,0x00,0x00,0x00,0x00,0x00,0x00,0x00,0x00,0x00,0x00,0x00,0x00,0x00,0x00,0x00,0x00,0x00,0x00,
    0x00,0x00,0x00,0x00,0x00,0x00,0x00,0x00,0x00,0x00,0x00,0x00,0x00,0x00,0x00,0x00,0x00,0x00,0x00,0x00,0x00,0x00,0x00,0x00,
    0x00,0x00,0x00,0x00,0x00,0x00,0x00,0x00,0x00,0x00,0x00,0x00,0x00,0x00,0x00,0x00,0x00,0x00,0x00,0x00,0x00,0x00,0x00,0x00,
    0x00,0x00,0x00,0x00,0x00,0x00,0x00,0x00,0x00,0x00,0x00,0x00,0x00,0x00,0x00,0x00,0x00,0x00,0x00,0x00,0x00,0x00,0x00,0x00,
    0x00,0x00,0x00,0x00,0x00,0x00,0x00,0x00,0x00,0x00,0x00,0x00,0x00,0x00,0x00,0x00,0x00,0x00,0x00,0x00,0x00,0x00,0x00,0x00,
    0x00,0x00,0x00,0x00,0x00,0x00,0x00,0x00,0x00,0x00,0x00,0x00,0x00,0x00,0x00,0x00,0x00,0x00,0x00,0x00,0x00,0x00,0x00,0x00,
    0x00,0x00,0x00,0x00,0x00,0x00,0x00,0x00,0x00,0x00,0x00,0x00,0x00,0x00,0x00,0x00,0x00,0x00,0x00,0x00,0x00,0x00,0x00,0x00,
    0x00,0x00,0x00,0x00,0x00,0x00,0x00,0x00,0x00,0x00,0x00,0x00,0x00,0x00,0x00,0x00,0x00,0x00,0x00,0x00,0x00,0x00,0x00,0x00,
    0x00,0x00,0x00,0x00,0x00,0x00,0x00,0x00,0x00,0x00,0x00,0x00,0x00,0x00,0x00,0x00,0x00,0x00,0x00,0x00,0x00,0x00,0x00,0x00,
    0x00,0x00,0x00,0x00,0x00,0x00,0x00,0x00,0x00,0x00,0x00,0x00,0x00,0x00,0x00,0x00,0x00,0x00,0x00,0x00,0x00,0x00,0x00,0x00,
    0x00,0x00,0x00,0x00,0x00,0x00,0x00,0x00,0x00,0x00,0x00,0x00,0x00,0x00,0x00,0x00,0x00,0x00,0x00,0x00,0x00,0x00,0x00,0x00,
    0x00,0x00,0x00,0x00,0x00,0x00,0x00,0x00,0x00,0x00,0x00,0x00,0x00,0x00,0x00,0x00,0x00,0x00,0x00,0x00,0x00,0x00,0x00,0x00,
    0x00,0x00,0x00,0x00,0x00,0x00,0x00,0x00,0x00,0x00,0x00,0x00,0x00,0x00,0x00,0x00,0x00,0x00,0x00,0x00,0x00,0x00,0x00,0x00,
    0x00,0x00,0x00,0x00,0x00,0x00,0x00,0x00,0x00,0x00,0x00,0x00,0x00,0x00,0x00,0x00,0x00,0x00,0x00,0x00,0x00,0x00,0x00,0x00,
    0x00,0x00,0x00,0x00,0x00,0x00,0x00,0x00,0x00,0x00,0x00,0x00,0x00,0x00,0x00,0x00,0x00,0x00,0x00,0x00,0x00,0x00,0x00,0x00,
    0x00,0x00,0x00,0x00,0x00,0x00,0x00,0x00,0x00,0x00,0x00,0x00,0x00,0x00,0x00,0x00,0x00,0x00,0x00,0x00,0x00,0x00,0x00,0x00,
    0x00,0x00,0x00,0x00,0x00,0x00,0x00,0x00,0x00,0x00,0x00,0x00,0x00,0x00,0x00,0x00,0x00,0x00,0x00,0x00,0x00,0x00,0x00,0x00,
    0x00,0x00,0x00,0x00,0x00,0x00,0x00,0x00,0x00,0x00,0x00,0x00,0x00,0x00,0x00,0x00,0x00,0x00,0x00,0x00,0x00,0x00,0x00,0x00,
    0x00,0x00,0x00,0x00,0x00,0x00,0x00,0x00,0x00,0x00,0x00,0x00,0x00,0x00,0x00,0x00,0x00,0x00,0x00,0x00,0x00,0x00,0x00,0x00,
    0x00,0x00,0x00,0x00,0x00,0x00,0x00,0x00,0x00,0x00,0x00,0x00,0x00,0x00,0x00,0x00,0x00,0x00,0x00,0x00,0x00,0x00,0x00,0x00,
    0x00,0x00,0x00,0x00,0x00,0x00,0x00,0x00,0x00,0x00,0x00,0x00,0x00,0x00,0x00,0x00,0x00,0x00,0x00,0x00,0x00,0x00,0x00,0x00,
    0x00,0x00,0x00,0x00,0x00,0x00,0x00,0x00,0x00,0x00,0x00,0x00,0x00,0x00,0x00,0x00,0x00,0x00,0x00,0x00,0x00,0x00,0x00,0x00,
    0x00,0x00,0x00,0x00,0x00,0x00,0x00,0x00,0x00,0x00,0x00,0x00,0x00,0x00,0x00,0x00,0x00,0x00,0x00,0x00,0x00,0x00,0x00,0x00,
    0x00,0x00,0x00,0x00,0x00,0x00,0x00,0x00,0x00,0x00,0x00,0x00,0x00,0x00,0x00,0x00,0x00,0x00,0x00,0x00,0x00,0x00,0x00,0x00,
    0x00,0x00,0x00,0x00,0x00,0x00,0x00,0x00,0x00,0x00,0x00,0x00,0x00,0x00,0x00,0x00,0x00,0x00,0x00,0x00,0x00,0x00,0x00,0x00,
    0x00,0x00,0x00,0x00,0x00,0x00,0x00,0x00,0x00,0x00,0x00,0x00,0x00,0x00,0x00,0x00,0x00,0x00,0x00,0x00,0x00,0x00,0x00,0x00,
    0x00,0x00,0x00,0x00,0x00,0x00,0x00,0x00,0x00,0x00,0x00,0x00,0x00,0x00,0x00,0x00,0x00,0x00,0x00,0x00,0x00,0x00,0x00,0x00,
    0x00,0x00,0x00,0x00,0x00,0x00,0x00,0x00,0x00,0x00,0x00,0x00,0x00,0x00,0x00,0x00,0x00,0x00,0x00,0x00,0x00,0x00,0x00,0x00,
    0x00,0x00,0x00,0x00,0x00,0x00,0x00,0x00,0x00,0x00,0x00,0x00,0x00,0x00,0x00,0x00,0x00,0x00,0x00,0x00,0x00,0x00,0x00,0x00,
    0x00,0x00,0x00,0x00,0x00,0x00,0x00,0x00,0x00,0x00,0x00,0x00,0x00,0x00,0x00,0x00,0x00,0x00,0x00,0x00,0x00,0x00,0x00,0x00,
    0x00,0x00,0x00,0x00,0x00,0x00,0x00,0x00,0x00,0x00,0x00,0x00,0x00,0x00,0x00,0x00,0x00,0x00,0x00,0x00,0x00,0x00,0x00,0x00,
    0x00,0x00,0x00,0x00,0x00,0x00,0x00,0x00,0x00,0x00,0x00,0x00,0x00,0x00,0x00,0x00,0x00,0x00,0x00,0x00,0x00,0x00,0x00,0x00,
    0x00,0x00,0x00,0x00,0x00,0x00,0x00,0x00,0x00,0x00,0x00,0x00,0x00,0x00,0x00,0x00,0x00,0x00,0x00,0x00,0x00,0x00,0x00,0x00,
    0x00,0x00,0x00,0x00,0x00,0x00,0x00,0x00,0x00,0x00,0x00,0x00,0x00,0x00,0x00,0x00,0x00,0x00,0x00,0x00,0x00,0x00,0x00,0x00,
    0x00,0x00,0x00,0x00,0x00,0x00,0x00,0x00,0x00,0x00,0x00,0x00,0x00,0x00,0x00,0x00,0x00,0x00,0x00,0x00,0x00,0x00,0x00,0x00,
    0x00,0x00,0x00,0x00,0x00,0x00,0x00,0x00,0x00,0x00,0x00,0x00,0x00,0x00,0x00,0x00,0x00,0x00,0x00,0x00,0x00,0x00,0x00,0x00,
    0x00,0x00,0x00,0x00,0x00,0x00,0x00,0x00,0x00,0x00,0x00,0x00,0x00,0x00,0x00,0x00,0x00,0x00,0x00,0x00,0x00,0x00,0x00,0x00,
    0x00,0x00,0x00,0x00,0x00,0x00,0x00,0x00,0x00,0x00,0x00,0x00,0x00,0x00,0x00,0x00,0x00,0x00,0x00,0x00,0x00,0x00,0x00,0x00,
    0x00,0x00,0x00,0x00,0x00,0x00,0x00,0x00,0x00,0x00,0x00,0x00,0x00,0x00,0x00,0x00,0x00,0x00,0x00,0x00,0x00,0x00,0x00,0x00,
    0x00,0x00,0x00,0x00,0x00,0x00,0x00,0x00,0x00,0x00,0x00,0x00,0x00,0x00,0x00,0x00,0x00,0x00,0x00,0x00,0x00,0x00,0x00,0x00,
    0x00,0x00,0x00,0x00,0x00,0x00,0x00,0x00,0x00,0x00,0x00,0x00,0x00,0x00,0x00,0x00,0x00,0x00,0x00,0x00,0x00,0x00,0x00,0x00,
    0x00,0x00,0x00,0x00,0x00,0x00,0x00,0x00,0x00,0x00,0x00,0x00,0x00,0x00,0x00,0x00,0x00,0x00,0x00,0x00,0x00,0x00,0x00,0x00,
    0x00,0x00,0x00,0x00,0x00,0x00,0x00,0x00,0x00,0x00,0x00,0x00,0x00,0x00,0x00,0x00,0x00,0x00,0x00,0x00,0x00,0x00,0x00,0x00,
    0x00,0x00,0x00,0x00,0x00,0x00,0x00,0x00,0x00,0x00,0x00,0x00,0x00,0x00,0x00,0x00,0x00,0x00,0x00,0x00,0x00,0x00,0x00,0x00,
    0x00,0x00,0x00,0x00,0x00,0x00,0x00,0x00,0x00,0x00,0x00,0x00,0x00,0x00,0x00,0x00,0x00,0x00,0x00,0x00,0x00,0x00,0x00,0x00,
    0x00,0x00,0x00,0x00,0x00,0x00,0x00,0x00,0x00,0x00,0x00,0x00,0x00,0x00,0x00,0x00,0x00,0x00,0x00,0x00,0x00,0x00,0x00,0x00,
    0x00,0x00,0x00,0x00,0x00,0x00,0x00,0x00,0x00,0x00,0x00,0x00,0x00,0x00,0x00,0x00,0x00,0x00,0x00,0x00,0x00,0x00,0x00,0x00,
    0x00,0x00,0x00,0x00,0x00,0x00,0x00,0x00,0x00,0x00,0x00,0x00,0x00,0x00,0x00,0x00,0x00,0x00,0x00,0x00,0x00,0x00,0x00,0x00,
    0x00,0x00,0x00,0x00,0x00,0x00,0x00,0x00,0x00,0x00,0x00,0x00,0x00,0x00,0x00,0x00,0x00,0x00,0x00,0x00,0x00,0x00,0x00,0x00,
    0x00,0x00,0x00,0x00,0x00,0x00,0x00,0x00,0x00,0x00,0x00,0x00,0x00,0x00,0x00,0x00,0x00,0x00,0x00,0x00,0x00,0x00,0x00,0x00,
    0x00,0x00,0x00,0x00,0x00,0x00,0x00,0x00,0x00,0x00,0x00,0x00,0x00,0x00,0x00,0x00,0x00,0x00,0x00,0x00,0x00,0x00,0x00,0x00,
    0x00,0x00,0x00,0x00,0x00,0x00,0x00,0x00,0x00,0x00,0x00,0x00,0x00,0x00,0x00,0x00,0x00,0x00,0x00,0x00,0x00,0x00,0x00,0x00,
    0x00,0x00,0x00,0x00,0x00,0x00,0x00,0x00,0x00,0x00,0x00,0x00,0x00,0x00,0x00,0x00,0x00,0x00,0x00,0x00,0x00,0x00,0x00,0x00,
    0x00,0x00,0x00,0x00,0x00,0x00,0x00,0x00,0x00,0x00,0x00,0x00,0x00,0x00,0x00,0x00,0x00,0x00,0x00,0x00,0x00,0x00,0x00,0x00,
    0x00,0x00,0x00,0x00,0x00,0x00,0x00,0x00,0x00,0x00,0x00,0x00,0x00,0x00,0x00,0x00,0x00,0x00,0x00,0x00,0x00,0x00,0x00,0x00,
    0x00,0x00,0x00,0x00,0x00,0x00,0x00,0x00,0x00,0x00,0x00,0x00,0x00,0x00,0x00,0x00,0x00,0x00,0x00,0x00,0x00,0x00,0x00,0x00,
    0x00,0x00,0x00,0x00,0x00,0x00,0x00,0x00,0x00,0x00,0x00,0x00,0x00,0x00,0x00,0x00,0x00,0x00,0x00,0x00,0x00,0x00,0x00,0x00,
    0x00,0x00,0x00,0x00,0x00,0x00,0x00,0x00,0x00,0x00,0x00,0x00,0x00,0x00,0x00,0x00,0x00,0x00,0x00,0x00,0x00,0x00,0x00,0x00,
    0x00,0x00,0x00,0x00,0x00,0x00,0x00,0x00,0x00,0x00,0x00,0x00,0x00,0x00,0x00,0x00,0x00,0x00,0x00,0x00,0x00,0x00,0x00,0x00,
    0x00,0x00,0x00,0x00,0x00,0x00,0x00,0x00,0x00,0x00,0x00,0x00,0x00,0x00,0x00,0x00,0x00,0x00,0x00,0x00,0x00,0x00,0x00,0x00,
    0x00,0x00,0x00,0x00,0x00,0x00,0x00,0x00,0x00,0x00,0x00,0x00,0x00,0x00,0x00,0x00,0x00,0x00,0x00,0x00,0x00,0x00,0x00,0x00,
    0x00,0x00,0x00,0x00,0x00,0x00,0x00,0x00,0x00,0x00,0x00,0x00,0x00,0x00,0x00,0x00,0x00,0x00,0x00,0x00,0x00,0x00,0x00,0x00,
    0x00,0x00,0x00,0x00,0x00,0x00,0x00,0x00,0x00,0x00,0x00,0x00,0x00,0x00,0x00,0x00,0x00,0x00,0x00,0x00,0x00,0x00,0x00,0x00,
    0x00,0x00,0x00,0x00,0x00,0x00,0x00,0x00,0x00,0x00,0x00,0x00,0x00,0x00,0x00,0x00,0x00,0x00,0x00,0x00,0x00,0x00,0x00,0x00,
    0x00,0x00,0x00,0x00,0x00,0x00,0x00,0x00,0x00,0x00,0x00,0x00,0x00,0x00,0x00,0x00,0x00,0x00,0x00,0x00,0x00,0x00,0x00,0x00,
    0x00,0x00,0x00,0x00,0x00,0x00,0x00,0x00,0x00,0x00,0x00,0x00,0x00,0x00,0x00,0x00,0x00,0x00,0x00,0x00,0x00,0x00,0x00,0x00,
    0x00,0x00,0x00,0x00,0x00,0x00,0x00,0x00,0x00,0x00,0x00,0x00,0x00,0x00,0x00,0x00,0x00,0x00,0x00,0x00,0x00,0x00,0x00,0x00,
    0x00,0x00,0x00,0x00,0x00,0x00,0x00,0x00,0x00,0x00,0x00,0x00,0x00,0x00,0x00,0x00,0x00,0x00,0x00,0x00,0x00,0x00,0x00,0x00,
    0x00,0x00,0x00,0x00,0x00,0x00,0x00,0x00,0x00,0x00,0x00,0x00,0x00,0x00,0x00,0x00,0x00,0x00,0x00,0x00,0x00,0x00,0x00,0x00,
    0x00,0x00,0x00,0x00,0x00,0x00,0x00,0x00,0x00,0x00,0x00,0x00,0x00,0x00,0x00,0x00,0x00,0x00,0x00,0x00,0x00,0x00,0x00,0x00,
    0x00,0x00,0x00,0x00,0x00,0x00,0x00,0x00,0x00,0x00,0x00,0x00,0x00,0x00,0x00,0x00,0x00,0x00,0x00,0x00,0x00,0x00,0x00,0x00,
    0x00,0x00,0x00,0x00,0x00,0x00,0x00,0x00,0x00,0x00,0x00,0x00,0x00,0x00,0x00,0x00,0x00,0x00,0x00,0x00,0x00,0x00,0x00,0x00,
    0x00,0x00,0x00,0x00,0x00,0x00,0x00,0x00,0x00,0x00,0x00,0x00,0x00,0x00,0x00,0x00,0x00,0x00,0x00,0x00,0x00,0x00,0x00,0x00,
    0x00,0x00,0x00,0x00,0x00,0x00,0x00,0x00,0x00,0x00,0x00,0x00,0x00,0x00,0x00,0x00,0x00,0x00,0x00,0x00,0x00,0x00,0x00,0x00,
    0x00,0x00,0x00,0x00,0x00,0x00,0x00,0x00,0x00,0x00,0x00,0x00,0x00,0x00,0x00,0x00,0x00,0x00,0x00,0x00,0x00,0x00,0x00,0x00,
    0x00,0x00,0x00,0x00,0x00,0x00,0x00,0x00,0x00,0x00,0x00,0x00,0x00,0x00,0x00,0x00,0x00,0x00,0x00,0x00,0x00,0x00,0x00,0x00,
    0x00,0x00,0x00,0x00,0x00,0x00,0x00,0x00,0x00,0x00,0x00,0x00,0x00,0x00,0x00,0x00,0x00,0x00,0x00,0x00,0x00,0x00,0x80,0xFE,
    0x80,0xFE,0xA0,0xFE,0xA0,0xFE,0xA0,0xFE,0xA0,0xFE,0xA0,0xFE,0xA0,0xFE,0xA0,0xFE,0xA0,0xFE,0xA0,0xFE,0xA0,0xFE,0xA0,0xFE,
    0xA0,0xFE,0xA0,0xFE,0xA0,0xFE,0xA0,0xFE,0x80,0xFE,0x80,0xFE,0x00,0x00,0x00,0x00,0x00,0x00,0x00,0x00,0x00,0x00,0x00,0x00,
    0x00,0x00,0x00,0x00,0x00,0x00,0x00,0x00,0x00,0x00,0x00,0x00,0x00,0x00,0x00,0x00,0x00,0x00,0x00,0x00,0x00,0x00,0x00,0x00,
    0x00,0x00,0x00,0x00,0x00,0x00,0x00,0x00,0x00,0x00,0x00,0x00,0x00,0x00,0x00,0x00,0x00,0x00,0x00,0x00,0x00,0x00,0x00,0x00,
    0x00,0x00,0x00,0x00,0x00,0x00,0x00,0x00,0x00,0x00,0x00,0x00,0x00,0x00,0x00,0x00,0x00,0x00,0x00,0x00,0x00,0x00,0x00,0x00,
    0x00,0x00,0x00,0x00,0x00,0x00,0x00,0x00,0x00,0x00,0x00,0x00,0x00,0x00,0x00,0x00,0x00,0x00,0x00,0x00,0x00,0x00,0x00,0x00,
    0x00,0x00,0x00,0x00,0x00,0x00,0x00,0x00,0x00,0x00,0x00,0x00,0x00,0x00,0x00,0x00,0x00,0x00,0x00,0x00,0x00,0x00,0x00,0x00,
    0x00,0x00,0x00,0x00,0x00,0x00,0x00,0x00,0x00,0x00,0x00,0x00,0x00,0x00,0x00,0x00,0x00,0x00,0x00,0x00,0x00,0x00,0x00,0x00,
    0x00,0x00,0x00,0x00,0x00,0x00,0x00,0x00,0x00,0x00,0x00,0x00,0x00,0x00,0x00,0x00,0x00,0x00,0x00,0x00,0x00,0x00,0x00,0x00,
    0x00,0x00,0x00,0x00,0x00,0x00,0x00,0x00,0x00,0x00,0x00,0x00,0x00,0x00,0x00,0x00,0x00,0x00,0x00,0x00,0x00,0x00,0x00,0x00,
    0x00,0x00,0x00,0x00,0x00,0x00,0x00,0x00,0x00,0x00,0x00,0x00,0x00,0x00,0x00,0x00,0x00,0x00,0x00,0x00,0x00,0x00,0x00,0x00,
    0x00,0x00,0x00,0x00,0x00,0x00,0x00,0x00,0x00,0x00,0x00,0x00,0x00,0x00,0x00,0x00,0x00,0x00,0x00,0x00,0x00,0x00,0x00,0x00,
    0x00,0x00,0x00,0x00,0x00,0x00,0x00,0x00,0x00,0x00,0x00,0x00,0x00,0x00,0x00,0x00,0x00,0x00,0x00,0x00,0x00,0x00,0x00,0x00,
    0x00,0x00,0x00,0x00,0x00,0x00,0x00,0x00,0x00,0x00,0x00,0x00,0x00,0x00,0x00,0x00,0x00,0x00,0x00,0x00,0x00,0x00,0x00,0x00,
    0x00,0x00,0x00,0x00,0x00,0x00,0x00,0x00,0x00,0x00,0x00,0x00,0x00,0x00,0x00,0x00,0x00,0x00,0x00,0x00,0x00,0x00,0x00,0x00,
    0x00,0x00,0x00,0x00,0x00,0x00,0x00,0x00,0x00,0x00,0x00,0x00,0x00,0x00,0x00,0x00,0x00,0x00,0x00,0x00,0x00,0x00,0x00,0x00,
    0xA0,0xFE,0xA0,0xFE,0xA0,0xFE,0xA0,0xFE,0xA0,0xFE,0xA0,0xFE,0xA0,0xFE,0xA0,0xFE,0xA0,0xFE,0xA0,0xFE,0xA0,0xFE,0xA0,0xFE,
    0xA0,0xFE,0xA0,0xFE,0xA0,0xFE,0xA0,0xFE,0xA0,0xFE,0xA0,0xFE,0xA0,0xFE,0xA0,0xFE,0xA0,0xFE,0xA0,0xFE,0xA0,0xFE,0xA0,0xFE,
    0xA0,0xFE,0xA0,0xFE,0xA0,0xFE,0xA0,0xFE,0xA0,0xFE,0xA0,0xFE,0xA0,0xFE,0xA0,0xFE,0x80,0xFE,0x00,0x00,0x00,0x00,0x00,0x00,
    0x00,0x00,0x00,0x00,0x00,0x00,0x00,0x00,0x00,0x00,0x00,0x00,0x00,0x00,0x00,0x00,0x00,0x00,0x00,0x00,0x00,0x00,0x00,0x00,
    0x00,0x00,0x00,0x00,0x00,0x00,0x00,0x00,0x00,0x00,0x00,0x00,0x00,0x00,0x00,0x00,0x00,0x00,0x00,0x00,0x00,0x00,0x00,0x00,
    0x00,0x00,0x00,0x00,0x00,0x00,0x00,0x00,0x00,0x00,0x00,0x00,0x00,0x00,0x00,0x00,0x00,0x00,0x00,0x00,0x00,0x00,0x00,0x00,
    0x00,0x00,0x00,0x00,0x00,0x00,0x00,0x00,0x00,0x00,0x00,0x00,0x00,0x00,0x00,0x00,0x00,0x00,0x00,0x00,0x00,0x00,0x00,0x00,
    0x00,0x00,0x00,0x00,0x00,0x00,0x00,0x00,0x00,0x00,0x00,0x00,0x00,0x00,0x00,0x00,0x00,0x00,0x00,0x00,0x00,0x00,0x00,0x00,
    0x00,0x00,0x00,0x00,0x00,0x00,0x00,0x00,0x00,0x00,0x00,0x00,0x00,0x00,0x00,0x00,0x00,0x00,0x00,0x00,0x00,0x00,0x00,0x00,
    0x00,0x00,0x00,0x00,0x00,0x00,0x00,0x00,0x00,0x00,0x00,0x00,0x00,0x00,0x00,0x00,0x00,0x00,0x00,0x00,0x00,0x00,0x00,0x00,
    0x00,0x00,0x00,0x00,0x00,0x00,0x00,0x00,0x00,0x00,0x00,0x00,0x00,0x00,0x00,0x00,0x00,0x00,0x00,0x00,0x00,0x00,0x00,0x00,
    0x00,0x00,0x00,0x00,0x00,0x00,0x00,0x00,0x00,0x00,0x00,0x00,0x00,0x00,0x00,0x00,0x00,0x00,0x00,0x00,0x00,0x00,0x00,0x00,
    0x00,0x00,0x00,0x00,0x00,0x00,0x00,0x00,0x00,0x00,0x00,0x00,0x00,0x00,0x00,0x00,0x00,0x00,0x00,0x00,0x00,0x00,0x00,0x00,
    0x00,0x00,0x00,0x00,0x00,0x00,0x00,0x00,0x00,0x00,0x00,0x00,0x00,0x00,0x00,0x00,0x00,0x00,0x00,0x00,0x00,0x00,0x00,0x00,
    0x00,0x00,0x00,0x00,0x00,0x00,0x00,0x00,0x00,0x00,0x00,0x00,0x00,0x00,0x00,0x00,0x00,0x00,0x00,0x00,0x00,0x00,0x00,0x00,
    0x00,0x00,0x00,0x00,0x00,0x00,0x00,0x00,0x00,0x00,0x00,0x00,0x00,0x00,0x00,0x00,0x00,0x00,0x00,0x00,0x00,0x00,0x00,0x00,
    0x00,0x00,0x00,0x00,0x00,0x00,0xA0,0xFE,0xA0,0xFE,0xA0,0xFE,0xA0,0xFE,0xA0,0xFE,0xA0,0xFE,0xA0,0xFE,0xA0,0xFE,0xA0,0xFE,
    0xA0,0xFE,0xA0,0xFE,0x80,0xFE,0x80,0xFE,0x80,0xFE,0x80,0xFE,0x80,0xFE,0xA0,0xFE,0xA0,0xFE,0xA0,0xFE,0xA0,0xFE,0xA0,0xFE,
    0xA0,0xFE,0xA0,0xFE,0xA0,0xFE,0xA0,0xFE,0xA0,0xFE,0x80,0xFE,0x80,0xFE,0x80,0xFE,0x80,0xFE,0x80,0xFE,0xA0,0xFE,0xA0,0xFE,
    0xA0,0xFE,0xA0,0xFE,0xA0,0xFE,0xA0,0xFE,0xA0,0xFE,0xA0,0xFE,0xA0,0xFE,0xA0,0xFE,0x80,0xFE,0x80,0xFE,0x00,0x00,0x00,0x00,
    0x00,0x00,0x00,0x00,0x00,0x00,0x00,0x00,0x00,0x00,0x00,0x00,0x00,0x00,0x00,0x00,0x00,0x00,0x00,0x00,0x00,0x00,0x00,0x00,
    0x00,0x00,0x00,0x00,0x00,0x00,0x00,0x00,0x00,0x00,0x00,0x00,0x00,0x00,0x00,0x00,0x00,0x00,0x00,0x00,0x00,0x00,0x00,0x00,
    0x00,0x00,0x00,0x00,0x00,0x00,0x00,0x00,0x00,0x00,0x00,0x00,0x00,0x00,0x00,0x00,0x00,0x00,0x00,0x00,0x00,0x00,0x00,0x00,
    0x00,0x00,0x00,0x00,0x00,0x00,0x00,0x00,0x00,0x00,0x00,0x00,0x00,0x00,0x00,0x00,0x00,0x00,0x00,0x00,0x00,0x00,0x00,0x00,
    0x00,0x00,0x00,0x00,0x00,0x00,0x00,0x00,0x00,0x00,0x00,0x00,0x00,0x00,0x00,0x00,0x00,0x00,0x00,0x00,0x00,0x00,0x00,0x00,
    0x00,0x00,0x00,0x00,0x00,0x00,0x00,0x00,0x00,0x00,0x00,0x00,0x00,0x00,0x00,0x00,0x00,0x00,0x00,0x00,0x00,0x00,0x00,0x00,
    0x00,0x00,0x00,0x00,0x00,0x00,0x00,0x00,0x00,0x00,0x00,0x00,0x00,0x00,0x00,0x00,0x00,0x00,0x00,0x00,0x00,0x00,0x00,0x00,
    0x00,0x00,0x00,0x00,0x00,0x00,0x00,0x00,0x00,0x00,0x00,0x00,0x00,0x00,0x00,0x00,0x00,0x00,0x00,0x00,0x00,0x00,0x00,0x00,
    0x00,0x00,0x00,0x00,0x00,0x00,0x00,0x00,0x00,0x00,0x00,0x00,0x00,0x00,0x00,0x00,0x00,0x00,0x00,0x00,0x00,0x00,0x00,0x00,
    0x00,0x00,0x00,0x00,0x00,0x00,0x00,0x00,0x00,0x00,0x00,0x00,0x00,0x00,0x00,0x00,0x00,0x00,0x00,0x00,0x00,0x00,0x00,0x00,
    0x00,0x00,0x00,0x00,0x00,0x00,0x00,0x00,0x00,0x00,0x00,0x00,0x00,0x00,0x00,0x00,0x00,0x00,0x00,0x00,0x00,0x00,0x00,0x00,
    0x00,0x00,0x00,0x00,0x00,0x00,0x00,0x00,0x00,0x00,0x00,0x00,0x00,0x00,0x00,0x00,0x00,0x00,0x00,0x00,0x00,0x00,0x00,0x00,
    0x00,0x00,0x00,0x00,0x00,0x00,0x00,0x00,0x00,0x00,0x00,0x00,0x00,0x00,0x80,0xFE,0xA0,0xFE,0xA0,0xFE,0xA0,0xFE,0xA0,0xFE,
    0xA0,0xFE,0xA0,0xFE,0xA0,0xFE,0x80,0xFE,0x80,0xFE,0x80,0xFE,0xA0,0xFE,0xC0,0xFE,0xE0,0xFE,0x00,0xFF,0x20,0xFF,0x20,0xFF,
    0x20,0xFF,0x20,0xFF,0x00,0xFF,0x00,0xFF,0xE0,0xFE,0xC0,0xFE,0xA0,0xFE,0xA0,0xFE,0xC0,0xFE,0xC0,0xFE,0xC0,0xFE,0xE0,0xFE,
    0x00,0xFF,0x00,0xFF,0x20,0xFF,0x20,0xFF,0x20,0xFF,0x20,0xFF,0x00,0xFF,0xE0,0xFE,0xC0,0xFE,0xA0,0xFE,0x80,0xFE,0x80,0xFE,
    0x80,0xFE,0xA0,0xFE,0xA0,0xFE,0xA0,0xFE,0xA0,0xFE,0xA0,0xFE,0xA0,0xFE,0xA0,0xFE,0xA0,0xFE,0x80,0xFE,0x00,0x00,0x00,0x00,
    0x00,0x00,0x00,0x00,0x00,0x00,0x00,0x00,0x00,0x00,0x00,0x00,0x00,0x00,0x00,0x00,0x00,0x00,0x00,0x00,0x00,0x00,0x00,0x00,
    0x00,0x00,0x00,0x00,0x00,0x00,0x00,0x00,0x00,0x00,0x00,0x00,0x00,0x00,0x00,0x00,0x00,0x00,0x00,0x00,0x00,0x00,0x00,0x00,
    0x00,0x00,0x00,0x00,0x00,0x00,0x00,0x00,0x00,0x00,0x00,0x00,0x00,0x00,0x00,0x00,0x00,0x00,0x00,0x00,0x00,0x00,0x00,0x00,
    0x00,0x00,0x00,0x00,0x00,0x00,0x00,0x00,0x00,0x00,0x00,0x00,0x00,0x00,0x00,0x00,0x00,0x00,0x00,0x00,0x00,0x00,0x00,0x00,
    0x00,0x00,0x00,0x00,0x00,0x00,0x00,0x00,0x00,0x00,0x00,0x00,0x00,0x00,0x00,0x00,0x00,0x00,0x00,0x00,0x00,0x00,0x00,0x00,
    0x00,0x00,0x00,0x00,0x00,0x00,0x00,0x00,0x00,0x00,0x00,0x00,0x00,0x00,0x00,0x00,0x00,0x00,0x00,0x00,0x00,0x00,0x00,0x00,
    0x00,0x00,0x00,0x00,0x00,0x00,0x00,0x00,0x00,0x00,0x00,0x00,0x00,0x00,0x00,0x00,0x00,0x00,0x00,0x00,0x00,0x00,0x00,0x00,
    0x00,0x00,0x00,0x00,0x00,0x00,0x00,0x00,0x00,0x00,0x00,0x00,0x00,0x00,0x00,0x00,0x00,0x00,0x00,0x00,0x00,0x00,0x00,0x00,
    0x00,0x00,0x00,0x00,0x00,0x00,0x00,0x00,0x00,0x00,0x00,0x00,0x00,0x00,0x00,0x00,0x00,0x00,0x00,0x00,0x00,0x00,0x00,0x00,
    0x00,0x00,0x00,0x00,0x00,0x00,0x00,0x00,0x00,0x00,0x00,0x00,0x00,0x00,0x00,0x00,0x00,0x00,0x00,0x00,0x00,0x00,0x00,0x00,
    0x00,0x00,0x00,0x00,0x00,0x00,0x00,0x00,0x00,0x00,0x00,0x00,0x00,0x00,0x00,0x00,0x00,0x00,0x00,0x00,0x00,0x00,0x00,0x00,
    0x00,0x00,0x00,0x00,0x00,0x00,0x00,0x00,0x00,0x00,0x00,0x00,0x00,0x00,0x00,0x00,0x00,0x00,0x00,0x00,0x00,0x00,0x00,0x00,
    0xA0,0xFE,0xA0,0xFE,0xA0,0xFE,0xA0,0xFE,0xA0,0xFE,0xA0,0xFE,0x80,0xFE,0x80,0xFE,0x80,0xFE,0xA0,0xFE,0xE0,0xFE,0x00,0xFF,
    0x20,0xFF,0x00,0xFF,0xC0,0xFE,0x40,0xEE,0xA0,0xD5,0x00,0xBD,0x60,0xA4,0xA0,0x8B,0x20,0x73,0xA0,0x62,0x20,0x52,0xE0,0x41,
    0x80,0x39,0x40,0x31,0x20,0x29,0x20,0x29,0x20,0x29,0x20,0x29,0x60,0x31,0xA0,0x39,0xE0,0x41,0x20,0x52,0xA0,0x62,0x20,0x73,
    0xC0,0x8B,0x60,0xA4,0x00,0xBD,0xA0,0xD5,0x40,0xEE,0xC0,0xFE,0x00,0xFF,0x20,0xFF,0x00,0xFF,0xE0,0xFE,0xA0,0xFE,0x80,0xFE,
    0x80,0xFE,0xA0,0xFE,0xA0,0xFE,0xA0,0xFE,0xA0,0xFE,0xA0,0xFE,0xA0,0xFE,0xA0,0xFE,0x80,0xFE,0x00,0x00,0x00,0x00,0x00,0x00,
    0x00,0x00,0x00,0x00,0x00,0x00,0x00,0x00,0x00,0x00,0x00,0x00,0x00,0x00,0x00,0x00,0x00,0x00,0x00,0x00,0x00,0x00,0x00,0x00,
    0x00,0x00,0x00,0x00,0x00,0x00,0x00,0x00,0x00,0x00,0x00,0x00,0x00,0x00,0x00,0x00,0x00,0x00,0x00,0x00,0x00,0x00,0x00,0x00,
    0x00,0x00,0x00,0x00,0x00,0x00,0x00,0x00,0x00,0x00,0x00,0x00,0x00,0x00,0x00,0x00,0x00,0x00,0x00,0x00,0x00,0x00,0x00,0x00,
    0x00,0x00,0x00,0x00,0x00,0x00,0x00,0x00,0x00,0x00,0x00,0x00,0x00,0x00,0x00,0x00,0x00,0x00,0x00,0x00,0x00,0x00,0x00,0x00,
    0x00,0x00,0x00,0x00,0x00,0x00,0x00,0x00,0x00,0x00,0x00,0x00,0x00,0x00,0x00,0x00,0x00,0x00,0x00,0x00,0x00,0x00,0x00,0x00,
    0x00,0x00,0x00,0x00,0x00,0x00,0x00,0x00,0x00,0x00,0x00,0x00,0x00,0x00,0x00,0x00,0x00,0x00,0x00,0x00,0x00,0x00,0x00,0x00,
    0x00,0x00,0x00,0x00,0x00,0x00,0x00,0x00,0x00,0x00,0x00,0x00,0x00,0x00,0x00,0x00,0x00,0x00,0x00,0x00,0x00,0x00,0x00,0x00,
    0x00,0x00,0x00,0x00,0x00,0x00,0x00,0x00,0x00,0x00,0x00,0x00,0x00,0x00,0x00,0x00,0x00,0x00,0x00,0x00,0x00,0x00,0x00,0x00,
    0x00,0x00,0x00,0x00,0x00,0x00,0x00,0x00,0x00,0x00,0x00,0x00,0x00,0x00,0x00,0x00,0x00,0x00,0x00,0x00,0x00,0x00,0x00,0x00,
    0x00,0x00,0x00,0x00,0x00,0x00,0x00,0x00,0x00,0x00,0x00,0x00,0x00,0x00,0x00,0x00,0x00,0x00,0x00,0x00,0x00,0x00,0x00,0x00,
    0x00,0x00,0x00,0x00,0x00,0x00,0x00,0x00,0x00,0x00,0x00,0x00,0x00,0x00,0x00,0x00,0x00,0x00,0x00,0x00,0x00,0x00,0x00,0x00,
    0x00,0x00,0x00,0x00,0x00,0x00,0x00,0x00,0x00,0x00,0xA0,0xFE,0xA0,0xFE,0xA0,0xFE,0xA0,0xFE,0xA0,0xFE,0xA0,0xFE,0x80,0xFE,
    0x80,0xFE,0xC0,0xFE,0x00,0xFF,0x20,0xFF,0x00,0xFF,0x80,0xF6,0xA0,0xD5,0xA0,0xAC,0x60,0x7B,0x40,0x52,0x40,0x29,0x80,0x10,
    0x00,0x00,0x00,0x00,0x00,0x00,0x00,0x00,0x00,0x00,0x00,0x00,0x00,0x00,0x00,0x00,0x00,0x00,0x00,0x00,0x00,0x00,0x00,0x00,
    0x00,0x00,0x00,0x00,0x00,0x00,0x00,0x00,0x00,0x00,0x00,0x00,0x00,0x00,0x00,0x00,0x00,0x00,0x00,0x00,0x00,0x00,0x00,0x00,
    0x80,0x10,0x60,0x31,0x40,0x52,0x60,0x7B,0x80,0xAC,0xA0,0xD5,0x80,0xF6,0x00,0xFF,0x20,0xFF,0x00,0xFF,0xC0,0xFE,0xA0,0xFE,
    0x80,0xFE,0xA0,0xFE,0xA0,0xFE,0xA0,0xFE,0xA0,0xFE,0xA0,0xFE,0xA0,0xFE,0x80,0xFE,0x00,0x00,0x00,0x00,0x00,0x00,0x00,0x00,
    0x00,0x00,0x00,0x00,0x00,0x00,0x00,0x00,0x00,0x00,0x00,0x00,0x00,0x00,0x00,0x00,0x00,0x00,0x00,0x00,0x00,0x00,0x00,0x00,
    0x00,0x00,0x00,0x00,0x00,0x00,0x00,0x00,0x00,0x00,0x00,0x00,0x00,0x00,0x00,0x00,0x00,0x00,0x00,0x00,0x00,0x00,0x00,0x00,
    0x00,0x00,0x00,0x00,0x00,0x00,0x00,0x00,0x00,0x00,0x00,0x00,0x00,0x00,0x00,0x00,0x00,0x00,0x00,0x00,0x00,0x00,0x00,0x00,
    0x00,0x00,0x00,0x00,0x00,0x00,0x00,0x00,0x00,0x00,0x00,0x00,0x00,0x00,0x00,0x00,0x00,0x00,0x00,0x00,0x00,0x00,0x00,0x00,
    0x00,0x00,0x00,0x00,0x00,0x00,0x00,0x00,0x00,0x00,0x00,0x00,0x00,0x00,0x00,0x00,0x00,0x00,0x00,0x00,0x00,0x00,0x00,0x00,
    0x00,0x00,0x00,0x00,0x00,0x00,0x00,0x00,0x00,0x00,0x00,0x00,0x00,0x00,0x00,0x00,0x00,0x00,0x00,0x00,0x00,0x00,0x00,0x00,
    0x00,0x00,0x00,0x00,0x00,0x00,0x00,0x00,0x00,0x00,0x00,0x00,0x00,0x00,0x00,0x00,0x00,0x00,0x00,0x00,0x00,0x00,0x00,0x00,
    0x00,0x00,0x00,0x00,0x00,0x00,0x00,0x00,0x00,0x00,0x00,0x00,0x00,0x00,0x00,0x00,0x00,0x00,0x00,0x00,0x00,0x00,0x00,0x00,
    0x00,0x00,0x00,0x00,0x00,0x00,0x00,0x00,0x00,0x00,0x00,0x00,0x00,0x00,0x00,0x00,0x00,0x00,0x00,0x00,0x00,0x00,0x00,0x00,
    0x00,0x00,0x00,0x00,0x00,0x00,0x00,0x00,0x00,0x00,0x00,0x00,0x00,0x00,0x00,0x00,0x00,0x00,0x00,0x00,0x00,0x00,0x00,0x00,
    0x00,0x00,0x00,0x00,0x00,0x00,0x00,0x00,0x00,0x00,0x00,0x00,0x00,0x00,0x00,0x00,0x00,0x00,0x00,0x00,0x00,0x00,0xA0,0xFE,
    0xA0,0xFE,0xA0,0xFE,0xA0,0xFE,0xA0,0xFE,0x80,0xFE,0xA0,0xFE,0xE0,0xFE,0x20,0xFF,0x00,0xFF,0x40,0xEE,0x00,0xBD,0x80,0x83,
    0x20,0x4A,0xE0,0x20,0x00,0x00,0x00,0x00,0x00,0x00,0x00,0x00,0x00,0x00,0x00,0x00,0x00,0x00,0x00,0x00,0x20,0x00,0x20,0x08,
    0x20,0x08,0x20,0x08,0x20,0x00,0x20,0x00,0x20,0x00,0x20,0x00,0x00,0x00,0x00,0x00,0x00,0x00,0x20,0x00,0x20,0x00,0x20,0x00,
    0x20,0x00,0x20,0x00,0x20,0x08,0x20,0x08,0x20,0x00,0x20,0x00,0x00,0x00,0x00,0x00,0x00,0x00,0x00,0x00,0x00,0x00,0x00,0x00,
    0x00,0x00,0x00,0x00,0xE0,0x18,0x20,0x4A,0xA0,0x83,0x00,0xBD,0x40,0xEE,0x00,0xFF,0x20,0xFF,0xE0,0xFE,0xA0,0xFE,0x80,0xFE,
    0xA0,0xFE,0xA0,0xFE,0xA0,0xFE,0xA0,0xFE,0xA0,0xFE,0xA0,0xFE,0x00,0x00,0x00,0x00,0x00,0x00,0x00,0x00,0x00,0x00,0x00,0x00,
    0x00,0x00,0x00,0x00,0x00,0x00,0x00,0x00,0x00,0x00,0x00,0x00,0x00,0x00,0x00,0x00,0x00,0x00,0x00,0x00,0x00,0x00,0x00,0x00,
    0x00,0x00,0x00,0x00,0x00,0x00,0x00,0x00,0x00,0x00,0x00,0x00,0x00,0x00,0x00,0x00,0x00,0x00,0x00,0x00,0x00,0x00,0x00,0x00,
    0x00,0x00,0x00,0x00,0x00,0x00,0x00,0x00,0x00,0x00,0x00,0x00,0x00,0x00,0x00,0x00,0x00,0x00,0x00,0x00,0x00,0x00,0x00,0x00,
    0x00,0x00,0x00,0x00,0x00,0x00,0x00,0x00,0x00,0x00,0x00,0x00,0x00,0x00,0x00,0x00,0x00,0x00,0x00,0x00,0x00,0x00,0x00,0x00,
    0x00,0x00,0x00,0x00,0x00,0x00,0x00,0x00,0x00,0x00,0x00,0x00,0x00,0x00,0x00,0x00,0x00,0x00,0x00,0x00,0x00,0x00,0x00,0x00,
    0x00,0x00,0x00,0x00,0x00,0x00,0x00,0x00,0x00,0x00,0x00,0x00,0x00,0x00,0x00,0x00,0x00,0x00,0x00,0x00,0x00,0x00,0x00,0x00,
    0x00,0x00,0x00,0x00,0x00,0x00,0x00,0x00,0x00,0x00,0x00,0x00,0x00,0x00,0x00,0x00,0x00,0x00,0x00,0x00,0x00,0x00,0x00,0x00,
    0x00,0x00,0x00,0x00,0x00,0x00,0x00,0x00,0x00,0x00,0x00,0x00,0x00,0x00,0x00,0x00,0x00,0x00,0x00,0x00,0x00,0x00,0x00,0x00,
    0x00,0x00,0x00,0x00,0x00,0x00,0x00,0x00,0x00,0x00,0x00,0x00,0x00,0x00,0x00,0x00,0x00,0x00,0x00,0x00,0x00,0x00,0x00,0x00,
    0x00,0x00,0x00,0x00,0x00,0x00,0x00,0x00,0x00,0x00,0x00,0x00,0x00,0x00,0x00,0x00,0x00,0x00,0x00,0x00,0x00,0x00,0x00,0x00,
    0x00,0x00,0x00,0x00,0x00,0x00,0x00,0x00,0xA0,0xFE,0xA0,0xFE,0xA0,0xFE,0xA0,0xFE,0xA0,0xFE,0x80,0xFE,0xA0,0xFE,0xE0,0xFE,
    0x20,0xFF,0xC0,0xFE,0xC0,0xD5,0x00,0x94,0x20,0x4A,0xA0,0x10,0x00,0x00,0x00,0x00,0x00,0x00,0x00,0x00,0x00,0x00,0x20,0x00,
    0x20,0x00,0x20,0x00,0x20,0x00,0x00,0x00,0x00,0x00,0x00,0x00,0x00,0x00,0x00,0x00,0x00,0x00,0x00,0x00,0x00,0x00,0x00,0x00,
    0x00,0x00,0x00,0x00,0x00,0x00,0x00,0x00,0x00,0x00,0x00,0x00,0x00,0x00,0x00,0x00,0x00,0x00,0x00,0x00,0x00,0x00,0x00,0x00,
    0x00,0x00,0x00,0x00,0x00,0x00,0x00,0x00,0x00,0x00,0x20,0x00,0x20,0x00,0x20,0x00,0x20,0x00,0x00,0x00,0x00,0x00,0x00,0x00,
    0x00,0x00,0x00,0x00,0xA0,0x10,0x00,0x4A,0xE0,0x8B,0xA0,0xD5,0xC0,0xFE,0x20,0xFF,0xE0,0xFE,0xA0,0xFE,0x80,0xFE,0xA0,0xFE,
    0xA0,0xFE,0xA0,0xFE,0xA0,0xFE,0xA0,0xFE,0x80,0xFE,0x00,0x00,0x00,0x00,0x00,0x00,0x00,0x00,0x00,0x00,0x00,0x00,0x00,0x00,
    0x00,0x00,0x00,0x00,0x00,0x00,0x00,0x00,0x00,0x00,0x00,0x00,0x00,0x00,0x00,0x00,0x00,0x00,0x00,0x00,0x00,0x00,0x00,0x00,
    0x00,0x00,0x00,0x00,0x00,0x00,0x00,0x00,0x00,0x00,0x00,0x00,0x00,0x00,0x00,0x00,0x00,0x00,0x00,0x00,0x00,0x00,0x00,0x00,
    0x00,0x00,0x00,0x00,0x00,0x00,0x00,0x00,0x00,0x00,0x00,0x00,0x00,0x00,0x00,0x00,0x00,0x00,0x00,0x00,0x00,0x00,0x00,0x00,
    0x00,0x00,0x00,0x00,0x00,0x00,0x00,0x00,0x00,0x00,0x00,0x00,0x00,0x00,0x00,0x00,0x00,0x00,0x00,0x00,0x00,0x00,0x00,0x00,
    0x00,0x00,0x00,0x00,0x00,0x00,0x00,0x00,0x00,0x00,0x00,0x00,0x00,0x00,0x00,0x00,0x00,0x00,0x00,0x00,0x00,0x00,0x00,0x00,
    0x00,0x00,0x00,0x00,0x00,0x00,0x00,0x00,0x00,0x00,0x00,0x00,0x00,0x00,0x00,0x00,0x00,0x00,0x00,0x00,0x00,0x00,0x00,0x00,
    0x00,0x00,0x00,0x00,0x00,0x00,0x00,0x00,0x00,0x00,0x00,0x00,0x00,0x00,0x00,0x00,0x00,0x00,0x00,0x00,0x00,0x00,0x00,0x00,
    0x00,0x00,0x00,0x00,0x00,0x00,0x00,0x00,0x00,0x00,0x00,0x00,0x00,0x00,0x00,0x00,0x00,0x00,0x00,0x00,0x00,0x00,0x00,0x00,
    0x00,0x00,0x00,0x00,0x00,0x00,0x00,0x00,0x00,0x00,0x00,0x00,0x00,0x00,0x00,0x00,0x00,0x00,0x00,0x00,0x00,0x00,0x00,0x00,
    0x00,0x00,0x00,0x00,0x00,0x00,0x00,0x00,0x00,0x00,0x00,0x00,0x00,0x00,0x00,0x00,0x00,0x00,0x00,0x00,0xA0,0xFE,0xA0,0xFE,
    0xA0,0xFE,0xA0,0xFE,0x80,0xFE,0x80,0xFE,0xC0,0xFE,0x20,0xFF,0xC0,0xFE,0x80,0xCD,0x80,0x83,0x80,0x31,0x20,0x00,0x00,0x00,
    0x00,0x00,0x00,0x00,0x00,0x00,0x20,0x00,0x20,0x00,0x20,0x00,0x00,0x00,0x00,0x00,0x00,0x00,0x00,0x00,0x00,0x00,0x00,0x00,
    0x80,0x10,0x20,0x29,0xE0,0x41,0xA0,0x62,0x20,0x73,0xC0,0x8B,0x20,0x9C,0x80,0xAC,0xE0,0xBC,0x00,0xBD,0x20,0xC5,0x20,0xC5,
    0x20,0xC5,0x00,0xBD,0xE0,0xBC,0xA0,0xAC,0x60,0xA4,0x00,0x94,0x80,0x83,0xE0,0x6A,0x60,0x5A,0xA0,0x39,0x00,0x21,0x60,0x10,
    0x00,0x00,0x00,0x00,0x00,0x00,0x00,0x00,0x00,0x00,0x00,0x00,0x00,0x00,0x20,0x00,0x20,0x00,0x00,0x00,0x00,0x00,0x00,0x00,
    0x00,0x00,0x00,0x00,0x60,0x31,0x60,0x7B,0x60,0xCD,0xC0,0xFE,0x20,0xFF,0xE0,0xFE,0xA0,0xFE,0x80,0xFE,0xA0,0xFE,0xA0,0xFE,
    0xA0,0xFE,0xA0,0xFE,0x80,0xFE,0x00,0x00,0x00,0x00,0x00,0x00,0x00,0x00,0x00,0x00,0x00,0x00,0x00,0x00,0x00,0x00,0x00,0x00,
    0x00,0x00,0x00,0x00,0x00,0x00,0x00,0x00,0x00,0x00,0x00,0x00,0x00,0x00,0x00,0x00,0x00,0x00,0x00,0x00,0x00,0x00,0x00,0x00,
    0x00,0x00,0x00,0x00,0x00,0x00,0x00,0x00,0x00,0x00,0x00,0x00,0x00,0x00,0x00,0x00,0x00,0x00,0x00,0x00,0x00,0x00,0x00,0x00,
    0x00,0x00,0x00,0x00,0x00,0x00,0x00,0x00,0x00,0x00,0x00,0x00,0x00,0x00,0x00,0x00,0x00,0x00,0x00,0x00,0x00,0x00,0x00,0x00,
    0x00,0x00,0x00,0x00,0x00,0x00,0x00,0x00,0x00,0x00,0x00,0x00,0x00,0x00,0x00,0x00,0x00,0x00,0x00,0x00,0x00,0x00,0x00,0x00,
    0x00,0x00,0x00,0x00,0x00,0x00,0x00,0x00,0x00,0x00,0x00,0x00,0x00,0x00,0x00,0x00,0x00,0x00,0x00,0x00,0x00,0x00,0x00,0x00,
    0x00,0x00,0x00,0x00,0x00,0x00,0x00,0x00,0x00,0x00,0x00,0x00,0x00,0x00,0x00,0x00,0x00,0x00,0x00,0x00,0x00,0x00,0x00,0x00,
    0x00,0x00,0x00,0x00,0x00,0x00,0x00,0x00,0x00,0x00,0x00,0x00,0x00,0x00,0x00,0x00,0x00,0x00,0x00,0x00,0x00,0x00,0x00,0x00,
    0x00,0x00,0x00,0x00,0x00,0x00,0x00,0x00,0x00,0x00,0x00,0x00,0x00,0x00,0x00,0x00,0x00,0x00,0x00,0x00,0x00,0x00,0x00,0x00,
    0x00,0x00,0x00,0x00,0x00,0x00,0x00,0x00,0x00,0x00,0x00,0x00,0x00,0x00,0x00,0x00,0x00,0x00,0x00,0x00,0x00,0x00,0x00,0x00,
    0x00,0x00,0x00,0x00,0x00,0x00,0x00,0x00,0xA0,0xFE,0xA0,0xFE,0xA0,0xFE,0xA0,0xFE,0x80,0xFE,0xA0,0xFE,0x00,0xFF,0x00,0xFF,
    0xE0,0xDD,0xC0,0x8B,0x80,0x39,0x00,0x00,0x00,0x00,0x00,0x00,0x00,0x00,0x20,0x00,0x20,0x00,0x00,0x00,0x00,0x00,0x00,0x00,
    0x00,0x00,0x00,0x00,0x40,0x08,0x20,0x29,0x40,0x52,0x80,0x83,0xC0,0xAC,0x80,0xD5,0x40,0xEE,0xA0,0xFE,0x00,0xFF,0x20,0xFF,
    0x20,0xFF,0x20,0xFF,0x20,0xFF,0x00,0xFF,0x00,0xFF,0x00,0xFF,0x00,0xFF,0x00,0xFF,0x00,0xFF,0x00,0xFF,0x00,0xFF,0x00,0xFF,
    0x00,0xFF,0x20,0xFF,0x20,0xFF,0x20,0xFF,0x00,0xFF,0xE0,0xFE,0xA0,0xFE,0x20,0xEE,0x80,0xD5,0xA0,0xAC,0xA0,0x83,0x60,0x5A,
    0x20,0x29,0x40,0x08,0x00,0x00,0x00,0x00,0x00,0x00,0x00,0x00,0x00,0x00,0x20,0x00,0x20,0x00,0x00,0x00,0x00,0x00,0x00,0x00,
    0x00,0x00,0x60,0x31,0xA0,0x83,0xE0,0xDD,0x00,0xFF,0x00,0xFF,0xA0,0xFE,0x80,0xFE,0xA0,0xFE,0xA0,0xFE,0xA0,0xFE,0xA0,0xFE,
    0xA0,0xFE,0x00,0x00,0x00,0x00,0x00,0x00,0x00,0x00,0x00,0x00,0x00,0x00,0x00,0x00,0x00,0x00,0x00,0x00,0x00,0x00,0x00,0x00,
    0x00,0x00,0x00,0x00,0x00,0x00,0x00,0x00,0x00,0x00,0x00,0x00,0x00,0x00,0x00,0x00,0x00,0x00,0x00,0x00,0x00,0x00,0x00,0x00,
    0x00,0x00,0x00,0x00,0x00,0x00,0x00,0x00,0x00,0x00,0x00,0x00,0x00,0x00,0x00,0x00,0x00,0x00,0x00,0x00,0x00,0x00,0x00,0x00,
    0x00,0x00,0x00,0x00,0x00,0x00,0x00,0x00,0x00,0x00,0x00,0x00,0x00,0x00,0x00,0x00,0x00,0x00,0x00,0x00,0x00,0x00,0x00,0x00,
    0x00,0x00,0x00,0x00,0x00,0x00,0x00,0x00,0x00,0x00,0x00,0x00,0x00,0x00,0x00,0x00,0x00,0x00,0x00,0x00,0x00,0x00,0x00,0x00,
    0x00,0x00,0x00,0x00,0x00,0x00,0x00,0x00,0x00,0x00,0x00,0x00,0x00,0x00,0x00,0x00,0x00,0x00,0x00,0x00,0x00,0x00,0x00,0x00,
    0x00,0x00,0x00,0x00,0x00,0x00,0x00,0x00,0x00,0x00,0x00,0x00,0x00,0x00,0x00,0x00,0x00,0x00,0x00,0x00,0x00,0x00,0x00,0x00,
    0x00,0x00,0x00,0x00,0x00,0x00,0x00,0x00,0x00,0x00,0x00,0x00,0x00,0x00,0x00,0x00,0x00,0x00,0x00,0x00,0x00,0x00,0x00,0x00,
    0x00,0x00,0x00,0x00,0x00,0x00,0x00,0x00,0x00,0x00,0x00,0x00,0x00,0x00,0x00,0x00,0x00,0x00,0x00,0x00,0x00,0x00,0x00,0x00,
    0x00,0x00,0x00,0x00,0x00,0x00,0x00,0x00,0x00,0x00,0x00,0x00,0x00,0x00,0x00,0x00,0x00,0x00,0x00,0x00,0xA0,0xFE,0xA0,0xFE,
    0xA0,0xFE,0xA0,0xFE,0x80,0xFE,0xC0,0xFE,0x20,0xFF,0xA0,0xFE,0xC0,0xB4,0x40,0x52,0x40,0x08,0x00,0x00,0x00,0x00,0x00,0x00,
    0x20,0x00,0x20,0x00,0x00,0x00,0x00,0x00,0x00,0x00,0x00,0x00,0x60,0x08,0xA0,0x39,0x20,0x73,0xA0,0xB4,0xE0,0xDD,0xA0,0xFE,
    0x00,0xFF,0x20,0xFF,0x00,0xFF,0xE0,0xFE,0xC0,0xFE,0xA0,0xFE,0xA0,0xFE,0x80,0xFE,0x80,0xFE,0x80,0xFE,0x80,0xFE,0x80,0xFE,
    0x80,0xFE,0xA0,0xFE,0xA0,0xFE,0xA0,0xFE,0xA0,0xFE,0x80,0xFE,0x80,0xFE,0x80,0xFE,0x80,0xFE,0x80,0xFE,0x80,0xFE,0x80,0xFE,
    0x80,0xFE,0x80,0xFE,0xA0,0xFE,0xC0,0xFE,0xE0,0xFE,0x00,0xFF,0x20,0xFF,0x00,0xFF,0xA0,0xFE,0x00,0xE6,0xE0,0xB4,0x60,0x7B,
    0xC0,0x41,0x80,0x10,0x00,0x00,0x00,0x00,0x00,0x00,0x00,0x00,0x20,0x00,0x20,0x00,0x00,0x00,0x00,0x00,0x00,0x00,0x40,0x08,
    0x20,0x4A,0xC0,0xAC,0xA0,0xFE,0x20,0xFF,0xC0,0xFE,0x80,0xFE,0xA0,0xFE,0xA0,0xFE,0xA0,0xFE,0xA0,0xFE,0xA0,0xFE,0x00,0x00,
    0x00,0x00,0x00,0x00,0x00,0x00,0x00,0x00,0x00,0x00,0x00,0x00,0x00,0x00,0x00,0x00,0x00,0x00,0x00,0x00,0x00,0x00,0x00,0x00,
    0x00,0x00,0x00,0x00,0x00,0x00,0x00,0x00,0x00,0x00,0x00,0x00,0x00,0x00,0x00,0x00,0x00,0x00,0x00,0x00,0x00,0x00,0x00,0x00,
    0x00,0x00,0x00,0x00,0x00,0x00,0x00,0x00,0x00,0x00,0x00,0x00,0x00,0x00,0x00,0x00,0x00,0x00,0x00,0x00,0x00,0x00,0x00,0x00,
    0x00,0x00,0x00,0x00,0x00,0x00,0x00,0x00,0x00,0x00,0x00,0x00,0x00,0x00,0x00,0x00,0x00,0x00,0x00,0x00,0x00,0x00,0x00,0x00,
    0x00,0x00,0x00,0x00,0x00,0x00,0x00,0x00,0x00,0x00,0x00,0x00,0x00,0x00,0x00,0x00,0x00,0x00,0x00,0x00,0x00,0x00,0x00,0x00,
    0x00,0x00,0x00,0x00,0x00,0x00,0x00,0x00,0x00,0x00,0x00,0x00,0x00,0x00,0x00,0x00,0x00,0x00,0x00,0x00,0x00,0x00,0x00,0x00,
    0x00,0x00,0x00,0x00,0x00,0x00,0x00,0x00,0x00,0x00,0x00,0x00,0x00,0x00,0x00,0x00,0x00,0x00,0x00,0x00,0x00,0x00,0x00,0x00,
    0x00,0x00,0x00,0x00,0x00,0x00,0x00,0x00,0x00,0x00,0x00,0x00,0x00,0x00,0x00,0x00,0x00,0x00,0x00,0x00,0x00,0x00,0x00,0x00,
    0x00,0x00,0x00,0x00,0x00,0x00,0x00,0x00,0x00,0x00,0x00,0x00,0x00,0x00,0x00,0x00,0x00,0x00,0x00,0x00,0x00,0x00,0x00,0x00,
    0x00,0x00,0x00,0x00,0x00,0x00,0x00,0x00,0xA0,0xFE,0xA0,0xFE,0xA0,0xFE,0xA0,0xFE,0x80,0xFE,0xC0,0xFE,0x20,0xFF,0x40,0xEE,
    0xC0,0x8B,0x20,0x29,0x00,0x00,0x00,0x00,0x00,0x00,0x20,0x00,0x20,0x00,0x00,0x00,0x00,0x00,0x00,0x00,0x00,0x00,0x00,0x21,
    0xC0,0x6A,0xA0,0xAC,0x00,0xE6,0xE0,0xFE,0x20,0xFF,0x00,0xFF,0xC0,0xFE,0xA0,0xFE,0x80,0xFE,0x80,0xFE,0xA0,0xFE,0xA0,0xFE,
    0xA0,0xFE,0xA0,0xFE,0xA0,0xFE,0xA0,0xFE,0xA0,0xFE,0xA0,0xFE,0xA0,0xFE,0xA0,0xFE,0xA0,0xFE,0xA0,0xFE,0xA0,0xFE,0xA0,0xFE,
    0xA0,0xFE,0xA0,0xFE,0xA0,0xFE,0xA0,0xFE,0xA0,0xFE,0xA0,0xFE,0xA0,0xFE,0xA0,0xFE,0xA0,0xFE,0xA0,0xFE,0xA0,0xFE,0xA0,0xFE,
    0xA0,0xFE,0x80,0xFE,0x80,0xFE,0x80,0xFE,0xA0,0xFE,0xC0,0xFE,0x00,0xFF,0x20,0xFF,0xE0,0xFE,0x20,0xEE,0xE0,0xB4,0x00,0x73,
    0x20,0x29,0x00,0x00,0x00,0x00,0x00,0x00,0x00,0x00,0x20,0x00,0x20,0x00,0x00,0x00,0x00,0x00,0x00,0x00,0x40,0x29,0xE0,0x93,
    0x40,0xEE,0x20,0xFF,0xC0,0xFE,0x80,0xFE,0xA0,0xFE,0xA0,0xFE,0xA0,0xFE,0xA0,0xFE,0x80,0xFE,0x00,0x00,0x00,0x00,0x00,0x00,
    0x00,0x00,0x00,0x00,0x00,0x00,0x00,0x00,0x00,0x00,0x00,0x00,0x00,0x00,0x00,0x00,0x00,0x00,0x00,0x00,0x00,0x00,0x00,0x00,
    0x00,0x00,0x00,0x00,0x00,0x00,0x00,0x00,0x00,0x00,0x00,0x00,0x00,0x00,0x00,0x00,0x00,0x00,0x00,0x00,0x00,0x00,0x00,0x00,
    0x00,0x00,0x00,0x00,0x00,0x00,0x00,0x00,0x00,0x00,0x00,0x00,0x00,0x00,0x00,0x00,0x00,0x00,0x00,0x00,0x00,0x00,0x00,0x00,
    0x00,0x00,0x00,0x00,0x00,0x00,0x00,0x00,0x00,0x00,0x00,0x00,0x00,0x00,0x00,0x00,0x00,0x00,0x00,0x00,0x00,0x00,0x00,0x00,
    0x00,0x00,0x00,0x00,0x00,0x00,0x00,0x00,0x00,0x00,0x00,0x00,0x00,0x00,0x00,0x00,0x00,0x00,0x00,0x00,0x00,0x00,0x00,0x00,
    0x00,0x00,0x00,0x00,0x00,0x00,0x00,0x00,0x00,0x00,0x00,0x00,0x00,0x00,0x00,0x00,0x00,0x00,0x00,0x00,0x00,0x00,0x00,0x00,
    0x00,0x00,0x00,0x00,0x00,0x00,0x00,0x00,0x00,0x00,0x00,0x00,0x00,0x00,0x00,0x00,0x00,0x00,0x00,0x00,0x00,0x00,0x00,0x00,
    0x00,0x00,0x00,0x00,0x00,0x00,0x00,0x00,0x00,0x00,0x00,0x00,0x00,0x00,0x00,0x00,0x00,0x00,0x00,0x00,0x00,0x00,0x00,0x00,
    0x00,0x00,0x00,0x00,0x00,0x00,0x00,0x00,0x00,0x00,0x00,0x00,0x00,0x00,0x00,0x00,0x00,0x00,0x00,0x00,0xA0,0xFE,0xA0,0xFE,
    0xA0,0xFE,0xA0,0xFE,0x80,0xFE,0xC0,0xFE,0x20,0xFF,0x00,0xDE,0x40,0x73,0xA0,0x10,0x00,0x00,0x00,0x00,0x00,0x00,0x20,0x00,
    0x00,0x00,0x00,0x00,0x00,0x00,0x00,0x00,0x40,0x29,0x60,0x7B,0x60,0xCD,0xA0,0xFE,0x20,0xFF,0x00,0xFF,0xC0,0xFE,0xA0,0xFE,
    0x80,0xFE,0x80,0xFE,0xA0,0xFE,0xA0,0xFE,0xA0,0xFE,0xA0,0xFE,0xA0,0xFE,0xA0,0xFE,0xA0,0xFE,0xA0,0xFE,0xA0,0xFE,0xA0,0xFE,
    0xA0,0xFE,0xA0,0xFE,0xA0,0xFE,0xA0,0xFE,0xA0,0xFE,0xA0,0xFE,0xA0,0xFE,0xA0,0xFE,0xA0,0xFE,0xA0,0xFE,0x80,0xFE,0x80,0xFE,
    0x80,0xFE,0xA0,0xFE,0xA0,0xFE,0xA0,0xFE,0xA0,0xFE,0xA0,0xFE,0xA0,0xFE,0xA0,0xFE,0xA0,0xFE,0xA0,0xFE,0xA0,0xFE,0xA0,0xFE,
    0xA0,0xFE,0xA0,0xFE,0x80,0xFE,0x80,0xFE,0x80,0xFE,0xC0,0xFE,0x00,0xFF,0x20,0xFF,0xA0,0xFE,0x60,0xCD,0x60,0x7B,0x40,0x31,
    0x00,0x00,0x00,0x00,0x00,0x00,0x00,0x00,0x20,0x00,0x00,0x00,0x00,0x00,0x00,0x00,0xC0,0x18,0x60,0x7B,0x20,0xE6,0x20,0xFF,
    0xC0,0xFE,0x80,0xFE,0xA0,0xFE,0xA0,0xFE,0xA0,0xFE,0xA0,0xFE,0x80,0xFE,0x00,0x00,0x00,0x00,0x00,0x00,0x00,0x00,0x00,0x00,
    0x00,0x00,0x00,0x00,0x00,0x00,0x00,0x00,0x00,0x00,0x00,0x00,0x00,0x00,0x00,0x00,0x00,0x00,0x00,0x00,0x00,0x00,0x00,0x00,
    0x00,0x00,0x00,0x00,0x00,0x00,0x00,0x00,0x00,0x00,0x00,0x00,0x00,0x00,0x00,0x00,0x00,0x00,0x00,0x00,0x00,0x00,0x00,0x00,
    0x00,0x00,0x00,0x00,0x00,0x00,0x00,0x00,0x00,0x00,0x00,0x00,0x00,0x00,0x00,0x00,0x00,0x00,0x00,0x00,0x00,0x00,0x00,0x00,
    0x00,0x00,0x00,0x00,0x00,0x00,0x00,0x00,0x00,0x00,0x00,0x00,0x00,0x00,0x00,0x00,0x00,0x00,0x00,0x00,0x00,0x00,0x00,0x00,
    0x00,0x00,0x00,0x00,0x00,0x00,0x00,0x00,0x00,0x00,0x00,0x00,0x00,0x00,0x00,0x00,0x00,0x00,0x00,0x00,0x00,0x00,0x00,0x00,
    0x00,0x00,0x00,0x00,0x00,0x00,0x00,0x00,0x00,0x00,0x00,0x00,0x00,0x00,0x00,0x00,0x00,0x00,0x00,0x00,0x00,0x00,0x00,0x00,
    0x00,0x00,0x00,0x00,0x00,0x00,0x00,0x00,0x00,0x00,0x00,0x00,0x00,0x00,0x00,0x00,0x00,0x00,0x00,0x00,0x00,0x00,0x00,0x00,
    0x00,0x00,0x00,0x00,0x00,0x00,0x00,0x00,0x00,0x00,0x00,0x00,0x00,0x00,0x00,0x00,0x00,0x00,0x00,0x00,0x00,0x00,0x00,0x00,
    0x00,0x00,0x00,0x00,0x00,0x00,0x00,0x00,0x00,0x00,0xA0,0xFE,0xA0,0xFE,0xA0,0xFE,0x80,0xFE,0xC0,0xFE,0x20,0xFF,0x00,0xE6,
    0x20,0x73,0x60,0x08,0x00,0x00,0x00,0x00,0x20,0x00,0x20,0x00,0x00,0x00,0x00,0x00,0x00,0x00,0xC0,0x18,0xE0,0x6A,0x40,0xC5,
    0xC0,0xFE,0x20,0xFF,0xE0,0xFE,0xA0,0xFE,0x80,0xFE,0x80,0xFE,0xA0,0xFE,0xA0,0xFE,0xA0,0xFE,0xA0,0xFE,0xA0,0xFE,0xA0,0xFE,
    0xA0,0xFE,0xA0,0xFE,0xA0,0xFE,0xA0,0xFE,0x80,0xFE,0xA0,0xFE,0xC0,0xFE,0xE0,0xFE,0xE0,0xFE,0xE0,0xFE,0xA0,0xFE,0x80,0xFE,
    0xA0,0xFE,0xA0,0xFE,0xA0,0xFE,0xA0,0xFE,0xA0,0xFE,0xC0,0xFE,0x20,0xFF,0x20,0xFF,0x00,0xFF,0xE0,0xFE,0xC0,0xFE,0xC0,0xFE,
    0xA0,0xFE,0x80,0xFE,0x80,0xFE,0x80,0xFE,0x80,0xFE,0x80,0xFE,0xA0,0xFE,0xA0,0xFE,0xA0,0xFE,0xA0,0xFE,0xA0,0xFE,0xA0,0xFE,
    0xA0,0xFE,0xA0,0xFE,0x80,0xFE,0x80,0xFE,0xA0,0xFE,0xE0,0xFE,0x20,0xFF,0xC0,0xFE,0x40,0xC5,0xE0,0x6A,0xA0,0x18,0x00,0x00,
    0x00,0x00,0x00,0x00,0x20,0x00,0x00,0x00,0x00,0x00,0x00,0x00,0x80,0x10,0x40,0x73,0x20,0xE6,0x20,0xFF,0xC0,0xFE,0x80,0xFE,
    0xA0,0xFE,0xA0,0xFE,0xA0,0xFE,0xA0,0xFE,0x00,0x00,0x00,0x00,0x00,0x00,0x00,0x00,0x00,0x00,0x00,0x00,0x00,0x00,0x00,0x00,
    0x00,0x00,0x00,0x00,0x00,0x00,0x00,0x00,0x00,0x00,0x00,0x00,0x00,0x00,0x00,0x00,0x00,0x00,0x00,0x00,0x00,0x00,0x00,0x00,
    0x00,0x00,0x00,0x00,0x00,0x00,0x00,0x00,0x00,0x00,0x00,0x00,0x00,0x00,0x00,0x00,0x00,0x00,0x00,0x00,0x00,0x00,0x00,0x00,
    0x00,0x00,0x00,0x00,0x00,0x00,0x00,0x00,0x00,0x00,0x00,0x00,0x00,0x00,0x00,0x00,0x00,0x00,0x00,0x00,0x00,0x00,0x00,0x00,
    0x00,0x00,0x00,0x00,0x00,0x00,0x00,0x00,0x00,0x00,0x00,0x00,0x00,0x00,0x00,0x00,0x00,0x00,0x00,0x00,0x00,0x00,0x00,0x00,
    0x00,0x00,0x00,0x00,0x00,0x00,0x00,0x00,0x00,0x00,0x00,0x00,0x00,0x00,0x00,0x00,0x00,0x00,0x00,0x00,0x00,0x00,0x00,0x00,
    0x00,0x00,0x00,0x00,0x00,0x00,0x00,0x00,0x00,0x00,0x00,0x00,0x00,0x00,0x00,0x00,0x00,0x00,0x00,0x00,0x00,0x00,0x00,0x00,
    0x00,0x00,0x00,0x00,0x00,0x00,0x00,0x00,0x00,0x00,0x00,0x00,0x00,0x00,0x00,0x00,0x00,0x00,0x00,0x00,0x00,0x00,0x00,0x00,
    0x00,0x00,0x00,0x00,0x00,0x00,0x00,0x00,0x00,0x00,0x00,0x00,0x00,0x00,0x00,0x00,0x00,0x00,0x00,0x00,0x00,0x00,0xA0,0xFE,
    0xA0,0xFE,0xA0,0xFE,0x80,0xFE,0xA0,0xFE,0x20,0xFF,0x60,0xEE,0x60,0x7B,0x80,0x10,0x00,0x00,0x00,0x00,0x20,0x00,0x20,0x00,
    0x00,0x00,0x00,0x00,0x00,0x00,0xE0,0x41,0x60,0xA4,0x60,0xEE,0x20,0xFF,0x00,0xFF,0xA0,0xFE,0x80,0xFE,0x80,0xFE,0xA0,0xFE,
    0xA0,0xFE,0xA0,0xFE,0xA0,0xFE,0xA0,0xFE,0xA0,0xFE,0xA0,0xFE,0xA0,0xFE,0xA0,0xFE,0xA0,0xFE,0xA0,0xFE,0xA0,0xFE,0xA0,0xFE,
    0x00,0xFF,0x00,0xFF,0x80,0xF6,0xE0,0xDD,0x80,0xD5,0xC0,0xDD,0xA0,0xFE,0x20,0xFF,0xC0,0xFE,0xA0,0xFE,0xA0,0xFE,0xA0,0xFE,
    0xE0,0xFE,0xA0,0xD5,0xC0,0x6A,0xC0,0x8B,0x60,0xA4,0x20,0xC5,0xE0,0xDD,0x60,0xF6,0xC0,0xFE,0x00,0xFF,0x20,0xFF,0x20,0xFF,
    0x00,0xFF,0xE0,0xFE,0xC0,0xFE,0xC0,0xFE,0xA0,0xFE,0xA0,0xFE,0xA0,0xFE,0xA0,0xFE,0xA0,0xFE,0xA0,0xFE,0xA0,0xFE,0xA0,0xFE,
    0xA0,0xFE,0xA0,0xFE,0x80,0xFE,0xA0,0xFE,0xE0,0xFE,0x20,0xFF,0x60,0xEE,0x40,0x9C,0xA0,0x39,0x00,0x00,0x00,0x00,0x00,0x00,
    0x20,0x00,0x20,0x00,0x00,0x00,0x00,0x00,0x80,0x10,0x60,0x7B,0x60,0xEE,0x20,0xFF,0xA0,0xFE,0x80,0xFE,0xA0,0xFE,0xA0,0xFE,
    0xA0,0xFE,0xA0,0xFE,0x00,0x00,0x00,0x00,0x00,0x00,0x00,0x00,0x00,0x00,0x00,0x00,0x00,0x00,0x00,0x00,0x00,0x00,0x00,0x00,
    0x00,0x00,0x00,0x00,0x00,0x00,0x00,0x00,0x00,0x00,0x00,0x00,0x00,0x00,0x00,0x00,0x00,0x00,0x00,0x00,0x00,0x00,0x00,0x00,
    0x00,0x00,0x00,0x00,0x00,0x00,0x00,0x00,0x00,0x00,0x00,0x00,0x00,0x00,0x00,0x00,0x00,0x00,0x00,0x00,0x00,0x00,0x00,0x00,
    0x00,0x00,0x00,0x00,0x00,0x00,0x00,0x00,0x00,0x00,0x00,0x00,0x00,0x00,0x00,0x00,0x00,0x00,0x00,0x00,0x00,0x00,0x00,0x00,
    0x00,0x00,0x00,0x00,0x00,0x00,0x00,0x00,0x00,0x00,0x00,0x00,0x00,0x00,0x00,0x00,0x00,0x00,0x00,0x00,0x00,0x00,0x00,0x00,
    0x00,0x00,0x00,0x00,0x00,0x00,0x00,0x00,0x00,0x00,0x00,0x00,0x00,0x00,0x00,0x00,0x00,0x00,0x00,0x00,0x00,0x00,0x00,0x00,
    0x00,0x00,0x00,0x00,0x00,0x00,0x00,0x00,0x00,0x00,0x00,0x00,0x00,0x00,0x00,0x00,0x00,0x00,0x00,0x00,0x00,0x00,0x00,0x00,
    0x00,0x00,0x00,0x00,0x00,0x00,0x00,0x00,0x00,0x00,0x00,0x00,0x00,0x00,0x00,0x00,0x00,0x00,0x00,0x00,0x00,0x00,0x00,0x00,
    0x00,0x00,0x00,0x00,0x00,0x00,0x00,0x00,0x00,0x00,0xA0,0xFE,0xA0,0xFE,0xA0,0xFE,0xA0,0xFE,0x80,0xFE,0xE0,0xFE,0xC0,0xFE,
    0x20,0x94,0xC0,0x18,0x00,0x00,0x00,0x00,0x20,0x00,0x20,0x00,0x00,0x00,0x00,0x00,0x40,0x08,0xA0,0x5A,0x60,0xC5,0xE0,0xFE,
    0x00,0xFF,0xC0,0xFE,0x80,0xFE,0xA0,0xFE,0xA0,0xFE,0xA0,0xFE,0xA0,0xFE,0xA0,0xFE,0xA0,0xFE,0xA0,0xFE,0xA0,0xFE,0xA0,0xFE,
    0xA0,0xFE,0xA0,0xFE,0xA0,0xFE,0xA0,0xFE,0xA0,0xFE,0x80,0xFE,0xE0,0xFE,0xA0,0xFE,0x40,0x9C,0x00,0x4A,0xC0,0x18,0x20,0x00,
    0x00,0x00,0x20,0x00,0x20,0x29,0x60,0x7B,0x60,0xF6,0xC0,0xFE,0x80,0xFE,0x80,0xFE,0x00,0xFF,0x60,0xA4,0x00,0x00,0x00,0x00,
    0x00,0x00,0x00,0x00,0x20,0x00,0xA0,0x10,0x40,0x31,0x00,0x4A,0xE0,0x6A,0xA0,0x8B,0x80,0xA4,0x40,0xC5,0xE0,0xDD,0x60,0xF6,
    0xA0,0xFE,0xA0,0xFE,0xA0,0xFE,0xA0,0xFE,0xA0,0xFE,0xA0,0xFE,0xA0,0xFE,0xA0,0xFE,0xA0,0xFE,0xA0,0xFE,0xA0,0xFE,0xA0,0xFE,
    0xA0,0xFE,0x80,0xFE,0xC0,0xFE,0x00,0xFF,0xE0,0xFE,0x40,0xC5,0x80,0x5A,0x20,0x00,0x00,0x00,0x00,0x00,0x20,0x00,0x20,0x00,
    0x00,0x00,0x00,0x00,0xC0,0x18,0x20,0x94,0xC0,0xFE,0x00,0xFF,0x80,0xFE,0xA0,0xFE,0xA0,0xFE,0xA0,0xFE,0xA0,0xFE,0x80,0xFE,
    0x00,0x00,0x00,0x00,0x00,0x00,0x00,0x00,0x00,0x00,0x00,0x00,0x00,0x00,0x00,0x00,0x00,0x00,0x00,0x00,0x00,0x00,0x00,0x00,
    0x00,0x00,0x00,0x00,0x00,0x00,0x00,0x00,0x00,0x00,0x00,0x00,0x00,0x00,0x00,0x00,0x00,0x00,0x00,0x00,0x00,0x00,0x00,0x00,
    0x00,0x00,0x00,0x00,0x00,0x00,0x00,0x00,0x00,0x00,0x00,0x00,0x00,0x00,0x00,0x00,0x00,0x00,0x00,0x00,0x00,0x00,0x00,0x00,
    0x00,0x00,0x00,0x00,0x00,0x00,0x00,0x00,0x00,0x00,0x00,0x00,0x00,0x00,0x00,0x00,0x00,0x00,0x00,0x00,0x00,0x00,0x00,0x00,
    0x00,0x00,0x00,0x00,0x00,0x00,0x00,0x00,0x00,0x00,0x00,0x00,0x00,0x00,0x00,0x00,0x00,0x00,0x00,0x00,0x00,0x00,0x00,0x00,
    0x00,0x00,0x00,0x00,0x00,0x00,0x00,0x00,0x00,0x00,0x00,0x00,0x00,0x00,0x00,0x00,0x00,0x00,0x00,0x00,0x00,0x00,0x00,0x00,
    0x00,0x00,0x00,0x00,0x00,0x00,0x00,0x00,0x00,0x00,0x00,0x00,0x00,0x00,0x00,0x00,0x00,0x00,0x00,0x00,0x00,0x00,0x00,0x00,
    0x00,0x00,0x00,0x00,0x00,0x00,0x00,0x00,0x00,0x00,0x00,0x00,0x00,0x00,0x00,0x00,0x00,0x00,0x00,0x00,0x00,0x00,0x00,0x00,
    0xA0,0xFE,0xA0,0xFE,0xA0,0xFE,0x80,0xFE,0xA0,0xFE,0x20,0xFF,0x40,0xC5,0x80,0x39,0x00,0x00,0x00,0x00,0x00,0x00,0x00,0x00,
    0x00,0x00,0x00,0x00,0x40,0x08,0xE0,0x6A,0xC0,0xD5,0x00,0xFF,0xE0,0xFE,0x80,0xFE,0x80,0xFE,0xA0,0xFE,0xA0,0xFE,0xA0,0xFE,
    0xA0,0xFE,0xA0,0xFE,0xA0,0xFE,0xA0,0xFE,0xA0,0xFE,0xA0,0xFE,0xA0,0xFE,0xA0,0xFE,0xA0,0xFE,0xA0,0xFE,0xA0,0xFE,0xA0,0xFE,
    0x80,0xFE,0xE0,0xFE,0xA0,0xD5,0x60,0x31,0x00,0x00,0x00,0x00,0x00,0x00,0x00,0x00,0x00,0x00,0x00,0x00,0x00,0x00,0x00,0x00,
    0x20,0x29,0x20,0xE6,0xC0,0xFE,0x80,0xFE,0x00,0xFF,0xE0,0x93,0x20,0x08,0x40,0x08,0x20,0x00,0x00,0x00,0x00,0x00,0x00,0x00,
    0x00,0x00,0x00,0x00,0x00,0x00,0x00,0x00,0x00,0x00,0x00,0x00,0x20,0x00,0xC0,0x41,0xA0,0xFE,0xA0,0xFE,0xA0,0xFE,0xA0,0xFE,
    0xA0,0xFE,0xA0,0xFE,0xA0,0xFE,0x80,0xFE,0x80,0xFE,0x80,0xFE,0xA0,0xFE,0xA0,0xFE,0xA0,0xFE,0xA0,0xFE,0xA0,0xFE,0x80,0xFE,
    0x80,0xFE,0xE0,0xFE,0x00,0xFF,0xC0,0xD5,0xC0,0x62,0x40,0x08,0x00,0x00,0x00,0x00,0x20,0x00,0x00,0x00,0x00,0x00,0x00,0x00,
    0x80,0x31,0x20,0xBD,0x20,0xFF,0xC0,0xFE,0x80,0xFE,0xA0,0xFE,0xA0,0xFE,0xA0,0xFE,0x80,0xFE,0x00,0x00,0x00,0x00,0x00,0x00,
    0x00,0x00,0x00,0x00,0x00,0x00,0x00,0x00,0x00,0x00,0x00,0x00,0x00,0x00,0x00,0x00,0x00,0x00,0x00,0x00,0x00,0x00,0x00,0x00,
    0x00,0x00,0x00,0x00,0x00,0x00,0x00,0x00,0x00,0x00,0x00,0x00,0x00,0x00,0x00,0x00,0x00,0x00,0x00,0x00,0x00,0x00,0x00,0x00,
    0x00,0x00,0x00,0x00,0x00,0x00,0x00,0x00,0x00,0x00,0x00,0x00,0x00,0x00,0x00,0x00,0x00,0x00,0x00,0x00,0x00,0x00,0x00,0x00,
    0x00,0x00,0x00,0x00,0x00,0x00,0x00,0x00,0x00,0x00,0x00,0x00,0x00,0x00,0x00,0x00,0x00,0x00,0x00,0x00,0x00,0x00,0x00,0x00,
    0x00,0x00,0x00,0x00,0x00,0x00,0x00,0x00,0x00,0x00,0x00,0x00,0x00,0x00,0x00,0x00,0x00,0x00,0x00,0x00,0x00,0x00,0x00,0x00,
    0x00,0x00,0x00,0x00,0x00,0x00,0x00,0x00,0x00,0x00,0x00,0x00,0x00,0x00,0x00,0x00,0x00,0x00,0x00,0x00,0x00,0x00,0x00,0x00,
    0x00,0x00,0x00,0x00,0x00,0x00,0x00,0x00,0x00,0x00,0x00,0x00,0x00,0x00,0x00,0x00,0x00,0x00,0x00,0x00,0x00,0x00,0x00,0x00,
    0x00,0x00,0x00,0x00,0x00,0x00,0x00,0x00,0x00,0x00,0x00,0x00,0x00,0x00,0xA0,0xFE,0xA0,0xFE,0xA0,0xFE,0x80,0xFE,0x00,0xFF,
    0x60,0xEE,0x00,0x6B,0x00,0x00,0x00,0x00,0x00,0x00,0x00,0x00,0x00,0x00,0x00,0x00,0x20,0x00,0xC0,0x62,0xE0,0xDD,0x20,0xFF,
    0xE0,0xFE,0x80,0xFE,0x80,0xFE,0xA0,0xFE,0xA0,0xFE,0xA0,0xFE,0xA0,0xFE,0xA0,0xFE,0xA0,0xFE,0xA0,0xFE,0xA0,0xFE,0xA0,0xFE,
    0xA0,0xFE,0xA0,0xFE,0xA0,0xFE,0xA0,0xFE,0xA0,0xFE,0xA0,0xFE,0xA0,0xFE,0xA0,0xFE,0xC0,0xFE,0x00,0xDE,0x80,0x10,0x00,0x00,
    0x20,0x00,0x20,0x00,0x00,0x00,0x00,0x00,0x00,0x00,0x00,0x00,0x00,0x00,0x20,0x00,0x00,0x00,0xA0,0x39,0xE0,0xFE,0x80,0xFE,
    0x20,0xFF,0xC0,0x62,0x00,0x00,0x00,0x00,0x00,0x00,0x00,0x00,0x00,0x00,0x00,0x00,0x00,0x00,0x00,0x00,0x20,0x00,0x20,0x00,
    0x20,0x00,0x20,0x00,0x00,0x00,0xC0,0x39,0xE0,0xFE,0x80,0xFE,0xA0,0xFE,0xA0,0xFE,0xA0,0xFE,0x80,0xFE,0xC0,0xFE,0x00,0xFF,
    0x20,0xFF,0x00,0xFF,0xE0,0xFE,0xA0,0xFE,0xA0,0xFE,0xA0,0xFE,0xA0,0xFE,0xA0,0xFE,0xA0,0xFE,0xA0,0xFE,0x80,0xFE,0xE0,0xFE,
    0x20,0xFF,0xC0,0xD5,0xA0,0x62,0x20,0x00,0x00,0x00,0x00,0x00,0x00,0x00,0x00,0x00,0x00,0x00,0x00,0x00,0xE0,0x62,0x60,0xEE,
    0x00,0xFF,0x80,0xFE,0xA0,0xFE,0xA0,0xFE,0xA0,0xFE,0xA0,0xFE,0x00,0x00,0x00,0x00,0x00,0x00,0x00,0x00,0x00,0x00,0x00,0x00,
    0x00,0x00,0x00,0x00,0x00,0x00,0x00,0x00,0x00,0x00,0x00,0x00,0x00,0x00,0x00,0x00,0x00,0x00,0x00,0x00,0x00,0x00,0x00,0x00,
    0x00,0x00,0x00,0x00,0x00,0x00,0x00,0x00,0x00,0x00,0x00,0x00,0x00,0x00,0x00,0x00,0x00,0x00,0x00,0x00,0x00,0x00,0x00,0x00,
    0x00,0x00,0x00,0x00,0x00,0x00,0x00,0x00,0x00,0x00,0x00,0x00,0x00,0x00,0x00,0x00,0x00,0x00,0x00,0x00,0x00,0x00,0x00,0x00,
    0x00,0x00,0x00,0x00,0x00,0x00,0x00,0x00,0x00,0x00,0x00,0x00,0x00,0x00,0x00,0x00,0x00,0x00,0x00,0x00,0x00,0x00,0x00,0x00,
    0x00,0x00,0x00,0x00,0x00,0x00,0x00,0x00,0x00,0x00,0x00,0x00,0x00,0x00,0x00,0x00,0x00,0x00,0x00,0x00,0x00,0x00,0x00,0x00,
    0x00,0x00,0x00,0x00,0x00,0x00,0x00,0x00,0x00,0x00,0x00,0x00,0x00,0x00,0x00,0x00,0x00,0x00,0x00,0x00,0x00,0x00,0x00,0x00,
    0x00,0x00,0x00,0x00,0x00,0x00,0x00,0x00,0x00,0x00,0x00,0x00,0x00,0x00,0x00,0x00,0x00,0x00,0x00,0x00,0x00,0x00,0x00,0x00,
    0x00,0x00,0xA0,0xFE,0xA0,0xFE,0xA0,0xFE,0x80,0xFE,0xA0,0xFE,0x20,0xFF,0xE0,0xB4,0xE0,0x20,0x00,0x00,0x00,0x00,0x00,0x00,
    0x00,0x00,0x00,0x00,0x00,0x00,0x40,0x52,0x80,0xCD,0x00,0xFF,0xC0,0xFE,0x80,0xFE,0xA0,0xFE,0xA0,0xFE,0xA0,0xFE,0xA0,0xFE,
    0xA0,0xFE,0xA0,0xFE,0x80,0xFE,0xA0,0xFE,0xA0,0xFE,0xA0,0xFE,0xA0,0xFE,0xA0,0xFE,0xA0,0xFE,0xA0,0xFE,0xA0,0xFE,0xA0,0xFE,
    0xA0,0xFE,0xA0,0xFE,0xA0,0xFE,0x80,0xFE,0x00,0xFF,0x20,0x52,0x00,0x00,0x20,0x00,0x00,0x00,0x00,0x00,0xA0,0x18,0xE0,0x41,
    0x80,0x10,0x00,0x00,0x00,0x00,0x00,0x00,0x20,0x00,0x00,0x00,0x20,0xBD,0xE0,0xFE,0xC0,0xFE,0xA0,0xAC,0xA0,0x62,0xE0,0x41,
    0x40,0x29,0x80,0x10,0x00,0x00,0x00,0x00,0x00,0x00,0x00,0x00,0x00,0x00,0x00,0x00,0x00,0x00,0x00,0x00,0x00,0x00,0x80,0x62,
    0x20,0xFF,0x80,0xFE,0xA0,0xFE,0x80,0xFE,0xC0,0xFE,0x00,0xFF,0xE0,0xDD,0xA0,0xAC,0x00,0x94,0x80,0xAC,0xC0,0xD5,0xE0,0xFE,
    0x00,0xFF,0x80,0xFE,0xA0,0xFE,0xA0,0xFE,0xA0,0xFE,0xA0,0xFE,0xA0,0xFE,0xA0,0xFE,0x80,0xFE,0xE0,0xFE,0x00,0xFF,0xA0,0xCD,
    0x40,0x52,0x00,0x00,0x00,0x00,0x00,0x00,0x00,0x00,0x00,0x00,0x00,0x00,0xC0,0x18,0xA0,0xAC,0x00,0xFF,0xA0,0xFE,0x80,0xFE,
    0xA0,0xFE,0xA0,0xFE,0xA0,0xFE,0xA0,0xFE,0x00,0x00,0x00,0x00,0x00,0x00,0x00,0x00,0x00,0x00,0x00,0x00,0x00,0x00,0x00,0x00,
    0x00,0x00,0x00,0x00,0x00,0x00,0x00,0x00,0x00,0x00,0x00,0x00,0x00,0x00,0x00,0x00,0x00,0x00,0x00,0x00,0x00,0x00,0x00,0x00,
    0x00,0x00,0x00,0x00,0x00,0x00,0x00,0x00,0x00,0x00,0x00,0x00,0x00,0x00,0x00,0x00,0x00,0x00,0x00,0x00,0x00,0x00,0x00,0x00,
    0x00,0x00,0x00,0x00,0x00,0x00,0x00,0x00,0x00,0x00,0x00,0x00,0x00,0x00,0x00,0x00,0x00,0x00,0x00,0x00,0x00,0x00,0x00,0x00,
    0x00,0x00,0x00,0x00,0x00,0x00,0x00,0x00,0x00,0x00,0x00,0x00,0x00,0x00,0x00,0x00,0x00,0x00,0x00,0x00,0x00,0x00,0x00,0x00,
    0x00,0x00,0x00,0x00,0x00,0x00,0x00,0x00,0x00,0x00,0x00,0x00,0x00,0x00,0x00,0x00,0x00,0x00,0x00,0x00,0x00,0x00,0x00,0x00,
    0x00,0x00,0x00,0x00,0x00,0x00,0x00,0x00,0x00,0x00,0x00,0x00,0x00,0x00,0x00,0x00,0x00,0x00,0x00,0x00,0x00,0x00,0x00,0x00,
    0x00,0x00,0x00,0x00,0x00,0x00,0x00,0x00,0x00,0x00,0x00,0x00,0x00,0x00,0x00,0x00,0xA0,0xFE,0xA0,0xFE,0xA0,0xFE,0x80,0xFE,
    0xE0,0xFE,0xA0,0xF6,0xE0,0x6A,0x00,0x00,0x00,0x00,0x00,0x00,0x00,0x00,0x00,0x00,0x00,0x00,0x40,0x31,0xE0,0xB4,0x00,0xFF,
    0xE0,0xFE,0x80,0xFE,0xA0,0xFE,0xA0,0xFE,0xA0,0xFE,0xA0,0xFE,0xA0,0xFE,0xA0,0xFE,0x80,0xFE,0xE0,0xFE,0x00,0xFF,0xA0,0xFE,
    0xA0,0xFE,0xA0,0xFE,0xA0,0xFE,0xA0,0xFE,0xA0,0xFE,0xA0,0xFE,0xA0,0xFE,0xA0,0xFE,0xA0,0xFE,0xA0,0xFE,0xA0,0xFE,0xC0,0xFE,
    0x00,0xE6,0x40,0x08,0x00,0x00,0x00,0x00,0x00,0x00,0x40,0x29,0x60,0xEE,0x00,0xFF,0x40,0xE6,0x60,0x31,0x00,0x00,0x00,0x00,
    0x00,0x00,0x00,0x00,0x60,0x7B,0x20,0xFF,0x80,0xFE,0xE0,0xFE,0x20,0xFF,0xE0,0xFE,0x00,0xFF,0x00,0xBD,0x00,0x00,0x00,0x00,
    0x00,0x00,0x00,0x00,0x40,0x08,0xC0,0x41,0x20,0x29,0xA0,0x18,0x00,0x00,0x40,0x7B,0x20,0xFF,0x80,0xFE,0x80,0xFE,0xE0,0xFE,
    0x20,0xE6,0x80,0x5A,0x40,0x08,0x00,0x00,0x00,0x00,0x00,0x00,0x20,0x00,0xC0,0x41,0x20,0xBD,0x00,0xFF,0xA0,0xFE,0xA0,0xFE,
    0xA0,0xFE,0xA0,0xFE,0xA0,0xFE,0xA0,0xFE,0xA0,0xFE,0xA0,0xFE,0x80,0xFE,0xE0,0xFE,0x00,0xFF,0x00,0xB5,0x60,0x31,0x00,0x00,
    0x00,0x00,0x00,0x00,0x00,0x00,0x00,0x00,0x00,0x00,0xA0,0x62,0x60,0xEE,0x00,0xFF,0x80,0xFE,0xA0,0xFE,0xA0,0xFE,0xA0,0xFE,
    0xA0,0xFE,0x00,0x00,0x00,0x00,0x00,0x00,0x00,0x00,0x00,0x00,0x00,0x00,0x00,0x00,0x00,0x00,0x00,0x00,0x00,0x00,0x00,0x00,
    0x00,0x00,0x00,0x00,0x00,0x00,0x00,0x00,0x00,0x00,0x00,0x00,0x00,0x00,0x00,0x00,0x00,0x00,0x00,0x00,0x00,0x00,0x00,0x00,
    0x00,0x00,0x00,0x00,0x00,0x00,0x00,0x00,0x00,0x00,0x00,0x00,0x00,0x00,0x00,0x00,0x00,0x00,0x00,0x00,0x00,0x00,0x00,0x00,
    0x00,0x00,0x00,0x00,0x00,0x00,0x00,0x00,0x00,0x00,0x00,0x00,0x00,0x00,0x00,0x00,0x00,0x00,0x00,0x00,0x00,0x00,0x00,0x00,
    0x00,0x00,0x00,0x00,0x00,0x00,0x00,0x00,0x00,0x00,0x00,0x00,0x00,0x00,0x00,0x00,0x00,0x00,0x00,0x00,0x00,0x00,0x00,0x00,
    0x00,0x00,0x00,0x00,0x00,0x00,0x00,0x00,0x00,0x00,0x00,0x00,0x00,0x00,0x00,0x00,0x00,0x00,0x00,0x00,0x00,0x00,0x00,0x00,
    0x00,0x00,0x00,0x00,0x00,0x00,0x00,0x00,0x00,0x00,0x00,0x00,0x00,0x00,0x00,0x00,0x00,0x00,0x00,0x00,0x00,0x00,0x00,0x00,
    0x00,0x00,0x00,0x00,0x00,0x00,0xA0,0xFE,0xA0,0xFE,0xA0,0xFE,0x80,0xFE,0x20,0xFF,0x60,0xC5,0x40,0x29,0x00,0x00,0x00,0x00,
    0x00,0x00,0x00,0x00,0x00,0x00,0x40,0x08,0xA0,0x83,0xA0,0xFE,0x00,0xFF,0x80,0xFE,0x80,0xFE,0xA0,0xFE,0xA0,0xFE,0xA0,0xFE,
    0xA0,0xFE,0xA0,0xFE,0x80,0xFE,0xE0,0xFE,0x00,0xFF,0x60,0xCD,0x00,0x6B,0x40,0xEE,0xC0,0xFE,0xA0,0xFE,0xA0,0xFE,0xA0,0xFE,
    0xA0,0xFE,0xA0,0xFE,0xA0,0xFE,0xA0,0xFE,0xA0,0xFE,0xA0,0xFE,0x80,0xFE,0x00,0xFF,0x20,0xBD,0x00,0x00,0x00,0x00,0x20,0x00,
    0x00,0x00,0x40,0x7B,0x20,0xFF,0x40,0xF6,0x20,0xFF,0xC0,0xB4,0x00,0x00,0x80,0x10,0x60,0x31,0x60,0x52,0x00,0xBD,0xE0,0xFE,
    0xA0,0xFE,0xA0,0xFE,0x80,0xFE,0x80,0xFE,0x00,0xFF,0xC0,0xB4,0x00,0x00,0x00,0x00,0x00,0x00,0x00,0x00,0x60,0x31,0x20,0xFF,
    0xA0,0xFE,0x60,0xEE,0xA0,0xD5,0x00,0xE6,0xC0,0xFE,0x80,0xFE,0x00,0xFF,0x80,0xCD,0xC0,0x18,0x00,0x00,0x00,0x00,0x00,0x00,
    0x20,0x00,0x20,0x00,0x00,0x00,0x00,0x00,0x00,0x00,0x80,0x7B,0x00,0xFF,0x80,0xFE,0xA0,0xFE,0xA0,0xFE,0xA0,0xFE,0xA0,0xFE,
    0xA0,0xFE,0xA0,0xFE,0xA0,0xFE,0xA0,0xFE,0x80,0xFE,0x00,0xFF,0xC0,0xFE,0xC0,0x8B,0x60,0x08,0x00,0x00,0x00,0x00,0x00,0x00,
    0x00,0x00,0x00,0x00,0x00,0x21,0x40,0xC5,0x20,0xFF,0x80,0xFE,0xA0,0xFE,0xA0,0xFE,0xA0,0xFE,0xA0,0xFE,0x00,0x00,0x00,0x00,
    0x00,0x00,0x00,0x00,0x00,0x00,0x00,0x00,0x00,0x00,0x00,0x00,0x00,0x00,0x00,0x00,0x00,0x00,0x00,0x00,0x00,0x00,0x00,0x00,
    0x00,0x00,0x00,0x00,0x00,0x00,0x00,0x00,0x00,0x00,0x00,0x00,0x00,0x00,0x00,0x00,0x00,0x00,0x00,0x00,0x00,0x00,0x00,0x00,
    0x00,0x00,0x00,0x00,0x00,0x00,0x00,0x00,0x00,0x00,0x00,0x00,0x00,0x00,0x00,0x00,0x00,0x00,0x00,0x00,0x00,0x00,0x00,0x00,
    0x00,0x00,0x00,0x00,0x00,0x00,0x00,0x00,0x00,0x00,0x00,0x00,0x00,0x00,0x00,0x00,0x00,0x00,0x00,0x00,0x00,0x00,0x00,0x00,
    0x00,0x00,0x00,0x00,0x00,0x00,0x00,0x00,0x00,0x00,0x00,0x00,0x00,0x00,0x00,0x00,0x00,0x00,0x00,0x00,0x00,0x00,0x00,0x00,
    0x00,0x00,0x00,0x00,0x00,0x00,0x00,0x00,0x00,0x00,0x00,0x00,0x00,0x00,0x00,0x00,0x00,0x00,0x00,0x00,0x00,0x00,0x00,0x00,
    0x00,0x00,0x00,0x00,0x00,0x00,0x00,0x00,0x00,0x00,0x00,0x00,0x00,0x00,0x00,0x00,0x00,0x00,0xA0,0xFE,0xA0,0xFE,0xA0,0xFE,
    0x80,0xFE,0xA0,0xFE,0x00,0xFF,0xE0,0x93,0x20,0x00,0x00,0x00,0x00,0x00,0x00,0x00,0x00,0x00,0x00,0x00,0xE0,0x41,0xC0,0xD5,
    0x20,0xFF,0xA0,0xFE,0x80,0xFE,0xA0,0xFE,0xA0,0xFE,0xA0,0xFE,0xA0,0xFE,0xA0,0xFE,0x80,0xFE,0xE0,0xFE,0x00,0xFF,0xA0,0xCD,
    0x80,0x5A,0x20,0x00,0x00,0x00,0x60,0xA4,0x00,0xFF,0x80,0xFE,0xA0,0xFE,0xA0,0xFE,0xA0,0xFE,0xA0,0xFE,0xA0,0xFE,0xA0,0xFE,
    0xA0,0xFE,0xA0,0xFE,0x80,0xFE,0x00,0xFF,0xE0,0xB4,0x00,0x00,0x00,0x00,0x00,0x00,0x00,0x00,0x40,0x52,0x40,0xFF,0xA0,0xFE,
    0x80,0xFE,0x40,0xF6,0x40,0xC5,0x20,0xEE,0xC0,0xFE,0x00,0xFF,0xE0,0xFE,0xA0,0xFE,0xA0,0xFE,0xA0,0xFE,0xA0,0xFE,0x80,0xFE,
    0x00,0xFF,0x00,0x94,0x00,0x00,0x00,0x00,0x00,0x00,0x00,0x00,0x20,0x4A,0xE0,0xFE,0x80,0xFE,0xC0,0xFE,0xE0,0xFE,0xC0,0xFE,
    0x80,0xFE,0xE0,0xFE,0xE0,0xDD,0x80,0x10,0x00,0x00,0x20,0x00,0x00,0x00,0x00,0x00,0x00,0x00,0x00,0x00,0x00,0x00,0x00,0x00,
    0x00,0x00,0x00,0x00,0x60,0x7B,0x00,0xFF,0x80,0xFE,0xA0,0xFE,0xA0,0xFE,0xA0,0xFE,0xA0,0xFE,0xA0,0xFE,0xA0,0xFE,0xA0,0xFE,
    0xA0,0xFE,0x80,0xFE,0xA0,0xFE,0x20,0xFF,0xE0,0xDD,0x20,0x4A,0x00,0x00,0x00,0x00,0x00,0x00,0x00,0x00,0x00,0x00,0x00,0x00,
    0xC0,0x8B,0x00,0xFF,0xC0,0xFE,0x80,0xFE,0xA0,0xFE,0xA0,0xFE,0xA0,0xFE,0x80,0xFE,0x00,0x00,0x00,0x00,0x00,0x00,0x00,0x00,
    0x00,0x00,0x00,0x00,0x00,0x00,0x00,0x00,0x00,0x00,0x00,0x00,0x00,0x00,0x00,0x00,0x00,0x00,0x00,0x00,0x00,0x00,0x00,0x00,
    0x00,0x00,0x00,0x00,0x00,0x00,0x00,0x00,0x00,0x00,0x00,0x00,0x00,0x00,0x00,0x00,0x00,0x00,0x00,0x00,0x00,0x00,0x00,0x00,
    0x00,0x00,0x00,0x00,0x00,0x00,0x00,0x00,0x00,0x00,0x00,0x00,0x00,0x00,0x00,0x00,0x00,0x00,0x00,0x00,0x00,0x00,0x00,0x00,
    0x00,0x00,0x00,0x00,0x00,0x00,0x00,0x00,0x00,0x00,0x00,0x00,0x00,0x00,0x00,0x00,0x00,0x00,0x00,0x00,0x00,0x00,0x00,0x00,
    0x00,0x00,0x00,0x00,0x00,0x00,0x00,0x00,0x00,0x00,0x00,0x00,0x00,0x00,0x00,0x00,0x00,0x00,0x00,0x00,0x00,0x00,0x00,0x00,
    0x00,0x00,0x00,0x00,0x00,0x00,0x00,0x00,0x00,0x00,0x00,0x00,0x00,0x00,0x00,0x00,0x00,0x00,0x00,0x00,0x00,0x00,0x00,0x00,
    0x00,0x00,0x00,0x00,0x00,0x00,0x00,0x00,0xA0,0xFE,0xA0,0xFE,0xA0,0xFE,0x80,0xFE,0xE0,0xFE,0xA0,0xF6,0xA0,0x5A,0x00,0x00,
    0x00,0x00,0x00,0x00,0x00,0x00,0x00,0x00,0x40,0x08,0xE0,0x93,0xE0,0xFE,0xE0,0xFE,0x80,0xFE,0xA0,0xFE,0xA0,0xFE,0xA0,0xFE,
    0xA0,0xFE,0xA0,0xFE,0x80,0xFE,0xE0,0xFE,0x00,0xFF,0xA0,0xD5,0x80,0x5A,0x20,0x00,0x00,0x00,0x00,0x00,0x20,0x00,0x80,0x31,
    0xE0,0xFE,0xA0,0xFE,0xA0,0xFE,0xA0,0xFE,0xA0,0xFE,0xA0,0xFE,0xA0,0xFE,0xA0,0xFE,0xA0,0xFE,0xA0,0xFE,0xA0,0xFE,0xE0,0xFE,
    0x60,0xCD,0x00,0x00,0x00,0x00,0x00,0x00,0x00,0x00,0x20,0x00,0xA0,0x83,0x60,0xEE,0xE0,0xFE,0x20,0xFF,0x40,0xFF,0xC0,0xFE,
    0x80,0xFE,0x80,0xFE,0xA0,0xFE,0xA0,0xFE,0xA0,0xFE,0xA0,0xFE,0xA0,0xFE,0x80,0xFE,0x20,0xFF,0x40,0x7B,0x00,0x00,0x00,0x00,
    0x00,0x00,0x00,0x00,0xE0,0x6A,0x20,0xFF,0x80,0xFE,0xA0,0xFE,0xA0,0xFE,0xA0,0xFE,0xA0,0xFE,0xC0,0xFE,0x60,0x31,0x00,0x00,
    0x00,0x00,0x00,0x00,0x00,0x00,0x00,0x00,0xA0,0x18,0xC0,0x39,0x00,0x00,0x00,0x00,0x00,0x00,0x00,0x00,0x00,0x00,0x40,0xC5,
    0xE0,0xFE,0x80,0xFE,0xA0,0xFE,0xA0,0xFE,0xA0,0xFE,0xA0,0xFE,0xA0,0xFE,0xA0,0xFE,0xA0,0xFE,0xA0,0xFE,0xA0,0xFE,0x80,0xFE,
    0xC0,0xFE,0x00,0xFF,0x00,0x94,0x60,0x08,0x00,0x00,0x00,0x00,0x00,0x00,0x00,0x00,0x00,0x00,0x60,0x52,0x80,0xF6,0xE0,0xFE,
    0x80,0xFE,0xA0,0xFE,0xA0,0xFE,0xA0,0xFE,0x80,0xFE,0x00,0x00,0x00,0x00,0x00,0x00,0x00,0x00,0x00,0x00,0x00,0x00,0x00,0x00,
    0x00,0x00,0x00,0x00,0x00,0x00,0x00,0x00,0x00,0x00,0x00,0x00,0x00,0x00,0x00,0x00,0x00,0x00,0x00,0x00,0x00,0x00,0x00,0x00,
    0x00,0x00,0x00,0x00,0x00,0x00,0x00,0x00,0x00,0x00,0x00,0x00,0x00,0x00,0x00,0x00,0x00,0x00,0x00,0x00,0x00,0x00,0x00,0x00,
    0x00,0x00,0x00,0x00,0x00,0x00,0x00,0x00,0x00,0x00,0x00,0x00,0x00,0x00,0x00,0x00,0x00,0x00,0x00,0x00,0x00,0x00,0x00,0x00,
    0x00,0x00,0x00,0x00,0x00,0x00,0x00,0x00,0x00,0x00,0x00,0x00,0x00,0x00,0x00,0x00,0x00,0x00,0x00,0x00,0x00,0x00,0x00,0x00,
    0x00,0x00,0x00,0x00,0x00,0x00,0x00,0x00,0x00,0x00,0x00,0x00,0x00,0x00,0x00,0x00,0x00,0x00,0x00,0x00,0x00,0x00,0x00,0x00,
    0x00,0x00,0x00,0x00,0x00,0x00,0x00,0x00,0x00,0x00,0x00,0x00,0x00,0x00,0x00,0x00,0x00,0x00,0x00,0x00,0x00,0x00,0xA0,0xFE,
    0xA0,0xFE,0xA0,0xFE,0x80,0xFE,0x00,0xFF,0x00,0xDE,0x60,0x31,0x00,0x00,0x00,0x00,0x00,0x00,0x00,0x00,0x00,0x00,0x60,0x31,
    0xA0,0xCD,0x20,0xFF,0x80,0xFE,0x80,0xFE,0xA0,0xFE,0xA0,0xFE,0xA0,0xFE,0xA0,0xFE,0x80,0xFE,0xC0,0xFE,0x20,0xFF,0xE0,0xD5,
    0xA0,0x62,0x20,0x00,0x00,0x00,0x00,0x00,0x00,0x00,0x20,0x00,0x00,0x00,0x00,0x00,0xA0,0xB4,0x00,0xFF,0x80,0xFE,0xA0,0xFE,
    0xA0,0xFE,0xA0,0xFE,0xA0,0xFE,0xA0,0xFE,0xA0,0xFE,0xA0,0xFE,0xA0,0xFE,0xA0,0xFE,0x80,0xF6,0xC0,0x18,0x00,0x00,0x00,0x00,
    0x00,0x00,0x00,0x00,0x00,0x00,0x80,0x10,0x00,0x4A,0x80,0x83,0x20,0xBD,0xA0,0xF6,0x00,0xFF,0xA0,0xFE,0xA0,0xFE,0xA0,0xFE,
    0xA0,0xFE,0xA0,0xFE,0xA0,0xFE,0x80,0xFE,0x00,0xFF,0x80,0x5A,0x00,0x00,0x00,0x00,0x00,0x00,0x00,0x00,0xA0,0x8B,0x20,0xFF,
    0x80,0xFE,0xA0,0xFE,0xA0,0xFE,0x80,0xFE,0x20,0xFF,0xC0,0x8B,0x00,0x00,0x20,0x00,0x00,0x00,0x00,0x00,0x00,0x00,0xC0,0x41,
    0x60,0xEE,0x20,0xFF,0xA0,0xAC,0x20,0x00,0x00,0x00,0x00,0x00,0x00,0x00,0x20,0x52,0x00,0xFF,0x80,0xFE,0xA0,0xFE,0xA0,0xFE,
    0xA0,0xFE,0xA0,0xFE,0xA0,0xFE,0xA0,0xFE,0xA0,0xFE,0xA0,0xFE,0xA0,0xFE,0xA0,0xFE,0xA0,0xFE,0x80,0xFE,0x20,0xFF,0xC0,0xD5,
    0xA0,0x39,0x00,0x00,0x00,0x00,0x00,0x00,0x00,0x00,0x00,0x00,0x20,0x29,0xC0,0xD5,0x00,0xFF,0x80,0xFE,0xA0,0xFE,0xA0,0xFE,
    0xA0,0xFE,0x80,0xFE,0x00,0x00,0x00,0x00,0x00,0x00,0x00,0x00,0x00,0x00,0x00,0x00,0x00,0x00,0x00,0x00,0x00,0x00,0x00,0x00,
    0x00,0x00,0x00,0x00,0x00,0x00,0x00,0x00,0x00,0x00,0x00,0x00,0x00,0x00,0x00,0x00,0x00,0x00,0x00,0x00,0x00,0x00,0x00,0x00,
    0x00,0x00,0x00,0x00,0x00,0x00,0x00,0x00,0x00,0x00,0x00,0x00,0x00,0x00,0x00,0x00,0x00,0x00,0x00,0x00,0x00,0x00,0x00,0x00,
    0x00,0x00,0x00,0x00,0x00,0x00,0x00,0x00,0x00,0x00,0x00,0x00,0x00,0x00,0x00,0x00,0x00,0x00,0x00,0x00,0x00,0x00,0x00,0x00,
    0x00,0x00,0x00,0x00,0x00,0x00,0x00,0x00,0x00,0x00,0x00,0x00,0x00,0x00,0x00,0x00,0x00,0x00,0x00,0x00,0x00,0x00,0x00,0x00,
    0x00,0x00,0x00,0x00,0x00,0x00,0x00,0x00,0x00,0x00,0x00,0x00,0x00,0x00,0x00,0x00,0x00,0x00,0x00,0x00,0x00,0x00,0x00,0x00,
    0x00,0x00,0x00,0x00,0x00,0x00,0x00,0x00,0x00,0x00,0x00,0x00,0xA0,0xFE,0xA0,0xFE,0xA0,0xFE,0x80,0xFE,0x20,0xFF,0x40,0xBD,
    0xA0,0x10,0x00,0x00,0x00,0x00,0x00,0x00,0x00,0x00,0x00,0x00,0x00,0x6B,0xA0,0xFE,0xE0,0xFE,0x80,0xFE,0xA0,0xFE,0xA0,0xFE,
    0xA0,0xFE,0xA0,0xFE,0x80,0xFE,0xC0,0xFE,0x20,0xFF,0x00,0xDE,0x00,0x6B,0x40,0x08,0x00,0x00,0x00,0x00,0x00,0x00,0x00,0x00,
    0x00,0x00,0x00,0x00,0x60,0x08,0x20,0x73,0x00,0xE6,0xC0,0xFE,0xA0,0xFE,0xA0,0xFE,0xA0,0xFE,0xA0,0xFE,0xA0,0xFE,0xA0,0xFE,
    0xA0,0xFE,0xA0,0xFE,0xA0,0xFE,0x80,0xFE,0x00,0xFF,0x20,0x9C,0x00,0x00,0x00,0x00,0x20,0x00,0x00,0x00,0x00,0x00,0x00,0x00,
    0x00,0x00,0x00,0x00,0x00,0x00,0x20,0x21,0xC0,0x8B,0xA0,0xFE,0xC0,0xFE,0xA0,0xFE,0xA0,0xFE,0xA0,0xFE,0xA0,0xFE,0xA0,0xFE,
    0x00,0xFF,0xE0,0x41,0x00,0x00,0x00,0x00,0x00,0x00,0x00,0x00,0x60,0xA4,0x00,0xFF,0x80,0xFE,0xA0,0xFE,0xA0,0xFE,0xC0,0xFE,
    0x40,0xEE,0x80,0x10,0x00,0x00,0x00,0x00,0x00,0x00,0x00,0x00,0xC0,0x18,0x60,0xEE,0xE0,0xFE,0x80,0xFE,0x00,0xFF,0xA0,0x39,
    0x00,0x00,0x20,0x00,0x00,0x00,0xA0,0x18,0x60,0xF6,0xC0,0xFE,0xA0,0xFE,0xA0,0xFE,0xA0,0xFE,0xA0,0xFE,0xA0,0xFE,0xA0,0xFE,
    0xA0,0xFE,0xA0,0xFE,0xA0,0xFE,0xA0,0xFE,0xA0,0xFE,0xA0,0xFE,0x80,0xFE,0xE0,0xFE,0xC0,0xFE,0x40,0x7B,0x00,0x00,0x00,0x00,
    0x00,0x00,0x00,0x00,0x00,0x00,0x60,0x10,0x00,0xBD,0x20,0xFF,0x80,0xFE,0xA0,0xFE,0xA0,0xFE,0xA0,0xFE,0x80,0xFE,0x00,0x00,
    0x00,0x00,0x00,0x00,0x00,0x00,0x00,0x00,0x00,0x00,0x00,0x00,0x00,0x00,0x00,0x00,0x00,0x00,0x00,0x00,0x00,0x00,0x00,0x00,
    0x00,0x00,0x00,0x00,0x00,0x00,0x00,0x00,0x00,0x00,0x00,0x00,0x00,0x00,0x00,0x00,0x00,0x00,0x00,0x00,0x00,0x00,0x00,0x00,
    0x00,0x00,0x00,0x00,0x00,0x00,0x00,0x00,0x00,0x00,0x00,0x00,0x00,0x00,0x00,0x00,0x00,0x00,0x00,0x00,0x00,0x00,0x00,0x00,
    0x00,0x00,0x00,0x00,0x00,0x00,0x00,0x00,0x00,0x00,0x00,0x00,0x00,0x00,0x00,0x00,0x00,0x00,0x00,0x00,0x00,0x00,0x00,0x00,
    0x00,0x00,0x00,0x00,0x00,0x00,0x00,0x00,0x00,0x00,0x00,0x00,0x00,0x00,0x00,0x00,0x00,0x00,0x00,0x00,0x00,0x00,0x00,0x00,
    0x00,0x00,0x00,0x00,0x00,0x00,0x00,0x00,0x00,0x00,0x00,0x00,0x00,0x00,0x00,0x00,0x00,0x00,0x00,0x00,0x00,0x00,0x00,0x00,
    0x00,0x00,0xA0,0xFE,0xA0,0xFE,0xA0,0xFE,0x80,0xFE,0x20,0xFF,0x60,0xA4,0x20,0x00,0x00,0x00,0x00,0x00,0x00,0x00,0x00,0x00,
    0x40,0x08,0x60,0xA4,0x20,0xFF,0xA0,0xFE,0x80,0xFE,0xA0,0xFE,0xA0,0xFE,0xA0,0xFE,0xA0,0xFE,0x80,0xFE,0xE0,0xFE,0x20,0xE6,
    0x20,0x73,0x60,0x08,0x00,0x00,0x00,0x00,0x00,0x00,0x00,0x00,0x00,0x00,0x00,0x00,0x80,0x10,0x00,0x73,0x00,0xDE,0x20,0xFF,
    0xC0,0xFE,0xA0,0xFE,0xA0,0xFE,0xA0,0xFE,0xA0,0xFE,0xA0,0xFE,0xA0,0xFE,0xA0,0xFE,0xA0,0xFE,0xA0,0xFE,0xA0,0xFE,0xA0,0xFE,
    0x80,0xFE,0xE0,0xFE,0xE0,0x93,0x60,0x10,0x00,0x00,0x00,0x00,0x00,0x00,0x20,0x00,0x20,0x00,0x20,0x00,0x00,0x00,0x00,0x00,
    0x00,0x00,0xA0,0x39,0x60,0xEE,0xC0,0xFE,0xA0,0xFE,0xA0,0xFE,0xA0,0xFE,0xA0,0xFE,0xC0,0xFE,0x40,0x29,0x00,0x00,0x00,0x00,
    0x00,0x00,0x00,0x00,0x00,0xBD,0x00,0xFF,0x80,0xFE,0xA0,0xFE,0x80,0xFE,0x20,0xFF,0x80,0x83,0x00,0x00,0x00,0x00,0x00,0x00,
    0x00,0x00,0x00,0x00,0x40,0x9C,0x20,0xFF,0x80,0xFE,0xA0,0xFE,0xE0,0xFE,0x00,0x4A,0x00,0x00,0x00,0x00,0x00,0x00,0x40,0x08,
    0x00,0xE6,0xC0,0xFE,0xA0,0xFE,0xA0,0xFE,0xA0,0xFE,0xA0,0xFE,0x80,0xFE,0xA0,0xFE,0xA0,0xFE,0xA0,0xFE,0x80,0xFE,0x80,0xFE,
    0xA0,0xFE,0xA0,0xFE,0xA0,0xFE,0xA0,0xFE,0xA0,0xFE,0x20,0xFF,0xC0,0xAC,0x80,0x10,0x00,0x00,0x00,0x00,0x00,0x00,0x00,0x00,
    0x00,0x00,0x40,0x9C,0x20,0xFF,0x80,0xFE,0xA0,0xFE,0xA0,0xFE,0xA0,0xFE,0x80,0xFE,0x00,0x00,0x00,0x00,0x00,0x00,0x00,0x00,
    0x00,0x00,0x00,0x00,0x00,0x00,0x00,0x00,0x00,0x00,0x00,0x00,0x00,0x00,0x00,0x00,0x00,0x00,0x00,0x00,0x00,0x00,0x00,0x00,
    0x00,0x00,0x00,0x00,0x00,0x00,0x00,0x00,0x00,0x00,0x00,0x00,0x00,0x00,0x00,0x00,0x00,0x00,0x00,0x00,0x00,0x00,0x00,0x00,
    0x00,0x00,0x00,0x00,0x00,0x00,0x00,0x00,0x00,0x00,0x00,0x00,0x00,0x00,0x00,0x00,0x00,0x00,0x00,0x00,0x00,0x00,0x00,0x00,
    0x00,0x00,0x00,0x00,0x00,0x00,0x00,0x00,0x00,0x00,0x00,0x00,0x00,0x00,0x00,0x00,0x00,0x00,0x00,0x00,0x00,0x00,0x00,0x00,
    0x00,0x00,0x00,0x00,0x00,0x00,0x00,0x00,0x00,0x00,0x00,0x00,0x00,0x00,0x00,0x00,0x00,0x00,0x00,0x00,0x00,0x00,0x00,0x00,
    0x00,0x00,0x00,0x00,0x00,0x00,0x00,0x00,0x00,0x00,0x00,0x00,0x00,0x00,0x00,0x00,0xA0,0xFE,0xA0,0xFE,0xA0,0xFE,0x80,0xFE,
    0x20,0xFF,0x00,0x94,0x00,0x00,0x00,0x00,0x00,0x00,0x00,0x00,0x00,0x00,0x00,0x21,0x80,0xCD,0x20,0xFF,0x80,0xFE,0xA0,0xFE,
    0xA0,0xFE,0xA0,0xFE,0xA0,0xFE,0xA0,0xFE,0x80,0xFE,0xE0,0xFE,0x40,0x9C,0x80,0x10,0x00,0x00,0x00,0x00,0x20,0x00,0x20,0x00,
    0x00,0x00,0x00,0x00,0x00,0x00,0x00,0x00,0xC0,0x41,0x40,0xFF,0xC0,0xFE,0x80,0xFE,0xA0,0xFE,0xA0,0xFE,0xA0,0xFE,0xA0,0xFE,
    0xA0,0xFE,0xA0,0xFE,0xA0,0xFE,0xA0,0xFE,0xA0,0xFE,0xA0,0xFE,0xA0,0xFE,0xA0,0xFE,0xA0,0xFE,0xA0,0xFE,0x00,0xFF,0x00,0xE6,
    0xE0,0x8B,0xA0,0x39,0x20,0x00,0x00,0x00,0x00,0x00,0x00,0x00,0x00,0x00,0x00,0x00,0x20,0x00,0x00,0x00,0xE0,0x49,0xE0,0xFE,
    0xA0,0xFE,0xA0,0xFE,0xA0,0xFE,0xA0,0xFE,0x60,0xF6,0xC0,0x18,0x00,0x00,0x00,0x00,0x00,0x00,0x00,0x00,0xA0,0xD5,0xE0,0xFE,
    0xA0,0xFE,0xA0,0xFE,0xA0,0xFE,0xA0,0xF6,0xE0,0x20,0x00,0x00,0x00,0x00,0x00,0x00,0x00,0x00,0x40,0x29,0xC0,0xFE,0xA0,0xFE,
    0xA0,0xFE,0xA0,0xFE,0x80,0xF6,0xC0,0x18,0x00,0x00,0x00,0x00,0x00,0x00,0x60,0x08,0x20,0xEE,0xC0,0xFE,0xA0,0xFE,0xA0,0xFE,
    0x80,0xFE,0xA0,0xFE,0x00,0xFF,0xE0,0xFE,0xA0,0xFE,0xC0,0xFE,0x00,0xFF,0xE0,0xFE,0x80,0xFE,0xA0,0xFE,0xA0,0xFE,0xA0,0xFE,
    0xA0,0xFE,0x80,0xFE,0x00,0xFF,0xE0,0xDD,0x60,0x31,0x00,0x00,0x00,0x00,0x00,0x00,0x00,0x00,0x00,0x00,0xA0,0x8B,0x20,0xFF,
    0x80,0xFE,0xA0,0xFE,0xA0,0xFE,0xA0,0xFE,0x80,0xFE,0x00,0x00,0x00,0x00,0x00,0x00,0x00,0x00,0x00,0x00,0x00,0x00,0x00,0x00,
    0x00,0x00,0x00,0x00,0x00,0x00,0x00,0x00,0x00,0x00,0x00,0x00,0x00,0x00,0x00,0x00,0x00,0x00,0x00,0x00,0x00,0x00,0x00,0x00,
    0x00,0x00,0x00,0x00,0x00,0x00,0x00,0x00,0x00,0x00,0x00,0x00,0x00,0x00,0x00,0x00,0x00,0x00,0x00,0x00,0x00,0x00,0x00,0x00,
    0x00,0x00,0x00,0x00,0x00,0x00,0x00,0x00,0x00,0x00,0x00,0x00,0x00,0x00,0x00,0x00,0x00,0x00,0x00,0x00,0x00,0x00,0x00,0x00,
    0x00,0x00,0x00,0x00,0x00,0x00,0x00,0x00,0x00,0x00,0x00,0x00,0x00,0x00,0x00,0x00,0x00,0x00,0x00,0x00,0x00,0x00,0x00,0x00,
    0x00,0x00,0x00,0x00,0x00,0x00,0x00,0x00,0x00,0x00,0x00,0x00,0x00,0x00,0x00,0x00,0x00,0x00,0x00,0x00,0x00,0x00,0x00,0x00,
    0x00,0x00,0x00,0x00,0x00,0x00,0xA0,0xFE,0xA0,0xFE,0xA0,0xFE,0xA0,0xFE,0x20,0xFF,0x80,0x83,0x00,0x00,0x00,0x00,0x00,0x00,
    0x00,0x00,0x00,0x00,0xE0,0x41,0x60,0xEE,0xE0,0xFE,0x80,0xFE,0xA0,0xFE,0xA0,0xFE,0xA0,0xFE,0xA0,0xFE,0xA0,0xFE,0xA0,0xFE,
    0x80,0xFE,0x00,0xFF,0x80,0xAC,0x00,0x00,0x20,0x00,0x20,0x00,0x00,0x00,0x00,0x00,0x00,0x00,0x00,0x00,0x00,0x00,0x00,0x00,
    0x00,0x00,0xE0,0xB4,0xE0,0xFE,0x80,0xFE,0xA0,0xFE,0xA0,0xFE,0xA0,0xFE,0xA0,0xFE,0xA0,0xFE,0xA0,0xFE,0xA0,0xFE,0xA0,0xFE,
    0xA0,0xFE,0xA0,0xFE,0xA0,0xFE,0xA0,0xFE,0xA0,0xFE,0xA0,0xFE,0x80,0xFE,0xC0,0xFE,0x00,0xFF,0xC0,0xFE,0xC0,0xD5,0x00,0x94,
    0x00,0x42,0x00,0x00,0x00,0x00,0x00,0x00,0x00,0x00,0x00,0x00,0x00,0x00,0x00,0xBD,0x00,0xFF,0x80,0xFE,0xA0,0xFE,0xC0,0xFE,
    0x00,0xE6,0x40,0x08,0x00,0x00,0x00,0x00,0x00,0x00,0x80,0x10,0x40,0xEE,0xC0,0xFE,0xA0,0xFE,0x80,0xFE,0x00,0xFF,0xE0,0xBC,
    0x00,0x00,0x00,0x00,0x00,0x00,0x00,0x00,0x00,0x00,0x60,0xA4,0x00,0xFF,0x80,0xFE,0xA0,0xFE,0xE0,0xFE,0x40,0xC5,0x00,0x00,
    0x00,0x00,0x00,0x00,0x00,0x00,0xE0,0x20,0xA0,0xFE,0xA0,0xFE,0xA0,0xFE,0x80,0xFE,0xE0,0xFE,0x80,0xF6,0x00,0x94,0xC0,0x41,
    0x00,0x21,0x20,0x29,0xA0,0x62,0x20,0xC5,0x00,0xFF,0xC0,0xFE,0x80,0xFE,0xA0,0xFE,0xA0,0xFE,0xA0,0xFE,0x80,0xFE,0xE0,0xFE,
    0xA0,0xF6,0x40,0x52,0x00,0x00,0x00,0x00,0x00,0x00,0x00,0x00,0x00,0x00,0x40,0x7B,0x00,0xFF,0xA0,0xFE,0xA0,0xFE,0xA0,0xFE,
    0xA0,0xFE,0x80,0xFE,0x00,0x00,0x00,0x00,0x00,0x00,0x00,0x00,0x00,0x00,0x00,0x00,0x00,0x00,0x00,0x00,0x00,0x00,0x00,0x00,
    0x00,0x00,0x00,0x00,0x00,0x00,0x00,0x00,0x00,0x00,0x00,0x00,0x00,0x00,0x00,0x00,0x00,0x00,0x00,0x00,0x00,0x00,0x00,0x00,
    0x00,0x00,0x00,0x00,0x00,0x00,0x00,0x00,0x00,0x00,0x00,0x00,0x00,0x00,0x00,0x00,0x00,0x00,0x00,0x00,0x00,0x00,0x00,0x00,
    0x00,0x00,0x00,0x00,0x00,0x00,0x00,0x00,0x00,0x00,0x00,0x00,0x00,0x00,0x00,0x00,0x00,0x00,0x00,0x00,0x00,0x00,0x00,0x00,
    0x00,0x00,0x00,0x00,0x00,0x00,0x00,0x00,0x00,0x00,0x00,0x00,0x00,0x00,0x00,0x00,0x00,0x00,0x00,0x00,0x00,0x00,0x00,0x00,
    0x00,0x00,0x00,0x00,0x00,0x00,0x00,0x00,0x00,0x00,0x00,0x00,0x00,0x00,0x00,0x00,0x00,0x00,0x00,0x00,0xA0,0xFE,0xA0,0xFE,
    0xA0,0xFE,0xA0,0xFE,0x20,0xFF,0x20,0x73,0x00,0x00,0x00,0x00,0x00,0x00,0x00,0x00,0x00,0x00,0xA0,0x62,0xC0,0xFE,0xC0,0xFE,
    0x80,0xFE,0xA0,0xFE,0xA0,0xFE,0xA0,0xFE,0xA0,0xFE,0xA0,0xFE,0xA0,0xFE,0xA0,0xFE,0xA0,0xFE,0xA0,0xFE,0xE0,0xFE,0x40,0x31,
    0x00,0x00,0x00,0x00,0x40,0x08,0x40,0x73,0xA0,0x39,0x00,0x00,0x00,0x00,0x00,0x00,0x00,0x00,0xA0,0x39,0xE0,0xFE,0xA0,0xFE,
    0xA0,0xFE,0xA0,0xFE,0xA0,0xFE,0xA0,0xFE,0xA0,0xFE,0xA0,0xFE,0xA0,0xFE,0xA0,0xFE,0xA0,0xFE,0xA0,0xFE,0xA0,0xFE,0xA0,0xFE,
    0xA0,0xFE,0xC0,0xFE,0xE0,0xFE,0xE0,0xFE,0x00,0xFF,0xE0,0xFE,0xC0,0xFE,0x00,0xFF,0x00,0xFF,0x00,0xBD,0x80,0x10,0x00,0x00,
    0x00,0x00,0x00,0x00,0x00,0x00,0x20,0x73,0x20,0xFF,0x80,0xFE,0x80,0xFE,0xE0,0xFE,0x60,0xCD,0x00,0x00,0x00,0x00,0x00,0x00,
    0x00,0x00,0x00,0x21,0xA0,0xFE,0xA0,0xFE,0xA0,0xFE,0x80,0xFE,0x20,0xFF,0xE0,0x6A,0x00,0x00,0x00,0x00,0x00,0x00,0x00,0x00,
    0xE0,0x20,0xA0,0xF6,0xA0,0xFE,0xA0,0xFE,0x80,0xFE,0x20,0xFF,0x40,0x7B,0x00,0x00,0x00,0x00,0x00,0x00,0x00,0x00,0x00,0x4A,
    0x00,0xFF,0x80,0xFE,0x80,0xFE,0x00,0xFF,0x80,0xCD,0x40,0x29,0x00,0x00,0x00,0x00,0x00,0x00,0x00,0x00,0x00,0x00,0x00,0x00,
    0x40,0x52,0x00,0xE6,0x00,0xFF,0x80,0xFE,0xA0,0xFE,0xA0,0xFE,0xA0,0xFE,0x80,0xFE,0xA0,0xFE,0x00,0xFF,0x00,0x73,0x00,0x00,
    0x00,0x00,0x00,0x00,0x00,0x00,0x00,0x00,0x00,0x6B,0x00,0xFF,0xA0,0xFE,0xA0,0xFE,0xA0,0xFE,0xA0,0xFE,0x80,0xFE,0x00,0x00,
    0x00,0x00,0x00,0x00,0x00,0x00,0x00,0x00,0x00,0x00,0x00,0x00,0x00,0x00,0x00,0x00,0x00,0x00,0x00,0x00,0x00,0x00,0x00,0x00,
    0x00,0x00,0x00,0x00,0x00,0x00,0x00,0x00,0x00,0x00,0x00,0x00,0x00,0x00,0x00,0x00,0x00,0x00,0x00,0x00,0x00,0x00,0x00,0x00,
    0x00,0x00,0x00,0x00,0x00,0x00,0x00,0x00,0x00,0x00,0x00,0x00,0x00,0x00,0x00,0x00,0x00,0x00,0x00,0x00,0x00,0x00,0x00,0x00,
    0x00,0x00,0x00,0x00,0x00,0x00,0x00,0x00,0x00,0x00,0x00,0x00,0x00,0x00,0x00,0x00,0x00,0x00,0x00,0x00,0x00,0x00,0x00,0x00,
    0x00,0x00,0x00,0x00,0x00,0x00,0x00,0x00,0x00,0x00,0x00,0x00,0x00,0x00,0x00,0x00,0x00,0x00,0x00,0x00,0x00,0x00,0x00,0x00,
    0x00,0x00,0x00,0x00,0x00,0x00,0x00,0x00,0x00,0x00,0xA0,0xFE,0xA0,0xFE,0xA0,0xFE,0x80,0xFE,0x20,0xFF,0x20,0x73,0x00,0x00,
    0x00,0x00,0x00,0x00,0x00,0x00,0x00,0x00,0x40,0x7B,0x00,0xFF,0xA0,0xFE,0x80,0xFE,0xA0,0xFE,0xA0,0xFE,0x80,0xFE,0x80,0xFE,
    0xA0,0xFE,0xC0,0xFE,0xA0,0xFE,0x80,0xFE,0x80,0xFE,0x80,0xFE,0x20,0xFF,0x20,0x9C,0x40,0x08,0xE0,0x6A,0xC0,0xDD,0x60,0xFF,
    0x00,0xBD,0x00,0x00,0x00,0x00,0x00,0x00,0x00,0x00,0x00,0x00,0xC0,0xB4,0x00,0xFF,0x80,0xFE,0xA0,0xFE,0xA0,0xFE,0xA0,0xFE,
    0xA0,0xFE,0xA0,0xFE,0xA0,0xFE,0xA0,0xFE,0xA0,0xFE,0xA0,0xFE,0xA0,0xFE,0xA0,0xFE,0xA0,0xFE,0x40,0xEE,0xA0,0xD5,0x00,0xBD,
    0x00,0x94,0x80,0xAC,0xC0,0xFE,0x80,0xFE,0x80,0xFE,0x40,0xFF,0xE0,0x8B,0x00,0x00,0x00,0x00,0x00,0x00,0x00,0x00,0x80,0x5A,
    0x20,0xFF,0x80,0xFE,0x80,0xFE,0x00,0xFF,0xC0,0xB4,0x00,0x00,0x00,0x00,0x00,0x00,0x00,0x00,0xA0,0x39,0xE0,0xFE,0xA0,0xFE,
    0xA0,0xFE,0xA0,0xFE,0xC0,0xFE,0x20,0x29,0x00,0x00,0x00,0x00,0x00,0x00,0x00,0x00,0x80,0x83,0x20,0xFF,0x80,0xFE,0xA0,0xFE,
    0xA0,0xFE,0x80,0xF6,0xE0,0x20,0x00,0x00,0x00,0x00,0x00,0x00,0x00,0x00,0xC0,0x8B,0x20,0xFF,0x60,0xF6,0x00,0xFF,0x20,0xBD,
    0x40,0x08,0x00,0x00,0x20,0x00,0x00,0x00,0x00,0x00,0x20,0x00,0x20,0x00,0x00,0x00,0x00,0x00,0xA0,0x18,0x20,0xBD,0x00,0xFF,
    0x80,0xFE,0xA0,0xFE,0xA0,0xFE,0xA0,0xFE,0xA0,0xFE,0xA0,0xFE,0x20,0xFF,0xC0,0x8B,0x00,0x00,0x00,0x00,0x00,0x00,0x20,0x00,
    0x00,0x00,0xE0,0x6A,0x00,0xFF,0xA0,0xFE,0xA0,0xFE,0xA0,0xFE,0xA0,0xFE,0x80,0xFE,0x00,0x00,0x00,0x00,0x00,0x00,0x00,0x00,
    0x00,0x00,0x00,0x00,0x00,0x00,0x00,0x00,0x00,0x00,0x00,0x00,0x00,0x00,0x00,0x00,0x00,0x00,0x00,0x00,0x00,0x00,0x00,0x00,
    0x00,0x00,0x00,0x00,0x00,0x00,0x00,0x00,0x00,0x00,0x00,0x00,0x00,0x00,0x00,0x00,0x00,0x00,0x00,0x00,0x00,0x00,0x00,0x00,
    0x00,0x00,0x00,0x00,0x00,0x00,0x00,0x00,0x00,0x00,0x00,0x00,0x00,0x00,0x00,0x00,0x00,0x00,0x00,0x00,0x00,0x00,0x00,0x00,
    0x00,0x00,0x00,0x00,0x00,0x00,0x00,0x00,0x00,0x00,0x00,0x00,0x00,0x00,0x00,0x00,0x00,0x00,0x00,0x00,0x00,0x00,0x00,0x00,
    0x00,0x00,0x00,0x00,0x00,0x00,0x00,0x00,0x00,0x00,0x00,0x00,0x00,0x00,0x00,0x00,0x00,0x00,0x00,0x00,0x00,0x00,0x00,0x00,
    0xA0,0xFE,0xA0,0xFE,0xA0,0xFE,0x80,0xFE,0x20,0xFF,0x40,0x7B,0x00,0x00,0x00,0x00,0x00,0x00,0x00,0x00,0x00,0x00,0xA0,0x8B,
    0x20,0xFF,0x80,0xFE,0xA0,0xFE,0xA0,0xFE,0xA0,0xFE,0x80,0xFE,0xE0,0xFE,0x00,0xFF,0xA0,0xFE,0x40,0xEE,0x80,0xF6,0x00,0xFF,
    0x00,0xFF,0xA0,0xFE,0xA0,0xFE,0x40,0xF6,0xC0,0xDD,0x20,0xFF,0xC0,0xFE,0x60,0xFE,0xE0,0xFE,0xE0,0x41,0x00,0x00,0x00,0x00,
    0x00,0x00,0x00,0x00,0x80,0x39,0xE0,0xFE,0x80,0xFE,0xA0,0xFE,0xA0,0xFE,0xA0,0xFE,0xA0,0xFE,0xA0,0xFE,0xA0,0xFE,0xA0,0xFE,
    0xA0,0xFE,0xA0,0xFE,0xA0,0xFE,0xC0,0xFE,0x20,0xEE,0xC0,0x18,0x00,0x00,0x00,0x00,0x00,0x00,0xE0,0x20,0xE0,0xFE,0xC0,0xFE,
    0x80,0xFE,0x00,0xFF,0x40,0xC5,0x00,0x00,0x00,0x00,0x00,0x00,0x00,0x00,0xA0,0x62,0x20,0xFF,0x80,0xFE,0x80,0xFE,0x00,0xFF,
    0x20,0x9C,0x00,0x00,0x00,0x00,0x00,0x00,0x00,0x00,0x40,0x52,0x00,0xFF,0x80,0xFE,0xA0,0xFE,0xC0,0xFE,0xE0,0xDD,0x20,0x00,
    0x00,0x00,0x00,0x00,0x00,0x00,0x20,0x08,0xC0,0xDD,0xE0,0xFE,0x80,0xFE,0x80,0xFE,0x00,0xFF,0x80,0xA4,0x00,0x00,0x00,0x00,
    0x00,0x00,0x00,0x00,0x20,0x00,0xC0,0xDD,0xC0,0xFE,0xE0,0xFE,0xA0,0xD5,0x60,0x08,0x00,0x00,0x00,0x00,0x00,0x00,0x00,0x00,
    0x00,0x00,0x00,0x00,0x00,0x00,0x00,0x00,0x20,0x00,0x00,0x00,0x40,0x08,0x40,0xC5,0xE0,0xFE,0x80,0xFE,0xA0,0xFE,0xA0,0xFE,
    0xA0,0xFE,0xA0,0xFE,0x80,0xFE,0x20,0xFF,0x40,0x9C,0x00,0x00,0x00,0x00,0x00,0x00,0x00,0x00,0x00,0x00,0x20,0x73,0x20,0xFF,
    0x80,0xFE,0xA0,0xFE,0xA0,0xFE,0xA0,0xFE,0x80,0xFE,0x00,0x00,0x00,0x00,0x00,0x00,0x00,0x00,0x00,0x00,0x00,0x00,0x00,0x00,
    0x00,0x00,0x00,0x00,0x00,0x00,0x00,0x00,0x00,0x00,0x00,0x00,0x00,0x00,0x00,0x00,0x00,0x00,0x00,0x00,0x00,0x00,0x00,0x00,
    0x00,0x00,0x00,0x00,0x00,0x00,0x00,0x00,0x00,0x00,0x00,0x00,0x00,0x00,0x00,0x00,0x00,0x00,0x00,0x00,0x00,0x00,0x00,0x00,
    0x00,0x00,0x00,0x00,0x00,0x00,0x00,0x00,0x00,0x00,0x00,0x00,0x00,0x00,0x00,0x00,0x00,0x00,0x00,0x00,0x00,0x00,0x00,0x00,
    0x00,0x00,0x00,0x00,0x00,0x00,0x00,0x00,0x00,0x00,0x00,0x00,0x00,0x00,0x00,0x00,0x00,0x00,0x00,0x00,0x00,0x00,0x00,0x00,
    0x00,0x00,0x00,0x00,0x00,0x00,0x00,0x00,0x00,0x00,0x00,0x00,0x00,0x00,0xA0,0xFE,0xA0,0xFE,0xA0,0xFE,0x80,0xFE,0x20,0xFF,
    0x80,0x83,0x00,0x00,0x00,0x00,0x00,0x00,0x00,0x00,0x00,0x00,0xE0,0x93,0x20,0xFF,0x80,0xFE,0xA0,0xFE,0xA0,0xFE,0xA0,0xFE,
    0xA0,0xFE,0x00,0xFF,0x80,0xCD,0xC0,0x6A,0x20,0x29,0xA0,0x10,0xE0,0x20,0x40,0x52,0xC0,0xAC,0xE0,0xFE,0xE0,0xFE,0x80,0xFE,
    0xC0,0xFE,0x80,0xFE,0xA0,0xFE,0x80,0xFE,0xE0,0xFE,0x20,0xC5,0x00,0x00,0x00,0x00,0x00,0x00,0x00,0x00,0x00,0x00,0xA0,0xB4,
    0x00,0xFF,0x80,0xFE,0xA0,0xFE,0xA0,0xFE,0xA0,0xFE,0xA0,0xFE,0xA0,0xFE,0xA0,0xFE,0xA0,0xFE,0xA0,0xFE,0xA0,0xFE,0xA0,0xFE,
    0x80,0xFE,0xC0,0x18,0x00,0x00,0x00,0x00,0x20,0x00,0x00,0x00,0x80,0x83,0xC0,0xFE,0xE0,0xFE,0xC0,0xF6,0xC0,0x62,0x00,0x00,
    0x00,0x00,0x00,0x00,0x00,0x00,0xA0,0x8B,0x20,0xFF,0x80,0xFE,0x80,0xFE,0x20,0xFF,0x80,0x83,0x00,0x00,0x20,0x00,0x00,0x00,
    0x00,0x00,0x00,0x73,0x20,0xFF,0x80,0xFE,0x80,0xFE,0x00,0xFF,0x00,0xBD,0x00,0x00,0x00,0x00,0x00,0x00,0x00,0x00,0xC0,0x41,
    0xE0,0xFE,0xA0,0xFE,0xA0,0xFE,0xA0,0xFE,0xC0,0xFE,0x40,0x31,0x00,0x00,0x00,0x00,0x00,0x00,0x00,0x00,0xE0,0x41,0xE0,0xFE,
    0xA0,0xFE,0x80,0xF6,0x00,0x21,0x00,0x00,0x00,0x00,0x00,0x00,0x00,0x00,0x00,0x00,0xA0,0x18,0x60,0x7B,0x20,0x73,0x40,0x08,
    0x00,0x00,0x20,0x00,0x00,0x00,0xE0,0x20,0x80,0xF6,0xA0,0xFE,0xA0,0xFE,0xA0,0xFE,0xA0,0xFE,0xA0,0xFE,0xA0,0xFE,0x80,0xFE,
    0x20,0xFF,0x80,0xA4,0x00,0x00,0x00,0x00,0x00,0x00,0x00,0x00,0x00,0x00,0x60,0x7B,0x20,0xFF,0x80,0xFE,0xA0,0xFE,0xA0,0xFE,
    0xA0,0xFE,0xA0,0xFE,0x00,0x00,0x00,0x00,0x00,0x00,0x00,0x00,0x00,0x00,0x00,0x00,0x00,0x00,0x00,0x00,0x00,0x00,0x00,0x00,
    0x00,0x00,0x00,0x00,0x00,0x00,0x00,0x00,0x00,0x00,0x00,0x00,0x00,0x00,0x00,0x00,0x00,0x00,0x00,0x00,0x00,0x00,0x00,0x00,
    0x00,0x00,0x00,0x00,0x00,0x00,0x00,0x00,0x00,0x00,0x00,0x00,0x00,0x00,0x00,0x00,0x00,0x00,0x00,0x00,0x00,0x00,0x00,0x00,
    0x00,0x00,0x00,0x00,0x00,0x00,0x00,0x00,0x00,0x00,0x00,0x00,0x00,0x00,0x00,0x00,0x00,0x00,0x00,0x00,0x00,0x00,0x00,0x00,
    0x00,0x00,0x00,0x00,0x00,0x00,0x00,0x00,0x00,0x00,0x00,0x00,0x00,0x00,0x00,0x00,0x00,0x00,0x00,0x00,0x00,0x00,0x00,0x00,
    0x00,0x00,0x00,0x00,0xA0,0xFE,0xA0,0xFE,0xA0,0xFE,0x80,0xFE,0x20,0xFF,0x00,0x94,0x00,0x00,0x00,0x00,0x00,0x00,0x00,0x00,
    0x00,0x00,0x00,0x94,0x20,0xFF,0x80,0xFE,0xA0,0xFE,0xA0,0xFE,0xA0,0xFE,0xA0,0xFE,0xE0,0xFE,0x60,0x7B,0x20,0x00,0x00,0x00,
    0x00,0x00,0x00,0x00,0x00,0x00,0x00,0x00,0x00,0x00,0xC0,0x41,0xC0,0xD5,0x00,0xFF,0x60,0xFE,0xA0,0xFE,0xA0,0xFE,0xA0,0xFE,
    0x80,0xFE,0xE0,0xFE,0xE0,0x41,0x00,0x00,0x00,0x00,0x00,0x00,0x00,0x00,0x60,0x31,0xE0,0xFE,0xA0,0xFE,0xA0,0xFE,0xA0,0xFE,
    0xA0,0xFE,0xA0,0xFE,0xA0,0xFE,0xA0,0xFE,0xA0,0xFE,0xA0,0xFE,0xA0,0xFE,0x80,0xFE,0x00,0xFF,0x40,0x52,0x00,0x00,0x00,0x00,
    0x00,0x00,0x00,0x00,0x00,0x00,0x00,0x21,0xC0,0x39,0xC0,0x18,0x00,0x00,0x00,0x00,0x00,0x00,0x00,0x00,0x20,0x00,0xC0,0xDD,
    0xE0,0xFE,0xA0,0xFE,0x80,0xFE,0x20,0xFF,0xC0,0x62,0x00,0x00,0x00,0x00,0x00,0x00,0x00,0x00,0xC0,0x8B,0x20,0xFF,0x80,0xFE,
    0x80,0xFE,0x00,0xFF,0x60,0xA4,0x00,0x00,0x00,0x00,0x00,0x00,0x00,0x00,0xA0,0x83,0x20,0xFF,0x80,0xFE,0x80,0xFE,0x20,0xFF,
    0x80,0xA4,0x00,0x00,0x00,0x00,0x00,0x00,0x00,0x00,0x00,0x00,0xA0,0xAC,0xE0,0xFE,0x00,0xFF,0x60,0x5A,0x00,0x00,0x00,0x00,
    0x00,0x00,0x00,0x00,0x00,0x00,0x00,0x21,0x20,0xE6,0x20,0xFF,0x60,0xFF,0x60,0xA4,0x00,0x00,0x00,0x00,0x20,0x00,0x00,0x00,
    0x40,0x9C,0x00,0xFF,0x80,0xFE,0xA0,0xFE,0xA0,0xFE,0xA0,0xFE,0xA0,0xFE,0xA0,0xFE,0x80,0xFE,0x20,0xFF,0xA0,0xAC,0x00,0x00,
    0x00,0x00,0x00,0x00,0x00,0x00,0x00,0x00,0x00,0x94,0x20,0xFF,0x80,0xFE,0xA0,0xFE,0xA0,0xFE,0xA0,0xFE,0xA2,0xFE,0x00,0x00,
    0x00,0x00,0x00,0x00,0x00,0x00,0x00,0x00,0x00,0x00,0x00,0x00,0x00,0x00,0x00,0x00,0x00,0x00,0x00,0x00,0x00,0x00,0x00,0x00,
    0x00,0x00,0x00,0x00,0x00,0x00,0x00,0x00,0x00,0x00,0x00,0x00,0x00,0x00,0x00,0x00,0x00,0x00,0x00,0x00,0x00,0x00,0x00,0x00,
    0x00,0x00,0x00,0x00,0x00,0x00,0x00,0x00,0x00,0x00,0x00,0x00,0x00,0x00,0x00,0x00,0x00,0x00,0x00,0x00,0x00,0x00,0x00,0x00,
    0x00,0x00,0x00,0x00,0x00,0x00,0x00,0x00,0x00,0x00,0x00,0x00,0x00,0x00,0x00,0x00,0x00,0x00,0x00,0x00,0x00,0x00,0x00,0x00,
    0x00,0x00,0x00,0x00,0x00,0x00,0x00,0x00,0x00,0x00,0x00,0x00,0x00,0x00,0x00,0x00,0x00,0x00,0xA0,0xFE,0xA0,0xFE,0xA0,0xFE,
    0x80,0xFE,0x20,0xFF,0xA0,0xAC,0x00,0x00,0x00,0x00,0x00,0x00,0x00,0x00,0x00,0x00,0x00,0x94,0x20,0xFF,0x80,0xFE,0xA0,0xFE,
    0xA0,0xFE,0xA0,0xFE,0x80,0xFE,0xE0,0xFE,0xC0,0x62,0x00,0x00,0x00,0x00,0x20,0x00,0x20,0x00,0x20,0x00,0x00,0x00,0x00,0x00,
    0x00,0x00,0x00,0x00,0x60,0x10,0xC0,0xAC,0x20,0xFF,0x80,0xFE,0xA0,0xFE,0xA0,0xFE,0x80,0xFE,0xE0,0xFE,0x20,0xC5,0x00,0x00,
    0x00,0x00,0x00,0x00,0x00,0x00,0x00,0x00,0xA0,0xAC,0x00,0xFF,0x80,0xFE,0xA0,0xFE,0xA0,0xFE,0xA0,0xFE,0xA0,0xFE,0xA0,0xFE,
    0xA0,0xFE,0xA0,0xFE,0xA0,0xFE,0x80,0xFE,0x00,0xFF,0xC0,0xB4,0x00,0x00,0x20,0x00,0x00,0x00,0x00,0x00,0x00,0x00,0x00,0x00,
    0x00,0x00,0x00,0x00,0x00,0x00,0x00,0x00,0x00,0x00,0x00,0x00,0x60,0x7B,0x20,0xFF,0x80,0xFE,0xA0,0xFE,0x80,0xFE,0x00,0xFF,
    0x20,0x4A,0x00,0x00,0x20,0x00,0x20,0x00,0x00,0x00,0x60,0xA4,0x00,0xFF,0x80,0xFE,0x80,0xFE,0x00,0xFF,0x60,0xA4,0x00,0x00,
    0x00,0x00,0x00,0x00,0x00,0x00,0xA0,0xAC,0x00,0xFF,0x60,0xF6,0xA0,0xFE,0xA0,0xF6,0x00,0x21,0x00,0x00,0x00,0x00,0x00,0x00,
    0x00,0x00,0x60,0x31,0xA0,0xFE,0x00,0xFF,0x60,0xA4,0x00,0x00,0x00,0x00,0x00,0x00,0x00,0x00,0x00,0x00,0x00,0x00,0x60,0xCD,
    0x00,0xFF,0x60,0xF6,0xA0,0xFE,0x60,0xF6,0x60,0x10,0x00,0x00,0x20,0x00,0x00,0x00,0xA0,0x62,0x00,0xFF,0x80,0xFE,0xA0,0xFE,
    0xA0,0xFE,0xA0,0xFE,0xA0,0xFE,0xA0,0xFE,0xA0,0xFE,0x80,0xFE,0x20,0xFF,0x60,0xA4,0x00,0x00,0x00,0x00,0x00,0x00,0x00,0x00,
    0x00,0x00,0xA0,0xAC,0x20,0xFF,0x80,0xFE,0xA0,0xFE,0xA0,0xFE,0xA0,0xFE,0xE5,0xFE,0x00,0x00,0x00,0x00,0x00,0x00,0x00,0x00,
    0x00,0x00,0x00,0x00,0x00,0x00,0x00,0x00,0x00,0x00,0x00,0x00,0x00,0x00,0x00,0x00,0x00,0x00,0x00,0x00,0x00,0x00,0x00,0x00,
    0x00,0x00,0x00,0x00,0x00,0x00,0x00,0x00,0x00,0x00,0x00,0x00,0x00,0x00,0x00,0x00,0x00,0x00,0x00,0x00,0x00,0x00,0x00,0x00,
    0x00,0x00,0x00,0x00,0x00,0x00,0x00,0x00,0x00,0x00,0x00,0x00,0x00,0x00,0x00,0x00,0x00,0x00,0x00,0x00,0x00,0x00,0x00,0x00,
    0x00,0x00,0x00,0x00,0x00,0x00,0x00,0x00,0x00,0x00,0x00,0x00,0x00,0x00,0x00,0x00,0x00,0x00,0x00,0x00,0x00,0x00,0x00,0x00,
    0x00,0x00,0x00,0x00,0x00,0x00,0x00,0x00,0x00,0x00,0xA0,0xFE,0xA0,0xFE,0x80,0xFE,0x00,0xFF,0x60,0xC5,0x40,0x08,0x00,0x00,
    0x00,0x00,0x00,0x00,0x00,0x00,0xC0,0x8B,0x20,0xFF,0x80,0xFE,0xA0,0xFE,0xA0,0xFE,0xA0,0xFE,0x80,0xFE,0x00,0xFF,0xE0,0x93,
    0x00,0x00,0x20,0x00,0x00,0x00,0x00,0x00,0x00,0x00,0x00,0x00,0x00,0x00,0x00,0x00,0x00,0x00,0x00,0x00,0x00,0x00,0x00,0x00,
    0x60,0xA4,0x20,0xFF,0x80,0xFE,0xA0,0xFE,0xA0,0xFE,0x80,0xFE,0x00,0xFF,0xE0,0x41,0x00,0x00,0x00,0x00,0x00,0x00,0x00,0x00,
    0x60,0x31,0xC0,0xFE,0xA0,0xFE,0xA0,0xFE,0xA0,0xFE,0xA0,0xFE,0xA0,0xFE,0xA0,0xFE,0xA0,0xFE,0xA0,0xFE,0xA0,0xFE,0xA0,0xFE,
    0x80,0xFE,0x00,0xFF,0xE0,0x6A,0x00,0x00,0x00,0x00,0x00,0x00,0x00,0x00,0x00,0x00,0x00,0x00,0x00,0x00,0x00,0x00,0x00,0x00,
    0x00,0x00,0x00,0x73,0xC0,0xFE,0xA0,0xFE,0xA0,0xFE,0xA0,0xFE,0xA0,0xFE,0xC0,0xFE,0x00,0x21,0x00,0x00,0x00,0x00,0x00,0x00,
    0x00,0x00,0x00,0xBD,0x00,0xFF,0x80,0xFE,0x80,0xFE,0xE0,0xFE,0x40,0xCD,0x00,0x00,0x00,0x00,0x00,0x00,0x00,0x00,0x20,0x73,
    0x60,0xFF,0xE0,0xFE,0x40,0xFF,0xE0,0x6A,0x00,0x00,0x00,0x00,0x00,0x00,0x00,0x00,0x00,0x00,0xC0,0xB4,0x20,0xFF,0x00,0xE6,
    0x80,0x10,0x00,0x00,0x00,0x00,0x00,0x00,0x00,0x00,0x00,0x00,0x40,0x7B,0x20,0xFF,0x80,0xFE,0x80,0xFE,0x00,0xFF,0x00,0xBD,
    0x00,0x00,0x00,0x00,0x00,0x00,0x00,0x00,0x40,0x52,0x00,0xFF,0x80,0xFE,0xA0,0xFE,0xA0,0xFE,0xA0,0xFE,0xA0,0xFE,0xA0,0xFE,
    0xA0,0xFE,0xA0,0xFE,0x80,0xFE,0x20,0xFF,0x00,0x94,0x00,0x00,0x00,0x00,0x00,0x00,0x00,0x00,0x40,0x08,0x60,0xCD,0x00,0xFF,
    0x80,0xFE,0xA0,0xFE,0xA0,0xFE,0x80,0xFE,0x00,0x00,0x00,0x00,0x00,0x00,0x00,0x00,0x00,0x00,0x00,0x00,0x00,0x00,0x00,0x00,
    0x00,0x00,0x00,0x00,0x00,0x00,0x00,0x00,0x00,0x00,0x00,0x00,0x00,0x00,0x00,0x00,0x00,0x00,0x00,0x00,0x00,0x00,0x00,0x00,
    0x00,0x00,0x00,0x00,0x00,0x00,0x00,0x00,0x00,0x00,0x00,0x00,0x00,0x00,0x00,0x00,0x00,0x00,0x00,0x00,0x00,0x00,0x00,0x00,
    0x00,0x00,0x00,0x00,0x00,0x00,0x00,0x00,0x00,0x00,0x00,0x00,0x00,0x00,0x00,0x00,0x00,0x00,0x00,0x00,0x00,0x00,0x00,0x00,
    0x00,0x00,0x00,0x00,0x00,0x00,0x00,0x00,0x00,0x00,0x00,0x00,0x00,0x00,0x00,0x00,0x00,0x00,0x00,0x00,0x00,0x00,0x00,0x00,
    0xA0,0xFE,0xA0,0xFE,0x80,0xFE,0xC0,0xFE,0x20,0xE6,0xA0,0x18,0x00,0x00,0x00,0x00,0x20,0x00,0x00,0x00,0x40,0x7B,0x20,0xFF,
    0x80,0xFE,0xA0,0xFE,0xA0,0xFE,0xA0,0xFE,0xA0,0xFE,0xC0,0xFE,0x20,0xE6,0x60,0x08,0x00,0x00,0x00,0x00,0x00,0x00,0xE0,0x20,
    0x20,0x94,0x80,0x83,0x80,0x10,0x00,0x00,0x00,0x00,0x00,0x00,0x00,0x00,0x00,0x00,0x00,0x00,0xA0,0xAC,0x00,0xFF,0x80,0xFE,
    0xA0,0xFE,0x80,0xFE,0xE0,0xFE,0x20,0xC5,0x00,0x00,0x00,0x00,0x00,0x00,0x00,0x00,0x00,0x00,0x80,0xAC,0x00,0xFF,0x80,0xFE,
    0xA0,0xFE,0xA0,0xFE,0xA0,0xFE,0xA0,0xFE,0xA0,0xFE,0xA0,0xFE,0xA0,0xFE,0xA0,0xFE,0xA0,0xFE,0xA0,0xFE,0xC0,0xFE,0x20,0x9C,
    0x80,0x31,0x40,0x08,0x00,0x00,0x00,0x00,0x00,0x00,0x40,0x08,0x20,0x29,0xC0,0x6A,0x40,0xC5,0x00,0xFF,0xA0,0xFE,0xA0,0xFE,
    0xA0,0xFE,0xA0,0xFE,0xA0,0xFE,0xA0,0xFE,0xA0,0x8B,0xC0,0x6A,0x60,0x52,0xA0,0x39,0x40,0x31,0xC0,0xDD,0xC0,0xFE,0xA0,0xFE,
    0xA0,0xFE,0xA0,0xFE,0xC0,0xFE,0x60,0x31,0x00,0x00,0x20,0x00,0x00,0x00,0x20,0x00,0x60,0x7B,0x20,0xB5,0xA0,0x62,0x00,0x00,
    0x00,0x00,0x00,0x00,0x00,0x00,0x00,0x00,0x20,0x52,0xE0,0xFE,0x00,0xFF,0x60,0x5A,0x00,0x00,0x00,0x00,0x00,0x00,0x00,0x00,
    0x00,0x00,0xA0,0x39,0xE0,0xFE,0xA0,0xFE,0xA0,0xFE,0xA0,0xFE,0x60,0xEE,0x00,0x21,0x00,0x00,0x00,0x00,0x00,0x00,0x00,0x00,
    0x20,0x73,0x20,0xFF,0x80,0xFE,0xA0,0xFE,0xA0,0xFE,0xA0,0xFE,0x80,0xFE,0xA0,0xFE,0xA0,0xFE,0xA0,0xFE,0xA0,0xFE,0x80,0xFE,
    0x20,0xFF,0x80,0x83,0x00,0x00,0x00,0x00,0x00,0x00,0x00,0x00,0xC0,0x18,0x40,0xE6,0xC0,0xFE,0x80,0xFE,0xA0,0xFE,0xA0,0xFE,
    0x80,0xFE,0x00,0x00,0x00,0x00,0x00,0x00,0x00,0x00,0x00,0x00,0x00,0x00,0x00,0x00,0x00,0x00,0x00,0x00,0x00,0x00,0x00,0x00,
    0x00,0x00,0x00,0x00,0x00,0x00,0x00,0x00,0x00,0x00,0x00,0x00,0x00,0x00,0x00,0x00,0x00,0x00,0x00,0x00,0x00,0x00,0x00,0x00,
    0x00,0x00,0x00,0x00,0x00,0x00,0x00,0x00,0x00,0x00,0x00,0x00,0x00,0x00,0x00,0x00,0x00,0x00,0x00,0x00,0x00,0x00,0x00,0x00,
    0x00,0x00,0x00,0x00,0x00,0x00,0x00,0x00,0x00,0x00,0x00,0x00,0x00,0x00,0x00,0x00,0x00,0x00,0x00,0x00,0x00,0x00,0x00,0x00,
    0x00,0x00,0x00,0x00,0x00,0x00,0x00,0x00,0x00,0x00,0x00,0x00,0x00,0x00,0xA0,0xFE,0xA0,0xFE,0xA0,0xFE,0xA0,0xFE,0xC0,0xFE,
    0x80,0x39,0x00,0x00,0x00,0x00,0x00,0x00,0x00,0x00,0xA0,0x62,0x20,0xFF,0x80,0xFE,0xA0,0xFE,0xA0,0xFE,0xA0,0xFE,0xA0,0xFE,
    0x80,0xFE,0x20,0xFF,0xC0,0x8B,0x00,0x00,0x20,0x00,0x00,0x00,0x60,0x10,0xC0,0xDD,0x40,0xFF,0x20,0xFF,0x20,0xE6,0x60,0x39,
    0x00,0x00,0x00,0x00,0x00,0x00,0x00,0x00,0x00,0x00,0x20,0x08,0x60,0xCD,0xE0,0xFE,0x80,0xFE,0xA0,0xFE,0x80,0xFE,0xE0,0xFE,
    0xE0,0x41,0x00,0x00,0x00,0x00,0x00,0x00,0x00,0x00,0x40,0x29,0xC0,0xFE,0xA0,0xFE,0xA0,0xFE,0xA0,0xFE,0xA0,0xFE,0xA0,0xFE,
    0xA0,0xFE,0xA0,0xFE,0xA0,0xFE,0xA0,0xFE,0xA0,0xFE,0xA0,0xFE,0xA0,0xFE,0x00,0xFF,0xC0,0xFE,0xE0,0xDD,0x40,0xC5,0x00,0xBD,
    0x60,0xCD,0x00,0xE6,0xA0,0xFE,0x20,0xFF,0xE0,0xFE,0x80,0xFE,0xA0,0xFE,0xA0,0xFE,0xA0,0xFE,0xA0,0xFE,0xA0,0xFE,0xA0,0xFE,
    0x00,0xFF,0x00,0xFF,0x00,0xFF,0xE0,0xFE,0xC0,0xFE,0xA0,0xFE,0xA0,0xFE,0xA0,0xFE,0xA0,0xFE,0x80,0xFE,0xE0,0xFE,0x40,0xC5,
    0x00,0x00,0x00,0x00,0x20,0x00,0x00,0x00,0x00,0x00,0x00,0x00,0x00,0x00,0x00,0x00,0x00,0x00,0x00,0x00,0x00,0x00,0xA0,0x10,
    0x20,0xE6,0x20,0xFF,0x00,0xBD,0x00,0x00,0x00,0x00,0x00,0x00,0x00,0x00,0x00,0x00,0x80,0x10,0x00,0xE6,0xC0,0xFE,0x80,0xFE,
    0xA0,0xFE,0xC0,0xFE,0x40,0xEE,0x00,0x4A,0x00,0x00,0x00,0x00,0x20,0x00,0x00,0x00,0x20,0xC5,0xE0,0xFE,0x80,0xFE,0xA0,0xFE,
    0xA0,0xFE,0x80,0xFE,0x00,0xFF,0xC0,0xFE,0x80,0xFE,0xA0,0xFE,0xA0,0xFE,0xA0,0xFE,0x80,0xFE,0x20,0xFF,0xE0,0x6A,0x00,0x00,
    0x00,0x00,0x00,0x00,0x00,0x00,0x80,0x39,0xC0,0xFE,0xA0,0xFE,0xA0,0xFE,0xA0,0xFE,0xA0,0xFE,0xA0,0xFE,0x00,0x00,0x00,0x00,
    0x00,0x00,0x00,0x00,0x00,0x00,0x00,0x00,0x00,0x00,0x00,0x00,0x00,0x00,0x00,0x00,0x00,0x00,0x00,0x00,0x00,0x00,0x00,0x00,
    0x00,0x00,0x00,0x00,0x00,0x00,0x00,0x00,0x00,0x00,0x00,0x00,0x00,0x00,0x00,0x00,0x00,0x00,0x00,0x00,0x00,0x00,0x00,0x00,
    0x00,0x00,0x00,0x00,0x00,0x00,0x00,0x00,0x00,0x00,0x00,0x00,0x00,0x00,0x00,0x00,0x00,0x00,0x00,0x00,0x00,0x00,0x00,0x00,
    0x00,0x00,0x00,0x00,0x00,0x00,0x00,0x00,0x00,0x00,0x00,0x00,0x00,0x00,0x00,0x00,0x00,0x00,0x00,0x00,0x00,0x00,0x00,0x00,
    0x00,0x00,0x00,0x00,0xA0,0xFE,0xA0,0xFE,0xA0,0xFE,0x80,0xFE,0x20,0xFF,0xC0,0x62,0x00,0x00,0x00,0x00,0x00,0x00,0x00,0x00,
    0xC0,0x41,0xE0,0xFE,0xA0,0xFE,0xA0,0xFE,0xA0,0xFE,0xA0,0xFE,0xA0,0xFE,0xA0,0xFE,0x80,0xFE,0x00,0xFF,0x40,0x52,0x00,0x00,
    0x20,0x00,0x00,0x00,0x80,0x39,0xE0,0xFE,0x60,0xFE,0x80,0xFE,0xE0,0xFE,0x80,0xF6,0x80,0x39,0x00,0x00,0x00,0x00,0x00,0x00,
    0x00,0x00,0x00,0x00,0xE0,0x20,0x60,0xEE,0xA0,0xFE,0xA0,0xFE,0x80,0xFE,0xE0,0xFE,0x20,0xC5,0x00,0x00,0x00,0x00,0x00,0x00,
    0x00,0x00,0x00,0x00,0x60,0xA4,0x00,0xFF,0x80,0xFE,0xA0,0xFE,0xA0,0xFE,0xA0,0xFE,0xA0,0xFE,0xA0,0xFE,0xA0,0xFE,0xA0,0xFE,
    0xA0,0xFE,0xA0,0xFE,0xA0,0xFE,0x80,0xFE,0xA0,0xFE,0xC0,0xFE,0x00,0xFF,0x00,0xFF,0xE0,0xFE,0xC0,0xFE,0xA0,0xFE,0x80,0xFE,
    0xA0,0xFE,0xA0,0xFE,0xA0,0xFE,0xA0,0xFE,0xA0,0xFE,0xA0,0xFE,0xA0,0xFE,0xA0,0xFE,0x80,0xFE,0x80,0xFE,0x80,0xFE,0x80,0xFE,
    0xA0,0xFE,0xA0,0xFE,0xA0,0xFE,0xA0,0xFE,0xA0,0xFE,0xA0,0xFE,0x80,0xFE,0x00,0xFF,0xA0,0xAC,0x60,0x08,0x00,0x00,0x00,0x00,
    0x20,0x00,0x20,0x00,0x20,0x00,0x00,0x00,0x20,0x00,0x00,0x00,0x40,0x08,0x40,0xC5,0xE0,0xFE,0xC0,0xFE,0x80,0x31,0x00,0x00,
    0x00,0x00,0x00,0x00,0x00,0x00,0x00,0x00,0xC0,0xB4,0x00,0xFF,0x80,0xFE,0xA0,0xFE,0xA0,0xFE,0xA0,0xFE,0xC0,0xFE,0x00,0xFF,
    0x20,0x94,0x60,0x08,0x00,0x00,0xE0,0x41,0xE0,0xFE,0x80,0xFE,0xA0,0xFE,0xA0,0xFE,0x80,0xFE,0x20,0xFF,0xA0,0xAC,0xA0,0xD5,
    0xE0,0xFE,0x80,0xFE,0xA0,0xFE,0xA0,0xFE,0xA0,0xFE,0x80,0xFE,0x00,0xFF,0x20,0x52,0x00,0x00,0x00,0x00,0x20,0x00,0x00,0x00,
    0xA0,0x62,0x20,0xFF,0x80,0xFE,0xA0,0xFE,0xA0,0xFE,0xA0,0xFE,0xC5,0xFE,0x00,0x00,0x00,0x00,0x00,0x00,0x00,0x00,0x00,0x00,
    0x00,0x00,0x00,0x00,0x00,0x00,0x00,0x00,0x00,0x00,0x00,0x00,0x00,0x00,0x00,0x00,0x00,0x00,0x00,0x00,0x00,0x00,0x00,0x00,
    0x00,0x00,0x00,0x00,0x00,0x00,0x00,0x00,0x00,0x00,0x00,0x00,0x00,0x00,0x00,0x00,0x00,0x00,0x00,0x00,0x00,0x00,0x00,0x00,
    0x00,0x00,0x00,0x00,0x00,0x00,0x00,0x00,0x00,0x00,0x00,0x00,0x00,0x00,0x00,0x00,0x00,0x00,0x00,0x00,0x00,0x00,0x00,0x00,
    0x00,0x00,0x00,0x00,0x00,0x00,0x00,0x00,0x00,0x00,0x00,0x00,0x00,0x00,0x00,0x00,0x00,0x00,0x00,0x00,0xA0,0xFE,0xA0,0xFE,
    0x80,0xFE,0x20,0xFF,0x40,0xA4,0x00,0x00,0x00,0x00,0x00,0x00,0x00,0x00,0x00,0x21,0x60,0xEE,0xC0,0xFE,0xA0,0xFE,0xA0,0xFE,
    0xA0,0xFE,0xA0,0xFE,0xA0,0xFE,0xA0,0xFE,0x80,0xFE,0xE0,0xFE,0xA0,0x39,0x00,0x00,0x20,0x00,0x00,0x00,0x80,0x10,0x40,0xEE,
    0xC0,0xFE,0xA0,0xFE,0x80,0xFE,0xC0,0xFE,0x80,0xEE,0x40,0x29,0x00,0x00,0x00,0x00,0x00,0x00,0x00,0x00,0x00,0x00,0x80,0x5A,
    0x00,0xFF,0x80,0xFE,0xA0,0xFE,0x80,0xFE,0x00,0xFF,0xC0,0x41,0x00,0x00,0x00,0x00,0x00,0x00,0x00,0x00,0x40,0x29,0xC0,0xFE,
    0xA0,0xFE,0xA0,0xFE,0xA0,0xFE,0xA0,0xFE,0xA0,0xFE,0xA0,0xFE,0xA0,0xFE,0xA0,0xFE,0xA0,0xFE,0xA0,0xFE,0xA0,0xFE,0xA0,0xFE,
    0xA0,0xFE,0xA0,0xFE,0xA0,0xFE,0xA0,0xFE,0xA0,0xFE,0xA0,0xFE,0xA0,0xFE,0xA0,0xFE,0xA0,0xFE,0xA0,0xFE,0xA0,0xFE,0xA0,0xFE,
    0xA0,0xFE,0xA0,0xFE,0xA0,0xFE,0xA0,0xFE,0xA0,0xFE,0xA0,0xFE,0xA0,0xFE,0xA0,0xFE,0xA0,0xFE,0xA0,0xFE,0xA0,0xFE,0xA0,0xFE,
    0xA0,0xFE,0xA0,0xFE,0xA0,0xFE,0x80,0xFE,0x00,0xFF,0xC0,0xD5,0x60,0x52,0x40,0x08,0x00,0x00,0x00,0x00,0x00,0x00,0x00,0x00,
    0x00,0x00,0xC0,0x18,0x20,0xBD,0x00,0xFF,0xE0,0xFE,0x40,0xC5,0x00,0x00,0x00,0x00,0x00,0x00,0x00,0x00,0x00,0x00,0x40,0x7B,
    0x20,0xFF,0x80,0xFE,0xA0,0xFE,0xA0,0xFE,0xA0,0xFE,0xA0,0xFE,0xA0,0xFE,0x80,0xFE,0x20,0xFF,0xC0,0xD5,0x00,0x4A,0x80,0xCD,
    0xE0,0xFE,0x80,0xFE,0x80,0xFE,0xA0,0xFE,0x00,0xFF,0xE0,0x8B,0x00,0x00,0x80,0x39,0xE0,0xFE,0xA0,0xFE,0xA0,0xFE,0xA0,0xFE,
    0xA0,0xFE,0xA0,0xFE,0xA0,0xFE,0xA0,0xF6,0x60,0x31,0x00,0x00,0x00,0x00,0x00,0x00,0x00,0x00,0x20,0x9C,0x20,0xFF,0x80,0xFE,
    0xA0,0xFE,0xA0,0xFE,0x80,0xFE,0x00,0x00,0x00,0x00,0x00,0x00,0x00,0x00,0x00,0x00,0x00,0x00,0x00,0x00,0x00,0x00,0x00,0x00,
    0x00,0x00,0x00,0x00,0x00,0x00,0x00,0x00,0x00,0x00,0x00,0x00,0x00,0x00,0x00,0x00,0x00,0x00,0x00,0x00,0x00,0x00,0x00,0x00,
    0x00,0x00,0x00,0x00,0x00,0x00,0x00,0x00,0x00,0x00,0x00,0x00,0x00,0x00,0x00,0x00,0x00,0x00,0x00,0x00,0x00,0x00,0x00,0x00,
    0x00,0x00,0x00,0x00,0x00,0x00,0x00,0x00,0x00,0x00,0x00,0x00,0x00,0x00,0x00,0x00,0x00,0x00,0x00,0x00,0x00,0x00,0x00,0x00,
    0x00,0x00,0x00,0x00,0x00,0x00,0x00,0x00,0x00,0x00,0xA0,0xFE,0xA0,0xFE,0x80,0xFE,0xE0,0xFE,0xC0,0xD5,0x40,0x08,0x00,0x00,
    0x00,0x00,0x00,0x00,0x40,0x08,0xA0,0xD5,0xE0,0xFE,0x80,0xFE,0xA0,0xFE,0xA0,0xFE,0xA0,0xFE,0xA0,0xFE,0xA0,0xFE,0xA0,0xFE,
    0x80,0xFE,0x00,0xFF,0x20,0x4A,0x00,0x00,0x00,0x00,0x00,0x00,0x00,0x00,0x20,0x73,0x20,0xFF,0x80,0xFE,0xA0,0xFE,0x80,0xFE,
    0xE0,0xFE,0x00,0xDE,0xA0,0x10,0x00,0x00,0x00,0x00,0x00,0x00,0x00,0x00,0x00,0x00,0xE0,0xBC,0x00,0xFF,0x80,0xFE,0x80,0xFE,
    0xE0,0xFE,0x00,0xBD,0x00,0x00,0x00,0x00,0x00,0x00,0x20,0x00,0x00,0x00,0x00,0x9C,0x00,0xFF,0x80,0xFE,0xA0,0xFE,0xA0,0xFE,
    0xA0,0xFE,0xA0,0xFE,0xA0,0xFE,0xA0,0xFE,0xA0,0xFE,0xA0,0xFE,0xA0,0xFE,0xA0,0xFE,0xA0,0xFE,0xA0,0xFE,0xA0,0xFE,0xA0,0xFE,
    0xA0,0xFE,0xA0,0xFE,0xA0,0xFE,0xA0,0xFE,0xA0,0xFE,0xA0,0xFE,0xA0,0xFE,0xA0,0xFE,0xA0,0xFE,0xA0,0xFE,0xA0,0xFE,0xA0,0xFE,
    0xA0,0xFE,0xA0,0xFE,0xA0,0xFE,0xA0,0xFE,0xA0,0xFE,0xA0,0xFE,0xA0,0xFE,0xA0,0xFE,0xA0,0xFE,0xA0,0xFE,0xA0,0xFE,0xA0,0xFE,
    0x80,0xFE,0xE0,0xFE,0x00,0xFF,0xC0,0xD5,0xA0,0x83,0x00,0x4A,0x40,0x29,0xA0,0x39,0x60,0x83,0x40,0xEE,0x00,0xFF,0x60,0xF6,
    0x20,0xFF,0xA0,0x83,0x00,0x00,0x20,0x00,0x00,0x00,0x00,0x00,0x60,0x31,0xC0,0xFE,0xA0,0xFE,0xA0,0xFE,0xA0,0xFE,0x80,0xFE,
    0xA0,0xFE,0xA0,0xFE,0xA0,0xFE,0xA0,0xFE,0x80,0xFE,0xE0,0xFE,0xE0,0xFE,0xA0,0xFE,0xA0,0xFE,0x80,0xFE,0xC0,0xFE,0xC0,0xFE,
    0xC0,0x62,0x00,0x00,0x20,0x00,0x00,0x00,0x00,0x73,0x40,0xFF,0x80,0xFE,0xA0,0xFE,0xA0,0xFE,0xA0,0xFE,0x80,0xFE,0xE0,0xFE,
    0xE0,0xDD,0x80,0x10,0x00,0x00,0x00,0x00,0x00,0x00,0x40,0x08,0xA0,0xD5,0xE0,0xFE,0x80,0xFE,0xA0,0xFE,0xA0,0xFE,0x80,0xFE,
    0x00,0x00,0x00,0x00,0x00,0x00,0x00,0x00,0x00,0x00,0x00,0x00,0x00,0x00,0x00,0x00,0x00,0x00,0x00,0x00,0x00,0x00,0x00,0x00,
    0x00,0x00,0x00,0x00,0x00,0x00,0x00,0x00,0x00,0x00,0x00,0x00,0x00,0x00,0x00,0x00,0x00,0x00,0x00,0x00,0x00,0x00,0x00,0x00,
    0x00,0x00,0x00,0x00,0x00,0x00,0x00,0x00,0x00,0x00,0x00,0x00,0x00,0x00,0x00,0x00,0x00,0x00,0x00,0x00,0x00,0x00,0x00,0x00,
    0x00,0x00,0x00,0x00,0x00,0x00,0x00,0x00,0x00,0x00,0x00,0x00,0x00,0x00,0x00,0x00,0x00,0x00,0x00,0x00,0x00,0x00,0x00,0x00,
    0xA0,0xFE,0xA0,0xFE,0xA0,0xFE,0xA0,0xFE,0xC0,0xFE,0x60,0x31,0x00,0x00,0x00,0x00,0x00,0x00,0x00,0x00,0x60,0xA4,0x20,0xFF,
    0x80,0xFE,0xA0,0xFE,0xA0,0xFE,0xA0,0xFE,0x80,0xFE,0xA0,0xFE,0xA0,0xFE,0xA0,0xFE,0x80,0xFE,0x00,0xFF,0xC0,0x8B,0x00,0x00,
    0x00,0x00,0x00,0x00,0x00,0x00,0x00,0x00,0xE0,0xBC,0x00,0xFF,0x80,0xFE,0xA0,0xFE,0x80,0xFE,0x00,0xFF,0x20,0xC5,0x20,0x00,
    0x00,0x00,0x00,0x00,0x00,0x00,0x00,0x00,0x60,0x31,0xC0,0xFE,0xA0,0xFE,0xA0,0xFE,0x80,0xFE,0xE0,0xFE,0xE0,0x41,0x00,0x00,
    0x00,0x00,0x00,0x00,0x00,0x00,0x40,0x73,0xE0,0xFE,0x80,0xFE,0xA0,0xFE,0xA0,0xFE,0xA0,0xFE,0xA0,0xFE,0xA0,0xFE,0xA0,0xFE,
    0xA0,0xFE,0xA0,0xFE,0xA0,0xFE,0xA0,0xFE,0xA0,0xFE,0xA0,0xFE,0xA0,0xFE,0xA0,0xFE,0xA0,0xFE,0xA0,0xFE,0xA0,0xFE,0xA0,0xFE,
    0xA0,0xFE,0xA0,0xFE,0xA0,0xFE,0xA0,0xFE,0xA0,0xFE,0xA0,0xFE,0xA0,0xFE,0xA0,0xFE,0xA0,0xFE,0xA0,0xFE,0xA0,0xFE,0xA0,0xFE,
    0xA0,0xFE,0xA0,0xFE,0xA0,0xFE,0xA0,0xFE,0xA0,0xFE,0xA0,0xFE,0xA0,0xFE,0xA0,0xFE,0xA0,0xFE,0xA0,0xFE,0x80,0xFE,0xC0,0xFE,
    0x20,0xFF,0x00,0xFF,0xC0,0xFE,0xE0,0xFE,0x20,0xFF,0xC0,0xFE,0x80,0xFE,0x80,0xFE,0x20,0xFF,0x00,0x6B,0x00,0x00,0x20,0x00,
    0x00,0x00,0x00,0x00,0xA0,0xB4,0x00,0xFF,0x80,0xFE,0xA0,0xFE,0xE0,0xFE,0xE0,0xFE,0x80,0xFE,0xA0,0xFE,0xA0,0xFE,0xA0,0xFE,
    0xA0,0xFE,0x80,0xFE,0xA0,0xFE,0xA0,0xFE,0x80,0xFE,0xE0,0xFE,0x40,0xEE,0xC0,0x41,0x00,0x00,0x00,0x00,0x00,0x00,0x20,0x00,
    0x00,0x00,0x20,0x9C,0x00,0xFF,0x80,0xFE,0xA0,0xFE,0xA0,0xFE,0xA0,0xFE,0x80,0xFE,0x00,0xFF,0xC0,0xB4,0x00,0x00,0x00,0x00,
    0x00,0x00,0x00,0x00,0x40,0x29,0xA0,0xF6,0xA0,0xFE,0xA0,0xFE,0xA0,0xFE,0xA0,0xFE,0xC4,0xFE,0x00,0x00,0x00,0x00,0x00,0x00,
    0x00,0x00,0x00,0x00,0x00,0x00,0x00,0x00,0x00,0x00,0x00,0x00,0x00,0x00,0x00,0x00,0x00,0x00,0x00,0x00,0x00,0x00,0x00,0x00,
    0x00,0x00,0x00,0x00,0x00,0x00,0x00,0x00,0x00,0x00,0x00,0x00,0x00,0x00,0x00,0x00,0x00,0x00,0x00,0x00,0x00,0x00,0x00,0x00,
    0x00,0x00,0x00,0x00,0x00,0x00,0x00,0x00,0x00,0x00,0x00,0x00,0x00,0x00,0x00,0x00,0x00,0x00,0x00,0x00,0x00,0x00,0x00,0x00,
    0x00,0x00,0x00,0x00,0x00,0x00,0x00,0x00,0x00,0x00,0x00,0x00,0x00,0x00,0x80,0xFE,0xA0,0xFE,0xA0,0xFE,0x80,0xFE,0x20,0xFF,
    0x40,0x7B,0x00,0x00,0x00,0x00,0x00,0x00,0x00,0x00,0xE0,0x6A,0x20,0xFF,0x80,0xFE,0xA0,0xFE,0xA0,0xFE,0xA0,0xFE,0xC0,0xFE,
    0xE0,0xFE,0xA0,0xFE,0x80,0xFE,0xA0,0xFE,0xA0,0xFE,0xC0,0xFE,0x00,0xE6,0x40,0x08,0x00,0x00,0x00,0x00,0x00,0x00,0x00,0x00,
    0xA0,0x18,0x00,0xE6,0xC0,0xFE,0x80,0xFE,0xA0,0xFE,0x80,0xFE,0x20,0xFF,0xA0,0x8B,0x00,0x00,0x00,0x00,0x00,0x00,0x00,0x00,
    0x00,0x00,0xE0,0xBC,0x00,0xFF,0x80,0xFE,0x80,0xFE,0x00,0xFF,0x40,0xC5,0x00,0x00,0x00,0x00,0x40,0x52,0x60,0xCD,0xE0,0xFE,
    0xA0,0xFE,0xA0,0xFE,0xA0,0xFE,0xA0,0xFE,0xA0,0xFE,0xA0,0xFE,0xA0,0xFE,0xA0,0xFE,0xA0,0xFE,0xA0,0xFE,0xA0,0xFE,0xA0,0xFE,
    0xA0,0xFE,0xA0,0xFE,0xA0,0xFE,0xA0,0xFE,0xA0,0xFE,0xA0,0xFE,0xA0,0xFE,0xA0,0xFE,0xA0,0xFE,0xA0,0xFE,0xA0,0xFE,0xC0,0xFE,
    0xE0,0xFE,0xC0,0xFE,0x80,0xFE,0xA0,0xFE,0xA0,0xFE,0xA0,0xFE,0xA0,0xFE,0xA0,0xFE,0xA0,0xFE,0xA0,0xFE,0xA0,0xFE,0xA0,0xFE,
    0xA0,0xFE,0xA0,0xFE,0xA0,0xFE,0xA0,0xFE,0xA0,0xFE,0xA0,0xFE,0xA0,0xFE,0xA0,0xFE,0x80,0xFE,0xA0,0xFE,0xA0,0xFE,0xA0,0xFE,
    0x80,0xFE,0xA0,0xFE,0xA0,0xFE,0x80,0xFE,0x20,0xFF,0x60,0x7B,0x00,0x00,0x20,0x00,0x00,0x00,0x00,0x00,0xE0,0xDD,0xE0,0xFE,
    0xE0,0xFE,0xA0,0xFE,0x40,0x52,0x40,0xA4,0x20,0xFF,0xA0,0xFE,0xA0,0xFE,0xA0,0xFE,0xA0,0xFE,0xA0,0xFE,0xA0,0xFE,0x80,0xFE,
    0x00,0xFF,0xA0,0xCD,0xE0,0x20,0x00,0x00,0x20,0x00,0x00,0x00,0x00,0x00,0x00,0x00,0x00,0x00,0x00,0x94,0xE0,0xFE,0xA0,0xFE,
    0xA0,0xFE,0xA0,0xFE,0xA0,0xFE,0xA0,0xFE,0x80,0xFE,0x20,0xFF,0x40,0x7B,0x00,0x00,0x00,0x00,0x00,0x00,0x00,0x00,0xE0,0x6A,
    0x20,0xFF,0x80,0xFE,0xA0,0xFE,0xA0,0xFE,0x80,0xFE,0x4E,0xFF,0x00,0x00,0x00,0x00,0x00,0x00,0x00,0x00,0x00,0x00,0x00,0x00,
    0x00,0x00,0x00,0x00,0x00,0x00,0x00,0x00,0x00,0x00,0x00,0x00,0x00,0x00,0x00,0x00,0x00,0x00,0x00,0x00,0x00,0x00,0x00,0x00,
    0x00,0x00,0x00,0x00,0x00,0x00,0x00,0x00,0x00,0x00,0x00,0x00,0x00,0x00,0x00,0x00,0x00,0x00,0x00,0x00,0x00,0x00,0x00,0x00,
    0x00,0x00,0x00,0x00,0x00,0x00,0x00,0x00,0x00,0x00,0x00,0x00,0x00,0x00,0x00,0x00,0x00,0x00,0x00,0x00,0x00,0x00,0x00,0x00,
    0x00,0x00,0x00,0x00,0x00,0x00,0xA0,0xFE,0xA0,0xFE,0x80,0xFE,0x00,0xFF,0x40,0xC5,0x00,0x00,0x00,0x00,0x00,0x00,0x00,0x00,
    0x40,0x31,0xC0,0xFE,0xA0,0xFE,0xA0,0xFE,0xA0,0xFE,0x80,0xFE,0x40,0xFF,0xA0,0x83,0x00,0x6B,0x00,0xFF,0xC0,0xFE,0x80,0xFE,
    0xA0,0xFE,0x80,0xFE,0x00,0xFF,0xE0,0x72,0x00,0x00,0x00,0x00,0x00,0x00,0x00,0x00,0x00,0x00,0x60,0x31,0xA0,0xF6,0xC0,0xFE,
    0x80,0xFE,0xA0,0xFE,0x80,0xFE,0xE0,0xFE,0x80,0x39,0x00,0x00,0x00,0x00,0x00,0x00,0x00,0x00,0xC0,0x62,0x20,0xFF,0x80,0xFE,
    0xA0,0xFE,0xA0,0xFE,0xA0,0xFE,0x80,0x83,0x20,0xC5,0x20,0xFF,0xE0,0xFE,0x80,0xFE,0xA0,0xFE,0xA0,0xFE,0xA0,0xFE,0xA0,0xFE,
    0xA0,0xFE,0xA0,0xFE,0xA0,0xFE,0xA0,0xFE,0xA0,0xFE,0xA0,0xFE,0xA0,0xFE,0xA0,0xFE,0xA0,0xFE,0xA0,0xFE,0xA0,0xFE,0xA0,0xFE,
    0xA0,0xFE,0xA0,0xFE,0xA0,0xFE,0xA0,0xFE,0x80,0xFE,0xE0,0xFE,0xE0,0xFE,0x00,0xE6,0x80,0xD5,0x40,0xEE,0x00,0xFF,0xC0,0xFE,
    0xA0,0xFE,0xA0,0xFE,0xA0,0xFE,0xA0,0xFE,0xA0,0xFE,0xA0,0xFE,0xA0,0xFE,0xA0,0xFE,0xA0,0xFE,0xA0,0xFE,0xA0,0xFE,0xA0,0xFE,
    0xA0,0xFE,0xA0,0xFE,0xA0,0xFE,0xA0,0xFE,0xA0,0xFE,0xA0,0xFE,0xA0,0xFE,0xA0,0xFE,0xA0,0xFE,0xA0,0xFE,0xA0,0xFE,0xA0,0xFE,
    0xE0,0xFE,0x40,0xCD,0x00,0x00,0x00,0x00,0x00,0x00,0x00,0x00,0x20,0x73,0xE0,0xFE,0x00,0xDE,0xE0,0x41,0x00,0x00,0x00,0x00,
    0x20,0x73,0xC0,0xFE,0xC0,0xFE,0xA0,0xFE,0xA0,0xFE,0xA0,0xFE,0x80,0xFE,0x20,0xFF,0xC0,0xB4,0x60,0x08,0x00,0x00,0x00,0x00,
    0x00,0x00,0x00,0x00,0x00,0x00,0x40,0x08,0xE0,0xB4,0x20,0xFF,0x80,0xFE,0x80,0xFE,0x80,0xFE,0xA0,0xFE,0xA0,0xFE,0xA0,0xFE,
    0xA0,0xFE,0xA0,0xFE,0xE0,0xFE,0xA0,0x39,0x00,0x00,0x00,0x00,0x00,0x00,0x00,0x00,0x00,0xBD,0x00,0xFF,0x80,0xFE,0xA0,0xFE,
    0xA0,0xFE,0xA0,0xFE,0x00,0x00,0x00,0x00,0x00,0x00,0x00,0x00,0x00,0x00,0x00,0x00,0x00,0x00,0x00,0x00,0x00,0x00,0x00,0x00,
    0x00,0x00,0x00,0x00,0x00,0x00,0x00,0x00,0x00,0x00,0x00,0x00,0x00,0x00,0x00,0x00,0x00,0x00,0x00,0x00,0x00,0x00,0x00,0x00,
    0x00,0x00,0x00,0x00,0x00,0x00,0x00,0x00,0x00,0x00,0x00,0x00,0x00,0x00,0x00,0x00,0x00,0x00,0x00,0x00,0x00,0x00,0x00,0x00,
    0x00,0x00,0x00,0x00,0x00,0x00,0x00,0x00,0x00,0x00,0x00,0x00,0x00,0x00,0x00,0x00,0x00,0x00,0x00,0x00,0x80,0xFE,0xA0,0xFE,
    0xA0,0xFE,0xA0,0xFE,0xA0,0xF6,0x20,0x29,0x00,0x00,0x00,0x00,0x00,0x00,0x40,0x08,0xA0,0xD5,0xE0,0xFE,0x80,0xFE,0xA0,0xFE,
    0x80,0xFE,0x00,0xFF,0x40,0xC5,0x20,0x00,0x00,0x00,0xE0,0x41,0x00,0xDE,0x00,0xFF,0x80,0xFE,0x80,0xFE,0xC0,0xFE,0x60,0xEE,
    0xC0,0x18,0x00,0x00,0x00,0x00,0x00,0x00,0x00,0x00,0x00,0x00,0x00,0x4A,0xE0,0xFE,0xA0,0xFE,0x80,0xFE,0x80,0xFE,0x00,0xFF,
    0xE0,0xBC,0x00,0x00,0x00,0x00,0x00,0x00,0x00,0x00,0x80,0x39,0xE0,0xFE,0xA0,0xFE,0xA0,0xFE,0xA0,0xFE,0xA0,0xFE,0x00,0xFF,
    0xE0,0xFE,0x80,0xFE,0x80,0xFE,0xA0,0xFE,0xA0,0xFE,0xA0,0xFE,0xA0,0xFE,0xA0,0xFE,0xA0,0xFE,0xA0,0xFE,0xA0,0xFE,0xA0,0xFE,
    0xA0,0xFE,0xA0,0xFE,0xA0,0xFE,0xA0,0xFE,0xA0,0xFE,0xA0,0xFE,0xA0,0xFE,0xA0,0xFE,0xA0,0xFE,0xA0,0xFE,0xA0,0xFE,0x80,0xFE,
    0x00,0xFF,0x80,0xCD,0xE0,0x41,0x40,0x08,0x00,0x00,0x80,0x10,0xA0,0x62,0x40,0xE6,0xE0,0xFE,0x80,0xFE,0xA0,0xFE,0xA0,0xFE,
    0xA0,0xFE,0xA0,0xFE,0xA0,0xFE,0xA0,0xFE,0xA0,0xFE,0xA0,0xFE,0xA0,0xFE,0xA0,0xFE,0xA0,0xFE,0xA0,0xFE,0xA0,0xFE,0xA0,0xFE,
    0xA0,0xFE,0xA0,0xFE,0xA0,0xFE,0xA0,0xFE,0xA0,0xFE,0xA0,0xFE,0xA0,0xFE,0xA0,0xFE,0x80,0xFE,0x00,0xFF,0x40,0x52,0x00,0x00,
    0x20,0x00,0x00,0x00,0x00,0x00,0xE0,0x20,0x40,0x08,0x00,0x00,0x00,0x00,0x00,0x00,0x00,0x00,0x60,0x31,0xE0,0xDD,0xC0,0xFE,
    0x80,0xFE,0xA0,0xFE,0x20,0xFF,0xC0,0x8B,0x00,0x00,0x00,0x00,0x00,0x00,0x00,0x00,0x00,0x00,0x00,0x00,0xC0,0x18,0x60,0xC5,
    0x00,0xFF,0xA0,0xFE,0xE0,0xFE,0x00,0xFF,0x00,0xFF,0xA0,0xFE,0xA0,0xFE,0xA0,0xFE,0xA0,0xFE,0x80,0xFE,0xE0,0xFE,0xE0,0xDD,
    0x60,0x08,0x00,0x00,0x00,0x00,0x00,0x00,0xE0,0x20,0x80,0xF6,0xA0,0xFE,0xA0,0xFE,0xA0,0xFE,0x80,0xFE,0xE7,0xFE,0x00,0x00,
    0x00,0x00,0x00,0x00,0x00,0x00,0x00,0x00,0x00,0x00,0x00,0x00,0x00,0x00,0x00,0x00,0x00,0x00,0x00,0x00,0x00,0x00,0x00,0x00,
    0x00,0x00,0x00,0x00,0x00,0x00,0x00,0x00,0x00,0x00,0x00,0x00,0x00,0x00,0x00,0x00,0x00,0x00,0x00,0x00,0x00,0x00,0x00,0x00,
    0x00,0x00,0x00,0x00,0x00,0x00,0x00,0x00,0x00,0x00,0x00,0x00,0x00,0x00,0x00,0x00,0x00,0x00,0x00,0x00,0x00,0x00,0x00,0x00,
    0x00,0x00,0x00,0x00,0x00,0x00,0x00,0x00,0x00,0x00,0x00,0x00,0xA0,0xFE,0xA0,0xFE,0x80,0xFE,0x20,0xFF,0x40,0x7B,0x00,0x00,
    0x00,0x00,0x00,0x00,0x00,0x00,0xE0,0x93,0x20,0xFF,0x80,0xFE,0xA0,0xFE,0xA0,0xFE,0xC0,0xFE,0x20,0xE6,0xC0,0x18,0x00,0x00,
    0x20,0x00,0x00,0x00,0x80,0x10,0xA0,0xAC,0x20,0xFF,0xA0,0xFE,0x80,0xFE,0x00,0xFF,0x00,0xBD,0x00,0x00,0x00,0x00,0x00,0x00,
    0x00,0x00,0x20,0x00,0x00,0x00,0xA0,0x62,0x00,0xFF,0xA0,0xFE,0x80,0xFE,0xA0,0xFE,0x60,0xF6,0xA0,0x10,0x00,0x00,0x00,0x00,
    0x00,0x00,0x80,0x39,0xE0,0xFE,0xA0,0xFE,0xA0,0xFE,0xA0,0xFE,0xA0,0xFE,0x80,0xFE,0xA0,0xFE,0xA0,0xFE,0xA0,0xFE,0xA0,0xFE,
    0xA0,0xFE,0xA0,0xFE,0xA0,0xFE,0xA0,0xFE,0xA0,0xFE,0xA0,0xFE,0xA0,0xFE,0xA0,0xFE,0xA0,0xFE,0xA0,0xFE,0xA0,0xFE,0xA0,0xFE,
    0xA0,0xFE,0xA0,0xFE,0xA0,0xFE,0xA0,0xFE,0xA0,0xFE,0xA0,0xFE,0x80,0xFE,0xE0,0xFE,0x40,0xBD,0x40,0x08,0x00,0x00,0x00,0x00,
    0x00,0x00,0x00,0x00,0x00,0x00,0x00,0x21,0x40,0xE6,0xC0,0xFE,0xA0,0xFE,0xA0,0xFE,0xA0,0xFE,0xA0,0xFE,0xA0,0xFE,0xA0,0xFE,
    0xA0,0xFE,0xA0,0xFE,0xA0,0xFE,0xA0,0xFE,0xA0,0xFE,0xA0,0xFE,0xA0,0xFE,0xA0,0xFE,0xA0,0xFE,0xA0,0xFE,0xA0,0xFE,0xA0,0xFE,
    0xA0,0xFE,0xA0,0xFE,0xA0,0xFE,0xA0,0xFE,0xA0,0xFE,0xC0,0xFE,0x40,0xEE,0x00,0x21,0x00,0x00,0x20,0x00,0x00,0x00,0x00,0x00,
    0x00,0x00,0x00,0x00,0x00,0x00,0x20,0x00,0x00,0x00,0xE0,0x20,0x20,0xE6,0xA0,0xFE,0xA0,0xFE,0xE0,0xFE,0xE0,0x6A,0x00,0x00,
    0x00,0x00,0x00,0x00,0x00,0x00,0x00,0x00,0x00,0x00,0xC0,0x41,0xA0,0xF6,0x80,0xFF,0xA0,0xFE,0x20,0xEE,0x40,0xC5,0xE0,0x93,
    0x20,0x73,0x80,0xF6,0xC0,0xFE,0xA0,0xFE,0xA0,0xFE,0xA0,0xFE,0x80,0xFE,0x20,0xFF,0x20,0x9C,0x00,0x00,0x00,0x00,0x00,0x00,
    0x00,0x00,0xC0,0x6A,0x20,0xFF,0x80,0xFE,0xA0,0xFE,0xA0,0xFE,0xA0,0xFE,0x00,0x00,0x00,0x00,0x00,0x00,0x00,0x00,0x00,0x00,
    0x00,0x00,0x00,0x00,0x00,0x00,0x00,0x00,0x00,0x00,0x00,0x00,0x00,0x00,0x00,0x00,0x00,0x00,0x00,0x00,0x00,0x00,0x00,0x00,
    0x00,0x00,0x00,0x00,0x00,0x00,0x00,0x00,0x00,0x00,0x00,0x00,0x00,0x00,0x00,0x00,0x00,0x00,0x00,0x00,0x00,0x00,0x00,0x00,
    0x00,0x00,0x00,0x00,0x00,0x00,0x00,0x00,0x00,0x00,0x00,0x00,0x00,0x00,0x00,0x00,0x00,0x00,0x00,0x00,0x00,0x00,0x00,0x00,
    0x00,0x00,0xA0,0xFE,0xA0,0xFE,0x80,0xFE,0xE0,0xFE,0xA0,0xD5,0x20,0x00,0x00,0x00,0x00,0x00,0x00,0x00,0xC0,0x41,0xE0,0xFE,
    0x80,0xFE,0xA0,0xFE,0xA0,0xFE,0x80,0xFE,0x00,0xFF,0x00,0x4A,0x00,0x00,0x20,0x00,0x00,0x00,0x00,0x00,0x00,0x00,0x00,0x00,
    0x00,0x6B,0xA0,0xF6,0xE0,0xFE,0x60,0xFE,0x20,0xFF,0xA0,0x8B,0x00,0x00,0x20,0x00,0x00,0x00,0x00,0x00,0x00,0x00,0x00,0x00,
    0x80,0x5A,0xE0,0xFE,0xE0,0xFE,0x40,0xFF,0xA0,0xD5,0x40,0x08,0x00,0x00,0x20,0x00,0x00,0x00,0x80,0x5A,0x00,0xFF,0x80,0xFE,
    0xA0,0xFE,0xA0,0xFE,0xA0,0xFE,0xA0,0xFE,0xA0,0xFE,0xA0,0xFE,0xA0,0xFE,0xA0,0xFE,0xA0,0xFE,0xA0,0xFE,0xA0,0xFE,0xA0,0xFE,
    0xA0,0xFE,0xA0,0xFE,0xA0,0xFE,0xA0,0xFE,0xA0,0xFE,0xA0,0xFE,0xA0,0xFE,0xA0,0xFE,0xA0,0xFE,0xA0,0xFE,0xA0,0xFE,0xA0,0xFE,
    0xA0,0xFE,0xA0,0xFE,0xA0,0xFE,0x80,0xF6,0xC0,0x18,0x00,0x00,0x20,0x00,0x00,0x00,0x00,0x00,0x00,0x00,0x20,0x00,0x00,0x00,
    0x20,0x52,0x00,0xFF,0x80,0xFE,0xA0,0xFE,0xA0,0xFE,0xA0,0xFE,0xA0,0xFE,0xA0,0xFE,0xA0,0xFE,0xA0,0xFE,0xA0,0xFE,0xA0,0xFE,
    0xA0,0xFE,0xA0,0xFE,0xA0,0xFE,0xA0,0xFE,0xA0,0xFE,0xA0,0xFE,0xA0,0xFE,0xA0,0xFE,0xA0,0xFE,0xA0,0xFE,0xA0,0xFE,0xA0,0xFE,
    0xA0,0xFE,0x80,0xFE,0xE0,0xFE,0x20,0xE6,0x80,0x39,0x00,0x00,0x00,0x00,0x00,0x00,0x20,0x00,0x00,0x00,0x00,0x00,0x00,0x00,
    0x60,0x31,0x40,0xE6,0xC0,0xFE,0xC0,0xFE,0x80,0xEE,0x00,0x4A,0x00,0x00,0x00,0x00,0x00,0x00,0x00,0x00,0x00,0x00,0x00,0x00,
    0xE1,0x41,0x41,0xBD,0x40,0x9C,0xA0,0x62,0x80,0x31,0x60,0x10,0x00,0x00,0x00,0x00,0x00,0x00,0x80,0x5A,0x00,0xFF,0x80,0xFE,
    0xA0,0xFE,0xA0,0xFE,0xA0,0xFE,0x80,0xFE,0x00,0xFF,0x00,0x4A,0x00,0x00,0x00,0x00,0x00,0x00,0x00,0x00,0x20,0xC5,0x00,0xFF,
    0x80,0xFE,0xA0,0xFE,0xA0,0xFE,0xC4,0xFE,0x00,0x00,0x00,0x00,0x00,0x00,0x00,0x00,0x00,0x00,0x00,0x00,0x00,0x00,0x00,0x00,
    0x00,0x00,0x00,0x00,0x00,0x00,0x00,0x00,0x00,0x00,0x00,0x00,0x00,0x00,0x00,0x00,0x00,0x00,0x00,0x00,0x00,0x00,0x00,0x00,
    0x00,0x00,0x00,0x00,0x00,0x00,0x00,0x00,0x00,0x00,0x00,0x00,0x00,0x00,0x00,0x00,0x00,0x00,0x00,0x00,0x00,0x00,0x00,0x00,
    0x00,0x00,0x00,0x00,0x00,0x00,0x00,0x00,0x00,0x00,0x00,0x00,0x00,0x00,0x00,0x00,0x80,0xFE,0xA0,0xFE,0xA0,0xFE,0x80,0xFE,
    0x00,0xFF,0xC0,0x41,0x00,0x00,0x00,0x00,0x00,0x00,0x40,0x08,0xC0,0xD5,0xE0,0xFE,0x80,0xFE,0xA0,0xFE,0xA0,0xFE,0xA0,0xFE,
    0xA0,0xFE,0xC0,0xD5,0xC0,0x41,0x00,0x00,0x00,0x00,0x00,0x00,0x00,0x00,0x00,0x00,0x00,0x00,0x60,0x31,0xA0,0xCD,0x20,0xFF,
    0x80,0xFE,0x00,0xFF,0xE0,0x6A,0x00,0x00,0x20,0x00,0x00,0x00,0x00,0x00,0x00,0x00,0x00,0x00,0xC0,0x41,0x20,0xBD,0xE0,0xB4,
    0x00,0x29,0x00,0x00,0x00,0x00,0x00,0x00,0x00,0x00,0xE0,0xB4,0x00,0xFF,0x80,0xFE,0xA0,0xFE,0xA0,0xFE,0xA0,0xFE,0xA0,0xFE,
    0xA0,0xFE,0xA0,0xFE,0xA0,0xFE,0xA0,0xFE,0xA0,0xFE,0xA0,0xFE,0xA0,0xFE,0xA0,0xFE,0xA0,0xFE,0xA0,0xFE,0xA0,0xFE,0xA0,0xFE,
    0xA0,0xFE,0xA0,0xFE,0xA0,0xFE,0xA0,0xFE,0xA0,0xFE,0xA0,0xFE,0xA0,0xFE,0xA0,0xFE,0xA0,0xFE,0x80,0xFE,0x20,0xFF,0x40,0x7B,
    0x00,0x00,0x20,0x00,0x00,0x00,0x00,0x00,0x00,0x00,0x00,0x00,0x00,0x00,0x00,0x00,0x00,0x00,0x00,0xBD,0x00,0xFF,0x80,0xFE,
    0xA0,0xFE,0xA0,0xFE,0xA0,0xFE,0xA0,0xFE,0xA0,0xFE,0xA0,0xFE,0xA0,0xFE,0xA0,0xFE,0xA0,0xFE,0xA0,0xFE,0xA0,0xFE,0xA0,0xFE,
    0xA0,0xFE,0xA0,0xFE,0xA0,0xFE,0xA0,0xFE,0xA0,0xFE,0xA0,0xFE,0xA0,0xFE,0xA0,0xFE,0xA0,0xFE,0xA0,0xFE,0xA0,0xFE,0xC0,0xFE,
    0xA0,0xFE,0x80,0x83,0xE0,0x20,0x00,0x00,0x00,0x00,0x00,0x00,0x60,0x08,0x00,0x6B,0x80,0xF6,0xA0,0xFE,0x00,0xFF,0xE0,0xDD,
    0x20,0x29,0x00,0x00,0x20,0x00,0x00,0x00,0x00,0x00,0x00,0x00,0x00,0x00,0x00,0x00,0x80,0x10,0x00,0x00,0x00,0x00,0x00,0x00,
    0x00,0x00,0x00,0x00,0x00,0x00,0x20,0x00,0x20,0x08,0x00,0x00,0x80,0x83,0x40,0xFF,0x80,0xFE,0xA0,0xFE,0xA0,0xFE,0xA0,0xFE,
    0xC0,0xFE,0xE0,0xDD,0x60,0x08,0x00,0x00,0x00,0x00,0x00,0x00,0x80,0x31,0xE0,0xFE,0xA0,0xFE,0xA0,0xFE,0xA0,0xFE,0x80,0xFE,
    0x50,0xFF,0x00,0x00,0x00,0x00,0x00,0x00,0x00,0x00,0x00,0x00,0x00,0x00,0x00,0x00,0x00,0x00,0x00,0x00,0x00,0x00,0x00,0x00,
    0x00,0x00,0x00,0x00,0x00,0x00,0x00,0x00,0x00,0x00,0x00,0x00,0x00,0x00,0x00,0x00,0x00,0x00,0x00,0x00,0x00,0x00,0x00,0x00,
    0x00,0x00,0x00,0x00,0x00,0x00,0x00,0x00,0x00,0x00,0x00,0x00,0x00,0x00,0x00,0x00,0x00,0x00,0x00,0x00,0x00,0x00,0x00,0x00,
    0x00,0x00,0x00,0x00,0x00,0x00,0x00,0x00,0xA0,0xFE,0xA0,0xFE,0x80,0xFE,0x00,0xFF,0x80,0xAC,0x00,0x00,0x00,0x00,0x00,0x00,
    0x00,0x00,0x80,0x83,0x20,0xFF,0x80,0xFE,0xA0,0xFE,0xA0,0xFE,0x80,0xFE,0xA0,0xFE,0x80,0xFE,0xE0,0xFE,0xE0,0xFE,0x60,0x7B,
    0x00,0x00,0x00,0x00,0x00,0x00,0x00,0x00,0x00,0x00,0x00,0x00,0x40,0x08,0x20,0x9C,0x00,0xFF,0xA0,0xFE,0xE0,0xFE,0xA0,0x62,
    0x00,0x00,0x00,0x00,0x00,0x00,0x00,0x00,0x00,0x00,0x00,0x00,0x00,0x00,0x00,0x00,0x00,0x00,0x00,0x00,0x20,0x00,0x00,0x00,
    0x00,0x4A,0xE0,0xFE,0x80,0xFE,0xA0,0xFE,0xA0,0xFE,0xA0,0xFE,0xA0,0xFE,0xA0,0xFE,0xA0,0xFE,0xA0,0xFE,0xA0,0xFE,0xA0,0xFE,
    0xA0,0xFE,0xA0,0xFE,0xA0,0xFE,0xA0,0xFE,0xA0,0xFE,0xA0,0xFE,0xA0,0xFE,0xA0,0xFE,0xA0,0xFE,0xA0,0xFE,0xA0,0xFE,0xA0,0xFE,
    0xA0,0xFE,0xA0,0xFE,0xA0,0xFE,0xA0,0xFE,0xA0,0xFE,0xC0,0xFE,0xE0,0xDD,0x40,0x08,0x00,0x00,0x00,0x00,0x00,0x00,0x00,0x00,
    0x00,0x00,0x00,0x00,0x00,0x00,0x00,0x00,0x00,0x00,0x60,0x31,0xC0,0xFE,0x80,0xFE,0xA0,0xFE,0xA0,0xFE,0xA0,0xFE,0xA0,0xFE,
    0xA0,0xFE,0xA0,0xFE,0xA0,0xFE,0xA0,0xFE,0xA0,0xFE,0xA0,0xFE,0xA0,0xFE,0xA0,0xFE,0xA0,0xFE,0xA0,0xFE,0xA0,0xFE,0xA0,0xFE,
    0xA0,0xFE,0xA0,0xFE,0xA0,0xFE,0xA0,0xFE,0xA0,0xFE,0xA0,0xFE,0xA0,0xFE,0xA0,0xFE,0xA0,0xFE,0x20,0xFF,0x80,0xF6,0x00,0xBD,
    0x60,0xA4,0xC0,0xB4,0x00,0xE6,0x00,0xFF,0xA0,0xFE,0x20,0xFF,0x20,0xBD,0x80,0x10,0x00,0x00,0x00,0x00,0x00,0x00,0x00,0x00,
    0x00,0x00,0x00,0x00,0x00,0x00,0x00,0x00,0x00,0x00,0x00,0x00,0x20,0x00,0x20,0x00,0x20,0x00,0x20,0x00,0x00,0x00,0x00,0x00,
    0x00,0x00,0x00,0x00,0x00,0x00,0x00,0x94,0xE0,0xFE,0x80,0xFE,0xA0,0xFE,0xA0,0xFE,0x80,0xFE,0x20,0xFF,0xA0,0x83,0x00,0x00,
    0x00,0x00,0x00,0x00,0x00,0x00,0x40,0x9C,0x00,0xFF,0x80,0xFE,0xA0,0xFE,0xA0,0xFE,0xC2,0xFE,0x00,0x00,0x00,0x00,0x00,0x00,
    0x00,0x00,0x00,0x00,0x00,0x00,0x00,0x00,0x00,0x00,0x00,0x00,0x00,0x00,0x00,0x00,0x00,0x00,0x00,0x00,0x00,0x00,0x00,0x00,
    0x00,0x00,0x00,0x00,0x00,0x00,0x00,0x00,0x00,0x00,0x00,0x00,0x00,0x00,0x00,0x00,0x00,0x00,0x00,0x00,0x00,0x00,0x00,0x00,
    0x00,0x00,0x00,0x00,0x00,0x00,0x00,0x00,0x00,0x00,0x00,0x00,0x00,0x00,0x00,0x00,0x00,0x00,0x00,0x00,0x00,0x00,0x80,0xFE,
    0xA0,0xFE,0xA0,0xFE,0xA0,0xFE,0xA0,0xF6,0x00,0x21,0x00,0x00,0x20,0x00,0x00,0x00,0x00,0x21,0xA0,0xF6,0xA0,0xFE,0xA0,0xFE,
    0xA0,0xFE,0xA0,0xFE,0xE0,0xFE,0xE0,0xFE,0xA0,0xFE,0x80,0xFE,0x80,0xFE,0x00,0xFF,0x00,0xBD,0xE0,0x20,0x00,0x00,0x00,0x00,
    0x00,0x00,0x00,0x00,0x00,0x00,0x00,0x00,0xA0,0x62,0x60,0xEE,0xE0,0xFE,0xC0,0xFE,0xE0,0x6A,0x00,0x00,0x00,0x00,0x00,0x00,
    0x00,0x00,0x00,0x00,0x00,0x00,0x00,0x00,0x20,0x00,0x00,0x00,0x00,0x00,0x60,0x31,0x60,0xEE,0xC0,0xFE,0xA0,0xFE,0xA0,0xFE,
    0xA0,0xFE,0xA0,0xFE,0xA0,0xFE,0xA0,0xFE,0xA0,0xFE,0xA0,0xFE,0xA0,0xFE,0xA0,0xFE,0xA0,0xFE,0xA0,0xFE,0xA0,0xFE,0xA0,0xFE,
    0xA0,0xFE,0xA0,0xFE,0xA0,0xFE,0xA0,0xFE,0xA0,0xFE,0xA0,0xFE,0xA0,0xFE,0xA0,0xFE,0xA0,0xFE,0xA0,0xFE,0xA0,0xFE,0xA0,0xFE,
    0x80,0xFE,0x00,0xFF,0x20,0x52,0x00,0x00,0x00,0x00,0x00,0x00,0x00,0x00,0x00,0x00,0x00,0x00,0x00,0x00,0x00,0x00,0x00,0x00,
    0x00,0x00,0x00,0x00,0x00,0x9C,0x20,0xFF,0x80,0xFE,0xA0,0xFE,0xA0,0xFE,0xA0,0xFE,0x80,0xFE,0x80,0xFE,0xA0,0xFE,0xA0,0xFE,
    0xA0,0xFE,0xA0,0xFE,0xA0,0xFE,0xA0,0xFE,0xA0,0xFE,0xA0,0xFE,0xA0,0xFE,0xA0,0xFE,0xA0,0xFE,0xA0,0xFE,0xA0,0xFE,0xA0,0xFE,
    0xA0,0xFE,0xA0,0xFE,0xA0,0xFE,0xA0,0xFE,0xA0,0xFE,0x80,0xFE,0xA0,0xFE,0x00,0xFF,0x00,0xFF,0x00,0xFF,0xC0,0xFE,0x80,0xFE,
    0x20,0xFF,0x40,0x9C,0x20,0x00,0x00,0x00,0x00,0x00,0x00,0x00,0x00,0x00,0x00,0x00,0x00,0x00,0x00,0x00,0x00,0x00,0x00,0x00,
    0x00,0x00,0x00,0x00,0x00,0x00,0x00,0x00,0x00,0x00,0x00,0x00,0x00,0x00,0x60,0x10,0x40,0x29,0x60,0x52,0x80,0x83,0xC0,0xB4,
    0xC0,0xFE,0xA0,0xFE,0xA0,0xFE,0xA0,0xFE,0xA0,0xFE,0xA0,0xFE,0xA0,0xFE,0x20,0x29,0x00,0x00,0x20,0x00,0x00,0x00,0xC0,0x18,
    0x80,0xF6,0xA0,0xFE,0xA0,0xFE,0xA0,0xFE,0x80,0xFE,0x4F,0xFF,0x00,0x00,0x00,0x00,0x00,0x00,0x00,0x00,0x00,0x00,0x00,0x00,
    0x00,0x00,0x00,0x00,0x00,0x00,0x00,0x00,0x00,0x00,0x00,0x00,0x00,0x00,0x00,0x00,0x00,0x00,0x00,0x00,0x00,0x00,0x00,0x00,
    0x00,0x00,0x00,0x00,0x00,0x00,0x00,0x00,0x00,0x00,0x00,0x00,0x00,0x00,0x00,0x00,0x00,0x00,0x00,0x00,0x00,0x00,0x00,0x00,
    0x00,0x00,0x00,0x00,0x00,0x00,0x00,0x00,0x00,0x00,0x00,0x00,0x00,0x00,0xA0,0xFE,0xA0,0xFE,0x80,0xFE,0x20,0xFF,0xE0,0x93,
    0x00,0x00,0x00,0x00,0x00,0x00,0x00,0x00,0xA0,0xAC,0x00,0xFF,0x80,0xFE,0xA0,0xFE,0xA0,0xFE,0xE0,0xFE,0x20,0xBD,0x80,0xCD,
    0xA0,0xFE,0x00,0xFF,0x20,0xFF,0xE0,0xFE,0x20,0xFF,0x40,0xEE,0x40,0x52,0x00,0x00,0x00,0x00,0x00,0x00,0x00,0x00,0x00,0x00,
    0x00,0x00,0x20,0x29,0x40,0xC5,0x00,0xFF,0x00,0xFF,0xA0,0x83,0x20,0x00,0x00,0x00,0x00,0x00,0x00,0x00,0x00,0x00,0x00,0x00,
    0x00,0x00,0x00,0x00,0x80,0x5A,0x80,0xF6,0xC0,0xFE,0x80,0xFE,0xA0,0xFE,0xA0,0xFE,0xA0,0xFE,0xA0,0xFE,0xA0,0xFE,0xA0,0xFE,
    0xA0,0xFE,0xA0,0xFE,0xA0,0xFE,0xA0,0xFE,0xA0,0xFE,0xA0,0xFE,0xA0,0xFE,0xA0,0xFE,0xA0,0xFE,0xA0,0xFE,0xA0,0xFE,0xA0,0xFE,
    0xA0,0xFE,0xA0,0xFE,0xA0,0xFE,0xA0,0xFE,0xA0,0xFE,0xA0,0xFE,0xA0,0xFE,0x80,0xFE,0x00,0xFF,0xC0,0xB4,0x00,0x00,0x00,0x00,
    0x00,0x00,0x00,0x00,0x00,0x00,0x00,0x00,0x00,0x00,0x00,0x00,0x00,0x00,0x00,0x00,0x00,0x00,0x00,0x00,0xA0,0x10,0x40,0xEE,
    0xC0,0xFE,0xA0,0xFE,0x80,0xFE,0xA0,0xFE,0xA0,0xFE,0xA0,0xFE,0xA0,0xFE,0xA0,0xFE,0xA0,0xFE,0xA0,0xFE,0xA0,0xFE,0xA0,0xFE,
    0xA0,0xFE,0xA0,0xFE,0xA0,0xFE,0xA0,0xFE,0xA0,0xFE,0xA0,0xFE,0xA0,0xFE,0xA0,0xFE,0xA0,0xFE,0xA0,0xFE,0xA0,0xFE,0xA0,0xFE,
    0xA0,0xFE,0xA0,0xFE,0xA0,0xFE,0x80,0xFE,0x80,0xFE,0x80,0xFE,0xA0,0xFE,0xE0,0xFE,0x40,0x73,0x00,0x00,0x00,0x00,0x00,0x00,
    0x00,0x00,0x00,0x00,0x00,0x00,0x00,0x00,0x00,0x00,0x00,0x00,0x00,0x00,0x00,0x00,0x00,0x00,0x00,0x00,0x60,0x10,0x00,0x4A,
    0x20,0x73,0x40,0xA4,0x60,0xCD,0x20,0xEE,0xC0,0xFE,0x00,0xFF,0x20,0xFF,0x00,0xFF,0xA0,0xFE,0xA0,0xFE,0xA0,0xFE,0xA0,0xFE,
    0xA0,0xFE,0x80,0xFE,0x00,0xFF,0xC0,0xB4,0x00,0x00,0x00,0x00,0x00,0x00,0x00,0x00,0x80,0x83,0x20,0xFF,0x80,0xFE,0xA0,0xFE,
    0xA0,0xFE,0xA2,0xFE,0x00,0x00,0x00,0x00,0x00,0x00,0x00,0x00,0x00,0x00,0x00,0x00,0x00,0x00,0x00,0x00,0x00,0x00,0x00,0x00,
    0x00,0x00,0x00,0x00,0x00,0x00,0x00,0x00,0x00,0x00,0x00,0x00,0x00,0x00,0x00,0x00,0x00,0x00,0x00,0x00,0x00,0x00,0x00,0x00,
    0x00,0x00,0x00,0x00,0x00,0x00,0x00,0x00,0x00,0x00,0x00,0x00,0x00,0x00,0x00,0x00,0x00,0x00,0x00,0x00,0x00,0x00,0x00,0x00,
    0x00,0x00,0x00,0x00,0x80,0xFE,0xA0,0xFE,0xA0,0xFE,0xA0,0xFE,0x60,0xF6,0xA0,0x18,0x00,0x00,0x20,0x00,0x00,0x00,0xC0,0x41,
    0xE0,0xFE,0x80,0xFE,0xA0,0xFE,0x80,0xFE,0xE0,0xFE,0x60,0xCD,0x00,0x00,0x00,0x00,0xE0,0x20,0x20,0x4A,0xA0,0x83,0x00,0xBD,
    0x00,0xE6,0xE0,0xFE,0x80,0xFF,0x60,0xA4,0x60,0x08,0x00,0x00,0x00,0x00,0x00,0x00,0x00,0x00,0x00,0x00,0x20,0x00,0xC0,0x8B,
    0xE0,0xFE,0x20,0xFF,0x40,0xC5,0xE0,0x41,0x20,0x00,0x00,0x00,0x00,0x00,0x60,0x08,0x20,0x52,0x20,0xBD,0x00,0xFF,0xC0,0xFE,
    0x80,0xFE,0xA0,0xFE,0xA0,0xFE,0xA0,0xFE,0xA0,0xFE,0xA0,0xFE,0xA0,0xFE,0xA0,0xFE,0xA0,0xFE,0xA0,0xFE,0xA0,0xFE,0xA0,0xFE,
    0xA0,0xFE,0xA0,0xFE,0xA0,0xFE,0xA0,0xFE,0xA0,0xFE,0xA0,0xFE,0xA0,0xFE,0xA0,0xFE,0xA0,0xFE,0xA0,0xFE,0xA0,0xFE,0xA0,0xFE,
    0xA0,0xFE,0xA0,0xFE,0xA0,0xFE,0xA0,0xFE,0xA0,0xF6,0x20,0x29,0x00,0x00,0x00,0x00,0x00,0x00,0x00,0x00,0x00,0x00,0x80,0x10,
    0xA1,0x62,0x00,0x00,0x00,0x00,0x00,0x00,0x00,0x00,0x00,0x00,0x00,0x00,0xE0,0x6A,0x20,0xFF,0x80,0xFE,0xA0,0xFE,0xA0,0xFE,
    0xA0,0xFE,0xA0,0xFE,0xA0,0xFE,0xA0,0xFE,0xA0,0xFE,0xA0,0xFE,0xA0,0xFE,0xA0,0xFE,0xA0,0xFE,0xA0,0xFE,0xA0,0xFE,0xA0,0xFE,
    0xA0,0xFE,0xA0,0xFE,0xA0,0xFE,0xA0,0xFE,0xA0,0xFE,0xA0,0xFE,0xA0,0xFE,0xA0,0xFE,0xA0,0xFE,0xA0,0xFE,0xA0,0xFE,0xA0,0xFE,
    0xA0,0xFE,0x80,0xFE,0xE0,0xFE,0xC1,0x62,0x00,0x00,0x20,0x00,0x00,0x00,0x00,0x00,0x00,0x00,0x00,0x00,0xE0,0x49,0x60,0xC5,
    0x40,0xC5,0xC0,0x18,0x00,0x00,0x00,0x00,0x00,0x00,0x00,0x00,0x80,0xAC,0x60,0xFF,0x00,0xFF,0x00,0xFF,0xE0,0xFE,0xC0,0xFE,
    0xA0,0xFE,0x80,0xFE,0x80,0xFE,0xA0,0xFE,0xA0,0xFE,0xA0,0xFE,0xA0,0xFE,0xA0,0xFE,0xA0,0xFE,0xA0,0xFE,0x80,0xFE,0x00,0xFF,
    0x00,0x4A,0x00,0x00,0x20,0x00,0x00,0x00,0x80,0x10,0x20,0xEE,0xC0,0xFE,0xA0,0xFE,0xA0,0xFE,0x80,0xFE,0x4E,0xFF,0x00,0x00,
    0x00,0x00,0x00,0x00,0x00,0x00,0x00,0x00,0x00,0x00,0x00,0x00,0x00,0x00,0x00,0x00,0x00,0x00,0x00,0x00,0x00,0x00,0x00,0x00,
    0x00,0x00,0x00,0x00,0x00,0x00,0x00,0x00,0x00,0x00,0x00,0x00,0x00,0x00,0x00,0x00,0x00,0x00,0x00,0x00,0x00,0x00,0x00,0x00,
    0x00,0x00,0x00,0x00,0x00,0x00,0x00,0x00,0x00,0x00,0x00,0x00,0x00,0x00,0x00,0x00,0x00,0x00,0x00,0x00,0xA0,0xFE,0xA0,0xFE,
    0x80,0xFE,0x20,0xFF,0x80,0x83,0x00,0x00,0x00,0x00,0x00,0x00,0x00,0x00,0x40,0xC5,0xE0,0xFE,0x80,0xFE,0xA0,0xFE,0xA0,0xFE,
    0xC0,0xFE,0x60,0x31,0x00,0x00,0x00,0x00,0x00,0x00,0x00,0x00,0x00,0x00,0x00,0x00,0x60,0x10,0x60,0x31,0xC0,0x6A,0xE0,0xB4,
    0xA1,0xAC,0x60,0x31,0x00,0x00,0x00,0x00,0x00,0x00,0x00,0x00,0x00,0x00,0x00,0x00,0x20,0x52,0x20,0xE6,0x40,0xFF,0xC0,0xFE,
    0xA0,0xD5,0xE0,0xB4,0x00,0xBD,0x00,0xE6,0x00,0xFF,0xE0,0xFE,0x80,0xFE,0xA0,0xFE,0xA0,0xFE,0xA0,0xFE,0xA0,0xFE,0xA0,0xFE,
    0xA0,0xFE,0xA0,0xFE,0xA0,0xFE,0xA0,0xFE,0xA0,0xFE,0xA0,0xFE,0xA0,0xFE,0xA0,0xFE,0xA0,0xFE,0xA0,0xFE,0xA0,0xFE,0xA0,0xFE,
    0xA0,0xFE,0xA0,0xFE,0xA0,0xFE,0xA0,0xFE,0xA0,0xFE,0xA0,0xFE,0xA0,0xFE,0xA0,0xFE,0xA0,0xFE,0xA0,0xFE,0x80,0xFE,0x20,0xFF,
    0xA0,0x8B,0x00,0x00,0x00,0x00,0x00,0x00,0x00,0x00,0x00,0x00,0x00,0x00,0x60,0x83,0x20,0xFF,0x00,0x21,0x00,0x00,0x00,0x00,
    0x00,0x00,0x00,0x00,0x00,0x00,0x20,0x00,0x80,0xD5,0xE0,0xFE,0x80,0xFE,0xA0,0xFE,0xA0,0xFE,0xA0,0xFE,0xA0,0xFE,0xA0,0xFE,
    0xA0,0xFE,0xA0,0xFE,0xA0,0xFE,0xA0,0xFE,0xA0,0xFE,0xA0,0xFE,0xA0,0xFE,0xA0,0xFE,0xA0,0xFE,0xA0,0xFE,0xA0,0xFE,0xA0,0xFE,
    0xA0,0xFE,0xA0,0xFE,0xA0,0xFE,0xA0,0xFE,0xA0,0xFE,0xA0,0xFE,0xA0,0xFE,0xA0,0xFE,0xA0,0xFE,0xA0,0xFE,0xC0,0xFE,0x80,0xCD,
    0x00,0x21,0x00,0x00,0x20,0x00,0x00,0x00,0x00,0x00,0xE0,0x6A,0xC0,0xFE,0x60,0xFF,0x20,0xBD,0x00,0x00,0x00,0x00,0x00,0x00,
    0x00,0x00,0x40,0x29,0xC0,0xFE,0x80,0xFE,0x80,0xFE,0x80,0xFE,0xA0,0xFE,0xA0,0xFE,0xA0,0xFE,0xA0,0xFE,0xA0,0xFE,0xA0,0xFE,
    0xA0,0xFE,0xA0,0xFE,0xA0,0xFE,0xA0,0xFE,0xA0,0xFE,0xA0,0xFE,0x80,0xFE,0xE0,0xFE,0x80,0xCD,0x20,0x00,0x00,0x00,0x20,0x00,
    0x00,0x00,0x20,0x73,0x20,0xFF,0x80,0xFE,0xA0,0xFE,0xA0,0xFE,0xC2,0xFE,0x00,0x00,0x00,0x00,0x00,0x00,0x00,0x00,0x00,0x00,
    0x00,0x00,0x00,0x00,0x00,0x00,0x00,0x00,0x00,0x00,0x00,0x00,0x00,0x00,0x00,0x00,0x00,0x00,0x00,0x00,0x00,0x00,0x00,0x00,
    0x00,0x00,0x00,0x00,0x00,0x00,0x00,0x00,0x00,0x00,0x00,0x00,0x00,0x00,0x00,0x00,0x00,0x00,0x00,0x00,0x00,0x00,0x00,0x00,
    0x00,0x00,0x00,0x00,0x00,0x00,0x00,0x00,0x00,0x00,0x80,0xFE,0xA0,0xFE,0xA0,0xFE,0xC0,0xFE,0x40,0xEE,0xA0,0x10,0x00,0x00,
    0x20,0x00,0x00,0x00,0x60,0x52,0x20,0xFF,0x80,0xFE,0xA0,0xFE,0x80,0xFE,0x40,0xFF,0xA0,0x8B,0x00,0x00,0x00,0x00,0x00,0x00,
    0x00,0x00,0x00,0x00,0x00,0x00,0x00,0x00,0x00,0x00,0x00,0x00,0x00,0x00,0x00,0x00,0x80,0x10,0x20,0x29,0x00,0x00,0x00,0x00,
    0x00,0x00,0x00,0x00,0x00,0x00,0x00,0x00,0x00,0x00,0xE0,0x18,0x00,0xBD,0x20,0xFF,0xE0,0xFE,0x00,0xFF,0x00,0xFF,0xC0,0xFE,
    0x80,0xFE,0x80,0xFE,0xA0,0xFE,0xA0,0xFE,0xA0,0xFE,0xA0,0xFE,0xA0,0xFE,0xA0,0xFE,0xA0,0xFE,0xA0,0xFE,0xA0,0xFE,0xA0,0xFE,
    0xA0,0xFE,0xA0,0xFE,0xA0,0xFE,0xA0,0xFE,0xA0,0xFE,0xA0,0xFE,0xA0,0xFE,0xA0,0xFE,0xA0,0xFE,0xA0,0xFE,0xA0,0xFE,0xA0,0xFE,
    0xA0,0xFE,0xA0,0xFE,0xA0,0xFE,0xA0,0xFE,0xA0,0xFE,0xA0,0xFE,0xC0,0xFE,0x00,0xE6,0x60,0x08,0x00,0x00,0x00,0x00,0x00,0x00,
    0x00,0x00,0x00,0x00,0xE0,0x20,0x60,0xF6,0x00,0xFF,0xC0,0xB4,0x00,0x00,0x00,0x00,0x00,0x00,0x00,0x00,0x00,0x00,0x00,0x00,
    0xE0,0x41,0x00,0xFF,0x80,0xFE,0xA0,0xFE,0xA0,0xFE,0xA0,0xFE,0xA0,0xFE,0xA0,0xFE,0xA0,0xFE,0xA0,0xFE,0xA0,0xFE,0xA0,0xFE,
    0xA0,0xFE,0xA0,0xFE,0xA0,0xFE,0xA0,0xFE,0xA0,0xFE,0xA0,0xFE,0xA0,0xFE,0xA0,0xFE,0xA0,0xFE,0xA0,0xFE,0xA0,0xFE,0xA0,0xFE,
    0xA0,0xFE,0xA0,0xFE,0xA0,0xFE,0xA0,0xFE,0xA0,0xFE,0xA0,0xFE,0xA0,0xFE,0x00,0xFF,0x20,0xE6,0x40,0x29,0x00,0x00,0x20,0x00,
    0x00,0x94,0x20,0xFF,0xA0,0xFE,0xE0,0xFE,0x80,0x39,0x00,0x00,0x00,0x00,0x00,0x00,0x00,0x00,0x60,0xA4,0x20,0xFF,0x80,0xFE,
    0xA0,0xFE,0xA0,0xFE,0xA0,0xFE,0xA0,0xFE,0xA0,0xFE,0xA0,0xFE,0xA0,0xFE,0xA0,0xFE,0xA0,0xFE,0xA0,0xFE,0xA0,0xFE,0xA0,0xFE,
    0xA0,0xFE,0xA0,0xFE,0xA0,0xFE,0x80,0xFE,0x20,0xFF,0x80,0x5A,0x00,0x00,0x20,0x00,0x00,0x00,0x60,0x08,0x20,0xE6,0xC0,0xFE,
    0xA0,0xFE,0xA0,0xFE,0x80,0xFE,0x71,0xFF,0x00,0x00,0x00,0x00,0x00,0x00,0x00,0x00,0x00,0x00,0x00,0x00,0x00,0x00,0x00,0x00,
    0x00,0x00,0x00,0x00,0x00,0x00,0x00,0x00,0x00,0x00,0x00,0x00,0x00,0x00,0x00,0x00,0x00,0x00,0x00,0x00,0x00,0x00,0x00,0x00,
    0x00,0x00,0x00,0x00,0x00,0x00,0x00,0x00,0x00,0x00,0x00,0x00,0x00,0x00,0x00,0x00,0x00,0x00,0x00,0x00,0x00,0x00,0x00,0x00,
    0x00,0x00,0xA0,0xFE,0xA0,0xFE,0x80,0xFE,0x20,0xFF,0xC0,0x8B,0x00,0x00,0x00,0x00,0x00,0x00,0x20,0x00,0xA0,0xD5,0xE0,0xFE,
    0x80,0xFE,0x80,0xFE,0xE0,0xFE,0x40,0xC5,0x00,0x00,0x20,0x00,0x00,0x00,0x00,0x00,0x00,0x00,0x00,0x00,0x00,0x00,0x00,0x00,
    0x00,0x00,0x00,0x00,0x20,0x00,0x20,0x00,0x00,0x00,0x00,0x00,0x00,0x00,0x00,0x00,0x00,0x00,0x00,0x00,0x00,0x00,0x00,0x00,
    0x00,0x00,0x00,0x00,0x00,0x00,0x80,0x83,0x80,0xEE,0xA0,0xFE,0x80,0xFE,0xA0,0xFE,0xA0,0xFE,0xA0,0xFE,0xA0,0xFE,0xA0,0xFE,
    0xA0,0xFE,0xA0,0xFE,0xA0,0xFE,0xA0,0xFE,0xA0,0xFE,0xA0,0xFE,0xA0,0xFE,0xA0,0xFE,0xA0,0xFE,0xA0,0xFE,0xA0,0xFE,0xA0,0xFE,
    0xA0,0xFE,0xA0,0xFE,0xA0,0xFE,0xA0,0xFE,0xA0,0xFE,0xA0,0xFE,0xA0,0xFE,0xA0,0xFE,0xA0,0xFE,0xA0,0xFE,0xA0,0xFE,0xA0,0xFE,
    0xA0,0xFE,0x80,0xFE,0x20,0xFF,0x60,0x5A,0x00,0x00,0x00,0x00,0x00,0x00,0x00,0x00,0x00,0x00,0x00,0x00,0xA0,0xAC,0x00,0xFF,
    0x60,0xFE,0x00,0xFF,0x00,0x4A,0x00,0x00,0x00,0x00,0x00,0x00,0x00,0x00,0x00,0x00,0x00,0x00,0xA0,0xAC,0x00,0xFF,0x80,0xFE,
    0xA0,0xFE,0xA0,0xFE,0xA0,0xFE,0xA0,0xFE,0xA0,0xFE,0xA0,0xFE,0xA0,0xFE,0xA0,0xFE,0xA0,0xFE,0xA0,0xFE,0xA0,0xFE,0xA0,0xFE,
    0xA0,0xFE,0xA0,0xFE,0xA0,0xFE,0xA0,0xFE,0xA0,0xFE,0xA0,0xFE,0xA0,0xFE,0xA0,0xFE,0xA0,0xFE,0xA0,0xFE,0xA0,0xFE,0xA0,0xFE,
    0xA0,0xFE,0xA0,0xFE,0xA0,0xFE,0x80,0xFE,0x00,0xFF,0x20,0xEE,0x00,0x4A,0xE0,0xB4,0x20,0xFF,0x80,0xFE,0x00,0xFF,0x00,0xBD,
    0x00,0x00,0x00,0x00,0x00,0x00,0x00,0x00,0xE0,0x20,0xA0,0xFE,0xA0,0xFE,0xA0,0xFE,0xA0,0xFE,0xA0,0xFE,0xA0,0xFE,0xA0,0xFE,
    0xA0,0xFE,0xA0,0xFE,0xA0,0xFE,0xA0,0xFE,0xA0,0xFE,0xA0,0xFE,0xA0,0xFE,0xA0,0xFE,0xA0,0xFE,0xA0,0xFE,0xA0,0xFE,0x80,0xFE,
    0xE0,0xFE,0xA0,0xD5,0x20,0x00,0x00,0x00,0x20,0x00,0x00,0x00,0x40,0x7B,0x20,0xFF,0x80,0xFE,0xA0,0xFE,0xA0,0xFE,0xC4,0xFE,
    0x00,0x00,0x00,0x00,0x00,0x00,0x00,0x00,0x00,0x00,0x00,0x00,0x00,0x00,0x00,0x00,0x00,0x00,0x00,0x00,0x00,0x00,0x00,0x00,
    0x00,0x00,0x00,0x00,0x00,0x00,0x00,0x00,0x00,0x00,0x00,0x00,0x00,0x00,0x00,0x00,0x00,0x00,0x00,0x00,0x00,0x00,0x00,0x00,
    0x00,0x00,0x00,0x00,0x00,0x00,0x00,0x00,0x00,0x00,0x00,0x00,0x00,0x00,0x00,0x00,0xA0,0xFE,0xA0,0xFE,0xA0,0xFE,0xA0,0xFE,
    0x80,0xF6,0xC0,0x18,0x00,0x00,0x20,0x00,0x00,0x00,0x60,0x5A,0x20,0xFF,0x80,0xFE,0xA0,0xFE,0xA0,0xFE,0xE0,0xFE,0x20,0xBD,
    0xA0,0x18,0x00,0x00,0x00,0x00,0x00,0x00,0x00,0x00,0x00,0x00,0x00,0x00,0x00,0x00,0x20,0x00,0x20,0x00,0x00,0x00,0x00,0x00,
    0x00,0x00,0x00,0x00,0x00,0x00,0x00,0x00,0x00,0x00,0x00,0x00,0x00,0x00,0x00,0x00,0x00,0x00,0x00,0x00,0x00,0x00,0x00,0x00,
    0xA0,0xD5,0xE0,0xFE,0xA0,0xFE,0xA0,0xFE,0xA0,0xFE,0xA0,0xFE,0xA0,0xFE,0xA0,0xFE,0xA0,0xFE,0xA0,0xFE,0xA0,0xFE,0xA0,0xFE,
    0xA0,0xFE,0xA0,0xFE,0xA0,0xFE,0xA0,0xFE,0xA0,0xFE,0xA0,0xFE,0xA0,0xFE,0xA0,0xFE,0xA0,0xFE,0xA0,0xFE,0xA0,0xFE,0xA0,0xFE,
    0xA0,0xFE,0xA0,0xFE,0xA0,0xFE,0xA0,0xFE,0xA0,0xFE,0xA0,0xFE,0xA0,0xFE,0xA0,0xFE,0x80,0xFE,0x00,0xFF,0x20,0xC5,0x00,0x00,
    0x00,0x00,0x00,0x00,0x00,0x00,0x00,0x00,0x00,0x00,0xE0,0x49,0x00,0xFF,0x80,0xFE,0xA0,0xFE,0xE0,0xFE,0xA0,0xD5,0x20,0x08,
    0x00,0x00,0x00,0x00,0x00,0x00,0x00,0x00,0x00,0x00,0x00,0x21,0xA0,0xF6,0xA0,0xFE,0xA0,0xFE,0xA0,0xFE,0xA0,0xFE,0xA0,0xFE,
    0xA0,0xFE,0xA0,0xFE,0xA0,0xFE,0xA0,0xFE,0xA0,0xFE,0xA0,0xFE,0xA0,0xFE,0xA0,0xFE,0xA0,0xFE,0xA0,0xFE,0xA0,0xFE,0xA0,0xFE,
    0xA0,0xFE,0xA0,0xFE,0xA0,0xFE,0xA0,0xFE,0xA0,0xFE,0xA0,0xFE,0xA0,0xFE,0xA0,0xFE,0xA0,0xFE,0xA0,0xFE,0xA0,0xFE,0xA0,0xFE,
    0xA0,0xFE,0xC0,0xFE,0xE0,0xFE,0xE0,0xFE,0x80,0xFE,0x80,0xFE,0x00,0xFF,0xE0,0x41,0x00,0x00,0x00,0x00,0x00,0x00,0x00,0x00,
    0xE0,0x93,0x20,0xFF,0x80,0xFE,0xA0,0xFE,0xA0,0xFE,0xA0,0xFE,0xA0,0xFE,0xA0,0xFE,0xA0,0xFE,0xA0,0xFE,0xA0,0xFE,0xA0,0xFE,
    0xA0,0xFE,0xA0,0xFE,0xA0,0xFE,0xA0,0xFE,0xA0,0xFE,0xA0,0xFE,0xA0,0xFE,0xA0,0xFE,0x80,0xFE,0x00,0xFF,0xA0,0x62,0x00,0x00,
    0x20,0x00,0x00,0x00,0x80,0x10,0x40,0xEE,0xC0,0xFE,0xA0,0xFE,0xA0,0xFE,0xA0,0xFE,0x74,0xFF,0x00,0x00,0x00,0x00,0x00,0x00,
    0x00,0x00,0x00,0x00,0x00,0x00,0x00,0x00,0x00,0x00,0x00,0x00,0x00,0x00,0x00,0x00,0x00,0x00,0x00,0x00,0x00,0x00,0x00,0x00,
    0x00,0x00,0x00,0x00,0x00,0x00,0x00,0x00,0x00,0x00,0x00,0x00,0x00,0x00,0x00,0x00,0x00,0x00,0x00,0x00,0x00,0x00,0x00,0x00,
    0x00,0x00,0x00,0x00,0x00,0x00,0x00,0x00,0xA0,0xFE,0xA0,0xFE,0x80,0xFE,0x20,0xFF,0x20,0x9C,0x00,0x00,0x00,0x00,0x00,0x00,
    0x00,0x00,0x60,0xCD,0xE0,0xFE,0xA0,0xFE,0xA0,0xFE,0xA0,0xFE,0x80,0xFE,0x00,0xFF,0x40,0xE6,0x40,0x52,0x00,0x00,0x00,0x00,
    0x00,0x00,0x00,0x00,0x00,0x00,0x00,0x00,0x40,0x08,0x61,0x5A,0xA0,0x83,0xE0,0x41,0x80,0x10,0x00,0x00,0x00,0x00,0x00,0x00,
    0x00,0x00,0x00,0x00,0x00,0x00,0x00,0x00,0x00,0x00,0x20,0x00,0x00,0x00,0xE0,0x93,0x20,0xFF,0x80,0xFE,0xA0,0xFE,0xA0,0xFE,
    0xA0,0xFE,0xA0,0xFE,0xA0,0xFE,0xA0,0xFE,0xA0,0xFE,0xA0,0xFE,0xA0,0xFE,0xA0,0xFE,0xA0,0xFE,0xA0,0xFE,0xA0,0xFE,0xA0,0xFE,
    0xA0,0xFE,0xA0,0xFE,0xA0,0xFE,0xA0,0xFE,0xA0,0xFE,0xA0,0xFE,0xA0,0xFE,0xA0,0xFE,0xA0,0xFE,0xA0,0xFE,0xA0,0xFE,0xA0,0xFE,
    0xA0,0xFE,0xA0,0xFE,0xA0,0xFE,0xA0,0xFE,0xA0,0xFE,0xC0,0xFE,0x60,0x31,0x00,0x00,0x00,0x00,0x00,0x00,0x00,0x00,0x00,0x00,
    0x20,0x00,0xA0,0xD5,0xE0,0xFE,0x80,0xFE,0xA0,0xFE,0x80,0xFE,0x20,0xFF,0x40,0x7B,0x00,0x00,0x00,0x00,0x00,0x00,0x00,0x00,
    0x00,0x00,0x00,0x00,0x80,0x83,0x20,0xFF,0x80,0xFE,0xA0,0xFE,0xA0,0xFE,0xA0,0xFE,0xA0,0xFE,0xA0,0xFE,0xA0,0xFE,0xA0,0xFE,
    0xA0,0xFE,0xA0,0xFE,0xA0,0xFE,0xA0,0xFE,0xA0,0xFE,0xA0,0xFE,0xA0,0xFE,0xA0,0xFE,0xA0,0xFE,0xA0,0xFE,0xA0,0xFE,0xA0,0xFE,
    0xA0,0xFE,0xA0,0xFE,0xA0,0xFE,0xA0,0xFE,0xA0,0xFE,0xA0,0xFE,0xA0,0xFE,0xA0,0xFE,0xA0,0xFE,0xA0,0xFE,0xA0,0xFE,0xA0,0xFE,
    0x80,0xFE,0xE0,0xFE,0x40,0xC5,0x00,0x00,0x00,0x00,0x00,0x00,0x00,0x00,0xA0,0x18,0x60,0xF6,0xC0,0xFE,0xA0,0xFE,0xA0,0xFE,
    0xA0,0xFE,0xA0,0xFE,0xA0,0xFE,0xA0,0xFE,0xA0,0xFE,0xA0,0xFE,0xA0,0xFE,0xA0,0xFE,0xA0,0xFE,0xA0,0xFE,0xA0,0xFE,0xA0,0xFE,
    0xA0,0xFE,0xA0,0xFE,0xA0,0xFE,0xA0,0xFE,0xA0,0xFE,0xE0,0xFE,0xA0,0xD5,0x20,0x00,0x00,0x00,0x20,0x00,0x00,0x00,0xC0,0x8B,
    0x20,0xFF,0x80,0xFE,0xA0,0xFE,0xA0,0xFE,0xE7,0xFE,0x00,0x00,0x00,0x00,0x00,0x00,0x00,0x00,0x00,0x00,0x00,0x00,0x00,0x00,
    0x00,0x00,0x00,0x00,0x00,0x00,0x00,0x00,0x00,0x00,0x00,0x00,0x00,0x00,0x00,0x00,0x00,0x00,0x00,0x00,0x00,0x00,0x00,0x00,
    0x00,0x00,0x00,0x00,0x00,0x00,0x00,0x00,0x00,0x00,0x00,0x00,0x00,0x00,0x00,0x00,0x00,0x00,0x00,0x00,0x00,0x00,0xA1,0xFE,
    0xA0,0xFE,0xA0,0xFE,0xA0,0xFE,0xC0,0xFE,0x40,0x31,0x00,0x00,0x20,0x00,0x00,0x00,0xE0,0x49,0x00,0xFF,0x80,0xFE,0xA0,0xFE,
    0xA0,0xFE,0xA0,0xFE,0xA0,0xFE,0x80,0xFE,0xC0,0xFE,0x00,0xFF,0x20,0x94,0x40,0x08,0x00,0x00,0x00,0x00,0x00,0x00,0x00,0x00,
    0x00,0x00,0x20,0x00,0xE0,0x6A,0xA0,0xF6,0xC0,0xFE,0x40,0xC5,0x00,0x9C,0xA0,0x62,0x60,0x31,0x60,0x08,0x00,0x00,0x00,0x00,
    0x00,0x00,0x00,0x00,0xC0,0x41,0x00,0xFF,0xA0,0xFE,0xA0,0xFE,0xA0,0xFE,0xA0,0xFE,0xA0,0xFE,0xA0,0xFE,0xA0,0xFE,0xA0,0xFE,
    0xA0,0xFE,0xA0,0xFE,0xA0,0xFE,0xA0,0xFE,0xA0,0xFE,0xA0,0xFE,0xA0,0xFE,0xA0,0xFE,0xA0,0xFE,0xA0,0xFE,0xA0,0xFE,0xA0,0xFE,
    0xA0,0xFE,0xA0,0xFE,0xA0,0xFE,0xA0,0xFE,0xA0,0xFE,0xA0,0xFE,0xA0,0xFE,0xA0,0xFE,0xA0,0xFE,0xA0,0xFE,0xA0,0xFE,0x80,0xFE,
    0x00,0xFF,0x00,0x9C,0x00,0x00,0x00,0x00,0x00,0x00,0x00,0x00,0x00,0x00,0x00,0x00,0x00,0x6B,0x20,0xFF,0x80,0xFE,0xA0,0xFE,
    0xA0,0xFE,0xA0,0xFE,0xA0,0xFE,0x80,0xF6,0xC0,0x18,0x00,0x00,0x00,0x00,0x00,0x00,0x00,0x00,0x00,0x00,0x60,0x08,0x00,0xE6,
    0xC0,0xFE,0x80,0xFE,0xA0,0xFE,0xA0,0xFE,0xA0,0xFE,0xA0,0xFE,0xA0,0xFE,0xA0,0xFE,0xA0,0xFE,0xA0,0xFE,0xA0,0xFE,0xA0,0xFE,
    0xA0,0xFE,0xA0,0xFE,0xA0,0xFE,0xA0,0xFE,0xA0,0xFE,0xA0,0xFE,0xA0,0xFE,0xA0,0xFE,0xA0,0xFE,0xA0,0xFE,0xA0,0xFE,0xA0,0xFE,
    0xA0,0xFE,0xA0,0xFE,0xA0,0xFE,0xA0,0xFE,0xA0,0xFE,0xA0,0xFE,0xA0,0xFE,0xA0,0xFE,0xA0,0xFE,0x00,0xFF,0x00,0x4A,0x00,0x00,
    0x00,0x00,0x00,0x00,0x00,0x00,0x80,0x83,0x20,0xFF,0x80,0xFE,0xA0,0xFE,0xA0,0xFE,0xA0,0xFE,0xA0,0xFE,0xA0,0xFE,0xA0,0xFE,
    0xA0,0xFE,0xA0,0xFE,0xA0,0xFE,0xA0,0xFE,0xA0,0xFE,0xA0,0xFE,0xA0,0xFE,0xA0,0xFE,0xA0,0xFE,0xA0,0xFE,0xA0,0xFE,0xA0,0xFE,
    0xA0,0xFE,0x80,0xFE,0x00,0xFF,0x40,0x52,0x00,0x00,0x20,0x00,0x00,0x00,0xE0,0x20,0xA0,0xF6,0xA0,0xFE,0xA0,0xFE,0xA0,0xFE,
    0xA0,0xFE,0xB9,0xFF,0x00,0x00,0x00,0x00,0x00,0x00,0x00,0x00,0x00,0x00,0x00,0x00,0x00,0x00,0x00,0x00,0x00,0x00,0x00,0x00,
    0x00,0x00,0x00,0x00,0x00,0x00,0x00,0x00,0x00,0x00,0x00,0x00,0x00,0x00,0x00,0x00,0x00,0x00,0x00,0x00,0x00,0x00,0x00,0x00,
    0x00,0x00,0x00,0x00,0x00,0x00,0x00,0x00,0x00,0x00,0x00,0x00,0x00,0x00,0xA0,0xFE,0xA0,0xFE,0xA0,0xFE,0x00,0xFF,0x20,0xC5,
    0x00,0x00,0x00,0x00,0x00,0x00,0x00,0x00,0xE0,0xBC,0x00,0xFF,0x80,0xFE,0xA0,0xFE,0xA0,0xFE,0xA0,0xFE,0xA0,0xFE,0xA0,0xFE,
    0xA0,0xFE,0x80,0xFE,0x20,0xFF,0xC0,0xD5,0xA0,0x39,0x00,0x00,0x00,0x00,0x00,0x00,0x00,0x00,0x00,0x00,0x00,0x00,0xC0,0x20,
    0x20,0xBD,0x60,0xFF,0x20,0xFF,0x00,0xFF,0xC0,0xFE,0x00,0xE6,0x00,0xBD,0xC0,0x8B,0x60,0x5A,0x40,0x31,0x60,0xCD,0xE0,0xFE,
    0x80,0xFE,0xA0,0xFE,0xA0,0xFE,0xA0,0xFE,0xA0,0xFE,0xA0,0xFE,0xA0,0xFE,0xA0,0xFE,0xA0,0xFE,0xA0,0xFE,0xA0,0xFE,0xA0,0xFE,
    0xA0,0xFE,0xA0,0xFE,0xA0,0xFE,0xA0,0xFE,0xA0,0xFE,0xA0,0xFE,0xA0,0xFE,0xA0,0xFE,0xA0,0xFE,0xA0,0xFE,0xA0,0xFE,0xA0,0xFE,
    0xA0,0xFE,0xA0,0xFE,0xA0,0xFE,0xA0,0xFE,0xA0,0xFE,0xA0,0xFE,0xA0,0xFE,0xC0,0xFE,0x40,0xEE,0xA0,0x10,0x00,0x00,0x00,0x00,
    0x00,0x00,0x00,0x00,0x00,0x00,0xA0,0x18,0x60,0xEE,0xC0,0xFE,0xA0,0xFE,0xA0,0xFE,0xA0,0xFE,0xA0,0xFE,0x80,0xFE,0x00,0xFF,
    0x40,0xA4,0x00,0x00,0x00,0x00,0x00,0x00,0x00,0x00,0x00,0x00,0x00,0x00,0x80,0x5A,0x00,0xFF,0x80,0xFE,0xA0,0xFE,0xA0,0xFE,
    0xA0,0xFE,0xA0,0xFE,0xA0,0xFE,0xA0,0xFE,0xA0,0xFE,0xA0,0xFE,0xA0,0xFE,0xA0,0xFE,0xA0,0xFE,0xA0,0xFE,0xA0,0xFE,0xA0,0xFE,
    0xA0,0xFE,0xA0,0xFE,0xA0,0xFE,0xA0,0xFE,0xA0,0xFE,0xA0,0xFE,0xA0,0xFE,0xA0,0xFE,0xA0,0xFE,0xA0,0xFE,0xA0,0xFE,0xA0,0xFE,
    0xA0,0xFE,0xA0,0xFE,0xA0,0xFE,0xA0,0xFE,0xE0,0xFE,0x60,0xCD,0x00,0x00,0x00,0x00,0x00,0x00,0x00,0x00,0x80,0x10,0x20,0xEE,
    0xC0,0xFE,0xA0,0xFE,0xA0,0xFE,0xA0,0xFE,0xA0,0xFE,0xA0,0xFE,0xA0,0xFE,0xA0,0xFE,0xA0,0xFE,0xA0,0xFE,0xA0,0xFE,0xA0,0xFE,
    0xA0,0xFE,0xA0,0xFE,0xA0,0xFE,0xA0,0xFE,0xA0,0xFE,0xA0,0xFE,0xA0,0xFE,0xA0,0xFE,0xA0,0xFE,0x80,0xFE,0x00,0xFF,0x20,0xC5,
    0x00,0x00,0x00,0x00,0x00,0x00,0x00,0x00,0xA0,0xAC,0x00,0xFF,0x80,0xFE,0xA0,0xFE,0x80,0xFE,0x2D,0xFF,0x00,0x00,0x00,0x00,
    0x00,0x00,0x00,0x00,0x00,0x00,0x00,0x00,0x00,0x00,0x00,0x00,0x00,0x00,0x00,0x00,0x00,0x00,0x00,0x00,0x00,0x00,0x00,0x00,
    0x00,0x00,0x00,0x00,0x00,0x00,0x00,0x00,0x00,0x00,0x00,0x00,0x00,0x00,0x00,0x00,0x00,0x00,0x00,0x00,0x00,0x00,0x00,0x00,
    0x00,0x00,0x00,0x00,0x00,0x00,0xA0,0xFE,0xA0,0xFE,0x80,0xFE,0x20,0xFF,0x80,0x62,0x00,0x00,0x20,0x00,0x00,0x00,0x40,0x29,
    0xC0,0xFE,0xA0,0xFE,0xA0,0xFE,0xA0,0xFE,0xA0,0xFE,0xA0,0xFE,0xA0,0xFE,0xA0,0xFE,0xA0,0xFE,0xA0,0xFE,0x80,0xFE,0xE0,0xFE,
    0xC0,0xFE,0x80,0x83,0x00,0x00,0x00,0x00,0x00,0x00,0x00,0x00,0x00,0x00,0x00,0x00,0x00,0x00,0x20,0x73,0xA0,0xF6,0xC0,0xFE,
    0x80,0xFE,0xC0,0xFE,0x00,0xFF,0x20,0xFF,0x00,0xFF,0xC0,0xFE,0xA0,0xFE,0xA0,0xFE,0xA0,0xFE,0xA0,0xFE,0xA0,0xFE,0xA0,0xFE,
    0xA0,0xFE,0xA0,0xFE,0xA0,0xFE,0xA0,0xFE,0xA0,0xFE,0xA0,0xFE,0xA0,0xFE,0xA0,0xFE,0xA0,0xFE,0xA0,0xFE,0xA0,0xFE,0xA0,0xFE,
    0xA0,0xFE,0xA0,0xFE,0xA0,0xFE,0xA0,0xFE,0xA0,0xFE,0xA0,0xFE,0xA0,0xFE,0xA0,0xFE,0xA0,0xFE,0xA0,0xFE,0xA0,0xFE,0xA0,0xFE,
    0xA0,0xFE,0xA0,0xFE,0x80,0xFE,0x20,0xFF,0xE0,0x6A,0x00,0x00,0x00,0x00,0x00,0x00,0x00,0x00,0x00,0x00,0x00,0x00,0x20,0x9C,
    0x20,0xFF,0x80,0xFE,0xA0,0xFE,0xA0,0xFE,0xA0,0xFE,0xA0,0xFE,0xA0,0xFE,0xA0,0xFE,0xE0,0xFE,0xA0,0x39,0x00,0x00,0x00,0x00,
    0x00,0x00,0x00,0x00,0x00,0x00,0x00,0x00,0x40,0xC5,0xE0,0xFE,0x80,0xFE,0xA0,0xFE,0xA0,0xFE,0xA0,0xFE,0xA0,0xFE,0xA0,0xFE,
    0xA0,0xFE,0xA0,0xFE,0xA0,0xFE,0xA0,0xFE,0xA0,0xFE,0xA0,0xFE,0xA0,0xFE,0xA0,0xFE,0xA0,0xFE,0xA0,0xFE,0xA0,0xFE,0xA0,0xFE,
    0xA0,0xFE,0xA0,0xFE,0xA0,0xFE,0xA0,0xFE,0xA0,0xFE,0xA0,0xFE,0xA0,0xFE,0xA0,0xFE,0xA0,0xFE,0xA0,0xFE,0xA0,0xFE,0xA0,0xFE,
    0xA0,0xFE,0x80,0xF6,0x60,0x5A,0x00,0x00,0x20,0x08,0x00,0x00,0x20,0x73,0x20,0xFF,0x80,0xFE,0x80,0xFE,0xA0,0xFE,0xA0,0xFE,
    0xA0,0xFE,0xA0,0xFE,0xA0,0xFE,0xA0,0xFE,0xA0,0xFE,0xA0,0xFE,0xA0,0xFE,0xA0,0xFE,0xA0,0xFE,0xA0,0xFE,0xA0,0xFE,0xA0,0xFE,
    0xA0,0xFE,0xA0,0xFE,0xA0,0xFE,0xA0,0xFE,0xA0,0xFE,0xA0,0xFE,0xA0,0xFE,0xC0,0xFE,0x60,0x31,0x00,0x00,0x20,0x00,0x00,0x00,
    0x00,0x4A,0x00,0xFF,0x80,0xFE,0xA0,0xFE,0xA0,0xFE,0xC3,0xFE,0x00,0x00,0x00,0x00,0x00,0x00,0x00,0x00,0x00,0x00,0x00,0x00,
    0x00,0x00,0x00,0x00,0x00,0x00,0x00,0x00,0x00,0x00,0x00,0x00,0x00,0x00,0x00,0x00,0x00,0x00,0x00,0x00,0x00,0x00,0x00,0x00,
    0x00,0x00,0x00,0x00,0x00,0x00,0x00,0x00,0x00,0x00,0x00,0x00,0x00,0x00,0x00,0x00,0x00,0x00,0x00,0x00,0xA0,0xFE,0xA0,0xFE,
    0xA0,0xFE,0xC0,0xFE,0x20,0xEE,0x60,0x10,0x00,0x00,0x20,0x00,0x00,0x00,0xE0,0x93,0x20,0xFF,0x80,0xFE,0xA0,0xFE,0xA0,0xFE,
    0xA0,0xFE,0xA0,0xFE,0xA0,0xFE,0xA0,0xFE,0xA0,0xFE,0xA0,0xFE,0xA0,0xFE,0x80,0xFE,0xA0,0xFE,0x20,0xFF,0x60,0xC5,0x20,0x29,
    0x00,0x00,0x00,0x00,0x00,0x00,0x00,0x00,0x00,0x00,0x00,0x00,0x60,0x31,0xA0,0xCD,0x20,0xFF,0x80,0xFE,0x80,0xFE,0x80,0xFE,
    0x80,0xFE,0xA0,0xFE,0xA0,0xFE,0xA0,0xFE,0xA0,0xFE,0xA0,0xFE,0xA0,0xFE,0xA0,0xFE,0xA0,0xFE,0xA0,0xFE,0xA0,0xFE,0xA0,0xFE,
    0xA0,0xFE,0xA0,0xFE,0xA0,0xFE,0xA0,0xFE,0xA0,0xFE,0xA0,0xFE,0xA0,0xFE,0xA0,0xFE,0xA0,0xFE,0xA0,0xFE,0xA0,0xFE,0xA0,0xFE,
    0xA0,0xFE,0xA0,0xFE,0xA0,0xFE,0xA0,0xFE,0xA0,0xFE,0xA0,0xFE,0xA0,0xFE,0xA0,0xFE,0xA0,0xFE,0x80,0xFE,0xE0,0xFE,0x80,0xCD,
    0x20,0x00,0x00,0x00,0x00,0x00,0x00,0x00,0x00,0x00,0x00,0x00,0x60,0x31,0xC0,0xFE,0xA0,0xFE,0xA0,0xFE,0xA0,0xFE,0xA0,0xFE,
    0xA0,0xFE,0xA0,0xFE,0xA0,0xFE,0x80,0xFE,0x00,0xFF,0x60,0xCD,0x00,0x00,0x00,0x00,0x00,0x00,0x00,0x00,0x00,0x00,0x00,0x00,
    0x80,0x39,0xE0,0xFE,0x80,0xFE,0xA0,0xFE,0xA0,0xFE,0xA0,0xFE,0xA0,0xFE,0xA0,0xFE,0xA0,0xFE,0xA0,0xFE,0xA0,0xFE,0xA0,0xFE,
    0xA0,0xFE,0xA0,0xFE,0xA0,0xFE,0xA0,0xFE,0xA0,0xFE,0xA0,0xFE,0xA0,0xFE,0xA0,0xFE,0xA0,0xFE,0xA0,0xFE,0xA0,0xFE,0xA0,0xFE,
    0xA0,0xFE,0xA0,0xFE,0xA0,0xFE,0xA0,0xFE,0xA0,0xFE,0xA0,0xFE,0xA0,0xFE,0xA0,0xFE,0xA0,0xFE,0xC0,0xFE,0xE0,0xFE,0x00,0x4A,
    0x00,0x00,0x60,0x08,0x00,0xE6,0xC0,0xFE,0x80,0xFE,0x00,0xFF,0xA0,0xFE,0xA0,0xFE,0xA0,0xFE,0xA0,0xFE,0xA0,0xFE,0xA0,0xFE,
    0xA0,0xFE,0xA0,0xFE,0xA0,0xFE,0xA0,0xFE,0xA0,0xFE,0xA0,0xFE,0xA0,0xFE,0xA0,0xFE,0xA0,0xFE,0xA0,0xFE,0xA0,0xFE,0xA0,0xFE,
    0xA0,0xFE,0xA0,0xFE,0x80,0xFE,0x00,0xFF,0x20,0x9C,0x00,0x00,0x00,0x00,0x00,0x00,0x20,0x08,0xE0,0xDD,0xE0,0xFE,0xA0,0xFE,
    0xA0,0xFE,0x80,0xFE,0x94,0xFF,0x00,0x00,0x00,0x00,0x00,0x00,0x00,0x00,0x00,0x00,0x00,0x00,0x00,0x00,0x00,0x00,0x00,0x00,
    0x00,0x00,0x00,0x00,0x00,0x00,0x00,0x00,0x00,0x00,0x00,0x00,0x00,0x00,0x00,0x00,0x00,0x00,0x00,0x00,0x00,0x00,0x00,0x00,
    0x00,0x00,0x00,0x00,0x00,0x00,0x00,0x00,0x00,0x00,0x00,0x00,0x80,0xFE,0xA0,0xFE,0x80,0xFE,0x20,0xFF,0x20,0x9C,0x00,0x00,
    0x20,0x00,0x00,0x00,0x60,0x08,0x20,0xE6,0xC0,0xFE,0xA0,0xFE,0xA0,0xFE,0xA0,0xFE,0xA0,0xFE,0xA0,0xFE,0xA0,0xFE,0xA0,0xFE,
    0xA0,0xFE,0xA0,0xFE,0xA0,0xFE,0xA0,0xFE,0xA0,0xFE,0x80,0xFE,0x00,0xFF,0x80,0xF6,0xE0,0x6A,0x00,0x00,0x00,0x00,0x00,0x00,
    0x00,0x00,0x00,0x00,0x00,0x00,0x40,0x08,0xE0,0x93,0x00,0xFF,0xE0,0xFE,0xA0,0xFE,0xA0,0xFE,0xA0,0xFE,0xA0,0xFE,0xA0,0xFE,
    0xA0,0xFE,0xA0,0xFE,0xA0,0xFE,0xA0,0xFE,0xA0,0xFE,0xA0,0xFE,0xA0,0xFE,0xA0,0xFE,0xA0,0xFE,0xA0,0xFE,0xA0,0xFE,0xA0,0xFE,
    0xA0,0xFE,0xA0,0xFE,0xA0,0xFE,0xA0,0xFE,0xA0,0xFE,0xA0,0xFE,0xA0,0xFE,0xA0,0xFE,0xA0,0xFE,0xA0,0xFE,0xA0,0xFE,0xA0,0xFE,
    0xA0,0xFE,0xA0,0xFE,0xA0,0xFE,0xA0,0xFE,0xA0,0xFE,0x80,0xFE,0x00,0xFF,0xC0,0x41,0x00,0x00,0x00,0x00,0x00,0x00,0x00,0x00,
    0x00,0x00,0x00,0x00,0x20,0xC5,0xE0,0xFE,0x80,0xFE,0xA0,0xFE,0xA0,0xFE,0xA0,0xFE,0xA0,0xFE,0xA0,0xFE,0xA0,0xFE,0xA0,0xFE,
    0x80,0xFE,0x20,0xFF,0xA0,0x62,0x00,0x00,0x00,0x00,0x00,0x00,0x00,0x00,0x00,0x00,0x00,0x00,0x40,0xA4,0x00,0xFF,0x80,0xFE,
    0xA0,0xFE,0xA0,0xFE,0xA0,0xFE,0xA0,0xFE,0xA0,0xFE,0xA0,0xFE,0xA0,0xFE,0xA0,0xFE,0xA0,0xFE,0xA0,0xFE,0xA0,0xFE,0xA0,0xFE,
    0xA0,0xFE,0xA0,0xFE,0xA0,0xFE,0xA0,0xFE,0xA0,0xFE,0xA0,0xFE,0xA0,0xFE,0xA0,0xFE,0xA0,0xFE,0xA0,0xFE,0xA0,0xFE,0xA0,0xFE,
    0xA0,0xFE,0xA0,0xFE,0xA0,0xFE,0xA0,0xFE,0xA0,0xFE,0x80,0xFE,0xC0,0xFE,0xC0,0xF6,0x00,0x21,0xA0,0x62,0x00,0xFF,0xC0,0xFE,
    0xE0,0xFE,0x80,0xAC,0x40,0xEE,0xC0,0xFE,0xA0,0xFE,0xA0,0xFE,0xA0,0xFE,0xA0,0xFE,0xA0,0xFE,0xA0,0xFE,0xA0,0xFE,0xA0,0xFE,
    0xA0,0xFE,0xA0,0xFE,0xA0,0xFE,0xA0,0xFE,0xA0,0xFE,0xA0,0xFE,0xA0,0xFE,0xA0,0xFE,0xA0,0xFE,0xA0,0xFE,0xA0,0xFE,0xC0,0xFE,
    0x40,0xEE,0x80,0x10,0x00,0x00,0x20,0x00,0x00,0x00,0xC0,0x8B,0x20,0xFF,0x80,0xFE,0xA0,0xFE,0x80,0xFE,0x09,0xFF,0x00,0x00,
    0x00,0x00,0x00,0x00,0x00,0x00,0x00,0x00,0x00,0x00,0x00,0x00,0x00,0x00,0x00,0x00,0x00,0x00,0x00,0x00,0x00,0x00,0x00,0x00,
    0x00,0x00,0x00,0x00,0x00,0x00,0x00,0x00,0x00,0x00,0x00,0x00,0x00,0x00,0x00,0x00,0x00,0x00,0x00,0x00,0x00,0x00,0x00,0x00,
    0x00,0x00,0xC3,0xFE,0xA0,0xFE,0xA0,0xFE,0xA0,0xFE,0x00,0xFF,0xC0,0x41,0x00,0x00,0x20,0x00,0x00,0x00,0x60,0x5A,0x00,0xFF,
    0x80,0xFE,0xA0,0xFE,0xA0,0xFE,0xA0,0xFE,0xA0,0xFE,0xA0,0xFE,0xA0,0xFE,0xA0,0xFE,0xA0,0xFE,0xA0,0xFE,0xA0,0xFE,0xA0,0xFE,
    0xA0,0xFE,0xA0,0xFE,0x80,0xFE,0xA0,0xFE,0x20,0xFF,0xA0,0xAC,0xA0,0x18,0x00,0x00,0x00,0x00,0x00,0x00,0x00,0x00,0x00,0x00,
    0x00,0x00,0x20,0x4A,0xC0,0xD5,0xC0,0xFE,0xA0,0xFE,0xA0,0xFE,0xA0,0xFE,0xA0,0xFE,0xA0,0xFE,0xA0,0xFE,0xA0,0xFE,0xA0,0xFE,
    0xA0,0xFE,0xA0,0xFE,0xA0,0xFE,0xA0,0xFE,0xA0,0xFE,0xA0,0xFE,0xA0,0xFE,0xA0,0xFE,0xA0,0xFE,0xA0,0xFE,0xA0,0xFE,0xA0,0xFE,
    0xA0,0xFE,0xA0,0xFE,0xA0,0xFE,0xA0,0xFE,0xA0,0xFE,0xA0,0xFE,0xA0,0xFE,0xA0,0xFE,0xA0,0xFE,0xA0,0xFE,0xA0,0xFE,0xA0,0xFE,
    0x80,0xFE,0x00,0xFF,0x80,0xAC,0x00,0x00,0x00,0x00,0x00,0x00,0x00,0x00,0x00,0x00,0x00,0x00,0x60,0x5A,0x20,0xFF,0x80,0xFE,
    0xA0,0xFE,0xA0,0xFE,0xA0,0xFE,0xA0,0xFE,0xA0,0xFE,0xA0,0xFE,0xA0,0xFE,0xA0,0xFE,0xA0,0xFE,0xC0,0xFE,0x00,0xE6,0x60,0x10,
    0x00,0x00,0x00,0x00,0x00,0x00,0x00,0x00,0x00,0x00,0xC0,0x18,0x60,0xF6,0xA0,0xFE,0xA0,0xFE,0xA0,0xFE,0xA0,0xFE,0xA0,0xFE,
    0xA0,0xFE,0xA0,0xFE,0xA0,0xFE,0xA0,0xFE,0xA0,0xFE,0xA0,0xFE,0xA0,0xFE,0xA0,0xFE,0xA0,0xFE,0xA0,0xFE,0xA0,0xFE,0xA0,0xFE,
    0xA0,0xFE,0xA0,0xFE,0xA0,0xFE,0xA0,0xFE,0xA0,0xFE,0xA0,0xFE,0xA0,0xFE,0xA0,0xFE,0xA0,0xFE,0xA0,0xFE,0xA0,0xFE,0xA0,0xFE,
    0xA0,0xFE,0xA0,0xFE,0x80,0xFE,0xE0,0xFE,0xE0,0xDD,0x00,0xE6,0x40,0xFF,0xC0,0xD5,0x20,0x4A,0x00,0x00,0x40,0x7B,0x20,0xFF,
    0x80,0xFE,0xA0,0xFE,0xA0,0xFE,0xA0,0xFE,0xA0,0xFE,0xA0,0xFE,0xA0,0xFE,0xA0,0xFE,0xA0,0xFE,0xA0,0xFE,0xA0,0xFE,0xA0,0xFE,
    0xA0,0xFE,0xA0,0xFE,0xA0,0xFE,0xA0,0xFE,0xA0,0xFE,0xA0,0xFE,0xA0,0xFE,0x80,0xFE,0x00,0xFF,0xC0,0x6A,0x00,0x00,0x20,0x00,
    0x00,0x00,0x40,0x31,0xC0,0xFE,0xA0,0xFE,0xA0,0xFE,0xA0,0xFE,0xC1,0xFE,0xDC,0xFF,0x00,0x00,0x00,0x00,0x00,0x00,0x00,0x00,
    0x00,0x00,0x00,0x00,0x00,0x00,0x00,0x00,0x00,0x00,0x00,0x00,0x00,0x00,0x00,0x00,0x00,0x00,0x00,0x00,0x00,0x00,0x00,0x00,
    0x00,0x00,0x00,0x00,0x00,0x00,0x00,0x00,0x00,0x00,0x00,0x00,0x00,0x00,0x00,0x00,0x00,0x00,0xA0,0xFE,0xA0,0xFE,0xA0,0xFE,
    0xE0,0xFE,0xC0,0xDD,0x20,0x00,0x00,0x00,0x00,0x00,0x00,0x00,0xE0,0xBC,0x00,0xFF,0x80,0xFE,0xA0,0xFE,0xA0,0xFE,0xA0,0xFE,
    0xA0,0xFE,0xA0,0xFE,0xA0,0xFE,0xA0,0xFE,0xA0,0xFE,0xA0,0xFE,0xA0,0xFE,0xA0,0xFE,0xA0,0xFE,0xA0,0xFE,0xA0,0xFE,0xA0,0xFE,
    0x80,0xFE,0x00,0xFF,0x20,0xE6,0x20,0x4A,0x00,0x00,0x00,0x00,0x00,0x00,0x00,0x00,0x20,0x00,0x00,0x00,0xE0,0x93,0x00,0xFF,
    0x80,0xFE,0xA0,0xFE,0xA0,0xFE,0xA0,0xFE,0xA0,0xFE,0xA0,0xFE,0xA0,0xFE,0xA0,0xFE,0xA0,0xFE,0xA0,0xFE,0xA0,0xFE,0xA0,0xFE,
    0xA0,0xFE,0xA0,0xFE,0xA0,0xFE,0xA0,0xFE,0xA0,0xFE,0xA0,0xFE,0xA0,0xFE,0xA0,0xFE,0xA0,0xFE,0xA0,0xFE,0xA0,0xFE,0xA0,0xFE,
    0xA0,0xFE,0xA0,0xFE,0xA0,0xFE,0xA0,0xFE,0xA0,0xFE,0xA0,0xFE,0xA0,0xFE,0xA0,0xFE,0xA0,0xFE,0xA0,0xF6,0xE0,0x20,0x00,0x00,
    0x00,0x00,0x00,0x00,0x00,0x00,0x00,0x00,0x60,0x08,0x00,0xE6,0xC0,0xFE,0x80,0xFE,0xA0,0xFE,0xA0,0xFE,0xA0,0xFE,0xA0,0xFE,
    0xA0,0xFE,0xA0,0xFE,0xA0,0xFE,0xA0,0xFE,0xA0,0xFE,0x80,0xFE,0x20,0xFF,0xC0,0x8B,0x00,0x00,0x00,0x00,0x00,0x00,0x00,0x00,
    0x00,0x00,0x00,0x00,0x20,0x73,0x20,0xFF,0x80,0xFE,0xA0,0xFE,0xA0,0xFE,0xA0,0xFE,0xA0,0xFE,0xA0,0xFE,0xA0,0xFE,0xA0,0xFE,
    0xA0,0xFE,0xA0,0xFE,0xA0,0xFE,0xA0,0xFE,0xA0,0xFE,0xA0,0xFE,0xA0,0xFE,0xA0,0xFE,0xA0,0xFE,0xA0,0xFE,0xA0,0xFE,0xA0,0xFE,
    0xA0,0xFE,0xA0,0xFE,0xA0,0xFE,0xA0,0xFE,0xA0,0xFE,0xA0,0xFE,0xA0,0xFE,0xA0,0xFE,0xA0,0xFE,0xA0,0xFE,0xA0,0xFE,0x80,0xFE,
    0xC0,0xFE,0xA0,0xF6,0x40,0x7B,0x40,0x08,0x00,0x00,0x00,0x00,0x20,0x00,0xA0,0xD5,0x00,0xFF,0x80,0xFE,0xA0,0xFE,0xA0,0xFE,
    0xA0,0xFE,0xA0,0xFE,0xA0,0xFE,0xA0,0xFE,0xA0,0xFE,0xA0,0xFE,0xA0,0xFE,0xA0,0xFE,0xA0,0xFE,0xA0,0xFE,0xA0,0xFE,0xA0,0xFE,
    0xA0,0xFE,0xA0,0xFE,0xA0,0xFE,0x80,0xFE,0xE0,0xFE,0x00,0xBD,0x00,0x00,0x00,0x00,0x00,0x00,0x00,0x00,0x80,0xCD,0xE0,0xFE,
    0x80,0xFE,0xA0,0xFE,0x80,0xFE,0x73,0xFF,0x00,0x00,0x00,0x00,0x00,0x00,0x00,0x00,0x00,0x00,0x00,0x00,0x00,0x00,0x00,0x00,
    0x00,0x00,0x00,0x00,0x00,0x00,0x00,0x00,0x00,0x00,0x00,0x00,0x00,0x00,0x00,0x00,0x00,0x00,0x00,0x00,0x00,0x00,0x00,0x00,
    0x00,0x00,0x00,0x00,0x00,0x00,0x00,0x00,0x00,0x00,0x80,0xFE,0xA0,0xFE,0x80,0xFE,0x20,0xFF,0xC0,0x8B,0x00,0x00,0x20,0x00,
    0x00,0x00,0x00,0x21,0xA0,0xFE,0xA0,0xFE,0xA0,0xFE,0xA0,0xFE,0xA0,0xFE,0xA0,0xFE,0xA0,0xFE,0xA0,0xFE,0xA0,0xFE,0xA0,0xFE,
    0xA0,0xFE,0xA0,0xFE,0xA0,0xFE,0xA0,0xFE,0xA0,0xFE,0xA0,0xFE,0xA0,0xFE,0xA0,0xFE,0xA0,0xFE,0x80,0xFE,0xC0,0xFE,0xE0,0xFE,
    0xE0,0x93,0x40,0x08,0x00,0x00,0x20,0x00,0x00,0x00,0x20,0x52,0x00,0xFF,0x80,0xFE,0xA0,0xFE,0xA0,0xFE,0xA0,0xFE,0xA0,0xFE,
    0xA0,0xFE,0xA0,0xFE,0xA0,0xFE,0xA0,0xFE,0xA0,0xFE,0xA0,0xFE,0xA0,0xFE,0xA0,0xFE,0xA0,0xFE,0xA0,0xFE,0xA0,0xFE,0xA0,0xFE,
    0xA0,0xFE,0xA0,0xFE,0xA0,0xFE,0xA0,0xFE,0xA0,0xFE,0xA0,0xFE,0xA0,0xFE,0xA0,0xFE,0xA0,0xFE,0xA0,0xFE,0xA0,0xFE,0xA0,0xFE,
    0xA0,0xFE,0xA0,0xFE,0xA0,0xFE,0x80,0xFE,0x20,0xFF,0x60,0x83,0x00,0x00,0x00,0x00,0x00,0x00,0x00,0x00,0x00,0x00,0x00,0x00,
    0xA0,0x83,0x20,0xFF,0x80,0xFE,0xA0,0xFE,0xA0,0xFE,0xA0,0xFE,0xA0,0xFE,0x80,0xFE,0x80,0xFE,0x80,0xFE,0xA0,0xFE,0xA0,0xFE,
    0xA0,0xFE,0xA0,0xFE,0xA0,0xFE,0xC0,0xFE,0x20,0x29,0x00,0x00,0x00,0x00,0x00,0x00,0x00,0x00,0x00,0x00,0x20,0x00,0xA0,0xD5,
    0xE0,0xFE,0x80,0xFE,0xA0,0xFE,0xA0,0xFE,0xA0,0xFE,0xA0,0xFE,0xA0,0xFE,0xA0,0xFE,0xA0,0xFE,0xA0,0xFE,0xA0,0xFE,0xA0,0xFE,
    0xA0,0xFE,0xA0,0xFE,0xA0,0xFE,0xA0,0xFE,0xA0,0xFE,0xA0,0xFE,0xA0,0xFE,0xA0,0xFE,0xA0,0xFE,0xA0,0xFE,0xA0,0xFE,0xA0,0xFE,
    0xA0,0xFE,0xA0,0xFE,0xA0,0xFE,0xA0,0xFE,0xA0,0xFE,0xA0,0xFE,0xA0,0xFE,0xA0,0xFE,0xA0,0xFE,0x80,0xF6,0xE0,0x20,0x00,0x00,
    0x20,0x00,0x00,0x00,0x00,0x00,0x40,0x31,0x80,0xF6,0xA0,0xFE,0xA0,0xFE,0xA0,0xFE,0xA0,0xFE,0xA0,0xFE,0xA0,0xFE,0xA0,0xFE,
    0xA0,0xFE,0xA0,0xFE,0xA0,0xFE,0xA0,0xFE,0xA0,0xFE,0xA0,0xFE,0xA0,0xFE,0xA0,0xFE,0xA0,0xFE,0xA0,0xFE,0xA0,0xFE,0xA0,0xFE,
    0xA0,0xFE,0xA0,0xFE,0x00,0x21,0x00,0x00,0x20,0x00,0x00,0x00,0x60,0x83,0x20,0xFF,0x80,0xFE,0xA0,0xFE,0x80,0xFE,0x09,0xFF,
    0x00,0x00,0x00,0x00,0x00,0x00,0x00,0x00,0x00,0x00,0x00,0x00,0x00,0x00,0x00,0x00,0x00,0x00,0x00,0x00,0x00,0x00,0x00,0x00,
    0x00,0x00,0x00,0x00,0x00,0x00,0x00,0x00,0x00,0x00,0x00,0x00,0x00,0x00,0x00,0x00,0x00,0x00,0x00,0x00,0x00,0x00,0x00,0x00,
    0xC5,0xFE,0xA0,0xFE,0xA0,0xFE,0xA0,0xFE,0xE0,0xFE,0xA0,0x39,0x00,0x00,0x20,0x00,0x00,0x00,0x20,0x73,0x20,0xFF,0x80,0xFE,
    0xA0,0xFE,0xA0,0xFE,0xA0,0xFE,0xA0,0xFE,0xA0,0xFE,0xA0,0xFE,0xA0,0xFE,0xA0,0xFE,0xA0,0xFE,0xA0,0xFE,0xA0,0xFE,0xA0,0xFE,
    0xA0,0xFE,0xA0,0xFE,0xA0,0xFE,0xA0,0xFE,0xA0,0xFE,0xA0,0xFE,0xA0,0xFE,0x80,0xFE,0x20,0xFF,0xA0,0xD5,0x80,0x39,0x00,0x00,
    0x80,0x10,0x20,0xE6,0xC0,0xFE,0x80,0xFE,0xA0,0xFE,0xA0,0xFE,0xA0,0xFE,0xA0,0xFE,0xA0,0xFE,0xA0,0xFE,0xA0,0xFE,0xA0,0xFE,
    0xA0,0xFE,0xA0,0xFE,0xA0,0xFE,0xA0,0xFE,0xA0,0xFE,0xA0,0xFE,0xA0,0xFE,0xA0,0xFE,0xA0,0xFE,0xA0,0xFE,0xA0,0xFE,0xA0,0xFE,
    0xA0,0xFE,0xA0,0xFE,0xA0,0xFE,0xA0,0xFE,0xA0,0xFE,0xA0,0xFE,0xA0,0xFE,0xA0,0xFE,0xA0,0xFE,0xA0,0xFE,0xA0,0xFE,0xC0,0xFE,
    0xE0,0xDD,0x40,0x08,0x00,0x00,0x00,0x00,0x00,0x00,0x00,0x00,0x00,0x00,0x00,0x21,0xA0,0xFE,0xA0,0xFE,0xA0,0xFE,0xA0,0xFE,
    0xA0,0xFE,0x80,0xFE,0xC0,0xFE,0x00,0xFF,0x00,0xFF,0xE0,0xFE,0xA0,0xFE,0x80,0xFE,0xA0,0xFE,0xA0,0xFE,0x80,0xFE,0x00,0xFF,
    0xE0,0xBC,0x00,0x00,0x00,0x00,0x00,0x00,0x00,0x00,0x00,0x00,0x00,0x00,0x00,0x4A,0x00,0xFF,0x80,0xFE,0xA0,0xFE,0xA0,0xFE,
    0xA0,0xFE,0xA0,0xFE,0xA0,0xFE,0xA0,0xFE,0xA0,0xFE,0xA0,0xFE,0xA0,0xFE,0xA0,0xFE,0xA0,0xFE,0xA0,0xFE,0xA0,0xFE,0xA0,0xFE,
    0xA0,0xFE,0xA0,0xFE,0xA0,0xFE,0xA0,0xFE,0xA0,0xFE,0xA0,0xFE,0xA0,0xFE,0xA0,0xFE,0xA0,0xFE,0xA0,0xFE,0xA0,0xFE,0xA0,0xFE,
    0xA0,0xFE,0xA0,0xFE,0xA0,0xFE,0xA0,0xFE,0x80,0xFE,0x00,0xFF,0x60,0xCD,0x00,0x00,0x20,0x00,0x00,0x00,0x00,0x00,0x20,0x29,
    0x00,0xDE,0xC0,0xFE,0xA0,0xFE,0xA0,0xFE,0xA0,0xFE,0xA0,0xFE,0xA0,0xFE,0xA0,0xFE,0xA0,0xFE,0xA0,0xFE,0xA0,0xFE,0xA0,0xFE,
    0xA0,0xFE,0xA0,0xFE,0xA0,0xFE,0xA0,0xFE,0xA0,0xFE,0xA0,0xFE,0xA0,0xFE,0xA0,0xFE,0x80,0xFE,0x20,0xFF,0x00,0x73,0x00,0x00,
    0x20,0x00,0x00,0x00,0x40,0x31,0xC0,0xFE,0xA0,0xFE,0xA0,0xFE,0xA0,0xFE,0xA2,0xFE,0xDD,0xFF,0x00,0x00,0x00,0x00,0x00,0x00,
    0x00,0x00,0x00,0x00,0x00,0x00,0x00,0x00,0x00,0x00,0x00,0x00,0x00,0x00,0x00,0x00,0x00,0x00,0x00,0x00,0x00,0x00,0x00,0x00,
    0x00,0x00,0x00,0x00,0x00,0x00,0x00,0x00,0x00,0x00,0x00,0x00,0x00,0x00,0x00,0x00,0xA0,0xFE,0xA0,0xFE,0xA0,0xFE,0xE0,0xFE,
    0xE0,0xDD,0x20,0x00,0x00,0x00,0x00,0x00,0x00,0x00,0x40,0xC5,0xE0,0xFE,0x80,0xFE,0xA0,0xFE,0xA0,0xFE,0xA0,0xFE,0xA0,0xFE,
    0xA0,0xFE,0xA0,0xFE,0xA0,0xFE,0xA0,0xFE,0xA0,0xFE,0xA0,0xFE,0xA0,0xFE,0xA0,0xFE,0xA0,0xFE,0xA0,0xFE,0xA0,0xFE,0xA0,0xFE,
    0xA0,0xFE,0xA0,0xFE,0xA0,0xFE,0xA0,0xFE,0x80,0xFE,0xE0,0xFE,0xC0,0xFE,0x20,0x73,0x60,0xA4,0x20,0xFF,0x80,0xFE,0xA0,0xFE,
    0xA0,0xFE,0xA0,0xFE,0xA0,0xFE,0xA0,0xFE,0xA0,0xFE,0xA0,0xFE,0xA0,0xFE,0xA0,0xFE,0xA0,0xFE,0xA0,0xFE,0xA0,0xFE,0xA0,0xFE,
    0xA0,0xFE,0xA0,0xFE,0xA0,0xFE,0xA0,0xFE,0xA0,0xFE,0xA0,0xFE,0xA0,0xFE,0xA0,0xFE,0xA0,0xFE,0xA0,0xFE,0xA0,0xFE,0xA0,0xFE,
    0xA0,0xFE,0xA0,0xFE,0xA0,0xFE,0xA0,0xFE,0xA0,0xFE,0xA0,0xFE,0x80,0xFE,0x00,0xFF,0x40,0x52,0x00,0x00,0x00,0x00,0x00,0x00,
    0x00,0x00,0x00,0x00,0x00,0x00,0xA0,0xB4,0x00,0xFF,0x80,0xFE,0xA0,0xFE,0x80,0xFE,0xA0,0xFE,0x00,0xFF,0x20,0xE6,0xC0,0xB4,
    0x80,0xAC,0x80,0xCD,0xC0,0xFE,0x00,0xFF,0x80,0xFE,0xA0,0xFE,0xA0,0xFE,0x80,0xFE,0x00,0xFF,0x20,0x52,0x00,0x00,0x00,0x00,
    0x00,0x00,0x00,0x00,0x00,0x00,0x00,0x00,0xC0,0xB4,0x00,0xFF,0x80,0xFE,0xA0,0xFE,0xA0,0xFE,0xA0,0xFE,0xA0,0xFE,0xA0,0xFE,
    0xA0,0xFE,0xA0,0xFE,0xA0,0xFE,0xA0,0xFE,0xA0,0xFE,0xA0,0xFE,0xA0,0xFE,0xA0,0xFE,0xA0,0xFE,0xA0,0xFE,0xA0,0xFE,0xA0,0xFE,
    0xA0,0xFE,0xA0,0xFE,0xA0,0xFE,0xA0,0xFE,0xA0,0xFE,0xA0,0xFE,0xA0,0xFE,0xA0,0xFE,0xA0,0xFE,0xA0,0xFE,0xA0,0xFE,0xA0,0xFE,
    0xA0,0xFE,0x80,0xFE,0x20,0xFF,0x20,0x73,0x00,0x00,0x80,0x10,0xC0,0x8B,0xC0,0xFE,0xC0,0xFE,0xA0,0xFE,0xA0,0xFE,0xA0,0xFE,
    0xA0,0xFE,0xA0,0xFE,0xA0,0xFE,0xA0,0xFE,0xA0,0xFE,0xA0,0xFE,0xA0,0xFE,0xA0,0xFE,0xA0,0xFE,0xA0,0xFE,0xA0,0xFE,0xA0,0xFE,
    0xA0,0xFE,0xA0,0xFE,0xA0,0xFE,0xA0,0xFE,0x80,0xFE,0xE0,0xFE,0x00,0xBD,0x00,0x00,0x00,0x00,0x00,0x00,0x00,0x00,0xA0,0xD5,
    0xE0,0xFE,0x80,0xFE,0xA0,0xFE,0x80,0xFE,0x95,0xFF,0x00,0x00,0x00,0x00,0x00,0x00,0x00,0x00,0x00,0x00,0x00,0x00,0x00,0x00,
    0x00,0x00,0x00,0x00,0x00,0x00,0x00,0x00,0x00,0x00,0x00,0x00,0x00,0x00,0x00,0x00,0x00,0x00,0x00,0x00,0x00,0x00,0x00,0x00,
    0x00,0x00,0x00,0x00,0x00,0x00,0x00,0x00,0x80,0xFE,0xA0,0xFE,0x80,0xFE,0x20,0xFF,0x20,0x9C,0x00,0x00,0x20,0x00,0x00,0x00,
    0xE0,0x20,0xA0,0xFE,0xA0,0xFE,0xA0,0xFE,0xA0,0xFE,0xA0,0xFE,0xA0,0xFE,0xA0,0xFE,0xA0,0xFE,0xA0,0xFE,0xA0,0xFE,0xA0,0xFE,
    0xA0,0xFE,0xA0,0xFE,0xA0,0xFE,0xA0,0xFE,0xA0,0xFE,0xA0,0xFE,0xA0,0xFE,0xA0,0xFE,0xA0,0xFE,0xA0,0xFE,0xA0,0xFE,0xA0,0xFE,
    0xA0,0xFE,0x80,0xFE,0xA0,0xFE,0x00,0xFF,0xC0,0xFE,0xA0,0xFE,0xA0,0xFE,0xA0,0xFE,0xA0,0xFE,0xA0,0xFE,0xA0,0xFE,0xA0,0xFE,
    0xA0,0xFE,0xA0,0xFE,0xA0,0xFE,0xA0,0xFE,0xA0,0xFE,0xA0,0xFE,0xA0,0xFE,0xA0,0xFE,0xA0,0xFE,0xA0,0xFE,0xA0,0xFE,0xA0,0xFE,
    0xA0,0xFE,0xA0,0xFE,0xA0,0xFE,0xA0,0xFE,0xA0,0xFE,0xA0,0xFE,0xA0,0xFE,0xA0,0xFE,0xA0,0xFE,0xA0,0xFE,0xA0,0xFE,0xA0,0xFE,
    0xA0,0xFE,0x80,0xFE,0x00,0xFF,0x00,0xBD,0x00,0x00,0x00,0x00,0x00,0x00,0x00,0x00,0x00,0x00,0x00,0x00,0x00,0x4A,0x00,0xFF,
    0x80,0xFE,0xA0,0xFE,0x80,0xFE,0xC0,0xFE,0x60,0xEE,0xE0,0x6A,0x60,0x10,0x00,0x00,0x00,0x00,0x00,0x00,0x60,0x31,0xE0,0xB4,
    0x00,0xFF,0x80,0xFE,0xA0,0xFE,0xA0,0xFE,0xC0,0xFE,0xC0,0xDD,0x40,0x08,0x00,0x00,0x00,0x00,0x00,0x00,0x00,0x00,0x00,0x00,
    0x20,0x29,0xA0,0xFE,0xA0,0xFE,0xA0,0xFE,0xA0,0xFE,0xA0,0xFE,0xA0,0xFE,0xA0,0xFE,0xA0,0xFE,0xA0,0xFE,0xA0,0xFE,0xA0,0xFE,
    0xA0,0xFE,0xA0,0xFE,0xA0,0xFE,0xA0,0xFE,0xA0,0xFE,0xA0,0xFE,0xA0,0xFE,0xA0,0xFE,0xA0,0xFE,0xA0,0xFE,0xA0,0xFE,0xA0,0xFE,
    0xA0,0xFE,0xA0,0xFE,0xA0,0xFE,0xA0,0xFE,0xA0,0xFE,0xA0,0xFE,0xA0,0xFE,0xA0,0xFE,0xA0,0xFE,0xA0,0xFE,0xA0,0xFE,0x60,0xF6,
    0x00,0x6B,0xC0,0xDD,0x20,0xFF,0xA0,0xFE,0xA0,0xFE,0xA0,0xFE,0xA0,0xFE,0xA0,0xFE,0xA0,0xFE,0xA0,0xFE,0xA0,0xFE,0xA0,0xFE,
    0xA0,0xFE,0xA0,0xFE,0xA0,0xFE,0xA0,0xFE,0xA0,0xFE,0xA0,0xFE,0xA0,0xFE,0xA0,0xFE,0xA0,0xFE,0xA0,0xFE,0xA0,0xFE,0xA0,0xFE,
    0xA0,0xFE,0xA0,0xFE,0x60,0xF6,0xC0,0x18,0x00,0x00,0x20,0x00,0x00,0x00,0x00,0x94,0x20,0xFF,0x80,0xFE,0xA0,0xFE,0x80,0xFE,
    0x2D,0xFF,0x00,0x00,0x00,0x00,0x00,0x00,0x00,0x00,0x00,0x00,0x00,0x00,0x00,0x00,0x00,0x00,0x00,0x00,0x00,0x00,0x00,0x00,
    0x00,0x00,0x00,0x00,0x00,0x00,0x00,0x00,0x00,0x00,0x00,0x00,0x00,0x00,0x00,0x00,0x00,0x00,0x00,0x00,0x00,0x00,0x09,0xFF,
    0xA0,0xFE,0xA0,0xFE,0x80,0xFE,0x00,0xFF,0x40,0x52,0x00,0x00,0x20,0x08,0x00,0x00,0xE0,0x6A,0x20,0xFF,0x80,0xFE,0xA0,0xFE,
    0xA0,0xFE,0xA0,0xFE,0xA0,0xFE,0xA0,0xFE,0xA0,0xFE,0xA0,0xFE,0xA0,0xFE,0xA0,0xFE,0xA0,0xFE,0xA0,0xFE,0xA0,0xFE,0xA0,0xFE,
    0xA0,0xFE,0xA0,0xFE,0xA0,0xFE,0xA0,0xFE,0xA0,0xFE,0xA0,0xFE,0xA0,0xFE,0xA0,0xFE,0xA0,0xFE,0xA0,0xFE,0xA0,0xFE,0x80,0xFE,
    0xA0,0xFE,0xA0,0xFE,0xA0,0xFE,0xA0,0xFE,0xA0,0xFE,0xA0,0xFE,0xA0,0xFE,0xA0,0xFE,0xA0,0xFE,0xA0,0xFE,0xA0,0xFE,0xA0,0xFE,
    0xA0,0xFE,0xA0,0xFE,0xA0,0xFE,0xA0,0xFE,0xA0,0xFE,0xA0,0xFE,0xA0,0xFE,0xA0,0xFE,0xA0,0xFE,0xA0,0xFE,0xA0,0xFE,0xA0,0xFE,
    0xA0,0xFE,0xA0,0xFE,0xA0,0xFE,0xA0,0xFE,0xA0,0xFE,0xA0,0xFE,0xA0,0xFE,0xA0,0xFE,0xA0,0xFE,0xA0,0xFE,0xC0,0xFE,0x40,0x29,
    0x00,0x00,0x00,0x00,0x00,0x00,0x00,0x00,0x00,0x00,0x20,0x08,0xC0,0xDD,0xE0,0xFE,0xA0,0xFE,0xA0,0xFE,0xC0,0xFE,0x40,0xEE,
    0x40,0x29,0x00,0x00,0x00,0x00,0x00,0x00,0x00,0x00,0x00,0x00,0x00,0x00,0x00,0x00,0x41,0x9C,0x00,0xFF,0x80,0xFE,0xA0,0xFE,
    0x80,0xFE,0x20,0xFF,0x40,0x7B,0x00,0x00,0x00,0x00,0x00,0x00,0x00,0x00,0x00,0x00,0x00,0x00,0xC0,0x8B,0x20,0xFF,0x80,0xFE,
    0xA0,0xFE,0xA0,0xFE,0xA0,0xFE,0xA0,0xFE,0xA0,0xFE,0xA0,0xFE,0xA0,0xFE,0xA0,0xFE,0xA0,0xFE,0xA0,0xFE,0xA0,0xFE,0xA0,0xFE,
    0xA0,0xFE,0xA0,0xFE,0xA0,0xFE,0xA0,0xFE,0xA0,0xFE,0xA0,0xFE,0xA0,0xFE,0xA0,0xFE,0xA0,0xFE,0xA0,0xFE,0xA0,0xFE,0xA0,0xFE,
    0xA0,0xFE,0xA0,0xFE,0xA0,0xFE,0xA0,0xFE,0xA0,0xFE,0xA0,0xFE,0xA0,0xFE,0xA0,0xFE,0x00,0xFF,0xC0,0xFE,0x80,0xFE,0xA0,0xFE,
    0xA0,0xFE,0xA0,0xFE,0xA0,0xFE,0xA0,0xFE,0xA0,0xFE,0xA0,0xFE,0xA0,0xFE,0xA0,0xFE,0xA0,0xFE,0xA0,0xFE,0xA0,0xFE,0xA0,0xFE,
    0xA0,0xFE,0xA0,0xFE,0xA0,0xFE,0xA0,0xFE,0xA0,0xFE,0xA0,0xFE,0xA0,0xFE,0xA0,0xFE,0xA0,0xFE,0x80,0xFE,0x00,0xFF,0x80,0x5A,
    0x00,0x00,0x20,0x00,0x00,0x00,0x20,0x4A,0x00,0xFF,0x80,0xFE,0xA0,0xFE,0xA0,0xFE,0xE5,0xFE,0xFF,0xFF,0x00,0x00,0x00,0x00,
    0x00,0x00,0x00,0x00,0x00,0x00,0x00,0x00,0x00,0x00,0x00,0x00,0x00,0x00,0x00,0x00,0x00,0x00,0x00,0x00,0x00,0x00,0x00,0x00,
    0x00,0x00,0x00,0x00,0x00,0x00,0x00,0x00,0x00,0x00,0x00,0x00,0x00,0x00,0xC2,0xFE,0xA0,0xFE,0xA0,0xFE,0xA0,0xFE,0x60,0xF6,
    0xA0,0x18,0x00,0x00,0x00,0x00,0x00,0x00,0xC0,0xB4,0x00,0xFF,0x80,0xFE,0xA0,0xFE,0xA0,0xFE,0xA0,0xFE,0xA0,0xFE,0xA0,0xFE,
    0xA0,0xFE,0xA0,0xFE,0xA0,0xFE,0xA0,0xFE,0xA0,0xFE,0xA0,0xFE,0xA0,0xFE,0xA0,0xFE,0xA0,0xFE,0xA0,0xFE,0xA0,0xFE,0xA0,0xFE,
    0xA0,0xFE,0xA0,0xFE,0xA0,0xFE,0xA0,0xFE,0xA0,0xFE,0xA0,0xFE,0xA0,0xFE,0xA0,0xFE,0xA0,0xFE,0xA0,0xFE,0xA0,0xFE,0xA0,0xFE,
    0xA0,0xFE,0xA0,0xFE,0xA0,0xFE,0xA0,0xFE,0xA0,0xFE,0xA0,0xFE,0xA0,0xFE,0xA0,0xFE,0xA0,0xFE,0xA0,0xFE,0xA0,0xFE,0xA0,0xFE,
    0xA0,0xFE,0xA0,0xFE,0xA0,0xFE,0xA0,0xFE,0xA0,0xFE,0xA0,0xFE,0xA0,0xFE,0xA0,0xFE,0xA0,0xFE,0xA0,0xFE,0xA0,0xFE,0xA0,0xFE,
    0xA0,0xFE,0xA0,0xFE,0xA0,0xFE,0xA0,0xFE,0x80,0xFE,0x20,0xFF,0xE0,0x93,0x00,0x00,0x00,0x00,0x00,0x00,0x00,0x00,0x00,0x00,
    0x00,0x00,0x40,0x7B,0x20,0xFF,0x80,0xFE,0xA0,0xFE,0x80,0xFE,0x00,0xFF,0x40,0x52,0x00,0x00,0x20,0x00,0x00,0x00,0x00,0x00,
    0x00,0x00,0x00,0x00,0x00,0x00,0x00,0x00,0x20,0x00,0xA0,0xD5,0xE0,0xFE,0x80,0xFE,0xA0,0xFE,0xA0,0xFE,0x80,0xF6,0xE0,0x18,
    0x00,0x00,0x00,0x00,0x00,0x00,0x00,0x00,0x00,0x00,0x60,0x10,0x20,0xE6,0xC0,0xFE,0xA0,0xFE,0xA0,0xFE,0xA0,0xFE,0xA0,0xFE,
    0xA0,0xFE,0xA0,0xFE,0xA0,0xFE,0xA0,0xFE,0xA0,0xFE,0xA0,0xFE,0xA0,0xFE,0xA0,0xFE,0xA0,0xFE,0xA0,0xFE,0xA0,0xFE,0xA0,0xFE,
    0xA0,0xFE,0xA0,0xFE,0xA0,0xFE,0xA0,0xFE,0xA0,0xFE,0xA0,0xFE,0xA0,0xFE,0xA0,0xFE,0xA0,0xFE,0xA0,0xFE,0xA0,0xFE,0xA0,0xFE,
    0xA0,0xFE,0xA0,0xFE,0xA0,0xFE,0xA0,0xFE,0x80,0xFE,0xA0,0xFE,0xA0,0xFE,0xA0,0xFE,0xA0,0xFE,0xA0,0xFE,0xA0,0xFE,0xA0,0xFE,
    0xA0,0xFE,0xA0,0xFE,0xA0,0xFE,0xA0,0xFE,0xA0,0xFE,0xA0,0xFE,0xA0,0xFE,0xA0,0xFE,0xA0,0xFE,0xA0,0xFE,0xA0,0xFE,0xA0,0xFE,
    0xA0,0xFE,0xA0,0xFE,0xA0,0xFE,0xA0,0xFE,0xA0,0xFE,0x80,0xFE,0x00,0xFF,0x60,0xA4,0x00,0x00,0x20,0x00,0x00,0x00,0xA0,0x18,
    0x60,0xF6,0xA0,0xFE,0xA0,0xFE,0xA0,0xFE,0xA0,0xFE,0xDB,0xFF,0x00,0x00,0x00,0x00,0x00,0x00,0x00,0x00,0x00,0x00,0x00,0x00,
    0x00,0x00,0x00,0x00,0x00,0x00,0x00,0x00,0x00,0x00,0x00,0x00,0x00,0x00,0x00,0x00,0x00,0x00,0x00,0x00,0x00,0x00,0x00,0x00,
    0x00,0x00,0x00,0x00,0x00,0x00,0xA0,0xFE,0xA0,0xFE,0x80,0xFE,0xE0,0xFE,0x40,0xC5,0x00,0x00,0x00,0x00,0x00,0x00,0x60,0x10,
    0x20,0xEE,0xC0,0xFE,0xA0,0xFE,0xA0,0xFE,0xA0,0xFE,0xA0,0xFE,0xA0,0xFE,0xA0,0xFE,0xA0,0xFE,0xA0,0xFE,0xA0,0xFE,0xA0,0xFE,
    0xA0,0xFE,0xA0,0xFE,0xA0,0xFE,0xA0,0xFE,0xA0,0xFE,0xA0,0xFE,0xA0,0xFE,0xA0,0xFE,0xA0,0xFE,0xA0,0xFE,0xA0,0xFE,0xA0,0xFE,
    0xA0,0xFE,0xA0,0xFE,0xA0,0xFE,0xA0,0xFE,0xA0,0xFE,0xA0,0xFE,0xA0,0xFE,0xA0,0xFE,0xA0,0xFE,0xA0,0xFE,0xA0,0xFE,0xA0,0xFE,
    0xA0,0xFE,0xA0,0xFE,0xA0,0xFE,0xA0,0xFE,0xA0,0xFE,0xA0,0xFE,0xA0,0xFE,0xA0,0xFE,0xA0,0xFE,0xA0,0xFE,0xA0,0xFE,0xA0,0xFE,
    0xA0,0xFE,0xA0,0xFE,0xA0,0xFE,0xA0,0xFE,0xA0,0xFE,0xA0,0xFE,0xA0,0xFE,0xA0,0xFE,0xA0,0xFE,0xA0,0xFE,0xA0,0xFE,0xA0,0xFE,
    0xC0,0xFE,0x20,0xE6,0x80,0x10,0x00,0x00,0x00,0x00,0x00,0x00,0x00,0x00,0x00,0x00,0xE0,0x18,0x80,0xF6,0xA0,0xFE,0xA0,0xFE,
    0x80,0xFE,0xE0,0xFE,0x80,0xCD,0x00,0x00,0x00,0x00,0x00,0x00,0x00,0x00,0x00,0x00,0x00,0x00,0x00,0x00,0x00,0x00,0x20,0x00,
    0x00,0x00,0x80,0x62,0x00,0xFF,0x80,0xFE,0xA0,0xFE,0x80,0xFE,0x00,0xFF,0x60,0xA4,0x00,0x00,0x00,0x00,0x00,0x00,0x00,0x00,
    0x00,0x00,0x00,0x00,0xA0,0x62,0x20,0xFF,0x80,0xFE,0xA0,0xFE,0xA0,0xFE,0xA0,0xFE,0xA0,0xFE,0xA0,0xFE,0xA0,0xFE,0xA0,0xFE,
    0xA0,0xFE,0xA0,0xFE,0xA0,0xFE,0xA0,0xFE,0xA0,0xFE,0xA0,0xFE,0xA0,0xFE,0xA0,0xFE,0xA0,0xFE,0xA0,0xFE,0xA0,0xFE,0xA0,0xFE,
    0xA0,0xFE,0xA0,0xFE,0xA0,0xFE,0xA0,0xFE,0xA0,0xFE,0xA0,0xFE,0xA0,0xFE,0xA0,0xFE,0xA0,0xFE,0xA0,0xFE,0xA0,0xFE,0xA0,0xFE,
    0xA0,0xFE,0xA0,0xFE,0xA0,0xFE,0xA0,0xFE,0xA0,0xFE,0xA0,0xFE,0xA0,0xFE,0xA0,0xFE,0xA0,0xFE,0xA0,0xFE,0xA0,0xFE,0xA0,0xFE,
    0xA0,0xFE,0xA0,0xFE,0xA0,0xFE,0xA0,0xFE,0xA0,0xFE,0xA0,0xFE,0xA0,0xFE,0xA0,0xFE,0xA0,0xFE,0xA0,0xFE,0xA0,0xFE,0xA0,0xFE,
    0xA0,0xFE,0xA0,0xFE,0xC0,0xFE,0xE0,0xDD,0x20,0x00,0x00,0x00,0x00,0x00,0x00,0x00,0x40,0xC5,0xE0,0xFE,0x80,0xFE,0xA0,0xFE,
    0x80,0xFE,0x74,0xFF,0x00,0x00,0x00,0x00,0x00,0x00,0x00,0x00,0x00,0x00,0x00,0x00,0x00,0x00,0x00,0x00,0x00,0x00,0x00,0x00,
    0x00,0x00,0x00,0x00,0x00,0x00,0x00,0x00,0x00,0x00,0x00,0x00,0x00,0x00,0x00,0x00,0x00,0x00,0x00,0x00,0x00,0x00,0x80,0xFE,
    0xA0,0xFE,0x80,0xFE,0x20,0xFF,0xC0,0x8B,0x00,0x00,0x20,0x00,0x00,0x00,0xC0,0x41,0x00,0xFF,0x80,0xFE,0xA0,0xFE,0xA0,0xFE,
    0xA0,0xFE,0xA0,0xFE,0xA0,0xFE,0xA0,0xFE,0xA0,0xFE,0xA0,0xFE,0xA0,0xFE,0xA0,0xFE,0xA0,0xFE,0xA0,0xFE,0xA0,0xFE,0xA0,0xFE,
    0xA0,0xFE,0xA0,0xFE,0xA0,0xFE,0xA0,0xFE,0xA0,0xFE,0xA0,0xFE,0xA0,0xFE,0xA0,0xFE,0xA0,0xFE,0xA0,0xFE,0xA0,0xFE,0xA0,0xFE,
    0xA0,0xFE,0xA0,0xFE,0xA0,0xFE,0xA0,0xFE,0xA0,0xFE,0xA0,0xFE,0xA0,0xFE,0xA0,0xFE,0xA0,0xFE,0xA0,0xFE,0xA0,0xFE,0xA0,0xFE,
    0xA0,0xFE,0xA0,0xFE,0xA0,0xFE,0xA0,0xFE,0xA0,0xFE,0xA0,0xFE,0xA0,0xFE,0xA0,0xFE,0xA0,0xFE,0xA0,0xFE,0xA0,0xFE,0xA0,0xFE,
    0xA0,0xFE,0xA0,0xFE,0xA0,0xFE,0xA0,0xFE,0xA0,0xFE,0xA0,0xFE,0xA0,0xFE,0x80,0xFE,0x20,0xFF,0xA0,0x62,0x00,0x00,0x00,0x00,
    0x00,0x00,0x00,0x00,0x00,0x00,0x00,0x00,0x60,0xA4,0x00,0xFF,0x80,0xFE,0xA0,0xFE,0x80,0xFE,0x20,0xFF,0xA0,0x8B,0x00,0x00,
    0x00,0x00,0x00,0x00,0x00,0x00,0x00,0x00,0x00,0x00,0x00,0x00,0x00,0x00,0x00,0x00,0x00,0x00,0x20,0x29,0xA0,0xFE,0xA0,0xFE,
    0xA0,0xFE,0xA0,0xFE,0x80,0xFE,0x00,0xFF,0xC0,0x41,0x00,0x00,0x00,0x00,0x00,0x00,0x00,0x00,0x00,0x00,0x20,0x00,0x60,0xCD,
    0xE0,0xFE,0x80,0xFE,0xA0,0xFE,0xA0,0xFE,0xA0,0xFE,0xA0,0xFE,0xA0,0xFE,0xA0,0xFE,0xA0,0xFE,0xA0,0xFE,0xA0,0xFE,0xA0,0xFE,
    0xA0,0xFE,0xA0,0xFE,0xA0,0xFE,0xA0,0xFE,0xA0,0xFE,0xA0,0xFE,0xA0,0xFE,0xA0,0xFE,0xA0,0xFE,0xA0,0xFE,0xA0,0xFE,0xA0,0xFE,
    0xA0,0xFE,0xA0,0xFE,0xA0,0xFE,0xA0,0xFE,0xA0,0xFE,0xA0,0xFE,0xA0,0xFE,0xA0,0xFE,0xA0,0xFE,0xA0,0xFE,0xA0,0xFE,0xA0,0xFE,
    0xA0,0xFE,0xA0,0xFE,0xA0,0xFE,0xA0,0xFE,0xA0,0xFE,0xA0,0xFE,0xA0,0xFE,0xA0,0xFE,0xA0,0xFE,0xA0,0xFE,0xA0,0xFE,0xA0,0xFE,
    0xA0,0xFE,0xA0,0xFE,0xA0,0xFE,0xA0,0xFE,0xA0,0xFE,0xA0,0xFE,0xA0,0xFE,0xA0,0xFE,0xA0,0xFE,0xA0,0xFE,0xA0,0xFE,0xC0,0xFE,
    0x40,0x31,0x00,0x00,0x20,0x00,0x00,0x00,0xC0,0x8B,0x20,0xFF,0x80,0xFE,0xA0,0xFE,0x80,0xFE,0x2D,0xFF,0x00,0x00,0x00,0x00,
    0x00,0x00,0x00,0x00,0x00,0x00,0x00,0x00,0x00,0x00,0x00,0x00,0x00,0x00,0x00,0x00,0x00,0x00,0x00,0x00,0x00,0x00,0x00,0x00,
    0x00,0x00,0x00,0x00,0x00,0x00,0x00,0x00,0x00,0x00,0x00,0x00,0x0A,0xFF,0x80,0xFE,0xA0,0xFE,0x80,0xFE,0x00,0xFF,0x40,0x52,
    0x00,0x00,0x20,0x08,0x00,0x00,0x80,0x83,0x20,0xFF,0x80,0xFE,0xA0,0xFE,0xA0,0xFE,0xA0,0xFE,0xA0,0xFE,0xA0,0xFE,0xA0,0xFE,
    0xA0,0xFE,0xA0,0xFE,0xA0,0xFE,0xA0,0xFE,0xA0,0xFE,0xA0,0xFE,0xA0,0xFE,0xA0,0xFE,0xA0,0xFE,0xA0,0xFE,0xA0,0xFE,0xA0,0xFE,
    0xA0,0xFE,0xA0,0xFE,0xA0,0xFE,0xA0,0xFE,0xA0,0xFE,0xA0,0xFE,0xA0,0xFE,0xA0,0xFE,0xA0,0xFE,0xA0,0xFE,0xA0,0xFE,0xA0,0xFE,
    0xA0,0xFE,0xA0,0xFE,0xA0,0xFE,0xA0,0xFE,0xA0,0xFE,0xA0,0xFE,0xA0,0xFE,0xA0,0xFE,0xA0,0xFE,0xA0,0xFE,0xA0,0xFE,0xA0,0xFE,
    0xA0,0xFE,0xA0,0xFE,0xA0,0xFE,0xA0,0xFE,0xA0,0xFE,0xA0,0xFE,0xA0,0xFE,0xA0,0xFE,0xA0,0xFE,0xA0,0xFE,0xA0,0xFE,0xA0,0xFE,
    0xA0,0xFE,0xA0,0xFE,0x80,0xFE,0xE0,0xFE,0x40,0xC5,0x00,0x00,0x00,0x00,0x00,0x00,0x00,0x00,0x00,0x00,0x00,0x00,0xA0,0x39,
    0xE0,0xFE,0xA0,0xFE,0xA0,0xFE,0xA0,0xFE,0x80,0xFE,0x20,0xFF,0xC0,0x62,0x00,0x00,0x00,0x00,0x00,0x00,0x00,0x00,0x00,0x00,
    0x00,0x00,0x00,0x00,0x00,0x00,0x00,0x00,0x00,0x00,0xA0,0x18,0x60,0xF6,0xA0,0xFE,0xA0,0xFE,0xA0,0xFE,0x80,0xFE,0xE0,0xFE,
    0x80,0xCD,0x20,0x00,0x00,0x00,0x00,0x00,0x00,0x00,0x00,0x00,0x00,0x00,0xA0,0x39,0xE0,0xFE,0x80,0xFE,0xA0,0xFE,0xA0,0xFE,
    0xA0,0xFE,0xA0,0xFE,0xA0,0xFE,0xA0,0xFE,0xA0,0xFE,0xA0,0xFE,0xA0,0xFE,0xA0,0xFE,0xA0,0xFE,0xA0,0xFE,0xA0,0xFE,0xA0,0xFE,
    0xA0,0xFE,0xA0,0xFE,0xA0,0xFE,0xA0,0xFE,0xA0,0xFE,0xA0,0xFE,0xA0,0xFE,0xA0,0xFE,0xA0,0xFE,0xA0,0xFE,0xA0,0xFE,0xA0,0xFE,
    0xA0,0xFE,0xA0,0xFE,0xA0,0xFE,0xA0,0xFE,0xA0,0xFE,0xA0,0xFE,0xA0,0xFE,0xA0,0xFE,0xA0,0xFE,0xA0,0xFE,0xA0,0xFE,0xA0,0xFE,
    0xA0,0xFE,0xA0,0xFE,0xA0,0xFE,0xA0,0xFE,0xA0,0xFE,0xA0,0xFE,0xA0,0xFE,0xA0,0xFE,0xA0,0xFE,0xA0,0xFE,0xA0,0xFE,0xA0,0xFE,
    0xA0,0xFE,0xA0,0xFE,0xA0,0xFE,0xA0,0xFE,0xA0,0xFE,0xA0,0xFE,0x80,0xFE,0x20,0xFF,0xE0,0x6A,0x00,0x00,0x20,0x00,0x00,0x00,
    0x40,0x52,0x00,0xFF,0x80,0xFE,0xA0,0xFE,0xA0,0xFE,0xE7,0xFE,0xFF,0xFF,0x00,0x00,0x00,0x00,0x00,0x00,0x00,0x00,0x00,0x00,
    0x00,0x00,0x00,0x00,0x00,0x00,0x00,0x00,0x00,0x00,0x00,0x00,0x00,0x00,0x00,0x00,0x00,0x00,0x00,0x00,0x00,0x00,0x00,0x00,
    0x00,0x00,0x00,0x00,0xC4,0xFE,0xA0,0xFE,0xA0,0xFE,0xA0,0xFE,0x80,0xFE,0xE0,0x20,0x00,0x00,0x00,0x00,0x00,0x00,0x00,0xBD,
    0x00,0xFF,0x80,0xFE,0xA0,0xFE,0xA0,0xFE,0xA0,0xFE,0xA0,0xFE,0xA0,0xFE,0xA0,0xFE,0xA0,0xFE,0xA0,0xFE,0xA0,0xFE,0xA0,0xFE,
    0xA0,0xFE,0xA0,0xFE,0xA0,0xFE,0xA0,0xFE,0xA0,0xFE,0xA0,0xFE,0xA0,0xFE,0xA0,0xFE,0xA0,0xFE,0xA0,0xFE,0xA0,0xFE,0xA0,0xFE,
    0xA0,0xFE,0xA0,0xFE,0xA0,0xFE,0xA0,0xFE,0xA0,0xFE,0xA0,0xFE,0xA0,0xFE,0xA0,0xFE,0xA0,0xFE,0xA0,0xFE,0xA0,0xFE,0xA0,0xFE,
    0xA0,0xFE,0xA0,0xFE,0xA0,0xFE,0xA0,0xFE,0xA0,0xFE,0xA0,0xFE,0xA0,0xFE,0xA0,0xFE,0xA0,0xFE,0xA0,0xFE,0xA0,0xFE,0xA0,0xFE,
    0xA0,0xFE,0xA0,0xFE,0xA0,0xFE,0xA0,0xFE,0xA0,0xFE,0xA0,0xFE,0xA0,0xFE,0xA0,0xFE,0xA0,0xFE,0xA0,0xFE,0x80,0xFE,0xE0,0xFE,
    0x80,0x39,0x00,0x00,0x00,0x00,0x00,0x00,0x00,0x00,0x00,0x00,0x20,0x00,0x60,0xCD,0xE0,0xFE,0xA0,0xFE,0xA0,0xFE,0xA0,0xFE,
    0x80,0xFE,0x20,0xFF,0x00,0x73,0x00,0x00,0x00,0x00,0x00,0x00,0x00,0x00,0x00,0x00,0x00,0x00,0x00,0x00,0x00,0x00,0x00,0x00,
    0x00,0x00,0xE0,0x20,0x80,0xF6,0xA0,0xFE,0xA0,0xFE,0xA0,0xFE,0xA0,0xFE,0x80,0xFE,0x20,0xFF,0xC0,0x62,0x00,0x00,0x00,0x00,
    0x00,0x00,0x00,0x00,0x00,0x00,0x00,0x00,0x60,0xA4,0x00,0xFF,0x80,0xFE,0xA0,0xFE,0xA0,0xFE,0xA0,0xFE,0xA0,0xFE,0xA0,0xFE,
    0xA0,0xFE,0xA0,0xFE,0xA0,0xFE,0xA0,0xFE,0xA0,0xFE,0xA0,0xFE,0xA0,0xFE,0xA0,0xFE,0xA0,0xFE,0xA0,0xFE,0xA0,0xFE,0xA0,0xFE,
    0xA0,0xFE,0xA0,0xFE,0xA0,0xFE,0xA0,0xFE,0xA0,0xFE,0xA0,0xFE,0xA0,0xFE,0xA0,0xFE,0xA0,0xFE,0xA0,0xFE,0xA0,0xFE,0xA0,0xFE,
    0xA0,0xFE,0xA0,0xFE,0xA0,0xFE,0xA0,0xFE,0xA0,0xFE,0xA0,0xFE,0xA0,0xFE,0xA0,0xFE,0xA0,0xFE,0xA0,0xFE,0xA0,0xFE,0xA0,0xFE,
    0xA0,0xFE,0xA0,0xFE,0xA0,0xFE,0xA0,0xFE,0xA0,0xFE,0xA0,0xFE,0xA0,0xFE,0xA0,0xFE,0xA0,0xFE,0xA0,0xFE,0xA0,0xFE,0xA0,0xFE,
    0xA0,0xFE,0xA0,0xFE,0x80,0xFE,0x00,0xFF,0x60,0xA4,0x00,0x00,0x20,0x00,0x00,0x00,0x00,0x29,0xA0,0xFE,0xA0,0xFE,0xA0,0xFE,
    0xA0,0xFE,0xC2,0xFE,0xFD,0xFF,0x00,0x00,0x00,0x00,0x00,0x00,0x00,0x00,0x00,0x00,0x00,0x00,0x00,0x00,0x00,0x00,0x00,0x00,
    0x00,0x00,0x00,0x00,0x00,0x00,0x00,0x00,0x00,0x00,0x00,0x00,0x00,0x00,0x00,0x00,0x00,0x00,0x00,0x00,0xA0,0xFE,0xA0,0xFE,
    0xA0,0xFE,0xE0,0xFE,0xA0,0xD5,0x20,0x00,0x00,0x00,0x00,0x00,0x60,0x08,0x20,0xE6,0xC0,0xFE,0xA0,0xFE,0xA0,0xFE,0xA0,0xFE,
    0xA0,0xFE,0xA0,0xFE,0xA0,0xFE,0xA0,0xFE,0xA0,0xFE,0xA0,0xFE,0xA0,0xFE,0xA0,0xFE,0xA0,0xFE,0xA0,0xFE,0xA0,0xFE,0xA0,0xFE,
    0xA0,0xFE,0xA0,0xFE,0xA0,0xFE,0xA0,0xFE,0xA0,0xFE,0xA0,0xFE,0xA0,0xFE,0xA0,0xFE,0xA0,0xFE,0xA0,0xFE,0xA0,0xFE,0xA0,0xFE,
    0xA0,0xFE,0xA0,0xFE,0xA0,0xFE,0xA0,0xFE,0xA0,0xFE,0xA0,0xFE,0xA0,0xFE,0xA0,0xFE,0xA0,0xFE,0xA0,0xFE,0xA0,0xFE,0xA0,0xFE,
    0xA0,0xFE,0xA0,0xFE,0xA0,0xFE,0xA0,0xFE,0xA0,0xFE,0xA0,0xFE,0xA0,0xFE,0xA0,0xFE,0xA0,0xFE,0xA0,0xFE,0xA0,0xFE,0xA0,0xFE,
    0xA0,0xFE,0xA0,0xFE,0xA0,0xFE,0xA0,0xFE,0xA0,0xFE,0x80,0xFE,0x00,0xFF,0x40,0xA4,0x00,0x00,0x00,0x00,0x00,0x00,0x00,0x00,
    0x00,0x00,0x00,0x00,0xC0,0x6A,0x20,0xFF,0x80,0xFE,0xA0,0xFE,0xA0,0xFE,0xA0,0xFE,0x80,0xFE,0x20,0xFF,0x80,0x83,0x00,0x00,
    0x00,0x00,0x00,0x00,0x00,0x00,0x00,0x00,0x00,0x00,0x00,0x00,0x00,0x00,0x00,0x00,0x00,0x00,0x40,0x29,0xC0,0xFE,0xA0,0xFE,
    0xA0,0xFE,0xA0,0xFE,0xA0,0xFE,0xA0,0xFE,0xC0,0xFE,0x20,0xEE,0x80,0x10,0x00,0x00,0x00,0x00,0x00,0x00,0x00,0x00,0x00,0x00,
    0xE0,0x20,0x80,0xF6,0xA0,0xFE,0xA0,0xFE,0xA0,0xFE,0xA0,0xFE,0xA0,0xFE,0xA0,0xFE,0xA0,0xFE,0xA0,0xFE,0xA0,0xFE,0xA0,0xFE,
    0xA0,0xFE,0xA0,0xFE,0xA0,0xFE,0xA0,0xFE,0xA0,0xFE,0xA0,0xFE,0xA0,0xFE,0xA0,0xFE,0xA0,0xFE,0xA0,0xFE,0xA0,0xFE,0xA0,0xFE,
    0xA0,0xFE,0xA0,0xFE,0xA0,0xFE,0xA0,0xFE,0xA0,0xFE,0xA0,0xFE,0xA0,0xFE,0xA0,0xFE,0xA0,0xFE,0xA0,0xFE,0xA0,0xFE,0xA0,0xFE,
    0xA0,0xFE,0xA0,0xFE,0xA0,0xFE,0xA0,0xFE,0xA0,0xFE,0xA0,0xFE,0xA0,0xFE,0xA0,0xFE,0xA0,0xFE,0xA0,0xFE,0xA0,0xFE,0xA0,0xFE,
    0xA0,0xFE,0xA0,0xFE,0xA0,0xFE,0xA0,0xFE,0xA0,0xFE,0xA0,0xFE,0xA0,0xFE,0xA0,0xFE,0xA0,0xFE,0xA0,0xFE,0xA0,0xFE,0xE0,0xFE,
    0xA0,0xD5,0x20,0x00,0x00,0x00,0x00,0x00,0x20,0x08,0xE0,0xDD,0xC0,0xFE,0xA0,0xFE,0xA0,0xFE,0xA0,0xFE,0xB8,0xFF,0x00,0x00,
    0x00,0x00,0x00,0x00,0x00,0x00,0x00,0x00,0x00,0x00,0x00,0x00,0x00,0x00,0x00,0x00,0x00,0x00,0x00,0x00,0x00,0x00,0x00,0x00,
    0x00,0x00,0x00,0x00,0x00,0x00,0x00,0x00,0x00,0x00,0x00,0x00,0xA0,0xFE,0xA0,0xFE,0x80,0xFE,0x00,0xFF,0x80,0xAC,0x00,0x00,
    0x20,0x00,0x00,0x00,0x60,0x31,0xC0,0xFE,0xA0,0xFE,0xA0,0xFE,0xA0,0xFE,0xA0,0xFE,0xA0,0xFE,0xA0,0xFE,0xA0,0xFE,0xA0,0xFE,
    0xA0,0xFE,0xA0,0xFE,0xA0,0xFE,0xA0,0xFE,0xA0,0xFE,0xA0,0xFE,0xA0,0xFE,0xA0,0xFE,0xA0,0xFE,0xA0,0xFE,0xA0,0xFE,0xA0,0xFE,
    0xA0,0xFE,0xA0,0xFE,0xA0,0xFE,0xA0,0xFE,0xA0,0xFE,0xA0,0xFE,0xA0,0xFE,0xA0,0xFE,0xA0,0xFE,0xA0,0xFE,0xA0,0xFE,0xA0,0xFE,
    0xA0,0xFE,0xA0,0xFE,0xA0,0xFE,0xA0,0xFE,0xA0,0xFE,0xA0,0xFE,0xA0,0xFE,0xA0,0xFE,0xA0,0xFE,0xA0,0xFE,0xA0,0xFE,0xA0,0xFE,
    0xA0,0xFE,0xA0,0xFE,0xA0,0xFE,0xA0,0xFE,0xA0,0xFE,0xA0,0xFE,0xA0,0xFE,0xA0,0xFE,0xA0,0xFE,0xA0,0xFE,0xA0,0xFE,0xA0,0xFE,
    0xA0,0xFE,0xA0,0xFE,0x60,0xEE,0xA0,0x18,0x00,0x00,0x00,0x00,0x00,0x00,0x00,0x00,0x00,0x00,0xA0,0x10,0x40,0xEE,0xC0,0xFE,
    0xA0,0xFE,0xA0,0xFE,0xA0,0xFE,0xA0,0xFE,0x80,0xFE,0x20,0xFF,0x00,0x94,0x00,0x00,0x00,0x00,0x00,0x00,0x00,0x00,0x00,0x00,
    0x00,0x00,0x00,0x00,0x00,0x00,0x00,0x00,0x00,0x00,0xC0,0x41,0xE0,0xFE,0x80,0xFE,0xA0,0xFE,0xA0,0xFE,0xA0,0xFE,0xA0,0xFE,
    0x80,0xFE,0x20,0xFF,0xE0,0x93,0x00,0x00,0x00,0x00,0x00,0x00,0x00,0x00,0x00,0x00,0x00,0x00,0x40,0x7B,0x20,0xFF,0x80,0xFE,
    0xA0,0xFE,0xA0,0xFE,0xA0,0xFE,0xA0,0xFE,0xA0,0xFE,0xA0,0xFE,0xA0,0xFE,0xA0,0xFE,0xA0,0xFE,0xA0,0xFE,0xA0,0xFE,0xA0,0xFE,
    0xA0,0xFE,0xA0,0xFE,0xA0,0xFE,0xA0,0xFE,0xA0,0xFE,0xA0,0xFE,0xA0,0xFE,0xA0,0xFE,0xA0,0xFE,0xA0,0xFE,0xA0,0xFE,0xA0,0xFE,
    0xA0,0xFE,0xA0,0xFE,0xA0,0xFE,0xA0,0xFE,0xA0,0xFE,0xA0,0xFE,0xA0,0xFE,0xA0,0xFE,0xA0,0xFE,0xA0,0xFE,0xA0,0xFE,0xA0,0xFE,
    0xA0,0xFE,0xA0,0xFE,0xA0,0xFE,0xA0,0xFE,0xA0,0xFE,0xA0,0xFE,0xA0,0xFE,0xA0,0xFE,0xA0,0xFE,0xA0,0xFE,0xA0,0xFE,0xA0,0xFE,
    0xA0,0xFE,0xA0,0xFE,0xA0,0xFE,0xA0,0xFE,0xA0,0xFE,0xA0,0xFE,0xA0,0xFE,0xA0,0xFE,0x80,0xF6,0xE0,0x18,0x00,0x00,0x00,0x00,
    0x00,0x00,0xE0,0xB4,0x00,0xFF,0x80,0xFE,0xA0,0xFE,0x80,0xFE,0x73,0xFF,0x00,0x00,0x00,0x00,0x00,0x00,0x00,0x00,0x00,0x00,
    0x00,0x00,0x00,0x00,0x00,0x00,0x00,0x00,0x00,0x00,0x00,0x00,0x00,0x00,0x00,0x00,0x00,0x00,0x00,0x00,0x00,0x00,0x00,0x00,
    0x00,0x00,0x00,0x00,0x80,0xFE,0xA0,0xFE,0x80,0xFE,0x20,0xFF,0x60,0x7B,0x00,0x00,0x20,0x08,0x00,0x00,0xA0,0x62,0x20,0xFF,
    0x80,0xFE,0xA0,0xFE,0xA0,0xFE,0xA0,0xFE,0xA0,0xFE,0xA0,0xFE,0xA0,0xFE,0xA0,0xFE,0xA0,0xFE,0xA0,0xFE,0xA0,0xFE,0xA0,0xFE,
    0xA0,0xFE,0xA0,0xFE,0xA0,0xFE,0xA0,0xFE,0xA0,0xFE,0xA0,0xFE,0xA0,0xFE,0xA0,0xFE,0xA0,0xFE,0xA0,0xFE,0xA0,0xFE,0xA0,0xFE,
    0xA0,0xFE,0xA0,0xFE,0xA0,0xFE,0xA0,0xFE,0xA0,0xFE,0xA0,0xFE,0xA0,0xFE,0xA0,0xFE,0xA0,0xFE,0xA0,0xFE,0xA0,0xFE,0xA0,0xFE,
    0xA0,0xFE,0xA0,0xFE,0xA0,0xFE,0xA0,0xFE,0xA0,0xFE,0xA0,0xFE,0xA0,0xFE,0xA0,0xFE,0xA0,0xFE,0xA0,0xFE,0xA0,0xFE,0xA0,0xFE,
    0xA0,0xFE,0xA0,0xFE,0xA0,0xFE,0xA0,0xFE,0xA0,0xFE,0xA0,0xFE,0xA0,0xFE,0xA0,0xFE,0x80,0xFE,0x20,0xFF,0x00,0x73,0x00,0x00,
    0x00,0x00,0x00,0x00,0x00,0x00,0x00,0x00,0x00,0x00,0x00,0x9C,0x20,0xFF,0x80,0xFE,0xA0,0xFE,0xA0,0xFE,0xA0,0xFE,0xA0,0xFE,
    0x80,0xFE,0x00,0xFF,0xA0,0xAC,0x00,0x00,0x00,0x00,0x00,0x00,0x00,0x00,0x00,0x00,0x00,0x00,0x00,0x00,0x00,0x00,0x00,0x00,
    0x00,0x00,0x40,0x52,0x00,0xFF,0x80,0xFE,0xA0,0xFE,0xA0,0xFE,0xA0,0xFE,0xA0,0xFE,0xA0,0xFE,0xA0,0xFE,0xC0,0xFE,0x40,0x29,
    0x00,0x00,0x00,0x00,0x00,0x00,0x00,0x00,0x00,0x00,0x40,0x08,0xC0,0xDD,0xE0,0xFE,0xA0,0xFE,0xA0,0xFE,0xA0,0xFE,0xA0,0xFE,
    0xA0,0xFE,0xA0,0xFE,0xA0,0xFE,0xA0,0xFE,0xA0,0xFE,0xA0,0xFE,0xA0,0xFE,0xA0,0xFE,0xA0,0xFE,0xA0,0xFE,0xA0,0xFE,0xA0,0xFE,
    0xA0,0xFE,0xA0,0xFE,0xA0,0xFE,0xA0,0xFE,0xA0,0xFE,0xA0,0xFE,0xA0,0xFE,0xA0,0xFE,0xA0,0xFE,0xA0,0xFE,0xA0,0xFE,0xA0,0xFE,
    0xA0,0xFE,0xA0,0xFE,0xA0,0xFE,0xA0,0xFE,0xA0,0xFE,0xA0,0xFE,0xA0,0xFE,0xA0,0xFE,0xA0,0xFE,0xA0,0xFE,0xA0,0xFE,0xA0,0xFE,
    0xA0,0xFE,0xA0,0xFE,0xA0,0xFE,0xA0,0xFE,0xA0,0xFE,0xA0,0xFE,0xA0,0xFE,0xA0,0xFE,0xA0,0xFE,0xA0,0xFE,0xA0,0xFE,0xA0,0xFE,
    0xA0,0xFE,0xA0,0xFE,0xA0,0xFE,0x80,0xFE,0xE0,0xFE,0xE0,0x49,0x00,0x00,0x20,0x00,0x00,0x00,0xC0,0x8B,0x20,0xFF,0x80,0xFE,
    0xA0,0xFE,0x80,0xFE,0x4E,0xFF,0x00,0x00,0x00,0x00,0x00,0x00,0x00,0x00,0x00,0x00,0x00,0x00,0x00,0x00,0x00,0x00,0x00,0x00,
    0x00,0x00,0x00,0x00,0x00,0x00,0x00,0x00,0x00,0x00,0x00,0x00,0x00,0x00,0x00,0x00,0x00,0x00,0x2C,0xFF,0x80,0xFE,0xA0,0xFE,
    0x80,0xFE,0x00,0xFF,0x40,0x52,0x00,0x00,0x20,0x00,0x00,0x00,0xE0,0x93,0x20,0xFF,0x80,0xFE,0xA0,0xFE,0xA0,0xFE,0xA0,0xFE,
    0xA0,0xFE,0xA0,0xFE,0xA0,0xFE,0xA0,0xFE,0xA0,0xFE,0xA0,0xFE,0xA0,0xFE,0xA0,0xFE,0xA0,0xFE,0xA0,0xFE,0xA0,0xFE,0xA0,0xFE,
    0xA0,0xFE,0xA0,0xFE,0xA0,0xFE,0xA0,0xFE,0xA0,0xFE,0xA0,0xFE,0xA0,0xFE,0xA0,0xFE,0xA0,0xFE,0xA0,0xFE,0xA0,0xFE,0xA0,0xFE,
    0xA0,0xFE,0xA0,0xFE,0xA0,0xFE,0xA0,0xFE,0xA0,0xFE,0xA0,0xFE,0xA0,0xFE,0xA0,0xFE,0xA0,0xFE,0xA0,0xFE,0xA0,0xFE,0xA0,0xFE,
    0xA0,0xFE,0xA0,0xFE,0xA0,0xFE,0xA0,0xFE,0xA0,0xFE,0xA0,0xFE,0xA0,0xFE,0xA0,0xFE,0xA0,0xFE,0xA0,0xFE,0xA0,0xFE,0xA0,0xFE,
    0xA0,0xFE,0xA0,0xFE,0xA0,0xFE,0x80,0xFE,0xE0,0xFE,0x80,0xD5,0x20,0x00,0x00,0x00,0x00,0x00,0x00,0x00,0x00,0x00,0x00,0x00,
    0x60,0x31,0xE0,0xFE,0xA0,0xFE,0xA0,0xFE,0xA0,0xFE,0xA0,0xFE,0xA0,0xFE,0xA0,0xFE,0xA0,0xFE,0x00,0xFF,0x20,0xC5,0x00,0x00,
    0x00,0x00,0x00,0x00,0x00,0x00,0x00,0x00,0x00,0x00,0x00,0x00,0x00,0x00,0x00,0x00,0x00,0x00,0xC0,0x6A,0x20,0xFF,0x80,0xFE,
    0xA0,0xFE,0xA0,0xFE,0xA0,0xFE,0xA0,0xFE,0xA0,0xFE,0x80,0xFE,0x00,0xFF,0xE0,0xBC,0x00,0x00,0x00,0x00,0x00,0x00,0x00,0x00,
    0x00,0x00,0x00,0x00,0x20,0x52,0x00,0xFF,0x80,0xFE,0xA0,0xFE,0xA0,0xFE,0xA0,0xFE,0xA0,0xFE,0xA0,0xFE,0xA0,0xFE,0xA0,0xFE,
    0xA0,0xFE,0xA0,0xFE,0xA0,0xFE,0xA0,0xFE,0xA0,0xFE,0xA0,0xFE,0xA0,0xFE,0xA0,0xFE,0xA0,0xFE,0xA0,0xFE,0xA0,0xFE,0xA0,0xFE,
    0xA0,0xFE,0xA0,0xFE,0xA0,0xFE,0xA0,0xFE,0xA0,0xFE,0xA0,0xFE,0xA0,0xFE,0xA0,0xFE,0xA0,0xFE,0xA0,0xFE,0xA0,0xFE,0xA0,0xFE,
    0xA0,0xFE,0xA0,0xFE,0xA0,0xFE,0xA0,0xFE,0xA0,0xFE,0xA0,0xFE,0xA0,0xFE,0xA0,0xFE,0xA0,0xFE,0xA0,0xFE,0xA0,0xFE,0xA0,0xFE,
    0xA0,0xFE,0xA0,0xFE,0xA0,0xFE,0xA0,0xFE,0xA0,0xFE,0xA0,0xFE,0xA0,0xFE,0xA0,0xFE,0xA0,0xFE,0xA0,0xFE,0xA0,0xFE,0x80,0xFE,
    0x20,0xFF,0x20,0x73,0x00,0x00,0x20,0x08,0x00,0x00,0xA0,0x62,0x20,0xFF,0x80,0xFE,0xA0,0xFE,0x80,0xFE,0x09,0xFF,0xFF,0xFF,
    0x00,0x00,0x00,0x00,0x00,0x00,0x00,0x00,0x00,0x00,0x00,0x00,0x00,0x00,0x00,0x00,0x00,0x00,0x00,0x00,0x00,0x00,0x00,0x00,
    0x00,0x00,0x00,0x00,0x00,0x00,0x00,0x00,0x00,0x00,0xE7,0xFE,0xA0,0xFE,0xA0,0xFE,0xA0,0xFE,0xC0,0xFE,0x40,0x29,0x00,0x00,
    0x20,0x00,0x00,0x00,0xE0,0xBC,0x00,0xFF,0x80,0xFE,0xA0,0xFE,0xA0,0xFE,0xA0,0xFE,0xA0,0xFE,0xA0,0xFE,0xA0,0xFE,0xA0,0xFE,
    0xA0,0xFE,0xA0,0xFE,0xA0,0xFE,0xA0,0xFE,0xA0,0xFE,0xA0,0xFE,0xA0,0xFE,0xA0,0xFE,0xA0,0xFE,0xA0,0xFE,0xA0,0xFE,0xA0,0xFE,
    0xA0,0xFE,0xA0,0xFE,0xA0,0xFE,0xA0,0xFE,0xA0,0xFE,0xA0,0xFE,0xA0,0xFE,0xA0,0xFE,0xA0,0xFE,0xA0,0xFE,0xA0,0xFE,0xA0,0xFE,
    0xA0,0xFE,0xA0,0xFE,0xA0,0xFE,0xA0,0xFE,0xA0,0xFE,0xA0,0xFE,0xA0,0xFE,0xA0,0xFE,0xA0,0xFE,0xA0,0xFE,0xA0,0xFE,0xA0,0xFE,
    0xA0,0xFE,0xA0,0xFE,0xA0,0xFE,0xA0,0xFE,0xA0,0xFE,0xA0,0xFE,0xA0,0xFE,0xA0,0xFE,0xA0,0xFE,0xA0,0xFE,0xA0,0xFE,0x80,0xFE,
    0xE0,0xFE,0xC0,0x41,0x00,0x00,0x00,0x00,0x00,0x00,0x00,0x00,0x00,0x00,0x00,0x00,0x20,0xC5,0x00,0xFF,0x80,0xFE,0xA0,0xFE,
    0xA0,0xFE,0xA0,0xFE,0xA0,0xFE,0xA0,0xFE,0xA0,0xFE,0xE0,0xFE,0xA0,0xD5,0x00,0x00,0x00,0x00,0x00,0x00,0x00,0x00,0x00,0x00,
    0x00,0x00,0x00,0x00,0x00,0x00,0x20,0x00,0x00,0x00,0x60,0x83,0x20,0xFF,0x80,0xFE,0xA0,0xFE,0xA0,0xFE,0xA0,0xFE,0xA0,0xFE,
    0xA0,0xFE,0xA0,0xFE,0x80,0xFE,0x00,0xFF,0x20,0x4A,0x00,0x00,0x00,0x00,0x00,0x00,0x00,0x00,0x00,0x00,0x00,0x00,0xE0,0xBC,
    0x00,0xFF,0x80,0xFE,0xA0,0xFE,0xA0,0xFE,0xA0,0xFE,0xA0,0xFE,0xA0,0xFE,0xA0,0xFE,0xA0,0xFE,0xA0,0xFE,0xA0,0xFE,0xA0,0xFE,
    0xA0,0xFE,0xA0,0xFE,0xA0,0xFE,0xA0,0xFE,0xA0,0xFE,0xA0,0xFE,0xA0,0xFE,0xA0,0xFE,0xA0,0xFE,0xA0,0xFE,0xA0,0xFE,0xA0,0xFE,
    0xA0,0xFE,0xA0,0xFE,0xA0,0xFE,0xA0,0xFE,0xA0,0xFE,0xA0,0xFE,0xA0,0xFE,0xA0,0xFE,0xA0,0xFE,0xA0,0xFE,0xA0,0xFE,0xA0,0xFE,
    0xA0,0xFE,0xA0,0xFE,0xA0,0xFE,0xA0,0xFE,0xA0,0xFE,0xA0,0xFE,0xA0,0xFE,0xA0,0xFE,0xA0,0xFE,0xA0,0xFE,0xA0,0xFE,0xA0,0xFE,
    0xA0,0xFE,0xA0,0xFE,0xA0,0xFE,0xA0,0xFE,0xA0,0xFE,0xA0,0xFE,0xA0,0xFE,0x80,0xFE,0x20,0xFF,0x40,0xA4,0x00,0x00,0x20,0x00,
    0x00,0x00,0xA0,0x39,0xE0,0xFE,0xA0,0xFE,0xA0,0xFE,0xA0,0xFE,0xE5,0xFE,0xFF,0xFF,0x00,0x00,0x00,0x00,0x00,0x00,0x00,0x00,
    0x00,0x00,0x00,0x00,0x00,0x00,0x00,0x00,0x00,0x00,0x00,0x00,0x00,0x00,0x00,0x00,0x00,0x00,0x00,0x00,0x00,0x00,0x00,0x00,
    0x00,0x00,0xC4,0xFE,0xA0,0xFE,0xA0,0xFE,0xC0,0xFE,0x40,0xEE,0x80,0x10,0x00,0x00,0x00,0x00,0x00,0x00,0xA0,0xD5,0xE0,0xFE,
    0xA0,0xFE,0xA0,0xFE,0xA0,0xFE,0xA0,0xFE,0xA0,0xFE,0xA0,0xFE,0xA0,0xFE,0xA0,0xFE,0xA0,0xFE,0xA0,0xFE,0xA0,0xFE,0xA0,0xFE,
    0xA0,0xFE,0xA0,0xFE,0xA0,0xFE,0xA0,0xFE,0xA0,0xFE,0xA0,0xFE,0xA0,0xFE,0xA0,0xFE,0xA0,0xFE,0xA0,0xFE,0xA0,0xFE,0xA0,0xFE,
    0xA0,0xFE,0xA0,0xFE,0xA0,0xFE,0xA0,0xFE,0xA0,0xFE,0xA0,0xFE,0xA0,0xFE,0xA0,0xFE,0xA0,0xFE,0xA0,0xFE,0xA0,0xFE,0xA0,0xFE,
    0xA0,0xFE,0xA0,0xFE,0xA0,0xFE,0xA0,0xFE,0xA0,0xFE,0xA0,0xFE,0xA0,0xFE,0xA0,0xFE,0xA0,0xFE,0xA0,0xFE,0xA0,0xFE,0xA0,0xFE,
    0xA0,0xFE,0xA0,0xFE,0xA0,0xFE,0xA0,0xFE,0xA0,0xFE,0xA0,0xFE,0x80,0xFE,0x00,0xFF,0x80,0xAC,0x00,0x00,0x00,0x00,0x00,0x00,
    0x00,0x00,0x00,0x00,0x00,0x00,0x60,0x5A,0x00,0xFF,0x80,0xFE,0xA0,0xFE,0xA0,0xFE,0xA0,0xFE,0xA0,0xFE,0xA0,0xFE,0xA0,0xFE,
    0xA0,0xFE,0xC0,0xFE,0x00,0xE6,0x40,0x08,0x00,0x00,0x00,0x00,0x00,0x00,0x00,0x00,0x00,0x00,0x00,0x00,0x00,0x00,0x00,0x00,
    0x00,0x00,0x00,0x94,0x20,0xFF,0x80,0xFE,0xA0,0xFE,0xA0,0xFE,0xA0,0xFE,0xA0,0xFE,0xA0,0xFE,0xA0,0xFE,0xA0,0xFE,0xE0,0xFE,
    0xC0,0xDD,0x40,0x08,0x00,0x00,0x00,0x00,0x00,0x00,0x00,0x00,0x00,0x00,0x40,0x29,0xC0,0xFE,0xA0,0xFE,0xA0,0xFE,0xA0,0xFE,
    0xA0,0xFE,0xA0,0xFE,0xA0,0xFE,0xA0,0xFE,0xA0,0xFE,0xA0,0xFE,0xA0,0xFE,0xA0,0xFE,0xA0,0xFE,0xA0,0xFE,0xA0,0xFE,0xA0,0xFE,
    0xA0,0xFE,0xA0,0xFE,0xA0,0xFE,0xA0,0xFE,0xA0,0xFE,0xA0,0xFE,0xA0,0xFE,0xA0,0xFE,0xA0,0xFE,0xA0,0xFE,0xA0,0xFE,0xA0,0xFE,
    0xA0,0xFE,0xA0,0xFE,0xA0,0xFE,0xA0,0xFE,0xA0,0xFE,0xA0,0xFE,0xA0,0xFE,0xA0,0xFE,0xA0,0xFE,0xA0,0xFE,0xA0,0xFE,0xA0,0xFE,
    0xA0,0xFE,0xA0,0xFE,0xA0,0xFE,0xA0,0xFE,0xA0,0xFE,0xA0,0xFE,0xA0,0xFE,0xA0,0xFE,0xA0,0xFE,0xA0,0xFE,0xA0,0xFE,0xA0,0xFE,
    0xA0,0xFE,0xA0,0xFE,0xA0,0xFE,0x80,0xFE,0xE0,0xFE,0x20,0xC5,0x00,0x00,0x00,0x00,0x00,0x00,0xC0,0x18,0x60,0xF6,0xC0,0xFE,
    0xA0,0xFE,0xA0,0xFE,0xC2,0xFE,0xFD,0xFF,0x00,0x00,0x00,0x00,0x00,0x00,0x00,0x00,0x00,0x00,0x00,0x00,0x00,0x00,0x00,0x00,
    0x00,0x00,0x00,0x00,0x00,0x00,0x00,0x00,0x00,0x00,0x00,0x00,0x00,0x00,0x00,0x00,0x00,0x00,0xA1,0xFE,0xA0,0xFE,0xA0,0xFE,
    0xE0,0xFE,0xA0,0xD5,0x00,0x00,0x00,0x00,0x00,0x00,0xA0,0x10,0x40,0xF6,0xC0,0xFE,0xA0,0xFE,0xA0,0xFE,0xA0,0xFE,0xA0,0xFE,
    0xA0,0xFE,0xA0,0xFE,0xA0,0xFE,0xA0,0xFE,0xA0,0xFE,0xA0,0xFE,0xA0,0xFE,0xA0,0xFE,0xA0,0xFE,0xA0,0xFE,0xA0,0xFE,0xA0,0xFE,
    0xA0,0xFE,0xA0,0xFE,0xA0,0xFE,0xA0,0xFE,0xA0,0xFE,0xA0,0xFE,0xA0,0xFE,0xA0,0xFE,0xA0,0xFE,0xA0,0xFE,0xA0,0xFE,0xA0,0xFE,
    0xA0,0xFE,0xA0,0xFE,0xA0,0xFE,0xA0,0xFE,0xA0,0xFE,0xA0,0xFE,0xA0,0xFE,0xA0,0xFE,0xA0,0xFE,0xA0,0xFE,0xA0,0xFE,0xA0,0xFE,
    0xA0,0xFE,0xA0,0xFE,0xA0,0xFE,0xA0,0xFE,0xA0,0xFE,0xA0,0xFE,0xA0,0xFE,0xA0,0xFE,0xA0,0xFE,0xA0,0xFE,0xA0,0xFE,0xA0,0xFE,
    0xA0,0xFE,0xA0,0xFE,0xA0,0xFE,0x80,0xF6,0xE0,0x20,0x00,0x00,0x00,0x00,0x00,0x00,0x00,0x00,0x00,0x00,0x60,0x08,0x00,0xDE,
    0xC0,0xFE,0xA0,0xFE,0xA0,0xFE,0xA0,0xFE,0xA0,0xFE,0xA0,0xFE,0xA0,0xFE,0xA0,0xFE,0xA0,0xFE,0xA0,0xFE,0x60,0xF6,0xA0,0x18,
    0x00,0x00,0x00,0x00,0x00,0x00,0x00,0x00,0x00,0x00,0x00,0x00,0x00,0x00,0x00,0x00,0x00,0x00,0xA0,0xAC,0x00,0xFF,0x80,0xFE,
    0xA0,0xFE,0xA0,0xFE,0xA0,0xFE,0xA0,0xFE,0xA0,0xFE,0xA0,0xFE,0xA0,0xFE,0x80,0xFE,0x20,0xFF,0x40,0x7B,0x00,0x00,0x00,0x00,
    0x00,0x00,0x00,0x00,0x00,0x00,0x00,0x00,0xE0,0x93,0x20,0xFF,0x80,0xFE,0xA0,0xFE,0xA0,0xFE,0xA0,0xFE,0xA0,0xFE,0xA0,0xFE,
    0xA0,0xFE,0xA0,0xFE,0xA0,0xFE,0xA0,0xFE,0xA0,0xFE,0xA0,0xFE,0xA0,0xFE,0xA0,0xFE,0xA0,0xFE,0xA0,0xFE,0xA0,0xFE,0xA0,0xFE,
    0xA0,0xFE,0xA0,0xFE,0xA0,0xFE,0xA0,0xFE,0xA0,0xFE,0xA0,0xFE,0xA0,0xFE,0xA0,0xFE,0xA0,0xFE,0xA0,0xFE,0xA0,0xFE,0xA0,0xFE,
    0xA0,0xFE,0xA0,0xFE,0xA0,0xFE,0xA0,0xFE,0xA0,0xFE,0xA0,0xFE,0xA0,0xFE,0xA0,0xFE,0xA0,0xFE,0xA0,0xFE,0xA0,0xFE,0xA0,0xFE,
    0xA0,0xFE,0xA0,0xFE,0xA0,0xFE,0xA0,0xFE,0xA0,0xFE,0xA0,0xFE,0xA0,0xFE,0xA0,0xFE,0xA0,0xFE,0xA0,0xFE,0xA0,0xFE,0xA0,0xFE,
    0xC0,0xFE,0xE0,0xDD,0x40,0x08,0x00,0x00,0x00,0x00,0x20,0x00,0xE0,0xDD,0xC0,0xFE,0xA0,0xFE,0xA0,0xFE,0xA0,0xFE,0xDB,0xFF,
    0x00,0x00,0x00,0x00,0x00,0x00,0x00,0x00,0x00,0x00,0x00,0x00,0x00,0x00,0x00,0x00,0x00,0x00,0x00,0x00,0x00,0x00,0x00,0x00,
    0x00,0x00,0x00,0x00,0x00,0x00,0x00,0x00,0x00,0x00,0xA0,0xFE,0xA0,0xFE,0x80,0xFE,0x00,0xFF,0xE0,0xB4,0x00,0x00,0x20,0x00,
    0x00,0x00,0x40,0x31,0xC0,0xFE,0xA0,0xFE,0xA0,0xFE,0xA0,0xFE,0xA0,0xFE,0xA0,0xFE,0xA0,0xFE,0xA0,0xFE,0xA0,0xFE,0xA0,0xFE,
    0xA0,0xFE,0xA0,0xFE,0xA0,0xFE,0xA0,0xFE,0xA0,0xFE,0xA0,0xFE,0xA0,0xFE,0xA0,0xFE,0xA0,0xFE,0xA0,0xFE,0xA0,0xFE,0xA0,0xFE,
    0xA0,0xFE,0xA0,0xFE,0xA0,0xFE,0xA0,0xFE,0xA0,0xFE,0xA0,0xFE,0xA0,0xFE,0xA0,0xFE,0xA0,0xFE,0xA0,0xFE,0xA0,0xFE,0xA0,0xFE,
    0xA0,0xFE,0xA0,0xFE,0xA0,0xFE,0xA0,0xFE,0xA0,0xFE,0xA0,0xFE,0xA0,0xFE,0xA0,0xFE,0xA0,0xFE,0xA0,0xFE,0xA0,0xFE,0xA0,0xFE,
    0xA0,0xFE,0xA0,0xFE,0xA0,0xFE,0xA0,0xFE,0xA0,0xFE,0xA0,0xFE,0xA0,0xFE,0xA0,0xFE,0xA0,0xFE,0x80,0xFE,0x20,0xFF,0x60,0x7B,
    0x00,0x00,0x00,0x00,0x00,0x00,0x00,0x00,0x00,0x00,0x00,0x00,0x80,0x83,0x20,0xFF,0x80,0xFE,0xA0,0xFE,0xA0,0xFE,0xA0,0xFE,
    0xA0,0xFE,0xA0,0xFE,0xA0,0xFE,0xA0,0xFE,0xA0,0xFE,0xA0,0xFE,0xA0,0xFE,0x20,0x29,0x00,0x00,0x00,0x00,0x00,0x00,0x00,0x00,
    0x00,0x00,0x00,0x00,0x00,0x00,0x00,0x00,0x00,0x00,0x20,0xC5,0x00,0xFF,0x80,0xFE,0xA0,0xFE,0xA0,0xFE,0xA0,0xFE,0xA0,0xFE,
    0xA0,0xFE,0xA0,0xFE,0xA0,0xFE,0xA0,0xFE,0xA0,0xFE,0x60,0xF6,0xC0,0x18,0x00,0x00,0x00,0x00,0x00,0x00,0x00,0x00,0x00,0x00,
    0x80,0x10,0x40,0xEE,0xC0,0xFE,0xA0,0xFE,0xA0,0xFE,0xA0,0xFE,0xA0,0xFE,0xA0,0xFE,0xA0,0xFE,0xA0,0xFE,0xA0,0xFE,0xA0,0xFE,
    0xA0,0xFE,0xA0,0xFE,0xA0,0xFE,0xA0,0xFE,0xA0,0xFE,0xA0,0xFE,0xA0,0xFE,0xA0,0xFE,0xA0,0xFE,0xA0,0xFE,0xA0,0xFE,0xA0,0xFE,
    0xA0,0xFE,0xA0,0xFE,0xA0,0xFE,0xA0,0xFE,0xA0,0xFE,0xA0,0xFE,0xA0,0xFE,0xA0,0xFE,0xA0,0xFE,0xA0,0xFE,0xA0,0xFE,0xA0,0xFE,
    0xA0,0xFE,0xA0,0xFE,0xA0,0xFE,0xA0,0xFE,0xA0,0xFE,0xA0,0xFE,0xA0,0xFE,0xA0,0xFE,0xA0,0xFE,0xA0,0xFE,0xA0,0xFE,0xA0,0xFE,
    0xA0,0xFE,0xA0,0xFE,0xA0,0xFE,0xA0,0xFE,0xA0,0xFE,0xA0,0xFE,0xA0,0xFE,0xA0,0xFE,0xA0,0xFE,0x60,0xF6,0xC0,0x18,0x00,0x00,
    0x00,0x00,0x00,0x00,0x40,0xC5,0xE0,0xFE,0x80,0xFE,0xA0,0xFE,0xA0,0xFE,0xB8,0xFF,0x00,0x00,0x00,0x00,0x00,0x00,0x00,0x00,
    0x00,0x00,0x00,0x00,0x00,0x00,0x00,0x00,0x00,0x00,0x00,0x00,0x00,0x00,0x00,0x00,0x00,0x00,0x00,0x00,0x00,0x00,0x00,0x00,
    0x00,0x00,0xA0,0xFE,0xA0,0xFE,0x80,0xFE,0x00,0xFF,0x40,0x9C,0x00,0x00,0x20,0x00,0x00,0x00,0x00,0x4A,0x00,0xFF,0x80,0xFE,
    0xA0,0xFE,0xA0,0xFE,0xA0,0xFE,0xA0,0xFE,0xA0,0xFE,0xA0,0xFE,0xA0,0xFE,0xA0,0xFE,0xA0,0xFE,0xA0,0xFE,0xA0,0xFE,0xA0,0xFE,
    0xA0,0xFE,0xA0,0xFE,0xA0,0xFE,0xA0,0xFE,0xA0,0xFE,0xA0,0xFE,0xA0,0xFE,0xA0,0xFE,0xA0,0xFE,0xA0,0xFE,0xA0,0xFE,0xA0,0xFE,
    0xA0,0xFE,0xA0,0xFE,0xA0,0xFE,0xA0,0xFE,0xA0,0xFE,0xA0,0xFE,0xA0,0xFE,0xA0,0xFE,0xA0,0xFE,0xA0,0xFE,0xA0,0xFE,0xA0,0xFE,
    0xA0,0xFE,0xA0,0xFE,0xA0,0xFE,0xA0,0xFE,0xA0,0xFE,0xA0,0xFE,0xA0,0xFE,0xA0,0xFE,0xA0,0xFE,0xA0,0xFE,0xA0,0xFE,0xA0,0xFE,
    0xA0,0xFE,0xA0,0xFE,0xA0,0xFE,0xA0,0xFE,0xA0,0xFE,0xC0,0xFE,0xE0,0xDD,0x40,0x08,0x00,0x00,0x00,0x00,0x00,0x00,0x00,0x00,
    0x00,0x00,0x00,0x21,0xA0,0xF6,0xA0,0xFE,0xA0,0xFE,0xA0,0xFE,0xA0,0xFE,0xA0,0xFE,0xA0,0xFE,0xA0,0xFE,0xA0,0xFE,0xA0,0xFE,
    0xA0,0xFE,0xA0,0xFE,0xE0,0xFE,0xA0,0x39,0x00,0x00,0x00,0x00,0x00,0x00,0x00,0x00,0x00,0x00,0x00,0x00,0x00,0x00,0x00,0x00,
    0x00,0x00,0xA0,0xD5,0xE0,0xFE,0x80,0xFE,0xA0,0xFE,0xA0,0xFE,0xA0,0xFE,0xA0,0xFE,0xA0,0xFE,0xA0,0xFE,0xA0,0xFE,0xA0,0xFE,
    0x80,0xFE,0x00,0xFF,0x60,0xA4,0x00,0x00,0x00,0x00,0x00,0x00,0x00,0x00,0x00,0x00,0x00,0x00,0xC0,0x6A,0x00,0xFF,0x80,0xFE,
    0xA0,0xFE,0xA0,0xFE,0xA0,0xFE,0xA0,0xFE,0xA0,0xFE,0xA0,0xFE,0xA0,0xFE,0xA0,0xFE,0xA0,0xFE,0xA0,0xFE,0xA0,0xFE,0xA0,0xFE,
    0xA0,0xFE,0xA0,0xFE,0xA0,0xFE,0xA0,0xFE,0xA0,0xFE,0xA0,0xFE,0xA0,0xFE,0xA0,0xFE,0xA0,0xFE,0xA0,0xFE,0xA0,0xFE,0xA0,0xFE,
    0xA0,0xFE,0xA0,0xFE,0xA0,0xFE,0xA0,0xFE,0xA0,0xFE,0xA0,0xFE,0xA0,0xFE,0xA0,0xFE,0xA0,0xFE,0xA0,0xFE,0xA0,0xFE,0xA0,0xFE,
    0xA0,0xFE,0xA0,0xFE,0xA0,0xFE,0xA0,0xFE,0xA0,0xFE,0xA0,0xFE,0xA0,0xFE,0xA0,0xFE,0xA0,0xFE,0xA0,0xFE,0xA0,0xFE,0xA0,0xFE,
    0xA0,0xFE,0xA0,0xFE,0xA0,0xFE,0xA0,0xFE,0xA0,0xFE,0xC0,0xFE,0x60,0x31,0x00,0x00,0x20,0x00,0x00,0x00,0x80,0xAC,0x00,0xFF,
    0x80,0xFE,0xA0,0xFE,0x80,0xFE,0x95,0xFF,0x00,0x00,0x00,0x00,0x00,0x00,0x00,0x00,0x00,0x00,0x00,0x00,0x00,0x00,0x00,0x00,
    0x00,0x00,0x00,0x00,0x00,0x00,0x00,0x00,0x00,0x00,0x00,0x00,0x00,0x00,0x00,0x00,0x00,0x00,0x80,0xFE,0xA0,0xFE,0x80,0xFE,
    0x20,0xFF,0x60,0x83,0x00,0x00,0x20,0x08,0x00,0x00,0xA0,0x62,0x00,0xFF,0x80,0xFE,0xA0,0xFE,0xA0,0xFE,0xA0,0xFE,0xA0,0xFE,
    0xA0,0xFE,0xA0,0xFE,0xA0,0xFE,0xA0,0xFE,0xA0,0xFE,0xA0,0xFE,0xA0,0xFE,0xA0,0xFE,0xA0,0xFE,0xA0,0xFE,0xA0,0xFE,0xA0,0xFE,
    0xA0,0xFE,0xA0,0xFE,0xA0,0xFE,0xA0,0xFE,0xA0,0xFE,0xA0,0xFE,0xA0,0xFE,0xA0,0xFE,0xA0,0xFE,0xA0,0xFE,0xA0,0xFE,0xA0,0xFE,
    0xA0,0xFE,0xA0,0xFE,0xA0,0xFE,0xA0,0xFE,0xA0,0xFE,0xA0,0xFE,0xA0,0xFE,0xA0,0xFE,0xA0,0xFE,0xA0,0xFE,0xA0,0xFE,0xA0,0xFE,
    0xA0,0xFE,0xA0,0xFE,0xA0,0xFE,0xA0,0xFE,0xA0,0xFE,0xA0,0xFE,0xA0,0xFE,0xA0,0xFE,0xA0,0xFE,0xA0,0xFE,0xA0,0xFE,0xA0,0xFE,
    0x80,0xFE,0x00,0xFF,0x40,0x52,0x00,0x00,0x00,0x00,0x00,0x00,0x00,0x00,0x00,0x00,0x00,0x00,0xC0,0xB4,0x00,0xFF,0x80,0xFE,
    0xA0,0xFE,0xA0,0xFE,0xA0,0xFE,0xA0,0xFE,0xA0,0xFE,0xA0,0xFE,0xA0,0xFE,0xA0,0xFE,0xA0,0xFE,0x80,0xFE,0x00,0xFF,0x20,0x4A,
    0x00,0x00,0x00,0x00,0x00,0x00,0x00,0x00,0x00,0x00,0x00,0x00,0x00,0x00,0x00,0x00,0x40,0x08,0x00,0xE6,0xC0,0xFE,0xA0,0xFE,
    0xA0,0xFE,0xA0,0xFE,0xA0,0xFE,0xA0,0xFE,0xA0,0xFE,0xA0,0xFE,0xA0,0xFE,0xA0,0xFE,0xA0,0xFE,0x80,0xFE,0xE0,0xFE,0xA0,0x39,
    0x00,0x00,0x00,0x00,0x00,0x00,0x00,0x00,0x00,0x00,0x20,0x00,0x80,0xD5,0xE0,0xFE,0x80,0xFE,0xA0,0xFE,0xA0,0xFE,0xA0,0xFE,
    0xA0,0xFE,0xA0,0xFE,0xA0,0xFE,0xA0,0xFE,0xA0,0xFE,0xA0,0xFE,0xA0,0xFE,0xA0,0xFE,0xA0,0xFE,0xA0,0xFE,0xA0,0xFE,0xA0,0xFE,
    0xA0,0xFE,0xA0,0xFE,0xA0,0xFE,0xA0,0xFE,0xA0,0xFE,0xA0,0xFE,0xA0,0xFE,0xA0,0xFE,0xA0,0xFE,0xA0,0xFE,0xA0,0xFE,0xA0,0xFE,
    0xA0,0xFE,0xA0,0xFE,0xA0,0xFE,0xA0,0xFE,0xA0,0xFE,0xA0,0xFE,0xA0,0xFE,0xA0,0xFE,0xA0,0xFE,0xA0,0xFE,0xA0,0xFE,0xA0,0xFE,
    0xA0,0xFE,0xA0,0xFE,0xA0,0xFE,0xA0,0xFE,0xA0,0xFE,0xA0,0xFE,0xA0,0xFE,0xA0,0xFE,0xA0,0xFE,0xA0,0xFE,0xA0,0xFE,0xA0,0xFE,
    0x80,0xFE,0xE0,0xFE,0x00,0x4A,0x00,0x00,0x20,0x00,0x00,0x00,0xE0,0x93,0x20,0xFF,0x80,0xFE,0xA0,0xFE,0x80,0xFE,0x72,0xFF,
    0x00,0x00,0x00,0x00,0x00,0x00,0x00,0x00,0x00,0x00,0x00,0x00,0x00,0x00,0x00,0x00,0x00,0x00,0x00,0x00,0x00,0x00,0x00,0x00,
    0x00,0x00,0x00,0x00,0x00,0x00,0x00,0x00,0x51,0xFF,0x80,0xFE,0xA0,0xFE,0x80,0xFE,0x20,0xFF,0x00,0x6B,0x00,0x00,0x20,0x08,
    0x00,0x00,0x40,0x7B,0x20,0xFF,0x80,0xFE,0xA0,0xFE,0xA0,0xFE,0xA0,0xFE,0xA0,0xFE,0xA0,0xFE,0xA0,0xFE,0xA0,0xFE,0xA0,0xFE,
    0xA0,0xFE,0xA0,0xFE,0xA0,0xFE,0xA0,0xFE,0xA0,0xFE,0xA0,0xFE,0xA0,0xFE,0xA0,0xFE,0xA0,0xFE,0xA0,0xFE,0xA0,0xFE,0xA0,0xFE,
    0xA0,0xFE,0xA0,0xFE,0xA0,0xFE,0xA0,0xFE,0xA0,0xFE,0xA0,0xFE,0xA0,0xFE,0xA0,0xFE,0xA0,0xFE,0xA0,0xFE,0xA0,0xFE,0xA0,0xFE,
    0xA0,0xFE,0xA0,0xFE,0xA0,0xFE,0xA0,0xFE,0xA0,0xFE,0xA0,0xFE,0xA0,0xFE,0xA0,0xFE,0xA0,0xFE,0xA0,0xFE,0xA0,0xFE,0xA0,0xFE,
    0xA0,0xFE,0xA0,0xFE,0xA0,0xFE,0xA0,0xFE,0xA0,0xFE,0xA0,0xFE,0xA0,0xFE,0x80,0xFE,0x00,0xFF,0xE0,0xBC,0x00,0x00,0x00,0x00,
    0x00,0x00,0x00,0x00,0x00,0x00,0x00,0x00,0x00,0x4A,0x00,0xFF,0x80,0xFE,0xA0,0xFE,0xA0,0xFE,0xA0,0xFE,0xA0,0xFE,0xA0,0xFE,
    0xA0,0xFE,0xA0,0xFE,0xA0,0xFE,0xA0,0xFE,0xA0,0xFE,0x80,0xFE,0x00,0xFF,0xA0,0x62,0x00,0x00,0x00,0x00,0x00,0x00,0x00,0x00,
    0x00,0x00,0x00,0x00,0x00,0x00,0x00,0x00,0xC0,0x18,0x60,0xF6,0xA0,0xFE,0xA0,0xFE,0xA0,0xFE,0xA0,0xFE,0xA0,0xFE,0xA0,0xFE,
    0xA0,0xFE,0xA0,0xFE,0xA0,0xFE,0xA0,0xFE,0xA0,0xFE,0x80,0xFE,0xE0,0xFE,0x60,0xCD,0x00,0x00,0x00,0x00,0x00,0x00,0x00,0x00,
    0x00,0x00,0x00,0x00,0xC0,0x41,0xE0,0xFE,0x80,0xFE,0xA0,0xFE,0xA0,0xFE,0xA0,0xFE,0xA0,0xFE,0xA0,0xFE,0xA0,0xFE,0xA0,0xFE,
    0xA0,0xFE,0xA0,0xFE,0xA0,0xFE,0xA0,0xFE,0xA0,0xFE,0xA0,0xFE,0xA0,0xFE,0xA0,0xFE,0xA0,0xFE,0xA0,0xFE,0xA0,0xFE,0xA0,0xFE,
    0xA0,0xFE,0xA0,0xFE,0xA0,0xFE,0xA0,0xFE,0xA0,0xFE,0xA0,0xFE,0xA0,0xFE,0xA0,0xFE,0xA0,0xFE,0xA0,0xFE,0xA0,0xFE,0xA0,0xFE,
    0xA0,0xFE,0xA0,0xFE,0xA0,0xFE,0xA0,0xFE,0xA0,0xFE,0xA0,0xFE,0xA0,0xFE,0xA0,0xFE,0xA0,0xFE,0xA0,0xFE,0xA0,0xFE,0xA0,0xFE,
    0xA0,0xFE,0xA0,0xFE,0xA0,0xFE,0xA0,0xFE,0xA0,0xFE,0xA0,0xFE,0xA0,0xFE,0xA0,0xFE,0x80,0xFE,0x00,0xFF,0xA0,0x62,0x00,0x00,
    0x20,0x08,0x00,0x00,0x20,0x7B,0x20,0xFF,0x80,0xFE,0xA0,0xFE,0x80,0xFE,0x4F,0xFF,0xFF,0xFF,0x00,0x00,0x00,0x00,0x00,0x00,
    0x00,0x00,0x00,0x00,0x00,0x00,0x00,0x00,0x00,0x00,0x00,0x00,0x00,0x00,0x00,0x00,0x00,0x00,0x00,0x00,0x00,0x00,0x00,0x00,
    0x4E,0xFF,0xA0,0xFE,0xA0,0xFE,0x80,0xFE,0x00,0xFF,0x60,0x5A,0x00,0x00,0x20,0x00,0x00,0x00,0xC0,0x8B,0x20,0xFF,0x80,0xFE,
    0xA0,0xFE,0xA0,0xFE,0xA0,0xFE,0xA0,0xFE,0xA0,0xFE,0xA0,0xFE,0xA0,0xFE,0xA0,0xFE,0xA0,0xFE,0xA0,0xFE,0xA0,0xFE,0xA0,0xFE,
    0xA0,0xFE,0xA0,0xFE,0xA0,0xFE,0xA0,0xFE,0xA0,0xFE,0xA0,0xFE,0xA0,0xFE,0xA0,0xFE,0xA0,0xFE,0xA0,0xFE,0xA0,0xFE,0xA0,0xFE,
    0xA0,0xFE,0xA0,0xFE,0xA0,0xFE,0xA0,0xFE,0xA0,0xFE,0xA0,0xFE,0xA0,0xFE,0xA0,0xFE,0xA0,0xFE,0xA0,0xFE,0xA0,0xFE,0xA0,0xFE,
    0xA0,0xFE,0xA0,0xFE,0xA0,0xFE,0xA0,0xFE,0xA0,0xFE,0xA0,0xFE,0xA0,0xFE,0xA0,0xFE,0xA0,0xFE,0xA0,0xFE,0xA0,0xFE,0xA0,0xFE,
    0xA0,0xFE,0xA0,0xFE,0xA0,0xFE,0xA0,0xFE,0xC0,0xFE,0x40,0x29,0x00,0x00,0x00,0x00,0x00,0x00,0x00,0x00,0x00,0x00,0x40,0x08,
    0xA0,0xD5,0xE0,0xFE,0x80,0xFE,0xA0,0xFE,0xA0,0xFE,0xA0,0xFE,0xA0,0xFE,0xA0,0xFE,0xA0,0xFE,0xA0,0xFE,0xA0,0xFE,0xA0,0xFE,
    0xA0,0xFE,0x80,0xFE,0x20,0xFF,0x20,0x73,0x00,0x00,0x20,0x00,0x00,0x00,0x00,0x00,0x00,0x00,0x00,0x00,0x00,0x00,0x00,0x00,
    0x20,0x29,0xA0,0xFE,0xA0,0xFE,0xA0,0xFE,0xA0,0xFE,0xA0,0xFE,0xA0,0xFE,0xA0,0xFE,0xA0,0xFE,0xA0,0xFE,0xA0,0xFE,0xA0,0xFE,
    0xA0,0xFE,0xA0,0xFE,0x80,0xFE,0x00,0xFF,0xC0,0x6A,0x00,0x00,0x00,0x00,0x00,0x00,0x00,0x00,0x00,0x00,0x00,0x00,0x80,0xA4,
    0x00,0xFF,0x80,0xFE,0xA0,0xFE,0xA0,0xFE,0xA0,0xFE,0xA0,0xFE,0xA0,0xFE,0xA0,0xFE,0xA0,0xFE,0xA0,0xFE,0xA0,0xFE,0xA0,0xFE,
    0xA0,0xFE,0xA0,0xFE,0xA0,0xFE,0xA0,0xFE,0xA0,0xFE,0xA0,0xFE,0xA0,0xFE,0xA0,0xFE,0xA0,0xFE,0xA0,0xFE,0xA0,0xFE,0xA0,0xFE,
    0xA0,0xFE,0xA0,0xFE,0xA0,0xFE,0xA0,0xFE,0xA0,0xFE,0xA0,0xFE,0xA0,0xFE,0xA0,0xFE,0xA0,0xFE,0xA0,0xFE,0xA0,0xFE,0xA0,0xFE,
    0xA0,0xFE,0xA0,0xFE,0xA0,0xFE,0xA0,0xFE,0xA0,0xFE,0xA0,0xFE,0xA0,0xFE,0xA0,0xFE,0xA0,0xFE,0xA0,0xFE,0xA0,0xFE,0xA0,0xFE,
    0xA0,0xFE,0xA0,0xFE,0xA0,0xFE,0xA0,0xFE,0x80,0xFE,0x20,0xFF,0x20,0x73,0x00,0x00,0x20,0x08,0x00,0x00,0xA0,0x62,0x20,0xFF,
    0x80,0xFE,0xA0,0xFE,0x80,0xFE,0x2D,0xFF,0xFF,0xFF,0x00,0x00,0x00,0x00,0x00,0x00,0x00,0x00,0x00,0x00,0x00,0x00,0x00,0x00,
    0x00,0x00,0x00,0x00,0x00,0x00,0x00,0x00,0x00,0x00,0x00,0x00,0x00,0x00,0x00,0x00,0x2C,0xFF,0xA0,0xFE,0xA0,0xFE,0x80,0xFE,
    0x00,0xFF,0x00,0x4A,0x00,0x00,0x20,0x00,0x00,0x00,0x40,0x9C,0x20,0xFF,0x80,0xFE,0xA0,0xFE,0xA0,0xFE,0xA0,0xFE,0xA0,0xFE,
    0xA0,0xFE,0xA0,0xFE,0xA0,0xFE,0xA0,0xFE,0xA0,0xFE,0xA0,0xFE,0xA0,0xFE,0xA0,0xFE,0xA0,0xFE,0xA0,0xFE,0xA0,0xFE,0xA0,0xFE,
    0xA0,0xFE,0xA0,0xFE,0xA0,0xFE,0xA0,0xFE,0xA0,0xFE,0xA0,0xFE,0xA0,0xFE,0xA0,0xFE,0xA0,0xFE,0xA0,0xFE,0xA0,0xFE,0xA0,0xFE,
    0xA0,0xFE,0xA0,0xFE,0xA0,0xFE,0xA0,0xFE,0xA0,0xFE,0xA0,0xFE,0xA0,0xFE,0xA0,0xFE,0xA0,0xFE,0xA0,0xFE,0xA0,0xFE,0xA0,0xFE,
    0xA0,0xFE,0xA0,0xFE,0xA0,0xFE,0xA0,0xFE,0xA0,0xFE,0xA0,0xFE,0xA0,0xFE,0xA0,0xFE,0xA0,0xFE,0xA0,0xFE,0x80,0xFE,0x20,0xFF,
    0xE0,0x93,0x00,0x00,0x00,0x00,0x00,0x00,0x00,0x00,0x00,0x00,0x00,0x00,0x20,0x73,0x20,0xFF,0x80,0xFE,0xA0,0xFE,0xA0,0xFE,
    0xA0,0xFE,0xA0,0xFE,0xA0,0xFE,0xA0,0xFE,0xA0,0xFE,0xA0,0xFE,0xA0,0xFE,0xA0,0xFE,0xA0,0xFE,0x80,0xFE,0x20,0xFF,0xC0,0x8B,
    0x00,0x00,0x00,0x00,0x00,0x00,0x00,0x00,0x00,0x00,0x00,0x00,0x00,0x00,0x00,0x00,0xA0,0x39,0xE0,0xFE,0xA0,0xFE,0xA0,0xFE,
    0xA0,0xFE,0xA0,0xFE,0xA0,0xFE,0xA0,0xFE,0xA0,0xFE,0xA0,0xFE,0xA0,0xFE,0xA0,0xFE,0xA0,0xFE,0xA0,0xFE,0xA0,0xFE,0xC0,0xFE,
    0x40,0xEE,0x80,0x10,0x00,0x00,0x00,0x00,0x00,0x00,0x00,0x00,0x00,0x00,0xE0,0x20,0x80,0xF6,0xA0,0xFE,0xA0,0xFE,0xA0,0xFE,
    0xA0,0xFE,0xA0,0xFE,0xA0,0xFE,0xA0,0xFE,0xA0,0xFE,0xA0,0xFE,0xA0,0xFE,0xA0,0xFE,0xA0,0xFE,0xA0,0xFE,0xA0,0xFE,0xA0,0xFE,
    0xA0,0xFE,0xA0,0xFE,0xA0,0xFE,0xA0,0xFE,0xA0,0xFE,0xA0,0xFE,0xA0,0xFE,0xA0,0xFE,0xA0,0xFE,0xA0,0xFE,0xA0,0xFE,0xA0,0xFE,
    0xA0,0xFE,0xA0,0xFE,0xA0,0xFE,0xA0,0xFE,0xA0,0xFE,0xA0,0xFE,0xA0,0xFE,0xA0,0xFE,0xA0,0xFE,0xA0,0xFE,0xA0,0xFE,0xA0,0xFE,
    0xA0,0xFE,0xA0,0xFE,0xA0,0xFE,0xA0,0xFE,0xA0,0xFE,0xA0,0xFE,0xA0,0xFE,0xA0,0xFE,0xA0,0xFE,0xA0,0xFE,0xA0,0xFE,0xA0,0xFE,
    0x80,0xFE,0x20,0xFF,0xA0,0x8B,0x00,0x00,0x20,0x00,0x00,0x00,0x20,0x52,0x00,0xFF,0x80,0xFE,0xA0,0xFE,0xA0,0xFE,0x2B,0xFF,
    0xFF,0xFF,0x00,0x00,0x00,0x00,0x00,0x00,0x00,0x00,0x00,0x00,0x00,0x00,0x00,0x00,0x00,0x00,0x00,0x00,0x00,0x00,0x00,0x00,
    0x00,0x00,0x00,0x00,0x00,0x00,0x00,0x00,0x2B,0xFF,0xA0,0xFE,0xA0,0xFE,0xA0,0xFE,0xE0,0xFE,0xC0,0x41,0x00,0x00,0x20,0x00,
    0x00,0x00,0xA0,0xAC,0x00,0xFF,0x80,0xFE,0xA0,0xFE,0xA0,0xFE,0xA0,0xFE,0xA0,0xFE,0xA0,0xFE,0xA0,0xFE,0xA0,0xFE,0xA0,0xFE,
    0xA0,0xFE,0xA0,0xFE,0xA0,0xFE,0xA0,0xFE,0xA0,0xFE,0xA0,0xFE,0xA0,0xFE,0xA0,0xFE,0xA0,0xFE,0xA0,0xFE,0xA0,0xFE,0xA0,0xFE,
    0xA0,0xFE,0xA0,0xFE,0xA0,0xFE,0xA0,0xFE,0xA0,0xFE,0xA0,0xFE,0xA0,0xFE,0xA0,0xFE,0xA0,0xFE,0xA0,0xFE,0xA0,0xFE,0xA0,0xFE,
    0xA0,0xFE,0xA0,0xFE,0xA0,0xFE,0xA0,0xFE,0xA0,0xFE,0xA0,0xFE,0xA0,0xFE,0xA0,0xFE,0xA0,0xFE,0xA0,0xFE,0xA0,0xFE,0xA0,0xFE,
    0xA0,0xFE,0xA0,0xFE,0xA0,0xFE,0xA0,0xFE,0xA0,0xFE,0xA0,0xFE,0xC0,0xFE,0x20,0xE6,0x80,0x10,0x00,0x00,0x00,0x00,0x00,0x00,
    0x00,0x00,0x00,0x00,0xC0,0x18,0x80,0xF6,0xA0,0xFE,0xA0,0xFE,0xA0,0xFE,0xA0,0xFE,0xA0,0xFE,0xA0,0xFE,0xA0,0xFE,0xA0,0xFE,
    0xA0,0xFE,0xA0,0xFE,0xA0,0xFE,0xA0,0xFE,0xA0,0xFE,0x80,0xFE,0x00,0xFF,0x40,0x9C,0x00,0x00,0x00,0x00,0x00,0x00,0x00,0x00,
    0x00,0x00,0x00,0x00,0x00,0x00,0x00,0x00,0x20,0x52,0x00,0xFF,0x80,0xFE,0xA0,0xFE,0xA0,0xFE,0xA0,0xFE,0xA0,0xFE,0xA0,0xFE,
    0xA0,0xFE,0xA0,0xFE,0xA0,0xFE,0xA0,0xFE,0xA0,0xFE,0xA0,0xFE,0xA0,0xFE,0x80,0xFE,0x20,0xFF,0xE0,0x93,0x00,0x00,0x00,0x00,
    0x00,0x00,0x00,0x00,0x00,0x00,0x00,0x00,0x60,0x7B,0x20,0xFF,0x80,0xFE,0xA0,0xFE,0xA0,0xFE,0xA0,0xFE,0xA0,0xFE,0xA0,0xFE,
    0xA0,0xFE,0xA0,0xFE,0xA0,0xFE,0xA0,0xFE,0xA0,0xFE,0xA0,0xFE,0xA0,0xFE,0xA0,0xFE,0xA0,0xFE,0xA0,0xFE,0xA0,0xFE,0xA0,0xFE,
    0xA0,0xFE,0xA0,0xFE,0xA0,0xFE,0xA0,0xFE,0xA0,0xFE,0xA0,0xFE,0xA0,0xFE,0xA0,0xFE,0xA0,0xFE,0xA0,0xFE,0xA0,0xFE,0xA0,0xFE,
    0xA0,0xFE,0xA0,0xFE,0xA0,0xFE,0xA0,0xFE,0xA0,0xFE,0xA0,0xFE,0xA0,0xFE,0xA0,0xFE,0xA0,0xFE,0xA0,0xFE,0xA0,0xFE,0xA0,0xFE,
    0xA0,0xFE,0xA0,0xFE,0xA0,0xFE,0xA0,0xFE,0xA0,0xFE,0xA0,0xFE,0xA0,0xFE,0xA0,0xFE,0x80,0xFE,0x20,0xFF,0x00,0x94,0x00,0x00,
    0x20,0x00,0x00,0x00,0xE0,0x41,0x00,0xFF,0x80,0xFE,0xA0,0xFE,0x80,0xFE,0x09,0xFF,0xFF,0xFF,0x00,0x00,0x00,0x00,0x00,0x00,
    0x00,0x00,0x00,0x00,0x00,0x00,0x00,0x00,0x00,0x00,0x00,0x00,0x00,0x00,0x00,0x00,0x00,0x00,0x00,0x00,0x00,0x00,0x00,0x00,
    0x09,0xFF,0xA0,0xFE,0xA0,0xFE,0xA0,0xFE,0xC0,0xFE,0x60,0x31,0x00,0x00,0x20,0x00,0x00,0x00,0x00,0xBD,0x00,0xFF,0x80,0xFE,
    0xA0,0xFE,0xA0,0xFE,0xA0,0xFE,0xA0,0xFE,0xA0,0xFE,0xA0,0xFE,0xA0,0xFE,0xA0,0xFE,0xA0,0xFE,0xA0,0xFE,0xA0,0xFE,0xA0,0xFE,
    0xA0,0xFE,0xA0,0xFE,0xA0,0xFE,0xA0,0xFE,0xA0,0xFE,0xA0,0xFE,0xA0,0xFE,0xA0,0xFE,0xA0,0xFE,0xA0,0xFE,0xA0,0xFE,0xA0,0xFE,
    0xA0,0xFE,0xA0,0xFE,0xA0,0xFE,0xA0,0xFE,0xA0,0xFE,0xA0,0xFE,0xA0,0xFE,0xA0,0xFE,0xA0,0xFE,0xA0,0xFE,0xA0,0xFE,0xA0,0xFE,
    0xA0,0xFE,0xA0,0xFE,0xA0,0xFE,0xA0,0xFE,0xA0,0xFE,0xA0,0xFE,0xA0,0xFE,0xA0,0xFE,0xA0,0xFE,0xA0,0xFE,0xA0,0xFE,0xA0,0xFE,
    0xA0,0xFE,0x80,0xFE,0x20,0xFF,0xA0,0x62,0x00,0x00,0x00,0x00,0x00,0x00,0x00,0x00,0x00,0x00,0x00,0x00,0x60,0xA4,0x20,0xFF,
    0x80,0xFE,0xA0,0xFE,0xA0,0xFE,0xA0,0xFE,0xA0,0xFE,0xA0,0xFE,0xA0,0xFE,0xA0,0xFE,0xA0,0xFE,0xA0,0xFE,0xA0,0xFE,0xA0,0xFE,
    0xA0,0xFE,0x80,0xFE,0x00,0xFF,0xC0,0xB4,0x00,0x00,0x00,0x00,0x00,0x00,0x00,0x00,0x00,0x00,0x00,0x00,0x00,0x00,0x00,0x00,
    0xC0,0x62,0x20,0xFF,0x80,0xFE,0xA0,0xFE,0xA0,0xFE,0xA0,0xFE,0xA0,0xFE,0xA0,0xFE,0xA0,0xFE,0xA0,0xFE,0xA0,0xFE,0xA0,0xFE,
    0xA0,0xFE,0xA0,0xFE,0xA0,0xFE,0xA0,0xFE,0xA0,0xFE,0xC0,0xFE,0x40,0x29,0x00,0x00,0x00,0x00,0x00,0x00,0x00,0x00,0x00,0x00,
    0x40,0x08,0xE0,0xDD,0xE0,0xFE,0x80,0xFE,0xA0,0xFE,0xA0,0xFE,0xA0,0xFE,0xA0,0xFE,0xA0,0xFE,0xA0,0xFE,0xA0,0xFE,0xA0,0xFE,
    0xA0,0xFE,0xA0,0xFE,0xA0,0xFE,0xA0,0xFE,0xA0,0xFE,0xA0,0xFE,0xA0,0xFE,0xA0,0xFE,0xA0,0xFE,0xA0,0xFE,0xA0,0xFE,0xA0,0xFE,
    0xA0,0xFE,0xA0,0xFE,0xA0,0xFE,0xA0,0xFE,0xA0,0xFE,0xA0,0xFE,0xA0,0xFE,0xA0,0xFE,0xA0,0xFE,0xA0,0xFE,0xA0,0xFE,0xA0,0xFE,
    0xA0,0xFE,0xA0,0xFE,0xA0,0xFE,0xA0,0xFE,0xA0,0xFE,0xA0,0xFE,0xA0,0xFE,0xA0,0xFE,0xA0,0xFE,0xA0,0xFE,0xA0,0xFE,0xA0,0xFE,
    0xA0,0xFE,0xA0,0xFE,0xA0,0xFE,0xA0,0xFE,0x80,0xFE,0x00,0xFF,0x40,0xA4,0x00,0x00,0x20,0x00,0x00,0x00,0xA0,0x39,0xE0,0xFE,
    0xA0,0xFE,0xA0,0xFE,0xA0,0xFE,0x08,0xFF,0xFF,0xFF,0x00,0x00,0x00,0x00,0x00,0x00,0x00,0x00,0x00,0x00,0x00,0x00,0x00,0x00,
    0x00,0x00,0x00,0x00,0x00,0x00,0x00,0x00,0x00,0x00,0x00,0x00,0x00,0x00,0x00,0x00,0x08,0xFF,0xA0,0xFE,0xA0,0xFE,0xA0,0xFE,
    0xC0,0xFE,0x40,0x31,0x00,0x00,0x00,0x00,0x00,0x00,0x20,0xC5,0x00,0xFF,0xA0,0xFE,0xA0,0xFE,0xA0,0xFE,0xA0,0xFE,0xA0,0xFE,
    0xA0,0xFE,0xA0,0xFE,0xA0,0xFE,0xA0,0xFE,0xA0,0xFE,0xA0,0xFE,0xA0,0xFE,0xA0,0xFE,0xA0,0xFE,0xA0,0xFE,0xA0,0xFE,0xA0,0xFE,
    0xA0,0xFE,0xA0,0xFE,0xA0,0xFE,0xA0,0xFE,0xA0,0xFE,0xA0,0xFE,0xA0,0xFE,0xA0,0xFE,0xA0,0xFE,0xA0,0xFE,0xA0,0xFE,0xA0,0xFE,
    0xA0,0xFE,0xA0,0xFE,0xA0,0xFE,0xA0,0xFE,0xA0,0xFE,0xA0,0xFE,0xA0,0xFE,0xA0,0xFE,0xA0,0xFE,0xA0,0xFE,0xA0,0xFE,0xA0,0xFE,
    0xA0,0xFE,0xA0,0xFE,0xA0,0xFE,0xA0,0xFE,0xA0,0xFE,0xA0,0xFE,0xA0,0xFE,0xA0,0xFE,0x80,0xFE,0xE0,0xFE,0x40,0xCD,0x00,0x00,
    0x00,0x00,0x00,0x00,0x00,0x00,0x00,0x00,0x00,0x00,0xA0,0x39,0xE0,0xFE,0x80,0xFE,0xA0,0xFE,0xA0,0xFE,0xA0,0xFE,0xA0,0xFE,
    0xA0,0xFE,0xA0,0xFE,0xA0,0xFE,0xA0,0xFE,0xA0,0xFE,0xA0,0xFE,0xA0,0xFE,0xA0,0xFE,0xA0,0xFE,0x80,0xFE,0xE0,0xFE,0x40,0xC5,
    0x00,0x00,0x00,0x00,0x00,0x00,0x00,0x00,0x00,0x00,0x00,0x00,0x20,0x00,0x00,0x00,0x40,0x7B,0x20,0xFF,0x80,0xFE,0xA0,0xFE,
    0xA0,0xFE,0xA0,0xFE,0xA0,0xFE,0xA0,0xFE,0xA0,0xFE,0xA0,0xFE,0xA0,0xFE,0xA0,0xFE,0xA0,0xFE,0xA0,0xFE,0xA0,0xFE,0xA0,0xFE,
    0x80,0xFE,0x00,0xFF,0x00,0xBD,0x00,0x00,0x00,0x00,0x00,0x00,0x00,0x00,0x00,0x00,0x00,0x00,0x40,0x52,0x00,0xFF,0x80,0xFE,
    0xA0,0xFE,0xA0,0xFE,0xA0,0xFE,0xA0,0xFE,0xA0,0xFE,0xA0,0xFE,0xA0,0xFE,0xA0,0xFE,0xA0,0xFE,0xA0,0xFE,0xA0,0xFE,0xA0,0xFE,
    0xA0,0xFE,0xA0,0xFE,0xA0,0xFE,0xA0,0xFE,0xA0,0xFE,0xA0,0xFE,0xA0,0xFE,0xA0,0xFE,0xA0,0xFE,0xA0,0xFE,0xA0,0xFE,0xA0,0xFE,
    0xA0,0xFE,0xA0,0xFE,0xA0,0xFE,0xA0,0xFE,0xA0,0xFE,0xA0,0xFE,0xA0,0xFE,0xA0,0xFE,0xA0,0xFE,0xA0,0xFE,0xA0,0xFE,0xA0,0xFE,
    0xA0,0xFE,0xA0,0xFE,0xA0,0xFE,0xA0,0xFE,0xA0,0xFE,0xA0,0xFE,0xA0,0xFE,0xA0,0xFE,0xA0,0xFE,0xA0,0xFE,0xA0,0xFE,0xA0,0xFE,
    0x80,0xFE,0x00,0xFF,0x80,0xAC,0x00,0x00,0x20,0x00,0x00,0x00,0x60,0x31,0xC0,0xFE,0xA0,0xFE,0xA0,0xFE,0xA0,0xFE,0x07,0xFF,
    0xFF,0xFF,0x00,0x00,0x00,0x00,0x00,0x00,0x00,0x00,0x00,0x00,0x00,0x00,0x00,0x00,0x00,0x00,0x00,0x00,0x00,0x00,0x00,0x00,
    0x00,0x00,0x00,0x00,0x00,0x00,0x00,0x00,0x07,0xFF,0xA0,0xFE,0xA0,0xFE,0xA0,0xFE,0xC0,0xFE,0x20,0x29,0x00,0x00,0x00,0x00,
    0x00,0x00,0x40,0xC5,0x00,0xFF,0xA0,0xFE,0xA0,0xFE,0xA0,0xFE,0xA0,0xFE,0xA0,0xFE,0xA0,0xFE,0xA0,0xFE,0xA0,0xFE,0xA0,0xFE,
    0xA0,0xFE,0xA0,0xFE,0xA0,0xFE,0xA0,0xFE,0xA0,0xFE,0xA0,0xFE,0xA0,0xFE,0xA0,0xFE,0xA0,0xFE,0xA0,0xFE,0xA0,0xFE,0xA0,0xFE,
    0xA0,0xFE,0xA0,0xFE,0xA0,0xFE,0xA0,0xFE,0xA0,0xFE,0xA0,0xFE,0xA0,0xFE,0xA0,0xFE,0xA0,0xFE,0xA0,0xFE,0xA0,0xFE,0xA0,0xFE,
    0xA0,0xFE,0xA0,0xFE,0xA0,0xFE,0xA0,0xFE,0xA0,0xFE,0xA0,0xFE,0xA0,0xFE,0xA0,0xFE,0xA0,0xFE,0xA0,0xFE,0xA0,0xFE,0xA0,0xFE,
    0xA0,0xFE,0xA0,0xFE,0xA0,0xFE,0xA0,0xFE,0x80,0xFE,0xE0,0xFE,0xA0,0x39,0x00,0x00,0x00,0x00,0x00,0x00,0x00,0x00,0x00,0x00,
    0x00,0x00,0x60,0xCD,0xE0,0xFE,0x80,0xFE,0xA0,0xFE,0xA0,0xFE,0xA0,0xFE,0xA0,0xFE,0xA0,0xFE,0xA0,0xFE,0xA0,0xFE,0xA0,0xFE,
    0xA0,0xFE,0xA0,0xFE,0xA0,0xFE,0xA0,0xFE,0xA0,0xFE,0xA0,0xFE,0xE0,0xFE,0xA0,0xD5,0x00,0x00,0x00,0x00,0x00,0x00,0x00,0x00,
    0x00,0x00,0x00,0x00,0x00,0x00,0x00,0x00,0xC0,0x93,0x20,0xFF,0x80,0xFE,0xA0,0xFE,0xA0,0xFE,0xA0,0xFE,0xA0,0xFE,0xA0,0xFE,
    0xA0,0xFE,0xA0,0xFE,0xA0,0xFE,0xA0,0xFE,0xA0,0xFE,0xA0,0xFE,0xA0,0xFE,0xA0,0xFE,0xA0,0xFE,0x80,0xFE,0x20,0xFF,0x40,0x52,
    0x00,0x00,0x00,0x00,0x00,0x00,0x00,0x00,0x00,0x00,0x00,0x00,0x00,0xBD,0x00,0xFF,0x80,0xFE,0xA0,0xFE,0xA0,0xFE,0xA0,0xFE,
    0xA0,0xFE,0xA0,0xFE,0xA0,0xFE,0xA0,0xFE,0xA0,0xFE,0xA0,0xFE,0xA0,0xFE,0xA0,0xFE,0xA0,0xFE,0xA0,0xFE,0xA0,0xFE,0xA0,0xFE,
    0xA0,0xFE,0xA0,0xFE,0xA0,0xFE,0xA0,0xFE,0xA0,0xFE,0xA0,0xFE,0xA0,0xFE,0xA0,0xFE,0xA0,0xFE,0xA0,0xFE,0xA0,0xFE,0xA0,0xFE,
    0xA0,0xFE,0xA0,0xFE,0xA0,0xFE,0xA0,0xFE,0xA0,0xFE,0xA0,0xFE,0xA0,0xFE,0xA0,0xFE,0xA0,0xFE,0xA0,0xFE,0xA0,0xFE,0xA0,0xFE,
    0xA0,0xFE,0xA0,0xFE,0xA0,0xFE,0xA0,0xFE,0xA0,0xFE,0xA0,0xFE,0xA0,0xFE,0xA0,0xFE,0x80,0xFE,0x00,0xFF,0xC0,0xB4,0x00,0x00,
    0x20,0x00,0x00,0x00,0x20,0x29,0xC0,0xFE,0xA0,0xFE,0xA0,0xFE,0xA0,0xFE,0xE7,0xFE,0xFF,0xFF,0x00,0x00,0x00,0x00,0x00,0x00,
    0x00,0x00,0x00,0x00,0x00,0x00,0x00,0x00,0x00,0x00,0x00,0x00,0x00,0x00,0x00,0x00,0x00,0x00,0x00,0x00,0x00,0x00,0x00,0x00,
    0xE7,0xFE,0xA0,0xFE,0xA0,0xFE,0xA0,0xFE,0xA0,0xFE,0x00,0x21,0x00,0x00,0x00,0x00,0x00,0x00,0x40,0xCD,0x00,0xFF,0x80,0xFE,
    0xA0,0xFE,0xA0,0xFE,0xA0,0xFE,0xA0,0xFE,0xA0,0xFE,0xA0,0xFE,0xA0,0xFE,0xA0,0xFE,0xA0,0xFE,0xA0,0xFE,0xA0,0xFE,0xA0,0xFE,
    0xA0,0xFE,0xA0,0xFE,0xA0,0xFE,0xA0,0xFE,0xA0,0xFE,0xA0,0xFE,0xA0,0xFE,0xA0,0xFE,0xA0,0xFE,0xA0,0xFE,0xA0,0xFE,0xA0,0xFE,
    0xA0,0xFE,0xA0,0xFE,0xA0,0xFE,0xA0,0xFE,0xA0,0xFE,0xA0,0xFE,0xA0,0xFE,0xA0,0xFE,0xA0,0xFE,0xA0,0xFE,0xA0,0xFE,0xA0,0xFE,
    0xA0,0xFE,0xA0,0xFE,0xA0,0xFE,0xA0,0xFE,0xA0,0xFE,0xA0,0xFE,0xA0,0xFE,0xA0,0xFE,0xA0,0xFE,0xA0,0xFE,0xA0,0xFE,0x80,0xFE,
    0x00,0xFF,0x40,0xA4,0x00,0x00,0x00,0x00,0x00,0x00,0x00,0x00,0x00,0x00,0x00,0x00,0xC0,0x62,0x20,0xFF,0x80,0xFE,0xA0,0xFE,
    0xA0,0xFE,0xA0,0xFE,0xA0,0xFE,0xA0,0xFE,0xA0,0xFE,0xA0,0xFE,0xA0,0xFE,0xA0,0xFE,0xA0,0xFE,0xA0,0xFE,0xA0,0xFE,0xA0,0xFE,
    0xA0,0xFE,0xA0,0xFE,0xC0,0xFE,0x00,0xE6,0x40,0x08,0x00,0x00,0x00,0x00,0x00,0x00,0x00,0x00,0x00,0x00,0x00,0x00,0x00,0x00,
    0x60,0xA4,0x00,0xFF,0x80,0xFE,0xA0,0xFE,0xA0,0xFE,0xA0,0xFE,0xA0,0xFE,0xA0,0xFE,0xA0,0xFE,0xA0,0xFE,0xA0,0xFE,0xA0,0xFE,
    0xA0,0xFE,0xA0,0xFE,0xA0,0xFE,0xA0,0xFE,0xA0,0xFE,0xA0,0xFE,0xC0,0xFE,0xE0,0xDD,0x40,0x08,0x00,0x00,0x00,0x00,0x00,0x00,
    0x00,0x00,0x00,0x00,0x40,0x29,0xC0,0xFE,0xA0,0xFE,0xA0,0xFE,0xA0,0xFE,0xA0,0xFE,0xA0,0xFE,0xA0,0xFE,0xA0,0xFE,0xA0,0xFE,
    0xA0,0xFE,0xA0,0xFE,0xA0,0xFE,0xA0,0xFE,0xA0,0xFE,0xA0,0xFE,0xA0,0xFE,0xA0,0xFE,0xA0,0xFE,0xA0,0xFE,0xA0,0xFE,0xA0,0xFE,
    0xA0,0xFE,0xA0,0xFE,0xA0,0xFE,0xA0,0xFE,0xA0,0xFE,0xA0,0xFE,0xA0,0xFE,0xA0,0xFE,0xA0,0xFE,0xA0,0xFE,0xA0,0xFE,0xA0,0xFE,
    0xA0,0xFE,0xA0,0xFE,0xA0,0xFE,0xA0,0xFE,0xA0,0xFE,0xA0,0xFE,0xA0,0xFE,0xA0,0xFE,0xA0,0xFE,0xA0,0xFE,0xA0,0xFE,0xA0,0xFE,
    0xA0,0xFE,0xA0,0xFE,0xA0,0xFE,0xA0,0xFE,0x80,0xFE,0x00,0xFF,0xE0,0xB4,0x00,0x00,0x20,0x00,0x00,0x00,0x20,0x29,0xA0,0xFE,
    0xA0,0xFE,0xA0,0xFE,0xA0,0xFE,0xE7,0xFE,0xFF,0xFF,0x00,0x00,0x00,0x00,0x00,0x00,0x00,0x00,0x00,0x00,0x00,0x00,0x00,0x00,
    0x00,0x00,0x00,0x00,0x00,0x00,0x00,0x00,0x00,0x00,0x00,0x00,0x00,0x00,0x00,0x00,0xE7,0xFE,0xA0,0xFE,0xA0,0xFE,0xA0,0xFE,
    0xA0,0xFE,0x00,0x21,0x00,0x00,0x00,0x00,0x00,0x00,0x40,0xCD,0x00,0xFF,0xA0,0xFE,0xA0,0xFE,0xA0,0xFE,0xA0,0xFE,0xA0,0xFE,
    0xA0,0xFE,0xA0,0xFE,0xA0,0xFE,0xA0,0xFE,0xA0,0xFE,0xA0,0xFE,0xA0,0xFE,0xA0,0xFE,0xA0,0xFE,0xA0,0xFE,0xA0,0xFE,0xA0,0xFE,
    0xA0,0xFE,0xA0,0xFE,0xA0,0xFE,0xA0,0xFE,0xA0,0xFE,0xA0,0xFE,0xA0,0xFE,0xA0,0xFE,0xA0,0xFE,0xA0,0xFE,0xA0,0xFE,0xA0,0xFE,
    0xA0,0xFE,0xA0,0xFE,0xA0,0xFE,0xA0,0xFE,0xA0,0xFE,0xA0,0xFE,0xA0,0xFE,0xA0,0xFE,0xA0,0xFE,0xA0,0xFE,0xA0,0xFE,0xA0,0xFE,
    0xA0,0xFE,0xA0,0xFE,0xA0,0xFE,0xA0,0xFE,0xA0,0xFE,0xA0,0xFE,0xA0,0xFE,0xA0,0xFE,0x60,0xEE,0xC0,0x18,0x00,0x00,0x00,0x00,
    0x00,0x00,0x00,0x00,0x00,0x00,0x80,0x10,0x40,0xEE,0xC0,0xFE,0xA0,0xFE,0xA0,0xFE,0xA0,0xFE,0xA0,0xFE,0xA0,0xFE,0xA0,0xFE,
    0xA0,0xFE,0xA0,0xFE,0xA0,0xFE,0xA0,0xFE,0xA0,0xFE,0xA0,0xFE,0xA0,0xFE,0xA0,0xFE,0xA0,0xFE,0xA0,0xFE,0xC0,0xFE,0x60,0xEE,
    0xA0,0x10,0x00,0x00,0x00,0x00,0x00,0x00,0x00,0x00,0x00,0x00,0x00,0x00,0x00,0x00,0xE0,0xBC,0x00,0xFF,0x80,0xFE,0xA0,0xFE,
    0xA0,0xFE,0xA0,0xFE,0xA0,0xFE,0xA0,0xFE,0xA0,0xFE,0xA0,0xFE,0xA0,0xFE,0xA0,0xFE,0xA0,0xFE,0xA0,0xFE,0xA0,0xFE,0xA0,0xFE,
    0xA0,0xFE,0xA0,0xFE,0x80,0xFE,0x20,0xFF,0x80,0x83,0x00,0x00,0x00,0x00,0x00,0x00,0x00,0x00,0x00,0x00,0x00,0x00,0xC0,0x8B,
    0x20,0xFF,0x80,0xFE,0xA0,0xFE,0xA0,0xFE,0xA0,0xFE,0xA0,0xFE,0xA0,0xFE,0xA0,0xFE,0xA0,0xFE,0xA0,0xFE,0xA0,0xFE,0xA0,0xFE,
    0xA0,0xFE,0xA0,0xFE,0xA0,0xFE,0xA0,0xFE,0xA0,0xFE,0xA0,0xFE,0xA0,0xFE,0xA0,0xFE,0xA0,0xFE,0xA0,0xFE,0xA0,0xFE,0xA0,0xFE,
    0xA0,0xFE,0xA0,0xFE,0xA0,0xFE,0xA0,0xFE,0xA0,0xFE,0xA0,0xFE,0xA0,0xFE,0xA0,0xFE,0xA0,0xFE,0xA0,0xFE,0xA0,0xFE,0xA0,0xFE,
    0xA0,0xFE,0xA0,0xFE,0xA0,0xFE,0xA0,0xFE,0xA0,0xFE,0xA0,0xFE,0xA0,0xFE,0xA0,0xFE,0xA0,0xFE,0xA0,0xFE,0xA0,0xFE,0xA0,0xFE,
    0x80,0xFE,0x00,0xFF,0xE0,0xB4,0x00,0x00,0x20,0x00,0x00,0x00,0x20,0x29,0xA0,0xFE,0xA0,0xFE,0xA0,0xFE,0xA0,0xFE,0xE7,0xFE,
    0xFF,0xFF,0x00,0x00,0x00,0x00,0x00,0x00,0x00,0x00,0x00,0x00,0x00,0x00,0x00,0x00,0x00,0x00,0x00,0x00,0x00,0x00,0x00,0x00,
    0x00,0x00,0x00,0x00,0x00,0x00,0x00,0x00,0x08,0xFF,0xA0,0xFE,0xA0,0xFE,0xA0,0xFE,0xA0,0xFE,0x20,0x29,0x00,0x00,0x00,0x00,
    0x00,0x00,0x40,0xC5,0xE0,0xFE,0xA0,0xFE,0xA0,0xFE,0xA0,0xFE,0xA0,0xFE,0xA0,0xFE,0xA0,0xFE,0xA0,0xFE,0xA0,0xFE,0xA0,0xFE,
    0xA0,0xFE,0xA0,0xFE,0xA0,0xFE,0xA0,0xFE,0xA0,0xFE,0xA0,0xFE,0xA0,0xFE,0xA0,0xFE,0xA0,0xFE,0xA0,0xFE,0xA0,0xFE,0xA0,0xFE,
    0xA0,0xFE,0xA0,0xFE,0xA0,0xFE,0xA0,0xFE,0xA0,0xFE,0xA0,0xFE,0xA0,0xFE,0xA0,0xFE,0xA0,0xFE,0xA0,0xFE,0xA0,0xFE,0xA0,0xFE,
    0xA0,0xFE,0xA0,0xFE,0xA0,0xFE,0xA0,0xFE,0xA0,0xFE,0xA0,0xFE,0xA0,0xFE,0xA0,0xFE,0xA0,0xFE,0xA0,0xFE,0xA0,0xFE,0xA0,0xFE,
    0xA0,0xFE,0xA0,0xFE,0x80,0xFE,0x20,0xFF,0x00,0x73,0x00,0x00,0x00,0x00,0x00,0x00,0x00,0x00,0x00,0x00,0x00,0x00,0xE0,0x93,
    0x20,0xFF,0x80,0xFE,0xA0,0xFE,0xA0,0xFE,0xA0,0xFE,0xA0,0xFE,0xA0,0xFE,0xA0,0xFE,0xA0,0xFE,0xA0,0xFE,0xA0,0xFE,0xA0,0xFE,
    0xA0,0xFE,0xA0,0xFE,0xA0,0xFE,0xA0,0xFE,0xA0,0xFE,0xA0,0xFE,0xA0,0xFE,0xA0,0xFE,0x00,0x21,0x00,0x00,0x00,0x00,0x00,0x00,
    0x00,0x00,0x00,0x00,0x00,0x00,0x00,0x00,0x60,0xCD,0xE0,0xFE,0x80,0xFE,0xA0,0xFE,0xA0,0xFE,0xA0,0xFE,0xA0,0xFE,0xA0,0xFE,
    0xA0,0xFE,0xA0,0xFE,0xA0,0xFE,0xA0,0xFE,0xA0,0xFE,0xA0,0xFE,0xA0,0xFE,0xA0,0xFE,0xA0,0xFE,0xA0,0xFE,0xA0,0xFE,0xA0,0xFE,
    0xA0,0xF6,0x00,0x21,0x00,0x00,0x00,0x00,0x00,0x00,0x00,0x00,0x00,0x00,0x80,0x10,0x20,0xE6,0xC0,0xFE,0xA0,0xFE,0xA0,0xFE,
    0xA0,0xFE,0xA0,0xFE,0xA0,0xFE,0xA0,0xFE,0xA0,0xFE,0xA0,0xFE,0xA0,0xFE,0xA0,0xFE,0xA0,0xFE,0xA0,0xFE,0xA0,0xFE,0xA0,0xFE,
    0xA0,0xFE,0xA0,0xFE,0xA0,0xFE,0xA0,0xFE,0xA0,0xFE,0xA0,0xFE,0xA0,0xFE,0xA0,0xFE,0xA0,0xFE,0xA0,0xFE,0xA0,0xFE,0xA0,0xFE,
    0xA0,0xFE,0xA0,0xFE,0xA0,0xFE,0xA0,0xFE,0xA0,0xFE,0xA0,0xFE,0xA0,0xFE,0xA0,0xFE,0xA0,0xFE,0xA0,0xFE,0xA0,0xFE,0xA0,0xFE,
    0xA0,0xFE,0xA0,0xFE,0xA0,0xFE,0xA0,0xFE,0xA0,0xFE,0xA0,0xFE,0xA0,0xFE,0xA0,0xFE,0x80,0xFE,0x00,0xFF,0xC0,0xB4,0x00,0x00,
    0x20,0x00,0x00,0x00,0x40,0x29,0xC0,0xFE,0xA0,0xFE,0xA0,0xFE,0xA0,0xFE,0xE7,0xFE,0xFF,0xFF,0x00,0x00,0x00,0x00,0x00,0x00,
    0x00,0x00,0x00,0x00,0x00,0x00,0x00,0x00,0x00,0x00,0x00,0x00,0x00,0x00,0x00,0x00,0x00,0x00,0x00,0x00,0x00,0x00,0x00,0x00,
    0x09,0xFF,0xA0,0xFE,0xA0,0xFE,0xA0,0xFE,0xC0,0xFE,0x60,0x31,0x00,0x00,0x20,0x00,0x00,0x00,0x00,0xBD,0x00,0xFF,0x80,0xFE,
    0xA0,0xFE,0xA0,0xFE,0xA0,0xFE,0xA0,0xFE,0xA0,0xFE,0xA0,0xFE,0xA0,0xFE,0xA0,0xFE,0xA0,0xFE,0xA0,0xFE,0xA0,0xFE,0xA0,0xFE,
    0xA0,0xFE,0xA0,0xFE,0xA0,0xFE,0xA0,0xFE,0xA0,0xFE,0xA0,0xFE,0xA0,0xFE,0xA0,0xFE,0xA0,0xFE,0xA0,0xFE,0xA0,0xFE,0xA0,0xFE,
    0xA0,0xFE,0xA0,0xFE,0xA0,0xFE,0xA0,0xFE,0xA0,0xFE,0xA0,0xFE,0xA0,0xFE,0xA0,0xFE,0xA0,0xFE,0xA0,0xFE,0xA0,0xFE,0xA0,0xFE,
    0xA0,0xFE,0xA0,0xFE,0xA0,0xFE,0xA0,0xFE,0xA0,0xFE,0xA0,0xFE,0xA0,0xFE,0xA0,0xFE,0xA0,0xFE,0x80,0xFE,0xE0,0xFE,0x80,0xD5,
    0x20,0x00,0x00,0x00,0x00,0x00,0x00,0x00,0x00,0x00,0x00,0x00,0x40,0x29,0xC0,0xFE,0xA0,0xFE,0xA0,0xFE,0xA0,0xFE,0xA0,0xFE,
    0xA0,0xFE,0xA0,0xFE,0xA0,0xFE,0xA0,0xFE,0xA0,0xFE,0xA0,0xFE,0xA0,0xFE,0xA0,0xFE,0xA0,0xFE,0xA0,0xFE,0xA0,0xFE,0xA0,0xFE,
    0xA0,0xFE,0xA0,0xFE,0xA0,0xFE,0xC0,0xFE,0x80,0x31,0x00,0x00,0x00,0x00,0x00,0x00,0x00,0x00,0x00,0x00,0x00,0x00,0x20,0x00,
    0xE0,0xDD,0xC0,0xFE,0xA0,0xFE,0xA0,0xFE,0xA0,0xFE,0xA0,0xFE,0xA0,0xFE,0xA0,0xFE,0xA0,0xFE,0xA0,0xFE,0xA0,0xFE,0xA0,0xFE,
    0xA0,0xFE,0xA0,0xFE,0xA0,0xFE,0xA0,0xFE,0xA0,0xFE,0xA0,0xFE,0xA0,0xFE,0x80,0xFE,0x00,0xFF,0xA0,0xB4,0x00,0x00,0x00,0x00,
    0x00,0x00,0x00,0x00,0x00,0x00,0x00,0x00,0xA0,0x62,0x20,0xFF,0x80,0xFE,0xA0,0xFE,0xA0,0xFE,0xA0,0xFE,0xA0,0xFE,0xA0,0xFE,
    0xA0,0xFE,0xA0,0xFE,0xA0,0xFE,0xA0,0xFE,0xA0,0xFE,0xA0,0xFE,0xA0,0xFE,0xA0,0xFE,0xA0,0xFE,0xA0,0xFE,0xA0,0xFE,0xA0,0xFE,
    0xA0,0xFE,0xA0,0xFE,0xA0,0xFE,0xA0,0xFE,0xA0,0xFE,0xA0,0xFE,0xA0,0xFE,0xA0,0xFE,0xA0,0xFE,0xA0,0xFE,0xA0,0xFE,0xA0,0xFE,
    0xA0,0xFE,0xA0,0xFE,0xA0,0xFE,0xA0,0xFE,0xA0,0xFE,0xA0,0xFE,0xA0,0xFE,0xA0,0xFE,0xA0,0xFE,0xA0,0xFE,0xA0,0xFE,0xA0,0xFE,
    0xA0,0xFE,0xA0,0xFE,0xA0,0xFE,0xA0,0xFE,0x80,0xFE,0x00,0xFF,0xA0,0xAC,0x00,0x00,0x20,0x00,0x00,0x00,0x80,0x31,0xC0,0xFE,
    0xA0,0xFE,0xA0,0xFE,0xA0,0xFE,0x08,0xFF,0xFF,0xFF,0x00,0x00,0x00,0x00,0x00,0x00,0x00,0x00,0x00,0x00,0x00,0x00,0x00,0x00,
    0x00,0x00,0x00,0x00,0x00,0x00,0x00,0x00,0x00,0x00,0x00,0x00,0x00,0x00,0x00,0x00,0x0A,0xFF,0x80,0xFE,0xA0,0xFE,0xA0,0xFE,
    0xE0,0xFE,0xA0,0x39,0x00,0x00,0x20,0x00,0x00,0x00,0xE0,0xBC,0x00,0xFF,0x80,0xFE,0xA0,0xFE,0xA0,0xFE,0xA0,0xFE,0xA0,0xFE,
    0xA0,0xFE,0xA0,0xFE,0xA0,0xFE,0xA0,0xFE,0xA0,0xFE,0xA0,0xFE,0xA0,0xFE,0xA0,0xFE,0xA0,0xFE,0xA0,0xFE,0xA0,0xFE,0xA0,0xFE,
    0xA0,0xFE,0xA0,0xFE,0xA0,0xFE,0xA0,0xFE,0xA0,0xFE,0xA0,0xFE,0xA0,0xFE,0xA0,0xFE,0xA0,0xFE,0xA0,0xFE,0xA0,0xFE,0xA0,0xFE,
    0xA0,0xFE,0xA0,0xFE,0xA0,0xFE,0xA0,0xFE,0xA0,0xFE,0xA0,0xFE,0xA0,0xFE,0xA0,0xFE,0xA0,0xFE,0xA0,0xFE,0xA0,0xFE,0xA0,0xFE,
    0xA0,0xFE,0xA0,0xFE,0xA0,0xFE,0xA0,0xFE,0xA0,0xFE,0x80,0xFE,0xE0,0xFE,0xC0,0x41,0x00,0x00,0x00,0x00,0x00,0x00,0x00,0x00,
    0x00,0x00,0x00,0x00,0x00,0xBD,0x00,0xFF,0x80,0xFE,0xA0,0xFE,0xA0,0xFE,0xA0,0xFE,0xA0,0xFE,0xA0,0xFE,0xA0,0xFE,0xA0,0xFE,
    0xA0,0xFE,0xA0,0xFE,0xA0,0xFE,0xA0,0xFE,0xA0,0xFE,0xA0,0xFE,0xA0,0xFE,0xA0,0xFE,0xA0,0xFE,0xA0,0xFE,0x80,0xFE,0x00,0xFF,
    0x00,0x4A,0x00,0x00,0x00,0x00,0x00,0x00,0x00,0x00,0x00,0x00,0x00,0x00,0x80,0x10,0x40,0xEE,0xC0,0xFE,0xA0,0xFE,0xA0,0xFE,
    0xA0,0xFE,0xA0,0xFE,0xA0,0xFE,0xA0,0xFE,0xA0,0xFE,0xA0,0xFE,0xA0,0xFE,0xA0,0xFE,0xA0,0xFE,0xA0,0xFE,0xA0,0xFE,0xA0,0xFE,
    0xA0,0xFE,0xA0,0xFE,0xA0,0xFE,0xA0,0xFE,0x80,0xFE,0x00,0xFF,0xE0,0x49,0x00,0x00,0x00,0x00,0x00,0x00,0x00,0x00,0x00,0x00,
    0x00,0x00,0x60,0xCD,0xE0,0xFE,0x80,0xFE,0xA0,0xFE,0xA0,0xFE,0xA0,0xFE,0xA0,0xFE,0xA0,0xFE,0xA0,0xFE,0xA0,0xFE,0xA0,0xFE,
    0xA0,0xFE,0xA0,0xFE,0xA0,0xFE,0xA0,0xFE,0xA0,0xFE,0xA0,0xFE,0xA0,0xFE,0xA0,0xFE,0xA0,0xFE,0xA0,0xFE,0xA0,0xFE,0xA0,0xFE,
    0xA0,0xFE,0xA0,0xFE,0xA0,0xFE,0xA0,0xFE,0xA0,0xFE,0xA0,0xFE,0xA0,0xFE,0xA0,0xFE,0xA0,0xFE,0xA0,0xFE,0xA0,0xFE,0xA0,0xFE,
    0xA0,0xFE,0xA0,0xFE,0xA0,0xFE,0xA0,0xFE,0xA0,0xFE,0xA0,0xFE,0xA0,0xFE,0xA0,0xFE,0xA0,0xFE,0xA0,0xFE,0xA0,0xFE,0xA0,0xFE,
    0x80,0xFE,0x00,0xFF,0x40,0xA4,0x00,0x00,0x20,0x00,0x00,0x00,0x80,0x39,0xE0,0xFE,0xA0,0xFE,0xA0,0xFE,0xA0,0xFE,0x0A,0xFF,
    0xFF,0xFF,0x00,0x00,0x00,0x00,0x00,0x00,0x00,0x00,0x00,0x00,0x00,0x00,0x00,0x00,0x00,0x00,0x00,0x00,0x00,0x00,0x00,0x00,
    0x00,0x00,0x00,0x00,0x00,0x00,0x00,0x00,0x2B,0xFF,0x80,0xFE,0xA0,0xFE,0xA0,0xFE,0xE0,0xFE,0xC0,0x41,0x00,0x00,0x20,0x00,
    0x00,0x00,0xA0,0xAC,0x00,0xFF,0x80,0xFE,0xA0,0xFE,0xA0,0xFE,0xA0,0xFE,0xA0,0xFE,0xA0,0xFE,0xA0,0xFE,0xA0,0xFE,0xA0,0xFE,
    0xA0,0xFE,0xA0,0xFE,0xA0,0xFE,0xA0,0xFE,0xA0,0xFE,0xA0,0xFE,0xA0,0xFE,0xA0,0xFE,0xA0,0xFE,0xA0,0xFE,0xA0,0xFE,0xA0,0xFE,
    0xA0,0xFE,0xA0,0xFE,0xA0,0xFE,0xA0,0xFE,0xA0,0xFE,0xA0,0xFE,0xA0,0xFE,0xA0,0xFE,0xA0,0xFE,0xA0,0xFE,0xA0,0xFE,0xA0,0xFE,
    0xA0,0xFE,0xA0,0xFE,0xA0,0xFE,0xA0,0xFE,0xA0,0xFE,0xA0,0xFE,0xA0,0xFE,0xA0,0xFE,0xA0,0xFE,0xA0,0xFE,0xA0,0xFE,0xA0,0xFE,
    0x80,0xFE,0x00,0xFF,0x80,0xAC,0x00,0x00,0x00,0x00,0x00,0x00,0x00,0x00,0x00,0x00,0x00,0x00,0x40,0x52,0x00,0xFF,0x80,0xFE,
    0xA0,0xFE,0xA0,0xFE,0xA0,0xFE,0xA0,0xFE,0xA0,0xFE,0xA0,0xFE,0xA0,0xFE,0xA0,0xFE,0xA0,0xFE,0xA0,0xFE,0xA0,0xFE,0xA0,0xFE,
    0xA0,0xFE,0xA0,0xFE,0xA0,0xFE,0xA0,0xFE,0xA0,0xFE,0xA0,0xFE,0x80,0xFE,0x00,0xFF,0xA0,0x62,0x00,0x00,0x00,0x00,0x00,0x00,
    0x00,0x00,0x00,0x00,0x00,0x00,0xE0,0x20,0x80,0xFE,0xA0,0xFE,0xA0,0xFE,0xA0,0xFE,0xA0,0xFE,0xA0,0xFE,0xA0,0xFE,0xA0,0xFE,
    0xA0,0xFE,0xA0,0xFE,0xA0,0xFE,0xA0,0xFE,0xA0,0xFE,0xA0,0xFE,0xA0,0xFE,0xA0,0xFE,0xA0,0xFE,0xA0,0xFE,0xA0,0xFE,0xA0,0xFE,
    0xA0,0xFE,0xE0,0xFE,0xA0,0xD5,0x20,0x00,0x00,0x00,0x00,0x00,0x00,0x00,0x00,0x00,0x00,0x00,0xA0,0x39,0xE0,0xFE,0xA0,0xFE,
    0xA0,0xFE,0xA0,0xFE,0xA0,0xFE,0xA0,0xFE,0xA0,0xFE,0xA0,0xFE,0xA0,0xFE,0xA0,0xFE,0xA0,0xFE,0xA0,0xFE,0xA0,0xFE,0xA0,0xFE,
    0xA0,0xFE,0xA0,0xFE,0xA0,0xFE,0xA0,0xFE,0xA0,0xFE,0xA0,0xFE,0xA0,0xFE,0xA0,0xFE,0xA0,0xFE,0xA0,0xFE,0xA0,0xFE,0xA0,0xFE,
    0xA0,0xFE,0xA0,0xFE,0xA0,0xFE,0xA0,0xFE,0xA0,0xFE,0xA0,0xFE,0xA0,0xFE,0xA0,0xFE,0xA0,0xFE,0xA0,0xFE,0xA0,0xFE,0xA0,0xFE,
    0xA0,0xFE,0xA0,0xFE,0xA0,0xFE,0xA0,0xFE,0xA0,0xFE,0xA0,0xFE,0xA0,0xFE,0xA0,0xFE,0x80,0xFE,0x20,0xFF,0x20,0x9C,0x00,0x00,
    0x20,0x00,0x00,0x00,0xE0,0x41,0x00,0xFF,0xA0,0xFE,0xA0,0xFE,0xA0,0xFE,0x2B,0xFF,0xFF,0xFF,0x00,0x00,0x00,0x00,0x00,0x00,
    0x00,0x00,0x00,0x00,0x00,0x00,0x00,0x00,0x00,0x00,0x00,0x00,0x00,0x00,0x00,0x00,0x00,0x00,0x00,0x00,0x00,0x00,0x00,0x00,
    0x2D,0xFF,0x80,0xFE,0xA0,0xFE,0x80,0xFE,0x00,0xFF,0x20,0x52,0x00,0x00,0x20,0x00,0x00,0x00,0x20,0x9C,0x20,0xFF,0x80,0xFE,
    0xA0,0xFE,0xA0,0xFE,0xA0,0xFE,0xA0,0xFE,0xA0,0xFE,0xA0,0xFE,0xA0,0xFE,0xA0,0xFE,0xA0,0xFE,0xA0,0xFE,0xA0,0xFE,0xA0,0xFE,
    0xA0,0xFE,0xA0,0xFE,0xA0,0xFE,0xA0,0xFE,0xA0,0xFE,0xA0,0xFE,0xA0,0xFE,0xA0,0xFE,0xA0,0xFE,0xA0,0xFE,0xA0,0xFE,0xA0,0xFE,
    0xA0,0xFE,0xA0,0xFE,0xA0,0xFE,0xA0,0xFE,0xA0,0xFE,0xA0,0xFE,0xA0,0xFE,0xA0,0xFE,0xA0,0xFE,0xA0,0xFE,0xA0,0xFE,0xA0,0xFE,
    0xA0,0xFE,0xA0,0xFE,0xA0,0xFE,0xA0,0xFE,0xA0,0xFE,0xA0,0xFE,0xA0,0xFE,0xA0,0xFE,0xA0,0xFE,0x80,0xF6,0xE0,0x20,0x00,0x00,
    0x00,0x00,0x00,0x00,0x00,0x00,0x00,0x00,0x60,0x08,0x00,0xE6,0xC0,0xFE,0x80,0xFE,0xA0,0xFE,0xA0,0xFE,0xA0,0xFE,0xA0,0xFE,
    0xA0,0xFE,0xA0,0xFE,0xA0,0xFE,0xA0,0xFE,0xA0,0xFE,0xA0,0xFE,0xA0,0xFE,0xA0,0xFE,0xA0,0xFE,0xA0,0xFE,0xA0,0xFE,0xA0,0xFE,
    0xA0,0xFE,0xA0,0xFE,0x80,0xFE,0x20,0xFF,0x20,0x73,0x00,0x00,0x20,0x00,0x00,0x00,0x00,0x00,0x00,0x00,0x00,0x00,0x60,0x31,
    0xC0,0xFE,0xA0,0xFE,0xA0,0xFE,0xA0,0xFE,0xA0,0xFE,0xA0,0xFE,0xA0,0xFE,0xA0,0xFE,0xA0,0xFE,0xA0,0xFE,0xA0,0xFE,0xA0,0xFE,
    0xA0,0xFE,0xA0,0xFE,0xA0,0xFE,0xA0,0xFE,0xA0,0xFE,0xA0,0xFE,0xA0,0xFE,0xA0,0xFE,0xA0,0xFE,0x80,0xFE,0x20,0xFF,0x00,0x73,
    0x00,0x00,0x00,0x00,0x00,0x00,0x00,0x00,0x00,0x00,0x00,0x00,0x60,0xA4,0x00,0xFF,0x80,0xFE,0xA0,0xFE,0xA0,0xFE,0xA0,0xFE,
    0xA0,0xFE,0xA0,0xFE,0xA0,0xFE,0xA0,0xFE,0xA0,0xFE,0xA0,0xFE,0xA0,0xFE,0xA0,0xFE,0xA0,0xFE,0xA0,0xFE,0xA0,0xFE,0xA0,0xFE,
    0xA0,0xFE,0xA0,0xFE,0xA0,0xFE,0xA0,0xFE,0xA0,0xFE,0xA0,0xFE,0xA0,0xFE,0xA0,0xFE,0xA0,0xFE,0xA0,0xFE,0xA0,0xFE,0xA0,0xFE,
    0xA0,0xFE,0xA0,0xFE,0xA0,0xFE,0xA0,0xFE,0xA0,0xFE,0xA0,0xFE,0xA0,0xFE,0xA0,0xFE,0xA0,0xFE,0xA0,0xFE,0xA0,0xFE,0xA0,0xFE,
    0xA0,0xFE,0xA0,0xFE,0xA0,0xFE,0xA0,0xFE,0x80,0xFE,0x20,0xFF,0xC0,0x8B,0x00,0x00,0x20,0x00,0x00,0x00,0x20,0x4A,0x00,0xFF,
    0x80,0xFE,0xA0,0xFE,0xA0,0xFE,0x2C,0xFF,0xFF,0xFF,0x00,0x00,0x00,0x00,0x00,0x00,0x00,0x00,0x00,0x00,0x00,0x00,0x00,0x00,
    0x00,0x00,0x00,0x00,0x00,0x00,0x00,0x00,0x00,0x00,0x00,0x00,0x00,0x00,0x00,0x00,0x4F,0xFF,0x80,0xFE,0xA0,0xFE,0x80,0xFE,
    0x00,0xFF,0xA0,0x62,0x00,0x00,0x20,0x08,0x00,0x00,0xC0,0x8B,0x20,0xFF,0x80,0xFE,0xA0,0xFE,0xA0,0xFE,0xA0,0xFE,0xA0,0xFE,
    0xA0,0xFE,0xA0,0xFE,0xA0,0xFE,0xA0,0xFE,0xA0,0xFE,0xA0,0xFE,0xA0,0xFE,0xA0,0xFE,0xA0,0xFE,0xA0,0xFE,0xA0,0xFE,0xA0,0xFE,
    0xA0,0xFE,0xA0,0xFE,0xA0,0xFE,0xA0,0xFE,0xA0,0xFE,0xA0,0xFE,0xA0,0xFE,0xA0,0xFE,0xA0,0xFE,0xA0,0xFE,0xA0,0xFE,0xA0,0xFE,
    0xA0,0xFE,0xA0,0xFE,0xA0,0xFE,0xA0,0xFE,0xA0,0xFE,0xA0,0xFE,0xA0,0xFE,0xA0,0xFE,0xA0,0xFE,0xA0,0xFE,0xA0,0xFE,0xA0,0xFE,
    0xA0,0xFE,0xA0,0xFE,0xA0,0xFE,0x80,0xFE,0x20,0xFF,0x60,0x7B,0x00,0x00,0x00,0x00,0x00,0x00,0x00,0x00,0x00,0x00,0x00,0x00,
    0x80,0x83,0x20,0xFF,0x80,0xFE,0xA0,0xFE,0xA0,0xFE,0xA0,0xFE,0xA0,0xFE,0xA0,0xFE,0xA0,0xFE,0xA0,0xFE,0xA0,0xFE,0xA0,0xFE,
    0xA0,0xFE,0xA0,0xFE,0xA0,0xFE,0xA0,0xFE,0xA0,0xFE,0xA0,0xFE,0xA0,0xFE,0xA0,0xFE,0xA0,0xFE,0xA0,0xFE,0x80,0xFE,0x00,0xFF,
    0xA0,0x8B,0x00,0x00,0x00,0x00,0x00,0x00,0x00,0x00,0x00,0x00,0x00,0x00,0x00,0x4A,0x00,0xFF,0x80,0xFE,0xA0,0xFE,0xA0,0xFE,
    0xA0,0xFE,0xA0,0xFE,0xA0,0xFE,0xA0,0xFE,0xA0,0xFE,0xA0,0xFE,0xA0,0xFE,0xA0,0xFE,0xA0,0xFE,0xA0,0xFE,0xA0,0xFE,0xA0,0xFE,
    0xA0,0xFE,0xA0,0xFE,0xA0,0xFE,0xA0,0xFE,0xA0,0xFE,0xA0,0xFE,0xC0,0xFE,0x60,0xEE,0xA0,0x10,0x00,0x00,0x00,0x00,0x00,0x00,
    0x00,0x00,0x00,0x00,0xC0,0x18,0x60,0xF6,0xA0,0xFE,0xA0,0xFE,0xA0,0xFE,0xA0,0xFE,0xA0,0xFE,0xA0,0xFE,0xA0,0xFE,0xA0,0xFE,
    0xA0,0xFE,0xA0,0xFE,0xA0,0xFE,0xA0,0xFE,0xA0,0xFE,0xA0,0xFE,0xA0,0xFE,0xA0,0xFE,0xA0,0xFE,0xA0,0xFE,0xA0,0xFE,0xA0,0xFE,
    0xA0,0xFE,0xA0,0xFE,0xA0,0xFE,0xA0,0xFE,0xA0,0xFE,0xA0,0xFE,0xA0,0xFE,0xA0,0xFE,0xA0,0xFE,0xA0,0xFE,0xA0,0xFE,0xA0,0xFE,
    0xA0,0xFE,0xA0,0xFE,0xA0,0xFE,0xA0,0xFE,0xA0,0xFE,0xA0,0xFE,0xA0,0xFE,0xA0,0xFE,0xA0,0xFE,0xA0,0xFE,0xA0,0xFE,0xA0,0xFE,
    0x80,0xFE,0x20,0xFF,0x40,0x7B,0x00,0x00,0x20,0x08,0x00,0x00,0xA0,0x62,0x00,0xFF,0x80,0xFE,0xA0,0xFE,0x80,0xFE,0x4F,0xFF,
    0xFF,0xFF,0x00,0x00,0x00,0x00,0x00,0x00,0x00,0x00,0x00,0x00,0x00,0x00,0x00,0x00,0x00,0x00,0x00,0x00,0x00,0x00,0x00,0x00,
    0x00,0x00,0x00,0x00,0x00,0x00,0x00,0x00,0x71,0xFF,0x80,0xFE,0xA0,0xFE,0x80,0xFE,0x20,0xFF,0x20,0x73,0x00,0x00,0x20,0x08,
    0x00,0x00,0x20,0x73,0x20,0xFF,0x80,0xFE,0xA0,0xFE,0xA0,0xFE,0xA0,0xFE,0xA0,0xFE,0xA0,0xFE,0xA0,0xFE,0xA0,0xFE,0xA0,0xFE,
    0xA0,0xFE,0xA0,0xFE,0xA0,0xFE,0xA0,0xFE,0xA0,0xFE,0xA0,0xFE,0xA0,0xFE,0xA0,0xFE,0xA0,0xFE,0xA0,0xFE,0xA0,0xFE,0xA0,0xFE,
    0xA0,0xFE,0xA0,0xFE,0xA0,0xFE,0xA0,0xFE,0xA0,0xFE,0xA0,0xFE,0xA0,0xFE,0xA0,0xFE,0xA0,0xFE,0xA0,0xFE,0xA0,0xFE,0xA0,0xFE,
    0xA0,0xFE,0xA0,0xFE,0xA0,0xFE,0xA0,0xFE,0xA0,0xFE,0xA0,0xFE,0xA0,0xFE,0xA0,0xFE,0xA0,0xFE,0xA0,0xFE,0x80,0xFE,0xC0,0xFE,
    0xC0,0xDD,0x40,0x08,0x00,0x00,0x00,0x00,0x00,0x00,0x00,0x00,0x00,0x00,0x00,0x21,0xA0,0xF6,0xA0,0xFE,0xA0,0xFE,0xA0,0xFE,
    0xA0,0xFE,0xA0,0xFE,0xA0,0xFE,0xA0,0xFE,0xA0,0xFE,0xA0,0xFE,0xA0,0xFE,0xA0,0xFE,0xA0,0xFE,0xA0,0xFE,0xA0,0xFE,0xA0,0xFE,
    0xA0,0xFE,0xA0,0xFE,0xA0,0xFE,0xA0,0xFE,0xA0,0xFE,0xA0,0xFE,0x80,0xFE,0x00,0xFF,0x60,0xA4,0x00,0x00,0x00,0x00,0x00,0x00,
    0x00,0x00,0x20,0x00,0x00,0x00,0xA0,0x62,0x20,0xFF,0x80,0xFE,0xA0,0xFE,0xA0,0xFE,0xA0,0xFE,0xA0,0xFE,0xA0,0xFE,0xA0,0xFE,
    0xA0,0xFE,0xA0,0xFE,0xA0,0xFE,0xA0,0xFE,0xA0,0xFE,0xA0,0xFE,0xA0,0xFE,0xA0,0xFE,0xA0,0xFE,0xA0,0xFE,0xA0,0xFE,0xA0,0xFE,
    0xA0,0xFE,0xA0,0xFE,0x80,0xFE,0x20,0xFF,0x20,0x9C,0x00,0x00,0x00,0x00,0x00,0x00,0x00,0x00,0x00,0x00,0x00,0x00,0x20,0x7B,
    0x20,0xFF,0x80,0xFE,0xA0,0xFE,0xA0,0xFE,0xA0,0xFE,0xA0,0xFE,0xA0,0xFE,0xA0,0xFE,0xA0,0xFE,0xA0,0xFE,0xA0,0xFE,0xA0,0xFE,
    0xA0,0xFE,0xA0,0xFE,0xA0,0xFE,0xA0,0xFE,0xA0,0xFE,0xA0,0xFE,0xA0,0xFE,0xA0,0xFE,0xA0,0xFE,0xA0,0xFE,0xA0,0xFE,0xA0,0xFE,
    0xA0,0xFE,0xA0,0xFE,0xA0,0xFE,0xA0,0xFE,0xA0,0xFE,0xA0,0xFE,0xA0,0xFE,0xA0,0xFE,0xA0,0xFE,0xA0,0xFE,0xA0,0xFE,0xA0,0xFE,
    0xA0,0xFE,0xA0,0xFE,0xA0,0xFE,0xA0,0xFE,0xA0,0xFE,0xA0,0xFE,0xA0,0xFE,0xA0,0xFE,0x80,0xFE,0x00,0xFF,0xC0,0x62,0x00,0x00,
    0x20,0x08,0x00,0x00,0x20,0x73,0x20,0xFF,0x80,0xFE,0xA0,0xFE,0x80,0xFE,0x71,0xFF,0xFF,0xFF,0x00,0x00,0x00,0x00,0x00,0x00,
    0x00,0x00,0x00,0x00,0x00,0x00,0x00,0x00,0x00,0x00,0x00,0x00,0x00,0x00,0x00,0x00,0x00,0x00,0x00,0x00,0x00,0x00,0x00,0x00,
    0x74,0xFF,0x80,0xFE,0xA0,0xFE,0x80,0xFE,0x00,0xFF,0xE0,0x93,0x00,0x00,0x20,0x00,0x00,0x00,0x80,0x5A,0x00,0xFF,0x80,0xFE,
    0xA0,0xFE,0xA0,0xFE,0xA0,0xFE,0xA0,0xFE,0xA0,0xFE,0xA0,0xFE,0xA0,0xFE,0xA0,0xFE,0xA0,0xFE,0xA0,0xFE,0xA0,0xFE,0xA0,0xFE,
    0xA0,0xFE,0xA0,0xFE,0xA0,0xFE,0xA0,0xFE,0xA0,0xFE,0xA0,0xFE,0xA0,0xFE,0xA0,0xFE,0xA0,0xFE,0xA0,0xFE,0xA0,0xFE,0xA0,0xFE,
    0xA0,0xFE,0xA0,0xFE,0xA0,0xFE,0xA0,0xFE,0xA0,0xFE,0xA0,0xFE,0xA0,0xFE,0xA0,0xFE,0xA0,0xFE,0xA0,0xFE,0xA0,0xFE,0xA0,0xFE,
    0xA0,0xFE,0xA0,0xFE,0xA0,0xFE,0xA0,0xFE,0xA0,0xFE,0xA0,0xFE,0x80,0xFE,0x00,0xFF,0x20,0x4A,0x00,0x00,0x00,0x00,0x00,0x00,
    0x00,0x00,0x00,0x00,0x00,0x00,0xA0,0xB4,0x00,0xFF,0x80,0xFE,0xA0,0xFE,0xA0,0xFE,0xA0,0xFE,0xA0,0xFE,0xA0,0xFE,0xA0,0xFE,
    0xA0,0xFE,0xA0,0xFE,0xA0,0xFE,0xA0,0xFE,0xA0,0xFE,0xA0,0xFE,0xA0,0xFE,0xA0,0xFE,0xA0,0xFE,0xA0,0xFE,0xA0,0xFE,0xA0,0xFE,
    0xA0,0xFE,0xA0,0xFE,0xA0,0xFE,0xC0,0xFE,0x20,0xE6,0x40,0x08,0x00,0x00,0x20,0x00,0x20,0x00,0x00,0x00,0x00,0x00,0xC0,0xB4,
    0x00,0xFF,0x80,0xFE,0xA0,0xFE,0xA0,0xFE,0xA0,0xFE,0xA0,0xFE,0xA0,0xFE,0xA0,0xFE,0xA0,0xFE,0xA0,0xFE,0xA0,0xFE,0xA0,0xFE,
    0xA0,0xFE,0xA0,0xFE,0xA0,0xFE,0xA0,0xFE,0xA0,0xFE,0xA0,0xFE,0xA0,0xFE,0xA0,0xFE,0xA0,0xFE,0xA0,0xFE,0xA0,0xFE,0xA0,0xFE,
    0xC0,0xFE,0x80,0x31,0x00,0x00,0x00,0x00,0x00,0x00,0x00,0x00,0x00,0x00,0x40,0x08,0xC0,0xDD,0xE0,0xFE,0x80,0xFE,0xA0,0xFE,
    0xA0,0xFE,0xA0,0xFE,0xA0,0xFE,0xA0,0xFE,0xA0,0xFE,0xA0,0xFE,0xA0,0xFE,0xA0,0xFE,0xA0,0xFE,0xA0,0xFE,0xA0,0xFE,0xA0,0xFE,
    0xA0,0xFE,0xA0,0xFE,0xA0,0xFE,0xA0,0xFE,0xA0,0xFE,0xA0,0xFE,0xA0,0xFE,0xA0,0xFE,0xA0,0xFE,0xA0,0xFE,0xA0,0xFE,0xA0,0xFE,
    0xA0,0xFE,0xA0,0xFE,0xA0,0xFE,0xA0,0xFE,0xA0,0xFE,0xA0,0xFE,0xA0,0xFE,0xA0,0xFE,0xA0,0xFE,0xA0,0xFE,0xA0,0xFE,0xA0,0xFE,
    0xA0,0xFE,0xA0,0xFE,0xA0,0xFE,0xA0,0xFE,0x80,0xFE,0x00,0xFF,0x20,0x4A,0x00,0x00,0x20,0x00,0x00,0x00,0xA0,0x8B,0x20,0xFF,
    0x80,0xFE,0xA0,0xFE,0x80,0xFE,0x73,0xFF,0xFF,0xFF,0x00,0x00,0x00,0x00,0x00,0x00,0x00,0x00,0x00,0x00,0x00,0x00,0x00,0x00,
    0x00,0x00,0x00,0x00,0x00,0x00,0x00,0x00,0x00,0x00,0x00,0x00,0x00,0x00,0x00,0x00,0x97,0xFF,0xA0,0xFE,0xA0,0xFE,0x80,0xFE,
    0x00,0xFF,0x80,0xAC,0x00,0x00,0x20,0x00,0x00,0x00,0xC0,0x41,0xE0,0xFE,0x80,0xFE,0xA0,0xFE,0xA0,0xFE,0xA0,0xFE,0xA0,0xFE,
    0xA0,0xFE,0xA0,0xFE,0xA0,0xFE,0xA0,0xFE,0xA0,0xFE,0xA0,0xFE,0xA0,0xFE,0xA0,0xFE,0xA0,0xFE,0xA0,0xFE,0xA0,0xFE,0xA0,0xFE,
    0xA0,0xFE,0xA0,0xFE,0xA0,0xFE,0xA0,0xFE,0xA0,0xFE,0xA0,0xFE,0xA0,0xFE,0xA0,0xFE,0xA0,0xFE,0xA0,0xFE,0xA0,0xFE,0xA0,0xFE,
    0xA0,0xFE,0xA0,0xFE,0xA0,0xFE,0xA0,0xFE,0xA0,0xFE,0xA0,0xFE,0xA0,0xFE,0xA0,0xFE,0xA0,0xFE,0xA0,0xFE,0xA0,0xFE,0xA0,0xFE,
    0xA0,0xFE,0x80,0xFE,0x00,0xFF,0xC0,0xB4,0x00,0x00,0x00,0x00,0x00,0x00,0x00,0x00,0x00,0x00,0x00,0x00,0x00,0x4A,0x00,0xFF,
    0x80,0xFE,0xA0,0xFE,0xA0,0xFE,0xA0,0xFE,0xA0,0xFE,0xA0,0xFE,0xA0,0xFE,0xA0,0xFE,0xA0,0xFE,0xA0,0xFE,0xA0,0xFE,0xA0,0xFE,
    0xA0,0xFE,0xA0,0xFE,0xA0,0xFE,0xA0,0xFE,0xA0,0xFE,0xA0,0xFE,0xA0,0xFE,0xA0,0xFE,0xA0,0xFE,0xA0,0xFE,0xA0,0xFE,0x80,0xFE,
    0x00,0xFF,0x80,0xA4,0x20,0x00,0x00,0x00,0x00,0x00,0x00,0x00,0x00,0x6B,0xE0,0xFE,0xA0,0xFE,0xA0,0xFE,0xA0,0xFE,0xA0,0xFE,
    0xA0,0xFE,0xA0,0xFE,0xA0,0xFE,0xA0,0xFE,0xA0,0xFE,0xA0,0xFE,0xA0,0xFE,0xA0,0xFE,0xA0,0xFE,0xA0,0xFE,0xA0,0xFE,0xA0,0xFE,
    0xA0,0xFE,0xA0,0xFE,0xA0,0xFE,0xA0,0xFE,0xA0,0xFE,0xA0,0xFE,0xA0,0xFE,0x80,0xFE,0xE0,0xFE,0x40,0xC5,0x00,0x00,0x00,0x00,
    0x00,0x00,0x00,0x00,0x00,0x00,0x00,0x00,0x20,0x4A,0x00,0xFF,0x80,0xFE,0xA0,0xFE,0xA0,0xFE,0xA0,0xFE,0xA0,0xFE,0xA0,0xFE,
    0xA0,0xFE,0xA0,0xFE,0xA0,0xFE,0xA0,0xFE,0xA0,0xFE,0xA0,0xFE,0xA0,0xFE,0xA0,0xFE,0xA0,0xFE,0xA0,0xFE,0xA0,0xFE,0xA0,0xFE,
    0xA0,0xFE,0xA0,0xFE,0xA0,0xFE,0xA0,0xFE,0xA0,0xFE,0xA0,0xFE,0xA0,0xFE,0xA0,0xFE,0xA0,0xFE,0xA0,0xFE,0xA0,0xFE,0xA0,0xFE,
    0xA0,0xFE,0xA0,0xFE,0xA0,0xFE,0xA0,0xFE,0xA0,0xFE,0xA0,0xFE,0xA0,0xFE,0xA0,0xFE,0xA0,0xFE,0xA0,0xFE,0xA0,0xFE,0xA0,0xFE,
    0x80,0xFE,0xE0,0xFE,0x80,0x39,0x00,0x00,0x20,0x00,0x00,0x00,0x60,0xA4,0x00,0xFF,0x80,0xFE,0xA0,0xFE,0xA0,0xFE,0x96,0xFF,
    0xFF,0xFF,0x00,0x00,0x00,0x00,0x00,0x00,0x00,0x00,0x00,0x00,0x00,0x00,0x00,0x00,0x00,0x00,0x00,0x00,0x00,0x00,0x00,0x00,
    0x00,0x00,0x00,0x00,0x00,0x00,0x00,0x00,0xB9,0xFF,0xA0,0xFE,0xA0,0xFE,0x80,0xFE,0xE0,0xFE,0x20,0xC5,0x00,0x00,0x00,0x00,
    0x00,0x00,0x00,0x29,0xA0,0xFE,0xA0,0xFE,0xA0,0xFE,0xA0,0xFE,0xA0,0xFE,0xA0,0xFE,0xA0,0xFE,0xA0,0xFE,0xA0,0xFE,0xA0,0xFE,
    0xA0,0xFE,0xA0,0xFE,0xA0,0xFE,0xA0,0xFE,0xA0,0xFE,0xA0,0xFE,0xA0,0xFE,0xA0,0xFE,0xA0,0xFE,0xA0,0xFE,0xA0,0xFE,0xA0,0xFE,
    0xA0,0xFE,0xA0,0xFE,0xA0,0xFE,0xA0,0xFE,0xA0,0xFE,0xA0,0xFE,0xA0,0xFE,0xA0,0xFE,0xA0,0xFE,0xA0,0xFE,0xA0,0xFE,0xA0,0xFE,
    0xA0,0xFE,0xA0,0xFE,0xA0,0xFE,0xA0,0xFE,0xA0,0xFE,0xA0,0xFE,0xA0,0xFE,0xA0,0xFE,0xA0,0xFE,0xA0,0xFE,0xA0,0xF6,0x20,0x29,
    0x00,0x00,0x00,0x00,0x00,0x00,0x00,0x00,0x00,0x00,0x40,0x08,0xC0,0xDD,0xE0,0xFE,0xA0,0xFE,0xA0,0xFE,0xA0,0xFE,0xA0,0xFE,
    0xA0,0xFE,0xA0,0xFE,0xA0,0xFE,0xA0,0xFE,0xA0,0xFE,0xA0,0xFE,0xA0,0xFE,0xA0,0xFE,0xA0,0xFE,0xA0,0xFE,0xA0,0xFE,0xA0,0xFE,
    0xA0,0xFE,0xA0,0xFE,0xA0,0xFE,0xA0,0xFE,0xA0,0xFE,0xA0,0xFE,0xA0,0xFE,0xA0,0xFE,0x80,0xFE,0x00,0xFF,0xA0,0xD5,0x80,0x83,
    0x40,0x73,0x00,0xBD,0xE0,0xFE,0xA0,0xFE,0xA0,0xFE,0xA0,0xFE,0xA0,0xFE,0xA0,0xFE,0xA0,0xFE,0xA0,0xFE,0xA0,0xFE,0xA0,0xFE,
    0xA0,0xFE,0xA0,0xFE,0xA0,0xFE,0xA0,0xFE,0xA0,0xFE,0xA0,0xFE,0xA0,0xFE,0xA0,0xFE,0xA0,0xFE,0xA0,0xFE,0xA0,0xFE,0xA0,0xFE,
    0xA0,0xFE,0xA0,0xFE,0xA0,0xFE,0xA0,0xFE,0x80,0xFE,0x20,0xFF,0xA0,0x62,0x00,0x00,0x00,0x00,0x00,0x00,0x00,0x00,0x00,0x00,
    0x00,0x00,0xE0,0xBC,0x00,0xFF,0x80,0xFE,0xA0,0xFE,0xA0,0xFE,0xA0,0xFE,0xA0,0xFE,0xA0,0xFE,0xA0,0xFE,0xA0,0xFE,0xA0,0xFE,
    0xA0,0xFE,0xA0,0xFE,0xA0,0xFE,0xA0,0xFE,0xA0,0xFE,0xA0,0xFE,0xA0,0xFE,0xA0,0xFE,0xA0,0xFE,0xA0,0xFE,0xA0,0xFE,0xA0,0xFE,
    0xA0,0xFE,0xA0,0xFE,0xA0,0xFE,0xA0,0xFE,0xA0,0xFE,0xA0,0xFE,0xA0,0xFE,0xA0,0xFE,0xA0,0xFE,0xA0,0xFE,0xA0,0xFE,0xA0,0xFE,
    0xA0,0xFE,0xA0,0xFE,0xA0,0xFE,0xA0,0xFE,0xA0,0xFE,0xA0,0xFE,0xA0,0xFE,0xA0,0xFE,0xA0,0xFE,0x80,0xFE,0xE0,0x20,0x00,0x00,
    0x00,0x00,0x00,0x00,0x20,0xBD,0x00,0xFF,0xA0,0xFE,0xA0,0xFE,0xA0,0xFE,0xB9,0xFF,0xFF,0xFF,0x00,0x00,0x00,0x00,0x00,0x00,
    0x00,0x00,0x00,0x00,0x00,0x00,0x00,0x00,0x00,0x00,0x00,0x00,0x00,0x00,0x00,0x00,0x00,0x00,0x00,0x00,0x00,0x00,0x00,0x00,
    0x00,0x00,0xA1,0xFE,0xA0,0xFE,0xA0,0xFE,0xE0,0xFE,0xE0,0xDD,0x20,0x00,0x00,0x00,0x00,0x00,0x60,0x10,0x20,0xEE,0xC0,0xFE,
    0xA0,0xFE,0xA0,0xFE,0xA0,0xFE,0xA0,0xFE,0xA0,0xFE,0xA0,0xFE,0xA0,0xFE,0xA0,0xFE,0xA0,0xFE,0xA0,0xFE,0xA0,0xFE,0xA0,0xFE,
    0xA0,0xFE,0xA0,0xFE,0xA0,0xFE,0xA0,0xFE,0xA0,0xFE,0xA0,0xFE,0xA0,0xFE,0xA0,0xFE,0xA0,0xFE,0xA0,0xFE,0xA0,0xFE,0xA0,0xFE,
    0xA0,0xFE,0xA0,0xFE,0xA0,0xFE,0xA0,0xFE,0xA0,0xFE,0xA0,0xFE,0xA0,0xFE,0xA0,0xFE,0xA0,0xFE,0xA0,0xFE,0xA0,0xFE,0xA0,0xFE,
    0xA0,0xFE,0xA0,0xFE,0xA0,0xFE,0xA0,0xFE,0x80,0xFE,0x20,0xFF,0xA0,0x83,0x00,0x00,0x00,0x00,0x00,0x00,0x00,0x00,0x00,0x00,
    0x00,0x00,0x40,0x7B,0x20,0xFF,0x80,0xFE,0xA0,0xFE,0xA0,0xFE,0xA0,0xFE,0xA0,0xFE,0xA0,0xFE,0xA0,0xFE,0xA0,0xFE,0xA0,0xFE,
    0xA0,0xFE,0xA0,0xFE,0xA0,0xFE,0xA0,0xFE,0xA0,0xFE,0xA0,0xFE,0xA0,0xFE,0xA0,0xFE,0xA0,0xFE,0xA0,0xFE,0xA0,0xFE,0xA0,0xFE,
    0xA0,0xFE,0xA0,0xFE,0xA0,0xFE,0xA0,0xFE,0xA0,0xFE,0x80,0xFE,0xC0,0xFE,0x00,0xFF,0x00,0xFF,0xE0,0xFE,0x80,0xFE,0xA0,0xFE,
    0xA0,0xFE,0xA0,0xFE,0xA0,0xFE,0xA0,0xFE,0xA0,0xFE,0xA0,0xFE,0xA0,0xFE,0xA0,0xFE,0xA0,0xFE,0xA0,0xFE,0xA0,0xFE,0xA0,0xFE,
    0xA0,0xFE,0xA0,0xFE,0xA0,0xFE,0xA0,0xFE,0xA0,0xFE,0xA0,0xFE,0xA0,0xFE,0xA0,0xFE,0xA0,0xFE,0xA0,0xFE,0xA0,0xFE,0xA0,0xFE,
    0xA0,0xFE,0xC0,0xFE,0x20,0xE6,0x80,0x10,0x00,0x00,0x00,0x00,0x00,0x00,0x00,0x00,0x00,0x00,0x20,0x29,0xC0,0xFE,0xA0,0xFE,
    0xA0,0xFE,0xA0,0xFE,0xA0,0xFE,0xA0,0xFE,0xA0,0xFE,0xA0,0xFE,0xA0,0xFE,0xA0,0xFE,0xA0,0xFE,0xA0,0xFE,0xA0,0xFE,0xA0,0xFE,
    0xA0,0xFE,0xA0,0xFE,0xA0,0xFE,0xA0,0xFE,0xA0,0xFE,0xA0,0xFE,0xA0,0xFE,0xA0,0xFE,0xA0,0xFE,0xA0,0xFE,0xA0,0xFE,0xA0,0xFE,
    0xA0,0xFE,0xA0,0xFE,0xA0,0xFE,0xA0,0xFE,0xA0,0xFE,0xA0,0xFE,0xA0,0xFE,0xA0,0xFE,0xA0,0xFE,0xA0,0xFE,0xA0,0xFE,0xA0,0xFE,
    0xA0,0xFE,0xA0,0xFE,0xA0,0xFE,0xA0,0xFE,0xC0,0xFE,0x00,0xE6,0x40,0x08,0x00,0x00,0x00,0x00,0x20,0x00,0xC0,0xDD,0xE0,0xFE,
    0xA0,0xFE,0xA0,0xFE,0xA1,0xFE,0xDC,0xFF,0x00,0x00,0x00,0x00,0x00,0x00,0x00,0x00,0x00,0x00,0x00,0x00,0x00,0x00,0x00,0x00,
    0x00,0x00,0x00,0x00,0x00,0x00,0x00,0x00,0x00,0x00,0x00,0x00,0x00,0x00,0x00,0x00,0x00,0x00,0xC3,0xFE,0xA0,0xFE,0xA0,0xFE,
    0xA0,0xFE,0x60,0xF6,0xC0,0x18,0x00,0x00,0x00,0x00,0x00,0x00,0x80,0xCD,0xE0,0xFE,0x80,0xFE,0xA0,0xFE,0xA0,0xFE,0xA0,0xFE,
    0xA0,0xFE,0xA0,0xFE,0xA0,0xFE,0xA0,0xFE,0xA0,0xFE,0xA0,0xFE,0xA0,0xFE,0xA0,0xFE,0xA0,0xFE,0xA0,0xFE,0xA0,0xFE,0xA0,0xFE,
    0xA0,0xFE,0xA0,0xFE,0xA0,0xFE,0xA0,0xFE,0xA0,0xFE,0xA0,0xFE,0xA0,0xFE,0xA0,0xFE,0xA0,0xFE,0xA0,0xFE,0xA0,0xFE,0xA0,0xFE,
    0xA0,0xFE,0xA0,0xFE,0xA0,0xFE,0xA0,0xFE,0xA0,0xFE,0xA0,0xFE,0xA0,0xFE,0xA0,0xFE,0xA0,0xFE,0xA0,0xFE,0xA0,0xFE,0x80,0xFE,
    0xC0,0xFE,0x00,0xE6,0x60,0x08,0x00,0x00,0x00,0x00,0x00,0x00,0x00,0x00,0x00,0x00,0xE0,0x18,0x80,0xF6,0xA0,0xFE,0xA0,0xFE,
    0xA0,0xFE,0xA0,0xFE,0xA0,0xFE,0xA0,0xFE,0xA0,0xFE,0xA0,0xFE,0xA0,0xFE,0xA0,0xFE,0xA0,0xFE,0xA0,0xFE,0xA0,0xFE,0xA0,0xFE,
    0xA0,0xFE,0xA0,0xFE,0xA0,0xFE,0xA0,0xFE,0xA0,0xFE,0xA0,0xFE,0xA0,0xFE,0xA0,0xFE,0xA0,0xFE,0xA0,0xFE,0xA0,0xFE,0xA0,0xFE,
    0x80,0xFE,0xA0,0xFE,0x00,0xFF,0x00,0xFF,0x00,0xFF,0x00,0xFF,0xC0,0xFE,0x80,0xFE,0xA0,0xFE,0xA0,0xFE,0xA0,0xFE,0xA0,0xFE,
    0xA0,0xFE,0xA0,0xFE,0xA0,0xFE,0xA0,0xFE,0xA0,0xFE,0xA0,0xFE,0xA0,0xFE,0xA0,0xFE,0xA0,0xFE,0xA0,0xFE,0xA0,0xFE,0xA0,0xFE,
    0xA0,0xFE,0xA0,0xFE,0xA0,0xFE,0xA0,0xFE,0xA0,0xFE,0xA0,0xFE,0xA0,0xFE,0xA0,0xFE,0xA0,0xFE,0x80,0xFE,0x20,0xFF,0xE0,0x93,
    0x00,0x00,0x00,0x00,0x00,0x00,0x00,0x00,0x00,0x00,0x00,0x00,0xC0,0x8B,0x20,0xFF,0x80,0xFE,0xA0,0xFE,0xA0,0xFE,0xA0,0xFE,
    0xA0,0xFE,0xA0,0xFE,0xA0,0xFE,0xA0,0xFE,0xA0,0xFE,0xA0,0xFE,0xA0,0xFE,0xA0,0xFE,0xA0,0xFE,0xA0,0xFE,0xA0,0xFE,0xA0,0xFE,
    0xA0,0xFE,0xA0,0xFE,0xA0,0xFE,0xA0,0xFE,0xA0,0xFE,0xA0,0xFE,0xA0,0xFE,0xA0,0xFE,0xA0,0xFE,0xA0,0xFE,0xA0,0xFE,0xA0,0xFE,
    0xA0,0xFE,0xA0,0xFE,0xA0,0xFE,0xA0,0xFE,0xA0,0xFE,0xA0,0xFE,0xA0,0xFE,0xA0,0xFE,0xA0,0xFE,0xA0,0xFE,0xA0,0xFE,0x80,0xFE,
    0xE0,0xFE,0x60,0xCD,0x00,0x00,0x00,0x00,0x00,0x00,0xA0,0x18,0x60,0xF6,0xA0,0xFE,0xA0,0xFE,0xA0,0xFE,0xC3,0xFE,0xFE,0xFF,
    0x00,0x00,0x00,0x00,0x00,0x00,0x00,0x00,0x00,0x00,0x00,0x00,0x00,0x00,0x00,0x00,0x00,0x00,0x00,0x00,0x00,0x00,0x00,0x00,
    0x00,0x00,0x00,0x00,0x00,0x00,0x00,0x00,0x00,0x00,0xE6,0xFE,0xA0,0xFE,0xA0,0xFE,0xA0,0xFE,0xE0,0xFE,0x80,0x39,0x00,0x00,
    0x20,0x00,0x00,0x00,0xA0,0xAC,0x00,0xFF,0x80,0xFE,0xA0,0xFE,0xA0,0xFE,0xA0,0xFE,0xA0,0xFE,0xA0,0xFE,0xA0,0xFE,0xA0,0xFE,
    0xA0,0xFE,0xA0,0xFE,0xA0,0xFE,0xA0,0xFE,0xA0,0xFE,0xA0,0xFE,0xA0,0xFE,0xA0,0xFE,0xA0,0xFE,0xA0,0xFE,0xA0,0xFE,0xA0,0xFE,
    0xA0,0xFE,0xA0,0xFE,0xA0,0xFE,0xA0,0xFE,0xA0,0xFE,0xA0,0xFE,0xA0,0xFE,0xA0,0xFE,0xA0,0xFE,0xA0,0xFE,0xA0,0xFE,0xA0,0xFE,
    0xA0,0xFE,0xA0,0xFE,0xA0,0xFE,0xA0,0xFE,0xA0,0xFE,0xA0,0xFE,0xA0,0xFE,0x80,0xFE,0x00,0xFF,0x60,0x5A,0x00,0x00,0x00,0x00,
    0x00,0x00,0x00,0x00,0x00,0x00,0x00,0x00,0x60,0xA4,0x00,0xFF,0x80,0xFE,0xA0,0xFE,0xA0,0xFE,0xA0,0xFE,0xA0,0xFE,0xA0,0xFE,
    0xA0,0xFE,0xA0,0xFE,0xA0,0xFE,0xA0,0xFE,0xA0,0xFE,0xA0,0xFE,0xA0,0xFE,0xA0,0xFE,0xA0,0xFE,0xA0,0xFE,0xA0,0xFE,0xA0,0xFE,
    0xA0,0xFE,0xA0,0xFE,0xA0,0xFE,0xA0,0xFE,0xA0,0xFE,0xA0,0xFE,0xA0,0xFE,0x80,0xFE,0xE0,0xFE,0xA0,0xFE,0xA0,0xAC,0x40,0x7B,
    0x20,0x73,0x40,0x9C,0x20,0xEE,0x00,0xFF,0xA0,0xFE,0xA0,0xFE,0xA0,0xFE,0xA0,0xFE,0xA0,0xFE,0xA0,0xFE,0xA0,0xFE,0xA0,0xFE,
    0xA0,0xFE,0xA0,0xFE,0xA0,0xFE,0xA0,0xFE,0xA0,0xFE,0xA0,0xFE,0xA0,0xFE,0xA0,0xFE,0xA0,0xFE,0xA0,0xFE,0xA0,0xFE,0xA0,0xFE,
    0xA0,0xFE,0xA0,0xFE,0xA0,0xFE,0xA0,0xFE,0xA0,0xFE,0xA0,0xFE,0xA0,0xFE,0xC0,0xFE,0x40,0x31,0x00,0x00,0x00,0x00,0x00,0x00,
    0x00,0x00,0x00,0x00,0x60,0x10,0x20,0xE6,0xC0,0xFE,0xA0,0xFE,0xA0,0xFE,0xA0,0xFE,0xA0,0xFE,0xA0,0xFE,0xA0,0xFE,0xA0,0xFE,
    0xA0,0xFE,0xA0,0xFE,0xA0,0xFE,0xA0,0xFE,0xA0,0xFE,0xA0,0xFE,0xA0,0xFE,0xA0,0xFE,0xA0,0xFE,0xA0,0xFE,0xA0,0xFE,0xA0,0xFE,
    0xA0,0xFE,0xA0,0xFE,0xA0,0xFE,0xA0,0xFE,0xA0,0xFE,0xA0,0xFE,0xA0,0xFE,0xA0,0xFE,0xA0,0xFE,0xA0,0xFE,0xA0,0xFE,0xA0,0xFE,
    0xA0,0xFE,0xA0,0xFE,0xA0,0xFE,0xA0,0xFE,0xA0,0xFE,0xA0,0xFE,0xA0,0xFE,0x80,0xFE,0x00,0xFF,0x60,0xA4,0x00,0x00,0x20,0x00,
    0x00,0x00,0x40,0x31,0xC0,0xFE,0xA0,0xFE,0xA0,0xFE,0xA0,0xFE,0xE7,0xFE,0xFF,0xFF,0x00,0x00,0x00,0x00,0x00,0x00,0x00,0x00,
    0x00,0x00,0x00,0x00,0x00,0x00,0x00,0x00,0x00,0x00,0x00,0x00,0x00,0x00,0x00,0x00,0x00,0x00,0x00,0x00,0x00,0x00,0x00,0x00,
    0x00,0x00,0x0B,0xFF,0x80,0xFE,0xA0,0xFE,0x80,0xFE,0x20,0xFF,0x80,0x5A,0x00,0x00,0x20,0x08,0x00,0x00,0x80,0x83,0x20,0xFF,
    0x80,0xFE,0xA0,0xFE,0xA0,0xFE,0xA0,0xFE,0xA0,0xFE,0xA0,0xFE,0xA0,0xFE,0xA0,0xFE,0xA0,0xFE,0xA0,0xFE,0xA0,0xFE,0xA0,0xFE,
    0xA0,0xFE,0xA0,0xFE,0xA0,0xFE,0xA0,0xFE,0xA0,0xFE,0xA0,0xFE,0xA0,0xFE,0xA0,0xFE,0xA0,0xFE,0xA0,0xFE,0xA0,0xFE,0xA0,0xFE,
    0xA0,0xFE,0xA0,0xFE,0xA0,0xFE,0xA0,0xFE,0xA0,0xFE,0xA0,0xFE,0xA0,0xFE,0xA0,0xFE,0xA0,0xFE,0xA0,0xFE,0xA0,0xFE,0xA0,0xFE,
    0xA0,0xFE,0xA0,0xFE,0x80,0xFE,0xE0,0xFE,0x20,0xC5,0x00,0x00,0x00,0x00,0x00,0x00,0x00,0x00,0x00,0x00,0x00,0x00,0xC0,0x41,
    0xE0,0xFE,0x80,0xFE,0xA0,0xFE,0xA0,0xFE,0xA0,0xFE,0xA0,0xFE,0xA0,0xFE,0xA0,0xFE,0xA0,0xFE,0xA0,0xFE,0xA0,0xFE,0xA0,0xFE,
    0xA0,0xFE,0xA0,0xFE,0xA0,0xFE,0xA0,0xFE,0xA0,0xFE,0xA0,0xFE,0xA0,0xFE,0xA0,0xFE,0xA0,0xFE,0xA0,0xFE,0xA0,0xFE,0xA0,0xFE,
    0xA0,0xFE,0xA0,0xFE,0x80,0xFE,0xE0,0xFE,0xA0,0xD5,0x60,0x31,0x00,0x00,0x00,0x00,0x00,0x00,0x00,0x00,0xA0,0x10,0x20,0x9C,
    0x00,0xFF,0x80,0xFE,0xA0,0xFE,0xA0,0xFE,0xA0,0xFE,0xA0,0xFE,0xA0,0xFE,0xA0,0xFE,0xA0,0xFE,0xA0,0xFE,0xA0,0xFE,0xA0,0xFE,
    0xA0,0xFE,0xA0,0xFE,0xA0,0xFE,0xA0,0xFE,0xA0,0xFE,0xA0,0xFE,0xA0,0xFE,0xA0,0xFE,0xA0,0xFE,0xA0,0xFE,0xA0,0xFE,0xA0,0xFE,
    0xA0,0xFE,0xA0,0xFE,0x80,0xFE,0x00,0xFF,0x00,0xBD,0x00,0x00,0x00,0x00,0x00,0x00,0x00,0x00,0x00,0x00,0x00,0x00,0x80,0x62,
    0x20,0xFF,0x80,0xFE,0xA0,0xFE,0xA0,0xFE,0xA0,0xFE,0xA0,0xFE,0xA0,0xFE,0xA0,0xFE,0xA0,0xFE,0xA0,0xFE,0xA0,0xFE,0xA0,0xFE,
    0xA0,0xFE,0xA0,0xFE,0xA0,0xFE,0xA0,0xFE,0xA0,0xFE,0xA0,0xFE,0xA0,0xFE,0xA0,0xFE,0xA0,0xFE,0xA0,0xFE,0xA0,0xFE,0xA0,0xFE,
    0xA0,0xFE,0xA0,0xFE,0xA0,0xFE,0xA0,0xFE,0xA0,0xFE,0xA0,0xFE,0xA0,0xFE,0xA0,0xFE,0xA0,0xFE,0xA0,0xFE,0xA0,0xFE,0xA0,0xFE,
    0xA0,0xFE,0xA0,0xFE,0xA0,0xFE,0x80,0xFE,0x20,0xFF,0x60,0x7B,0x00,0x00,0x20,0x08,0x00,0x00,0x40,0x52,0x00,0xFF,0x80,0xFE,
    0xA0,0xFE,0x80,0xFE,0x0B,0xFF,0xFF,0xFF,0x00,0x00,0x00,0x00,0x00,0x00,0x00,0x00,0x00,0x00,0x00,0x00,0x00,0x00,0x00,0x00,
    0x00,0x00,0x00,0x00,0x00,0x00,0x00,0x00,0x00,0x00,0x00,0x00,0x00,0x00,0x00,0x00,0x00,0x00,0x4F,0xFF,0x80,0xFE,0xA0,0xFE,
    0x80,0xFE,0x20,0xFF,0xA0,0x8B,0x00,0x00,0x20,0x08,0x00,0x00,0x40,0x52,0x00,0xFF,0x80,0xFE,0xA0,0xFE,0xA0,0xFE,0xA0,0xFE,
    0xA0,0xFE,0xA0,0xFE,0xA0,0xFE,0xA0,0xFE,0xA0,0xFE,0xA0,0xFE,0xA0,0xFE,0xA0,0xFE,0xA0,0xFE,0xA0,0xFE,0xA0,0xFE,0xA0,0xFE,
    0xA0,0xFE,0xA0,0xFE,0xA0,0xFE,0xA0,0xFE,0xA0,0xFE,0xA0,0xFE,0xA0,0xFE,0xA0,0xFE,0xA0,0xFE,0xA0,0xFE,0xA0,0xFE,0xA0,0xFE,
    0xA0,0xFE,0xA0,0xFE,0xA0,0xFE,0xA0,0xFE,0xA0,0xFE,0xA0,0xFE,0xA0,0xFE,0xA0,0xFE,0xA0,0xFE,0xA0,0xFE,0xA0,0xFE,0xC0,0xFE,
    0x60,0x31,0x00,0x00,0x00,0x00,0x00,0x00,0x00,0x00,0x00,0x00,0x20,0x00,0x80,0xD5,0xE0,0xFE,0x80,0xFE,0xA0,0xFE,0xA0,0xFE,
    0xA0,0xFE,0xA0,0xFE,0xA0,0xFE,0xA0,0xFE,0xA0,0xFE,0xA0,0xFE,0xA0,0xFE,0xA0,0xFE,0xA0,0xFE,0xA0,0xFE,0xA0,0xFE,0xA0,0xFE,
    0xA0,0xFE,0xA0,0xFE,0xA0,0xFE,0xA0,0xFE,0xA0,0xFE,0xA0,0xFE,0xA0,0xFE,0xA0,0xFE,0xA0,0xFE,0xA0,0xFE,0xC0,0xFE,0x20,0xE6,
    0xA0,0x18,0x00,0x00,0x20,0x00,0x00,0x00,0x00,0x00,0x00,0x00,0x00,0x00,0x00,0x00,0x00,0x94,0x00,0xFF,0x80,0xFE,0xA0,0xFE,
    0xA0,0xFE,0xA0,0xFE,0xA0,0xFE,0xA0,0xFE,0xA0,0xFE,0xA0,0xFE,0xA0,0xFE,0xA0,0xFE,0xA0,0xFE,0xA0,0xFE,0xA0,0xFE,0xA0,0xFE,
    0xA0,0xFE,0xA0,0xFE,0xA0,0xFE,0xA0,0xFE,0xA0,0xFE,0xA0,0xFE,0xA0,0xFE,0xA0,0xFE,0xA0,0xFE,0xA0,0xFE,0xA0,0xFE,0x80,0xFE,
    0x00,0xFF,0x40,0x52,0x00,0x00,0x00,0x00,0x00,0x00,0x00,0x00,0x00,0x00,0x00,0x00,0x40,0xCD,0xE0,0xFE,0x80,0xFE,0xA0,0xFE,
    0xA0,0xFE,0xA0,0xFE,0xA0,0xFE,0xA0,0xFE,0xA0,0xFE,0xA0,0xFE,0xA0,0xFE,0xA0,0xFE,0xA0,0xFE,0xA0,0xFE,0xA0,0xFE,0xA0,0xFE,
    0xA0,0xFE,0xA0,0xFE,0xA0,0xFE,0xA0,0xFE,0xA0,0xFE,0xA0,0xFE,0xA0,0xFE,0xA0,0xFE,0xA0,0xFE,0xA0,0xFE,0xA0,0xFE,0xA0,0xFE,
    0xA0,0xFE,0xA0,0xFE,0xA0,0xFE,0xA0,0xFE,0xA0,0xFE,0xA0,0xFE,0xA0,0xFE,0xA0,0xFE,0xA0,0xFE,0xA0,0xFE,0xA0,0xFE,0x80,0xFE,
    0x00,0xFF,0x40,0x52,0x00,0x00,0x20,0x08,0x00,0x00,0x60,0x7B,0x20,0xFF,0x80,0xFE,0xA0,0xFE,0x80,0xFE,0x4F,0xFF,0xFF,0xFF,
    0x00,0x00,0x00,0x00,0x00,0x00,0x00,0x00,0x00,0x00,0x00,0x00,0x00,0x00,0x00,0x00,0x00,0x00,0x00,0x00,0x00,0x00,0x00,0x00,
    0x00,0x00,0x00,0x00,0x00,0x00,0x00,0x00,0x00,0x00,0x95,0xFF,0xA0,0xFE,0xA0,0xFE,0x80,0xFE,0x00,0xFF,0xE0,0xB4,0x00,0x00,
    0x20,0x00,0x00,0x00,0x40,0x29,0xC0,0xFE,0xA0,0xFE,0xA0,0xFE,0xA0,0xFE,0xA0,0xFE,0xA0,0xFE,0xA0,0xFE,0xA0,0xFE,0xA0,0xFE,
    0xA0,0xFE,0xA0,0xFE,0xA0,0xFE,0xA0,0xFE,0xA0,0xFE,0xA0,0xFE,0xA0,0xFE,0xA0,0xFE,0xA0,0xFE,0xA0,0xFE,0xA0,0xFE,0xA0,0xFE,
    0xA0,0xFE,0xA0,0xFE,0xA0,0xFE,0xA0,0xFE,0xA0,0xFE,0xA0,0xFE,0xA0,0xFE,0xA0,0xFE,0xA0,0xFE,0xA0,0xFE,0xA0,0xFE,0xA0,0xFE,
    0xA0,0xFE,0xA0,0xFE,0xA0,0xFE,0xA0,0xFE,0xA0,0xFE,0x80,0xFE,0x20,0xFF,0x00,0x94,0x00,0x00,0x00,0x00,0x00,0x00,0x00,0x00,
    0x00,0x00,0x00,0x00,0xE0,0x6A,0x20,0xFF,0x80,0xFE,0xA0,0xFE,0xA0,0xFE,0xA0,0xFE,0xA0,0xFE,0xA0,0xFE,0xA0,0xFE,0xA0,0xFE,
    0xA0,0xFE,0xA0,0xFE,0xA0,0xFE,0xA0,0xFE,0xA0,0xFE,0xA0,0xFE,0xA0,0xFE,0xA0,0xFE,0xA0,0xFE,0xA0,0xFE,0xA0,0xFE,0xA0,0xFE,
    0xA0,0xFE,0xA0,0xFE,0xA0,0xFE,0xA0,0xFE,0xA0,0xFE,0x80,0xFE,0x20,0xFF,0xC0,0x6A,0x00,0x00,0x20,0x00,0x00,0x00,0x00,0x00,
    0x00,0x00,0x00,0x00,0x00,0x00,0x00,0x00,0x40,0x08,0xE0,0xDD,0xC0,0xFE,0xA0,0xFE,0xA0,0xFE,0xA0,0xFE,0xA0,0xFE,0xA0,0xFE,
    0xA0,0xFE,0xA0,0xFE,0xA0,0xFE,0xA0,0xFE,0xA0,0xFE,0xA0,0xFE,0xA0,0xFE,0xA0,0xFE,0xA0,0xFE,0xA0,0xFE,0xA0,0xFE,0xA0,0xFE,
    0xA0,0xFE,0xA0,0xFE,0xA0,0xFE,0xA0,0xFE,0xA0,0xFE,0xA0,0xFE,0xA0,0xFE,0x80,0xFE,0xC0,0xFE,0xE0,0xDD,0x40,0x08,0x00,0x00,
    0x00,0x00,0x00,0x00,0x00,0x00,0x00,0x00,0x80,0x39,0xE0,0xFE,0xA0,0xFE,0xA0,0xFE,0xA0,0xFE,0xA0,0xFE,0xA0,0xFE,0xA0,0xFE,
    0xA0,0xFE,0xA0,0xFE,0xA0,0xFE,0xA0,0xFE,0xA0,0xFE,0xA0,0xFE,0xA0,0xFE,0xA0,0xFE,0xA0,0xFE,0xA0,0xFE,0xA0,0xFE,0xA0,0xFE,
    0xA0,0xFE,0xA0,0xFE,0xA0,0xFE,0xA0,0xFE,0xA0,0xFE,0xA0,0xFE,0xA0,0xFE,0xA0,0xFE,0xA0,0xFE,0xA0,0xFE,0xA0,0xFE,0xA0,0xFE,
    0xA0,0xFE,0xA0,0xFE,0xA0,0xFE,0xA0,0xFE,0xA0,0xFE,0xA0,0xFE,0xA0,0xFE,0xA0,0xFE,0xA0,0xFE,0x20,0x29,0x00,0x00,0x20,0x00,
    0x00,0x00,0x80,0xAC,0x00,0xFF,0x80,0xFE,0xA0,0xFE,0x80,0xFE,0x94,0xFF,0xFF,0xFF,0x00,0x00,0x00,0x00,0x00,0x00,0x00,0x00,
    0x00,0x00,0x00,0x00,0x00,0x00,0x00,0x00,0x00,0x00,0x00,0x00,0x00,0x00,0x00,0x00,0x00,0x00,0x00,0x00,0x00,0x00,0x00,0x00,
    0x00,0x00,0xBA,0xFF,0xA0,0xFE,0xA0,0xFE,0xA0,0xFE,0xC0,0xFE,0xE0,0xDD,0x20,0x00,0x00,0x00,0x00,0x00,0x40,0x08,0x00,0xE6,
    0xC0,0xFE,0xA0,0xFE,0xA0,0xFE,0xA0,0xFE,0xA0,0xFE,0xA0,0xFE,0xA0,0xFE,0xA0,0xFE,0xA0,0xFE,0xA0,0xFE,0xA0,0xFE,0xA0,0xFE,
    0xA0,0xFE,0xA0,0xFE,0xA0,0xFE,0xA0,0xFE,0xA0,0xFE,0xA0,0xFE,0xA0,0xFE,0xA0,0xFE,0xA0,0xFE,0xA0,0xFE,0xA0,0xFE,0xA0,0xFE,
    0xA0,0xFE,0xA0,0xFE,0xA0,0xFE,0xA0,0xFE,0xA0,0xFE,0xA0,0xFE,0xA0,0xFE,0xA0,0xFE,0xA0,0xFE,0xA0,0xFE,0xA0,0xFE,0xA0,0xFE,
    0xA0,0xFE,0xC0,0xFE,0x40,0xEE,0xA0,0x10,0x00,0x00,0x00,0x00,0x00,0x00,0x00,0x00,0x00,0x00,0xA0,0x18,0x60,0xEE,0xC0,0xFE,
    0xA0,0xFE,0xA0,0xFE,0xA0,0xFE,0xA0,0xFE,0xA0,0xFE,0xA0,0xFE,0xA0,0xFE,0xA0,0xFE,0xA0,0xFE,0xA0,0xFE,0xA0,0xFE,0xA0,0xFE,
    0xA0,0xFE,0xA0,0xFE,0xA0,0xFE,0xA0,0xFE,0xA0,0xFE,0xA0,0xFE,0xA0,0xFE,0xA0,0xFE,0xA0,0xFE,0xA0,0xFE,0xA0,0xFE,0xA0,0xFE,
    0xA0,0xFE,0xA0,0xFE,0x60,0xF6,0xC0,0x18,0x00,0x00,0x00,0x00,0x00,0x00,0x00,0x00,0x00,0x00,0x00,0x00,0x00,0x00,0x20,0x00,
    0x00,0x00,0xA0,0x8B,0x20,0xFF,0x80,0xFE,0xA0,0xFE,0xA0,0xFE,0xA0,0xFE,0xA0,0xFE,0xA0,0xFE,0xA0,0xFE,0xA0,0xFE,0xA0,0xFE,
    0xA0,0xFE,0xA0,0xFE,0xA0,0xFE,0xA0,0xFE,0xA0,0xFE,0xA0,0xFE,0xA0,0xFE,0xA0,0xFE,0xA0,0xFE,0xA0,0xFE,0xA0,0xFE,0xA0,0xFE,
    0xA0,0xFE,0xA0,0xFE,0xA0,0xFE,0xA0,0xFE,0x80,0xFE,0x20,0xFF,0x80,0x83,0x00,0x00,0x00,0x00,0x00,0x00,0x00,0x00,0x00,0x00,
    0x00,0x00,0x40,0x9C,0x20,0xFF,0x80,0xFE,0xA0,0xFE,0xA0,0xFE,0xA0,0xFE,0xA0,0xFE,0xA0,0xFE,0xA0,0xFE,0xA0,0xFE,0xA0,0xFE,
    0xA0,0xFE,0xA0,0xFE,0xA0,0xFE,0xA0,0xFE,0xA0,0xFE,0xA0,0xFE,0xA0,0xFE,0xA0,0xFE,0xA0,0xFE,0xA0,0xFE,0xA0,0xFE,0xA0,0xFE,
    0xA0,0xFE,0xA0,0xFE,0xA0,0xFE,0xA0,0xFE,0xA0,0xFE,0xA0,0xFE,0xA0,0xFE,0xA0,0xFE,0xA0,0xFE,0xA0,0xFE,0xA0,0xFE,0xA0,0xFE,
    0xA0,0xFE,0xA0,0xFE,0xA0,0xFE,0xC0,0xFE,0x00,0xE6,0x40,0x08,0x00,0x00,0x00,0x00,0x00,0x00,0x80,0xD5,0xE0,0xFE,0xA0,0xFE,
    0xA0,0xFE,0xA0,0xFE,0xB9,0xFF,0xFF,0xFF,0x00,0x00,0x00,0x00,0x00,0x00,0x00,0x00,0x00,0x00,0x00,0x00,0x00,0x00,0x00,0x00,
    0x00,0x00,0x00,0x00,0x00,0x00,0x00,0x00,0x00,0x00,0x00,0x00,0x00,0x00,0x00,0x00,0x00,0x00,0x00,0x00,0xC3,0xFE,0xA0,0xFE,
    0xA0,0xFE,0xA0,0xFE,0xA0,0xFE,0x00,0x21,0x00,0x00,0x00,0x00,0x00,0x00,0xE0,0xB4,0x00,0xFF,0x80,0xFE,0xA0,0xFE,0xA0,0xFE,
    0xA0,0xFE,0xA0,0xFE,0xA0,0xFE,0xA0,0xFE,0xA0,0xFE,0xA0,0xFE,0xA0,0xFE,0xA0,0xFE,0xA0,0xFE,0xA0,0xFE,0xA0,0xFE,0xA0,0xFE,
    0xA0,0xFE,0xA0,0xFE,0xA0,0xFE,0xA0,0xFE,0xA0,0xFE,0xA0,0xFE,0xA0,0xFE,0xA0,0xFE,0xA0,0xFE,0xA0,0xFE,0xA0,0xFE,0xA0,0xFE,
    0xA0,0xFE,0xA0,0xFE,0xA0,0xFE,0xA0,0xFE,0xA0,0xFE,0xA0,0xFE,0xA0,0xFE,0xA0,0xFE,0x80,0xFE,0x20,0xFF,0xE0,0x6A,0x00,0x00,
    0x00,0x00,0x00,0x00,0x00,0x00,0x00,0x00,0x00,0x00,0x20,0x9C,0x00,0xFF,0x80,0xFE,0xA0,0xFE,0xA0,0xFE,0xA0,0xFE,0xA0,0xFE,
    0xA0,0xFE,0xA0,0xFE,0xA0,0xFE,0xA0,0xFE,0xA0,0xFE,0xA0,0xFE,0xA0,0xFE,0xA0,0xFE,0xA0,0xFE,0xA0,0xFE,0xA0,0xFE,0xA0,0xFE,
    0xA0,0xFE,0xA0,0xFE,0xA0,0xFE,0xA0,0xFE,0xA0,0xFE,0xA0,0xFE,0xA0,0xFE,0xA0,0xFE,0xA0,0xFE,0xE0,0xFE,0xC0,0xDD,0x20,0x00,
    0x00,0x00,0x00,0x00,0x00,0x00,0x00,0x00,0x00,0x00,0x00,0x00,0x00,0x00,0x00,0x00,0x00,0x00,0x60,0x5A,0x00,0xFF,0x80,0xFE,
    0xA0,0xFE,0xA0,0xFE,0xA0,0xFE,0xA0,0xFE,0xA0,0xFE,0xA0,0xFE,0xA0,0xFE,0xA0,0xFE,0xA0,0xFE,0xA0,0xFE,0xA0,0xFE,0xA0,0xFE,
    0xA0,0xFE,0xA0,0xFE,0xA0,0xFE,0xA0,0xFE,0xA0,0xFE,0xA0,0xFE,0xA0,0xFE,0xA0,0xFE,0xA0,0xFE,0xA0,0xFE,0xA0,0xFE,0xA0,0xFE,
    0xA0,0xFE,0xA0,0xFE,0xA0,0xF6,0x00,0x21,0x00,0x00,0x00,0x00,0x00,0x00,0x00,0x00,0x00,0x00,0xC0,0x18,0x60,0xEE,0xC0,0xFE,
    0xA0,0xFE,0xA0,0xFE,0xA0,0xFE,0xA0,0xFE,0xA0,0xFE,0xA0,0xFE,0xA0,0xFE,0xA0,0xFE,0xA0,0xFE,0xA0,0xFE,0xA0,0xFE,0xA0,0xFE,
    0xA0,0xFE,0xA0,0xFE,0xA0,0xFE,0xA0,0xFE,0xA0,0xFE,0xA0,0xFE,0xA0,0xFE,0xA0,0xFE,0xA0,0xFE,0xA0,0xFE,0xA0,0xFE,0xA0,0xFE,
    0xA0,0xFE,0xA0,0xFE,0xA0,0xFE,0xA0,0xFE,0xA0,0xFE,0xA0,0xFE,0xA0,0xFE,0xA0,0xFE,0xA0,0xFE,0xA0,0xFE,0x80,0xFE,0x00,0xFF,
    0xE0,0xBC,0x00,0x00,0x00,0x00,0x00,0x00,0xC0,0x18,0x80,0xF6,0xA0,0xFE,0xA0,0xFE,0xA0,0xFE,0xC2,0xFE,0xFD,0xFF,0x00,0x00,
    0x00,0x00,0x00,0x00,0x00,0x00,0x00,0x00,0x00,0x00,0x00,0x00,0x00,0x00,0x00,0x00,0x00,0x00,0x00,0x00,0x00,0x00,0x00,0x00,
    0x00,0x00,0x00,0x00,0x00,0x00,0x00,0x00,0x00,0x00,0x00,0x00,0xE8,0xFE,0x80,0xFE,0xA0,0xFE,0x80,0xFE,0x00,0xFF,0x40,0x52,
    0x00,0x00,0x20,0x08,0x00,0x00,0x60,0x83,0x20,0xFF,0x80,0xFE,0xA0,0xFE,0xA0,0xFE,0xA0,0xFE,0xA0,0xFE,0xA0,0xFE,0xA0,0xFE,
    0xA0,0xFE,0xA0,0xFE,0xA0,0xFE,0xA0,0xFE,0xA0,0xFE,0xA0,0xFE,0xA0,0xFE,0xA0,0xFE,0xA0,0xFE,0xA0,0xFE,0xA0,0xFE,0xA0,0xFE,
    0xA0,0xFE,0xA0,0xFE,0xA0,0xFE,0xA0,0xFE,0xA0,0xFE,0xA0,0xFE,0xA0,0xFE,0xA0,0xFE,0xA0,0xFE,0xA0,0xFE,0xA0,0xFE,0xA0,0xFE,
    0xA0,0xFE,0xA0,0xFE,0xA0,0xFE,0x80,0xFE,0xE0,0xFE,0x80,0xCD,0x20,0x00,0x00,0x00,0x00,0x00,0x00,0x00,0x00,0x00,0x00,0x00,
    0x80,0x31,0xE0,0xFE,0x80,0xFE,0xA0,0xFE,0xA0,0xFE,0xA0,0xFE,0xA0,0xFE,0xA0,0xFE,0xA0,0xFE,0xA0,0xFE,0xA0,0xFE,0xA0,0xFE,
    0xA0,0xFE,0xA0,0xFE,0xA0,0xFE,0xA0,0xFE,0xA0,0xFE,0xA0,0xFE,0xA0,0xFE,0xA0,0xFE,0xA0,0xFE,0xA0,0xFE,0xA0,0xFE,0xA0,0xFE,
    0xA0,0xFE,0xA0,0xFE,0xA0,0xFE,0xA0,0xFE,0xA0,0xFE,0xC0,0xFE,0xC0,0xDD,0x20,0x00,0x00,0x00,0x00,0x00,0x00,0x00,0x00,0x00,
    0x00,0x00,0x00,0x00,0x00,0x00,0x00,0x00,0x00,0x00,0x60,0x5A,0x00,0xFF,0x80,0xFE,0xA0,0xFE,0xA0,0xFE,0xA0,0xFE,0xA0,0xFE,
    0xA0,0xFE,0xA0,0xFE,0xA0,0xFE,0xA0,0xFE,0xA0,0xFE,0xA0,0xFE,0xA0,0xFE,0xA0,0xFE,0xA0,0xFE,0xA0,0xFE,0xA0,0xFE,0xA0,0xFE,
    0xA0,0xFE,0xA0,0xFE,0xA0,0xFE,0xA0,0xFE,0xA0,0xFE,0xA0,0xFE,0xA0,0xFE,0xA0,0xFE,0xA0,0xFE,0x80,0xFE,0x00,0xFF,0xA0,0xAC,
    0x00,0x00,0x00,0x00,0x00,0x00,0x00,0x00,0x00,0x00,0x00,0x00,0x00,0x73,0x20,0xFF,0x80,0xFE,0xA0,0xFE,0xA0,0xFE,0xA0,0xFE,
    0xA0,0xFE,0xA0,0xFE,0xA0,0xFE,0xA0,0xFE,0xA0,0xFE,0xA0,0xFE,0xA0,0xFE,0xA0,0xFE,0xA0,0xFE,0xA0,0xFE,0xA0,0xFE,0xA0,0xFE,
    0xA0,0xFE,0xA0,0xFE,0xA0,0xFE,0xA0,0xFE,0xA0,0xFE,0xA0,0xFE,0xA0,0xFE,0xA0,0xFE,0xA0,0xFE,0xA0,0xFE,0xA0,0xFE,0xA0,0xFE,
    0xA0,0xFE,0xA0,0xFE,0xA0,0xFE,0xA0,0xFE,0xA0,0xFE,0xA0,0xFE,0x80,0xFE,0x20,0xFF,0x80,0x83,0x00,0x00,0x20,0x00,0x00,0x00,
    0x00,0x4A,0x00,0xFF,0x80,0xFE,0xA0,0xFE,0x80,0xFE,0xE7,0xFE,0xFF,0xFF,0x00,0x00,0x00,0x00,0x00,0x00,0x00,0x00,0x00,0x00,
    0x00,0x00,0x00,0x00,0x00,0x00,0x00,0x00,0x00,0x00,0x00,0x00,0x00,0x00,0x00,0x00,0x00,0x00,0x00,0x00,0x00,0x00,0x00,0x00,
    0x00,0x00,0x00,0x00,0x4E,0xFF,0x80,0xFE,0xA0,0xFE,0x80,0xFE,0x20,0xFF,0xC0,0x8B,0x00,0x00,0x20,0x00,0x00,0x00,0xE0,0x41,
    0xE0,0xFE,0xA0,0xFE,0xA0,0xFE,0xA0,0xFE,0xA0,0xFE,0xA0,0xFE,0xA0,0xFE,0xA0,0xFE,0xA0,0xFE,0xA0,0xFE,0xA0,0xFE,0xA0,0xFE,
    0xA0,0xFE,0xA0,0xFE,0xA0,0xFE,0xA0,0xFE,0xA0,0xFE,0xA0,0xFE,0xA0,0xFE,0xA0,0xFE,0xA0,0xFE,0xA0,0xFE,0xA0,0xFE,0xA0,0xFE,
    0xA0,0xFE,0xA0,0xFE,0xA0,0xFE,0xA0,0xFE,0xA0,0xFE,0xA0,0xFE,0xA0,0xFE,0xA0,0xFE,0xA0,0xFE,0xA0,0xFE,0xA0,0xFE,0x80,0xFE,
    0xE0,0xFE,0xC0,0x39,0x00,0x00,0x00,0x00,0x00,0x00,0x00,0x00,0x00,0x00,0x00,0x00,0x40,0xC5,0xE0,0xFE,0x80,0xFE,0xA0,0xFE,
    0xA0,0xFE,0xA0,0xFE,0xA0,0xFE,0xA0,0xFE,0xA0,0xFE,0xA0,0xFE,0xA0,0xFE,0xA0,0xFE,0xA0,0xFE,0xA0,0xFE,0xA0,0xFE,0xA0,0xFE,
    0xA0,0xFE,0xA0,0xFE,0xA0,0xFE,0xA0,0xFE,0xA0,0xFE,0xA0,0xFE,0xA0,0xFE,0xA0,0xFE,0xA0,0xFE,0xA0,0xFE,0xA0,0xFE,0xA0,0xFE,
    0xA0,0xFE,0xA0,0xFE,0x80,0xF6,0xC0,0x18,0x00,0x00,0x00,0x00,0x00,0x00,0x00,0x00,0x00,0x00,0x00,0x00,0x00,0x00,0x00,0x00,
    0x00,0x00,0xC0,0x93,0x20,0xFF,0x80,0xFE,0xA0,0xFE,0xA0,0xFE,0xA0,0xFE,0xA0,0xFE,0xA0,0xFE,0xA0,0xFE,0xA0,0xFE,0xA0,0xFE,
    0xA0,0xFE,0xA0,0xFE,0xA0,0xFE,0xA0,0xFE,0xA0,0xFE,0xA0,0xFE,0xA0,0xFE,0xA0,0xFE,0xA0,0xFE,0xA0,0xFE,0xA0,0xFE,0xA0,0xFE,
    0xA0,0xFE,0xA0,0xFE,0xA0,0xFE,0xA0,0xFE,0xA0,0xFE,0xA0,0xFE,0x80,0xFE,0x00,0xFF,0xE0,0x41,0x00,0x00,0x00,0x00,0x00,0x00,
    0x00,0x00,0x00,0x00,0x20,0x00,0xA0,0xD5,0xE0,0xFE,0x80,0xFE,0xA0,0xFE,0xA0,0xFE,0xA0,0xFE,0xA0,0xFE,0xA0,0xFE,0xA0,0xFE,
    0xA0,0xFE,0xA0,0xFE,0xA0,0xFE,0xA0,0xFE,0xA0,0xFE,0xA0,0xFE,0xA0,0xFE,0xA0,0xFE,0xA0,0xFE,0xA0,0xFE,0xA0,0xFE,0xA0,0xFE,
    0xA0,0xFE,0xA0,0xFE,0xA0,0xFE,0xA0,0xFE,0xA0,0xFE,0xA0,0xFE,0xA0,0xFE,0xA0,0xFE,0xA0,0xFE,0xA0,0xFE,0xA0,0xFE,0xA0,0xFE,
    0xA0,0xFE,0xA0,0xFE,0x80,0xFE,0x00,0xFF,0xE0,0x41,0x00,0x00,0x20,0x00,0x00,0x00,0x80,0x83,0x20,0xFF,0x80,0xFE,0xA0,0xFE,
    0x80,0xFE,0x2D,0xFF,0xFF,0xFF,0x00,0x00,0x00,0x00,0x00,0x00,0x00,0x00,0x00,0x00,0x00,0x00,0x00,0x00,0x00,0x00,0x00,0x00,
    0x00,0x00,0x00,0x00,0x00,0x00,0x00,0x00,0x00,0x00,0x00,0x00,0x00,0x00,0x00,0x00,0x00,0x00,0x00,0x00,0x75,0xFF,0x80,0xFE,
    0xA0,0xFE,0x80,0xFE,0xE0,0xFE,0x40,0xC5,0x00,0x00,0x00,0x00,0x00,0x00,0x80,0x10,0x40,0xEE,0xC0,0xFE,0xA0,0xFE,0xA0,0xFE,
    0xA0,0xFE,0xA0,0xFE,0xA0,0xFE,0xA0,0xFE,0xA0,0xFE,0xA0,0xFE,0xA0,0xFE,0xA0,0xFE,0xA0,0xFE,0xA0,0xFE,0xA0,0xFE,0xA0,0xFE,
    0xA0,0xFE,0xA0,0xFE,0xA0,0xFE,0xA0,0xFE,0xA0,0xFE,0xA0,0xFE,0xA0,0xFE,0xA0,0xFE,0xA0,0xFE,0xA0,0xFE,0xA0,0xFE,0xA0,0xFE,
    0xA0,0xFE,0xA0,0xFE,0xA0,0xFE,0xA0,0xFE,0xA0,0xFE,0xA0,0xFE,0x80,0xFE,0x00,0xFF,0x40,0xA4,0x00,0x00,0x00,0x00,0x00,0x00,
    0x00,0x00,0x00,0x00,0x00,0x00,0xA0,0x62,0x20,0xFF,0x80,0xFE,0xA0,0xFE,0xA0,0xFE,0xA0,0xFE,0xA0,0xFE,0xA0,0xFE,0xA0,0xFE,
    0xA0,0xFE,0xA0,0xFE,0xA0,0xFE,0xA0,0xFE,0xA0,0xFE,0xA0,0xFE,0xA0,0xFE,0xA0,0xFE,0xA0,0xFE,0xA0,0xFE,0xA0,0xFE,0xA0,0xFE,
    0xA0,0xFE,0xA0,0xFE,0xA0,0xFE,0xA0,0xFE,0xA0,0xFE,0xA0,0xFE,0xA0,0xFE,0xA0,0xFE,0xA0,0xFE,0x80,0xFE,0x20,0xFF,0x40,0x7B,
    0x00,0x00,0x20,0x00,0x00,0x00,0x00,0x00,0x00,0x00,0x00,0x00,0x00,0x00,0x00,0x00,0x80,0x10,0x40,0xE6,0xC0,0xFE,0xA0,0xFE,
    0xA0,0xFE,0xA0,0xFE,0xA0,0xFE,0xA0,0xFE,0xA0,0xFE,0xA0,0xFE,0xA0,0xFE,0xA0,0xFE,0xA0,0xFE,0xA0,0xFE,0xA0,0xFE,0xA0,0xFE,
    0xA0,0xFE,0xA0,0xFE,0xA0,0xFE,0xA0,0xFE,0xA0,0xFE,0xA0,0xFE,0xA0,0xFE,0xA0,0xFE,0xA0,0xFE,0xA0,0xFE,0xA0,0xFE,0xA0,0xFE,
    0xA0,0xFE,0xA0,0xFE,0x80,0xFE,0xE0,0xFE,0xA0,0xD5,0x20,0x00,0x00,0x00,0x00,0x00,0x00,0x00,0x00,0x00,0x00,0x00,0xE0,0x41,
    0x00,0xFF,0x80,0xFE,0xA0,0xFE,0xA0,0xFE,0xA0,0xFE,0xA0,0xFE,0xA0,0xFE,0xA0,0xFE,0xA0,0xFE,0xA0,0xFE,0xA0,0xFE,0xA0,0xFE,
    0xA0,0xFE,0xA0,0xFE,0xA0,0xFE,0xA0,0xFE,0xA0,0xFE,0xA0,0xFE,0xA0,0xFE,0xA0,0xFE,0xA0,0xFE,0xA0,0xFE,0xA0,0xFE,0xA0,0xFE,
    0xA0,0xFE,0xA0,0xFE,0xA0,0xFE,0xA0,0xFE,0xA0,0xFE,0xA0,0xFE,0xA0,0xFE,0xA0,0xFE,0xA0,0xFE,0xA0,0xFE,0xC0,0xFE,0x60,0xF6,
    0xA0,0x10,0x00,0x00,0x00,0x00,0x00,0x00,0x00,0xBD,0x00,0xFF,0x80,0xFE,0xA0,0xFE,0x80,0xFE,0x94,0xFF,0xFF,0xFF,0x00,0x00,
    0x00,0x00,0x00,0x00,0x00,0x00,0x00,0x00,0x00,0x00,0x00,0x00,0x00,0x00,0x00,0x00,0x00,0x00,0x00,0x00,0x00,0x00,0x00,0x00,
    0x00,0x00,0x00,0x00,0x00,0x00,0x00,0x00,0x00,0x00,0x00,0x00,0xDB,0xFF,0xA1,0xFE,0xA0,0xFE,0xA0,0xFE,0xA0,0xFE,0x80,0xF6,
    0xA0,0x18,0x00,0x00,0x00,0x00,0x00,0x00,0x00,0xBD,0x00,0xFF,0x80,0xFE,0xA0,0xFE,0xA0,0xFE,0xA0,0xFE,0xA0,0xFE,0xA0,0xFE,
    0xA0,0xFE,0xA0,0xFE,0xA0,0xFE,0xA0,0xFE,0xA0,0xFE,0xA0,0xFE,0xA0,0xFE,0xA0,0xFE,0xA0,0xFE,0xA0,0xFE,0xA0,0xFE,0xA0,0xFE,
    0xA0,0xFE,0xA0,0xFE,0xA0,0xFE,0xA0,0xFE,0xA0,0xFE,0xA0,0xFE,0xA0,0xFE,0xA0,0xFE,0xA0,0xFE,0xA0,0xFE,0xA0,0xFE,0xA0,0xFE,
    0xA0,0xFE,0xA0,0xFE,0xA0,0xFE,0x60,0xF6,0xC0,0x18,0x00,0x00,0x00,0x00,0x00,0x00,0x00,0x00,0x00,0x00,0x80,0x10,0x20,0xE6,
    0xC0,0xFE,0xA0,0xFE,0xA0,0xFE,0xA0,0xFE,0xA0,0xFE,0xA0,0xFE,0xA0,0xFE,0xA0,0xFE,0xA0,0xFE,0xA0,0xFE,0xA0,0xFE,0xA0,0xFE,
    0xA0,0xFE,0xA0,0xFE,0xA0,0xFE,0xA0,0xFE,0xA0,0xFE,0xA0,0xFE,0xA0,0xFE,0xA0,0xFE,0xA0,0xFE,0xA0,0xFE,0xA0,0xFE,0xA0,0xFE,
    0xA0,0xFE,0xA0,0xFE,0xA0,0xFE,0xA0,0xFE,0xA0,0xFE,0xA0,0xFE,0xA0,0xFE,0x80,0xF6,0x80,0x31,0x00,0x00,0x00,0x00,0x00,0x00,
    0x00,0x00,0x00,0x00,0x00,0x00,0x00,0x00,0xA0,0xAC,0x00,0xFF,0x80,0xFE,0xA0,0xFE,0xA0,0xFE,0xA0,0xFE,0xA0,0xFE,0xA0,0xFE,
    0xA0,0xFE,0xA0,0xFE,0xA0,0xFE,0xA0,0xFE,0xA0,0xFE,0xA0,0xFE,0xA0,0xFE,0xA0,0xFE,0xA0,0xFE,0xA0,0xFE,0xA0,0xFE,0xA0,0xFE,
    0xA0,0xFE,0xA0,0xFE,0xA0,0xFE,0xA0,0xFE,0xA0,0xFE,0xA0,0xFE,0xA0,0xFE,0xA0,0xFE,0xA0,0xFE,0xA0,0xFE,0xA0,0xFE,0x80,0xFE,
    0x20,0xFF,0x00,0x73,0x00,0x00,0x00,0x00,0x00,0x00,0x00,0x00,0x00,0x00,0x00,0x00,0xA0,0xAC,0x00,0xFF,0x80,0xFE,0xA0,0xFE,
    0xA0,0xFE,0xA0,0xFE,0xA0,0xFE,0xA0,0xFE,0xA0,0xFE,0xA0,0xFE,0xA0,0xFE,0xA0,0xFE,0xA0,0xFE,0xA0,0xFE,0xA0,0xFE,0xA0,0xFE,
    0xA0,0xFE,0xA0,0xFE,0xA0,0xFE,0xA0,0xFE,0xA0,0xFE,0xA0,0xFE,0xA0,0xFE,0xA0,0xFE,0xA0,0xFE,0xA0,0xFE,0xA0,0xFE,0xA0,0xFE,
    0xA0,0xFE,0xA0,0xFE,0xA0,0xFE,0xA0,0xFE,0xA0,0xFE,0x80,0xFE,0x00,0xFF,0x00,0xBD,0x00,0x00,0x00,0x00,0x00,0x00,0x80,0x10,
    0x40,0xEE,0xC0,0xFE,0xA0,0xFE,0xA0,0xFE,0xA0,0xFE,0xBA,0xFF,0xFF,0xFF,0x00,0x00,0x00,0x00,0x00,0x00,0x00,0x00,0x00,0x00,
    0x00,0x00,0x00,0x00,0x00,0x00,0x00,0x00,0x00,0x00,0x00,0x00,0x00,0x00,0x00,0x00,0x00,0x00,0x00,0x00,0x00,0x00,0x00,0x00,
    0x00,0x00,0x00,0x00,0x00,0x00,0xE6,0xFE,0xA0,0xFE,0xA0,0xFE,0x80,0xFE,0x00,0xFF,0x40,0x52,0x00,0x00,0x20,0x08,0x00,0x00,
    0x40,0x7B,0x20,0xFF,0x80,0xFE,0xA0,0xFE,0xA0,0xFE,0xA0,0xFE,0xA0,0xFE,0xA0,0xFE,0xA0,0xFE,0xA0,0xFE,0xA0,0xFE,0xA0,0xFE,
    0xA0,0xFE,0xA0,0xFE,0xA0,0xFE,0xA0,0xFE,0xA0,0xFE,0xA0,0xFE,0xA0,0xFE,0xA0,0xFE,0xA0,0xFE,0xA0,0xFE,0xA0,0xFE,0xA0,0xFE,
    0xA0,0xFE,0xA0,0xFE,0xA0,0xFE,0xA0,0xFE,0xA0,0xFE,0xA0,0xFE,0xA0,0xFE,0xA0,0xFE,0xA0,0xFE,0x80,0xFE,0x20,0xFF,0x40,0x7B,
    0x00,0x00,0x00,0x00,0x00,0x00,0x00,0x00,0x00,0x00,0x00,0x00,0xE0,0x93,0x20,0xFF,0x80,0xFE,0xA0,0xFE,0xA0,0xFE,0xA0,0xFE,
    0xA0,0xFE,0xA0,0xFE,0xA0,0xFE,0xA0,0xFE,0xA0,0xFE,0xA0,0xFE,0xA0,0xFE,0xA0,0xFE,0xA0,0xFE,0xA0,0xFE,0xA0,0xFE,0xA0,0xFE,
    0xA0,0xFE,0xA0,0xFE,0xA0,0xFE,0xA0,0xFE,0xA0,0xFE,0xA0,0xFE,0xA0,0xFE,0xA0,0xFE,0xA0,0xFE,0xA0,0xFE,0xA0,0xFE,0xA0,0xFE,
    0xA0,0xFE,0xA0,0xFE,0xA0,0xFE,0xC0,0xFE,0x80,0xEE,0xA0,0x5A,0x20,0x08,0x00,0x00,0x00,0x00,0x00,0x00,0x40,0x29,0x00,0xB5,
    0x00,0xFF,0x80,0xFE,0xA0,0xFE,0xA0,0xFE,0xA0,0xFE,0xA0,0xFE,0xA0,0xFE,0xA0,0xFE,0xA0,0xFE,0xA0,0xFE,0xA0,0xFE,0xA0,0xFE,
    0xA0,0xFE,0xA0,0xFE,0xA0,0xFE,0xA0,0xFE,0xA0,0xFE,0xA0,0xFE,0xA0,0xFE,0xA0,0xFE,0xA0,0xFE,0xA0,0xFE,0xA0,0xFE,0xA0,0xFE,
    0xA0,0xFE,0xA0,0xFE,0xA0,0xFE,0xA0,0xFE,0xA0,0xFE,0xA0,0xFE,0xA0,0xFE,0xA0,0xFE,0xC0,0xFE,0x40,0xEE,0xA0,0x18,0x00,0x00,
    0x00,0x00,0x00,0x00,0x00,0x00,0x00,0x00,0x00,0x21,0xA0,0xF6,0xA0,0xFE,0xA0,0xFE,0xA0,0xFE,0xA0,0xFE,0xA0,0xFE,0xA0,0xFE,
    0xA0,0xFE,0xA0,0xFE,0xA0,0xFE,0xA0,0xFE,0xA0,0xFE,0xA0,0xFE,0xA0,0xFE,0xA0,0xFE,0xA0,0xFE,0xA0,0xFE,0xA0,0xFE,0xA0,0xFE,
    0xA0,0xFE,0xA0,0xFE,0xA0,0xFE,0xA0,0xFE,0xA0,0xFE,0xA0,0xFE,0xA0,0xFE,0xA0,0xFE,0xA0,0xFE,0xA0,0xFE,0xA0,0xFE,0xA0,0xFE,
    0xA0,0xFE,0x80,0xFE,0x20,0xFF,0x20,0x73,0x00,0x00,0x20,0x00,0x00,0x00,0xC0,0x41,0xE0,0xFE,0x80,0xFE,0xA0,0xFE,0xA0,0xFE,
    0xC5,0xFE,0xFF,0xFF,0x00,0x00,0x00,0x00,0x00,0x00,0x00,0x00,0x00,0x00,0x00,0x00,0x00,0x00,0x00,0x00,0x00,0x00,0x00,0x00,
    0x00,0x00,0x00,0x00,0x00,0x00,0x00,0x00,0x00,0x00,0x00,0x00,0x00,0x00,0x00,0x00,0x00,0x00,0x00,0x00,0x00,0x00,0x2D,0xFF,
    0x80,0xFE,0xA0,0xFE,0x80,0xFE,0x20,0xFF,0x00,0x94,0x00,0x00,0x20,0x00,0x00,0x00,0x40,0x31,0xC0,0xFE,0xA0,0xFE,0xA0,0xFE,
    0xA0,0xFE,0xA0,0xFE,0xA0,0xFE,0xA0,0xFE,0xA0,0xFE,0xA0,0xFE,0xA0,0xFE,0xA0,0xFE,0xA0,0xFE,0xA0,0xFE,0xA0,0xFE,0xA0,0xFE,
    0xA0,0xFE,0xA0,0xFE,0xA0,0xFE,0xA0,0xFE,0xA0,0xFE,0xA0,0xFE,0xA0,0xFE,0xA0,0xFE,0xA0,0xFE,0xA0,0xFE,0xA0,0xFE,0xA0,0xFE,
    0xA0,0xFE,0xA0,0xFE,0xA0,0xFE,0xA0,0xFE,0x80,0xFE,0xE0,0xFE,0xC0,0xDD,0x40,0x08,0x00,0x00,0x00,0x00,0x00,0x00,0x00,0x00,
    0x00,0x00,0x40,0x31,0xC0,0xFE,0xA0,0xFE,0xA0,0xFE,0xA0,0xFE,0xA0,0xFE,0xA0,0xFE,0xA0,0xFE,0xA0,0xFE,0xA0,0xFE,0xA0,0xFE,
    0xA0,0xFE,0xA0,0xFE,0xA0,0xFE,0xA0,0xFE,0xA0,0xFE,0xA0,0xFE,0xA0,0xFE,0xA0,0xFE,0xA0,0xFE,0xA0,0xFE,0xA0,0xFE,0xA0,0xFE,
    0xA0,0xFE,0xA0,0xFE,0xA0,0xFE,0xA0,0xFE,0xA0,0xFE,0xA0,0xFE,0xA0,0xFE,0xA0,0xFE,0xA0,0xFE,0xA0,0xFE,0xA0,0xFE,0x80,0xFE,
    0xA0,0xFE,0x00,0xFF,0xC0,0xDD,0x80,0xAC,0x20,0x9C,0x20,0xC5,0xA0,0xFE,0x00,0xFF,0x80,0xFE,0xA0,0xFE,0xA0,0xFE,0xA0,0xFE,
    0xA0,0xFE,0xA0,0xFE,0xA0,0xFE,0xA0,0xFE,0xA0,0xFE,0xA0,0xFE,0xA0,0xFE,0xA0,0xFE,0xA0,0xFE,0xA0,0xFE,0xA0,0xFE,0xA0,0xFE,
    0xA0,0xFE,0xA0,0xFE,0xA0,0xFE,0xA0,0xFE,0xA0,0xFE,0xA0,0xFE,0xA0,0xFE,0xA0,0xFE,0xA0,0xFE,0xA0,0xFE,0xA0,0xFE,0xA0,0xFE,
    0xA0,0xFE,0xA0,0xFE,0xA0,0xFE,0xA0,0xFE,0x80,0xFE,0x20,0xFF,0x20,0x9C,0x00,0x00,0x00,0x00,0x00,0x00,0x00,0x00,0x00,0x00,
    0x00,0x00,0x80,0x83,0x20,0xFF,0x80,0xFE,0xA0,0xFE,0xA0,0xFE,0xA0,0xFE,0xA0,0xFE,0xA0,0xFE,0xA0,0xFE,0xA0,0xFE,0xA0,0xFE,
    0xA0,0xFE,0xA0,0xFE,0xA0,0xFE,0xA0,0xFE,0xA0,0xFE,0xA0,0xFE,0xA0,0xFE,0xA0,0xFE,0xA0,0xFE,0xA0,0xFE,0xA0,0xFE,0xA0,0xFE,
    0xA0,0xFE,0xA0,0xFE,0xA0,0xFE,0xA0,0xFE,0xA0,0xFE,0xA0,0xFE,0xA0,0xFE,0xA0,0xFE,0xA0,0xFE,0xA0,0xFE,0xC0,0xFE,0x60,0x31,
    0x00,0x00,0x20,0x00,0x00,0x00,0x80,0x83,0x20,0xFF,0x80,0xFE,0xA0,0xFE,0x80,0xFE,0x2C,0xFF,0xFF,0xFF,0x00,0x00,0x00,0x00,
    0x00,0x00,0x00,0x00,0x00,0x00,0x00,0x00,0x00,0x00,0x00,0x00,0x00,0x00,0x00,0x00,0x00,0x00,0x00,0x00,0x00,0x00,0x00,0x00,
    0x00,0x00,0x00,0x00,0x00,0x00,0x00,0x00,0x00,0x00,0x00,0x00,0x00,0x00,0x95,0xFF,0x80,0xFE,0xA0,0xFE,0xA0,0xFE,0xE0,0xFE,
    0xC0,0xDD,0x20,0x00,0x00,0x00,0x00,0x00,0x00,0x00,0x80,0xD5,0xE0,0xFE,0x80,0xFE,0xA0,0xFE,0xA0,0xFE,0xA0,0xFE,0xA0,0xFE,
    0xA0,0xFE,0xA0,0xFE,0xA0,0xFE,0xA0,0xFE,0xA0,0xFE,0xA0,0xFE,0xA0,0xFE,0xA0,0xFE,0xA0,0xFE,0xA0,0xFE,0xA0,0xFE,0xA0,0xFE,
    0xA0,0xFE,0xA0,0xFE,0xA0,0xFE,0xA0,0xFE,0xA0,0xFE,0xA0,0xFE,0xA0,0xFE,0xA0,0xFE,0xA0,0xFE,0xA0,0xFE,0xA0,0xFE,0xA0,0xFE,
    0x80,0xFE,0x00,0xFF,0x00,0x4A,0x00,0x00,0x00,0x00,0x00,0x00,0x00,0x00,0x00,0x00,0x00,0x00,0xE0,0xBC,0xE0,0xFE,0x60,0xFE,
    0x80,0xFE,0x80,0xFE,0x80,0xFE,0x80,0xFE,0x80,0xFE,0x80,0xFE,0x80,0xFE,0x80,0xFE,0x80,0xFE,0x80,0xFE,0x80,0xFE,0x80,0xFE,
    0x80,0xFE,0x80,0xFE,0x80,0xFE,0x80,0xFE,0x80,0xFE,0x80,0xFE,0x80,0xFE,0x80,0xFE,0x80,0xFE,0x80,0xFE,0x80,0xFE,0x80,0xFE,
    0x80,0xFE,0x80,0xFE,0x80,0xFE,0x80,0xFE,0x80,0xFE,0x80,0xFE,0x80,0xFE,0x80,0xFE,0x80,0xFE,0x60,0xFE,0xC0,0xFE,0xE0,0xFE,
    0x00,0xFF,0xE0,0xFE,0x80,0xFE,0x60,0xFE,0x80,0xFE,0x80,0xFE,0x80,0xFE,0x80,0xFE,0x80,0xFE,0x80,0xFE,0x80,0xFE,0x80,0xFE,
    0x80,0xFE,0x80,0xFE,0x80,0xFE,0x80,0xFE,0x80,0xFE,0x80,0xFE,0x80,0xFE,0x80,0xFE,0x80,0xFE,0x80,0xFE,0x80,0xFE,0x80,0xFE,
    0x80,0xFE,0x80,0xFE,0x80,0xFE,0x80,0xFE,0x80,0xFE,0x80,0xFE,0x80,0xFE,0x80,0xFE,0x80,0xFE,0x80,0xFE,0x80,0xFE,0x80,0xFE,
    0x80,0xFE,0x80,0xFE,0xC0,0xF6,0x40,0x31,0x00,0x00,0x00,0x00,0x00,0x00,0x00,0x00,0x00,0x00,0x60,0x08,0x00,0xDE,0xC0,0xFE,
    0xA0,0xFE,0xA0,0xFE,0xA0,0xFE,0xA0,0xFE,0xA0,0xFE,0xA0,0xFE,0xA0,0xFE,0xA0,0xFE,0xA0,0xFE,0xA0,0xFE,0xA0,0xFE,0xA0,0xFE,
    0xA0,0xFE,0xA0,0xFE,0xA0,0xFE,0xA0,0xFE,0xA0,0xFE,0xA0,0xFE,0xA0,0xFE,0xA0,0xFE,0xA0,0xFE,0xA0,0xFE,0xA0,0xFE,0xA0,0xFE,
    0xA0,0xFE,0xA0,0xFE,0xA0,0xFE,0xA0,0xFE,0x80,0xFE,0xE0,0xFE,0xC0,0xDD,0x20,0x00,0x00,0x00,0x00,0x00,0x00,0x00,0x60,0xCD,
    0xE0,0xFE,0x80,0xFE,0xA0,0xFE,0x80,0xFE,0x94,0xFF,0xFF,0xFF,0x00,0x00,0x00,0x00,0x00,0x00,0x00,0x00,0x00,0x00,0x00,0x00,
    0x00,0x00,0x00,0x00,0x00,0x00,0x00,0x00,0x00,0x00,0x00,0x00,0x00,0x00,0x00,0x00,0x00,0x00,0x00,0x00,0x00,0x00,0x00,0x00,
    0x00,0x00,0x00,0x00,0x00,0x00,0xDD,0xFF,0xC2,0xFE,0xA0,0xFE,0xA0,0xFE,0xA0,0xFE,0xE0,0xFE,0x80,0x31,0x00,0x00,0x20,0x00,
    0x00,0x00,0xA0,0x83,0x20,0xFF,0x80,0xFE,0xA0,0xFE,0xA0,0xFE,0xA0,0xFE,0xA0,0xFE,0xA0,0xFE,0xA0,0xFE,0xA0,0xFE,0xA0,0xFE,
    0xA0,0xFE,0xA0,0xFE,0xA0,0xFE,0xA0,0xFE,0xA0,0xFE,0xA0,0xFE,0xA0,0xFE,0xA0,0xFE,0xA0,0xFE,0xA0,0xFE,0xA0,0xFE,0xA0,0xFE,
    0x80,0xFE,0xA0,0xFE,0xA0,0xFE,0xA0,0xFE,0xA0,0xFE,0xA0,0xFE,0xA0,0xFE,0x80,0xFE,0x00,0xFF,0xC0,0xB4,0x00,0x00,0x00,0x00,
    0x00,0x00,0x00,0x00,0x00,0x00,0x00,0x00,0xE0,0x6A,0x80,0xFF,0x00,0xFF,0x20,0xFF,0x00,0xFF,0x00,0xFF,0x00,0xFF,0x00,0xFF,
    0x20,0xFF,0x20,0xFF,0x20,0xFF,0x00,0xFF,0x20,0xFF,0x20,0xFF,0x20,0xFF,0x20,0xFF,0x20,0xFF,0x20,0xFF,0x20,0xFF,0x20,0xFF,
    0x20,0xFF,0x20,0xFF,0x20,0xFF,0x20,0xFF,0x20,0xFF,0x20,0xFF,0x20,0xFF,0x20,0xFF,0x20,0xFF,0x20,0xFF,0x20,0xFF,0x20,0xFF,
    0x20,0xFF,0x20,0xFF,0x20,0xFF,0x20,0xFF,0x20,0xFF,0x00,0xFF,0x00,0xFF,0x00,0xFF,0x00,0xFF,0x00,0xFF,0x00,0xFF,0x20,0xFF,
    0x20,0xFF,0x00,0xFF,0x20,0xFF,0x00,0xFF,0x00,0xFF,0x00,0xFF,0x20,0xFF,0x00,0xFF,0x00,0xFF,0x00,0xFF,0x20,0xFF,0x20,0xFF,
    0x20,0xFF,0x20,0xFF,0x00,0xFF,0x00,0xFF,0x20,0xFF,0x20,0xFF,0x20,0xFF,0x20,0xFF,0x20,0xFF,0x20,0xFF,0x20,0xFF,0x20,0xFF,
    0x20,0xFF,0x20,0xFF,0x20,0xFF,0x20,0xFF,0x00,0xFF,0x20,0xFF,0x20,0xFF,0x20,0xFF,0x00,0xFF,0x00,0xFF,0x60,0xFF,0xA0,0xD5,
    0x20,0x00,0x00,0x00,0x00,0x00,0x00,0x00,0x00,0x00,0x00,0x00,0x60,0x5A,0x00,0xFF,0x80,0xFE,0xA0,0xFE,0xA0,0xFE,0xA0,0xFE,
    0xA0,0xFE,0xA0,0xFE,0xA0,0xFE,0xA0,0xFE,0xA0,0xFE,0xA0,0xFE,0xA0,0xFE,0xA0,0xFE,0xA0,0xFE,0xA0,0xFE,0xA0,0xFE,0xA0,0xFE,
    0xA0,0xFE,0xA0,0xFE,0xA0,0xFE,0xA0,0xFE,0xA0,0xFE,0xA0,0xFE,0xA0,0xFE,0xA0,0xFE,0xA0,0xFE,0xA0,0xFE,0xA0,0xFE,0xA0,0xFE,
    0x80,0xFE,0x20,0xFF,0xE0,0x93,0x00,0x00,0x20,0x00,0x00,0x00,0x00,0x21,0xA0,0xFE,0xA0,0xFE,0xA0,0xFE,0xA0,0xFE,0xA1,0xFE,
    0xDC,0xFF,0xFF,0xFF,0x00,0x00,0x00,0x00,0x00,0x00,0x00,0x00,0x00,0x00,0x00,0x00,0x00,0x00,0x00,0x00,0x00,0x00,0x00,0x00,
    0x00,0x00,0x00,0x00,0x00,0x00,0x00,0x00,0x00,0x00,0x00,0x00,0x00,0x00,0x00,0x00,0x00,0x00,0x00,0x00,0x00,0x00,0x00,0x00,
    0x09,0xFF,0xA0,0xFE,0xA0,0xFE,0x80,0xFE,0x20,0xFF,0x80,0x83,0x00,0x00,0x20,0x00,0x00,0x00,0x80,0x31,0xC0,0xFE,0xA0,0xFE,
    0xA0,0xFE,0xA0,0xFE,0xA0,0xFE,0xA0,0xFE,0xA0,0xFE,0xA0,0xFE,0xA0,0xFE,0xA0,0xFE,0xA0,0xFE,0xA0,0xFE,0xA0,0xFE,0xA0,0xFE,
    0xA0,0xFE,0xA0,0xFE,0xA0,0xFE,0xA0,0xFE,0xA0,0xFE,0xA0,0xFE,0xA0,0xFE,0x80,0xFE,0xE0,0xFE,0xC0,0xFE,0xA0,0xFE,0xA0,0xFE,
    0xA0,0xFE,0xA0,0xFE,0xA0,0xFE,0x80,0xFE,0xE0,0xFE,0xC0,0x41,0x00,0x00,0x00,0x00,0x00,0x00,0x00,0x00,0x00,0x00,0x00,0x00,
    0xE0,0x41,0xC0,0x62,0x80,0x5A,0x80,0x5A,0x80,0x5A,0x80,0x5A,0x80,0x5A,0x80,0x5A,0x80,0x5A,0x80,0x5A,0x80,0x5A,0x80,0x5A,
    0x80,0x5A,0x80,0x5A,0x80,0x5A,0x80,0x5A,0x80,0x5A,0x80,0x5A,0x80,0x5A,0x80,0x5A,0x80,0x5A,0x80,0x5A,0x80,0x5A,0x80,0x5A,
    0x80,0x5A,0x80,0x5A,0x80,0x5A,0x80,0x5A,0x80,0x5A,0x80,0x5A,0x80,0x5A,0x80,0x5A,0x80,0x5A,0x80,0x5A,0x80,0x5A,0x80,0x5A,
    0x80,0x5A,0x80,0x5A,0x80,0x5A,0x80,0x5A,0x80,0x5A,0x80,0x5A,0x80,0x5A,0x80,0x5A,0x80,0x5A,0x80,0x5A,0x80,0x5A,0x80,0x5A,
    0x80,0x5A,0x80,0x5A,0x80,0x5A,0x80,0x5A,0x80,0x5A,0x80,0x5A,0x80,0x5A,0x80,0x5A,0x80,0x5A,0x80,0x5A,0x80,0x5A,0x80,0x5A,
    0x80,0x5A,0x80,0x5A,0x80,0x5A,0x80,0x5A,0x80,0x5A,0x80,0x5A,0x80,0x5A,0x80,0x5A,0x80,0x5A,0x80,0x5A,0xA0,0x5A,0x80,0x5A,
    0x80,0x5A,0x80,0x5A,0x80,0x5A,0x80,0x5A,0x80,0x5A,0x80,0x5A,0x80,0x62,0xA0,0x62,0x40,0x08,0x00,0x00,0x00,0x00,0x00,0x00,
    0x00,0x00,0x00,0x00,0x20,0x00,0xC0,0xDD,0xE0,0xFE,0x80,0xFE,0xA0,0xFE,0xA0,0xFE,0xA0,0xFE,0xA0,0xFE,0xA0,0xFE,0xA0,0xFE,
    0xA0,0xFE,0xA0,0xFE,0xA0,0xFE,0xA0,0xFE,0xA0,0xFE,0xA0,0xFE,0xA0,0xFE,0xA0,0xFE,0xA0,0xFE,0xA0,0xFE,0xA0,0xFE,0xA0,0xFE,
    0xA0,0xFE,0xA0,0xFE,0xA0,0xFE,0xA0,0xFE,0xA0,0xFE,0xA0,0xFE,0xA0,0xFE,0xA0,0xFE,0x80,0xFE,0xE0,0xFE,0xA0,0x39,0x00,0x00,
    0x20,0x00,0x00,0x00,0xE0,0x6A,0x20,0xFF,0x80,0xFE,0xA0,0xFE,0x80,0xFE,0xE7,0xFE,0xFF,0xFF,0x00,0x00,0x00,0x00,0x00,0x00,
    0x00,0x00,0x00,0x00,0x00,0x00,0x00,0x00,0x00,0x00,0x00,0x00,0x00,0x00,0x00,0x00,0x00,0x00,0x00,0x00,0x00,0x00,0x00,0x00,
    0x00,0x00,0x00,0x00,0x00,0x00,0x00,0x00,0x00,0x00,0x00,0x00,0x00,0x00,0x00,0x00,0x72,0xFF,0xA0,0xFE,0xA0,0xFE,0xA0,0xFE,
    0xE0,0xFE,0x80,0xD5,0x00,0x00,0x00,0x00,0x00,0x00,0x20,0x00,0xA0,0xD5,0xE0,0xFE,0xA0,0xFE,0xA0,0xFE,0xA0,0xFE,0xA0,0xFE,
    0xA0,0xFE,0xA0,0xFE,0xA0,0xFE,0xA0,0xFE,0xA0,0xFE,0xA0,0xFE,0xA0,0xFE,0xA0,0xFE,0xA0,0xFE,0xA0,0xFE,0xA0,0xFE,0xA0,0xFE,
    0xA0,0xFE,0x80,0xFE,0xA0,0xFE,0x20,0xFF,0xC0,0xB4,0xE0,0x41,0x80,0xF6,0xA0,0xFE,0xA0,0xFE,0xA0,0xFE,0xA0,0xFE,0xA0,0xFE,
    0x60,0xF6,0xA0,0x18,0x00,0x00,0x00,0x00,0x00,0x00,0x00,0x00,0x00,0x00,0x00,0x00,0x00,0x00,0x00,0x00,0x00,0x00,0x00,0x00,
    0x00,0x00,0x00,0x00,0x00,0x00,0x00,0x00,0x00,0x00,0x00,0x00,0x00,0x00,0x00,0x00,0x00,0x00,0x00,0x00,0x00,0x00,0x00,0x00,
    0x00,0x00,0x00,0x00,0x00,0x00,0x00,0x00,0x00,0x00,0x00,0x00,0x00,0x00,0x00,0x00,0x00,0x00,0x00,0x00,0x00,0x00,0x00,0x00,
    0x00,0x00,0x00,0x00,0x00,0x00,0x00,0x00,0x00,0x00,0x00,0x00,0x00,0x00,0x00,0x00,0x00,0x00,0x00,0x00,0x00,0x00,0x00,0x00,
    0x00,0x00,0x00,0x00,0x00,0x00,0x00,0x00,0x00,0x00,0x00,0x00,0x00,0x00,0x00,0x00,0x00,0x00,0x00,0x00,0x00,0x00,0x00,0x00,
    0x00,0x00,0x00,0x00,0x00,0x00,0x00,0x00,0x00,0x00,0x00,0x00,0x00,0x00,0x00,0x00,0x00,0x00,0x00,0x00,0x00,0x00,0x00,0x00,
    0x00,0x00,0x00,0x00,0x00,0x00,0x00,0x00,0x00,0x00,0x00,0x00,0x00,0x00,0x00,0x00,0x00,0x00,0x00,0x00,0x00,0x00,0x00,0x00,
    0x00,0x00,0x00,0x00,0x00,0x00,0x00,0x00,0x00,0x00,0x00,0x00,0x00,0x00,0x00,0x00,0x00,0x00,0x00,0x00,0x00,0x00,0x60,0xA4,
    0x00,0xFF,0x80,0xFE,0xA0,0xFE,0xA0,0xFE,0xA0,0xFE,0xA0,0xFE,0xA0,0xFE,0xA0,0xFE,0xA0,0xFE,0xA0,0xFE,0xA0,0xFE,0xA0,0xFE,
    0xA0,0xFE,0xA0,0xFE,0xA0,0xFE,0xA0,0xFE,0xA0,0xFE,0xA0,0xFE,0xA0,0xFE,0xA0,0xFE,0xA0,0xFE,0xA0,0xFE,0xA0,0xFE,0xA0,0xFE,
    0xA0,0xFE,0xA0,0xFE,0xA0,0xFE,0xA0,0xFE,0xE0,0xFE,0xA0,0xD5,0x20,0x00,0x00,0x00,0x00,0x00,0x00,0x00,0x00,0xBD,0x00,0xFF,
    0x80,0xFE,0xA0,0xFE,0x80,0xFE,0x51,0xFF,0xFF,0xFF,0x00,0x00,0x00,0x00,0x00,0x00,0x00,0x00,0x00,0x00,0x00,0x00,0x00,0x00,
    0x00,0x00,0x00,0x00,0x00,0x00,0x00,0x00,0x00,0x00,0x00,0x00,0x00,0x00,0x00,0x00,0x00,0x00,0x00,0x00,0x00,0x00,0x00,0x00,
    0x00,0x00,0x00,0x00,0x00,0x00,0x00,0x00,0xDB,0xFF,0xA0,0xFE,0xA0,0xFE,0xA0,0xFE,0xA0,0xFE,0xE0,0xFE,0x80,0x31,0x00,0x00,
    0x20,0x00,0x00,0x00,0x40,0x7B,0x20,0xFF,0x80,0xFE,0xA0,0xFE,0xA0,0xFE,0xA0,0xFE,0xA0,0xFE,0xA0,0xFE,0xA0,0xFE,0xA0,0xFE,
    0xA0,0xFE,0xA0,0xFE,0xA0,0xFE,0xA0,0xFE,0xA0,0xFE,0xA0,0xFE,0xA0,0xFE,0xA0,0xFE,0x80,0xFE,0xE0,0xFE,0xA0,0xF6,0x00,0x6B,
    0x00,0x00,0x00,0x00,0x20,0x73,0x20,0xFF,0x80,0xFE,0xA0,0xFE,0xA0,0xFE,0xA0,0xFE,0x80,0xF6,0xE0,0x20,0x00,0x00,0x00,0x00,
    0x00,0x00,0x00,0x00,0x00,0x00,0x00,0x00,0x00,0x00,0x20,0x00,0x00,0x00,0x00,0x00,0x00,0x00,0x00,0x00,0x00,0x00,0x00,0x00,
    0x00,0x00,0x00,0x00,0x00,0x00,0x00,0x00,0x00,0x00,0x00,0x00,0x00,0x00,0x00,0x00,0x00,0x00,0x00,0x00,0x00,0x00,0x00,0x00,
    0x00,0x00,0x00,0x00,0x00,0x00,0x00,0x00,0x00,0x00,0x00,0x00,0x00,0x00,0x00,0x00,0x00,0x00,0x00,0x00,0x00,0x00,0x00,0x00,
    0x00,0x00,0x00,0x00,0x00,0x00,0x00,0x00,0x00,0x00,0x00,0x00,0x00,0x00,0x00,0x00,0x00,0x00,0x00,0x00,0x00,0x00,0x00,0x00,
    0x00,0x00,0x00,0x00,0x00,0x00,0x00,0x00,0x00,0x00,0x00,0x00,0x00,0x00,0x00,0x00,0x00,0x00,0x00,0x00,0x00,0x00,0x00,0x00,
    0x00,0x00,0x00,0x00,0x00,0x00,0x00,0x00,0x00,0x00,0x00,0x00,0x00,0x00,0x00,0x00,0x00,0x00,0x00,0x00,0x00,0x00,0x00,0x00,
    0x00,0x00,0x00,0x00,0x00,0x00,0x00,0x00,0x00,0x00,0x00,0x00,0x00,0x00,0x00,0x00,0x00,0x00,0x00,0x00,0x00,0x00,0x00,0x00,
    0x00,0x00,0x00,0x00,0x00,0x00,0x00,0x00,0x00,0x00,0x00,0x00,0x00,0x00,0x80,0xAC,0x00,0xFF,0x80,0xFE,0xA0,0xFE,0xA0,0xFE,
    0xA0,0xFE,0xA0,0xFE,0xA0,0xFE,0xA0,0xFE,0xA0,0xFE,0xA0,0xFE,0xA0,0xFE,0xA0,0xFE,0xA0,0xFE,0xA0,0xFE,0xA0,0xFE,0xA0,0xFE,
    0xA0,0xFE,0xA0,0xFE,0xA0,0xFE,0xA0,0xFE,0xA0,0xFE,0xA0,0xFE,0xA0,0xFE,0xA0,0xFE,0xA0,0xFE,0xA0,0xFE,0xA0,0xFE,0x80,0xFE,
    0x20,0xFF,0x80,0x83,0x00,0x00,0x20,0x00,0x00,0x00,0xE0,0x18,0x80,0xF6,0xA0,0xFE,0xA0,0xFE,0xA0,0xFE,0xA0,0xFE,0xBA,0xFF,
    0xFF,0xFF,0x00,0x00,0x00,0x00,0x00,0x00,0x00,0x00,0x00,0x00,0x00,0x00,0x00,0x00,0x00,0x00,0x00,0x00,0x00,0x00,0x00,0x00,
    0x00,0x00,0x00,0x00,0x00,0x00,0x00,0x00,0x00,0x00,0x00,0x00,0x00,0x00,0x00,0x00,0x00,0x00,0x00,0x00,0x00,0x00,0x00,0x00,
    0x00,0x00,0x08,0xFF,0xA0,0xFE,0xA0,0xFE,0x80,0xFE,0x20,0xFF,0xC0,0x8B,0x00,0x00,0x20,0x00,0x00,0x00,0xE0,0x20,0xA0,0xFE,
    0xA0,0xFE,0xA0,0xFE,0xA0,0xFE,0xA0,0xFE,0xA0,0xFE,0xA0,0xFE,0xA0,0xFE,0xA0,0xFE,0xA0,0xFE,0xA0,0xFE,0xA0,0xFE,0xA0,0xFE,
    0xA0,0xFE,0xA0,0xFE,0x80,0xFE,0xA0,0xFE,0x20,0xFF,0x40,0xC5,0x20,0x29,0x00,0x00,0x00,0x00,0x20,0x00,0x00,0x00,0x00,0xBD,
    0x20,0xFF,0x80,0xFE,0xA0,0xFE,0x80,0xFE,0x00,0xFF,0x80,0x62,0x00,0x00,0x20,0x00,0x00,0x00,0x00,0x00,0x00,0x00,0x00,0x00,
    0x00,0x00,0x00,0x00,0x00,0x00,0x00,0x00,0x00,0x00,0x00,0x00,0x00,0x00,0x00,0x00,0x00,0x00,0x00,0x00,0x00,0x00,0x00,0x00,
    0x00,0x00,0x00,0x00,0x00,0x00,0x00,0x00,0x00,0x00,0x00,0x00,0x00,0x00,0x00,0x00,0x00,0x00,0x00,0x00,0x00,0x00,0x00,0x00,
    0x00,0x00,0x00,0x00,0x00,0x00,0x00,0x00,0x00,0x00,0x00,0x00,0x00,0x00,0x00,0x00,0x00,0x00,0x00,0x00,0x00,0x00,0x00,0x00,
    0x00,0x00,0x00,0x00,0x00,0x00,0x00,0x00,0x00,0x00,0x00,0x00,0x00,0x00,0x00,0x00,0x00,0x00,0x00,0x00,0x00,0x00,0x00,0x00,
    0x00,0x00,0x00,0x00,0x00,0x00,0x00,0x00,0x00,0x00,0x00,0x00,0x00,0x00,0x00,0x00,0x00,0x00,0x00,0x00,0x00,0x00,0x00,0x00,
    0x00,0x00,0x00,0x00,0x00,0x00,0x00,0x00,0x00,0x00,0x00,0x00,0x00,0x00,0x00,0x00,0x00,0x00,0x00,0x00,0x00,0x00,0x00,0x00,
    0x00,0x00,0x00,0x00,0x00,0x00,0x00,0x00,0x00,0x00,0x00,0x00,0x00,0x00,0x00,0x00,0x00,0x00,0x00,0x00,0x00,0x00,0x00,0x00,
    0x00,0x00,0x00,0x00,0x40,0x08,0x20,0xE6,0xC0,0xFE,0xA0,0xFE,0xA0,0xFE,0x80,0xFE,0xA0,0xFE,0xA0,0xFE,0xA0,0xFE,0xA0,0xFE,
    0xA0,0xFE,0xA0,0xFE,0xA0,0xFE,0xA0,0xFE,0xA0,0xFE,0xA0,0xFE,0xA0,0xFE,0xA0,0xFE,0xA0,0xFE,0xA0,0xFE,0xA0,0xFE,0xA0,0xFE,
    0xA0,0xFE,0xA0,0xFE,0xA0,0xFE,0xA0,0xFE,0xA0,0xFE,0xA0,0xFE,0xA0,0xFE,0xA0,0xFE,0xA0,0xFE,0x20,0x29,0x00,0x00,0x20,0x00,
    0x00,0x00,0xE0,0x6A,0x20,0xFF,0x80,0xFE,0xA0,0xFE,0xA0,0xFE,0xE6,0xFE,0xFF,0xFF,0x00,0x00,0x00,0x00,0x00,0x00,0x00,0x00,
    0x00,0x00,0x00,0x00,0x00,0x00,0x00,0x00,0x00,0x00,0x00,0x00,0x00,0x00,0x00,0x00,0x00,0x00,0x00,0x00,0x00,0x00,0x00,0x00,
    0x00,0x00,0x00,0x00,0x00,0x00,0x00,0x00,0x00,0x00,0x00,0x00,0x00,0x00,0x00,0x00,0x00,0x00,0x72,0xFF,0x80,0xFE,0xA0,0xFE,
    0xA0,0xFE,0xC0,0xFE,0xE0,0xE5,0x40,0x08,0x00,0x00,0x00,0x00,0x00,0x00,0xC0,0xB4,0x00,0xFF,0x80,0xFE,0xA0,0xFE,0xA0,0xFE,
    0xA0,0xFE,0xA0,0xFE,0xA0,0xFE,0xA0,0xFE,0xA0,0xFE,0xA0,0xFE,0xA0,0xFE,0xA0,0xFE,0xA0,0xFE,0x80,0xFE,0xE0,0xFE,0xC0,0xFE,
    0x60,0x7B,0x00,0x00,0x00,0x00,0x00,0x00,0x00,0x00,0x00,0x00,0x00,0x00,0xA0,0x10,0xE0,0xDD,0xC0,0xFE,0x80,0xFE,0x80,0xFE,
    0xC0,0xFE,0xE0,0xDD,0x60,0x10,0x00,0x00,0x00,0x00,0x00,0x00,0x00,0x00,0x20,0x00,0x00,0x00,0x00,0x00,0x00,0x00,0x00,0x00,
    0x00,0x00,0x00,0x00,0x00,0x00,0x00,0x00,0x00,0x00,0x20,0x00,0x20,0x00,0x20,0x00,0x20,0x00,0x00,0x00,0x00,0x00,0x00,0x00,
    0x20,0x00,0x00,0x00,0x00,0x00,0x00,0x00,0x00,0x00,0x00,0x00,0x00,0x00,0x00,0x00,0x00,0x00,0x00,0x00,0x00,0x00,0x00,0x00,
    0x00,0x00,0x20,0x00,0x00,0x00,0x20,0x00,0x00,0x00,0x00,0x00,0x20,0x00,0x00,0x00,0x20,0x00,0x00,0x00,0x00,0x00,0x00,0x00,
    0x00,0x00,0x00,0x00,0x00,0x00,0x00,0x00,0x00,0x00,0x00,0x00,0x00,0x00,0x00,0x00,0x00,0x00,0x00,0x00,0x00,0x00,0x20,0x00,
    0x00,0x00,0x00,0x00,0x20,0x00,0x00,0x00,0x00,0x00,0x00,0x00,0x00,0x00,0x00,0x00,0x00,0x00,0x00,0x00,0x20,0x00,0x20,0x00,
    0x00,0x00,0x00,0x00,0x00,0x00,0x00,0x00,0x00,0x00,0x00,0x00,0x00,0x00,0x00,0x00,0x00,0x00,0x20,0x00,0x00,0x00,0x00,0x00,
    0x00,0x00,0x00,0x00,0x00,0x00,0x00,0x00,0x00,0x00,0x00,0x00,0x00,0x00,0x00,0x00,0x00,0x00,0x00,0x00,0xC0,0x8B,0x00,0xFF,
    0x80,0xFE,0x80,0xFE,0xC0,0xFE,0x00,0xFF,0xA0,0xFE,0xA0,0xFE,0xA0,0xFE,0xA0,0xFE,0xA0,0xFE,0xA0,0xFE,0xA0,0xFE,0xA0,0xFE,
    0xA0,0xFE,0xA0,0xFE,0xA0,0xFE,0xA0,0xFE,0xA0,0xFE,0xA0,0xFE,0xA0,0xFE,0xA0,0xFE,0xA0,0xFE,0xA0,0xFE,0xA0,0xFE,0xA0,0xFE,
    0xA0,0xFE,0xA0,0xFE,0x80,0xFE,0x00,0xFF,0xE0,0xBC,0x00,0x00,0x00,0x00,0x00,0x00,0x00,0x00,0x40,0xC5,0xE0,0xFE,0x80,0xFE,
    0xA0,0xFE,0x80,0xFE,0x50,0xFF,0xFF,0xFF,0x00,0x00,0x00,0x00,0x00,0x00,0x00,0x00,0x00,0x00,0x00,0x00,0x00,0x00,0x00,0x00,
    0x00,0x00,0x00,0x00,0x00,0x00,0x00,0x00,0x00,0x00,0x00,0x00,0x00,0x00,0x00,0x00,0x00,0x00,0x00,0x00,0x00,0x00,0x00,0x00,
    0x00,0x00,0x00,0x00,0x00,0x00,0x00,0x00,0x00,0x00,0xDC,0xFF,0xA1,0xFE,0xA0,0xFE,0xA0,0xFE,0x80,0xFE,0x00,0xFF,0x20,0x52,
    0x00,0x00,0x20,0x00,0x00,0x00,0x20,0x4A,0x00,0xFF,0x80,0xFE,0xA0,0xFE,0xA0,0xFE,0xA0,0xFE,0xA0,0xFE,0xA0,0xFE,0xA0,0xFE,
    0xA0,0xFE,0xA0,0xFE,0xA0,0xFE,0x80,0xFE,0x80,0xFE,0x20,0xFF,0xA0,0xD5,0x80,0x39,0x00,0x00,0x00,0x00,0x00,0x00,0x00,0x00,
    0x00,0x00,0x00,0x00,0x00,0x00,0x40,0x08,0xA0,0xD5,0xC0,0xFE,0x80,0xFE,0xA0,0xFE,0x80,0xFE,0xE0,0xFE,0x80,0xCD,0x40,0x29,
    0x00,0x00,0x00,0x00,0x00,0x00,0x00,0x00,0x00,0x00,0x00,0x00,0x00,0x00,0x00,0x00,0x00,0x00,0x00,0x00,0x00,0x00,0x00,0x00,
    0x00,0x00,0x00,0x00,0x00,0x00,0x00,0x00,0x00,0x00,0x00,0x00,0x00,0x00,0x00,0x00,0x00,0x00,0x00,0x00,0x00,0x00,0x00,0x00,
    0x00,0x00,0x00,0x00,0x00,0x00,0x00,0x00,0x00,0x00,0x00,0x00,0x00,0x00,0x00,0x00,0x00,0x00,0x00,0x00,0x00,0x00,0x00,0x00,
    0x00,0x00,0x00,0x00,0x00,0x00,0x00,0x00,0x00,0x00,0x00,0x00,0x00,0x00,0x00,0x00,0x00,0x00,0x00,0x00,0x00,0x00,0x00,0x00,
    0x00,0x00,0x00,0x00,0x00,0x00,0x00,0x00,0x00,0x00,0x00,0x00,0x00,0x00,0x00,0x00,0x00,0x00,0x00,0x00,0x00,0x00,0x00,0x00,
    0x00,0x00,0x00,0x00,0x00,0x00,0x00,0x00,0x00,0x00,0x00,0x00,0x00,0x00,0x00,0x00,0x00,0x00,0x00,0x00,0x00,0x00,0x00,0x00,
    0x00,0x00,0x00,0x00,0x00,0x00,0x00,0x00,0x00,0x00,0x00,0x00,0x00,0x00,0x00,0x00,0x00,0x00,0x00,0x00,0x00,0x00,0x00,0x00,
    0x00,0x00,0x00,0x00,0x00,0x00,0x00,0x00,0x40,0x08,0xA0,0x83,0xE0,0xFE,0xA0,0xFE,0x80,0xFE,0xE0,0xFE,0xC0,0xDD,0xA0,0x8B,
    0xE0,0xFE,0xC0,0xFE,0xA0,0xFE,0xA0,0xFE,0xA0,0xFE,0xA0,0xFE,0xA0,0xFE,0xA0,0xFE,0xA0,0xFE,0xA0,0xFE,0xA0,0xFE,0xA0,0xFE,
    0xA0,0xFE,0xA0,0xFE,0xA0,0xFE,0xA0,0xFE,0xA0,0xFE,0xA0,0xFE,0xA0,0xFE,0xA0,0xFE,0xA0,0xFE,0xA0,0xFE,0x80,0xFE,0x00,0xFF,
    0x20,0x52,0x00,0x00,0x20,0x00,0x00,0x00,0x60,0x31,0xC0,0xFE,0xA0,0xFE,0xA0,0xFE,0xA0,0xFE,0xA0,0xFE,0xBA,0xFF,0xFF,0xFF,
    0x00,0x00,0x00,0x00,0x00,0x00,0x00,0x00,0x00,0x00,0x00,0x00,0x00,0x00,0x00,0x00,0x00,0x00,0x00,0x00,0x00,0x00,0x00,0x00,
    0x00,0x00,0x00,0x00,0x00,0x00,0x00,0x00,0x00,0x00,0x00,0x00,0x00,0x00,0x00,0x00,0x00,0x00,0x00,0x00,0x00,0x00,0x00,0x00,
    0x00,0x00,0x00,0x00,0x09,0xFF,0x80,0xFE,0xA0,0xFE,0x80,0xFE,0x00,0xFF,0xC0,0xB4,0x00,0x00,0x00,0x00,0x00,0x00,0x20,0x00,
    0xC0,0xDD,0xE0,0xFE,0xA0,0xFE,0xA0,0xFE,0xA0,0xFE,0xA0,0xFE,0xA0,0xFE,0xA0,0xFE,0xA0,0xFE,0xA0,0xFE,0x80,0xFE,0xC0,0xFE,
    0xE0,0xFE,0xE0,0x93,0x40,0x08,0x00,0x00,0x20,0x00,0x00,0x00,0x00,0x00,0x00,0x00,0x00,0x00,0x00,0x00,0x00,0x00,0x80,0x83,
    0x20,0xFF,0x80,0xFE,0x80,0xFE,0xA0,0xFE,0xA0,0xFE,0x80,0xFE,0xE0,0xFE,0xA0,0xFE,0xC0,0xB4,0xA0,0x8B,0x80,0x83,0x80,0x83,
    0x80,0x83,0x80,0x83,0x80,0x83,0x80,0x83,0x80,0x83,0x60,0x83,0x80,0x83,0x80,0x83,0x80,0x83,0x80,0x83,0x80,0x83,0x80,0x83,
    0x80,0x83,0x80,0x83,0x80,0x83,0x80,0x83,0x80,0x83,0x80,0x83,0x80,0x83,0x80,0x83,0x80,0x83,0x80,0x83,0x80,0x83,0x80,0x83,
    0x80,0x83,0x80,0x83,0x80,0x83,0x80,0x83,0x80,0x83,0x60,0x83,0x80,0x83,0x80,0x83,0x80,0x83,0x80,0x83,0x80,0x83,0x80,0x83,
    0x60,0x83,0x80,0x83,0x80,0x83,0x60,0x83,0x80,0x83,0x80,0x83,0x80,0x83,0x80,0x83,0x80,0x83,0x80,0x83,0x60,0x83,0x60,0x83,
    0x80,0x83,0x80,0x83,0x60,0x83,0x80,0x83,0x80,0x83,0x80,0x83,0x80,0x83,0x80,0x83,0x80,0x83,0x80,0x83,0x80,0x83,0x80,0x83,
    0x80,0x83,0x80,0x83,0x80,0x83,0x80,0x83,0x80,0x83,0x80,0x83,0x80,0x83,0x80,0x83,0x80,0x83,0x80,0x83,0x80,0x83,0x80,0x83,
    0x80,0x83,0x80,0x83,0x80,0x83,0x80,0x83,0x80,0x83,0x80,0x83,0x80,0x83,0x80,0x83,0x80,0x83,0x80,0x83,0xA0,0x83,0x40,0x9C,
    0xE0,0xDD,0x00,0xFF,0xA0,0xFE,0xA0,0xFE,0xA0,0xFE,0xC0,0xF6,0x80,0x39,0x00,0x00,0x60,0x5A,0xA0,0xF6,0xC0,0xFE,0xA0,0xFE,
    0xA0,0xFE,0xA0,0xFE,0xA0,0xFE,0xA0,0xFE,0xA0,0xFE,0xA0,0xFE,0xA0,0xFE,0xA0,0xFE,0xA0,0xFE,0xA0,0xFE,0xA0,0xFE,0xA0,0xFE,
    0xA0,0xFE,0xA0,0xFE,0xA0,0xFE,0xA0,0xFE,0xA0,0xFE,0xA0,0xFE,0xE0,0xFE,0xC0,0xDD,0x20,0x00,0x00,0x00,0x00,0x00,0x00,0x00,
    0x00,0x94,0x20,0xFF,0x80,0xFE,0xA0,0xFE,0xA0,0xFE,0x08,0xFF,0xFF,0xFF,0x00,0x00,0x00,0x00,0x00,0x00,0x00,0x00,0x00,0x00,
    0x00,0x00,0x00,0x00,0x00,0x00,0x00,0x00,0x00,0x00,0x00,0x00,0x00,0x00,0x00,0x00,0x00,0x00,0x00,0x00,0x00,0x00,0x00,0x00,
    0x00,0x00,0x00,0x00,0x00,0x00,0x00,0x00,0x00,0x00,0x00,0x00,0x00,0x00,0x00,0x00,0x00,0x00,0x00,0x00,0x95,0xFF,0x80,0xFE,
    0xA0,0xFE,0xA0,0xFE,0xA0,0xFE,0xA0,0xFE,0x00,0x21,0x00,0x00,0x20,0x00,0x00,0x00,0x00,0x6B,0x20,0xFF,0x80,0xFE,0xA0,0xFE,
    0xA0,0xFE,0xA0,0xFE,0xA0,0xFE,0xA0,0xFE,0xA0,0xFE,0x80,0xFE,0x20,0xFF,0x00,0xDE,0x00,0x4A,0x00,0x00,0x00,0x00,0x20,0x00,
    0x00,0x00,0x00,0x00,0x00,0x00,0x00,0x00,0x00,0x00,0x00,0x00,0x20,0x29,0xA0,0xF6,0x80,0xFE,0xC0,0xFE,0x00,0xFF,0x80,0xFE,
    0xA0,0xFE,0xA0,0xFE,0x80,0xFE,0xA0,0xFE,0x00,0xFF,0x20,0xFF,0x20,0xFF,0x20,0xFF,0x20,0xFF,0x20,0xFF,0x20,0xFF,0x20,0xFF,
    0x20,0xFF,0x20,0xFF,0x20,0xFF,0x20,0xFF,0x20,0xFF,0x20,0xFF,0x20,0xFF,0x20,0xFF,0x20,0xFF,0x20,0xFF,0x20,0xFF,0x20,0xFF,
    0x20,0xFF,0x20,0xFF,0x20,0xFF,0x20,0xFF,0x20,0xFF,0x20,0xFF,0x20,0xFF,0x20,0xFF,0x20,0xFF,0x20,0xFF,0x20,0xFF,0x20,0xFF,
    0x20,0xFF,0x20,0xFF,0x20,0xFF,0x20,0xFF,0x20,0xFF,0x20,0xFF,0x20,0xFF,0x20,0xFF,0x20,0xFF,0x20,0xFF,0x20,0xFF,0x20,0xFF,
    0x20,0xFF,0x20,0xFF,0x20,0xFF,0x20,0xFF,0x20,0xFF,0x20,0xFF,0x20,0xFF,0x20,0xFF,0x20,0xFF,0x20,0xFF,0x20,0xFF,0x20,0xFF,
    0x20,0xFF,0x20,0xFF,0x20,0xFF,0x20,0xFF,0x20,0xFF,0x20,0xFF,0x20,0xFF,0x20,0xFF,0x20,0xFF,0x20,0xFF,0x20,0xFF,0x20,0xFF,
    0x20,0xFF,0x20,0xFF,0x20,0xFF,0x20,0xFF,0x20,0xFF,0x20,0xFF,0x20,0xFF,0x20,0xFF,0x20,0xFF,0x20,0xFF,0x20,0xFF,0x20,0xFF,
    0x20,0xFF,0x20,0xFF,0x20,0xFF,0x20,0xFF,0x20,0xFF,0x20,0xFF,0x20,0xFF,0x20,0xFF,0xC0,0xFE,0x80,0xFE,0xA0,0xFE,0x80,0xFE,
    0x00,0xFF,0x60,0x5A,0x00,0x00,0x20,0x08,0x00,0x00,0x60,0x31,0xA0,0xF6,0xA0,0xFE,0xA0,0xFE,0xA0,0xFE,0xA0,0xFE,0xA0,0xFE,
    0xA0,0xFE,0xA0,0xFE,0xA0,0xFE,0xA0,0xFE,0xA0,0xFE,0x80,0xFE,0x80,0xFE,0xA0,0xFE,0xA0,0xFE,0xA0,0xFE,0xA0,0xFE,0xA0,0xFE,
    0xA0,0xFE,0x80,0xFE,0x20,0xFF,0x00,0x73,0x00,0x00,0x20,0x00,0x00,0x00,0x80,0x10,0x40,0xEE,0xC0,0xFE,0xA0,0xFE,0xA0,0xFE,
    0x80,0xFE,0x73,0xFF,0xFF,0xFF,0x00,0x00,0x00,0x00,0x00,0x00,0x00,0x00,0x00,0x00,0x00,0x00,0x00,0x00,0x00,0x00,0x00,0x00,
    0x00,0x00,0x00,0x00,0x00,0x00,0x00,0x00,0x00,0x00,0x00,0x00,0x00,0x00,0x00,0x00,0x00,0x00,0x00,0x00,0x00,0x00,0x00,0x00,
    0x00,0x00,0x00,0x00,0x00,0x00,0x00,0x00,0x00,0x00,0x00,0x00,0x00,0x00,0xC3,0xFE,0xA0,0xFE,0xA0,0xFE,0x80,0xFE,0x20,0xFF,
    0xC0,0x8B,0x00,0x00,0x20,0x00,0x00,0x00,0x60,0x10,0x20,0xEE,0xC0,0xFE,0xA0,0xFE,0xA0,0xFE,0xA0,0xFE,0xA0,0xFE,0x80,0xFE,
    0xC0,0xFE,0x00,0xFF,0x40,0x9C,0x80,0x10,0x00,0x00,0x00,0x00,0x20,0x00,0x00,0x00,0x00,0x00,0xA0,0x39,0x20,0x00,0x00,0x00,
    0x00,0x00,0x00,0x00,0x00,0xBD,0xE0,0xFE,0xE0,0xFE,0x20,0xEE,0x20,0x9C,0xE0,0xFE,0x80,0xFE,0xA0,0xFE,0xA0,0xFE,0xA0,0xFE,
    0x80,0xFE,0x80,0xFE,0x80,0xFE,0x80,0xFE,0x80,0xFE,0x80,0xFE,0x80,0xFE,0x80,0xFE,0x80,0xFE,0x80,0xFE,0x80,0xFE,0x80,0xFE,
    0x80,0xFE,0x80,0xFE,0x80,0xFE,0x80,0xFE,0x80,0xFE,0x80,0xFE,0x80,0xFE,0x80,0xFE,0x80,0xFE,0x80,0xFE,0x80,0xFE,0x80,0xFE,
    0x80,0xFE,0x80,0xFE,0x80,0xFE,0x80,0xFE,0x80,0xFE,0x80,0xFE,0x80,0xFE,0x80,0xFE,0x80,0xFE,0x80,0xFE,0x80,0xFE,0x80,0xFE,
    0x80,0xFE,0x80,0xFE,0x80,0xFE,0x80,0xFE,0x80,0xFE,0x80,0xFE,0x80,0xFE,0x80,0xFE,0x80,0xFE,0x80,0xFE,0x80,0xFE,0x80,0xFE,
    0x80,0xFE,0x80,0xFE,0x80,0xFE,0x80,0xFE,0x80,0xFE,0x80,0xFE,0x80,0xFE,0x80,0xFE,0x80,0xFE,0x80,0xFE,0x80,0xFE,0x80,0xFE,
    0x80,0xFE,0x80,0xFE,0x80,0xFE,0x80,0xFE,0x80,0xFE,0x80,0xFE,0x80,0xFE,0x80,0xFE,0x80,0xFE,0x80,0xFE,0x80,0xFE,0x80,0xFE,
    0x80,0xFE,0x80,0xFE,0x80,0xFE,0x80,0xFE,0x80,0xFE,0x80,0xFE,0x80,0xFE,0x80,0xFE,0x80,0xFE,0x80,0xFE,0x80,0xFE,0x80,0xFE,
    0x80,0xFE,0x80,0xFE,0x80,0xFE,0x80,0xFE,0xA0,0xFE,0xA0,0xFE,0x80,0xFE,0x20,0xFF,0x60,0x7B,0x00,0x00,0x20,0x00,0x20,0x00,
    0x00,0x00,0x00,0x73,0xE0,0xFE,0xA0,0xFE,0xA0,0xFE,0xA0,0xFE,0xA0,0xFE,0xA0,0xFE,0xA0,0xFE,0xA0,0xFE,0xA0,0xFE,0xA0,0xFE,
    0xA0,0xFE,0x00,0xFF,0x00,0xFF,0xA0,0xFE,0xA0,0xFE,0xA0,0xFE,0xA0,0xFE,0xA0,0xFE,0xA0,0xFE,0xC0,0xFE,0x40,0xEE,0x80,0x10,
    0x00,0x00,0x20,0x00,0x00,0x00,0xE0,0x6A,0x20,0xFF,0x80,0xFE,0xA0,0xFE,0xA0,0xFE,0xC2,0xFE,0xFD,0xFF,0x00,0x00,0x00,0x00,
    0x00,0x00,0x00,0x00,0x00,0x00,0x00,0x00,0x00,0x00,0x00,0x00,0x00,0x00,0x00,0x00,0x00,0x00,0x00,0x00,0x00,0x00,0x00,0x00,
    0x00,0x00,0x00,0x00,0x00,0x00,0x00,0x00,0x00,0x00,0x00,0x00,0x00,0x00,0x00,0x00,0x00,0x00,0x00,0x00,0x00,0x00,0x00,0x00,
    0x00,0x00,0x00,0x00,0x00,0x00,0x4F,0xFF,0x80,0xFE,0xA0,0xFE,0xA0,0xFE,0xC0,0xFE,0x20,0xE6,0x60,0x08,0x00,0x00,0x20,0x00,
    0x00,0x00,0x80,0x83,0x20,0xFF,0x80,0xFE,0xA0,0xFE,0xA0,0xFE,0xA0,0xFE,0x00,0xFF,0x40,0xE6,0x60,0x52,0x00,0x00,0x00,0x00,
    0x20,0x00,0x00,0x00,0x00,0x00,0xC0,0x20,0xE0,0xB4,0xE0,0x41,0x00,0x00,0x20,0x00,0x00,0x00,0x60,0x5A,0x00,0xFF,0x00,0xFF,
    0x40,0xC5,0x00,0x21,0x00,0x00,0x00,0x94,0x40,0xFF,0x80,0xFE,0xA0,0xFE,0xA0,0xFE,0xA0,0xFE,0xA0,0xFE,0xA0,0xFE,0xA0,0xFE,
    0xA0,0xFE,0xA0,0xFE,0xA0,0xFE,0xA0,0xFE,0xA0,0xFE,0xA0,0xFE,0xA0,0xFE,0xA0,0xFE,0xA0,0xFE,0xA0,0xFE,0xA0,0xFE,0xA0,0xFE,
    0xA0,0xFE,0xA0,0xFE,0xA0,0xFE,0xA0,0xFE,0xA0,0xFE,0xA0,0xFE,0xA0,0xFE,0xA0,0xFE,0xA0,0xFE,0xA0,0xFE,0xA0,0xFE,0xA0,0xFE,
    0xA0,0xFE,0xA0,0xFE,0xA0,0xFE,0xA0,0xFE,0xA0,0xFE,0xA0,0xFE,0xA0,0xFE,0xA0,0xFE,0xA0,0xFE,0xA0,0xFE,0xA0,0xFE,0xA0,0xFE,
    0xA0,0xFE,0xA0,0xFE,0xA0,0xFE,0xA0,0xFE,0xA0,0xFE,0xA0,0xFE,0xA0,0xFE,0xA0,0xFE,0xA0,0xFE,0xA0,0xFE,0xA0,0xFE,0xA0,0xFE,
    0xA0,0xFE,0xA0,0xFE,0xA0,0xFE,0xA0,0xFE,0xA0,0xFE,0xA0,0xFE,0xA0,0xFE,0xA0,0xFE,0xA0,0xFE,0xA0,0xFE,0xA0,0xFE,0xA0,0xFE,
    0xA0,0xFE,0xA0,0xFE,0xA0,0xFE,0xA0,0xFE,0xA0,0xFE,0xA0,0xFE,0xA0,0xFE,0xA0,0xFE,0xA0,0xFE,0xA0,0xFE,0xA0,0xFE,0xA0,0xFE,
    0xA0,0xFE,0xA0,0xFE,0xA0,0xFE,0xA0,0xFE,0xA0,0xFE,0xA0,0xFE,0xA0,0xFE,0xA0,0xFE,0xA0,0xFE,0xA0,0xFE,0xA0,0xFE,0xA0,0xFE,
    0xA0,0xFE,0x80,0xFE,0x20,0xFF,0x60,0xA4,0x00,0x00,0x00,0x00,0x20,0x00,0x00,0x00,0x00,0x4A,0x00,0xFF,0xA0,0xFE,0xA0,0xFE,
    0xA0,0xFE,0x80,0xFE,0xA0,0xFE,0xA0,0xFE,0xA0,0xFE,0xA0,0xFE,0xA0,0xFE,0xC0,0xFE,0xA0,0xFE,0xA0,0xB4,0x80,0xA4,0x60,0xF6,
    0xE0,0xFE,0xA0,0xFE,0xA0,0xFE,0xA0,0xFE,0x80,0xFE,0x20,0xFF,0xC0,0x8B,0x00,0x00,0x00,0x00,0x00,0x00,0x00,0x00,0x80,0xD5,
    0xE0,0xFE,0xA0,0xFE,0xA0,0xFE,0x80,0xFE,0x2D,0xFF,0xFF,0xFF,0x00,0x00,0x00,0x00,0x00,0x00,0x00,0x00,0x00,0x00,0x00,0x00,
    0x00,0x00,0x00,0x00,0x00,0x00,0x00,0x00,0x00,0x00,0x00,0x00,0x00,0x00,0x00,0x00,0x00,0x00,0x00,0x00,0x00,0x00,0x00,0x00,
    0x00,0x00,0x00,0x00,0x00,0x00,0x00,0x00,0x00,0x00,0x00,0x00,0x00,0x00,0x00,0x00,0x00,0x00,0x00,0x00,0x00,0x00,0xDB,0xFF,
    0xA0,0xFE,0xA0,0xFE,0xA0,0xFE,0x80,0xFE,0x20,0xFF,0xC0,0x6A,0x00,0x00,0x20,0x00,0x00,0x00,0xA0,0x18,0x60,0xEE,0xC0,0xFE,
    0xA0,0xFE,0x80,0xFE,0xE0,0xFE,0x00,0xBD,0xC0,0x18,0x00,0x00,0x00,0x00,0x20,0x00,0x00,0x00,0x00,0x00,0x40,0x52,0xC0,0xF6,
    0x00,0x9C,0x00,0x00,0x20,0x00,0x00,0x00,0x60,0x08,0x40,0xEE,0x00,0xFF,0xA0,0x83,0x00,0x00,0x00,0x00,0x20,0x00,0x20,0x00,
    0x80,0xAC,0xE0,0xFE,0xA0,0xFE,0xA0,0xFE,0xA0,0xFE,0xA0,0xFE,0xA0,0xFE,0xA0,0xFE,0xA0,0xFE,0xA0,0xFE,0xA0,0xFE,0xA0,0xFE,
    0xA0,0xFE,0xA0,0xFE,0xA0,0xFE,0xA0,0xFE,0xA0,0xFE,0xA0,0xFE,0xA0,0xFE,0xA0,0xFE,0xA0,0xFE,0xA0,0xFE,0xA0,0xFE,0xA0,0xFE,
    0xA0,0xFE,0xA0,0xFE,0xA0,0xFE,0xA0,0xFE,0xA0,0xFE,0xA0,0xFE,0xA0,0xFE,0xA0,0xFE,0xA0,0xFE,0xA0,0xFE,0xA0,0xFE,0xA0,0xFE,
    0xA0,0xFE,0xA0,0xFE,0xA0,0xFE,0xA0,0xFE,0xA0,0xFE,0xA0,0xFE,0xA0,0xFE,0xA0,0xFE,0xA0,0xFE,0xA0,0xFE,0xA0,0xFE,0xA0,0xFE,
    0xA0,0xFE,0xA0,0xFE,0xA0,0xFE,0xA0,0xFE,0xA0,0xFE,0xA0,0xFE,0xA0,0xFE,0xA0,0xFE,0xA0,0xFE,0xA0,0xFE,0xA0,0xFE,0xA0,0xFE,
    0xA0,0xFE,0xA0,0xFE,0xA0,0xFE,0xA0,0xFE,0xA0,0xFE,0xA0,0xFE,0xA0,0xFE,0xA0,0xFE,0xA0,0xFE,0xA0,0xFE,0xA0,0xFE,0xA0,0xFE,
    0xA0,0xFE,0xA0,0xFE,0xA0,0xFE,0xA0,0xFE,0xA0,0xFE,0xA0,0xFE,0xA0,0xFE,0xA0,0xFE,0xA0,0xFE,0xA0,0xFE,0xA0,0xFE,0xA0,0xFE,
    0xA0,0xFE,0xA0,0xFE,0xA0,0xFE,0xA0,0xFE,0xA0,0xFE,0xA0,0xFE,0xA0,0xFE,0xA0,0xFE,0x80,0xFE,0x00,0xFF,0x60,0xC5,0x20,0x08,
    0x00,0x00,0x00,0x00,0x00,0x00,0x00,0x29,0x80,0xEE,0xC0,0xFE,0x80,0xFE,0xC0,0xFE,0x60,0xF6,0xE0,0xFE,0x80,0xFE,0xA0,0xFE,
    0xA0,0xFE,0xA0,0xFE,0xA0,0xFE,0xA0,0xF6,0x00,0x4A,0x00,0x00,0x00,0x00,0x20,0x29,0x00,0xE6,0xC0,0xFE,0xA0,0xFE,0xA0,0xFE,
    0xA0,0xFE,0x80,0xF6,0xC0,0x18,0x00,0x00,0x20,0x00,0x00,0x00,0xE0,0x41,0x00,0xFF,0x80,0xFE,0xA0,0xFE,0xA0,0xFE,0xA0,0xFE,
    0xBA,0xFF,0xFF,0xFF,0x00,0x00,0x00,0x00,0x00,0x00,0x00,0x00,0x00,0x00,0x00,0x00,0x00,0x00,0x00,0x00,0x00,0x00,0x00,0x00,
    0x00,0x00,0x00,0x00,0x00,0x00,0x00,0x00,0x00,0x00,0x00,0x00,0x00,0x00,0x00,0x00,0x00,0x00,0x00,0x00,0x00,0x00,0x00,0x00,
    0x00,0x00,0x00,0x00,0x00,0x00,0x00,0x00,0x00,0x00,0x00,0x00,0x00,0x00,0x00,0x00,0x0A,0xFF,0x80,0xFE,0xA0,0xFE,0xA0,0xFE,
    0xE0,0xFE,0xA0,0xD5,0x20,0x00,0x00,0x00,0x00,0x00,0x00,0x00,0xA0,0x83,0x20,0xFF,0x80,0xFE,0x80,0xFE,0xE0,0xFE,0x20,0xC5,
    0x00,0x00,0x20,0x00,0x20,0x00,0x00,0x00,0x60,0x10,0x40,0x9C,0x40,0xFF,0x00,0xDE,0x40,0x00,0x00,0x00,0x20,0x00,0x00,0x00,
    0x40,0xA4,0xC0,0xF6,0xE0,0x49,0x00,0x00,0x00,0x00,0x00,0x00,0x20,0x00,0x00,0x00,0xE0,0x18,0x80,0xEE,0xA0,0xFE,0xA0,0xFE,
    0xA0,0xFE,0xA0,0xFE,0xA0,0xFE,0xA0,0xFE,0xA0,0xFE,0xA0,0xFE,0xA0,0xFE,0xA0,0xFE,0xA0,0xFE,0xA0,0xFE,0xA0,0xFE,0xA0,0xFE,
    0xA0,0xFE,0xA0,0xFE,0xA0,0xFE,0xA0,0xFE,0xA0,0xFE,0xA0,0xFE,0xA0,0xFE,0xA0,0xFE,0xA0,0xFE,0xA0,0xFE,0xA0,0xFE,0xA0,0xFE,
    0xA0,0xFE,0xA0,0xFE,0xA0,0xFE,0xA0,0xFE,0xA0,0xFE,0xA0,0xFE,0xA0,0xFE,0xA0,0xFE,0xA0,0xFE,0xA0,0xFE,0xA0,0xFE,0xA0,0xFE,
    0xA0,0xFE,0xA0,0xFE,0xA0,0xFE,0xA0,0xFE,0xA0,0xFE,0xA0,0xFE,0xA0,0xFE,0xA0,0xFE,0xA0,0xFE,0xA0,0xFE,0xA0,0xFE,0xA0,0xFE,
    0xA0,0xFE,0xA0,0xFE,0xA0,0xFE,0xA0,0xFE,0xA0,0xFE,0xA0,0xFE,0xA0,0xFE,0xA0,0xFE,0xA0,0xFE,0xA0,0xFE,0xA0,0xFE,0xA0,0xFE,
    0xA0,0xFE,0xA0,0xFE,0xA0,0xFE,0xA0,0xFE,0xA0,0xFE,0xA0,0xFE,0xA0,0xFE,0xA0,0xFE,0xA0,0xFE,0xA0,0xFE,0xA0,0xFE,0xA0,0xFE,
    0xA0,0xFE,0xA0,0xFE,0xA0,0xFE,0xA0,0xFE,0xA0,0xFE,0xA0,0xFE,0xA0,0xFE,0xA0,0xFE,0xA0,0xFE,0xA0,0xFE,0xA0,0xFE,0xA0,0xFE,
    0xA0,0xFE,0xA0,0xFE,0xA0,0xFE,0x80,0xFE,0xC0,0xFE,0x40,0xE6,0xC0,0x18,0x00,0x00,0x00,0x00,0x00,0x00,0x60,0x10,0xA0,0xD5,
    0xE0,0xFE,0x60,0xFE,0x20,0xFF,0x20,0x9C,0xE0,0x20,0x00,0xBD,0x20,0xFF,0xA0,0xFE,0xA0,0xFE,0x80,0xFE,0x00,0xFF,0xA0,0xAC,
    0x00,0x00,0x20,0x00,0x20,0x00,0x00,0x00,0x00,0x73,0x20,0xFF,0x80,0xFE,0x80,0xFE,0x20,0xFF,0xE0,0x93,0x00,0x00,0x00,0x00,
    0x00,0x00,0x00,0x00,0xE0,0xBC,0x00,0xFF,0x80,0xFE,0xA0,0xFE,0x80,0xFE,0x08,0xFF,0xFF,0xFF,0x00,0x00,0x00,0x00,0x00,0x00,
    0x00,0x00,0x00,0x00,0x00,0x00,0x00,0x00,0x00,0x00,0x00,0x00,0x00,0x00,0x00,0x00,0x00,0x00,0x00,0x00,0x00,0x00,0x00,0x00,
    0x00,0x00,0x00,0x00,0x00,0x00,0x00,0x00,0x00,0x00,0x00,0x00,0x00,0x00,0x00,0x00,0x00,0x00,0x00,0x00,0x00,0x00,0x00,0x00,
    0x00,0x00,0x00,0x00,0x00,0x00,0x00,0x00,0xB8,0xFF,0x80,0xFE,0xA0,0xFE,0xA0,0xFE,0x80,0xFE,0x20,0xFF,0x60,0x52,0x00,0x00,
    0x20,0x00,0x00,0x00,0x80,0x10,0x40,0xEE,0xC0,0xFE,0xA0,0xFE,0x80,0xFE,0x40,0xFF,0x60,0x83,0x00,0x00,0x00,0x00,0xE0,0x41,
    0xE0,0xDD,0x00,0xFF,0xE0,0xFE,0x00,0x4A,0x00,0x00,0x20,0x00,0x00,0x00,0x00,0x4A,0x61,0xC5,0xE0,0x20,0x00,0x00,0x00,0x00,
    0x00,0x00,0x00,0x00,0x00,0x00,0x20,0x52,0x00,0xDE,0xA0,0xFE,0x80,0xFE,0x80,0xFE,0x80,0xFE,0xA0,0xFE,0xA0,0xFE,0xA0,0xFE,
    0xA0,0xFE,0xA0,0xFE,0xA0,0xFE,0xA0,0xFE,0xA0,0xFE,0xA0,0xFE,0xA0,0xFE,0xA0,0xFE,0xA0,0xFE,0xA0,0xFE,0xA0,0xFE,0xA0,0xFE,
    0xA0,0xFE,0xA0,0xFE,0xA0,0xFE,0xA0,0xFE,0xA0,0xFE,0xA0,0xFE,0xA0,0xFE,0xA0,0xFE,0xA0,0xFE,0xA0,0xFE,0xA0,0xFE,0xA0,0xFE,
    0xA0,0xFE,0xA0,0xFE,0xA0,0xFE,0xA0,0xFE,0xA0,0xFE,0xA0,0xFE,0xA0,0xFE,0xA0,0xFE,0xA0,0xFE,0xA0,0xFE,0xA0,0xFE,0xA0,0xFE,
    0xA0,0xFE,0xA0,0xFE,0xA0,0xFE,0xA0,0xFE,0xA0,0xFE,0xA0,0xFE,0xA0,0xFE,0xA0,0xFE,0xA0,0xFE,0xA0,0xFE,0xA0,0xFE,0xA0,0xFE,
    0xA0,0xFE,0xA0,0xFE,0xA0,0xFE,0xA0,0xFE,0xA0,0xFE,0xA0,0xFE,0xA0,0xFE,0xA0,0xFE,0xA0,0xFE,0xA0,0xFE,0xA0,0xFE,0xA0,0xFE,
    0xA0,0xFE,0xA0,0xFE,0xA0,0xFE,0xA0,0xFE,0xA0,0xFE,0xA0,0xFE,0xA0,0xFE,0xA0,0xFE,0xA0,0xFE,0xA0,0xFE,0xA0,0xFE,0xA0,0xFE,
    0xA0,0xFE,0xA0,0xFE,0xA0,0xFE,0xA0,0xFE,0xA0,0xFE,0xA0,0xFE,0xA0,0xFE,0xA0,0xFE,0xA0,0xFE,0xA0,0xFE,0xA0,0xFE,0xA0,0xFE,
    0xC0,0xFE,0x80,0x39,0x00,0x00,0x00,0x00,0x00,0x00,0x00,0x00,0x80,0xAC,0x60,0xFF,0x40,0xF6,0x00,0xFF,0x20,0xBD,0x20,0x00,
    0x00,0x00,0x00,0x00,0x60,0x7B,0xC0,0xFE,0xA0,0xFE,0x80,0xFE,0xE0,0xFE,0x60,0xA4,0x00,0x00,0x20,0x00,0x20,0x00,0x00,0x00,
    0x20,0x73,0x20,0xFF,0x80,0xFE,0xA0,0xFE,0x80,0xF6,0xC0,0x18,0x00,0x00,0x20,0x00,0x00,0x00,0x80,0x39,0xE0,0xFE,0xA0,0xFE,
    0xA0,0xFE,0xA0,0xFE,0x80,0xFE,0x96,0xFF,0xFF,0xFF,0x00,0x00,0x00,0x00,0x00,0x00,0x00,0x00,0x00,0x00,0x00,0x00,0x00,0x00,
    0x00,0x00,0x00,0x00,0x00,0x00,0x00,0x00,0x00,0x00,0x00,0x00,0x00,0x00,0x00,0x00,0x00,0x00,0x00,0x00,0x00,0x00,0x00,0x00,
    0x00,0x00,0x00,0x00,0x00,0x00,0x00,0x00,0x00,0x00,0x00,0x00,0x00,0x00,0x00,0x00,0x00,0x00,0x00,0x00,0x00,0x00,0x00,0x00,
    0x00,0x00,0xE8,0xFE,0xA0,0xFE,0xA0,0xFE,0xA0,0xFE,0xE0,0xFE,0x80,0xCD,0x20,0x00,0x00,0x00,0x20,0x00,0x00,0x00,0x00,0x73,
    0x20,0xFF,0x80,0xFE,0xA0,0xFE,0xA0,0xFE,0xA0,0xF6,0x80,0x31,0x80,0x83,0xE0,0xFE,0xC0,0xFE,0xE0,0xFE,0x80,0xA4,0x00,0x00,
    0x00,0x00,0x00,0x00,0x40,0x08,0x81,0x5A,0x40,0x08,0x00,0x00,0x00,0x00,0x00,0x00,0x00,0x00,0x40,0x08,0x00,0x94,0xE0,0xFE,
    0x00,0xFF,0x00,0xFF,0x00,0xFF,0x00,0xFF,0x00,0xFF,0xC0,0xFE,0x80,0xFE,0xA0,0xFE,0xA0,0xFE,0xA0,0xFE,0xA0,0xFE,0xA0,0xFE,
    0xA0,0xFE,0xA0,0xFE,0xA0,0xFE,0xA0,0xFE,0xA0,0xFE,0xA0,0xFE,0xA0,0xFE,0xA0,0xFE,0xA0,0xFE,0xA0,0xFE,0xA0,0xFE,0xA0,0xFE,
    0xA0,0xFE,0xA0,0xFE,0xA0,0xFE,0xA0,0xFE,0xA0,0xFE,0xA0,0xFE,0xA0,0xFE,0xA0,0xFE,0xA0,0xFE,0xA0,0xFE,0xA0,0xFE,0xA0,0xFE,
    0xA0,0xFE,0xA0,0xFE,0xA0,0xFE,0xA0,0xFE,0xA0,0xFE,0xA0,0xFE,0xA0,0xFE,0xA0,0xFE,0xA0,0xFE,0xA0,0xFE,0xA0,0xFE,0xA0,0xFE,
    0xA0,0xFE,0xA0,0xFE,0xA0,0xFE,0xA0,0xFE,0xA0,0xFE,0xA0,0xFE,0xA0,0xFE,0xA0,0xFE,0xA0,0xFE,0xA0,0xFE,0xA0,0xFE,0xA0,0xFE,
    0xA0,0xFE,0xA0,0xFE,0xA0,0xFE,0xA0,0xFE,0xA0,0xFE,0xA0,0xFE,0xA0,0xFE,0xA0,0xFE,0xA0,0xFE,0xA0,0xFE,0xA0,0xFE,0xA0,0xFE,
    0xA0,0xFE,0xA0,0xFE,0xA0,0xFE,0xA0,0xFE,0xA0,0xFE,0xA0,0xFE,0xA0,0xFE,0xA0,0xFE,0xA0,0xFE,0xA0,0xFE,0xA0,0xFE,0xA0,0xFE,
    0xA0,0xFE,0xA0,0xFE,0xA0,0xFE,0xA0,0xFE,0xA0,0xFE,0xA0,0xFE,0xA0,0xFE,0xE0,0xFE,0x40,0x52,0x00,0x00,0x20,0x00,0x00,0x00,
    0x00,0x00,0x00,0x00,0x80,0x39,0x80,0xCD,0x40,0xFF,0x00,0xDE,0x80,0x10,0x00,0x00,0x20,0x08,0x00,0x00,0x00,0x73,0xE0,0xFE,
    0x80,0xFE,0xA0,0xFE,0x00,0xFF,0x80,0xF6,0x00,0x4A,0x00,0x00,0x00,0x00,0x00,0x21,0x00,0xE6,0xC0,0xFE,0x80,0xFE,0x20,0xFF,
    0x80,0x83,0x00,0x00,0x00,0x00,0x00,0x00,0x00,0x00,0xC0,0xB4,0x00,0xFF,0x80,0xFE,0xA0,0xFE,0xA0,0xFE,0xE6,0xFE,0xFF,0xFF,
    0x00,0x00,0x00,0x00,0x00,0x00,0x00,0x00,0x00,0x00,0x00,0x00,0x00,0x00,0x00,0x00,0x00,0x00,0x00,0x00,0x00,0x00,0x00,0x00,
    0x00,0x00,0x00,0x00,0x00,0x00,0x00,0x00,0x00,0x00,0x00,0x00,0x00,0x00,0x00,0x00,0x00,0x00,0x00,0x00,0x00,0x00,0x00,0x00,
    0x00,0x00,0x00,0x00,0x00,0x00,0x00,0x00,0x00,0x00,0x00,0x00,0x00,0x00,0x00,0x00,0x00,0x00,0x97,0xFF,0x80,0xFE,0xA0,0xFE,
    0xA0,0xFE,0x80,0xFE,0x00,0xFF,0x60,0x5A,0x00,0x00,0x20,0x00,0x00,0x00,0x40,0x08,0xE0,0xDD,0xC0,0xFE,0xA0,0xFE,0xA0,0xFE,
    0xA0,0xFE,0xA0,0xFE,0xE0,0xFE,0xA0,0xFE,0xA0,0xFE,0x60,0xEE,0xC0,0x18,0x00,0x00,0x00,0x00,0x00,0x00,0x20,0x00,0x00,0x00,
    0x00,0x00,0x00,0x00,0x00,0x00,0x00,0x00,0x60,0x31,0x80,0xCD,0x20,0xFF,0x00,0xFF,0xA0,0xD5,0x80,0x83,0x80,0x5A,0x80,0x5A,
    0xE0,0x93,0x40,0xEE,0x00,0xFF,0x80,0xFE,0xA0,0xFE,0xA0,0xFE,0xA0,0xFE,0xA0,0xFE,0xA0,0xFE,0xA0,0xFE,0xA0,0xFE,0xA0,0xFE,
    0xA0,0xFE,0xA0,0xFE,0xA0,0xFE,0xA0,0xFE,0xA0,0xFE,0xA0,0xFE,0xA0,0xFE,0xA0,0xFE,0xA0,0xFE,0xA0,0xFE,0xA0,0xFE,0xA0,0xFE,
    0xA0,0xFE,0xA0,0xFE,0xA0,0xFE,0xA0,0xFE,0xA0,0xFE,0xA0,0xFE,0xA0,0xFE,0xA0,0xFE,0xA0,0xFE,0xA0,0xFE,0xA0,0xFE,0xA0,0xFE,
    0xA0,0xFE,0xA0,0xFE,0xA0,0xFE,0xA0,0xFE,0xA0,0xFE,0xA0,0xFE,0xA0,0xFE,0xA0,0xFE,0xA0,0xFE,0xA0,0xFE,0xA0,0xFE,0xA0,0xFE,
    0xA0,0xFE,0xA0,0xFE,0xA0,0xFE,0xA0,0xFE,0xA0,0xFE,0xA0,0xFE,0xA0,0xFE,0xA0,0xFE,0xA0,0xFE,0xA0,0xFE,0xA0,0xFE,0xA0,0xFE,
    0xA0,0xFE,0xA0,0xFE,0xA0,0xFE,0xA0,0xFE,0xA0,0xFE,0xA0,0xFE,0xA0,0xFE,0xA0,0xFE,0xA0,0xFE,0xA0,0xFE,0xA0,0xFE,0xA0,0xFE,
    0xA0,0xFE,0xA0,0xFE,0xA0,0xFE,0xA0,0xFE,0xA0,0xFE,0xA0,0xFE,0xA0,0xFE,0xA0,0xFE,0xA0,0xFE,0xA0,0xFE,0xA0,0xFE,0xA0,0xFE,
    0xA0,0xFE,0xA0,0xFE,0xA0,0xFE,0xC0,0xFE,0xC0,0x8B,0x00,0x00,0x00,0x00,0x00,0x00,0x00,0x00,0x00,0x00,0x00,0x00,0x40,0x08,
    0x61,0x9C,0xA0,0x39,0x00,0x00,0x20,0x00,0x00,0x00,0x40,0x52,0x20,0xFF,0x80,0xFE,0xC0,0xFE,0x20,0xEE,0x40,0x9C,0x00,0xFF,
    0xE0,0xFE,0xA0,0xB4,0x60,0xA4,0x60,0xEE,0xE0,0xFE,0x80,0xFE,0xC0,0xFE,0x20,0xE6,0x80,0x10,0x00,0x00,0x20,0x00,0x00,0x00,
    0xA0,0x39,0xE0,0xFE,0xA0,0xFE,0xA0,0xFE,0xA0,0xFE,0x80,0xFE,0x74,0xFF,0xFF,0xFF,0x00,0x00,0x00,0x00,0x00,0x00,0x00,0x00,
    0x00,0x00,0x00,0x00,0x00,0x00,0x00,0x00,0x00,0x00,0x00,0x00,0x00,0x00,0x00,0x00,0x00,0x00,0x00,0x00,0x00,0x00,0x00,0x00,
    0x00,0x00,0x00,0x00,0x00,0x00,0x00,0x00,0x00,0x00,0x00,0x00,0x00,0x00,0x00,0x00,0x00,0x00,0x00,0x00,0x00,0x00,0x00,0x00,
    0x00,0x00,0x00,0x00,0x00,0x00,0x00,0x00,0x00,0x00,0x00,0x00,0xE7,0xFE,0x80,0xFE,0xA0,0xFE,0xA0,0xFE,0xC0,0xFE,0xC0,0xDD,
    0x20,0x08,0x00,0x00,0x20,0x00,0x00,0x00,0x60,0x5A,0x00,0xFF,0x80,0xFE,0xA0,0xFE,0xA0,0xFE,0xA0,0xFE,0x80,0xFE,0x80,0xFE,
    0x20,0xFF,0xC0,0x62,0x00,0x00,0x00,0x00,0x00,0x00,0x00,0x00,0x00,0x00,0x00,0x00,0x20,0x00,0x00,0x00,0x00,0x00,0x00,0x6B,
    0x80,0xF6,0x20,0xFF,0x80,0xF6,0x00,0x73,0x20,0x00,0x00,0x00,0x00,0x00,0x00,0x00,0x00,0x00,0xC0,0x18,0xA0,0xAC,0x00,0xFF,
    0x80,0xFE,0xA0,0xFE,0xA0,0xFE,0xA0,0xFE,0xA0,0xFE,0xA0,0xFE,0xA0,0xFE,0xA0,0xFE,0xA0,0xFE,0xA0,0xFE,0xA0,0xFE,0xA0,0xFE,
    0xA0,0xFE,0xA0,0xFE,0xA0,0xFE,0xA0,0xFE,0xA0,0xFE,0xA0,0xFE,0xA0,0xFE,0xA0,0xFE,0xA0,0xFE,0xA0,0xFE,0xA0,0xFE,0xA0,0xFE,
    0xA0,0xFE,0xA0,0xFE,0xA0,0xFE,0xA0,0xFE,0xA0,0xFE,0xA0,0xFE,0xA0,0xFE,0xA0,0xFE,0xA0,0xFE,0xA0,0xFE,0xA0,0xFE,0xA0,0xFE,
    0xA0,0xFE,0xA0,0xFE,0xA0,0xFE,0xA0,0xFE,0xA0,0xFE,0xA0,0xFE,0xA0,0xFE,0xA0,0xFE,0xA0,0xFE,0xA0,0xFE,0xA0,0xFE,0xA0,0xFE,
    0xA0,0xFE,0xA0,0xFE,0xA0,0xFE,0xA0,0xFE,0xA0,0xFE,0xA0,0xFE,0xA0,0xFE,0xA0,0xFE,0xA0,0xFE,0xA0,0xFE,0xA0,0xFE,0xA0,0xFE,
    0xA0,0xFE,0xA0,0xFE,0xA0,0xFE,0xA0,0xFE,0xA0,0xFE,0xA0,0xFE,0xA0,0xFE,0xA0,0xFE,0xA0,0xFE,0xA0,0xFE,0xA0,0xFE,0xA0,0xFE,
    0xA0,0xFE,0xA0,0xFE,0xA0,0xFE,0xA0,0xFE,0xA0,0xFE,0xA0,0xFE,0xA0,0xFE,0xA0,0xFE,0xA0,0xFE,0xA0,0xFE,0xA0,0xFE,0xA0,0xFE,
    0x20,0xFF,0xE0,0xB4,0x60,0x10,0x00,0x00,0x00,0x00,0x00,0x00,0x00,0x00,0x00,0x00,0x00,0x00,0x00,0x00,0x00,0x00,0x00,0x00,
    0x20,0x29,0x80,0xF6,0xA0,0xFE,0x80,0xFE,0xE0,0xFE,0x20,0x4A,0x00,0x00,0x20,0x52,0x40,0xE6,0x40,0xFF,0x00,0xFF,0xC0,0xFE,
    0xA0,0xFE,0x80,0xFE,0x20,0xFF,0xC0,0x62,0x00,0x00,0x00,0x00,0x00,0x00,0x00,0x00,0x20,0xC5,0x00,0xFF,0x80,0xFE,0xA0,0xFE,
    0xA0,0xFE,0xE5,0xFE,0xFF,0xFF,0x00,0x00,0x00,0x00,0x00,0x00,0x00,0x00,0x00,0x00,0x00,0x00,0x00,0x00,0x00,0x00,0x00,0x00,
    0x00,0x00,0x00,0x00,0x00,0x00,0x00,0x00,0x00,0x00,0x00,0x00,0x00,0x00,0x00,0x00,0x00,0x00,0x00,0x00,0x00,0x00,0x00,0x00,
    0x00,0x00,0x00,0x00,0x00,0x00,0x00,0x00,0x00,0x00,0x00,0x00,0x00,0x00,0x00,0x00,0x00,0x00,0x00,0x00,0x00,0x00,0x00,0x00,
    0x00,0x00,0x00,0x00,0x97,0xFF,0xA0,0xFE,0xA0,0xFE,0xA0,0xFE,0x80,0xFE,0x20,0xFF,0xE0,0x6A,0x00,0x00,0x00,0x00,0x00,0x00,
    0x00,0x00,0x00,0xBD,0x00,0xFF,0x80,0xFE,0xA0,0xFE,0xA0,0xFE,0x80,0xFE,0xE0,0xFE,0x20,0xBD,0x00,0x00,0x00,0x00,0x00,0x00,
    0x00,0x00,0x00,0x00,0x00,0x00,0x00,0x00,0x00,0x00,0xA0,0x18,0xC0,0xB4,0xE0,0xFE,0x00,0xFF,0xC0,0xD5,0x60,0x31,0x00,0x00,
    0x00,0x00,0x00,0x00,0x20,0x00,0x20,0x08,0x20,0x00,0x00,0x00,0x00,0x00,0x60,0xA4,0x00,0xFF,0x80,0xFE,0xA0,0xFE,0xA0,0xFE,
    0xA0,0xFE,0xA0,0xFE,0xA0,0xFE,0xA0,0xFE,0xA0,0xFE,0xA0,0xFE,0xA0,0xFE,0xA0,0xFE,0xA0,0xFE,0xA0,0xFE,0xA0,0xFE,0xA0,0xFE,
    0xA0,0xFE,0xA0,0xFE,0xA0,0xFE,0xA0,0xFE,0xA0,0xFE,0xA0,0xFE,0xA0,0xFE,0xA0,0xFE,0xA0,0xFE,0xA0,0xFE,0xA0,0xFE,0xA0,0xFE,
    0xA0,0xFE,0xA0,0xFE,0xA0,0xFE,0xA0,0xFE,0xA0,0xFE,0xA0,0xFE,0xA0,0xFE,0xA0,0xFE,0xA0,0xFE,0xA0,0xFE,0xA0,0xFE,0xA0,0xFE,
    0xA0,0xFE,0xA0,0xFE,0xA0,0xFE,0xA0,0xFE,0xA0,0xFE,0xA0,0xFE,0xA0,0xFE,0xA0,0xFE,0xA0,0xFE,0xA0,0xFE,0xA0,0xFE,0xA0,0xFE,
    0xA0,0xFE,0xA0,0xFE,0xA0,0xFE,0xA0,0xFE,0xA0,0xFE,0xA0,0xFE,0xA0,0xFE,0xA0,0xFE,0xA0,0xFE,0xA0,0xFE,0xA0,0xFE,0xA0,0xFE,
    0xA0,0xFE,0xA0,0xFE,0xA0,0xFE,0xA0,0xFE,0xA0,0xFE,0xA0,0xFE,0xA0,0xFE,0xA0,0xFE,0xA0,0xFE,0xA0,0xFE,0xA0,0xFE,0xA0,0xFE,
    0xA0,0xFE,0xA0,0xFE,0x80,0xFE,0xA0,0xFE,0xA0,0xFE,0xA0,0xFE,0xA0,0xFE,0xA0,0xFE,0x80,0xFE,0x00,0xFF,0xC0,0xD5,0x00,0x21,
    0x00,0x00,0x20,0x00,0x00,0x00,0x00,0x00,0x00,0x00,0x00,0x00,0x00,0x00,0xC0,0x18,0x00,0xE6,0xC0,0xFE,0x60,0xFE,0x20,0xFF,
    0x20,0x73,0x00,0x00,0x20,0x00,0x00,0x00,0x80,0x10,0x60,0xCD,0xC0,0xFE,0x80,0xFE,0x80,0xFE,0xE0,0xFE,0x80,0xCD,0x20,0x00,
    0x00,0x00,0x00,0x00,0x00,0x00,0x40,0x52,0x00,0xFF,0x80,0xFE,0xA0,0xFE,0xA0,0xFE,0x80,0xFE,0x94,0xFF,0xFF,0xFF,0x00,0x00,
    0x00,0x00,0x00,0x00,0x00,0x00,0x00,0x00,0x00,0x00,0x00,0x00,0x00,0x00,0x00,0x00,0x00,0x00,0x00,0x00,0x00,0x00,0x00,0x00,
    0x00,0x00,0x00,0x00,0x00,0x00,0x00,0x00,0x00,0x00,0x00,0x00,0x00,0x00,0x00,0x00,0x00,0x00,0x00,0x00,0x00,0x00,0x00,0x00,
    0x00,0x00,0x00,0x00,0x00,0x00,0x00,0x00,0x00,0x00,0x00,0x00,0x00,0x00,0x00,0x00,0x00,0x00,0x00,0x00,0x00,0x00,0x08,0xFF,
    0x80,0xFE,0xA0,0xFE,0xA0,0xFE,0xC0,0xFE,0x40,0xEE,0x80,0x10,0x00,0x00,0x20,0x00,0x00,0x00,0x20,0x29,0xA0,0xF6,0xA0,0xFE,
    0xA0,0xFE,0xA0,0xFE,0xA0,0xFE,0xC0,0xFE,0x40,0x29,0x00,0x00,0x00,0x00,0x00,0x00,0x00,0x00,0x00,0x00,0x00,0x00,0x00,0x00,
    0x20,0x4A,0x20,0xE6,0xE0,0xFE,0xE0,0xFE,0x20,0xC5,0x80,0x10,0x00,0x00,0x20,0x00,0x00,0x00,0x00,0x00,0x00,0x00,0x00,0x00,
    0x00,0x00,0x00,0x00,0x00,0x00,0x00,0x00,0x20,0xC5,0xE0,0xFE,0x80,0xFE,0xA0,0xFE,0xA0,0xFE,0xA0,0xFE,0xA0,0xFE,0xA0,0xFE,
    0xA0,0xFE,0xA0,0xFE,0xA0,0xFE,0xA0,0xFE,0xA0,0xFE,0xA0,0xFE,0xA0,0xFE,0xA0,0xFE,0xA0,0xFE,0xA0,0xFE,0xA0,0xFE,0xA0,0xFE,
    0xA0,0xFE,0xA0,0xFE,0xA0,0xFE,0xA0,0xFE,0xA0,0xFE,0xA0,0xFE,0xA0,0xFE,0xA0,0xFE,0xA0,0xFE,0xA0,0xFE,0xA0,0xFE,0xA0,0xFE,
    0xA0,0xFE,0xA0,0xFE,0xA0,0xFE,0xA0,0xFE,0xA0,0xFE,0xA0,0xFE,0xA0,0xFE,0xA0,0xFE,0xA0,0xFE,0xA0,0xFE,0xA0,0xFE,0xA0,0xFE,
    0xA0,0xFE,0xA0,0xFE,0xA0,0xFE,0xA0,0xFE,0xA0,0xFE,0xA0,0xFE,0xA0,0xFE,0xA0,0xFE,0xA0,0xFE,0xA0,0xFE,0xA0,0xFE,0xA0,0xFE,
    0xA0,0xFE,0xA0,0xFE,0xA0,0xFE,0xA0,0xFE,0xA0,0xFE,0xA0,0xFE,0xA0,0xFE,0xA0,0xFE,0xA0,0xFE,0xA0,0xFE,0xA0,0xFE,0xA0,0xFE,
    0xA0,0xFE,0xA0,0xFE,0xA0,0xFE,0xA0,0xFE,0xA0,0xFE,0xA0,0xFE,0xA0,0xFE,0xA0,0xFE,0x80,0xFE,0xA0,0xFE,0x00,0xFF,0xC0,0xFE,
    0xA0,0xFE,0xA0,0xFE,0xA0,0xFE,0xA0,0xFE,0xA0,0xFE,0x80,0xFE,0xE0,0xFE,0x40,0xEE,0xC0,0x41,0x00,0x00,0x00,0x00,0x00,0x00,
    0x00,0x00,0x00,0x00,0x00,0x00,0xE0,0x20,0xA0,0xD5,0xE0,0xFE,0x20,0xFF,0x20,0x9C,0x00,0x00,0x00,0x00,0x00,0x00,0x00,0x00,
    0x60,0x31,0x40,0xE6,0xC0,0xFE,0xA0,0xFE,0x80,0xFE,0xE0,0xFE,0xA0,0x39,0x00,0x00,0x00,0x00,0x00,0x00,0x40,0x08,0xC0,0xDD,
    0xE0,0xFE,0xA0,0xFE,0xA0,0xFE,0xA0,0xFE,0xE6,0xFE,0xFF,0xFF,0x00,0x00,0x00,0x00,0x00,0x00,0x00,0x00,0x00,0x00,0x00,0x00,
    0x00,0x00,0x00,0x00,0x00,0x00,0x00,0x00,0x00,0x00,0x00,0x00,0x00,0x00,0x00,0x00,0x00,0x00,0x00,0x00,0x00,0x00,0x00,0x00,
    0x00,0x00,0x00,0x00,0x00,0x00,0x00,0x00,0x00,0x00,0x00,0x00,0x00,0x00,0x00,0x00,0x00,0x00,0x00,0x00,0x00,0x00,0x00,0x00,
    0x00,0x00,0x00,0x00,0x00,0x00,0x00,0x00,0x00,0x00,0x00,0x00,0x00,0x00,0xB9,0xFF,0xA0,0xFE,0xA0,0xFE,0xA0,0xFE,0x80,0xFE,
    0x20,0xFF,0x00,0x94,0x00,0x00,0x00,0x00,0x00,0x00,0x00,0x00,0x60,0x83,0x20,0xFF,0x80,0xFE,0xA0,0xFE,0x80,0xFE,0xE0,0xFE,
    0x60,0xA4,0x00,0x00,0x00,0x00,0x00,0x00,0x00,0x00,0x00,0x00,0x20,0x00,0xC0,0x8B,0x00,0xFF,0xA0,0xFE,0xE0,0xFE,0x20,0xBD,
    0x40,0x08,0x00,0x00,0x00,0x00,0x00,0x00,0x00,0x00,0x00,0x00,0x20,0x29,0x40,0x73,0x20,0x29,0x00,0x00,0x20,0x00,0x00,0x00,
    0xE0,0x20,0x80,0xF6,0xA0,0xFE,0xA0,0xFE,0xA0,0xFE,0xA0,0xFE,0xA0,0xFE,0xA0,0xFE,0xA0,0xFE,0xA0,0xFE,0xA0,0xFE,0xA0,0xFE,
    0xA0,0xFE,0xA0,0xFE,0xA0,0xFE,0xA0,0xFE,0xA0,0xFE,0xA0,0xFE,0xA0,0xFE,0xA0,0xFE,0xA0,0xFE,0xA0,0xFE,0xA0,0xFE,0xA0,0xFE,
    0xA0,0xFE,0xA0,0xFE,0xA0,0xFE,0xA0,0xFE,0xA0,0xFE,0xA0,0xFE,0xA0,0xFE,0xA0,0xFE,0xA0,0xFE,0xA0,0xFE,0xA0,0xFE,0xA0,0xFE,
    0xA0,0xFE,0xA0,0xFE,0xA0,0xFE,0xA0,0xFE,0xA0,0xFE,0xA0,0xFE,0xA0,0xFE,0xA0,0xFE,0xA0,0xFE,0xA0,0xFE,0xA0,0xFE,0xA0,0xFE,
    0xA0,0xFE,0xA0,0xFE,0xA0,0xFE,0xA0,0xFE,0xA0,0xFE,0xA0,0xFE,0xA0,0xFE,0xA0,0xFE,0xA0,0xFE,0xA0,0xFE,0xA0,0xFE,0xA0,0xFE,
    0xA0,0xFE,0xA0,0xFE,0xA0,0xFE,0xA0,0xFE,0xA0,0xFE,0xA0,0xFE,0xA0,0xFE,0xA0,0xFE,0xA0,0xFE,0xA0,0xFE,0xA0,0xFE,0xA0,0xFE,
    0xA0,0xFE,0xA0,0xFE,0xA0,0xFE,0x80,0xFE,0xE0,0xFE,0xA0,0xFE,0x40,0x7B,0xE0,0xDD,0xE0,0xFE,0x80,0xFE,0xA0,0xFE,0xA0,0xFE,
    0xA0,0xFE,0xA0,0xFE,0x80,0xFE,0xC0,0xFE,0xC0,0xFE,0x80,0x5A,0x00,0x00,0x00,0x00,0x00,0x00,0x00,0x00,0x00,0x00,0x00,0x00,
    0x40,0x08,0xE0,0xB4,0x40,0xC5,0x20,0x00,0x00,0x00,0x00,0x00,0x00,0x00,0xE0,0x20,0x40,0xEE,0xE0,0xFE,0x80,0xFE,0x80,0xFE,
    0x20,0xFF,0x20,0x9C,0x00,0x00,0x00,0x00,0x00,0x00,0x00,0x00,0x40,0x7B,0x20,0xFF,0x80,0xFE,0xA0,0xFE,0xA0,0xFE,0x80,0xFE,
    0x96,0xFF,0xFF,0xFF,0x00,0x00,0x00,0x00,0x00,0x00,0x00,0x00,0x00,0x00,0x00,0x00,0x00,0x00,0x00,0x00,0x00,0x00,0x00,0x00,
    0x00,0x00,0x00,0x00,0x00,0x00,0x00,0x00,0x00,0x00,0x00,0x00,0x00,0x00,0x00,0x00,0x00,0x00,0x00,0x00,0x00,0x00,0x00,0x00,
    0x00,0x00,0x00,0x00,0x00,0x00,0x00,0x00,0x00,0x00,0x00,0x00,0x00,0x00,0x00,0x00,0x00,0x00,0x00,0x00,0x00,0x00,0x00,0x00,
    0x00,0x00,0x00,0x00,0x00,0x00,0x00,0x00,0x2B,0xFF,0x80,0xFE,0xA0,0xFE,0xA0,0xFE,0xA0,0xFE,0xE0,0xFE,0x80,0x39,0x00,0x00,
    0x00,0x00,0x00,0x00,0x20,0x00,0xA0,0xD5,0xE0,0xFE,0x80,0xFE,0xA0,0xFE,0x80,0xFE,0x40,0xFF,0x00,0x73,0x00,0x00,0x20,0x00,
    0x00,0x00,0x20,0x29,0x60,0xC5,0x20,0xFF,0x80,0xFE,0xE0,0xFE,0xC0,0xD5,0x60,0x08,0x00,0x00,0x00,0x00,0x00,0x00,0x00,0x00,
    0x00,0x00,0x60,0x5A,0xC0,0xF6,0x40,0xFF,0x80,0xF6,0x40,0x29,0x00,0x00,0x20,0x00,0x00,0x00,0xE0,0x93,0x20,0xFF,0x80,0xFE,
    0xA0,0xFE,0x80,0xFE,0xA0,0xFE,0xA0,0xFE,0xA0,0xFE,0xA0,0xFE,0xA0,0xFE,0xA0,0xFE,0xA0,0xFE,0xA0,0xFE,0xA0,0xFE,0xA0,0xFE,
    0xA0,0xFE,0xA0,0xFE,0xA0,0xFE,0xA0,0xFE,0xA0,0xFE,0xA0,0xFE,0xA0,0xFE,0xA0,0xFE,0xA0,0xFE,0xA0,0xFE,0xA0,0xFE,0xA0,0xFE,
    0xA0,0xFE,0xA0,0xFE,0xA0,0xFE,0xA0,0xFE,0xA0,0xFE,0xA0,0xFE,0xA0,0xFE,0xA0,0xFE,0xA0,0xFE,0xA0,0xFE,0xA0,0xFE,0xA0,0xFE,
    0xA0,0xFE,0xA0,0xFE,0xA0,0xFE,0xA0,0xFE,0xA0,0xFE,0xA0,0xFE,0xA0,0xFE,0xA0,0xFE,0xA0,0xFE,0xA0,0xFE,0xA0,0xFE,0xA0,0xFE,
    0xA0,0xFE,0xA0,0xFE,0xA0,0xFE,0xA0,0xFE,0xA0,0xFE,0xA0,0xFE,0xA0,0xFE,0xA0,0xFE,0xA0,0xFE,0xA0,0xFE,0xA0,0xFE,0xA0,0xFE,
    0xA0,0xFE,0xA0,0xFE,0xA0,0xFE,0xA0,0xFE,0xA0,0xFE,0xA0,0xFE,0xA0,0xFE,0xA0,0xFE,0xA0,0xFE,0xA0,0xFE,0xA0,0xFE,0x20,0xFF,
    0xC0,0xD5,0x80,0x31,0x00,0x00,0x80,0x39,0xC0,0xF6,0xA0,0xFE,0xA0,0xFE,0xA0,0xFE,0xA0,0xFE,0xA0,0xFE,0xA0,0xFE,0x80,0xFE,
    0xA0,0xFE,0x00,0xFF,0x80,0x83,0x00,0x00,0x00,0x00,0x00,0x00,0x00,0x00,0x00,0x00,0x00,0x00,0x00,0x00,0x40,0x08,0x00,0x00,
    0x00,0x00,0x00,0x00,0x60,0x08,0xA0,0xD5,0xE0,0xFE,0x80,0xFE,0xA0,0xFE,0xC0,0xFE,0x00,0xE6,0x60,0x08,0x00,0x00,0x00,0x00,
    0x00,0x00,0x00,0x21,0x80,0xF6,0xA0,0xFE,0xA0,0xFE,0xA0,0xFE,0x80,0xFE,0x09,0xFF,0xFF,0xFF,0x00,0x00,0x00,0x00,0x00,0x00,
    0x00,0x00,0x00,0x00,0x00,0x00,0x00,0x00,0x00,0x00,0x00,0x00,0x00,0x00,0x00,0x00,0x00,0x00,0x00,0x00,0x00,0x00,0x00,0x00,
    0x00,0x00,0x00,0x00,0x00,0x00,0x00,0x00,0x00,0x00,0x00,0x00,0x00,0x00,0x00,0x00,0x00,0x00,0x00,0x00,0x00,0x00,0x00,0x00,
    0x00,0x00,0x00,0x00,0x00,0x00,0x00,0x00,0x00,0x00,0x00,0x00,0x00,0x00,0x00,0x00,0x00,0x00,0x00,0x00,0x00,0x00,0x00,0x00,
    0xDC,0xFF,0xA1,0xFE,0xA0,0xFE,0xA0,0xFE,0xA0,0xFE,0xE0,0xFE,0x80,0xCD,0x20,0x00,0x00,0x00,0x00,0x00,0x00,0x00,0x80,0x39,
    0xC0,0xFE,0xA0,0xFE,0xA0,0xFE,0xA0,0xFE,0xA0,0xFE,0xA0,0xF6,0x20,0x29,0x00,0x00,0xC0,0x62,0x80,0xF6,0xE0,0xFE,0x80,0xFE,
    0xA0,0xFE,0x80,0xF6,0x00,0x21,0x00,0x00,0x00,0x00,0x00,0x00,0x20,0x00,0x00,0x00,0x60,0x5A,0xE0,0xFE,0xA0,0xFE,0x60,0xF6,
    0x20,0xFF,0x60,0x7B,0x00,0x00,0x20,0x08,0x00,0x00,0xE0,0x49,0x00,0xFF,0x80,0xFE,0xA0,0xFE,0x00,0xFF,0xC0,0xFE,0x80,0xFE,
    0xA0,0xFE,0xA0,0xFE,0xA0,0xFE,0xA0,0xFE,0xA0,0xFE,0xA0,0xFE,0xA0,0xFE,0xA0,0xFE,0xA0,0xFE,0xA0,0xFE,0xA0,0xFE,0xA0,0xFE,
    0xA0,0xFE,0xA0,0xFE,0xA0,0xFE,0xA0,0xFE,0xA0,0xFE,0xA0,0xFE,0xA0,0xFE,0xA0,0xFE,0xA0,0xFE,0xA0,0xFE,0xA0,0xFE,0xA0,0xFE,
    0xA0,0xFE,0xA0,0xFE,0xA0,0xFE,0xA0,0xFE,0xA0,0xFE,0xA0,0xFE,0xA0,0xFE,0xA0,0xFE,0xA0,0xFE,0xA0,0xFE,0xA0,0xFE,0xA0,0xFE,
    0xA0,0xFE,0xA0,0xFE,0xA0,0xFE,0xA0,0xFE,0xA0,0xFE,0xA0,0xFE,0xA0,0xFE,0xA0,0xFE,0xA0,0xFE,0xA0,0xFE,0xA0,0xFE,0xA0,0xFE,
    0xA0,0xFE,0xA0,0xFE,0xA0,0xFE,0xA0,0xFE,0xA0,0xFE,0xA0,0xFE,0xA0,0xFE,0xA0,0xFE,0xA0,0xFE,0xA0,0xFE,0xA0,0xFE,0xA0,0xFE,
    0xA0,0xFE,0xA0,0xFE,0xA0,0xFE,0xA0,0xFE,0xA0,0xFE,0xA0,0xFE,0xA0,0xFE,0x40,0x9C,0x60,0x08,0x00,0x00,0x20,0x00,0x00,0x00,
    0x80,0x5A,0x00,0xFF,0x80,0xFE,0xA0,0xFE,0xA0,0xFE,0xA0,0xFE,0xA0,0xFE,0xA0,0xFE,0xA0,0xFE,0x80,0xFE,0x20,0xFF,0x60,0xA4,
    0x20,0x00,0x00,0x00,0x00,0x00,0x00,0x00,0x00,0x00,0x00,0x00,0x00,0x00,0x00,0x00,0x00,0x00,0x00,0x00,0xE0,0xB4,0x00,0xFF,
    0x80,0xFE,0xA0,0xFE,0x80,0xFE,0x00,0xFF,0x00,0x4A,0x00,0x00,0x00,0x00,0x00,0x00,0x00,0x00,0xC0,0xB4,0x00,0xFF,0x80,0xFE,
    0xA0,0xFE,0xA0,0xFE,0xA0,0xFE,0xBA,0xFF,0xFF,0xFF,0x00,0x00,0x00,0x00,0x00,0x00,0x00,0x00,0x00,0x00,0x00,0x00,0x00,0x00,
    0x00,0x00,0x00,0x00,0x00,0x00,0x00,0x00,0x00,0x00,0x00,0x00,0x00,0x00,0x00,0x00,0x00,0x00,0x00,0x00,0x00,0x00,0x00,0x00,
    0x00,0x00,0x00,0x00,0x00,0x00,0x00,0x00,0x00,0x00,0x00,0x00,0x00,0x00,0x00,0x00,0x00,0x00,0x00,0x00,0x00,0x00,0x00,0x00,
    0x00,0x00,0x00,0x00,0x00,0x00,0x00,0x00,0x00,0x00,0x00,0x00,0x00,0x00,0x00,0x00,0x00,0x00,0x50,0xFF,0x80,0xFE,0xA0,0xFE,
    0xA0,0xFE,0x80,0xFE,0x20,0xFF,0x60,0x83,0x00,0x00,0x00,0x00,0x00,0x00,0x00,0x00,0x60,0x7B,0x20,0xFF,0x80,0xFE,0xA0,0xFE,
    0x80,0xFE,0x00,0xFF,0x20,0xC5,0x20,0x9C,0x20,0xFF,0xA0,0xFE,0x80,0xFE,0x80,0xFE,0x00,0xFF,0xA0,0x62,0x00,0x00,0x20,0x00,
    0x00,0x00,0x20,0x00,0x00,0x00,0x40,0x52,0xE0,0xFE,0xA0,0xFE,0x80,0xFE,0x80,0xFE,0xE0,0xFE,0xA0,0x39,0x00,0x00,0x20,0x00,
    0x00,0x00,0x80,0x39,0xC0,0xFE,0x00,0xFF,0x00,0x73,0xE0,0x6A,0x60,0xEE,0x20,0xFF,0xA0,0xFE,0x80,0xFE,0xA0,0xFE,0xA0,0xFE,
    0xA0,0xFE,0xA0,0xFE,0xA0,0xFE,0xA0,0xFE,0xA0,0xFE,0xA0,0xFE,0xA0,0xFE,0xA0,0xFE,0xA0,0xFE,0xA0,0xFE,0xA0,0xFE,0xA0,0xFE,
    0xA0,0xFE,0xA0,0xFE,0xA0,0xFE,0xA0,0xFE,0xA0,0xFE,0xA0,0xFE,0xA0,0xFE,0xA0,0xFE,0xA0,0xFE,0xA0,0xFE,0xA0,0xFE,0xA0,0xFE,
    0xA0,0xFE,0xA0,0xFE,0xA0,0xFE,0xA0,0xFE,0xA0,0xFE,0xA0,0xFE,0xA0,0xFE,0xA0,0xFE,0xA0,0xFE,0xA0,0xFE,0xA0,0xFE,0xA0,0xFE,
    0xA0,0xFE,0xA0,0xFE,0xA0,0xFE,0xA0,0xFE,0xA0,0xFE,0xA0,0xFE,0xA0,0xFE,0xA0,0xFE,0xA0,0xFE,0xA0,0xFE,0xA0,0xFE,0xA0,0xFE,
    0xA0,0xFE,0xA0,0xFE,0xA0,0xFE,0xA0,0xFE,0xA0,0xFE,0xA0,0xFE,0xA0,0xFE,0xA0,0xFE,0xA0,0xFE,0xA0,0xFE,0xA0,0xFE,0x80,0xFE,
    0x80,0xFE,0xA0,0xFE,0x80,0xF6,0x00,0x21,0x00,0x00,0x20,0x00,0x00,0x00,0x20,0x00,0x00,0x00,0xA0,0x8B,0x20,0xFF,0x80,0xFE,
    0xA0,0xFE,0xA0,0xFE,0xA0,0xFE,0xA0,0xFE,0xA0,0xFE,0xA0,0xFE,0x80,0xFE,0x20,0xFF,0x40,0xC5,0xA0,0x10,0x00,0x00,0x00,0x00,
    0x00,0x00,0x00,0x00,0x00,0x00,0x20,0x00,0x00,0x00,0x00,0x94,0x20,0xFF,0x80,0xFE,0xA0,0xFE,0x80,0xFE,0x20,0xFF,0xE0,0x93,
    0x00,0x00,0x00,0x00,0x00,0x00,0x00,0x00,0x60,0x5A,0x00,0xFF,0x80,0xFE,0xA0,0xFE,0xA0,0xFE,0x80,0xFE,0x4E,0xFF,0xFF,0xFF,
    0x00,0x00,0x00,0x00,0x00,0x00,0x00,0x00,0x00,0x00,0x00,0x00,0x00,0x00,0x00,0x00,0x00,0x00,0x00,0x00,0x00,0x00,0x00,0x00,
    0x00,0x00,0x00,0x00,0x00,0x00,0x00,0x00,0x00,0x00,0x00,0x00,0x00,0x00,0x00,0x00,0x00,0x00,0x00,0x00,0x00,0x00,0x00,0x00,
    0x00,0x00,0x00,0x00,0x00,0x00,0x00,0x00,0x00,0x00,0x00,0x00,0x00,0x00,0x00,0x00,0x00,0x00,0x00,0x00,0x00,0x00,0x00,0x00,
    0x00,0x00,0x00,0x00,0x00,0x00,0x00,0x00,0x00,0x00,0x00,0x00,0xC5,0xFE,0xA0,0xFE,0xA0,0xFE,0xA0,0xFE,0xA0,0xFE,0xC0,0xFE,
    0x40,0x31,0x00,0x00,0x00,0x00,0x00,0x00,0x00,0x00,0x20,0xC5,0x00,0xFF,0x80,0xFE,0xA0,0xFE,0xA0,0xFE,0xC0,0xFE,0x00,0xFF,
    0x80,0xFE,0xA0,0xFE,0x80,0xFE,0xE0,0xFE,0x40,0xCD,0x00,0x00,0x00,0x00,0x00,0x00,0x00,0x00,0x00,0x00,0x20,0x4A,0xE0,0xFE,
    0xA0,0xFE,0xA0,0xFE,0x80,0xFE,0x20,0xFF,0x20,0x9C,0x00,0x00,0x00,0x00,0x00,0x00,0x00,0x00,0x40,0x52,0x40,0xFF,0xC0,0xDD,
    0x20,0x00,0x00,0x00,0xA0,0x18,0xE0,0x8B,0xA0,0xF6,0x00,0xFF,0x80,0xFE,0x80,0xFE,0xA0,0xFE,0xA0,0xFE,0xA0,0xFE,0xA0,0xFE,
    0xA0,0xFE,0xA0,0xFE,0xA0,0xFE,0xA0,0xFE,0xA0,0xFE,0xA0,0xFE,0xA0,0xFE,0xA0,0xFE,0xA0,0xFE,0xA0,0xFE,0xA0,0xFE,0xA0,0xFE,
    0xA0,0xFE,0xA0,0xFE,0xA0,0xFE,0xA0,0xFE,0xA0,0xFE,0xA0,0xFE,0xA0,0xFE,0xA0,0xFE,0xA0,0xFE,0xA0,0xFE,0xA0,0xFE,0xA0,0xFE,
    0xA0,0xFE,0xA0,0xFE,0xA0,0xFE,0xA0,0xFE,0xA0,0xFE,0xA0,0xFE,0xA0,0xFE,0xA0,0xFE,0xA0,0xFE,0xA0,0xFE,0xA0,0xFE,0xA0,0xFE,
    0xA0,0xFE,0xA0,0xFE,0xA0,0xFE,0xA0,0xFE,0xA0,0xFE,0xA0,0xFE,0xA0,0xFE,0xA0,0xFE,0xA0,0xFE,0xA0,0xFE,0xA0,0xFE,0xA0,0xFE,
    0xA0,0xFE,0xA0,0xFE,0xA0,0xFE,0xA0,0xFE,0x80,0xFE,0xA0,0xFE,0xE0,0xFE,0x00,0xFF,0x00,0xFF,0xC0,0xFE,0xC0,0xFE,0xC0,0xD5,
    0x60,0x08,0x00,0x00,0x00,0x00,0x00,0x00,0x00,0x00,0x00,0x00,0xE0,0xB4,0x00,0xFF,0x80,0xFE,0xA0,0xFE,0xA0,0xFE,0xA0,0xFE,
    0xA0,0xFE,0xA0,0xFE,0xA0,0xFE,0x80,0xFE,0x00,0xFF,0xE0,0xDD,0x40,0x29,0x00,0x00,0x20,0x00,0x00,0x00,0x20,0x00,0x00,0x00,
    0x20,0x73,0x20,0xFF,0x80,0xFE,0xA0,0xFE,0x80,0xFE,0xE0,0xFE,0xA0,0xD5,0x40,0x08,0x00,0x00,0x00,0x00,0x00,0x00,0xA0,0x10,
    0x40,0xEE,0xC0,0xFE,0xA0,0xFE,0xA0,0xFE,0xA0,0xFE,0xC4,0xFE,0xFE,0xFF,0x00,0x00,0x00,0x00,0x00,0x00,0x00,0x00,0x00,0x00,
    0x00,0x00,0x00,0x00,0x00,0x00,0x00,0x00,0x00,0x00,0x00,0x00,0x00,0x00,0x00,0x00,0x00,0x00,0x00,0x00,0x00,0x00,0x00,0x00,
    0x00,0x00,0x00,0x00,0x00,0x00,0x00,0x00,0x00,0x00,0x00,0x00,0x00,0x00,0x00,0x00,0x00,0x00,0x00,0x00,0x00,0x00,0x00,0x00,
    0x00,0x00,0x00,0x00,0x00,0x00,0x00,0x00,0x00,0x00,0x00,0x00,0x00,0x00,0x00,0x00,0x00,0x00,0x00,0x00,0x00,0x00,0x00,0x00,
    0x00,0x00,0x00,0x00,0x97,0xFF,0x80,0xFE,0xA0,0xFE,0xA0,0xFE,0x80,0xFE,0xE0,0xFE,0x80,0xCD,0x20,0x00,0x00,0x00,0x00,0x00,
    0x00,0x00,0xE0,0x20,0x60,0xEE,0xC0,0xFE,0xA0,0xFE,0xA0,0xFE,0xA0,0xFE,0x80,0xFE,0xA0,0xFE,0xA0,0xFE,0x80,0xFE,0x00,0xFF,
    0x60,0x52,0x00,0x00,0x00,0x00,0x00,0x00,0x00,0x00,0xA0,0x39,0xC0,0xFE,0xA0,0xFE,0x80,0xFE,0x80,0xFE,0x00,0xFF,0x80,0xCD,
    0x40,0x08,0x00,0x00,0x00,0x00,0x00,0x00,0x00,0x00,0x60,0xA4,0x60,0xFF,0x80,0x5A,0x00,0x00,0x20,0x08,0x00,0x00,0x00,0x00,
    0x40,0x29,0xA0,0xAC,0xE0,0xFE,0xE0,0xFE,0x80,0xFE,0x80,0xFE,0xA0,0xFE,0xA0,0xFE,0xA0,0xFE,0xA0,0xFE,0xA0,0xFE,0xA0,0xFE,
    0xA0,0xFE,0xA0,0xFE,0xA0,0xFE,0xA0,0xFE,0xA0,0xFE,0xA0,0xFE,0xA0,0xFE,0xA0,0xFE,0xA0,0xFE,0xA0,0xFE,0xA0,0xFE,0xA0,0xFE,
    0xA0,0xFE,0xA0,0xFE,0xA0,0xFE,0xA0,0xFE,0xA0,0xFE,0xA0,0xFE,0xA0,0xFE,0xA0,0xFE,0xA0,0xFE,0xA0,0xFE,0xA0,0xFE,0xA0,0xFE,
    0xA0,0xFE,0xA0,0xFE,0xA0,0xFE,0xA0,0xFE,0xA0,0xFE,0xA0,0xFE,0xA0,0xFE,0xA0,0xFE,0xA0,0xFE,0xA0,0xFE,0xA0,0xFE,0xA0,0xFE,
    0xA0,0xFE,0xA0,0xFE,0xA0,0xFE,0xA0,0xFE,0xA0,0xFE,0xA0,0xFE,0xA0,0xFE,0xA0,0xFE,0xA0,0xFE,0xA0,0xFE,0x80,0xFE,0xA0,0xFE,
    0x00,0xFF,0xC0,0xFE,0x80,0xCD,0x40,0xA4,0x80,0xAC,0xE0,0xDD,0xE0,0xFE,0x00,0xFF,0x80,0xAC,0x00,0x00,0x00,0x00,0x00,0x00,
    0x00,0x00,0x00,0x00,0x80,0x10,0xE0,0xDD,0xE0,0xFE,0x80,0xFE,0xA0,0xFE,0xA0,0xFE,0xA0,0xFE,0xA0,0xFE,0xA0,0xFE,0xA0,0xFE,
    0x60,0xFE,0xE0,0xFE,0x80,0xEE,0xE0,0x41,0x00,0x00,0x20,0x00,0x00,0x00,0x40,0x52,0x00,0xFF,0xA0,0xFE,0xA0,0xFE,0xA0,0xFE,
    0xA0,0xFE,0xA0,0xF6,0x40,0x29,0x00,0x00,0x00,0x00,0x00,0x00,0x00,0x00,0xA0,0xAC,0x00,0xFF,0x80,0xFE,0xA0,0xFE,0xA0,0xFE,
    0x80,0xFE,0x96,0xFF,0xFF,0xFF,0x00,0x00,0x00,0x00,0x00,0x00,0x00,0x00,0x00,0x00,0x00,0x00,0x00,0x00,0x00,0x00,0x00,0x00,
    0x00,0x00,0x00,0x00,0x00,0x00,0x00,0x00,0x00,0x00,0x00,0x00,0x00,0x00,0x00,0x00,0x00,0x00,0x00,0x00,0x00,0x00,0x00,0x00,
    0x00,0x00,0x00,0x00,0x00,0x00,0x00,0x00,0x00,0x00,0x00,0x00,0x00,0x00,0x00,0x00,0x00,0x00,0x00,0x00,0x00,0x00,0x00,0x00,
    0x00,0x00,0x00,0x00,0x00,0x00,0x00,0x00,0x00,0x00,0x00,0x00,0x00,0x00,0x00,0x00,0x00,0x00,0x00,0x00,0x00,0x00,0x2C,0xFF,
    0x80,0xFE,0xA0,0xFE,0xA0,0xFE,0x80,0xFE,0x20,0xFF,0xC0,0x8B,0x00,0x00,0x00,0x00,0x00,0x00,0x00,0x00,0x20,0x52,0x00,0xFF,
    0x80,0xFE,0xA0,0xFE,0xA0,0xFE,0xA0,0xFE,0xA0,0xFE,0xA0,0xFE,0xA0,0xFE,0x60,0xF6,0xA0,0x18,0x00,0x00,0x00,0x00,0x00,0x00,
    0xA0,0x18,0x20,0xE6,0xC0,0xFE,0x80,0xFE,0x80,0xFE,0xE0,0xFE,0xE0,0xDD,0xC0,0x18,0x00,0x00,0x00,0x00,0x00,0x00,0x00,0x00,
    0x20,0x29,0xC0,0xFE,0x60,0xF6,0x20,0x29,0x00,0x00,0x00,0x00,0x00,0x00,0x00,0x00,0x00,0x00,0x00,0x00,0xC0,0x39,0x20,0xBD,
    0x00,0xFF,0xE0,0xFE,0x80,0xFE,0xA0,0xFE,0xA0,0xFE,0xA0,0xFE,0xA0,0xFE,0xA0,0xFE,0xA0,0xFE,0xA0,0xFE,0xA0,0xFE,0xA0,0xFE,
    0xA0,0xFE,0xA0,0xFE,0xA0,0xFE,0xA0,0xFE,0xA0,0xFE,0xA0,0xFE,0xA0,0xFE,0xA0,0xFE,0xA0,0xFE,0xA0,0xFE,0xA0,0xFE,0xA0,0xFE,
    0xA0,0xFE,0xA0,0xFE,0xA0,0xFE,0xA0,0xFE,0xA0,0xFE,0xA0,0xFE,0xA0,0xFE,0xA0,0xFE,0xA0,0xFE,0xA0,0xFE,0xA0,0xFE,0xA0,0xFE,
    0xA0,0xFE,0xA0,0xFE,0xA0,0xFE,0xA0,0xFE,0xA0,0xFE,0xA0,0xFE,0xA0,0xFE,0xA0,0xFE,0xA0,0xFE,0xA0,0xFE,0xA0,0xFE,0xA0,0xFE,
    0xA0,0xFE,0xA0,0xFE,0xA0,0xFE,0xA0,0xFE,0x80,0xFE,0x80,0xFE,0x00,0xFF,0xE0,0xFE,0xA0,0xAC,0x80,0x31,0x00,0x00,0x00,0x00,
    0x00,0x00,0x40,0x08,0xC0,0x8B,0xC0,0xFE,0x00,0xFF,0x20,0x73,0x00,0x00,0x20,0x00,0x00,0x00,0x00,0x00,0x00,0x00,0x40,0x29,
    0xA0,0xF6,0xA0,0xFE,0xA0,0xFE,0xA0,0xFE,0xA0,0xFE,0xA0,0xFE,0x80,0xFE,0xA0,0xFE,0x00,0xFF,0x80,0xFE,0xA0,0xFE,0xE0,0xFE,
    0xE0,0x6A,0x00,0x00,0x80,0x39,0xA0,0xF6,0xA0,0xFE,0xA0,0xFE,0xA0,0xFE,0x80,0xFE,0x00,0xFF,0x80,0x5A,0x00,0x00,0x00,0x00,
    0x00,0x00,0x00,0x00,0xC0,0x6A,0x20,0xFF,0x80,0xFE,0xA0,0xFE,0xA0,0xFE,0x80,0xFE,0x0B,0xFF,0xFF,0xFF,0x00,0x00,0x00,0x00,
    0x00,0x00,0x00,0x00,0x00,0x00,0x00,0x00,0x00,0x00,0x00,0x00,0x00,0x00,0x00,0x00,0x00,0x00,0x00,0x00,0x00,0x00,0x00,0x00,
    0x00,0x00,0x00,0x00,0x00,0x00,0x00,0x00,0x00,0x00,0x00,0x00,0x00,0x00,0x00,0x00,0x00,0x00,0x00,0x00,0x00,0x00,0x00,0x00,
    0x00,0x00,0x00,0x00,0x00,0x00,0x00,0x00,0x00,0x00,0x00,0x00,0x00,0x00,0x00,0x00,0x00,0x00,0x00,0x00,0x00,0x00,0x00,0x00,
    0x00,0x00,0x00,0x00,0x00,0x00,0x00,0x00,0x00,0x00,0x00,0x00,0x00,0x00,0xFD,0xFF,0xC4,0xFE,0xA0,0xFE,0xA0,0xFE,0xA0,0xFE,
    0x80,0xFE,0x00,0xFF,0x00,0x4A,0x00,0x00,0x00,0x00,0x00,0x00,0x00,0x00,0x80,0x83,0x20,0xFF,0x80,0xFE,0xA0,0xFE,0xA0,0xFE,
    0xA0,0xFE,0xA0,0xFE,0xC0,0xFE,0x00,0xE6,0x40,0x08,0x00,0x00,0x00,0x00,0x00,0x00,0x20,0x9C,0x20,0xFF,0x80,0xFE,0x80,0xFE,
    0xE0,0xFE,0x00,0xDE,0xE0,0x20,0x00,0x00,0x00,0x00,0x00,0x00,0x00,0x00,0x00,0x00,0xE0,0xB4,0x00,0xFF,0x80,0xFE,0x60,0xEE,
    0x60,0x7B,0x60,0x08,0x00,0x00,0x00,0x00,0x00,0x00,0x00,0x00,0x00,0x00,0x00,0x00,0x60,0x52,0xC0,0xD5,0x20,0xFF,0xC0,0xFE,
    0xA0,0xFE,0xA0,0xFE,0xA0,0xFE,0xA0,0xFE,0xA0,0xFE,0xA0,0xFE,0xA0,0xFE,0xA0,0xFE,0xA0,0xFE,0xA0,0xFE,0xA0,0xFE,0xA0,0xFE,
    0xA0,0xFE,0xA0,0xFE,0xA0,0xFE,0xA0,0xFE,0xA0,0xFE,0xA0,0xFE,0xA0,0xFE,0xA0,0xFE,0xA0,0xFE,0xA0,0xFE,0xA0,0xFE,0xA0,0xFE,
    0xA0,0xFE,0xA0,0xFE,0xA0,0xFE,0xA0,0xFE,0xA0,0xFE,0xA0,0xFE,0xA0,0xFE,0xA0,0xFE,0xA0,0xFE,0xA0,0xFE,0xA0,0xFE,0xA0,0xFE,
    0xA0,0xFE,0xA0,0xFE,0xA0,0xFE,0xA0,0xFE,0xA0,0xFE,0xA0,0xFE,0xA0,0xFE,0xA0,0xFE,0xA0,0xFE,0xA0,0xFE,0x80,0xFE,0xA0,0xFE,
    0x00,0xFF,0xE0,0xFE,0xE0,0xB4,0xA0,0x39,0x00,0x00,0x00,0x00,0x00,0x00,0x00,0x00,0x00,0x00,0x00,0x00,0x00,0x00,0x20,0x9C,
    0x00,0xFF,0xC0,0xFE,0xC0,0x41,0x00,0x00,0x00,0x00,0x00,0x00,0x00,0x00,0x00,0x00,0x40,0x52,0x00,0xFF,0x80,0xFE,0xA0,0xFE,
    0xA0,0xFE,0x80,0xFE,0xE0,0xFE,0x60,0xF6,0x60,0x7B,0x60,0xF6,0xA0,0xFE,0xA0,0xFE,0x00,0xFF,0x20,0x9C,0xE0,0xDD,0xE0,0xFE,
    0x80,0xFE,0xA0,0xFE,0x80,0xFE,0x20,0xFF,0xE0,0x93,0x00,0x00,0x00,0x00,0x00,0x00,0x00,0x00,0x20,0x29,0xA0,0xF6,0xA0,0xFE,
    0xA0,0xFE,0xA0,0xFE,0xA0,0xFE,0xA3,0xFE,0xDD,0xFF,0xFF,0xFF,0x00,0x00,0x00,0x00,0x00,0x00,0x00,0x00,0x00,0x00,0x00,0x00,
    0x00,0x00,0x00,0x00,0x00,0x00,0x00,0x00,0x00,0x00,0x00,0x00,0x00,0x00,0x00,0x00,0x00,0x00,0x00,0x00,0x00,0x00,0x00,0x00,
    0x00,0x00,0x00,0x00,0x00,0x00,0x00,0x00,0x00,0x00,0x00,0x00,0x00,0x00,0x00,0x00,0x00,0x00,0x00,0x00,0x00,0x00,0x00,0x00,
    0x00,0x00,0x00,0x00,0x00,0x00,0x00,0x00,0x00,0x00,0x00,0x00,0x00,0x00,0x00,0x00,0x00,0x00,0x00,0x00,0x00,0x00,0x00,0x00,
    0x00,0x00,0x00,0x00,0x00,0x00,0x00,0x00,0xB7,0xFF,0xA0,0xFE,0xA0,0xFE,0xA0,0xFE,0xA0,0xFE,0xC0,0xFE,0x60,0xEE,0xC0,0x18,
    0x00,0x00,0x00,0x00,0x00,0x00,0x00,0x00,0xC0,0xB4,0x00,0xFF,0x80,0xFE,0xA0,0xFE,0xA0,0xFE,0xA0,0xFE,0xC0,0xFE,0x60,0xF6,
    0x80,0x10,0x00,0x00,0x00,0x00,0x00,0x00,0x40,0xCD,0x00,0xFF,0x60,0xFE,0x00,0xFF,0x00,0xDE,0x00,0x21,0x00,0x00,0x00,0x00,
    0x00,0x00,0x20,0x00,0x00,0x00,0x00,0x73,0x00,0xFF,0x80,0xFE,0xA0,0xFE,0xA0,0xFE,0x40,0xFF,0x20,0xC5,0x20,0x00,0x00,0x00,
    0x00,0x00,0x00,0x00,0x20,0x00,0x00,0x00,0x00,0x00,0x40,0x08,0x00,0x6B,0x20,0xE6,0xC0,0xFE,0xA0,0xFE,0xA0,0xFE,0xA0,0xFE,
    0xA0,0xFE,0xA0,0xFE,0xA0,0xFE,0xA0,0xFE,0xA0,0xFE,0xA0,0xFE,0xA0,0xFE,0xA0,0xFE,0xA0,0xFE,0xA0,0xFE,0xA0,0xFE,0xA0,0xFE,
    0xA0,0xFE,0xA0,0xFE,0xA0,0xFE,0xA0,0xFE,0xA0,0xFE,0xA0,0xFE,0xA0,0xFE,0xA0,0xFE,0xA0,0xFE,0xA0,0xFE,0xA0,0xFE,0xA0,0xFE,
    0xA0,0xFE,0xA0,0xFE,0xA0,0xFE,0xA0,0xFE,0xA0,0xFE,0xA0,0xFE,0xA0,0xFE,0xA0,0xFE,0xA0,0xFE,0xA0,0xFE,0xA0,0xFE,0xA0,0xFE,
    0xA0,0xFE,0xA0,0xFE,0xA0,0xFE,0xA0,0xFE,0xA0,0xFE,0xA0,0xFE,0x00,0xFF,0xE0,0xFE,0xE0,0xB4,0xC0,0x39,0x00,0x00,0x00,0x00,
    0x20,0x00,0x00,0x00,0x00,0x00,0x00,0x00,0x00,0x00,0x00,0x00,0x00,0x00,0xC0,0x18,0x80,0xF6,0xC0,0xFE,0x40,0xEE,0xC0,0x18,
    0x00,0x00,0x00,0x00,0x00,0x00,0x20,0x00,0x00,0x00,0x60,0x7B,0x20,0xFF,0x80,0xFE,0x80,0xFE,0xE0,0xFE,0x20,0xE6,0x80,0x39,
    0x00,0x00,0xA0,0x62,0x20,0xFF,0xA0,0xFE,0x80,0xFE,0x00,0xFF,0xC0,0xFE,0x80,0xFE,0xA0,0xFE,0x80,0xFE,0x00,0xFF,0x00,0xBD,
    0x00,0x00,0x00,0x00,0x00,0x00,0x00,0x00,0x40,0x08,0xA0,0xD5,0xE0,0xFE,0x80,0xFE,0xA0,0xFE,0xA0,0xFE,0x80,0xFE,0x95,0xFF,
    0xFF,0xFF,0x00,0x00,0x00,0x00,0x00,0x00,0x00,0x00,0x00,0x00,0x00,0x00,0x00,0x00,0x00,0x00,0x00,0x00,0x00,0x00,0x00,0x00,
    0x00,0x00,0x00,0x00,0x00,0x00,0x00,0x00,0x00,0x00,0x00,0x00,0x00,0x00,0x00,0x00,0x00,0x00,0x00,0x00,0x00,0x00,0x00,0x00,
    0x00,0x00,0x00,0x00,0x00,0x00,0x00,0x00,0x00,0x00,0x00,0x00,0x00,0x00,0x00,0x00,0x00,0x00,0x00,0x00,0x00,0x00,0x00,0x00,
    0x00,0x00,0x00,0x00,0x00,0x00,0x00,0x00,0x00,0x00,0x00,0x00,0x00,0x00,0x00,0x00,0x00,0x00,0x00,0x00,0x00,0x00,0x00,0x00,
    0x00,0x00,0x4F,0xFF,0x80,0xFE,0xA0,0xFE,0xA0,0xFE,0x80,0xFE,0x00,0xFF,0x20,0xC5,0x20,0x00,0x00,0x00,0x00,0x00,0x00,0x00,
    0x60,0x08,0xA0,0xD5,0x00,0xFF,0x80,0xFE,0xA0,0xFE,0xA0,0xFE,0x80,0xFE,0x00,0xFF,0x40,0x52,0x00,0x00,0x20,0x00,0x00,0x00,
    0x40,0x52,0xC0,0xF6,0x00,0xFF,0x60,0xCD,0xE0,0x20,0x00,0x00,0x00,0x00,0x00,0x00,0x20,0x00,0x00,0x00,0x20,0x52,0xE0,0xFE,
    0xA0,0xFE,0xA0,0xFE,0xA0,0xFE,0x80,0xFE,0x00,0xFF,0x40,0x7B,0x00,0x00,0x00,0x00,0x00,0x00,0x00,0x00,0x00,0x00,0x00,0x00,
    0x20,0x00,0x00,0x00,0x00,0x00,0x80,0xD5,0xE0,0xFE,0x80,0xFE,0xA0,0xFE,0xA0,0xFE,0xA0,0xFE,0xA0,0xFE,0xA0,0xFE,0xA0,0xFE,
    0xA0,0xFE,0x80,0xFE,0x80,0xFE,0x80,0xFE,0x80,0xFE,0xA0,0xFE,0xA0,0xFE,0xA0,0xFE,0xA0,0xFE,0xA0,0xFE,0xA0,0xFE,0xA0,0xFE,
    0xA0,0xFE,0xA0,0xFE,0xA0,0xFE,0xA0,0xFE,0xA0,0xFE,0xA0,0xFE,0xA0,0xFE,0xA0,0xFE,0xA0,0xFE,0xA0,0xFE,0xA0,0xFE,0xA0,0xFE,
    0xA0,0xFE,0xA0,0xFE,0xA0,0xFE,0xA0,0xFE,0xA0,0xFE,0xA0,0xFE,0xA0,0xFE,0x80,0xFE,0x80,0xFE,0xA0,0xFE,0xA0,0xFE,0xA0,0xFE,
    0xA0,0xFE,0xC0,0xFE,0x80,0xA4,0xA0,0x39,0x00,0x00,0x00,0x00,0x00,0x00,0x00,0x00,0x00,0x00,0x20,0x08,0x40,0x29,0x00,0x00,
    0x00,0x00,0x00,0x00,0x00,0x00,0x00,0x00,0x80,0xD5,0xC0,0xFE,0xE0,0xFE,0x60,0xCD,0x20,0x00,0x00,0x00,0x00,0x00,0x00,0x00,
    0x00,0x00,0x00,0x00,0x80,0xAC,0x00,0xFF,0x00,0xFF,0x80,0xCD,0xE0,0x20,0x00,0x00,0x20,0x00,0x00,0x00,0xA0,0x83,0xE0,0xFE,
    0x80,0xFE,0x80,0xFE,0xA0,0xFE,0xA0,0xFE,0x80,0xFE,0xE0,0xFE,0xE0,0xDD,0x80,0x10,0x00,0x00,0x00,0x00,0x00,0x00,0x00,0x00,
    0x40,0xA4,0x20,0xFF,0x80,0xFE,0xA0,0xFE,0xA0,0xFE,0x80,0xFE,0x2D,0xFF,0xFF,0xFF,0x00,0x00,0x00,0x00,0x00,0x00,0x00,0x00,
    0x00,0x00,0x00,0x00,0x00,0x00,0x00,0x00,0x00,0x00,0x00,0x00,0x00,0x00,0x00,0x00,0x00,0x00,0x00,0x00,0x00,0x00,0x00,0x00,
    0x00,0x00,0x00,0x00,0x00,0x00,0x00,0x00,0x00,0x00,0x00,0x00,0x00,0x00,0x00,0x00,0x00,0x00,0x00,0x00,0x00,0x00,0x00,0x00,
    0x00,0x00,0x00,0x00,0x00,0x00,0x00,0x00,0x00,0x00,0x00,0x00,0x00,0x00,0x00,0x00,0x00,0x00,0x00,0x00,0x00,0x00,0x00,0x00,
    0x00,0x00,0x00,0x00,0x00,0x00,0x00,0x00,0x00,0x00,0x00,0x00,0x00,0x00,0x00,0x00,0x00,0x00,0x00,0x00,0xE7,0xFE,0xA0,0xFE,
    0xA0,0xFE,0xA0,0xFE,0x80,0xFE,0x20,0xFF,0xE0,0x93,0x00,0x00,0x20,0x00,0x00,0x00,0x00,0x00,0xE0,0x20,0x40,0xE6,0xC0,0xFE,
    0x80,0xFE,0xA0,0xFE,0xA0,0xFE,0xE0,0xFE,0xC0,0xD5,0x40,0x08,0x00,0x00,0x00,0x00,0x00,0x00,0x00,0x29,0x00,0x42,0x00,0x00,
    0x00,0x00,0x00,0x00,0x00,0x00,0x20,0x00,0x00,0x00,0xE0,0x41,0xC0,0xFE,0xA0,0xFE,0x80,0xFE,0xA0,0xFE,0xA0,0xFE,0xC0,0xFE,
    0xE0,0xDD,0x40,0x08,0x00,0x00,0x00,0x00,0x00,0x00,0x00,0x00,0x80,0x39,0x00,0x00,0x00,0x00,0x00,0x00,0x20,0x52,0x00,0xFF,
    0x80,0xFE,0xA0,0xFE,0xA0,0xFE,0xA0,0xFE,0xA0,0xFE,0xA0,0xFE,0xA0,0xFE,0x80,0xFE,0xA0,0xFE,0xE0,0xFE,0x00,0xFF,0x20,0xFF,
    0x00,0xFF,0xE0,0xFE,0xA0,0xFE,0x80,0xFE,0xA0,0xFE,0xA0,0xFE,0xA0,0xFE,0xA0,0xFE,0xA0,0xFE,0xA0,0xFE,0xA0,0xFE,0xA0,0xFE,
    0xA0,0xFE,0xA0,0xFE,0xA0,0xFE,0xA0,0xFE,0xA0,0xFE,0x80,0xFE,0x80,0xFE,0x80,0xFE,0xA0,0xFE,0xA0,0xFE,0xA0,0xFE,0xA0,0xFE,
    0x80,0xFE,0xA0,0xFE,0xC0,0xFE,0x00,0xFF,0x20,0xFF,0xE0,0xFE,0xA0,0xFE,0xA0,0xFE,0x80,0xFE,0x00,0xFF,0x20,0x52,0x00,0x00,
    0x20,0x00,0x00,0x00,0x00,0x00,0x40,0x08,0x80,0x62,0xA0,0xD5,0x20,0xFF,0x60,0x7B,0x00,0x00,0x00,0x00,0x00,0x00,0x00,0x00,
    0x60,0xCD,0xE0,0xFE,0x60,0xFE,0x20,0xFF,0x20,0x9C,0x00,0x00,0x00,0x00,0x00,0x00,0x00,0x00,0x00,0x00,0x40,0x08,0xC0,0xD5,
    0x00,0xBD,0x40,0x08,0x00,0x00,0x00,0x00,0x20,0x00,0x00,0x00,0x20,0x29,0x80,0xF6,0xA0,0xFE,0xA0,0xFE,0xA0,0xFE,0x80,0xFE,
    0xC0,0xFE,0x60,0xEE,0x00,0x21,0x00,0x00,0x00,0x00,0x00,0x00,0x00,0x00,0x00,0x73,0x20,0xFF,0x80,0xFE,0xA0,0xFE,0xA0,0xFE,
    0xA0,0xFE,0xC6,0xFE,0xFE,0xFF,0x00,0x00,0x00,0x00,0x00,0x00,0x00,0x00,0x00,0x00,0x00,0x00,0x00,0x00,0x00,0x00,0x00,0x00,
    0x00,0x00,0x00,0x00,0x00,0x00,0x00,0x00,0x00,0x00,0x00,0x00,0x00,0x00,0x00,0x00,0x00,0x00,0x00,0x00,0x00,0x00,0x00,0x00,
    0x00,0x00,0x00,0x00,0x00,0x00,0x00,0x00,0x00,0x00,0x00,0x00,0x00,0x00,0x00,0x00,0x00,0x00,0x00,0x00,0x00,0x00,0x00,0x00,
    0x00,0x00,0x00,0x00,0x00,0x00,0x00,0x00,0x00,0x00,0x00,0x00,0x00,0x00,0x00,0x00,0x00,0x00,0x00,0x00,0x00,0x00,0x00,0x00,
    0x00,0x00,0x00,0x00,0x00,0x00,0x00,0x00,0x00,0x00,0x00,0x00,0xDB,0xFF,0xA1,0xFE,0xA0,0xFE,0xA0,0xFE,0xA0,0xFE,0x80,0xFE,
    0x00,0xFF,0xC0,0x62,0x00,0x00,0x20,0x00,0x00,0x00,0x00,0x00,0x60,0x31,0x80,0xF6,0xC0,0xFE,0x80,0xFE,0xA0,0xFE,0x80,0xFE,
    0x00,0xFF,0xA0,0xAC,0x00,0x00,0x00,0x00,0x20,0x00,0x00,0x00,0x00,0x00,0x00,0x00,0x00,0x00,0x00,0x00,0x00,0x00,0x00,0x00,
    0x20,0x4A,0xA0,0xF6,0xC0,0xFE,0x80,0xFE,0xA0,0xFE,0xA0,0xFE,0x80,0xFE,0x20,0xFF,0xA0,0x62,0x00,0x00,0x00,0x00,0x00,0x00,
    0x00,0x00,0xA0,0x39,0x00,0xFF,0xE0,0xB4,0x60,0x31,0x00,0x00,0xE0,0xBC,0x00,0xFF,0x80,0xFE,0xA0,0xFE,0xA0,0xFE,0xA0,0xFE,
    0xA0,0xFE,0xA0,0xFE,0x80,0xFE,0xE0,0xFE,0xC0,0xFE,0x40,0xC5,0x20,0x9C,0x00,0x94,0xA0,0xAC,0xC0,0xDD,0xC0,0xFE,0x00,0xFF,
    0xA0,0xFE,0x80,0xFE,0xA0,0xFE,0xA0,0xFE,0xC0,0xFE,0xC0,0xFE,0xC0,0xFE,0xC0,0xFE,0xC0,0xFE,0xC0,0xFE,0xC0,0xFE,0xC0,0xFE,
    0xE0,0xFE,0xE0,0xFE,0xE0,0xFE,0xE0,0xFE,0xC0,0xFE,0xA0,0xFE,0xA0,0xFE,0xC0,0xFE,0x00,0xFF,0xA0,0xFE,0xE0,0xDD,0xE0,0xB4,
    0x00,0x73,0x20,0x9C,0x00,0xFF,0x80,0xFE,0xA0,0xFE,0xE0,0xFE,0xC0,0xDD,0x40,0x08,0x00,0x00,0x00,0x00,0x00,0x00,0xA0,0x10,
    0x80,0xF6,0xE0,0xFE,0xA0,0xFE,0x40,0xEE,0x80,0x10,0x00,0x00,0x00,0x00,0xA0,0x18,0x80,0xF6,0xA0,0xFE,0x80,0xFE,0x80,0xFE,
    0x20,0xFF,0xE0,0x6A,0x00,0x00,0x20,0x00,0x00,0x00,0x00,0x00,0x00,0x00,0xA0,0x10,0x20,0x00,0x00,0x00,0x00,0x00,0x00,0x00,
    0x00,0x00,0xC0,0x41,0x40,0xEE,0xC0,0xFE,0xA0,0xFE,0xA0,0xFE,0x80,0xFE,0xA0,0xFE,0xA0,0xF6,0x80,0x39,0x00,0x00,0x00,0x00,
    0x00,0x00,0x00,0x00,0x00,0x4A,0xE0,0xFE,0xA0,0xFE,0xA0,0xFE,0xA0,0xFE,0xA0,0xFE,0xA1,0xFE,0xBA,0xFF,0xFF,0xFF,0x00,0x00,
    0x00,0x00,0x00,0x00,0x00,0x00,0x00,0x00,0x00,0x00,0x00,0x00,0x00,0x00,0x00,0x00,0x00,0x00,0x00,0x00,0x00,0x00,0x00,0x00,
    0x00,0x00,0x00,0x00,0x00,0x00,0x00,0x00,0x00,0x00,0x00,0x00,0x00,0x00,0x00,0x00,0x00,0x00,0x00,0x00,0x00,0x00,0x00,0x00,
    0x00,0x00,0x00,0x00,0x00,0x00,0x00,0x00,0x00,0x00,0x00,0x00,0x00,0x00,0x00,0x00,0x00,0x00,0x00,0x00,0x00,0x00,0x00,0x00,
    0x00,0x00,0x00,0x00,0x00,0x00,0x00,0x00,0x00,0x00,0x00,0x00,0x00,0x00,0x00,0x00,0x00,0x00,0x00,0x00,0x00,0x00,0x00,0x00,
    0x00,0x00,0x00,0x00,0x00,0x00,0x95,0xFF,0xA0,0xFE,0xA0,0xFE,0xA0,0xFE,0xA0,0xFE,0xA0,0xFE,0xE0,0xFE,0xE0,0x41,0x00,0x00,
    0x00,0x00,0x00,0x00,0x00,0x00,0xC0,0x41,0xC0,0xFE,0xA0,0xFE,0x80,0xFE,0xA0,0xFE,0x80,0xFE,0x00,0xFF,0xA0,0xAC,0x60,0x08,
    0x00,0x00,0x00,0x00,0x20,0x00,0x00,0x00,0x00,0x00,0x00,0x00,0x00,0x00,0x40,0x73,0xE0,0xFE,0xC0,0xFE,0xA0,0xFE,0xA0,0xFE,
    0xA0,0xFE,0x80,0xFE,0xE0,0xFE,0xA0,0xD5,0x20,0x00,0x00,0x00,0x00,0x00,0x00,0x00,0x00,0x00,0x20,0xC5,0xE0,0xFE,0xE0,0xFE,
    0xA0,0xFE,0x80,0xA4,0x60,0xF6,0xA0,0xFE,0xA0,0xFE,0xA0,0xFE,0xA0,0xFE,0xA0,0xFE,0xA0,0xFE,0x80,0xFE,0x00,0xFF,0x80,0xCD,
    0x80,0x31,0x00,0x00,0x00,0x00,0x00,0x00,0x00,0x00,0x20,0x00,0x60,0x31,0x00,0x94,0xA0,0xFE,0xC0,0xFE,0x80,0xFE,0x80,0xFE,
    0x40,0xEE,0x40,0xEE,0x40,0xEE,0x40,0xEE,0x20,0xEE,0x00,0xE6,0x00,0xE6,0xE0,0xDD,0xC0,0xDD,0xA0,0xD5,0x80,0xD5,0x60,0xCD,
    0xE0,0xDD,0xA0,0xFE,0xC0,0xFE,0x80,0xD5,0x60,0x52,0x20,0x29,0x40,0x08,0x00,0x00,0x00,0x00,0x40,0x08,0x20,0xE6,0xC0,0xFE,
    0xA0,0xFE,0x80,0xFE,0x20,0xFF,0xA0,0x62,0x00,0x00,0x00,0x00,0x00,0x00,0x00,0x00,0x40,0x7B,0x00,0xFF,0xC0,0xFE,0x80,0xF6,
    0xA0,0x10,0x00,0x00,0x00,0x00,0x41,0x7B,0x80,0xEE,0xA0,0xFE,0x00,0xFF,0x80,0xFE,0xA0,0xFE,0xE0,0xFE,0xE0,0x41,0x00,0x00,
    0x00,0x00,0x00,0x00,0x00,0x00,0x00,0x00,0x00,0x00,0x00,0x00,0x00,0x00,0x00,0x00,0xC0,0x62,0xC0,0xFE,0xC0,0xFE,0xA0,0xFE,
    0xA0,0xFE,0xA0,0xFE,0xA0,0xFE,0xE0,0xFE,0x00,0x4A,0x00,0x00,0x00,0x00,0x00,0x00,0x00,0x00,0x20,0x29,0x80,0xF6,0xC0,0xFE,
    0x80,0xFE,0xA0,0xFE,0xA0,0xFE,0x80,0xFE,0x74,0xFF,0xFF,0xFF,0x00,0x00,0x00,0x00,0x00,0x00,0x00,0x00,0x00,0x00,0x00,0x00,
    0x00,0x00,0x00,0x00,0x00,0x00,0x00,0x00,0x00,0x00,0x00,0x00,0x00,0x00,0x00,0x00,0x00,0x00,0x00,0x00,0x00,0x00,0x00,0x00,
    0x00,0x00,0x00,0x00,0x00,0x00,0x00,0x00,0x00,0x00,0x00,0x00,0x00,0x00,0x00,0x00,0x00,0x00,0x00,0x00,0x00,0x00,0x00,0x00,
    0x00,0x00,0x00,0x00,0x00,0x00,0x00,0x00,0x00,0x00,0x00,0x00,0x00,0x00,0x00,0x00,0x00,0x00,0x00,0x00,0x00,0x00,0x00,0x00,
    0x00,0x00,0x00,0x00,0x00,0x00,0x00,0x00,0x00,0x00,0x00,0x00,0x00,0x00,0x00,0x00,0x00,0x00,0x00,0x00,0x00,0x00,0x00,0x00,
    0x4E,0xFF,0x80,0xFE,0xA0,0xFE,0xA0,0xFE,0xA0,0xFE,0xC0,0xFE,0x80,0xEE,0x40,0x29,0x00,0x00,0x00,0x00,0x00,0x00,0x00,0x00,
    0x00,0x4A,0xC0,0xFE,0xA0,0xFE,0xA0,0xFE,0xA0,0xFE,0x80,0xFE,0x00,0xFF,0xC0,0xD5,0x20,0x4A,0x20,0x00,0x00,0x00,0x00,0x00,
    0x00,0x00,0xA0,0x39,0x20,0xBD,0x20,0xFF,0xA0,0xFE,0xA0,0xFE,0xA0,0xFE,0xA0,0xFE,0xA0,0xFE,0x80,0xFE,0x00,0xFF,0x40,0x52,
    0x00,0x00,0x00,0x00,0x00,0x00,0x00,0x00,0x00,0x4A,0x00,0xFF,0x80,0xFE,0x80,0xFE,0xA0,0xFE,0x00,0xFF,0xA0,0xFE,0xA0,0xFE,
    0xA0,0xFE,0xA0,0xFE,0xA0,0xFE,0xA0,0xFE,0x80,0xFE,0xE0,0xFE,0x80,0xCD,0x40,0x08,0x00,0x00,0x00,0x00,0x20,0x00,0x00,0x00,
    0x00,0x00,0x00,0x00,0x00,0x00,0x00,0x00,0x80,0x39,0x20,0xE6,0x20,0xFF,0x40,0x9C,0x80,0x10,0xA0,0x18,0x80,0x10,0x80,0x10,
    0x60,0x10,0x60,0x08,0x40,0x08,0x20,0x08,0x20,0x00,0x00,0x00,0x00,0x00,0x00,0x00,0x00,0x73,0x00,0xFF,0x00,0xFF,0xE0,0x93,
    0x00,0x00,0x00,0x00,0x00,0x00,0x00,0x00,0x20,0x00,0x00,0x00,0xE0,0x6A,0x20,0xFF,0x80,0xFE,0xA0,0xFE,0xE0,0xFE,0xA0,0xD5,
    0x20,0x00,0x00,0x00,0x00,0x00,0x00,0x00,0x60,0x10,0x40,0xEE,0x60,0xE6,0x40,0x52,0x00,0x00,0x00,0x00,0x00,0x00,0xA0,0x18,
    0x80,0x10,0x40,0x29,0x80,0xAC,0x00,0xFF,0x80,0xFE,0xC0,0xFE,0x60,0xEE,0xE0,0x20,0x00,0x00,0x00,0x00,0x00,0x00,0x00,0x00,
    0x00,0x00,0x00,0x00,0x00,0x00,0xC0,0x8B,0x00,0xFF,0xA0,0xFE,0x80,0xFE,0xA0,0xFE,0xA0,0xFE,0xA0,0xFE,0xE0,0xFE,0x60,0x52,
    0x00,0x00,0x00,0x00,0x00,0x00,0x00,0x00,0xA0,0x18,0x00,0xDE,0xE0,0xFE,0x80,0xFE,0xA0,0xFE,0xA0,0xFE,0x80,0xFE,0x2E,0xFF,
    0xFF,0xFF,0x00,0x00,0x00,0x00,0x00,0x00,0x00,0x00,0x00,0x00,0x00,0x00,0x00,0x00,0x00,0x00,0x00,0x00,0x00,0x00,0x00,0x00,
    0x00,0x00,0x00,0x00,0x00,0x00,0x00,0x00,0x00,0x00,0x00,0x00,0x00,0x00,0x00,0x00,0x00,0x00,0x00,0x00,0x00,0x00,0x00,0x00,
    0x00,0x00,0x00,0x00,0x00,0x00,0x00,0x00,0x00,0x00,0x00,0x00,0x00,0x00,0x00,0x00,0x00,0x00,0x00,0x00,0x00,0x00,0x00,0x00,
    0x00,0x00,0x00,0x00,0x00,0x00,0x00,0x00,0x00,0x00,0x00,0x00,0x00,0x00,0x00,0x00,0x00,0x00,0x00,0x00,0x00,0x00,0x00,0x00,
    0x00,0x00,0x00,0x00,0x00,0x00,0x00,0x00,0x00,0x00,0x00,0x00,0x00,0x00,0x00,0x00,0x00,0x00,0x09,0xFF,0x80,0xFE,0xA0,0xFE,
    0xA0,0xFE,0x80,0xFE,0xE0,0xFE,0x20,0xE6,0xC0,0x18,0x00,0x00,0x00,0x00,0x20,0x00,0x00,0x00,0x40,0x52,0xE0,0xFE,0xA0,0xFE,
    0xA0,0xFE,0xA0,0xFE,0x80,0xFE,0xE0,0xFE,0x00,0xFF,0xC0,0xDD,0xA0,0xAC,0x40,0xA4,0x60,0xCD,0xC0,0xFE,0xE0,0xFE,0x80,0xFE,
    0xA0,0xFE,0xA0,0xFE,0xA0,0xFE,0xA0,0xFE,0x80,0xFE,0xE0,0xFE,0x60,0xCD,0x00,0x00,0x00,0x00,0x00,0x00,0x00,0x00,0x00,0x00,
    0x60,0xCD,0xE0,0xFE,0x80,0xFE,0xA0,0xFE,0xA0,0xFE,0x80,0xFE,0xA0,0xFE,0xA0,0xFE,0xA0,0xFE,0xA0,0xFE,0xA0,0xFE,0xA0,0xFE,
    0xA0,0xFE,0xA0,0xF6,0x20,0x29,0x00,0x00,0x20,0x00,0x00,0x00,0x00,0x00,0x00,0x21,0x40,0x08,0x00,0x00,0x00,0x00,0x20,0x00,
    0x00,0x00,0xE0,0x41,0x60,0xFF,0x00,0x94,0x00,0x00,0x00,0x00,0x00,0x00,0x00,0x00,0x00,0x00,0x00,0x00,0x00,0x00,0x00,0x00,
    0x00,0x00,0x00,0x00,0x20,0x00,0x20,0x00,0x80,0x83,0x00,0xFF,0x00,0xFF,0x80,0x83,0x00,0x00,0x20,0x00,0x00,0x00,0x00,0x00,
    0x00,0x00,0x00,0x00,0x20,0x08,0xC0,0xDD,0xE0,0xFE,0xA0,0xFE,0x80,0xFE,0x20,0xFF,0x80,0x5A,0x00,0x00,0x00,0x00,0x00,0x00,
    0x00,0x00,0x60,0x31,0x80,0x10,0x00,0x00,0x20,0x00,0x00,0x00,0x00,0x00,0x00,0x00,0x00,0x00,0x00,0x00,0x00,0x00,0x00,0xBD,
    0x00,0xFF,0x80,0xFE,0xE0,0xFE,0x80,0xCD,0x40,0x08,0x00,0x00,0x00,0x00,0x00,0x00,0x00,0x00,0x60,0x08,0xC0,0xB4,0x20,0xFF,
    0x80,0xFE,0xA0,0xFE,0xA0,0xFE,0xA0,0xFE,0xA0,0xFE,0x00,0xFF,0xA0,0x62,0x00,0x00,0x20,0x00,0x00,0x00,0x00,0x00,0x60,0x08,
    0x80,0xCD,0x00,0xFF,0x80,0xFE,0xA0,0xFE,0xA0,0xFE,0x80,0xFE,0x09,0xFF,0xFF,0xFF,0x00,0x00,0x00,0x00,0x00,0x00,0x00,0x00,
    0x00,0x00,0x00,0x00,0x00,0x00,0x00,0x00,0x00,0x00,0x00,0x00,0x00,0x00,0x00,0x00,0x00,0x00,0x00,0x00,0x00,0x00,0x00,0x00,
    0x00,0x00,0x00,0x00,0x00,0x00,0x00,0x00,0x00,0x00,0x00,0x00,0x00,0x00,0x00,0x00,0x00,0x00,0x00,0x00,0x00,0x00,0x00,0x00,
    0x00,0x00,0x00,0x00,0x00,0x00,0x00,0x00,0x00,0x00,0x00,0x00,0x00,0x00,0x00,0x00,0x00,0x00,0x00,0x00,0x00,0x00,0x00,0x00,
    0x00,0x00,0x00,0x00,0x00,0x00,0x00,0x00,0x00,0x00,0x00,0x00,0x00,0x00,0x00,0x00,0x00,0x00,0x00,0x00,0x00,0x00,0x00,0x00,
    0x00,0x00,0x00,0x00,0x00,0x00,0x00,0x00,0x00,0x00,0xFD,0xFF,0xC5,0xFE,0xA0,0xFE,0xA0,0xFE,0xA0,0xFE,0x80,0xFE,0xE0,0xFE,
    0xC0,0xD5,0x80,0x10,0x00,0x00,0x00,0x00,0x20,0x00,0x00,0x00,0x40,0x52,0xC0,0xFE,0xA0,0xFE,0x80,0xFE,0xA0,0xFE,0xA0,0xFE,
    0x80,0xFE,0xE0,0xFE,0x00,0xFF,0x00,0xFF,0xE0,0xFE,0xA0,0xFE,0x80,0xFE,0xA0,0xFE,0xA0,0xFE,0xA0,0xFE,0xA0,0xFE,0xA0,0xFE,
    0x80,0xFE,0x00,0xFF,0x00,0x4A,0x00,0x00,0x00,0x00,0x00,0x00,0x00,0x00,0x60,0x52,0x00,0xFF,0x80,0xFE,0xA0,0xFE,0xA0,0xFE,
    0xA0,0xFE,0xA0,0xFE,0xA0,0xFE,0xA0,0xFE,0xA0,0xFE,0xA0,0xFE,0xA0,0xFE,0x80,0xFE,0x00,0xFF,0x60,0xA4,0x00,0x00,0x00,0x00,
    0x00,0x00,0x00,0x00,0x00,0x94,0xE0,0xFE,0x20,0xDE,0x00,0x4A,0x00,0x00,0x00,0x00,0x00,0x00,0x00,0x00,0x40,0xEE,0x80,0xAC,
    0x00,0x00,0x00,0x00,0x00,0x00,0x00,0x00,0x00,0x00,0x00,0x00,0x00,0x00,0x00,0x00,0x00,0x00,0x00,0x00,0x00,0x00,0x00,0x00,
    0x20,0x73,0x00,0xFF,0x00,0xFF,0x00,0x73,0x00,0x00,0x00,0x00,0x00,0x00,0x00,0x00,0x00,0x00,0x00,0x00,0x00,0x00,0x60,0x5A,
    0x00,0xFF,0x80,0xFE,0xA0,0xFE,0xE0,0xFE,0xA0,0xD5,0x20,0x00,0x00,0x00,0x00,0x00,0x00,0x00,0x00,0x00,0x00,0x00,0x00,0x00,
    0x00,0x00,0x00,0x00,0x00,0x00,0x00,0x00,0x00,0x00,0x20,0x00,0x00,0x00,0x20,0x29,0xC0,0xFE,0xA0,0xFE,0x80,0xFE,0x20,0xFF,
    0x80,0xA4,0x00,0x00,0x20,0x00,0x00,0x00,0x00,0x21,0x80,0xCD,0x00,0xFF,0x80,0xFE,0xA0,0xFE,0xA0,0xFE,0xA0,0xFE,0xA0,0xFE,
    0xE0,0xFE,0xA0,0x62,0x00,0x00,0x00,0x00,0x00,0x00,0x00,0x00,0x40,0x08,0x20,0xBD,0x00,0xFF,0x80,0xFE,0xA0,0xFE,0xA0,0xFE,
    0x80,0xFE,0xC5,0xFE,0xFD,0xFF,0xFF,0xFF,0x00,0x00,0x00,0x00,0x00,0x00,0x00,0x00,0x00,0x00,0x00,0x00,0x00,0x00,0x00,0x00,
    0x00,0x00,0x00,0x00,0x00,0x00,0x00,0x00,0x00,0x00,0x00,0x00,0x00,0x00,0x00,0x00,0x00,0x00,0x00,0x00,0x00,0x00,0x00,0x00,
    0x00,0x00,0x00,0x00,0x00,0x00,0x00,0x00,0x00,0x00,0x00,0x00,0x00,0x00,0x00,0x00,0x00,0x00,0x00,0x00,0x00,0x00,0x00,0x00,
    0x00,0x00,0x00,0x00,0x00,0x00,0x00,0x00,0x00,0x00,0x00,0x00,0x00,0x00,0x00,0x00,0x00,0x00,0x00,0x00,0x00,0x00,0x00,0x00,
    0x00,0x00,0x00,0x00,0x00,0x00,0x00,0x00,0x00,0x00,0x00,0x00,0x00,0x00,0x00,0x00,0x00,0x00,0x00,0x00,0x00,0x00,0x00,0x00,
    0x00,0x00,0x00,0x00,0xDB,0xFF,0xA2,0xFE,0xA0,0xFE,0xA0,0xFE,0xA0,0xFE,0x80,0xFE,0x00,0xFF,0x60,0xC5,0x60,0x08,0x00,0x00,
    0x00,0x00,0x00,0x00,0x00,0x00,0x00,0x4A,0xA0,0xF6,0xC0,0xFE,0x80,0xFE,0xA0,0xFE,0xA0,0xFE,0xA0,0xFE,0x80,0xFE,0x80,0xFE,
    0x80,0xFE,0xA0,0xFE,0xA0,0xFE,0xA0,0xFE,0xA0,0xFE,0xA0,0xFE,0xA0,0xFE,0x80,0xFE,0x00,0xFF,0x00,0xC5,0x00,0x00,0x00,0x00,
    0x00,0x00,0x00,0x00,0x20,0x00,0xA0,0xD5,0xE0,0xFE,0xA0,0xFE,0xA0,0xFE,0xA0,0xFE,0xA0,0xFE,0xA0,0xFE,0xA0,0xFE,0xA0,0xFE,
    0xA0,0xFE,0xA0,0xFE,0xA0,0xFE,0x80,0xFE,0x20,0xFF,0xA0,0x62,0x00,0x00,0x20,0x00,0x00,0x00,0x00,0x21,0xE0,0xFE,0x80,0xFE,
    0x20,0xFF,0x80,0xD5,0x00,0x00,0x20,0x00,0x20,0x00,0x00,0x00,0x40,0xC5,0x60,0xCD,0xE0,0x20,0x00,0x21,0x20,0x21,0xE0,0x18,
    0x00,0x00,0x00,0x00,0x00,0x00,0x00,0x00,0xC0,0x18,0xE0,0x41,0x00,0x4A,0x20,0x52,0x60,0xA4,0xE0,0xFE,0x00,0xFF,0xA0,0x62,
    0x00,0x00,0x00,0x00,0xA0,0x18,0x20,0x4A,0x00,0x00,0x00,0x00,0x00,0x00,0x00,0x00,0x80,0xCD,0xE0,0xFE,0xA0,0xFE,0x80,0xFE,
    0x00,0xFF,0x60,0x5A,0x00,0x00,0x00,0x00,0x00,0x00,0x00,0x00,0x20,0x00,0xE0,0x18,0x40,0x73,0x60,0xC5,0xC0,0xB4,0x60,0x10,
    0x00,0x00,0x00,0x00,0x00,0x00,0x00,0x00,0x20,0xC5,0x00,0xFF,0xA0,0xFE,0x80,0xFE,0x20,0xFF,0x40,0x7B,0x00,0x00,0x00,0x4A,
    0x60,0xEE,0xE0,0xFE,0x80,0xFE,0xA0,0xFE,0xA0,0xFE,0x80,0xFE,0xC0,0xFE,0xE0,0xFE,0x60,0x5A,0x00,0x00,0x00,0x00,0x00,0x00,
    0x00,0x00,0x20,0x00,0xE0,0xB4,0x00,0xFF,0x80,0xFE,0xA0,0xFE,0xA0,0xFE,0xA0,0xFE,0xA2,0xFE,0xDB,0xFF,0xFF,0xFF,0x00,0x00,
    0x00,0x00,0x00,0x00,0x00,0x00,0x00,0x00,0x00,0x00,0x00,0x00,0x00,0x00,0x00,0x00,0x00,0x00,0x00,0x00,0x00,0x00,0x00,0x00,
    0x00,0x00,0x00,0x00,0x00,0x00,0x00,0x00,0x00,0x00,0x00,0x00,0x00,0x00,0x00,0x00,0x00,0x00,0x00,0x00,0x00,0x00,0x00,0x00,
    0x00,0x00,0x00,0x00,0x00,0x00,0x00,0x00,0x00,0x00,0x00,0x00,0x00,0x00,0x00,0x00,0x00,0x00,0x00,0x00,0x00,0x00,0x00,0x00,
    0x00,0x00,0x00,0x00,0x00,0x00,0x00,0x00,0x00,0x00,0x00,0x00,0x00,0x00,0x00,0x00,0x00,0x00,0x00,0x00,0x00,0x00,0x00,0x00,
    0x00,0x00,0x00,0x00,0x00,0x00,0x00,0x00,0x00,0x00,0x00,0x00,0x00,0x00,0x00,0x00,0x00,0x00,0x00,0x00,0x00,0x00,0xB8,0xFF,
    0xA0,0xFE,0xA0,0xFE,0xA0,0xFE,0xA0,0xFE,0x80,0xFE,0x00,0xFF,0x40,0xC5,0x60,0x08,0x00,0x00,0x00,0x00,0x00,0x00,0x00,0x00,
    0xC0,0x41,0x80,0xEE,0xE0,0xFE,0x80,0xFE,0xA0,0xFE,0xA0,0xFE,0xA0,0xFE,0xA0,0xFE,0xA0,0xFE,0xA0,0xFE,0xA0,0xFE,0xA0,0xFE,
    0xA0,0xFE,0xA0,0xFE,0xA0,0xFE,0x80,0xFE,0xE0,0xFE,0xA0,0x39,0x00,0x00,0x00,0x00,0x00,0x00,0x00,0x00,0x80,0x5A,0x00,0xFF,
    0x80,0xFE,0xA0,0xFE,0xA0,0xFE,0xA0,0xFE,0xA0,0xFE,0xA0,0xFE,0xA0,0xFE,0xA0,0xFE,0xA0,0xFE,0xA0,0xFE,0xA0,0xFE,0x80,0xFE,
    0x00,0xFF,0x20,0x4A,0x00,0x00,0x20,0x00,0x00,0x00,0xA0,0x18,0x40,0xEE,0xE0,0xFE,0xA0,0xFE,0x60,0xCD,0x00,0x00,0x00,0x00,
    0x00,0x00,0x00,0x00,0x20,0xC5,0xE0,0xFE,0x80,0xF6,0x80,0xFE,0x00,0xFF,0x60,0xC5,0x00,0x00,0x00,0x00,0x20,0x00,0x00,0x00,
    0x20,0x73,0x80,0xFF,0xE0,0xFE,0x00,0xFF,0xE0,0xFE,0x80,0xFE,0x00,0xFF,0x20,0x52,0x00,0x00,0x00,0x00,0x80,0x10,0xE1,0xB4,
    0x20,0x00,0x00,0x00,0x00,0x00,0x00,0x00,0x20,0x52,0x00,0xFF,0x80,0xFE,0xA0,0xFE,0xE0,0xFE,0x80,0xD5,0x20,0x00,0x00,0x00,
    0x00,0x00,0x00,0x00,0x80,0x10,0x20,0xE6,0x20,0xFF,0xC0,0xFE,0x60,0xFF,0x80,0x83,0x00,0x00,0x00,0x00,0x00,0x00,0x00,0x00,
    0xA0,0x8B,0x20,0xFF,0x80,0xFE,0xA0,0xFE,0xA0,0xFE,0xA0,0xFE,0x20,0x9C,0xA0,0xFE,0xC0,0xFE,0x80,0xFE,0xA0,0xFE,0xA0,0xFE,
    0x80,0xFE,0xC0,0xFE,0xA0,0xF6,0x00,0x4A,0x00,0x00,0x00,0x00,0x00,0x00,0x00,0x00,0x20,0x00,0xC0,0xAC,0x20,0xFF,0x80,0xFE,
    0xA0,0xFE,0xA0,0xFE,0xA0,0xFE,0xA1,0xFE,0xB9,0xFF,0xFF,0xFF,0x00,0x00,0x00,0x00,0x00,0x00,0x00,0x00,0x00,0x00,0x00,0x00,
    0x00,0x00,0x00,0x00,0x00,0x00,0x00,0x00,0x00,0x00,0x00,0x00,0x00,0x00,0x00,0x00,0x00,0x00,0x00,0x00,0x00,0x00,0x00,0x00,
    0x00,0x00,0x00,0x00,0x00,0x00,0x00,0x00,0x00,0x00,0x00,0x00,0x00,0x00,0x00,0x00,0x00,0x00,0x00,0x00,0x00,0x00,0x00,0x00,
    0x00,0x00,0x00,0x00,0x00,0x00,0x00,0x00,0x00,0x00,0x00,0x00,0x00,0x00,0x00,0x00,0x00,0x00,0x00,0x00,0x00,0x00,0x00,0x00,
    0x00,0x00,0x00,0x00,0x00,0x00,0x00,0x00,0x00,0x00,0x00,0x00,0x00,0x00,0x00,0x00,0x00,0x00,0x00,0x00,0x00,0x00,0x00,0x00,
    0x00,0x00,0x00,0x00,0x00,0x00,0x00,0x00,0x00,0x00,0x00,0x00,0x00,0x00,0x00,0x00,0x95,0xFF,0xA0,0xFE,0xA0,0xFE,0xA0,0xFE,
    0xA0,0xFE,0x80,0xFE,0x00,0xFF,0x60,0xC5,0x80,0x10,0x00,0x00,0x00,0x00,0x00,0x00,0x00,0x00,0x40,0x31,0x00,0xDE,0x00,0xFF,
    0x80,0xFE,0xA0,0xFE,0xA0,0xFE,0xA0,0xFE,0xA0,0xFE,0xA0,0xFE,0xA0,0xFE,0xA0,0xFE,0xA0,0xFE,0xA0,0xFE,0x80,0xFE,0x00,0xFF,
    0xC0,0xB4,0x00,0x00,0x00,0x00,0x00,0x00,0x00,0x00,0x40,0x08,0xC0,0xDD,0xC0,0xFE,0xA0,0xFE,0xA0,0xFE,0xA0,0xFE,0xA0,0xFE,
    0xA0,0xFE,0xA0,0xFE,0xA0,0xFE,0xA0,0xFE,0xA0,0xFE,0xA0,0xFE,0xA0,0xFE,0x80,0xFE,0x20,0xFF,0xC0,0x6A,0x00,0x00,0x20,0x00,
    0x00,0x00,0x00,0x00,0xA0,0x39,0xE0,0xDD,0x20,0xFF,0xA0,0xFE,0x40,0xCD,0x60,0xA4,0x40,0x7B,0x60,0x52,0x20,0xE6,0xC0,0xFE,
    0xA0,0xFE,0xA0,0xFE,0xE0,0xFE,0x80,0xCD,0x00,0x00,0x00,0x00,0x20,0x00,0x00,0x00,0xC0,0x6A,0x00,0xFF,0x80,0xFE,0x80,0xFE,
    0xA0,0xFE,0xA0,0xFE,0x00,0xFF,0xC0,0x41,0x00,0x00,0x00,0x00,0x20,0x00,0x40,0xEE,0x00,0x4A,0x00,0x00,0x00,0x00,0x00,0x00,
    0x00,0x00,0x20,0xC5,0xE0,0xFE,0x80,0xFE,0x80,0xFE,0x00,0xFF,0x60,0x5A,0x00,0x00,0x00,0x00,0x00,0x00,0x00,0x00,0x00,0x94,
    0x00,0xFF,0x60,0xF6,0xC0,0xFE,0x80,0xD5,0x00,0x00,0x00,0x00,0x20,0x00,0x00,0x00,0x80,0x83,0x20,0xFF,0x80,0xFE,0xA0,0xFE,
    0xA0,0xFE,0xA0,0xFE,0x00,0xFF,0xA0,0xFE,0xA0,0xFE,0xA0,0xFE,0xA0,0xFE,0x80,0xFE,0xE0,0xFE,0x40,0xE6,0x80,0x39,0x00,0x00,
    0x20,0x00,0x00,0x00,0x00,0x00,0x20,0x08,0xE0,0xB4,0x20,0xFF,0x80,0xFE,0xA0,0xFE,0xA0,0xFE,0xA0,0xFE,0xA0,0xFE,0x96,0xFF,
    0xFF,0xFF,0x00,0x00,0x00,0x00,0x00,0x00,0x00,0x00,0x00,0x00,0x00,0x00,0x00,0x00,0x00,0x00,0x00,0x00,0x00,0x00,0x00,0x00,
    0x00,0x00,0x00,0x00,0x00,0x00,0x00,0x00,0x00,0x00,0x00,0x00,0x00,0x00,0x00,0x00,0x00,0x00,0x00,0x00,0x00,0x00,0x00,0x00,
    0x00,0x00,0x00,0x00,0x00,0x00,0x00,0x00,0x00,0x00,0x00,0x00,0x00,0x00,0x00,0x00,0x00,0x00,0x00,0x00,0x00,0x00,0x00,0x00,
    0x00,0x00,0x00,0x00,0x00,0x00,0x00,0x00,0x00,0x00,0x00,0x00,0x00,0x00,0x00,0x00,0x00,0x00,0x00,0x00,0x00,0x00,0x00,0x00,
    0x00,0x00,0x00,0x00,0x00,0x00,0x00,0x00,0x00,0x00,0x00,0x00,0x00,0x00,0x00,0x00,0x00,0x00,0x00,0x00,0x00,0x00,0x00,0x00,
    0x00,0x00,0x00,0x00,0x00,0x00,0x00,0x00,0x00,0x00,0x73,0xFF,0x80,0xFE,0xA0,0xFE,0xA0,0xFE,0xA0,0xFE,0x80,0xFE,0x00,0xFF,
    0x80,0xCD,0xA0,0x10,0x00,0x00,0x00,0x00,0x00,0x00,0x00,0x00,0xC0,0x18,0x60,0xC5,0x20,0xFF,0x80,0xFE,0xA0,0xFE,0xA0,0xFE,
    0xA0,0xFE,0xA0,0xFE,0xA0,0xFE,0xA0,0xFE,0xA0,0xFE,0xA0,0xFE,0xA0,0xFE,0xE0,0xFE,0x80,0x31,0x00,0x00,0x00,0x00,0x00,0x00,
    0x00,0x00,0xE0,0x6A,0x20,0xFF,0x80,0xFE,0xA0,0xFE,0xA0,0xFE,0xA0,0xFE,0xA0,0xFE,0xA0,0xFE,0xA0,0xFE,0xA0,0xFE,0xA0,0xFE,
    0xA0,0xFE,0xA0,0xFE,0xA0,0xFE,0xA0,0xFE,0xE0,0xFE,0x60,0xCD,0x00,0x00,0x00,0x00,0x00,0x00,0x00,0x00,0x00,0x00,0x60,0x08,
    0x40,0x73,0xE0,0xDD,0x60,0xFF,0x20,0xFF,0x00,0xFF,0x00,0xFF,0xA0,0xFE,0xA0,0xFE,0xA0,0xFE,0xA0,0xFE,0xE0,0xFE,0xA0,0xD5,
    0x00,0x00,0x00,0x00,0x20,0x00,0x00,0x00,0x80,0x5A,0x20,0xFF,0x80,0xFE,0xA0,0xFE,0xA0,0xFE,0xA0,0xFE,0xC0,0xFE,0x60,0x31,
    0x00,0x00,0x00,0x00,0x20,0x00,0x60,0xF6,0xE0,0xB4,0x00,0x00,0x00,0x00,0x00,0x00,0x00,0x00,0xE0,0x41,0x00,0xFF,0x80,0xFE,
    0xA0,0xFE,0xE0,0xFE,0x80,0xD5,0x20,0x00,0x00,0x00,0x00,0x00,0x00,0x00,0xC0,0x18,0x60,0xF6,0xE0,0xFE,0x40,0xFF,0xC0,0x8B,
    0x00,0x00,0x00,0x00,0x20,0x00,0x00,0x00,0xE0,0xBC,0x00,0xFF,0x80,0xFE,0xA0,0xFE,0xA0,0xFE,0xA0,0xFE,0x80,0xFE,0xA0,0xFE,
    0xA0,0xFE,0xA0,0xFE,0x80,0xFE,0x20,0xFF,0xA0,0xCD,0xE0,0x20,0x00,0x00,0x00,0x00,0x00,0x00,0x00,0x00,0x40,0x08,0x00,0xBD,
    0x20,0xFF,0x80,0xFE,0xA0,0xFE,0xA0,0xFE,0xA0,0xFE,0x80,0xFE,0x94,0xFF,0xFF,0xFF,0x00,0x00,0x00,0x00,0x00,0x00,0x00,0x00,
    0x00,0x00,0x00,0x00,0x00,0x00,0x00,0x00,0x00,0x00,0x00,0x00,0x00,0x00,0x00,0x00,0x00,0x00,0x00,0x00,0x00,0x00,0x00,0x00,
    0x00,0x00,0x00,0x00,0x00,0x00,0x00,0x00,0x00,0x00,0x00,0x00,0x00,0x00,0x00,0x00,0x00,0x00,0x00,0x00,0x00,0x00,0x00,0x00,
    0x00,0x00,0x00,0x00,0x00,0x00,0x00,0x00,0x00,0x00,0x00,0x00,0x00,0x00,0x00,0x00,0x00,0x00,0x00,0x00,0x00,0x00,0x00,0x00,
    0x00,0x00,0x00,0x00,0x00,0x00,0x00,0x00,0x00,0x00,0x00,0x00,0x00,0x00,0x00,0x00,0x00,0x00,0x00,0x00,0x00,0x00,0x00,0x00,
    0x00,0x00,0x00,0x00,0x00,0x00,0x00,0x00,0x00,0x00,0x00,0x00,0x00,0x00,0x00,0x00,0x00,0x00,0x00,0x00,0x00,0x00,0x00,0x00,
    0x00,0x00,0x00,0x00,0x72,0xFF,0x80,0xFE,0xA0,0xFE,0xA0,0xFE,0xA0,0xFE,0x80,0xFE,0x00,0xFF,0xC0,0xD5,0xE0,0x20,0x00,0x00,
    0x00,0x00,0x00,0x00,0x00,0x00,0x40,0x08,0x60,0xA4,0x20,0xFF,0xA0,0xFE,0x80,0xFE,0xA0,0xFE,0xA0,0xFE,0xA0,0xFE,0xA0,0xFE,
    0xA0,0xFE,0x80,0xFE,0x00,0xFF,0x00,0x9C,0x00,0x00,0x20,0x00,0x00,0x00,0x00,0x00,0x40,0x08,0xE0,0xE5,0xC0,0xFE,0xA0,0xFE,
    0xA0,0xFE,0xA0,0xFE,0xA0,0xFE,0xA0,0xFE,0xA0,0xFE,0xA0,0xFE,0xA0,0xFE,0xA0,0xFE,0xA0,0xFE,0xA0,0xFE,0xA0,0xFE,0xA0,0xFE,
    0x80,0xFE,0x00,0xFF,0x40,0x9C,0x20,0x00,0x00,0x00,0x00,0x00,0x00,0x00,0x00,0x00,0x00,0x00,0x40,0x08,0x00,0x6B,0x60,0xEE,
    0xA0,0xFE,0x80,0xFE,0xA0,0xFE,0xA0,0xFE,0xA0,0xFE,0xA0,0xFE,0xC0,0xFE,0xE0,0xDD,0x20,0x00,0x00,0x00,0x20,0x00,0x00,0x00,
    0x60,0x5A,0x00,0xFF,0x80,0xFE,0xA0,0xFE,0xA0,0xFE,0xA0,0xFE,0xA0,0xFE,0x20,0x29,0x00,0x00,0x00,0x00,0x40,0x08,0xE0,0xE5,
    0xA0,0xF6,0xE0,0x20,0x00,0x00,0x00,0x00,0x00,0x00,0x00,0x00,0x00,0xBD,0x00,0xFF,0x80,0xFE,0x80,0xFE,0x00,0xFF,0x40,0x52,
    0x00,0x00,0x00,0x00,0x00,0x00,0x00,0x00,0xA0,0x8B,0x20,0xDE,0x80,0x5A,0x00,0x00,0x00,0x00,0x20,0x00,0x00,0x00,0xA0,0x39,
    0xC0,0xFE,0xA0,0xFE,0xA0,0xFE,0xA0,0xFE,0xA0,0xFE,0xA0,0xFE,0xA0,0xFE,0xA0,0xFE,0x80,0xFE,0xA0,0xFE,0x20,0xFF,0xA0,0xAC,
    0x60,0x08,0x00,0x00,0x00,0x00,0x00,0x00,0x00,0x00,0xA0,0x18,0x80,0xCD,0x00,0xFF,0x80,0xFE,0xA0,0xFE,0xA0,0xFE,0xA0,0xFE,
    0x80,0xFE,0x73,0xFF,0xFF,0xFF,0x00,0x00,0x00,0x00,0x00,0x00,0x00,0x00,0x00,0x00,0x00,0x00,0x00,0x00,0x00,0x00,0x00,0x00,
    0x00,0x00,0x00,0x00,0x00,0x00,0x00,0x00,0x00,0x00,0x00,0x00,0x00,0x00,0x00,0x00,0x00,0x00,0x00,0x00,0x00,0x00,0x00,0x00,
    0x00,0x00,0x00,0x00,0x00,0x00,0x00,0x00,0x00,0x00,0x00,0x00,0x00,0x00,0x00,0x00,0x00,0x00,0x00,0x00,0x00,0x00,0x00,0x00,
    0x00,0x00,0x00,0x00,0x00,0x00,0x00,0x00,0x00,0x00,0x00,0x00,0x00,0x00,0x00,0x00,0x00,0x00,0x00,0x00,0x00,0x00,0x00,0x00,
    0x00,0x00,0x00,0x00,0x00,0x00,0x00,0x00,0x00,0x00,0x00,0x00,0x00,0x00,0x00,0x00,0x00,0x00,0x00,0x00,0x00,0x00,0x00,0x00,
    0x00,0x00,0x00,0x00,0x00,0x00,0x00,0x00,0x00,0x00,0x00,0x00,0x00,0x00,0x00,0x00,0x00,0x00,0x00,0x00,0x00,0x00,0x52,0xFF,
    0x80,0xFE,0xA0,0xFE,0xA0,0xFE,0xA0,0xFE,0x80,0xFE,0xE0,0xFE,0x20,0xE6,0x80,0x31,0x00,0x00,0x00,0x00,0x00,0x00,0x00,0x00,
    0x00,0x00,0x00,0x73,0xC0,0xFE,0xC0,0xFE,0x80,0xFE,0xA0,0xFE,0xA0,0xFE,0xA0,0xFE,0xA0,0xFE,0x80,0xFE,0xE0,0xFE,0x80,0xAC,
    0xE0,0x18,0x00,0x00,0x00,0x00,0x00,0x00,0x00,0x73,0x00,0xFF,0x80,0xFE,0xA0,0xFE,0xA0,0xFE,0xA0,0xFE,0xA0,0xFE,0xA0,0xFE,
    0xA0,0xFE,0xA0,0xFE,0xA0,0xFE,0xA0,0xFE,0xA0,0xFE,0xA0,0xFE,0xA0,0xFE,0xA0,0xFE,0xA0,0xFE,0x80,0xFE,0xE0,0xFE,0x60,0xC5,
    0xC0,0x39,0x00,0x00,0x00,0x00,0x00,0x00,0x00,0x00,0x00,0x00,0x00,0x00,0x80,0x39,0xA0,0xF6,0xA0,0xFE,0xA0,0xFE,0xA0,0xFE,
    0xA0,0xFE,0xA0,0xFE,0xC0,0xFE,0x00,0xE6,0x40,0x08,0x00,0x00,0x20,0x00,0x00,0x00,0x40,0x52,0x00,0xFF,0x80,0xFE,0xA0,0xFE,
    0xA0,0xFE,0xA0,0xFE,0x80,0xF6,0xE0,0x20,0x00,0x00,0x00,0x00,0x40,0x08,0x40,0xEE,0xC0,0xFF,0xE0,0x93,0x00,0x00,0x00,0x00,
    0x00,0x00,0x00,0x00,0xA0,0x39,0xE0,0xFE,0x80,0xFE,0x80,0xFE,0xE0,0xFE,0x60,0xCD,0x00,0x00,0x00,0x00,0x00,0x00,0x00,0x00,
    0x40,0x08,0x20,0x08,0x00,0x00,0x00,0x00,0x00,0x00,0x00,0x00,0x40,0x29,0x20,0xE6,0xC0,0xFE,0xA0,0xFE,0xA0,0xFE,0xA0,0xFE,
    0xA0,0xFE,0xA0,0xFE,0xA0,0xFE,0x80,0xFE,0xC0,0xFE,0xE0,0xFE,0x60,0x7B,0x00,0x00,0x00,0x00,0x00,0x00,0x00,0x00,0x00,0x00,
    0x20,0x29,0xE0,0xDD,0x00,0xFF,0x80,0xFE,0xA0,0xFE,0xA0,0xFE,0xA0,0xFE,0x80,0xFE,0x73,0xFF,0xFF,0xFF,0x00,0x00,0x00,0x00,
    0x00,0x00,0x00,0x00,0x00,0x00,0x00,0x00,0x00,0x00,0x00,0x00,0x00,0x00,0x00,0x00,0x00,0x00,0x00,0x00,0x00,0x00,0x00,0x00,
    0x00,0x00,0x00,0x00,0x00,0x00,0x00,0x00,0x00,0x00,0x00,0x00,0x00,0x00,0x00,0x00,0x00,0x00,0x00,0x00,0x00,0x00,0x00,0x00,
    0x00,0x00,0x00,0x00,0x00,0x00,0x00,0x00,0x00,0x00,0x00,0x00,0x00,0x00,0x00,0x00,0x00,0x00,0x00,0x00,0x00,0x00,0x00,0x00,
    0x00,0x00,0x00,0x00,0x00,0x00,0x00,0x00,0x00,0x00,0x00,0x00,0x00,0x00,0x00,0x00,0x00,0x00,0x00,0x00,0x00,0x00,0x00,0x00,
    0x00,0x00,0x00,0x00,0x00,0x00,0x00,0x00,0x00,0x00,0x00,0x00,0x00,0x00,0x00,0x00,0x00,0x00,0x00,0x00,0x00,0x00,0x00,0x00,
    0x00,0x00,0x00,0x00,0x00,0x00,0x00,0x00,0x00,0x00,0x00,0x00,0x00,0x00,0x00,0x00,0x72,0xFF,0x80,0xFE,0xA0,0xFE,0xA0,0xFE,
    0xA0,0xFE,0x80,0xFE,0xC0,0xFE,0xA0,0xF6,0x20,0x52,0x00,0x00,0x00,0x00,0x00,0x00,0x00,0x00,0x00,0x00,0xA0,0x39,0xE0,0xDD,
    0x00,0xFF,0x80,0xFE,0x80,0xFE,0xA0,0xFE,0xA0,0xFE,0xA0,0xFE,0x80,0xFE,0x00,0xFF,0x60,0xEE,0x20,0x73,0x20,0x00,0x20,0x00,
    0x20,0xE6,0xC0,0xFE,0xA0,0xFE,0xA0,0xFE,0xA0,0xFE,0xA0,0xFE,0xA0,0xFE,0xA0,0xFE,0xA0,0xFE,0xA0,0xFE,0xA0,0xFE,0xA0,0xFE,
    0xA0,0xFE,0xA0,0xFE,0xA0,0xFE,0xA0,0xFE,0x60,0xF6,0xE0,0xFE,0x00,0xFF,0x40,0xFF,0xE0,0xFE,0x60,0xA4,0xE0,0x20,0x00,0x00,
    0x00,0x00,0x00,0x00,0x20,0x00,0x00,0x00,0xA0,0x8B,0x00,0xFF,0x80,0xFE,0xA0,0xFE,0xA0,0xFE,0xA0,0xFE,0xC0,0xFE,0x20,0xEE,
    0x60,0x10,0x00,0x00,0x20,0x00,0x00,0x00,0x00,0x4A,0x00,0xFF,0x80,0xFE,0xA0,0xFE,0xA0,0xFE,0xA0,0xFE,0x40,0xEE,0xA0,0x10,
    0x00,0x00,0x00,0x00,0x20,0x08,0xE0,0x93,0x60,0x7B,0x80,0x39,0x00,0x00,0x00,0x00,0x00,0x00,0x00,0x00,0x00,0x00,0xE0,0xB4,
    0x00,0xFF,0x80,0xFE,0x80,0xFE,0x00,0xFF,0x20,0x4A,0x00,0x00,0x00,0x00,0x00,0x00,0x00,0x00,0x00,0x00,0x20,0x00,0x00,0x00,
    0x00,0x00,0xC0,0x62,0x60,0xEE,0xE0,0xFE,0x80,0xFE,0xA0,0xFE,0xA0,0xFE,0xA0,0xFE,0xA0,0xFE,0xA0,0xFE,0x80,0xFE,0x00,0xFF,
    0x20,0xE6,0x00,0x4A,0x00,0x00,0x00,0x00,0x00,0x00,0x00,0x00,0x00,0x00,0xE0,0x49,0x60,0xEE,0xE0,0xFE,0x80,0xFE,0xA0,0xFE,
    0xA0,0xFE,0xA0,0xFE,0x80,0xFE,0x73,0xFF,0xFF,0xFF,0x00,0x00,0x00,0x00,0x00,0x00,0x00,0x00,0x00,0x00,0x00,0x00,0x00,0x00,
    0x00,0x00,0x00,0x00,0x00,0x00,0x00,0x00,0x00,0x00,0x00,0x00,0x00,0x00,0x00,0x00,0x00,0x00,0x00,0x00,0x00,0x00,0x00,0x00,
    0x00,0x00,0x00,0x00,0x00,0x00,0x00,0x00,0x00,0x00,0x00,0x00,0x00,0x00,0x00,0x00,0x00,0x00,0x00,0x00,0x00,0x00,0x00,0x00,
    0x00,0x00,0x00,0x00,0x00,0x00,0x00,0x00,0x00,0x00,0x00,0x00,0x00,0x00,0x00,0x00,0x00,0x00,0x00,0x00,0x00,0x00,0x00,0x00,
    0x00,0x00,0x00,0x00,0x00,0x00,0x00,0x00,0x00,0x00,0x00,0x00,0x00,0x00,0x00,0x00,0x00,0x00,0x00,0x00,0x00,0x00,0x00,0x00,
    0x00,0x00,0x00,0x00,0x00,0x00,0x00,0x00,0x00,0x00,0x00,0x00,0x00,0x00,0x00,0x00,0x00,0x00,0x00,0x00,0x00,0x00,0x00,0x00,
    0x00,0x00,0x00,0x00,0x00,0x00,0x00,0x00,0x00,0x00,0x73,0xFF,0xA0,0xFE,0xA0,0xFE,0xA0,0xFE,0xA0,0xFE,0x80,0xFE,0xA0,0xFE,
    0xE0,0xFE,0x40,0x7B,0x00,0x00,0x00,0x00,0x00,0x00,0x00,0x00,0x00,0x00,0x80,0x10,0x60,0xA4,0x00,0xFF,0xC0,0xFE,0x80,0xFE,
    0xA0,0xFE,0xA0,0xFE,0xA0,0xFE,0x80,0xFE,0xA0,0xFE,0x20,0xFF,0x40,0xC5,0x40,0xA4,0xE0,0xFE,0x80,0xFE,0xA0,0xFE,0xA0,0xFE,
    0xA0,0xFE,0xA0,0xFE,0xA0,0xFE,0xA0,0xFE,0xA0,0xFE,0xA0,0xFE,0xA0,0xFE,0xA0,0xFE,0xA0,0xFE,0x80,0xFE,0xE0,0xFE,0x60,0xCD,
    0xC0,0x18,0xE0,0x41,0x40,0x7B,0x80,0xAC,0x20,0xEE,0x20,0xFF,0x80,0xF6,0xC0,0x62,0x00,0x00,0x00,0x00,0x00,0x00,0x00,0x00,
    0xC0,0x41,0xE0,0xFE,0x80,0xFE,0xA0,0xFE,0xA0,0xFE,0xA0,0xFE,0xC0,0xFE,0x40,0xEE,0x80,0x10,0x00,0x00,0x20,0x00,0x00,0x00,
    0xE0,0x41,0xE0,0xFE,0x80,0xFE,0xA0,0xFE,0xA0,0xFE,0xC0,0xFE,0x20,0xE6,0x60,0x08,0x00,0x00,0x00,0x00,0x00,0x00,0x00,0x00,
    0x00,0x00,0x00,0x00,0x00,0x00,0x00,0x00,0x00,0x00,0x00,0x00,0x00,0x00,0xA0,0x39,0xE0,0xFE,0x80,0xFE,0x80,0xFE,0xE0,0xFE,
    0x40,0xC5,0x00,0x00,0x00,0x00,0x00,0x00,0x00,0x00,0x00,0x00,0x00,0x00,0x20,0x4A,0x60,0xC5,0x00,0xFF,0xA0,0xFE,0x80,0xFE,
    0xA0,0xFE,0xA0,0xFE,0xA0,0xFE,0xA0,0xFE,0x80,0xFE,0xA0,0xFE,0x20,0xFF,0xE0,0xB4,0xA0,0x18,0x00,0x00,0x00,0x00,0x00,0x00,
    0x00,0x00,0x00,0x00,0x00,0x6B,0xE0,0xFE,0xC0,0xFE,0x80,0xFE,0xA0,0xFE,0xA0,0xFE,0xA0,0xFE,0xA0,0xFE,0x94,0xFF,0xFF,0xFF,
    0x00,0x00,0x00,0x00,0x00,0x00,0x00,0x00,0x00,0x00,0x00,0x00,0x00,0x00,0x00,0x00,0x00,0x00,0x00,0x00,0x00,0x00,0x00,0x00,
    0x00,0x00,0x00,0x00,0x00,0x00,0x00,0x00,0x00,0x00,0x00,0x00,0x00,0x00,0x00,0x00,0x00,0x00,0x00,0x00,0x00,0x00,0x00,0x00,
    0x00,0x00,0x00,0x00,0x00,0x00,0x00,0x00,0x00,0x00,0x00,0x00,0x00,0x00,0x00,0x00,0x00,0x00,0x00,0x00,0x00,0x00,0x00,0x00,
    0x00,0x00,0x00,0x00,0x00,0x00,0x00,0x00,0x00,0x00,0x00,0x00,0x00,0x00,0x00,0x00,0x00,0x00,0x00,0x00,0x00,0x00,0x00,0x00,
    0x00,0x00,0x00,0x00,0x00,0x00,0x00,0x00,0x00,0x00,0x00,0x00,0x00,0x00,0x00,0x00,0x00,0x00,0x00,0x00,0x00,0x00,0x00,0x00,
    0x00,0x00,0x00,0x00,0x00,0x00,0x00,0x00,0x00,0x00,0x00,0x00,0x00,0x00,0x00,0x00,0x00,0x00,0x00,0x00,0x00,0x00,0x00,0x00,
    0x00,0x00,0x00,0x00,0x95,0xFF,0xA1,0xFE,0xA0,0xFE,0xA0,0xFE,0xA0,0xFE,0xA0,0xFE,0x80,0xFE,0x20,0xFF,0x80,0xA4,0x40,0x08,
    0x00,0x00,0x00,0x00,0x00,0x00,0x00,0x00,0x00,0x00,0x80,0x5A,0x40,0xE6,0x00,0xFF,0x80,0xFE,0x80,0xFE,0xA0,0xFE,0xA0,0xFE,
    0xA0,0xFE,0x80,0xFE,0xE0,0xFE,0xE0,0xFE,0xA0,0xFE,0xA0,0xFE,0xA0,0xFE,0xA0,0xFE,0xA0,0xFE,0xA0,0xFE,0xA0,0xFE,0xA0,0xFE,
    0xA0,0xFE,0xA0,0xFE,0xA0,0xFE,0xA0,0xFE,0xA0,0xFE,0x80,0xFE,0x00,0xFF,0xE0,0x93,0x00,0x00,0x00,0x00,0x00,0x00,0x00,0x00,
    0x40,0xCD,0xC0,0xFE,0xA0,0xFE,0x00,0xFF,0xA0,0x39,0x00,0x00,0x20,0x00,0x00,0x00,0x80,0x39,0xC0,0xFE,0xA0,0xFE,0xA0,0xFE,
    0xA0,0xFE,0xA0,0xFE,0xA0,0xFE,0x60,0xF6,0xC0,0x18,0x00,0x00,0x20,0x00,0x00,0x00,0xA0,0x39,0xE0,0xFE,0x80,0xFE,0xA0,0xFE,
    0x80,0xFE,0xC0,0xFE,0xE0,0xDD,0x20,0x00,0x00,0x00,0x00,0x00,0x00,0x00,0x20,0x00,0x20,0x08,0x00,0x00,0x00,0x00,0x00,0x00,
    0x00,0x00,0x00,0x00,0x00,0x00,0x00,0x00,0xE0,0xB4,0x00,0xFF,0x80,0xFE,0x80,0xFE,0x00,0xFF,0xE0,0x49,0x00,0x00,0x00,0x00,
    0x00,0x00,0x00,0x4A,0x20,0xBD,0x00,0xFF,0xE0,0xFE,0x80,0xFE,0xA0,0xFE,0xA0,0xFE,0xA0,0xFE,0xA0,0xFE,0xA0,0xFE,0x80,0xFE,
    0x00,0xFF,0x80,0xF6,0xE0,0x6A,0x00,0x00,0x00,0x00,0x00,0x00,0x00,0x00,0x00,0x00,0x20,0x00,0x20,0x94,0x20,0xFF,0xA0,0xFE,
    0xA0,0xFE,0xA0,0xFE,0xA0,0xFE,0xA0,0xFE,0xA1,0xFE,0x96,0xFF,0xFF,0xFF,0x00,0x00,0x00,0x00,0x00,0x00,0x00,0x00,0x00,0x00,
    0x00,0x00,0x00,0x00,0x00,0x00,0x00,0x00,0x00,0x00,0x00,0x00,0x00,0x00,0x00,0x00,0x00,0x00,0x00,0x00,0x00,0x00,0x00,0x00,
    0x00,0x00,0x00,0x00,0x00,0x00,0x00,0x00,0x00,0x00,0x00,0x00,0x00,0x00,0x00,0x00,0x00,0x00,0x00,0x00,0x00,0x00,0x00,0x00,
    0x00,0x00,0x00,0x00,0x00,0x00,0x00,0x00,0x00,0x00,0x00,0x00,0x00,0x00,0x00,0x00,0x00,0x00,0x00,0x00,0x00,0x00,0x00,0x00,
    0x00,0x00,0x00,0x00,0x00,0x00,0x00,0x00,0x00,0x00,0x00,0x00,0x00,0x00,0x00,0x00,0x00,0x00,0x00,0x00,0x00,0x00,0x00,0x00,
    0x00,0x00,0x00,0x00,0x00,0x00,0x00,0x00,0x00,0x00,0x00,0x00,0x00,0x00,0x00,0x00,0x00,0x00,0x00,0x00,0x00,0x00,0x00,0x00,
    0x00,0x00,0x00,0x00,0x00,0x00,0x00,0x00,0x00,0x00,0x00,0x00,0x00,0x00,0x00,0x00,0x00,0x00,0x00,0x00,0x00,0x00,0xB8,0xFF,
    0xA2,0xFE,0x80,0xFE,0xA0,0xFE,0xA0,0xFE,0xA0,0xFE,0x80,0xFE,0x20,0xFF,0xA0,0xD5,0x40,0x29,0x00,0x00,0x00,0x00,0x00,0x00,
    0x00,0x00,0x00,0x00,0xC0,0x18,0x80,0xA4,0x00,0xFF,0xC0,0xFE,0x80,0xFE,0xA0,0xFE,0xA0,0xFE,0xA0,0xFE,0x80,0xFE,0x80,0xFE,
    0xA0,0xFE,0xA0,0xFE,0xA0,0xFE,0xA0,0xFE,0xA0,0xFE,0xA0,0xFE,0xA0,0xFE,0xA0,0xFE,0xA0,0xFE,0xA0,0xFE,0xA0,0xFE,0xA0,0xFE,
    0xA0,0xFE,0x80,0xFE,0x20,0xFF,0x40,0x7B,0x00,0x00,0x20,0x08,0x20,0x00,0x20,0x00,0xE0,0xDD,0xE0,0xFE,0x60,0xF6,0x20,0xFF,
    0xA0,0x62,0x00,0x00,0x20,0x00,0x00,0x00,0xE0,0x41,0xE0,0xFE,0x80,0xFE,0xA0,0xFE,0xA0,0xFE,0xA0,0xFE,0xA0,0xFE,0xA0,0xFE,
    0x00,0x21,0x00,0x00,0x20,0x00,0x00,0x00,0x60,0x31,0xC0,0xFE,0xA0,0xFE,0xA0,0xFE,0x80,0xFE,0xE0,0xFE,0x80,0xCD,0x00,0x00,
    0x00,0x00,0x00,0x00,0x00,0x00,0x00,0x00,0x00,0x00,0x00,0x00,0xA0,0x10,0xC0,0x18,0x00,0x00,0x00,0x00,0x00,0x00,0x00,0x00,
    0xA0,0x39,0xE0,0xFE,0x80,0xFE,0x80,0xFE,0x00,0xFF,0x00,0xBD,0x20,0x00,0x20,0x52,0x20,0xBD,0xE0,0xFE,0x00,0xFF,0x80,0xFE,
    0x80,0xFE,0xA0,0xFE,0xA0,0xFE,0xA0,0xFE,0xA0,0xFE,0x80,0xFE,0xC0,0xFE,0x00,0xFF,0xE0,0xB4,0x00,0x21,0x00,0x00,0x00,0x00,
    0x00,0x00,0x00,0x00,0x00,0x00,0x00,0x21,0x60,0xC5,0x20,0xFF,0x80,0xFE,0xA0,0xFE,0xA0,0xFE,0xA0,0xFE,0x80,0xFE,0xC3,0xFE,
    0xB9,0xFF,0xFF,0xFF,0x00,0x00,0x00,0x00,0x00,0x00,0x00,0x00,0x00,0x00,0x00,0x00,0x00,0x00,0x00,0x00,0x00,0x00,0x00,0x00,
    0x00,0x00,0x00,0x00,0x00,0x00,0x00,0x00,0x00,0x00,0x00,0x00,0x00,0x00,0x00,0x00,0x00,0x00,0x00,0x00,0x00,0x00,0x00,0x00,
    0x00,0x00,0x00,0x00,0x00,0x00,0x00,0x00,0x00,0x00,0x00,0x00,0x00,0x00,0x00,0x00,0x00,0x00,0x00,0x00,0x00,0x00,0x00,0x00,
    0x00,0x00,0x00,0x00,0x00,0x00,0x00,0x00,0x00,0x00,0x00,0x00,0x00,0x00,0x00,0x00,0x00,0x00,0x00,0x00,0x00,0x00,0x00,0x00,
    0x00,0x00,0x00,0x00,0x00,0x00,0x00,0x00,0x00,0x00,0x00,0x00,0x00,0x00,0x00,0x00,0x00,0x00,0x00,0x00,0x00,0x00,0x00,0x00,
    0x00,0x00,0x00,0x00,0x00,0x00,0x00,0x00,0x00,0x00,0x00,0x00,0x00,0x00,0x00,0x00,0x00,0x00,0x00,0x00,0x00,0x00,0x00,0x00,
    0x00,0x00,0x00,0x00,0x00,0x00,0x00,0x00,0x00,0x00,0x00,0x00,0x00,0x00,0x00,0x00,0xDB,0xFF,0xC6,0xFE,0x80,0xFE,0xA0,0xFE,
    0xA0,0xFE,0xA0,0xFE,0x80,0xFE,0xE0,0xFE,0xA0,0xF6,0xC0,0x6A,0x00,0x00,0x00,0x00,0x00,0x00,0x00,0x00,0x00,0x00,0x00,0x00,
    0x40,0x52,0xE0,0xDD,0x20,0xFF,0xA0,0xFE,0x80,0xFE,0xA0,0xFE,0xA0,0xFE,0xA0,0xFE,0xA0,0xFE,0xA0,0xFE,0xA0,0xFE,0xA0,0xFE,
    0xA0,0xFE,0xA0,0xFE,0xA0,0xFE,0xA0,0xFE,0xA0,0xFE,0xA0,0xFE,0xA0,0xFE,0xA0,0xFE,0xA0,0xFE,0x80,0xFE,0x20,0xFF,0xA0,0x8B,
    0x00,0x00,0x20,0x00,0x00,0x00,0x00,0x00,0x80,0x5A,0x80,0xF6,0x20,0xFF,0xC0,0xDD,0xA0,0x10,0x00,0x00,0x20,0x00,0x00,0x00,
    0x40,0x7B,0x20,0xFF,0x80,0xFE,0xA0,0xFE,0xA0,0xFE,0xA0,0xFE,0xA0,0xFE,0xC0,0xFE,0x20,0x29,0x00,0x00,0x20,0x00,0x00,0x00,
    0x40,0x29,0xA0,0xFE,0xA0,0xFE,0xA0,0xFE,0x80,0xFE,0xE0,0xFE,0x20,0xC5,0x00,0x00,0x00,0x00,0x00,0x00,0x00,0x00,0x00,0x4A,
    0x00,0x94,0x20,0xC5,0x60,0xEE,0x00,0xE6,0x60,0x08,0x00,0x00,0x00,0x00,0x20,0x00,0x00,0x00,0xE0,0xB4,0x00,0xFF,0x80,0xFE,
    0xA0,0xFE,0x80,0xFE,0xA0,0xD5,0xE0,0xFE,0xE0,0xFE,0x80,0xFE,0x80,0xFE,0xA0,0xFE,0xA0,0xFE,0xA0,0xFE,0xA0,0xFE,0x80,0xFE,
    0xA0,0xFE,0x20,0xFF,0x00,0xDE,0x80,0x5A,0x00,0x00,0x00,0x00,0x00,0x00,0x00,0x00,0x00,0x00,0x00,0x00,0x60,0x52,0x60,0xEE,
    0xE0,0xFE,0x80,0xFE,0xA0,0xFE,0xA0,0xFE,0xA0,0xFE,0x80,0xFE,0xC6,0xFE,0xDB,0xFF,0xFF,0xFF,0x00,0x00,0x00,0x00,0x00,0x00,
    0x00,0x00,0x00,0x00,0x00,0x00,0x00,0x00,0x00,0x00,0x00,0x00,0x00,0x00,0x00,0x00,0x00,0x00,0x00,0x00,0x00,0x00,0x00,0x00,
    0x00,0x00,0x00,0x00,0x00,0x00,0x00,0x00,0x00,0x00,0x00,0x00,0x00,0x00,0x00,0x00,0x00,0x00,0x00,0x00,0x00,0x00,0x00,0x00,
    0x00,0x00,0x00,0x00,0x00,0x00,0x00,0x00,0x00,0x00,0x00,0x00,0x00,0x00,0x00,0x00,0x00,0x00,0x00,0x00,0x00,0x00,0x00,0x00,
    0x00,0x00,0x00,0x00,0x00,0x00,0x00,0x00,0x00,0x00,0x00,0x00,0x00,0x00,0x00,0x00,0x00,0x00,0x00,0x00,0x00,0x00,0x00,0x00,
    0x00,0x00,0x00,0x00,0x00,0x00,0x00,0x00,0x00,0x00,0x00,0x00,0x00,0x00,0x00,0x00,0x00,0x00,0x00,0x00,0x00,0x00,0x00,0x00,
    0x00,0x00,0x00,0x00,0x00,0x00,0x00,0x00,0x00,0x00,0x00,0x00,0x00,0x00,0x00,0x00,0x00,0x00,0x00,0x00,0x00,0x00,0x00,0x00,
    0x00,0x00,0x00,0x00,0x00,0x00,0x00,0x00,0x00,0x00,0xFE,0xFF,0x09,0xFF,0x80,0xFE,0xA0,0xFE,0xA0,0xFE,0xA0,0xFE,0x80,0xFE,
    0xA0,0xFE,0x00,0xFF,0xA0,0xAC,0xA0,0x18,0x00,0x00,0x00,0x00,0x00,0x00,0x00,0x00,0x00,0x00,0x60,0x08,0xA0,0x83,0x80,0xF6,
    0x00,0xFF,0xA0,0xFE,0x80,0xFE,0xA0,0xFE,0xA0,0xFE,0xA0,0xFE,0xA0,0xFE,0xA0,0xFE,0xA0,0xFE,0xA0,0xFE,0xA0,0xFE,0xA0,0xFE,
    0xA0,0xFE,0xA0,0xFE,0xA0,0xFE,0xA0,0xFE,0xA0,0xFE,0x80,0xFE,0xE0,0xFE,0xA0,0xD5,0x00,0x00,0x00,0x00,0x00,0x00,0x00,0x00,
    0x00,0x00,0xC0,0x18,0x00,0x42,0x60,0x10,0x00,0x00,0x00,0x00,0x00,0x00,0x00,0x00,0x80,0xCD,0xE0,0xFE,0x80,0xFE,0xA0,0xFE,
    0xA0,0xFE,0xA0,0xFE,0xA0,0xFE,0xE0,0xFE,0x60,0x31,0x00,0x00,0x20,0x00,0x00,0x00,0x00,0x21,0xA0,0xFE,0xA0,0xFE,0xA0,0xFE,
    0x80,0xFE,0x00,0xFF,0xE0,0xB4,0x00,0x00,0x00,0x00,0x00,0x00,0x00,0x00,0x20,0xC5,0x80,0xFF,0xC0,0xFE,0xA0,0xFE,0x20,0xFF,
    0x00,0x6B,0x00,0x00,0x00,0x00,0x00,0x00,0x00,0x00,0x40,0x52,0xE0,0xFE,0x80,0xFE,0xA0,0xFE,0xA0,0xFE,0xC0,0xFE,0x80,0xFE,
    0x80,0xFE,0xA0,0xFE,0xA0,0xFE,0xA0,0xFE,0xA0,0xFE,0x80,0xFE,0xA0,0xFE,0x00,0xFF,0x80,0xF6,0xA0,0x83,0x80,0x10,0x00,0x00,
    0x00,0x00,0x00,0x00,0x00,0x00,0x00,0x00,0x60,0x10,0x20,0x9C,0x00,0xFF,0xC0,0xFE,0x80,0xFE,0xA0,0xFE,0xA0,0xFE,0xA0,0xFE,
    0x80,0xFE,0x0A,0xFF,0xFE,0xFF,0xFF,0xFF,0x00,0x00,0x00,0x00,0x00,0x00,0x00,0x00,0x00,0x00,0x00,0x00,0x00,0x00,0x00,0x00,
    0x00,0x00,0x00,0x00,0x00,0x00,0x00,0x00,0x00,0x00,0x00,0x00,0x00,0x00,0x00,0x00,0x00,0x00,0x00,0x00,0x00,0x00,0x00,0x00,
    0x00,0x00,0x00,0x00,0x00,0x00,0x00,0x00,0x00,0x00,0x00,0x00,0x00,0x00,0x00,0x00,0x00,0x00,0x00,0x00,0x00,0x00,0x00,0x00,
    0x00,0x00,0x00,0x00,0x00,0x00,0x00,0x00,0x00,0x00,0x00,0x00,0x00,0x00,0x00,0x00,0x00,0x00,0x00,0x00,0x00,0x00,0x00,0x00,
    0x00,0x00,0x00,0x00,0x00,0x00,0x00,0x00,0x00,0x00,0x00,0x00,0x00,0x00,0x00,0x00,0x00,0x00,0x00,0x00,0x00,0x00,0x00,0x00,
    0x00,0x00,0x00,0x00,0x00,0x00,0x00,0x00,0x00,0x00,0x00,0x00,0x00,0x00,0x00,0x00,0x00,0x00,0x00,0x00,0x00,0x00,0x00,0x00,
    0x00,0x00,0x00,0x00,0x00,0x00,0x00,0x00,0x00,0x00,0x00,0x00,0x00,0x00,0x00,0x00,0x00,0x00,0x00,0x00,0x00,0x00,0x00,0x00,
    0x00,0x00,0x00,0x00,0x00,0x00,0x4F,0xFF,0xA0,0xFE,0xA0,0xFE,0xA0,0xFE,0xA0,0xFE,0xA0,0xFE,0x80,0xFE,0x00,0xFF,0x20,0xE6,
    0x80,0x5A,0x00,0x00,0x00,0x00,0x00,0x00,0x00,0x00,0x00,0x00,0x00,0x00,0x00,0x21,0x60,0xA4,0xC0,0xFE,0x00,0xFF,0xA0,0xFE,
    0x80,0xFE,0xA0,0xFE,0xA0,0xFE,0xA0,0xFE,0xA0,0xFE,0xA0,0xFE,0xA0,0xFE,0xA0,0xFE,0xA0,0xFE,0xA0,0xFE,0xA0,0xFE,0xA0,0xFE,
    0xA0,0xFE,0xA0,0xFE,0x80,0xFE,0x00,0xFF,0x20,0x94,0x00,0x00,0x00,0x00,0x00,0x00,0x20,0x00,0x00,0x00,0x00,0x00,0x00,0x00,
    0x20,0x00,0x20,0x00,0x00,0x00,0x60,0x5A,0x00,0xFF,0x80,0xFE,0xA0,0xFE,0xA0,0xFE,0xA0,0xFE,0xA0,0xFE,0xA0,0xFE,0xE0,0xFE,
    0xA0,0x39,0x00,0x00,0x20,0x00,0x00,0x00,0xE0,0x20,0x80,0xF6,0xA0,0xFE,0xA0,0xFE,0x80,0xFE,0x00,0xFF,0x80,0xAC,0x00,0x00,
    0x20,0x00,0x20,0x00,0x00,0x00,0xA0,0xAC,0xE0,0xFE,0x80,0xFE,0x80,0xFE,0xC0,0xFE,0xE0,0xDD,0xC0,0x18,0xA0,0x39,0x60,0x7B,
    0x00,0xBD,0x20,0xEE,0xA0,0xFE,0xA0,0xFE,0xA0,0xFE,0xA0,0xFE,0xA0,0xFE,0xA0,0xFE,0xA0,0xFE,0xA0,0xFE,0xA0,0xFE,0x80,0xFE,
    0xA0,0xFE,0x00,0xFF,0xA0,0xF6,0x20,0x94,0x00,0x21,0x00,0x00,0x00,0x00,0x00,0x00,0x00,0x00,0x00,0x00,0x00,0x00,0xE0,0x41,
    0xE0,0xDD,0x20,0xFF,0x80,0xFE,0xA0,0xFE,0xA0,0xFE,0xA0,0xFE,0xA0,0xFE,0x80,0xFE,0x4F,0xFF,0xFF,0xFF,0x00,0x00,0x00,0x00,
    0x00,0x00,0x00,0x00,0x00,0x00,0x00,0x00,0x00,0x00,0x00,0x00,0x00,0x00,0x00,0x00,0x00,0x00,0x00,0x00,0x00,0x00,0x00,0x00,
    0x00,0x00,0x00,0x00,0x00,0x00,0x00,0x00,0x00,0x00,0x00,0x00,0x00,0x00,0x00,0x00,0x00,0x00,0x00,0x00,0x00,0x00,0x00,0x00,
    0x00,0x00,0x00,0x00,0x00,0x00,0x00,0x00,0x00,0x00,0x00,0x00,0x00,0x00,0x00,0x00,0x00,0x00,0x00,0x00,0x00,0x00,0x00,0x00,
    0x00,0x00,0x00,0x00,0x00,0x00,0x00,0x00,0x00,0x00,0x00,0x00,0x00,0x00,0x00,0x00,0x00,0x00,0x00,0x00,0x00,0x00,0x00,0x00,
    0x00,0x00,0x00,0x00,0x00,0x00,0x00,0x00,0x00,0x00,0x00,0x00,0x00,0x00,0x00,0x00,0x00,0x00,0x00,0x00,0x00,0x00,0x00,0x00,
    0x00,0x00,0x00,0x00,0x00,0x00,0x00,0x00,0x00,0x00,0x00,0x00,0x00,0x00,0x00,0x00,0x00,0x00,0x00,0x00,0x00,0x00,0x00,0x00,
    0x00,0x00,0x00,0x00,0x00,0x00,0x00,0x00,0x00,0x00,0x00,0x00,0x00,0x00,0x00,0x00,0x00,0x00,0x00,0x00,0x00,0x00,0x00,0x00,
    0x95,0xFF,0xA2,0xFE,0xA0,0xFE,0xA0,0xFE,0xA0,0xFE,0xA0,0xFE,0x80,0xFE,0xC0,0xFE,0x00,0xFF,0xC0,0xAC,0xE0,0x20,0x00,0x00,
    0x00,0x00,0x00,0x00,0x00,0x00,0x00,0x00,0x00,0x00,0x80,0x31,0xA0,0xAC,0xC0,0xFE,0x00,0xFF,0xA0,0xFE,0x80,0xFE,0xA0,0xFE,
    0xA0,0xFE,0xA0,0xFE,0xA0,0xFE,0xA0,0xFE,0xA0,0xFE,0xA0,0xFE,0xA0,0xFE,0xA0,0xFE,0xA0,0xFE,0xA0,0xFE,0xA0,0xFE,0x80,0xFE,
    0x00,0xFF,0x00,0xBD,0xA0,0x39,0x00,0x00,0x00,0x00,0x00,0x00,0x00,0x00,0x00,0x00,0x00,0x00,0x00,0x00,0xE0,0x41,0x80,0xF6,
    0xC0,0xFE,0xA0,0xFE,0xA0,0xFE,0xA0,0xFE,0xA0,0xFE,0xA0,0xFE,0x80,0xFE,0xE0,0xFE,0xE0,0x41,0x00,0x00,0x20,0x08,0x00,0x00,
    0xC0,0x18,0x60,0xF6,0xA0,0xFE,0xA0,0xFE,0x80,0xFE,0x00,0xFF,0x00,0x9C,0x00,0x00,0x00,0x00,0x00,0x00,0x00,0x00,0x80,0xAC,
    0x00,0xFF,0x80,0xFE,0xA0,0xFE,0xA0,0xFE,0xA0,0xFE,0x40,0xEE,0xE0,0xFE,0x20,0xFF,0x00,0xFF,0xC0,0xFE,0xA0,0xFE,0xA0,0xFE,
    0xA0,0xFE,0xA0,0xFE,0xA0,0xFE,0xA0,0xFE,0xA0,0xFE,0x80,0xFE,0xA0,0xFE,0x00,0xFF,0xA0,0xFE,0x40,0x9C,0x40,0x29,0x00,0x00,
    0x00,0x00,0x00,0x00,0x00,0x00,0x00,0x00,0x00,0x00,0xC0,0x18,0x40,0x9C,0xE0,0xFE,0xE0,0xFE,0x80,0xFE,0xA0,0xFE,0xA0,0xFE,
    0xA0,0xFE,0x80,0xFE,0xA1,0xFE,0x95,0xFF,0xFF,0xFF,0x00,0x00,0x00,0x00,0x00,0x00,0x00,0x00,0x00,0x00,0x00,0x00,0x00,0x00,
    0x00,0x00,0x00,0x00,0x00,0x00,0x00,0x00,0x00,0x00,0x00,0x00,0x00,0x00,0x00,0x00,0x00,0x00,0x00,0x00,0x00,0x00,0x00,0x00,
    0x00,0x00,0x00,0x00,0x00,0x00,0x00,0x00,0x00,0x00,0x00,0x00,0x00,0x00,0x00,0x00,0x00,0x00,0x00,0x00,0x00,0x00,0x00,0x00,
    0x00,0x00,0x00,0x00,0x00,0x00,0x00,0x00,0x00,0x00,0x00,0x00,0x00,0x00,0x00,0x00,0x00,0x00,0x00,0x00,0x00,0x00,0x00,0x00,
    0x00,0x00,0x00,0x00,0x00,0x00,0x00,0x00,0x00,0x00,0x00,0x00,0x00,0x00,0x00,0x00,0x00,0x00,0x00,0x00,0x00,0x00,0x00,0x00,
    0x00,0x00,0x00,0x00,0x00,0x00,0x00,0x00,0x00,0x00,0x00,0x00,0x00,0x00,0x00,0x00,0x00,0x00,0x00,0x00,0x00,0x00,0x00,0x00,
    0x00,0x00,0x00,0x00,0x00,0x00,0x00,0x00,0x00,0x00,0x00,0x00,0x00,0x00,0x00,0x00,0x00,0x00,0x00,0x00,0x00,0x00,0x00,0x00,
    0x00,0x00,0x00,0x00,0x00,0x00,0x00,0x00,0x00,0x00,0x00,0x00,0x00,0x00,0x00,0x00,0x00,0x00,0xDB,0xFF,0xE7,0xFE,0x80,0xFE,
    0xA0,0xFE,0xA0,0xFE,0xA0,0xFE,0xA0,0xFE,0x80,0xFE,0x00,0xFF,0x60,0xEE,0x20,0x73,0x20,0x00,0x00,0x00,0x00,0x00,0x20,0x00,
    0x00,0x00,0x00,0x00,0x00,0x00,0x80,0x31,0x80,0xA4,0xA0,0xFE,0x20,0xFF,0xC0,0xFE,0x80,0xFE,0xA0,0xFE,0xA0,0xFE,0xA0,0xFE,
    0xA0,0xFE,0xA0,0xFE,0xA0,0xFE,0xA0,0xFE,0xA0,0xFE,0xA0,0xFE,0xA0,0xFE,0xA0,0xFE,0x80,0xFE,0xE0,0xFE,0xC0,0xFE,0x40,0xC5,
    0x80,0x7B,0x00,0x4A,0x60,0x31,0x60,0x31,0x40,0x52,0x40,0xA4,0xC0,0xFE,0xC0,0xFE,0xA0,0xFE,0xA0,0xFE,0xA0,0xFE,0xA0,0xFE,
    0xA0,0xFE,0xA0,0xFE,0x80,0xFE,0x00,0xFF,0xC0,0x41,0x00,0x00,0x00,0x00,0x00,0x00,0x00,0x00,0x20,0xEE,0xC0,0xFE,0xA0,0xFE,
    0x80,0xFE,0x20,0xFF,0xC0,0x8B,0x40,0x08,0x00,0x21,0xC0,0x41,0xC0,0x62,0xC0,0xDD,0xC0,0xFE,0xA0,0xFE,0xA0,0xFE,0xA0,0xFE,
    0xA0,0xFE,0xC0,0xFE,0xA0,0xFE,0x80,0xFE,0x80,0xFE,0xA0,0xFE,0xA0,0xFE,0xA0,0xFE,0xA0,0xFE,0xA0,0xFE,0xA0,0xFE,0x80,0xFE,
    0xC0,0xFE,0x20,0xFF,0xA0,0xFE,0x60,0xA4,0x40,0x29,0x00,0x00,0x00,0x00,0x00,0x00,0x20,0x00,0x00,0x00,0x00,0x00,0x20,0x00,
    0xE0,0x6A,0x40,0xEE,0x20,0xFF,0xA0,0xFE,0xA0,0xFE,0xA0,0xFE,0xA0,0xFE,0xA0,0xFE,0x80,0xFE,0xE6,0xFE,0xDA,0xFF,0xFF,0xFF,
    0x00,0x00,0x00,0x00,0x00,0x00,0x00,0x00,0x00,0x00,0x00,0x00,0x00,0x00,0x00,0x00,0x00,0x00,0x00,0x00,0x00,0x00,0x00,0x00,
    0x00,0x00,0x00,0x00,0x00,0x00,0x00,0x00,0x00,0x00,0x00,0x00,0x00,0x00,0x00,0x00,0x00,0x00,0x00,0x00,0x00,0x00,0x00,0x00,
    0x00,0x00,0x00,0x00,0x00,0x00,0x00,0x00,0x00,0x00,0x00,0x00,0x00,0x00,0x00,0x00,0x00,0x00,0x00,0x00,0x00,0x00,0x00,0x00,
    0x00,0x00,0x00,0x00,0x00,0x00,0x00,0x00,0x00,0x00,0x00,0x00,0x00,0x00,0x00,0x00,0x00,0x00,0x00,0x00,0x00,0x00,0x00,0x00,
    0x00,0x00,0x00,0x00,0x00,0x00,0x00,0x00,0x00,0x00,0x00,0x00,0x00,0x00,0x00,0x00,0x00,0x00,0x00,0x00,0x00,0x00,0x00,0x00,
    0x00,0x00,0x00,0x00,0x00,0x00,0x00,0x00,0x00,0x00,0x00,0x00,0x00,0x00,0x00,0x00,0x00,0x00,0x00,0x00,0x00,0x00,0x00,0x00,
    0x00,0x00,0x00,0x00,0x00,0x00,0x00,0x00,0x00,0x00,0x00,0x00,0x00,0x00,0x00,0x00,0x00,0x00,0x00,0x00,0x00,0x00,0x00,0x00,
    0x00,0x00,0x00,0x00,0x00,0x00,0x00,0x00,0x00,0x00,0x00,0x00,0x00,0x00,0x4F,0xFF,0xA0,0xFE,0xA0,0xFE,0xA0,0xFE,0xA0,0xFE,
    0xA0,0xFE,0x80,0xFE,0xC0,0xFE,0x20,0xFF,0x80,0xCD,0x20,0x52,0x00,0x00,0x00,0x00,0x00,0x00,0x20,0x00,0x00,0x00,0x00,0x00,
    0x00,0x00,0x40,0x29,0x00,0x94,0x60,0xEE,0x20,0xFF,0xE0,0xFE,0xA0,0xFE,0x80,0xFE,0xA0,0xFE,0xA0,0xFE,0xA0,0xFE,0xA0,0xFE,
    0xA0,0xFE,0xA0,0xFE,0xA0,0xFE,0xA0,0xFE,0xA0,0xFE,0x80,0xFE,0xA0,0xFE,0xE0,0xFE,0x20,0xFF,0x00,0xFF,0xC0,0xFE,0xC0,0xFE,
    0x00,0xFF,0x00,0xFF,0xA0,0xFE,0xA0,0xFE,0xA0,0xFE,0xA0,0xFE,0xA0,0xFE,0xA0,0xFE,0xA0,0xFE,0xA0,0xFE,0xA0,0xFE,0xE0,0xFE,
    0x80,0xAC,0x40,0x7B,0x80,0x83,0x80,0x83,0x00,0x94,0x60,0xF6,0xA0,0xFE,0xA0,0xFE,0xA0,0xFE,0xC0,0xFE,0x00,0xE6,0xE0,0xDD,
    0xA0,0xFE,0xE0,0xFE,0x20,0xFF,0xC0,0xFE,0xA0,0xFE,0xA0,0xFE,0xA0,0xFE,0xA0,0xFE,0xA0,0xFE,0xA0,0xFE,0xA0,0xFE,0xA0,0xFE,
    0xA0,0xFE,0xA0,0xFE,0xA0,0xFE,0xA0,0xFE,0x80,0xFE,0x80,0xFE,0xE0,0xFE,0x20,0xFF,0x40,0xEE,0x00,0x94,0x20,0x29,0x00,0x00,
    0x00,0x00,0x00,0x00,0x20,0x00,0x00,0x00,0x00,0x00,0x00,0x00,0x00,0x4A,0x80,0xCD,0x00,0xFF,0xC0,0xFE,0x80,0xFE,0xA0,0xFE,
    0xA0,0xFE,0xA0,0xFE,0xA0,0xFE,0xA0,0xFE,0x2E,0xFF,0xFF,0xFF,0x00,0x00,0x00,0x00,0x00,0x00,0x00,0x00,0x00,0x00,0x00,0x00,
    0x00,0x00,0x00,0x00,0x00,0x00,0x00,0x00,0x00,0x00,0x00,0x00,0x00,0x00,0x00,0x00,0x00,0x00,0x00,0x00,0x00,0x00,0x00,0x00,
    0x00,0x00,0x00,0x00,0x00,0x00,0x00,0x00,0x00,0x00,0x00,0x00,0x00,0x00,0x00,0x00,0x00,0x00,0x00,0x00,0x00,0x00,0x00,0x00,
    0x00,0x00,0x00,0x00,0x00,0x00,0x00,0x00,0x00,0x00,0x00,0x00,0x00,0x00,0x00,0x00,0x00,0x00,0x00,0x00,0x00,0x00,0x00,0x00,
    0x00,0x00,0x00,0x00,0x00,0x00,0x00,0x00,0x00,0x00,0x00,0x00,0x00,0x00,0x00,0x00,0x00,0x00,0x00,0x00,0x00,0x00,0x00,0x00,
    0x00,0x00,0x00,0x00,0x00,0x00,0x00,0x00,0x00,0x00,0x00,0x00,0x00,0x00,0x00,0x00,0x00,0x00,0x00,0x00,0x00,0x00,0x00,0x00,
    0x00,0x00,0x00,0x00,0x00,0x00,0x00,0x00,0x00,0x00,0x00,0x00,0x00,0x00,0x00,0x00,0x00,0x00,0x00,0x00,0x00,0x00,0x00,0x00,
    0x00,0x00,0x00,0x00,0x00,0x00,0x00,0x00,0x00,0x00,0x00,0x00,0x00,0x00,0x00,0x00,0x00,0x00,0x00,0x00,0x00,0x00,0x00,0x00,
    0x00,0x00,0x00,0x00,0x00,0x00,0x00,0x00,0xB8,0xFF,0xE6,0xFE,0x80,0xFE,0xA0,0xFE,0xA0,0xFE,0xA0,0xFE,0xA0,0xFE,0x80,0xFE,
    0xE0,0xFE,0x00,0xFF,0x00,0xB5,0xA0,0x39,0x00,0x00,0x00,0x00,0x00,0x00,0x20,0x00,0x00,0x00,0x00,0x00,0x00,0x00,0xA0,0x18,
    0x00,0x6B,0x80,0xCD,0xE0,0xFE,0x00,0xFF,0xC0,0xFE,0x80,0xFE,0x80,0xFE,0xA0,0xFE,0xA0,0xFE,0xA0,0xFE,0xA0,0xFE,0xA0,0xFE,
    0xA0,0xFE,0xA0,0xFE,0xA0,0xFE,0xA0,0xFE,0x80,0xFE,0x80,0xFE,0xA0,0xFE,0xA0,0xFE,0x80,0xFE,0x80,0xFE,0xA0,0xFE,0xA0,0xFE,
    0xA0,0xFE,0xA0,0xFE,0xA0,0xFE,0xA0,0xFE,0xA0,0xFE,0xA0,0xFE,0xA0,0xFE,0xA0,0xFE,0x00,0xFF,0x20,0xFF,0x20,0xFF,0x20,0xFF,
    0x20,0xFF,0xA0,0xFE,0xA0,0xFE,0xA0,0xFE,0xA0,0xFE,0xA0,0xFE,0xC0,0xFE,0xC0,0xFE,0xA0,0xFE,0x80,0xFE,0x80,0xFE,0xA0,0xFE,
    0xA0,0xFE,0xA0,0xFE,0xA0,0xFE,0xA0,0xFE,0xA0,0xFE,0xA0,0xFE,0xA0,0xFE,0xA0,0xFE,0xA0,0xFE,0x80,0xFE,0x80,0xFE,0xC0,0xFE,
    0x00,0xFF,0xE0,0xFE,0x80,0xCD,0x00,0x6B,0xA0,0x18,0x00,0x00,0x00,0x00,0x00,0x00,0x20,0x00,0x00,0x00,0x00,0x00,0x00,0x00,
    0x80,0x31,0xC0,0xB4,0xE0,0xFE,0xE0,0xFE,0x80,0xFE,0xA0,0xFE,0xA0,0xFE,0xA0,0xFE,0xA0,0xFE,0x80,0xFE,0xC5,0xFE,0x97,0xFF,
    0xFF,0xFF,0x00,0x00,0x00,0x00,0x00,0x00,0x00,0x00,0x00,0x00,0x00,0x00,0x00,0x00,0x00,0x00,0x00,0x00,0x00,0x00,0x00,0x00,
    0x00,0x00,0x00,0x00,0x00,0x00,0x00,0x00,0x00,0x00,0x00,0x00,0x00,0x00,0x00,0x00,0x00,0x00,0x00,0x00,0x00,0x00,0x00,0x00,
    0x00,0x00,0x00,0x00,0x00,0x00,0x00,0x00,0x00,0x00,0x00,0x00,0x00,0x00,0x00,0x00,0x00,0x00,0x00,0x00,0x00,0x00,0x00,0x00,
    0x00,0x00,0x00,0x00,0x00,0x00,0x00,0x00,0x00,0x00,0x00,0x00,0x00,0x00,0x00,0x00,0x00,0x00,0x00,0x00,0x00,0x00,0x00,0x00,
    0x00,0x00,0x00,0x00,0x00,0x00,0x00,0x00,0x00,0x00,0x00,0x00,0x00,0x00,0x00,0x00,0x00,0x00,0x00,0x00,0x00,0x00,0x00,0x00,
    0x00,0x00,0x00,0x00,0x00,0x00,0x00,0x00,0x00,0x00,0x00,0x00,0x00,0x00,0x00,0x00,0x00,0x00,0x00,0x00,0x00,0x00,0x00,0x00,
    0x00,0x00,0x00,0x00,0x00,0x00,0x00,0x00,0x00,0x00,0x00,0x00,0x00,0x00,0x00,0x00,0x00,0x00,0x00,0x00,0x00,0x00,0x00,0x00,
    0x00,0x00,0x00,0x00,0x00,0x00,0x00,0x00,0x00,0x00,0x00,0x00,0x00,0x00,0x00,0x00,0x00,0x00,0x00,0x00,0x00,0x00,0x00,0x00,
    0x00,0x00,0xFE,0xFF,0x4F,0xFF,0xA0,0xFE,0x80,0xFE,0xA0,0xFE,0xA0,0xFE,0xA0,0xFE,0xA0,0xFE,0x80,0xFE,0x00,0xFF,0xE0,0xFE,
    0xA0,0xAC,0x80,0x31,0x00,0x00,0x00,0x00,0x00,0x00,0x20,0x00,0x20,0x00,0x00,0x00,0x00,0x00,0x00,0x00,0xC0,0x39,0x20,0x9C,
    0x20,0xE6,0x00,0xFF,0x00,0xFF,0xC0,0xFE,0x80,0xFE,0x80,0xFE,0xA0,0xFE,0xA0,0xFE,0xA0,0xFE,0xA0,0xFE,0xA0,0xFE,0xA0,0xFE,
    0xA0,0xFE,0xA0,0xFE,0xA0,0xFE,0xA0,0xFE,0xA0,0xFE,0xA0,0xFE,0xA0,0xFE,0xA0,0xFE,0xA0,0xFE,0xA0,0xFE,0xA0,0xFE,0xA0,0xFE,
    0xA0,0xFE,0xA0,0xFE,0xA0,0xFE,0xA0,0xFE,0xA0,0xFE,0x80,0xFE,0x80,0xFE,0x80,0xFE,0x80,0xFE,0xA0,0xFE,0xA0,0xFE,0xA0,0xFE,
    0xA0,0xFE,0xA0,0xFE,0xA0,0xFE,0xA0,0xFE,0xA0,0xFE,0xA0,0xFE,0xA0,0xFE,0xA0,0xFE,0xA0,0xFE,0xA0,0xFE,0xA0,0xFE,0xA0,0xFE,
    0xA0,0xFE,0xA0,0xFE,0x80,0xFE,0x80,0xFE,0xC0,0xFE,0x00,0xFF,0x00,0xFF,0x40,0xEE,0x40,0x9C,0xE0,0x41,0x00,0x00,0x00,0x00,
    0x00,0x00,0x20,0x00,0x20,0x00,0x00,0x00,0x00,0x00,0x00,0x00,0x40,0x31,0x80,0xA4,0xC0,0xFE,0x00,0xFF,0x80,0xFE,0xA0,0xFE,
    0xA0,0xFE,0xA0,0xFE,0xA0,0xFE,0x80,0xFE,0xA0,0xFE,0x2E,0xFF,0xFE,0xFF,0xFF,0xFF,0x00,0x00,0x00,0x00,0x00,0x00,0x00,0x00,
    0x00,0x00,0x00,0x00,0x00,0x00,0x00,0x00,0x00,0x00,0x00,0x00,0x00,0x00,0x00,0x00,0x00,0x00,0x00,0x00,0x00,0x00,0x00,0x00,
    0x00,0x00,0x00,0x00,0x00,0x00,0x00,0x00,0x00,0x00,0x00,0x00,0x00,0x00,0x00,0x00,0x00,0x00,0x00,0x00,0x00,0x00,0x00,0x00,
    0x00,0x00,0x00,0x00,0x00,0x00,0x00,0x00,0x00,0x00,0x00,0x00,0x00,0x00,0x00,0x00,0x00,0x00,0x00,0x00,0x00,0x00,0x00,0x00,
    0x00,0x00,0x00,0x00,0x00,0x00,0x00,0x00,0x00,0x00,0x00,0x00,0x00,0x00,0x00,0x00,0x00,0x00,0x00,0x00,0x00,0x00,0x00,0x00,
    0x00,0x00,0x00,0x00,0x00,0x00,0x00,0x00,0x00,0x00,0x00,0x00,0x00,0x00,0x00,0x00,0x00,0x00,0x00,0x00,0x00,0x00,0x00,0x00,
    0x00,0x00,0x00,0x00,0x00,0x00,0x00,0x00,0x00,0x00,0x00,0x00,0x00,0x00,0x00,0x00,0x00,0x00,0x00,0x00,0x00,0x00,0x00,0x00,
    0x00,0x00,0x00,0x00,0x00,0x00,0x00,0x00,0x00,0x00,0x00,0x00,0x00,0x00,0x00,0x00,0x00,0x00,0x00,0x00,0x00,0x00,0x00,0x00,
    0x00,0x00,0x00,0x00,0x00,0x00,0x00,0x00,0x00,0x00,0x00,0x00,0x00,0x00,0x00,0x00,0x00,0x00,0x00,0x00,0x00,0x00,0xB9,0xFF,
    0xE8,0xFE,0x80,0xFE,0xA0,0xFE,0xA0,0xFE,0xA0,0xFE,0xA0,0xFE,0x80,0xFE,0x80,0xFE,0x00,0xFF,0xC0,0xFE,0xC0,0xAC,0xC0,0x39,
    0x00,0x00,0x00,0x00,0x00,0x00,0x20,0x00,0x20,0x00,0x00,0x00,0x00,0x00,0x00,0x00,0x80,0x10,0x60,0x52,0x60,0xA4,0x20,0xE6,
    0x00,0xFF,0x20,0xFF,0xE0,0xFE,0xA0,0xFE,0x80,0xFE,0x80,0xFE,0xA0,0xFE,0xA0,0xFE,0xA0,0xFE,0xA0,0xFE,0xA0,0xFE,0xA0,0xFE,
    0xA0,0xFE,0xA0,0xFE,0xA0,0xFE,0xA0,0xFE,0xA0,0xFE,0xA0,0xFE,0xA0,0xFE,0xA0,0xFE,0xA0,0xFE,0xA0,0xFE,0xA0,0xFE,0xA0,0xFE,
    0xA0,0xFE,0xA0,0xFE,0xA0,0xFE,0xA0,0xFE,0xA0,0xFE,0xA0,0xFE,0xA0,0xFE,0xA0,0xFE,0xA0,0xFE,0xA0,0xFE,0xA0,0xFE,0xA0,0xFE,
    0xA0,0xFE,0xA0,0xFE,0xA0,0xFE,0xA0,0xFE,0xA0,0xFE,0x80,0xFE,0x80,0xFE,0x80,0xFE,0xA0,0xFE,0xE0,0xFE,0x00,0xFF,0x00,0xFF,
    0x40,0xEE,0xA0,0xAC,0x80,0x5A,0x80,0x10,0x00,0x00,0x00,0x00,0x00,0x00,0x20,0x00,0x20,0x00,0x00,0x00,0x00,0x00,0x00,0x00,
    0xA0,0x39,0x80,0xA4,0xC0,0xFE,0x00,0xFF,0xA0,0xFE,0x80,0xFE,0xA0,0xFE,0xA0,0xFE,0xA0,0xFE,0xA0,0xFE,0x80,0xFE,0xE7,0xFE,
    0xB8,0xFF,0xFF,0xFF,0x00,0x00,0x00,0x00,0x00,0x00,0x00,0x00,0x00,0x00,0x00,0x00,0x00,0x00,0x00,0x00,0x00,0x00,0x00,0x00,
    0x00,0x00,0x00,0x00,0x00,0x00,0x00,0x00,0x00,0x00,0x00,0x00,0x00,0x00,0x00,0x00,0x00,0x00,0x00,0x00,0x00,0x00,0x00,0x00,
    0x00,0x00,0x00,0x00,0x00,0x00,0x00,0x00,0x00,0x00,0x00,0x00,0x00,0x00,0x00,0x00,0x00,0x00,0x00,0x00,0x00,0x00,0x00,0x00,
    0x00,0x00,0x00,0x00,0x00,0x00,0x00,0x00,0x00,0x00,0x00,0x00,0x00,0x00,0x00,0x00,0x00,0x00,0x00,0x00,0x00,0x00,0x00,0x00,
    0x00,0x00,0x00,0x00,0x00,0x00,0x00,0x00,0x00,0x00,0x00,0x00,0x00,0x00,0x00,0x00,0x00,0x00,0x00,0x00,0x00,0x00,0x00,0x00,
    0x00,0x00,0x00,0x00,0x00,0x00,0x00,0x00,0x00,0x00,0x00,0x00,0x00,0x00,0x00,0x00,0x00,0x00,0x00,0x00,0x00,0x00,0x00,0x00,
    0x00,0x00,0x00,0x00,0x00,0x00,0x00,0x00,0x00,0x00,0x00,0x00,0x00,0x00,0x00,0x00,0x00,0x00,0x00,0x00,0x00,0x00,0x00,0x00,
    0x00,0x00,0x00,0x00,0x00,0x00,0x00,0x00,0x00,0x00,0x00,0x00,0x00,0x00,0x00,0x00,0x00,0x00,0x00,0x00,0x00,0x00,0x00,0x00,
    0x00,0x00,0x00,0x00,0x00,0x00,0x00,0x00,0x00,0x00,0x00,0x00,0x00,0x00,0x00,0x00,0x00,0x00,0x73,0xFF,0xC4,0xFE,0x80,0xFE,
    0xA0,0xFE,0xA0,0xFE,0xA0,0xFE,0xA0,0xFE,0x80,0xFE,0xA0,0xFE,0x00,0xFF,0xE0,0xFE,0x20,0xBD,0x60,0x52,0x40,0x08,0x00,0x00,
    0x00,0x00,0x00,0x00,0x20,0x00,0x20,0x00,0x00,0x00,0x00,0x00,0x00,0x00,0x80,0x10,0x20,0x4A,0x00,0x94,0xA0,0xD5,0xA0,0xFE,
    0x00,0xFF,0x00,0xFF,0xE0,0xFE,0xA0,0xFE,0x80,0xFE,0x80,0xFE,0x80,0xFE,0x80,0xFE,0xA0,0xFE,0xA0,0xFE,0xA0,0xFE,0xA0,0xFE,
    0xA0,0xFE,0xA0,0xFE,0xA0,0xFE,0xA0,0xFE,0xA0,0xFE,0xA0,0xFE,0xA0,0xFE,0xA0,0xFE,0xA0,0xFE,0xA0,0xFE,0xA0,0xFE,0xA0,0xFE,
    0xA0,0xFE,0xA0,0xFE,0xA0,0xFE,0xA0,0xFE,0xA0,0xFE,0xA0,0xFE,0xA0,0xFE,0xA0,0xFE,0x80,0xFE,0x80,0xFE,0x80,0xFE,0x80,0xFE,
    0xA0,0xFE,0xE0,0xFE,0x00,0xFF,0x00,0xFF,0xA0,0xFE,0xC0,0xD5,0x20,0x9C,0x40,0x52,0x80,0x10,0x00,0x00,0x00,0x00,0x00,0x00,
    0x20,0x00,0x20,0x00,0x00,0x00,0x00,0x00,0x00,0x00,0x20,0x08,0x40,0x52,0x00,0xBD,0xE0,0xFE,0x00,0xFF,0xA0,0xFE,0x80,0xFE,
    0xA0,0xFE,0xA0,0xFE,0xA0,0xFE,0xA0,0xFE,0x80,0xFE,0xC3,0xFE,0x72,0xFF,0xFF,0xFF,0x00,0x00,0x00,0x00,0x00,0x00,0x00,0x00,
    0x00,0x00,0x00,0x00,0x00,0x00,0x00,0x00,0x00,0x00,0x00,0x00,0x00,0x00,0x00,0x00,0x00,0x00,0x00,0x00,0x00,0x00,0x00,0x00,
    0x00,0x00,0x00,0x00,0x00,0x00,0x00,0x00,0x00,0x00,0x00,0x00,0x00,0x00,0x00,0x00,0x00,0x00,0x00,0x00,0x00,0x00,0x00,0x00,
    0x00,0x00,0x00,0x00,0x00,0x00,0x00,0x00,0x00,0x00,0x00,0x00,0x00,0x00,0x00,0x00,0x00,0x00,0x00,0x00,0x00,0x00,0x00,0x00,
    0x00,0x00,0x00,0x00,0x00,0x00,0x00,0x00,0x00,0x00,0x00,0x00,0x00,0x00,0x00,0x00,0x00,0x00,0x00,0x00,0x00,0x00,0x00,0x00,
    0x00,0x00,0x00,0x00,0x00,0x00,0x00,0x00,0x00,0x00,0x00,0x00,0x00,0x00,0x00,0x00,0x00,0x00,0x00,0x00,0x00,0x00,0x00,0x00,
    0x00,0x00,0x00,0x00,0x00,0x00,0x00,0x00,0x00,0x00,0x00,0x00,0x00,0x00,0x00,0x00,0x00,0x00,0x00,0x00,0x00,0x00,0x00,0x00,
    0x00,0x00,0x00,0x00,0x00,0x00,0x00,0x00,0x00,0x00,0x00,0x00,0x00,0x00,0x00,0x00,0x00,0x00,0x00,0x00,0x00,0x00,0x00,0x00,
    0x00,0x00,0x00,0x00,0x00,0x00,0x00,0x00,0x00,0x00,0x00,0x00,0x00,0x00,0x00,0x00,0x00,0x00,0x00,0x00,0x00,0x00,0x00,0x00,
    0x00,0x00,0x00,0x00,0x00,0x00,0x00,0x00,0x00,0x00,0x00,0x00,0xDD,0xFF,0x4F,0xFF,0xA1,0xFE,0x80,0xFE,0xA0,0xFE,0xA0,0xFE,
    0xA0,0xFE,0xA0,0xFE,0x80,0xFE,0xA0,0xFE,0x00,0xFF,0x00,0xFF,0xE0,0xDD,0x60,0x7B,0x00,0x21,0x00,0x00,0x00,0x00,0x00,0x00,
    0x00,0x00,0x20,0x00,0x20,0x00,0x00,0x00,0x00,0x00,0x00,0x00,0x00,0x00,0x20,0x29,0xA0,0x62,0x40,0x9C,0xA0,0xD5,0x80,0xF6,
    0xE0,0xFE,0x20,0xFF,0x20,0xFF,0x00,0xFF,0xE0,0xFE,0xC0,0xFE,0xA0,0xFE,0x80,0xFE,0x80,0xFE,0x80,0xFE,0x80,0xFE,0x80,0xFE,
    0x80,0xFE,0x80,0xFE,0x80,0xFE,0x80,0xFE,0x80,0xFE,0x80,0xFE,0x80,0xFE,0x80,0xFE,0x80,0xFE,0x80,0xFE,0x80,0xFE,0x80,0xFE,
    0x80,0xFE,0xA0,0xFE,0xA0,0xFE,0xC0,0xFE,0xE0,0xFE,0x00,0xFF,0x20,0xFF,0x00,0xFF,0x80,0xF6,0x80,0xCD,0x40,0x9C,0xA0,0x62,
    0x20,0x29,0x20,0x00,0x00,0x00,0x00,0x00,0x00,0x00,0x00,0x00,0x20,0x00,0x20,0x00,0x00,0x00,0x00,0x00,0x00,0x00,0x00,0x21,
    0x60,0x7B,0xC0,0xDD,0x00,0xFF,0x00,0xFF,0xA0,0xFE,0x80,0xFE,0xA0,0xFE,0xA0,0xFE,0xA0,0xFE,0xA0,0xFE,0x80,0xFE,0xA1,0xFE,
    0x2E,0xFF,0xDD,0xFF,0xFF,0xFF,0x00,0x00,0x00,0x00,0x00,0x00,0x00,0x00,0x00,0x00,0x00,0x00,0x00,0x00,0x00,0x00,0x00,0x00,
    0x00,0x00,0x00,0x00,0x00,0x00,0x00,0x00,0x00,0x00,0x00,0x00,0x00,0x00,0x00,0x00,0x00,0x00,0x00,0x00,0x00,0x00,0x00,0x00,
    0x00,0x00,0x00,0x00,0x00,0x00,0x00,0x00,0x00,0x00,0x00,0x00,0x00,0x00,0x00,0x00,0x00,0x00,0x00,0x00,0x00,0x00,0x00,0x00,
    0x00,0x00,0x00,0x00,0x00,0x00,0x00,0x00,0x00,0x00,0x00,0x00,0x00,0x00,0x00,0x00,0x00,0x00,0x00,0x00,0x00,0x00,0x00,0x00,
    0x00,0x00,0x00,0x00,0x00,0x00,0x00,0x00,0x00,0x00,0x00,0x00,0x00,0x00,0x00,0x00,0x00,0x00,0x00,0x00,0x00,0x00,0x00,0x00,
    0x00,0x00,0x00,0x00,0x00,0x00,0x00,0x00,0x00,0x00,0x00,0x00,0x00,0x00,0x00,0x00,0x00,0x00,0x00,0x00,0x00,0x00,0x00,0x00,
    0x00,0x00,0x00,0x00,0x00,0x00,0x00,0x00,0x00,0x00,0x00,0x00,0x00,0x00,0x00,0x00,0x00,0x00,0x00,0x00,0x00,0x00,0x00,0x00,
    0x00,0x00,0x00,0x00,0x00,0x00,0x00,0x00,0x00,0x00,0x00,0x00,0x00,0x00,0x00,0x00,0x00,0x00,0x00,0x00,0x00,0x00,0x00,0x00,
    0x00,0x00,0x00,0x00,0x00,0x00,0x00,0x00,0x00,0x00,0x00,0x00,0x00,0x00,0x00,0x00,0x00,0x00,0x00,0x00,0x00,0x00,0x00,0x00,
    0x00,0x00,0x00,0x00,0x00,0x00,0x00,0x00,0xDB,0xFF,0x2D,0xFF,0xA1,0xFE,0x80,0xFE,0xA0,0xFE,0xA0,0xFE,0xA0,0xFE,0xA0,0xFE,
    0x80,0xFE,0x80,0xFE,0xC0,0xFE,0x20,0xFF,0x80,0xF6,0xC0,0xB4,0x80,0x5A,0x80,0x10,0x00,0x00,0x00,0x00,0x00,0x00,0x00,0x00,
    0x20,0x00,0x20,0x00,0x00,0x00,0x00,0x00,0x00,0x00,0x00,0x00,0x00,0x00,0xC0,0x18,0xE0,0x41,0x00,0x73,0x20,0x9C,0x20,0xBD,
    0xE0,0xDD,0x60,0xF6,0xC0,0xFE,0x00,0xFF,0x20,0xFF,0x20,0xFF,0x20,0xFF,0x20,0xFF,0x00,0xFF,0x00,0xFF,0x00,0xFF,0x00,0xFF,
    0x00,0xFF,0x00,0xFF,0x00,0xFF,0x20,0xFF,0x20,0xFF,0x20,0xFF,0x20,0xFF,0x20,0xFF,0x00,0xFF,0xC0,0xFE,0x60,0xF6,0xE0,0xDD,
    0x20,0xC5,0x40,0x9C,0x00,0x73,0xE0,0x41,0xC0,0x18,0x00,0x00,0x00,0x00,0x00,0x00,0x00,0x00,0x00,0x00,0x20,0x00,0x20,0x00,
    0x00,0x00,0x00,0x00,0x00,0x00,0x00,0x00,0x80,0x10,0x80,0x5A,0xE0,0xB4,0x80,0xF6,0x20,0xFF,0xC0,0xFE,0x80,0xFE,0x80,0xFE,
    0xA0,0xFE,0xA0,0xFE,0xA0,0xFE,0xA0,0xFE,0x80,0xFE,0xA0,0xFE,0x2C,0xFF,0xDB,0xFF,0xFF,0xFF,0x00,0x00,0x00,0x00,0x00,0x00,
    0x00,0x00,0x00,0x00,0x00,0x00,0x00,0x00,0x00,0x00,0x00,0x00,0x00,0x00,0x00,0x00,0x00,0x00,0x00,0x00,0x00,0x00,0x00,0x00,
    0x00,0x00,0x00,0x00,0x00,0x00,0x00,0x00,0x00,0x00,0x00,0x00,0x00,0x00,0x00,0x00,0x00,0x00,0x00,0x00,0x00,0x00,0x00,0x00,
    0x00,0x00,0x00,0x00,0x00,0x00,0x00,0x00,0x00,0x00,0x00,0x00,0x00,0x00,0x00,0x00,0x00,0x00,0x00,0x00,0x00,0x00,0x00,0x00,
    0x00,0x00,0x00,0x00,0x00,0x00,0x00,0x00,0x00,0x00,0x00,0x00,0x00,0x00,0x00,0x00,0x00,0x00,0x00,0x00,0x00,0x00,0x00,0x00,
    0x00,0x00,0x00,0x00,0x00,0x00,0x00,0x00,0x00,0x00,0x00,0x00,0x00,0x00,0x00,0x00,0x00,0x00,0x00,0x00,0x00,0x00,0x00,0x00,
    0x00,0x00,0x00,0x00,0x00,0x00,0x00,0x00,0x00,0x00,0x00,0x00,0x00,0x00,0x00,0x00,0x00,0x00,0x00,0x00,0x00,0x00,0x00,0x00,
    0x00,0x00,0x00,0x00,0x00,0x00,0x00,0x00,0x00,0x00,0x00,0x00,0x00,0x00,0x00,0x00,0x00,0x00,0x00,0x00,0x00,0x00,0x00,0x00,
    0x00,0x00,0x00,0x00,0x00,0x00,0x00,0x00,0x00,0x00,0x00,0x00,0x00,0x00,0x00,0x00,0x00,0x00,0x00,0x00,0x00,0x00,0x00,0x00,
    0x00,0x00,0x00,0x00,0x00,0x00,0x00,0x00,0x00,0x00,0x00,0x00,0x00,0x00,0x00,0x00,0x00,0x00,0x00,0x00,0x00,0x00,0x00,0x00,
    0x00,0x00,0x00,0x00,0xDB,0xFF,0x2D,0xFF,0xA1,0xFE,0x80,0xFE,0xA0,0xFE,0xA0,0xFE,0xA0,0xFE,0xA0,0xFE,0xA0,0xFE,0x80,0xFE,
    0xA0,0xFE,0x00,0xFF,0x00,0xFF,0x40,0xEE,0x80,0xA4,0x60,0x5A,0xC0,0x18,0x00,0x00,0x00,0x00,0x00,0x00,0x00,0x00,0x20,0x00,
    0x20,0x00,0x20,0x00,0x00,0x00,0x00,0x00,0x00,0x00,0x00,0x00,0x00,0x00,0x00,0x00,0x20,0x00,0xC0,0x18,0x40,0x31,0xE0,0x49,
    0xA0,0x62,0x20,0x73,0xA0,0x83,0x00,0x9C,0x60,0xA4,0x80,0xAC,0xC0,0xAC,0xE0,0xB4,0xE0,0xB4,0xE0,0xB4,0xA0,0xAC,0x60,0xA4,
    0x20,0x9C,0xC0,0x8B,0x40,0x73,0xA0,0x62,0x20,0x4A,0x60,0x31,0xC0,0x18,0x40,0x08,0x00,0x00,0x00,0x00,0x00,0x00,0x00,0x00,
    0x00,0x00,0x00,0x00,0x20,0x00,0x20,0x00,0x20,0x00,0x00,0x00,0x00,0x00,0x00,0x00,0x00,0x00,0x80,0x10,0x40,0x52,0x60,0xA4,
    0x20,0xE6,0x00,0xFF,0x00,0xFF,0xA0,0xFE,0x80,0xFE,0xA0,0xFE,0xA0,0xFE,0xA0,0xFE,0xA0,0xFE,0xA0,0xFE,0x80,0xFE,0xA0,0xFE,
    0x0B,0xFF,0xB9,0xFF,0xFF,0xFF,0x00,0x00,0x00,0x00,0x00,0x00,0x00,0x00,0x00,0x00,0x00,0x00,0x00,0x00,0x00,0x00,0x00,0x00,
    0x00,0x00,0x00,0x00,0x00,0x00,0x00,0x00,0x00,0x00,0x00,0x00,0x00,0x00,0x00,0x00,0x00,0x00,0x00,0x00,0x00,0x00,0x00,0x00,
    0x00,0x00,0x00,0x00,0x00,0x00,0x00,0x00,0x00,0x00,0x00,0x00,0x00,0x00,0x00,0x00,0x00,0x00,0x00,0x00,0x00,0x00,0x00,0x00,
    0x00,0x00,0x00,0x00,0x00,0x00,0x00,0x00,0x00,0x00,0x00,0x00,0x00,0x00,0x00,0x00,0x00,0x00,0x00,0x00,0x00,0x00,0x00,0x00,
    0x00,0x00,0x00,0x00,0x00,0x00,0x00,0x00,0x00,0x00,0x00,0x00,0x00,0x00,0x00,0x00,0x00,0x00,0x00,0x00,0x00,0x00,0x00,0x00,
    0x00,0x00,0x00,0x00,0x00,0x00,0x00,0x00,0x00,0x00,0x00,0x00,0x00,0x00,0x00,0x00,0x00,0x00,0x00,0x00,0x00,0x00,0x00,0x00,
    0x00,0x00,0x00,0x00,0x00,0x00,0x00,0x00,0x00,0x00,0x00,0x00,0x00,0x00,0x00,0x00,0x00,0x00,0x00,0x00,0x00,0x00,0x00,0x00,
    0x00,0x00,0x00,0x00,0x00,0x00,0x00,0x00,0x00,0x00,0x00,0x00,0x00,0x00,0x00,0x00,0x00,0x00,0x00,0x00,0x00,0x00,0x00,0x00,
    0x00,0x00,0x00,0x00,0x00,0x00,0x00,0x00,0x00,0x00,0x00,0x00,0x00,0x00,0x00,0x00,0x00,0x00,0x00,0x00,0x00,0x00,0x00,0x00,
    0x00,0x00,0x00,0x00,0x00,0x00,0x00,0x00,0x00,0x00,0x00,0x00,0x00,0x00,0x00,0x00,0x00,0x00,0x00,0x00,0x00,0x00,0x00,0x00,
    0xDB,0xFF,0x2E,0xFF,0xC2,0xFE,0x80,0xFE,0xA0,0xFE,0xA0,0xFE,0xA0,0xFE,0xA0,0xFE,0xA0,0xFE,0x80,0xFE,0x80,0xFE,0xC0,0xFE,
    0x00,0xFF,0x00,0xFF,0x60,0xEE,0xC0,0xB4,0x00,0x6B,0x40,0x29,0x20,0x00,0x00,0x00,0x00,0x00,0x00,0x00,0x00,0x00,0x00,0x00,
    0x20,0x00,0x20,0x08,0x20,0x00,0x00,0x00,0x00,0x00,0x00,0x00,0x00,0x00,0x00,0x00,0x00,0x00,0x00,0x00,0x00,0x00,0x00,0x00,
    0x00,0x00,0x00,0x00,0x00,0x00,0x00,0x00,0x00,0x00,0x00,0x00,0x00,0x00,0x00,0x00,0x00,0x00,0x00,0x00,0x00,0x00,0x00,0x00,
    0x00,0x00,0x00,0x00,0x00,0x00,0x00,0x00,0x00,0x00,0x20,0x00,0x20,0x00,0x20,0x00,0x20,0x00,0x00,0x00,0x00,0x00,0x00,0x00,
    0x00,0x00,0x00,0x00,0xE0,0x20,0xA0,0x62,0xA0,0xAC,0x40,0xEE,0x00,0xFF,0x00,0xFF,0xC0,0xFE,0x80,0xFE,0x80,0xFE,0xA0,0xFE,
    0xA0,0xFE,0xA0,0xFE,0xA0,0xFE,0xA0,0xFE,0x80,0xFE,0xA1,0xFE,0x2C,0xFF,0xBA,0xFF,0xFF,0xFF,0x00,0x00,0x00,0x00,0x00,0x00,
    0x00,0x00,0x00,0x00,0x00,0x00,0x00,0x00,0x00,0x00,0x00,0x00,0x00,0x00,0x00,0x00,0x00,0x00,0x00,0x00,0x00,0x00,0x00,0x00,
    0x00,0x00,0x00,0x00,0x00,0x00,0x00,0x00,0x00,0x00,0x00,0x00,0x00,0x00,0x00,0x00,0x00,0x00,0x00,0x00,0x00,0x00,0x00,0x00,
    0x00,0x00,0x00,0x00,0x00,0x00,0x00,0x00,0x00,0x00,0x00,0x00,0x00,0x00,0x00,0x00,0x00,0x00,0x00,0x00,0x00,0x00,0x00,0x00,
    0x00,0x00,0x00,0x00,0x00,0x00,0x00,0x00,0x00,0x00,0x00,0x00,0x00,0x00,0x00,0x00,0x00,0x00,0x00,0x00,0x00,0x00,0x00,0x00,
    0x00,0x00,0x00,0x00,0x00,0x00,0x00,0x00,0x00,0x00,0x00,0x00,0x00,0x00,0x00,0x00,0x00,0x00,0x00,0x00,0x00,0x00,0x00,0x00,
    0x00,0x00,0x00,0x00,0x00,0x00,0x00,0x00,0x00,0x00,0x00,0x00,0x00,0x00,0x00,0x00,0x00,0x00,0x00,0x00,0x00,0x00,0x00,0x00,
    0x00,0x00,0x00,0x00,0x00,0x00,0x00,0x00,0x00,0x00,0x00,0x00,0x00,0x00,0x00,0x00,0x00,0x00,0x00,0x00,0x00,0x00,0x00,0x00,
    0x00,0x00,0x00,0x00,0x00,0x00,0x00,0x00,0x00,0x00,0x00,0x00,0x00,0x00,0x00,0x00,0x00,0x00,0x00,0x00,0x00,0x00,0x00,0x00,
    0x00,0x00,0x00,0x00,0x00,0x00,0x00,0x00,0x00,0x00,0x00,0x00,0x00,0x00,0x00,0x00,0x00,0x00,0x00,0x00,0x00,0x00,0x00,0x00,
    0x00,0x00,0x00,0x00,0x00,0x00,0x00,0x00,0x00,0x00,0x00,0x00,0x00,0x00,0x00,0x00,0x00,0x00,0x00,0x00,0xDC,0xFF,0x52,0xFF,
    0xC5,0xFE,0x80,0xFE,0xA0,0xFE,0xA0,0xFE,0xA0,0xFE,0xA0,0xFE,0xA0,0xFE,0xA0,0xFE,0x80,0xFE,0x80,0xFE,0xC0,0xFE,0x00,0xFF,
    0x20,0xFF,0xC0,0xFE,0xC0,0xDD,0x40,0x9C,0xA0,0x62,0x40,0x29,0x40,0x08,0x00,0x00,0x00,0x00,0x00,0x00,0x00,0x00,0x00,0x00,
    0x00,0x00,0x00,0x00,0x20,0x00,0x20,0x00,0x20,0x08,0x20,0x08,0x20,0x00,0x20,0x00,0x20,0x00,0x20,0x00,0x20,0x00,0x20,0x00,
    0x20,0x00,0x20,0x00,0x20,0x00,0x20,0x00,0x20,0x00,0x20,0x00,0x20,0x08,0x20,0x08,0x20,0x00,0x20,0x00,0x00,0x00,0x00,0x00,
    0x00,0x00,0x00,0x00,0x00,0x00,0x00,0x00,0x00,0x00,0x00,0x00,0xE0,0x20,0x40,0x52,0xE0,0x93,0x60,0xCD,0x80,0xF6,0x20,0xFF,
    0x00,0xFF,0xC0,0xFE,0x80,0xFE,0x80,0xFE,0xA0,0xFE,0xA0,0xFE,0xA0,0xFE,0xA0,0xFE,0xA0,0xFE,0xA0,0xFE,0x80,0xFE,0xC3,0xFE,
    0x2F,0xFF,0xDB,0xFF,0xFF,0xFF,0x00,0x00,0x00,0x00,0x00,0x00,0x00,0x00,0x00,0x00,0x00,0x00,0x00,0x00,0x00,0x00,0x00,0x00,
    0x00,0x00,0x00,0x00,0x00,0x00,0x00,0x00,0x00,0x00,0x00,0x00,0x00,0x00,0x00,0x00,0x00,0x00,0x00,0x00,0x00,0x00,0x00,0x00,
    0x00,0x00,0x00,0x00,0x00,0x00,0x00,0x00,0x00,0x00,0x00,0x00,0x00,0x00,0x00,0x00,0x00,0x00,0x00,0x00,0x00,0x00,0x00,0x00,
    0x00,0x00,0x00,0x00,0x00,0x00,0x00,0x00,0x00,0x00,0x00,0x00,0x00,0x00,0x00,0x00,0x00,0x00,0x00,0x00,0x00,0x00,0x00,0x00,
    0x00,0x00,0x00,0x00,0x00,0x00,0x00,0x00,0x00,0x00,0x00,0x00,0x00,0x00,0x00,0x00,0x00,0x00,0x00,0x00,0x00,0x00,0x00,0x00,
    0x00,0x00,0x00,0x00,0x00,0x00,0x00,0x00,0x00,0x00,0x00,0x00,0x00,0x00,0x00,0x00,0x00,0x00,0x00,0x00,0x00,0x00,0x00,0x00,
    0x00,0x00,0x00,0x00,0x00,0x00,0x00,0x00,0x00,0x00,0x00,0x00,0x00,0x00,0x00,0x00,0x00,0x00,0x00,0x00,0x00,0x00,0x00,0x00,
    0x00,0x00,0x00,0x00,0x00,0x00,0x00,0x00,0x00,0x00,0x00,0x00,0x00,0x00,0x00,0x00,0x00,0x00,0x00,0x00,0x00,0x00,0x00,0x00,
    0x00,0x00,0x00,0x00,0x00,0x00,0x00,0x00,0x00,0x00,0x00,0x00,0x00,0x00,0x00,0x00,0x00,0x00,0x00,0x00,0x00,0x00,0x00,0x00,
    0x00,0x00,0x00,0x00,0x00,0x00,0x00,0x00,0x00,0x00,0x00,0x00,0x00,0x00,0x00,0x00,0x00,0x00,0x00,0x00,0x00,0x00,0x00,0x00,
    0x00,0x00,0x00,0x00,0x00,0x00,0x00,0x00,0x00,0x00,0x00,0x00,0x00,0x00,0x00,0x00,0xFF,0xFF,0x96,0xFF,0x0A,0xFF,0xA1,0xFE,
    0x80,0xFE,0xA0,0xFE,0xA0,0xFE,0xA0,0xFE,0xA0,0xFE,0xA0,0xFE,0xA0,0xFE,0x80,0xFE,0x80,0xFE,0xA0,0xFE,0xE0,0xFE,0x00,0xFF,
    0x00,0xFF,0xA0,0xFE,0xE0,0xDD,0xC0,0xB4,0xA0,0x83,0x80,0x5A,0x60,0x31,0xA0,0x10,0x20,0x00,0x00,0x00,0x00,0x00,0x00,0x00,
    0x00,0x00,0x00,0x00,0x00,0x00,0x00,0x00,0x00,0x00,0x00,0x00,0x00,0x00,0x00,0x00,0x00,0x00,0x00,0x00,0x00,0x00,0x00,0x00,
    0x00,0x00,0x00,0x00,0x00,0x00,0x00,0x00,0x00,0x00,0x00,0x00,0x00,0x00,0x00,0x00,0x80,0x10,0x20,0x29,0x20,0x52,0x40,0x7B,
    0x80,0xAC,0xA0,0xD5,0x80,0xFE,0x00,0xFF,0x20,0xFF,0xE0,0xFE,0xA0,0xFE,0x80,0xFE,0x80,0xFE,0xA0,0xFE,0xA0,0xFE,0xA0,0xFE,
    0xA0,0xFE,0xA0,0xFE,0xA0,0xFE,0x80,0xFE,0xA0,0xFE,0xE7,0xFE,0x73,0xFF,0xFD,0xFF,0xFF,0xFF,0x00,0x00,0x00,0x00,0x00,0x00,
    0x00,0x00,0x00,0x00,0x00,0x00,0x00,0x00,0x00,0x00,0x00,0x00,0x00,0x00,0x00,0x00,0x00,0x00,0x00,0x00,0x00,0x00,0x00,0x00,
    0x00,0x00,0x00,0x00,0x00,0x00,0x00,0x00,0x00,0x00,0x00,0x00,0x00,0x00,0x00,0x00,0x00,0x00,0x00,0x00,0x00,0x00,0x00,0x00,
    0x00,0x00,0x00,0x00,0x00,0x00,0x00,0x00,0x00,0x00,0x00,0x00,0x00,0x00,0x00,0x00,0x00,0x00,0x00,0x00,0x00,0x00,0x00,0x00,
    0x00,0x00,0x00,0x00,0x00,0x00,0x00,0x00,0x00,0x00,0x00,0x00,0x00,0x00,0x00,0x00,0x00,0x00,0x00,0x00,0x00,0x00,0x00,0x00,
    0x00,0x00,0x00,0x00,0x00,0x00,0x00,0x00,0x00,0x00,0x00,0x00,0x00,0x00,0x00,0x00,0x00,0x00,0x00,0x00,0x00,0x00,0x00,0x00,
    0x00,0x00,0x00,0x00,0x00,0x00,0x00,0x00,0x00,0x00,0x00,0x00,0x00,0x00,0x00,0x00,0x00,0x00,0x00,0x00,0x00,0x00,0x00,0x00,
    0x00,0x00,0x00,0x00,0x00,0x00,0x00,0x00,0x00,0x00,0x00,0x00,0x00,0x00,0x00,0x00,0x00,0x00,0x00,0x00,0x00,0x00,0x00,0x00,
    0x00,0x00,0x00,0x00,0x00,0x00,0x00,0x00,0x00,0x00,0x00,0x00,0x00,0x00,0x00,0x00,0x00,0x00,0x00,0x00,0x00,0x00,0x00,0x00,
    0x00,0x00,0x00,0x00,0x00,0x00,0x00,0x00,0x00,0x00,0x00,0x00,0x00,0x00,0x00,0x00,0x00,0x00,0x00,0x00,0x00,0x00,0x00,0x00,
    0x00,0x00,0x00,0x00,0x00,0x00,0x00,0x00,0x00,0x00,0x00,0x00,0x00,0x00,0x00,0x00,0x00,0x00,0x00,0x00,0x00,0x00,0x00,0x00,
    0x00,0x00,0x00,0x00,0x00,0x00,0x00,0x00,0x00,0x00,0x00,0x00,0x00,0x00,0xDB,0xFF,0x52,0xFF,0xE7,0xFE,0xA0,0xFE,0x80,0xFE,
    0xA0,0xFE,0xA0,0xFE,0xA0,0xFE,0xA0,0xFE,0xA0,0xFE,0xA0,0xFE,0xA0,0xFE,0x80,0xFE,0x80,0xFE,0xA0,0xFE,0xC0,0xFE,0x00,0xFF,
    0x20,0xFF,0x00,0xFF,0xC0,0xFE,0x60,0xF6,0xC0,0xDD,0x00,0xBD,0x60,0xA4,0xA0,0x8B,0x00,0x73,0x80,0x5A,0x00,0x4A,0xC0,0x41,
    0x80,0x39,0x40,0x29,0x20,0x29,0x00,0x29,0x00,0x21,0x00,0x29,0x20,0x29,0x60,0x31,0xA0,0x39,0x00,0x4A,0x60,0x5A,0xE0,0x6A,
    0x80,0x83,0x40,0x9C,0xE0,0xB4,0x80,0xD5,0x20,0xEE,0xC0,0xFE,0x00,0xFF,0x20,0xFF,0x00,0xFF,0xE0,0xFE,0xA0,0xFE,0x80,0xFE,
    0x80,0xFE,0xA0,0xFE,0xA0,0xFE,0xA0,0xFE,0xA0,0xFE,0xA0,0xFE,0xA0,0xFE,0xA0,0xFE,0x80,0xFE,0xA0,0xFE,0xC4,0xFE,0x2D,0xFF,
    0xB9,0xFF,0xFF,0xFF,0x00,0x00,0x00,0x00,0x00,0x00,0x00,0x00,0x00,0x00,0x00,0x00,0x00,0x00,0x00,0x00,0x00,0x00,0x00,0x00,
    0x00,0x00,0x00,0x00,0x00,0x00,0x00,0x00,0x00,0x00,0x00,0x00,0x00,0x00,0x00,0x00,0x00,0x00,0x00,0x00,0x00,0x00,0x00,0x00,
    0x00,0x00,0x00,0x00,0x00,0x00,0x00,0x00,0x00,0x00,0x00,0x00,0x00,0x00,0x00,0x00,0x00,0x00,0x00,0x00,0x00,0x00,0x00,0x00,
    0x00,0x00,0x00,0x00,0x00,0x00,0x00,0x00,0x00,0x00,0x00,0x00,0x00,0x00,0x00,0x00,0x00,0x00,0x00,0x00,0x00,0x00,0x00,0x00,
    0x00,0x00,0x00,0x00,0x00,0x00,0x00,0x00,0x00,0x00,0x00,0x00,0x00,0x00,0x00,0x00,0x00,0x00,0x00,0x00,0x00,0x00,0x00,0x00,
    0x00,0x00,0x00,0x00,0x00,0x00,0x00,0x00,0x00,0x00,0x00,0x00,0x00,0x00,0x00,0x00,0x00,0x00,0x00,0x00,0x00,0x00,0x00,0x00,
    0x00,0x00,0x00,0x00,0x00,0x00,0x00,0x00,0x00,0x00,0x00,0x00,0x00,0x00,0x00,0x00,0x00,0x00,0x00,0x00,0x00,0x00,0x00,0x00,
    0x00,0x00,0x00,0x00,0x00,0x00,0x00,0x00,0x00,0x00,0x00,0x00,0x00,0x00,0x00,0x00,0x00,0x00,0x00,0x00,0x00,0x00,0x00,0x00,
    0x00,0x00,0x00,0x00,0x00,0x00,0x00,0x00,0x00,0x00,0x00,0x00,0x00,0x00,0x00,0x00,0x00,0x00,0x00,0x00,0x00,0x00,0x00,0x00,
    0x00,0x00,0x00,0x00,0x00,0x00,0x00,0x00,0x00,0x00,0x00,0x00,0x00,0x00,0x00,0x00,0x00,0x00,0x00,0x00,0x00,0x00,0x00,0x00,
    0x00,0x00,0x00,0x00,0x00,0x00,0x00,0x00,0x00,0x00,0x00,0x00,0x00,0x00,0x00,0x00,0x00,0x00,0x00,0x00,0x00,0x00,0x00,0x00,
    0x00,0x00,0x00,0x00,0x00,0x00,0x00,0x00,0x00,0x00,0xFF,0xFF,0xDA,0xFF,0x51,0xFF,0xE7,0xFE,0xA0,0xFE,0x80,0xFE,0xA0,0xFE,
    0xA0,0xFE,0xA0,0xFE,0xA0,0xFE,0xA0,0xFE,0xA0,0xFE,0xA0,0xFE,0xA0,0xFE,0x80,0xFE,0x80,0xFE,0x80,0xFE,0xA0,0xFE,0xC0,0xFE,
    0xE0,0xFE,0x00,0xFF,0x00,0xFF,0x20,0xFF,0x20,0xFF,0x20,0xFF,0x00,0xFF,0xE0,0xFE,0xE0,0xFE,0xC0,0xFE,0xA0,0xFE,0xA0,0xFE,
    0xA0,0xFE,0xA0,0xFE,0xC0,0xFE,0xC0,0xFE,0xE0,0xFE,0x00,0xFF,0x00,0xFF,0x20,0xFF,0x20,0xFF,0x00,0xFF,0x00,0xFF,0xE0,0xFE,
    0xC0,0xFE,0xA0,0xFE,0x80,0xFE,0x80,0xFE,0x80,0xFE,0xA0,0xFE,0xA0,0xFE,0xA0,0xFE,0xA0,0xFE,0xA0,0xFE,0xA0,0xFE,0xA0,0xFE,
    0xA0,0xFE,0x80,0xFE,0xA0,0xFE,0xC4,0xFE,0x2D,0xFF,0x96,0xFF,0xFE,0xFF,0xFF,0xFF,0x00,0x00,0x00,0x00,0x00,0x00,0x00,0x00,
    0x00,0x00,0x00,0x00,0x00,0x00,0x00,0x00,0x00,0x00,0x00,0x00,0x00,0x00,0x00,0x00,0x00,0x00,0x00,0x00,0x00,0x00,0x00,0x00,
    0x00,0x00,0x00,0x00,0x00,0x00,0x00,0x00,0x00,0x00,0x00,0x00,0x00,0x00,0x00,0x00,0x00,0x00,0x00,0x00,0x00,0x00,0x00,0x00,
    0x00,0x00,0x00,0x00,0x00,0x00,0x00,0x00,0x00,0x00,0x00,0x00,0x00,0x00,0x00,0x00,0x00,0x00,0x00,0x00,0x00,0x00,0x00,0x00,
    0x00,0x00,0x00,0x00,0x00,0x00,0x00,0x00,0x00,0x00,0x00,0x00,0x00,0x00,0x00,0x00,0x00,0x00,0x00,0x00,0x00,0x00,0x00,0x00,
    0x00,0x00,0x00,0x00,0x00,0x00,0x00,0x00,0x00,0x00,0x00,0x00,0x00,0x00,0x00,0x00,0x00,0x00,0x00,0x00,0x00,0x00,0x00,0x00,
    0x00,0x00,0x00,0x00,0x00,0x00,0x00,0x00,0x00,0x00,0x00,0x00,0x00,0x00,0x00,0x00,0x00,0x00,0x00,0x00,0x00,0x00,0x00,0x00,
    0x00,0x00,0x00,0x00,0x00,0x00,0x00,0x00,0x00,0x00,0x00,0x00,0x00,0x00,0x00,0x00,0x00,0x00,0x00,0x00,0x00,0x00,0x00,0x00,
    0x00,0x00,0x00,0x00,0x00,0x00,0x00,0x00,0x00,0x00,0x00,0x00,0x00,0x00,0x00,0x00,0x00,0x00,0x00,0x00,0x00,0x00,0x00,0x00,
    0x00,0x00,0x00,0x00,0x00,0x00,0x00,0x00,0x00,0x00,0x00,0x00,0x00,0x00,0x00,0x00,0x00,0x00,0x00,0x00,0x00,0x00,0x00,0x00,
    0x00,0x00,0x00,0x00,0x00,0x00,0x00,0x00,0x00,0x00,0x00,0x00,0x00,0x00,0x00,0x00,0x00,0x00,0x00,0x00,0x00,0x00,0x00,0x00,
    0x00,0x00,0x00,0x00,0x00,0x00,0x00,0x00,0x00,0x00,0x00,0x00,0x00,0x00,0x00,0x00,0x00,0x00,0x00,0x00,0x00,0x00,0x00,0x00,
    0x00,0x00,0x00,0x00,0x00,0x00,0x00,0x00,0xFF,0xFF,0xDB,0xFF,0x72,0xFF,0x09,0xFF,0xC2,0xFE,0xA0,0xFE,0x80,0xFE,0xA0,0xFE,
    0xA0,0xFE,0xA0,0xFE,0xA0,0xFE,0xA0,0xFE,0xA0,0xFE,0xA0,0xFE,0xA0,0xFE,0xA0,0xFE,0xA0,0xFE,0xA0,0xFE,0x80,0xFE,0x80,0xFE,
    0x80,0xFE,0x80,0xFE,0x80,0xFE,0xA0,0xFE,0xA0,0xFE,0xA0,0xFE,0xA0,0xFE,0xA0,0xFE,0xA0,0xFE,0xA0,0xFE,0xA0,0xFE,0xA0,0xFE,
    0xA0,0xFE,0x80,0xFE,0x80,0xFE,0x80,0xFE,0x80,0xFE,0x80,0xFE,0x80,0xFE,0xA0,0xFE,0xA0,0xFE,0xA0,0xFE,0xA0,0xFE,0xA0,0xFE,
    0xA0,0xFE,0xA0,0xFE,0xA0,0xFE,0xA0,0xFE,0xA0,0xFE,0x80,0xFE,0xA0,0xFE,0xA1,0xFE,0xE7,0xFE,0x4F,0xFF,0xB8,0xFF,0xFE,0xFF,
    0xFF,0xFF,0x00,0x00,0x00,0x00,0x00,0x00,0x00,0x00,0x00,0x00,0x00,0x00,0x00,0x00,0x00,0x00,0x00,0x00,0x00,0x00,0x00,0x00,
    0x00,0x00,0x00,0x00,0x00,0x00,0x00,0x00,0x00,0x00,0x00,0x00,0x00,0x00,0x00,0x00,0x00,0x00,0x00,0x00,0x00,0x00,0x00,0x00,
    0x00,0x00,0x00,0x00,0x00,0x00,0x00,0x00,0x00,0x00,0x00,0x00,0x00,0x00,0x00,0x00,0x00,0x00,0x00,0x00,0x00,0x00,0x00,0x00,
    0x00,0x00,0x00,0x00,0x00,0x00,0x00,0x00,0x00,0x00,0x00,0x00,0x00,0x00,0x00,0x00,0x00,0x00,0x00,0x00,0x00,0x00,0x00,0x00,
    0x00,0x00,0x00,0x00,0x00,0x00,0x00,0x00,0x00,0x00,0x00,0x00,0x00,0x00,0x00,0x00,0x00,0x00,0x00,0x00,0x00,0x00,0x00,0x00,
    0x00,0x00,0x00,0x00,0x00,0x00,0x00,0x00,0x00,0x00,0x00,0x00,0x00,0x00,0x00,0x00,0x00,0x00,0x00,0x00,0x00,0x00,0x00,0x00,
    0x00,0x00,0x00,0x00,0x00,0x00,0x00,0x00,0x00,0x00,0x00,0x00,0x00,0x00,0x00,0x00,0x00,0x00,0x00,0x00,0x00,0x00,0x00,0x00,
    0x00,0x00,0x00,0x00,0x00,0x00,0x00,0x00,0x00,0x00,0x00,0x00,0x00,0x00,0x00,0x00,0x00,0x00,0x00,0x00,0x00,0x00,0x00,0x00,
    0x00,0x00,0x00,0x00,0x00,0x00,0x00,0x00,0x00,0x00,0x00,0x00,0x00,0x00,0x00,0x00,0x00,0x00,0x00,0x00,0x00,0x00,0x00,0x00,
    0x00,0x00,0x00,0x00,0x00,0x00,0x00,0x00,0x00,0x00,0x00,0x00,0x00,0x00,0x00,0x00,0x00,0x00,0x00,0x00,0x00,0x00,0x00,0x00,
    0x00,0x00,0x00,0x00,0x00,0x00,0x00,0x00,0x00,0x00,0x00,0x00,0x00,0x00,0x00,0x00,0x00,0x00,0x00,0x00,0x00,0x00,0x00,0x00,
    0x00,0x00,0x00,0x00,0x00,0x00,0x00,0x00,0x00,0x00,0x00,0x00,0x00,0x00,0x00,0x00,0x00,0x00,0x00,0x00,0x00,0x00,0x00,0x00,
    0x00,0x00,0x00,0x00,0x00,0x00,0xFF,0xFF,0xFD,0xFF,0x97,0xFF,0x50,0xFF,0x08,0xFF,0xC3,0xFE,0xA0,0xFE,0x80,0xFE,0x80,0xFE,
    0x80,0xFE,0xA0,0xFE,0xA0,0xFE,0xA0,0xFE,0xA0,0xFE,0xA0,0xFE,0xA0,0xFE,0xA0,0xFE,0xA0,0xFE,0xA0,0xFE,0xA0,0xFE,0xA0,0xFE,
    0xA0,0xFE,0xA0,0xFE,0xA0,0xFE,0xA0,0xFE,0xA0,0xFE,0xA0,0xFE,0xA0,0xFE,0xA0,0xFE,0xA0,0xFE,0xA0,0xFE,0xA0,0xFE,0xA0,0xFE,
    0xA0,0xFE,0xA0,0xFE,0xA0,0xFE,0xA0,0xFE,0xA0,0xFE,0xA0,0xFE,0xA0,0xFE,0xA0,0xFE,0x80,0xFE,0x80,0xFE,0x80,0xFE,0xC2,0xFE,
    0xE7,0xFE,0x2E,0xFF,0x95,0xFF,0xDC,0xFF,0xFF,0xFF,0xFF,0xFF,0x00,0x00,0x00,0x00,0x00,0x00,0x00,0x00,0x00,0x00,0x00,0x00,
    0x00,0x00,0x00,0x00,0x00,0x00,0x00,0x00,0x00,0x00,0x00,0x00,0x00,0x00,0x00,0x00,0x00,0x00,0x00,0x00,0x00,0x00,0x00,0x00,
    0x00,0x00,0x00,0x00,0x00,0x00,0x00,0x00,0x00,0x00,0x00,0x00,0x00,0x00,0x00,0x00,0x00,0x00,0x00,0x00,0x00,0x00,0x00,0x00,
    0x00,0x00,0x00,0x00,0x00,0x00,0x00,0x00,0x00,0x00,0x00,0x00,0x00,0x00,0x00,0x00,0x00,0x00,0x00,0x00,0x00,0x00,0x00,0x00,
    0x00,0x00,0x00,0x00,0x00,0x00,0x00,0x00,0x00,0x00,0x00,0x00,0x00,0x00,0x00,0x00,0x00,0x00,0x00,0x00,0x00,0x00,0x00,0x00,
    0x00,0x00,0x00,0x00,0x00,0x00,0x00,0x00,0x00,0x00,0x00,0x00,0x00,0x00,0x00,0x00,0x00,0x00,0x00,0x00,0x00,0x00,0x00,0x00,
    0x00,0x00,0x00,0x00,0x00,0x00,0x00,0x00,0x00,0x00,0x00,0x00,0x00,0x00,0x00,0x00,0x00,0x00,0x00,0x00,0x00,0x00,0x00,0x00,
    0x00,0x00,0x00,0x00,0x00,0x00,0x00,0x00,0x00,0x00,0x00,0x00,0x00,0x00,0x00,0x00,0x00,0x00,0x00,0x00,0x00,0x00,0x00,0x00,
    0x00,0x00,0x00,0x00,0x00,0x00,0x00,0x00,0x00,0x00,0x00,0x00,0x00,0x00,0x00,0x00,0x00,0x00,0x00,0x00,0x00,0x00,0x00,0x00,
    0x00,0x00,0x00,0x00,0x00,0x00,0x00,0x00,0x00,0x00,0x00,0x00,0x00,0x00,0x00,0x00,0x00,0x00,0x00,0x00,0x00,0x00,0x00,0x00,
    0x00,0x00,0x00,0x00,0x00,0x00,0x00,0x00,0x00,0x00,0x00,0x00,0x00,0x00,0x00,0x00,0x00,0x00,0x00,0x00,0x00,0x00,0x00,0x00,
    0x00,0x00,0x00,0x00,0x00,0x00,0x00,0x00,0x00,0x00,0x00,0x00,0x00,0x00,0x00,0x00,0x00,0x00,0x00,0x00,0x00,0x00,0x00,0x00,
    0x00,0x00,0x00,0x00,0x00,0x00,0x00,0x00,0x00,0x00,0x00,0x00,0x00,0x00,0x00,0x00,0x00,0x00,0x00,0x00,0x00,0x00,0x00,0x00,
    0x00,0x00,0x00,0x00,0x00,0x00,0xFF,0xFF,0xFE,0xFF,0xB9,0xFF,0x74,0xFF,0x2E,0xFF,0xE9,0xFE,0xC4,0xFE,0xA1,0xFE,0xA0,0xFE,
    0x80,0xFE,0x80,0xFE,0x80,0xFE,0x80,0xFE,0xA0,0xFE,0xA0,0xFE,0xA0,0xFE,0xA0,0xFE,0xA0,0xFE,0xA0,0xFE,0xA0,0xFE,0xA0,0xFE,
    0xA0,0xFE,0xA0,0xFE,0xA0,0xFE,0xA0,0xFE,0xA0,0xFE,0xA0,0xFE,0xA0,0xFE,0x80,0xFE,0x80,0xFE,0x80,0xFE,0x80,0xFE,0x80,0xFE,
    0x80,0xFE,0xA0,0xFE,0xA2,0xFE,0xE6,0xFE,0x2C,0xFF,0x71,0xFF,0xB8,0xFF,0xDD,0xFF,0xFF,0xFF,0xFF,0xFF,0x00,0x00,0x00,0x00,
    0x00,0x00,0x00,0x00,0x00,0x00,0x00,0x00,0x00,0x00,0x00,0x00,0x00,0x00,0x00,0x00,0x00,0x00,0x00,0x00,0x00,0x00,0x00,0x00,
    0x00,0x00,0x00,0x00,0x00,0x00,0x00,0x00,0x00,0x00,0x00,0x00,0x00,0x00,0x00,0x00,0x00,0x00,0x00,0x00,0x00,0x00,0x00,0x00,
    0x00,0x00,0x00,0x00,0x00,0x00,0x00,0x00,0x00,0x00,0x00,0x00,0x00,0x00,0x00,0x00,0x00,0x00,0x00,0x00,0x00,0x00,0x00,0x00,
    0x00,0x00,0x00,0x00,0x00,0x00,0x00,0x00,0x00,0x00,0x00,0x00,0x00,0x00,0x00,0x00,0x00,0x00,0x00,0x00,0x00,0x00,0x00,0x00,
    0x00,0x00,0x00,0x00,0x00,0x00,0x00,0x00,0x00,0x00,0x00,0x00,0x00,0x00,0x00,0x00,0x00,0x00,0x00,0x00,0x00,0x00,0x00,0x00,
    0x00,0x00,0x00,0x00,0x00,0x00,0x00,0x00,0x00,0x00,0x00,0x00,0x00,0x00,0x00,0x00,0x00,0x00,0x00,0x00,0x00,0x00,0x00,0x00,
    0x00,0x00,0x00,0x00,0x00,0x00,0x00,0x00,0x00,0x00,0x00,0x00,0x00,0x00,0x00,0x00,0x00,0x00,0x00,0x00,0x00,0x00,0x00,0x00,
    0x00,0x00,0x00,0x00,0x00,0x00,0x00,0x00,0x00,0x00,0x00,0x00,0x00,0x00,0x00,0x00,0x00,0x00,0x00,0x00,0x00,0x00,0x00,0x00,
    0x00,0x00,0x00,0x00,0x00,0x00,0x00,0x00,0x00,0x00,0x00,0x00,0x00,0x00,0x00,0x00,0x00,0x00,0x00,0x00,0x00,0x00,0x00,0x00,
    0x00,0x00,0x00,0x00,0x00,0x00,0x00,0x00,0x00,0x00,0x00,0x00,0x00,0x00,0x00,0x00,0x00,0x00,0x00,0x00,0x00,0x00,0x00,0x00,
    0x00,0x00,0x00,0x00,0x00,0x00,0x00,0x00,0x00,0x00,0x00,0x00,0x00,0x00,0x00,0x00,0x00,0x00,0x00,0x00,0x00,0x00,0x00,0x00,
    0x00,0x00,0x00,0x00,0x00,0x00,0x00,0x00,0x00,0x00,0x00,0x00,0x00,0x00,0x00,0x00,0x00,0x00,0x00,0x00,0x00,0x00,0x00,0x00,
    0x00,0x00,0x00,0x00,0x00,0x00,0x00,0x00,0x00,0x00,0x00,0x00,0x00,0x00,0x00,0x00,0x00,0x00,0x00,0x00,0x00,0x00,0x00,0x00,
    0x00,0x00,0x00,0x00,0x00,0x00,0x00,0x00,0xFF,0xFF,0xFF,0xFF,0xDC,0xFF,0xB8,0xFF,0x74,0xFF,0x51,0xFF,0x2D,0xFF,0x0A,0xFF,
    0xE7,0xFE,0xE5,0xFE,0xC4,0xFE,0xC3,0xFE,0xC2,0xFE,0xC2,0xFE,0xC1,0xFE,0xA1,0xFE,0xA1,0xFE,0xA1,0xFE,0xA1,0xFE,0xC2,0xFE,
    0xC2,0xFE,0xC3,0xFE,0xE5,0xFE,0xE7,0xFE,0x09,0xFF,0x2B,0xFF,0x2E,0xFF,0x72,0xFF,0x96,0xFF,0xBA,0xFF,0xDD,0xFF,0xFF,0xFF,
    0xFF,0xFF,0x00,0x00,0x00,0x00,0x00,0x00,0x00,0x00,0x00,0x00,0x00,0x00,0x00,0x00,0x00,0x00,0x00,0x00,0x00,0x00,0x00,0x00,
    0x00,0x00,0x00,0x00,0x00,0x00,0x00,0x00,0x00,0x00,0x00,0x00,0x00,0x00,0x00,0x00,0x00,0x00,0x00,0x00,0x00,0x00,0x00,0x00,
    0x00,0x00,0x00,0x00,0x00,0x00,0x00,0x00,0x00,0x00,0x00,0x00,0x00,0x00,0x00,0x00,0x00,0x00,0x00,0x00,0x00,0x00,0x00,0x00,
    0x00,0x00,0x00,0x00,0x00,0x00,0x00,0x00,0x00,0x00,0x00,0x00,0x00,0x00,0x00,0x00,0x00,0x00,0x00,0x00,0x00,0x00,0x00,0x00,
    0x00,0x00,0x00,0x00,0x00,0x00,0x00,0x00,0x00,0x00,0x00,0x00,0x00,0x00,0x00,0x00,0x00,0x00,0x00,0x00,0x00,0x00,0x00,0x00,
    0x00,0x00,0x00,0x00,0x00,0x00,0x00,0x00,0x00,0x00,0x00,0x00,0x00,0x00,0x00,0x00,0x00,0x00,0x00,0x00,0x00,0x00,0x00,0x00,
    0x00,0x00,0x00,0x00,0x00,0x00,0x00,0x00,0x00,0x00,0x00,0x00,0x00,0x00,0x00,0x00,0x00,0x00,0x00,0x00,0x00,0x00,0x00,0x00,
    0x00,0x00,0x00,0x00,0x00,0x00,0x00,0x00,0x00,0x00,0x00,0x00,0x00,0x00,0x00,0x00,0x00,0x00,0x00,0x00,0x00,0x00,0x00,0x00,
    0x00,0x00,0x00,0x00,0x00,0x00,0x00,0x00,0x00,0x00,0x00,0x00,0x00,0x00,0x00,0x00,0x00,0x00,0x00,0x00,0x00,0x00,0x00,0x00,
    0x00,0x00,0x00,0x00,0x00,0x00,0x00,0x00,0x00,0x00,0x00,0x00,0x00,0x00,0x00,0x00,0x00,0x00,0x00,0x00,0x00,0x00,0x00,0x00,
    0x00,0x00,0x00,0x00,0x00,0x00,0x00,0x00,0x00,0x00,0x00,0x00,0x00,0x00,0x00,0x00,0x00,0x00,0x00,0x00,0x00,0x00,0x00,0x00,
    0x00,0x00,0x00,0x00,0x00,0x00,0x00,0x00,0x00,0x00,0x00,0x00,0x00,0x00,0x00,0x00,0x00,0x00,0x00,0x00,0x00,0x00,0x00,0x00,
    0x00,0x00,0x00,0x00,0x00,0x00,0x00,0x00,0x00,0x00,0x00,0x00,0x00,0x00,0x00,0x00,0x00,0x00,0x00,0x00,0x00,0x00,0x00,0x00,
    0x00,0x00,0x00,0x00,0x00,0x00,0x00,0x00,0x00,0x00,0x00,0x00,0x00,0x00,0x00,0x00,0x00,0x00,0x00,0x00,0x00,0x00,0x00,0x00,
    0x00,0x00,0x00,0x00,0x00,0x00,0x00,0x00,0x00,0x00,0x00,0x00,0x00,0x00,0xFF,0xFF,0xFF,0xFF,0xFF,0xFF,0xFE,0xFF,0xFE,0xFF,
    0xDD,0xFF,0xDD,0xFF,0xDC,0xFF,0xDC,0xFF,0xDC,0xFF,0xDC,0xFF,0xDC,0xFF,0xDD,0xFF,0xFE,0xFF,0xFE,0xFF,0xFF,0xFF,0xFF,0xFF,
    0xFF,0xFF,0xFF,0xFF,0x00,0x00,0x00,0x00,0x00,0x00,0x00,0x00,0x00,0x00,0x00,0x00,0x00,0x00,0x00,0x00,0x00,0x00,0x00,0x00,
    0x00,0x00,0x00,0x00,0x00,0x00,0x00,0x00,0x00,0x00,0x00,0x00,0x00,0x00,0x00,0x00,0x00,0x00,0x00,0x00,0x00,0x00,0x00,0x00,
    0x00,0x00,0x00,0x00,0x00,0x00,0x00,0x00,0x00,0x00,0x00,0x00,0x00,0x00,0x00,0x00,0x00,0x00,0x00,0x00,0x00,0x00,0x00,0x00,
    0x00,0x00,0x00,0x00,0x00,0x00,0x00,0x00,0x00,0x00,0x00,0x00,0x00,0x00,0x00,0x00,0x00,0x00,0x00,0x00,0x00,0x00,0x00,0x00,
    0x00,0x00,0x00,0x00,0x00,0x00,0x00,0x00,0x00,0x00,0x00,0x00,0x00,0x00,0x00,0x00,0x00,0x00,0x00,0x00,0x00,0x00,0x00,0x00,
    0x00,0x00,0x00,0x00,0x00,0x00,0x00,0x00,0x00,0x00,0x00,0x00,0x00,0x00,0x00,0x00,0x00,0x00,0x00,0x00,0x00,0x00,0x00,0x00,
    0x00,0x00,0x00,0x00,0x00,0x00,0x00,0x00,0x00,0x00,0x00,0x00,0x00,0x00,0x00,0x00,0x00,0x00,0x00,0x00,0x00,0x00,0x00,0x00,
    0x00,0x00,0x00,0x00,0x00,0x00,0x00,0x00,0x00,0x00,0x00,0x00,0x00,0x00,0x00,0x00,0x00,0x00,0x00,0x00,0x00,0x00,0x00,0x00,
    0x00,0x00,0x00,0x00,0x00,0x00,0x00,0x00,0x00,0x00,0x00,0x00,0x00,0x00,0x00,0x00,0x00,0x00,0x00,0x00,0x00,0x00,0x00,0x00,
    0x00,0x00,0x00,0x00,0x00,0x00,0x00,0x00,0x00,0x00,0x00,0x00,0x00,0x00,0x00,0x00,0x00,0x00,0x00,0x00,0x00,0x00,0x00,0x00,
    0x00,0x00,0x00,0x00,0x00,0x00,0x00,0x00,0x00,0x00,0x00,0x00,0x00,0x00,0x00,0x00,0x00,0x00,0x00,0x00,0x00,0x00,0x00,0x00,
    0x00,0x00,0x00,0x00,0x00,0x00,0x00,0x00,0x00,0x00,0x00,0x00,0x00,0x00,0x00,0x00,0x00,0x00,0x00,0x00,0x00,0x00,0x00,0x00,
    0x00,0x00,0x00,0x00,0x00,0x00,0x00,0x00,0x00,0x00,0x00,0x00,0x00,0x00,0x00,0x00,0x00,0x00,0x00,0x00,0x00,0x00,0x00,0x00,
    0x00,0x00,0x00,0x00,0x00,0x00,0x00,0x00,0x00,0x00,0x00,0x00,0x00,0x00,0x00,0x00,0x00,0x00,0x00,0x00,0x00,0x00,0x00,0x00,
    0x00,0x00,0x00,0x00,0x00,0x00,0x00,0x00,0x00,0x00,0x00,0x00,0x00,0x00,0x00,0x00,0x00,0x00,0x00,0x00,0x00,0x00,0x00,0x00,
    0x00,0x00,0x00,0x00,0x00,0x00,0x00,0x00,0x00,0x00,0x00,0x00,0x00,0x00,0x00,0x00,0x00,0x00,0x00,0x00,0x00,0x00,0x00,0x00,
    0x00,0x00,0x00,0x00,0x00,0x00,0x00,0x00,0x00,0x00,0x00,0x00,0x00,0x00,0x00,0x00,0x00,0x00,0x00,0x00,0x00,0x00,0x00,0x00,
    0x00,0x00,0x00,0x00,0x00,0x00,0x00,0x00,0x00,0x00,0x00,0x00,0x00,0x00,0x00,0x00,0x00,0x00,0x00,0x00,0x00,0x00,0x00,0x00,
    0x00,0x00,0x00,0x00,0x00,0x00,0x00,0x00,0x00,0x00,0x00,0x00,0x00,0x00,0x00,0x00,0x00,0x00,0x00,0x00,0x00,0x00,0x00,0x00,
    0x00,0x00,0x00,0x00,0x00,0x00,0x00,0x00,0x00,0x00,0x00,0x00,0x00,0x00,0x00,0x00,0x00,0x00,0x00,0x00,0x00,0x00,0x00,0x00,
    0x00,0x00,0x00,0x00,0x00,0x00,0x00,0x00,0x00,0x00,0x00,0x00,0x00,0x00,0x00,0x00,0x00,0x00,0x00,0x00,0x00,0x00,0x00,0x00,
    0x00,0x00,0x00,0x00,0x00,0x00,0x00,0x00,0x00,0x00,0x00,0x00,0x00,0x00,0x00,0x00,0x00,0x00,0x00,0x00,0x00,0x00,0x00,0x00,
    0x00,0x00,0x00,0x00,0x00,0x00,0x00,0x00,0x00,0x00,0x00,0x00,0x00,0x00,0x00,0x00,0x00,0x00,0x00,0x00,0x00,0x00,0x00,0x00,
    0x00,0x00,0x00,0x00,0x00,0x00,0x00,0x00,0x00,0x00,0x00,0x00,0x00,0x00,0x00,0x00,0x00,0x00,0x00,0x00,0x00,0x00,0x00,0x00,
    0x00,0x00,0x00,0x00,0x00,0x00,0x00,0x00,0x00,0x00,0x00,0x00,0x00,0x00,0x00,0x00,0x00,0x00,0x00,0x00,0x00,0x00,0x00,0x00,
    0x00,0x00,0x00,0x00,0x00,0x00,0x00,0x00,0x00,0x00,0x00,0x00,0x00,0x00,0x00,0x00,0x00,0x00,0x00,0x00,0x00,0x00,0x00,0x00,
    0x00,0x00,0x00,0x00,0x00,0x00,0x00,0x00,0x00,0x00,0x00,0x00,0x00,0x00,0x00,0x00,0x00,0x00,0x00,0x00,0x00,0x00,0x00,0x00,
    0x00,0x00,0x00,0x00,0x00,0x00,0x00,0x00,0x00,0x00,0x00,0x00,0x00,0x00,0x00,0x00,0x00,0x00,0x00,0x00,0x00,0x00,0x00,0x00,
    0x00,0x00,0x00,0x00,0x00,0x00,0x00,0x00,0x00,0x00,0x00,0x00,0x00,0x00,0x00,0x00,0x00,0x00,0x00,0x00,0x00,0x00,0x00,0x00,
    0x00,0x00,0x00,0x00,0x00,0x00,0x00,0x00,0x00,0x00,0x00,0x00,0x00,0x00,0x00,0x00,0x00,0x00,0x00,0x00,0x00,0x00,0x00,0x00,
    0x00,0x00,0x00,0x00,0x00,0x00,0x00,0x00,0x00,0x00,0x00,0x00,0x00,0x00,0x00,0x00,0x00,0x00,0x00,0x00,0x00,0x00,0x00,0x00,
    0x00,0x00,0x00,0x00,0x00,0x00,0x00,0x00,0x00,0x00,0x00,0x00,0x00,0x00,0x00,0x00,0x00,0x00,0x00,0x00,0x00,0x00,0x00,0x00,
    0x00,0x00,0x00,0x00,0x00,0x00,0x00,0x00,0x00,0x00,0x00,0x00,0x00,0x00,0x00,0x00,0x00,0x00,0x00,0x00,0x00,0x00,0x00,0x00,
    0x00,0x00,0x00,0x00,0x00,0x00,0x00,0x00,0x00,0x00,0x00,0x00,0x00,0x00,0x00,0x00,0x00,0x00,0x00,0x00,0x00,0x00,0x00,0x00,
    0x00,0x00,0x00,0x00,0x00,0x00,0x00,0x00,0x00,0x00,0x00,0x00,0x00,0x00,0x00,0x00,0x00,0x00,0x00,0x00,0x00,0x00,0x00,0x00,
    0x00,0x00,0x00,0x00,0x00,0x00,0x00,0x00,0x00,0x00,0x00,0x00,0x00,0x00,0x00,0x00,0x00,0x00,0x00,0x00,0x00,0x00,0x00,0x00,
    0x00,0x00,0x00,0x00,0x00,0x00,0x00,0x00,0x00,0x00,0x00,0x00,0x00,0x00,0x00,0x00,0x00,0x00,0x00,0x00,0x00,0x00,0x00,0x00,
    0x00,0x00,0x00,0x00,0x00,0x00,0x00,0x00,0x00,0x00,0x00,0x00,0x00,0x00,0x00,0x00,0x00,0x00,0x00,0x00,0x00,0x00,0x00,0x00,
    0x00,0x00,0x00,0x00,0x00,0x00,0x00,0x00,0x00,0x00,0x00,0x00,0x00,0x00,0x00,0x00,0x00,0x00,0x00,0x00,0x00,0x00,0x00,0x00,
    0x00,0x00,0x00,0x00,0x00,0x00,0x00,0x00,0x00,0x00,0x00,0x00,0x00,0x00,0x00,0x00,0x00,0x00,0x00,0x00,0x00,0x00,0x00,0x00,
    0x00,0x00,0x00,0x00,0x00,0x00,0x00,0x00,0x00,0x00,0x00,0x00,0x00,0x00,0x00,0x00,0x00,0x00,0x00,0x00,0x00,0x00,0x00,0x00,
    0x00,0x00,0x00,0x00,0x00,0x00,0x00,0x00,0x00,0x00,0x00,0x00,0x00,0x00,0x00,0x00,0x00,0x00,0x00,0x00,0x00,0x00,0x00,0x00,
    0x00,0x00,0x00,0x00,0x00,0x00,0x00,0x00,0x00,0x00,0x00,0x00,0x00,0x00,0x00,0x00,0x00,0x00,0x00,0x00,0x00,0x00,0x00,0x00,
    0x00,0x00,0x00,0x00,0x00,0x00,0x00,0x00,0x00,0x00,0x00,0x00,0x00,0x00,0x00,0x00,0x00,0x00,0x00,0x00,0x00,0x00,0x00,0x00,
    0x00,0x00,0x00,0x00,0x00,0x00,0x00,0x00,0x00,0x00,0x00,0x00,0x00,0x00,0x00,0x00,0x00,0x00,0x00,0x00,0x00,0x00,0x00,0x00,
    0x00,0x00,0x00,0x00,0x00,0x00,0x00,0x00,0x00,0x00,0x00,0x00,0x00,0x00,0x00,0x00,0x00,0x00,0x00,0x00,0x00,0x00,0x00,0x00,
    0x00,0x00,0x00,0x00,0x00,0x00,0x00,0x00,0x00,0x00,0x00,0x00,0x00,0x00,0x00,0x00,0x00,0x00,0x00,0x00,0x00,0x00,0x00,0x00,
    0x00,0x00,0x00,0x00,0x00,0x00,0x00,0x00,0x00,0x00,0x00,0x00,0x00,0x00,0x00,0x00,0x00,0x00,0x00,0x00,0x00,0x00,0x00,0x00,
    0x00,0x00,0x00,0x00,0x00,0x00,0x00,0x00,0x00,0x00,0x00,0x00,0x00,0x00,0x00,0x00,0x00,0x00,0x00,0x00,0x00,0x00,0x00,0x00,
    0x00,0x00,0x00,0x00,0x00,0x00,0x00,0x00,0x00,0x00,0x00,0x00,0x00,0x00,0x00,0x00,0x00,0x00,0x00,0x00,0x00,0x00,0x00,0x00,
    0x00,0x00,0x00,0x00,0x00,0x00,0x00,0x00,0x00,0x00,0x00,0x00,0x00,0x00,0x00,0x00,0x00,0x00,0x00,0x00,0x00,0x00,0x00,0x00,
    0x00,0x00,0x00,0x00,0x00,0x00,0x00,0x00,0x00,0x00,0x00,0x00,0x00,0x00,0x00,0x00,0x00,0x00,0x00,0x00,0x00,0x00,0x00,0x00,
    0x00,0x00,0x00,0x00,0x00,0x00,0x00,0x00,0x00,0x00,0x00,0x00,0x00,0x00,0x00,0x00,0x00,0x00,0x00,0x00,0x00,0x00,0x00,0x00,
    0x00,0x00,0x00,0x00,0x00,0x00,0x00,0x00,0x00,0x00,0x00,0x00,0x00,0x00,0x00,0x00,0x00,0x00,0x00,0x00,0x00,0x00,0x00,0x00,
    0x00,0x00,0x00,0x00,0x00,0x00,0x00,0x00,0x00,0x00,0x00,0x00,0x00,0x00,0x00,0x00,0x00,0x00,0x00,0x00,0x00,0x00,0x00,0x00,
    0x00,0x00,0x00,0x00,0x00,0x00,0x00,0x00,0x00,0x00,0x00,0x00,0x00,0x00,0x00,0x00,0x00,0x00,0x00,0x00,0x00,0x00,0x00,0x00,
    0x00,0x00,0x00,0x00,0x00,0x00,0x00,0x00,0x00,0x00,0x00,0x00,0x00,0x00,0x00,0x00,0x00,0x00,0x00,0x00,0x00,0x00,0x00,0x00,
    0x00,0x00,0x00,0x00,0x00,0x00,0x00,0x00,0x00,0x00,0x00,0x00,0x00,0x00,0x00,0x00,0x00,0x00,0x00,0x00,0x00,0x00,0x00,0x00,
    0x00,0x00,0x00,0x00,0x00,0x00,0x00,0x00,0x00,0x00,0x00,0x00,0x00,0x00,0x00,0x00,0x00,0x00,0x00,0x00,0x00,0x00,0x00,0x00,
    0x00,0x00,0x00,0x00,0x00,0x00,0x00,0x00,0x00,0x00,0x00,0x00,0x00,0x00,0x00,0x00,0x00,0x00,0x00,0x00,0x00,0x00,0x00,0x00,
    0x00,0x00,0x00,0x00,0x00,0x00,0x00,0x00,0x00,0x00,0x00,0x00,0x00,0x00,0x00,0x00,0x00,0x00,0x00,0x00,0x00,0x00,0x00,0x00,
    0x00,0x00,0x00,0x00,0x00,0x00,0x00,0x00,0x00,0x00,0x00,0x00,0x00,0x00,0x00,0x00,0x00,0x00,0x00,0x00,0x00,0x00,0x00,0x00,
    0x00,0x00,0x00,0x00,0x00,0x00,0x00,0x00,0x00,0x00,0x00,0x00,0x00,0x00,0x00,0x00,0x00,0x00,0x00,0x00,0x00,0x00,0x00,0x00,
    0x00,0x00,0x00,0x00,0x00,0x00,0x00,0x00,0x00,0x00,0x00,0x00,0x00,0x00,0x00,0x00,0x00,0x00,0x00,0x00,0x00,0x00,0x00,0x00,
    0x00,0x00,0x00,0x00,0x00,0x00,0x00,0x00,0x00,0x00,0x00,0x00,0x00,0x00,0x00,0x00,0x00,0x00,0x00,0x00,0x00,0x00,0x00,0x00,
    0x00,0x00,0x00,0x00,0x00,0x00,0x00,0x00,0x00,0x00,0x00,0x00,0x00,0x00,0x00,0x00,0x00,0x00,0x00,0x00,0x00,0x00,0x00,0x00,
    0x00,0x00,0x00,0x00,0x00,0x00,0x00,0x00,0x00,0x00,0x00,0x00,0x00,0x00,0x00,0x00,0x00,0x00,0x00,0x00,0x00,0x00,0x00,0x00,
    0x00,0x00,0x00,0x00,0x00,0x00,0x00,0x00,0x00,0x00,0x00,0x00,0x00,0x00,0x00,0x00,0x00,0x00,0x00,0x00,0x00,0x00,0x00,0x00,
    0x00,0x00,0x00,0x00,0x00,0x00,0x00,0x00,0x00,0x00,0x00,0x00,0x00,0x00,0x00,0x00,0x00,0x00,0x00,0x00,0x00,0x00,0x00,0x00,
    0x00,0x00,0x00,0x00,0x00,0x00,0x00,0x00,0x00,0x00,0x00,0x00,0x00,0x00,0x00,0x00,0x00,0x00,0x00,0x00,0x00,0x00,0x00,0x00,
    0x00,0x00,0x00,0x00,0x00,0x00,0x00,0x00,0x00,0x00,0x00,0x00,0x00,0x00,0x00,0x00,0x00,0x00,0x00,0x00,0x00,0x00,0x00,0x00,
    0x00,0x00,0x00,0x00,0x00,0x00,0x00,0x00,0x00,0x00,0x00,0x00,0x00,0x00,0x00,0x00,0x00,0x00,0x00,0x00,0x00,0x00,0x00,0x00,
    0x00,0x00,0x00,0x00,0x00,0x00,0x00,0x00,0x00,0x00,0x00,0x00,0x00,0x00,0x00,0x00,0x00,0x00,0x00,0x00,0x00,0x00,0x00,0x00,
    0x00,0x00,0x00,0x00,0x00,0x00,0x00,0x00,0x00,0x00,0x00,0x00,0x00,0x00,0x00,0x00,0x00,0x00,0x00,0x00,0x00,0x00,0x00,0x00,
    0x00,0x00,0x00,0x00,0x00,0x00,0x00,0x00,0x00,0x00,0x00,0x00,0x00,0x00,0x00,0x00,0x00,0x00,0x00,0x00,0x00,0x00,0x00,0x00,
    0x00,0x00,0x00,0x00,0x00,0x00,0x00,0x00,0x00,0x00,0x00,0x00,0x00,0x00,0x00,0x00,0x00,0x00,0x00,0x00,0x00,0x00,0x00,0x00,
    0x00,0x00,0x00,0x00,0x00,0x00,0x00,0x00,0x00,0x00,0x00,0x00,0x00,0x00,0x00,0x00,0x00,0x00,0x00,0x00,0x00,0x00,0x00,0x00,
    0x00,0x00,0x00,0x00,0x00,0x00,0x00,0x00,0x00,0x00,0x00,0x00,0x00,0x00,0x00,0x00,0x00,0x00,0x00,0x00,0x00,0x00,0x00,0x00,
    0x00,0x00,0x00,0x00,0x00,0x00,0x00,0x00,0x00,0x00,0x00,0x00,0x00,0x00,0x00,0x00,0x00,0x00,0x00,0x00,0x00,0x00,0x00,0x00,
    0x00,0x00,0x00,0x00,0x00,0x00,0x00,0x00,0x00,0x00,0x00,0x00,0x00,0x00,0x00,0x00,0x00,0x00,0x00,0x00,0x00,0x00,0x00,0x00,
    0x00,0x00,0x00,0x00,0x00,0x00,0x00,0x00,0x00,0x00,0x00,0x00,0x00,0x00,0x00,0x00,0x00,0x00,0x00,0x00,0x00,0x00,0x00,0x00,
    0x00,0x00,0x00,0x00,0x00,0x00,0x00,0x00,0x00,0x00,0x00,0x00,0x00,0x00,0x00,0x00,0x00,0x00,0x00,0x00,0x00,0x00,0x00,0x00,
    0x00,0x00,0x00,0x00,0x00,0x00,0x00,0x00,0x00,0x00,0x00,0x00,0x00,0x00,0x00,0x00,0x00,0x00,0x00,0x00,0x00,0x00,0x00,0x00,
    0x00,0x00,0x00,0x00,0x00,0x00,0x00,0x00,0x00,0x00,0x00,0x00,0x00,0x00,0x00,0x00,0x00,0x00,0x00,0x00,0x00,0x00,0x00,0x00,
    0x00,0x00,0x00,0x00,0x00,0x00,0x00,0x00,0x00,0x00,0x00,0x00,0x00,0x00,0x00,0x00,0x00,0x00,0x00,0x00,0x00,0x00,0x00,0x00,
    0x00,0x00,0x00,0x00,0x00,0x00,0x00,0x00,0x00,0x00,0x00,0x00,0x00,0x00,0x00,0x00,0x00,0x00,0x00,0x00,0x00,0x00,0x00,0x00,
    0x00,0x00,0x00,0x00,0x00,0x00,0x00,0x00,0x00,0x00,0x00,0x00,0x00,0x00,0x00,0x00,0x00,0x00,0x00,0x00,0x00,0x00,0x00,0x00,
    0x00,0x00,0x00,0x00,0x00,0x00,0x00,0x00,0x00,0x00,0x00,0x00,0x00,0x00,0x00,0x00,0x00,0x00,0x00,0x00,0x00,0x00,0x00,0x00,
    0x00,0x00,0x00,0x00,0x00,0x00,0x00,0x00,0x00,0x00,0x00,0x00,0x00,0x00,0x00,0x00,0x00,0x00,0x00,0x00,0x00,0x00,0x00,0x00,
    0x00,0x00,0x00,0x00,0x00,0x00,0x00,0x00,0x00,0x00,0x00,0x00,0x00,0x00,0x00,0x00,0x00,0x00,0x00,0x00,0x00,0x00,0x00,0x00,
    0x00,0x00,0x00,0x00,0x00,0x00,0x00,0x00,0x00,0x00,0x00,0x00,0x00,0x00,0x00,0x00,0x00,0x00,0x00,0x00,0x00,0x00,0x00,0x00,
    0x00,0x00,0x00,0x00,0x00,0x00,0x00,0x00,0x00,0x00,0x00,0x00,0x00,0x00,0x00,0x00,0x00,0x00,0x00,0x00,0x00,0x00,0x00,0x00,
    0x00,0x00,0x00,0x00,0x00,0x00,0x00,0x00,0x00,0x00,0x00,0x00,0x00,0x00,0x00,0x00,0x00,0x00,0x00,0x00,0x00,0x00,0x00,0x00,
    0x00,0x00,0x00,0x00,0x00,0x00,0x00,0x00,0x00,0x00,0x00,0x00,0x00,0x00,0x00,0x00,0x00,0x00,0x00,0x00,0x00,0x00,0x00,0x00,
    0x00,0x00,0x00,0x00,0x00,0x00,0x00,0x00,0x00,0x00,0x00,0x00,0x00,0x00,0x00,0x00,0x00,0x00,0x00,0x00,0x00,0x00,0x00,0x00,
    0x00,0x00,0x00,0x00,0x00,0x00,0x00,0x00,0x00,0x00,0x00,0x00,0x00,0x00,0x00,0x00,0x00,0x00,0x00,0x00,0x00,0x00,0x00,0x00,
    0x00,0x00,0x00,0x00,0x00,0x00,0x00,0x00,0x00,0x00,0x00,0x00,0x00,0x00,0x00,0x00,0x00,0x00,0x00,0x00,0x00,0x00,0x00,0x00,
    0x00,0x00,0x00,0x00,0x00,0x00,0x00,0x00,0x00,0x00,0x00,0x00,0x00,0x00,0x00,0x00,0x00,0x00,0x00,0x00,0x00,0x00,0x00,0x00,
    0x00,0x00,0x00,0x00,0x00,0x00,0x00,0x00,0x00,0x00,0x00,0x00,0x00,0x00,0x00,0x00,0x00,0x00,0x00,0x00,0x00,0x00,0x00,0x00,
    0x00,0x00,0x00,0x00,0x00,0x00,0x00,0x00,0x00,0x00,0x00,0x00,0x00,0x00,0x00,0x00,0x00,0x00,0x00,0x00,0x00,0x00,0x00,0x00,
    0x00,0x00,0x00,0x00,0x00,0x00,0x00,0x00,0x00,0x00,0x00,0x00,0x00,0x00,0x00,0x00,0x00,0x00,0x00,0x00,0x00,0x00,0x00,0x00,
    0x00,0x00,0x00,0x00,0x00,0x00,0x00,0x00,0x00,0x00,0x00,0x00,0x00,0x00,0x00,0x00,0x00,0x00,0x00,0x00,0x00,0x00,0x00,0x00,
    0x00,0x00,0x00,0x00,0x00,0x00,0x00,0x00,0x00,0x00,0x00,0x00,0x00,0x00,0x00,0x00,0x00,0x00,0x00,0x00,0x00,0x00,0x00,0x00,
    0x00,0x00,0x00,0x00,0x00,0x00,0x00,0x00,0x00,0x00,0x00,0x00,0x00,0x00,0x00,0x00,0x00,0x00,0x00,0x00,0x00,0x00,0x00,0x00,
    0x00,0x00,0x00,0x00,0x00,0x00,0x00,0x00,0x00,0x00,0x00,0x00,0x00,0x00,0x00,0x00,0x00,0x00,0x00,0x00,0x00,0x00,0x00,0x00,
    0x00,0x00,0x00,0x00,0x00,0x00,0x00,0x00,0x00,0x00,0x00,0x00,0x00,0x00,0x00,0x00,0x00,0x00,0x00,0x00,0x00,0x00,0x00,0x00,
    0x00,0x00,0x00,0x00,0x00,0x00,0x00,0x00,0x00,0x00,0x00,0x00,0x00,0x00,0x00,0x00,0x00,0x00,0x00,0x00,0x00,0x00,0x00,0x00,
    0x00,0x00,0x00,0x00,0x00,0x00,0x00,0x00,0x00,0x00,0x00,0x00,0x00,0x00,0x00,0x00,0x00,0x00,0x00,0x00,0x00,0x00,0x00,0x00,
    0x00,0x00,0x00,0x00,0x00,0x00,0x00,0x00,0x00,0x00,0x00,0x00,0x00,0x00,0x00,0x00,0x00,0x00,0x00,0x00,0x00,0x00,0x00,0x00,
    0x00,0x00,0x00,0x00,0x00,0x00,0x00,0x00,0x00,0x00,0x00,0x00,0x00,0x00,0x00,0x00,0x00,0x00,0x00,0x00,0x00,0x00,0x00,0x00,
    0x00,0x00,0x00,0x00,0x00,0x00,0x00,0x00,0x00,0x00,0x00,0x00,0x00,0x00,0x00,0x00,0x00,0x00,0x00,0x00,0x00,0x00,0x00,0x00,
    0x00,0x00,0x00,0x00,0x00,0x00,0x00,0x00,0x00,0x00,0x00,0x00,0x00,0x00,0x00,0x00,0x00,0x00,0x00,0x00,0x00,0x00,0x00,0x00,
    0x00,0x00,0x00,0x00,0x00,0x00,0x00,0x00,0x00,0x00,0x00,0x00,0x00,0x00,0x00,0x00,0x00,0x00,0x00,0x00,0x00,0x00,0x00,0x00,
    0x00,0x00,0x00,0x00,0x00,0x00,0x00,0x00,0x00,0x00,0x00,0x00,0x00,0x00,0x00,0x00,0x00,0x00,0x00,0x00,0x00,0x00,0x00,0x00,
    0x00,0x00,0x00,0x00,0x00,0x00,0x00,0x00,0x00,0x00,0x00,0x00,0x00,0x00,0x00,0x00,0x00,0x00,0x00,0x00,0x00,0x00,0x00,0x00,
    0x00,0x00,0x00,0x00,0x00,0x00,0x00,0x00,0x00,0x00,0x00,0x00,0x00,0x00,0x00,0x00,0x00,0x00,0x00,0x00,0x00,0x00,0x00,0x00,
    0x00,0x00,0x00,0x00,0x00,0x00,0x00,0x00,0x00,0x00,0x00,0x00,0x00,0x00,0x00,0x00,0x00,0x00,0x00,0x00,0x00,0x00,0x00,0x00,
    0x00,0x00,0x00,0x00,0x00,0x00,0x00,0x00,0x00,0x00,0x00,0x00,0x00,0x00,0x00,0x00,0x00,0x00,0x00,0x00,0x00,0x00,0x00,0x00,
    0x00,0x00,0x00,0x00,0x00,0x00,0x00,0x00,0x00,0x00,0x00,0x00,0x00,0x00,0x00,0x00,0x00,0x00,0x00,0x00,0x00,0x00,0x00,0x00,
    0x00,0x00,0x00,0x00,0x00,0x00,0x00,0x00,0x00,0x00,0x00,0x00,0x00,0x00,0x00,0x00,0x00,0x00,0x00,0x00,0x00,0x00,0x00,0x00,
    0x00,0x00,0x00,0x00,0x00,0x00,0x00,0x00,0x00,0x00,0x00,0x00,0x00,0x00,0x00,0x00,0x00,0x00,0x00,0x00,0x00,0x00,0x00,0x00,
    0x00,0x00,0x00,0x00,0x00,0x00,0x00,0x00,0x00,0x00,0x00,0x00,0x00,0x00,0x00,0x00,0x00,0x00,0x00,0x00,0x00,0x00,0x00,0x00,
    0x00,0x00,0x00,0x00,0x00,0x00,0x00,0x00,0x00,0x00,0x00,0x00,0x00,0x00,0x00,0x00,0x00,0x00,0x00,0x00,0x00,0x00,0x00,0x00,
    0x00,0x00,0x00,0x00,0x00,0x00,0x00,0x00,0x00,0x00,0x00,0x00,0x00,0x00,0x00,0x00,0x00,0x00,0x00,0x00,0x00,0x00,0x00,0x00,
    0x00,0x00,0x00,0x00,0x00,0x00,0x00,0x00,
};

const lv_img_dsc_t l2_splash = {
    .header.cf = LV_IMG_CF_TRUE_COLOR,
    .header.w = 200, .header.h = 200,
    .data_size = sizeof px, .data = px,
};
