/*******************************************************************************
 * Size: 30 px
 * Bpp: 4
 * Opts: --bpp 4 --format lvgl --no-compress --force-fast-kern-format --lv-include lvgl.h --font assets/fonts/Barlow-600-latin.ttf -r 0x20-0x7E -r 0xB0,0xD7,0xC1,0xC9,0xCD,0xD3,0xDA,0xDD --font assets/fonts/Barlow-600-latin-ext.ttf -r 0x10C,0x10E,0x11A,0x147,0x158,0x160,0x164,0x16E,0x17D --size 30 -o main/fonts/a4_txt_30.c
 ******************************************************************************/

#ifdef LV_LVGL_H_INCLUDE_SIMPLE
#include "lvgl.h"
#else
#include "lvgl.h"
#endif

#ifndef A4_TXT_30
#define A4_TXT_30 1
#endif

#if A4_TXT_30

/*-----------------
 *    BITMAPS
 *----------------*/

/*Store the image of the glyphs*/
static LV_ATTRIBUTE_LARGE_CONST const uint8_t glyph_bitmap[] = {
    /* U+0020 " " */

    /* U+0021 "!" */
    0xa, 0xff, 0xc0, 0xa, 0xff, 0xc0, 0x9, 0xff,
    0xc0, 0x9, 0xff, 0xb0, 0x9, 0xff, 0xb0, 0x8,
    0xff, 0xb0, 0x8, 0xff, 0xa0, 0x8, 0xff, 0xa0,
    0x7, 0xff, 0x90, 0x7, 0xff, 0x90, 0x6, 0xff,
    0x90, 0x6, 0xff, 0x80, 0x6, 0xff, 0x80, 0x5,
    0xff, 0x70, 0x1, 0x45, 0x10, 0x0, 0x0, 0x0,
    0x0, 0x0, 0x0, 0x0, 0x43, 0x0, 0xb, 0xff,
    0x80, 0x2f, 0xff, 0xf0, 0x1f, 0xff, 0xd0, 0x6,
    0xed, 0x40,

    /* U+0022 "\"" */
    0x5f, 0xfe, 0x1, 0xff, 0xf2, 0x5f, 0xfe, 0x1,
    0xff, 0xf2, 0x4f, 0xfd, 0x0, 0xff, 0xf1, 0x3f,
    0xfc, 0x0, 0xff, 0xf0, 0x2f, 0xfb, 0x0, 0xef,
    0xf0, 0x1f, 0xfa, 0x0, 0xdf, 0xe0, 0xc, 0xc7,
    0x0, 0x9c, 0xa0,

    /* U+0023 "#" */
    0x0, 0x0, 0xc, 0xee, 0x80, 0x0, 0x6e, 0xed,
    0x0, 0x0, 0x0, 0xf, 0xff, 0x70, 0x0, 0xaf,
    0xfd, 0x0, 0x0, 0x0, 0x2f, 0xff, 0x50, 0x0,
    0xcf, 0xfb, 0x0, 0x0, 0x0, 0x5f, 0xff, 0x20,
    0x0, 0xef, 0xf8, 0x0, 0x0, 0x0, 0x7f, 0xff,
    0x0, 0x1, 0xff, 0xf6, 0x0, 0x2, 0xff, 0xff,
    0xff, 0xff, 0xff, 0xff, 0xff, 0xf9, 0x3, 0xff,
    0xff, 0xff, 0xff, 0xff, 0xff, 0xff, 0xf9, 0x3,
    0xff, 0xff, 0xff, 0xff, 0xff, 0xff, 0xff, 0xf9,
    0x0, 0x13, 0xff, 0xf7, 0x11, 0x1c, 0xff, 0xd1,
    0x10, 0x0, 0x3, 0xff, 0xf4, 0x0, 0xd, 0xff,
    0xa0, 0x0, 0x0, 0x6, 0xff, 0xf1, 0x0, 0xf,
    0xff, 0x70, 0x0, 0x0, 0x8, 0xff, 0xf0, 0x0,
    0x2f, 0xff, 0x50, 0x0, 0x4f, 0xff, 0xff, 0xff,
    0xff, 0xff, 0xff, 0xff, 0x70, 0x5f, 0xff, 0xff,
    0xff, 0xff, 0xff, 0xff, 0xff, 0x80, 0x4f, 0xff,
    0xff, 0xff, 0xff, 0xff, 0xff, 0xff, 0x70, 0x0,
    0x3f, 0xff, 0x61, 0x11, 0xcf, 0xfb, 0x11, 0x0,
    0x0, 0x4f, 0xff, 0x30, 0x0, 0xef, 0xf9, 0x0,
    0x0, 0x0, 0x7f, 0xff, 0x0, 0x0, 0xff, 0xf6,
    0x0, 0x0, 0x0, 0x9f, 0xfe, 0x0, 0x3, 0xff,
    0xf4, 0x0, 0x0, 0x0, 0xbf, 0xfb, 0x0, 0x5,
    0xff, 0xf1, 0x0, 0x0, 0x0, 0x1, 0x10, 0x0,
    0x0, 0x11, 0x10, 0x0, 0x0,

    /* U+0024 "$" */
    0x0, 0x0, 0x1, 0xff, 0xe0, 0x0, 0x0, 0x0,
    0x0, 0x0, 0x1f, 0xfe, 0x0, 0x0, 0x0, 0x0,
    0x0, 0x2, 0xff, 0xe0, 0x0, 0x0, 0x0, 0x0,
    0x6d, 0xff, 0xff, 0xfb, 0x30, 0x0, 0x0, 0xbf,
    0xff, 0xff, 0xff, 0xff, 0x80, 0x0, 0x9f, 0xff,
    0xfe, 0xdf, 0xff, 0xff, 0x70, 0x1f, 0xff, 0xb1,
    0x0, 0x6, 0xef, 0xff, 0x15, 0xff, 0xf1, 0x0,
    0x0, 0x4, 0xff, 0xf5, 0x6f, 0xfd, 0x0, 0x0,
    0x0, 0xd, 0xff, 0x84, 0xff, 0xf1, 0x0, 0x0,
    0x0, 0x9e, 0xe7, 0x1f, 0xff, 0xc2, 0x0, 0x0,
    0x0, 0x0, 0x0, 0x8f, 0xff, 0xf9, 0x30, 0x0,
    0x0, 0x0, 0x0, 0xaf, 0xff, 0xff, 0xc5, 0x0,
    0x0, 0x0, 0x0, 0x5d, 0xff, 0xff, 0xfe, 0x60,
    0x0, 0x0, 0x0, 0x5, 0xcf, 0xff, 0xff, 0xb0,
    0x0, 0x0, 0x0, 0x0, 0x2a, 0xff, 0xff, 0xb0,
    0x0, 0x0, 0x0, 0x0, 0x2, 0xcf, 0xff, 0x48,
    0xbb, 0x50, 0x0, 0x0, 0x0, 0xef, 0xf8, 0xbf,
    0xf8, 0x0, 0x0, 0x0, 0xa, 0xff, 0xaa, 0xff,
    0xd0, 0x0, 0x0, 0x0, 0xcf, 0xf9, 0x5f, 0xff,
    0xa1, 0x0, 0x0, 0x7f, 0xff, 0x60, 0xdf, 0xff,
    0xfb, 0x9a, 0xdf, 0xff, 0xe0, 0x2, 0xef, 0xff,
    0xff, 0xff, 0xff, 0xf3, 0x0, 0x1, 0x9f, 0xff,
    0xff, 0xff, 0xb2, 0x0, 0x0, 0x0, 0x5, 0xff,
    0xf5, 0x10, 0x0, 0x0, 0x0, 0x0, 0xf, 0xff,
    0x0, 0x0, 0x0, 0x0, 0x0, 0x0, 0xff, 0xf0,
    0x0, 0x0, 0x0,

    /* U+0025 "%" */
    0x0, 0x5c, 0xfe, 0xa2, 0x0, 0x0, 0x0, 0x3f,
    0xf3, 0x0, 0x0, 0x8f, 0xff, 0xff, 0xf3, 0x0,
    0x0, 0xc, 0xfc, 0x0, 0x0, 0x4f, 0xf9, 0x35,
    0xdf, 0xd0, 0x0, 0x4, 0xff, 0x30, 0x0, 0xa,
    0xf9, 0x0, 0x1, 0xff, 0x30, 0x0, 0xdf, 0xb0,
    0x0, 0x0, 0xcf, 0x50, 0x0, 0xd, 0xf5, 0x0,
    0x5f, 0xf2, 0x0, 0x0, 0xb, 0xf8, 0x0, 0x0,
    0xff, 0x40, 0xd, 0xfa, 0x0, 0x0, 0x0, 0x5f,
    0xf6, 0x2, 0xbf, 0xe0, 0x6, 0xff, 0x20, 0x0,
    0x0, 0x0, 0xbf, 0xff, 0xff, 0xf5, 0x0, 0xef,
    0x90, 0x0, 0x0, 0x0, 0x0, 0x8f, 0xff, 0xd4,
    0x0, 0x7f, 0xf1, 0x0, 0x0, 0x0, 0x0, 0x0,
    0x2, 0x10, 0x0, 0x1f, 0xf8, 0x0, 0x0, 0x0,
    0x0, 0x0, 0x0, 0x0, 0x0, 0x8, 0xfe, 0x10,
    0x0, 0x0, 0x0, 0x0, 0x0, 0x0, 0x0, 0x1,
    0xff, 0x70, 0x0, 0x0, 0x0, 0x0, 0x0, 0x0,
    0x0, 0x0, 0x9f, 0xe0, 0x0, 0x0, 0x10, 0x0,
    0x0, 0x0, 0x0, 0x0, 0x2f, 0xf6, 0x0, 0x2b,
    0xff, 0xf9, 0x0, 0x0, 0x0, 0x0, 0xa, 0xfd,
    0x0, 0x3f, 0xff, 0xff, 0xfc, 0x0, 0x0, 0x0,
    0x3, 0xff, 0x50, 0xc, 0xfc, 0x30, 0x5f, 0xf7,
    0x0, 0x0, 0x0, 0xbf, 0xd0, 0x2, 0xff, 0x10,
    0x0, 0x6f, 0xd0, 0x0, 0x0, 0x4f, 0xf4, 0x0,
    0x3f, 0xe0, 0x0, 0x3, 0xfe, 0x0, 0x0, 0xc,
    0xfc, 0x0, 0x1, 0xff, 0x20, 0x0, 0x7f, 0xc0,
    0x0, 0x5, 0xff, 0x30, 0x0, 0xb, 0xfe, 0x53,
    0x7f, 0xf6, 0x0, 0x0, 0xdf, 0xb0, 0x0, 0x0,
    0x1e, 0xff, 0xff, 0xfb, 0x0, 0x0, 0x5f, 0xf2,
    0x0, 0x0, 0x0, 0x19, 0xef, 0xd7, 0x0,

    /* U+0026 "&" */
    0x0, 0x0, 0x3a, 0xef, 0xeb, 0x50, 0x0, 0x0,
    0x0, 0x0, 0x0, 0x8f, 0xff, 0xff, 0xff, 0xc0,
    0x0, 0x0, 0x0, 0x0, 0x6f, 0xff, 0xff, 0xff,
    0xff, 0xb0, 0x0, 0x0, 0x0, 0xd, 0xff, 0xf9,
    0x56, 0xef, 0xff, 0x30, 0x0, 0x0, 0x1, 0xff,
    0xf9, 0x0, 0x2, 0xff, 0xf7, 0x0, 0x0, 0x0,
    0x1f, 0xff, 0x50, 0x0, 0xf, 0xff, 0x80, 0x0,
    0x0, 0x0, 0xef, 0xfa, 0x0, 0x4, 0xff, 0xf6,
    0x0, 0x0, 0x0, 0x8, 0xff, 0xf5, 0x2, 0xef,
    0xff, 0x10, 0x0, 0x0, 0x0, 0xd, 0xff, 0xf7,
    0xff, 0xff, 0x70, 0x0, 0x0, 0x0, 0x0, 0x3f,
    0xff, 0xff, 0xff, 0x90, 0x0, 0x0, 0x0, 0x0,
    0x0, 0xbf, 0xff, 0xff, 0x70, 0x0, 0x0, 0x0,
    0x0, 0x1, 0xbf, 0xff, 0xff, 0xb0, 0x0, 0x0,
    0x0, 0x0, 0x1, 0xdf, 0xff, 0xff, 0xff, 0x70,
    0x0, 0x3, 0x0, 0x0, 0xcf, 0xff, 0xc2, 0xcf,
    0xff, 0x50, 0x8, 0xfa, 0x20, 0x5f, 0xff, 0xc0,
    0x1, 0xdf, 0xff, 0x34, 0xff, 0xf7, 0x9, 0xff,
    0xf1, 0x0, 0x2, 0xef, 0xff, 0xff, 0xfc, 0x0,
    0xbf, 0xfd, 0x0, 0x0, 0x3, 0xff, 0xff, 0xff,
    0x20, 0xa, 0xff, 0xf0, 0x0, 0x0, 0xa, 0xff,
    0xff, 0x50, 0x0, 0x7f, 0xff, 0xc3, 0x12, 0x6c,
    0xff, 0xff, 0xf8, 0x0, 0x1, 0xef, 0xff, 0xff,
    0xff, 0xff, 0xff, 0xff, 0xf5, 0x0, 0x3, 0xef,
    0xff, 0xff, 0xff, 0xfc, 0x3c, 0xff, 0xf2, 0x0,
    0x0, 0x7c, 0xef, 0xec, 0x93, 0x0, 0x1d, 0xff,
    0xd0,

    /* U+0027 "'" */
    0x5f, 0xff, 0x15, 0xff, 0xf0, 0x4f, 0xff, 0x3,
    0xff, 0xf0, 0x2f, 0xfe, 0x1, 0xff, 0xd0, 0xb,
    0xc8, 0x0,

    /* U+0028 "(" */
    0x0, 0x0, 0x16, 0x65, 0x0, 0x0, 0xc, 0xff,
    0xb0, 0x0, 0x5, 0xff, 0xf4, 0x0, 0x0, 0xef,
    0xfc, 0x0, 0x0, 0x4f, 0xff, 0x70, 0x0, 0xa,
    0xff, 0xf1, 0x0, 0x1, 0xff, 0xfc, 0x0, 0x0,
    0x4f, 0xff, 0x90, 0x0, 0x7, 0xff, 0xf6, 0x0,
    0x0, 0xbf, 0xff, 0x30, 0x0, 0xd, 0xff, 0xf0,
    0x0, 0x0, 0xef, 0xff, 0x0, 0x0, 0xf, 0xff,
    0xe0, 0x0, 0x0, 0xff, 0xfd, 0x0, 0x0, 0xf,
    0xff, 0xe0, 0x0, 0x0, 0xff, 0xff, 0x0, 0x0,
    0xe, 0xff, 0xf0, 0x0, 0x0, 0xdf, 0xff, 0x10,
    0x0, 0xa, 0xff, 0xf4, 0x0, 0x0, 0x6f, 0xff,
    0x70, 0x0, 0x3, 0xff, 0xfa, 0x0, 0x0, 0xe,
    0xff, 0xe0, 0x0, 0x0, 0x8f, 0xff, 0x30, 0x0,
    0x2, 0xff, 0xf9, 0x0, 0x0, 0xb, 0xff, 0xe0,
    0x0, 0x0, 0x2f, 0xff, 0x70, 0x0, 0x0, 0x8f,
    0xfe, 0x0,

    /* U+0029 ")" */
    0x36, 0x65, 0x0, 0x0, 0x4f, 0xff, 0x40, 0x0,
    0xc, 0xff, 0xd0, 0x0, 0x4, 0xff, 0xf6, 0x0,
    0x0, 0xef, 0xfd, 0x0, 0x0, 0xaf, 0xff, 0x30,
    0x0, 0x4f, 0xff, 0x80, 0x0, 0x1f, 0xff, 0xc0,
    0x0, 0xe, 0xff, 0xf0, 0x0, 0xb, 0xff, 0xf3,
    0x0, 0x8, 0xff, 0xf5, 0x0, 0x7, 0xff, 0xf6,
    0x0, 0x6, 0xff, 0xf7, 0x0, 0x6, 0xff, 0xf8,
    0x0, 0x6, 0xff, 0xf8, 0x0, 0x7, 0xff, 0xf7,
    0x0, 0x8, 0xff, 0xf6, 0x0, 0x9, 0xff, 0xf4,
    0x0, 0xc, 0xff, 0xf2, 0x0, 0xf, 0xff, 0xe0,
    0x0, 0x2f, 0xff, 0xb0, 0x0, 0x7f, 0xff, 0x60,
    0x0, 0xcf, 0xff, 0x10, 0x1, 0xff, 0xfa, 0x0,
    0x8, 0xff, 0xf3, 0x0, 0xe, 0xff, 0xa0, 0x0,
    0x6f, 0xfe, 0x10, 0x0,

    /* U+002A "*" */
    0x0, 0x0, 0xe, 0xd0, 0x0, 0x0, 0x0, 0x0,
    0xf, 0xf0, 0x0, 0x0, 0xa, 0xb2, 0xf, 0xf0,
    0x2c, 0x90, 0x1f, 0xff, 0x9f, 0xf9, 0xff, 0xf0,
    0x2, 0xbf, 0xff, 0xff, 0xfa, 0x20, 0x0, 0x8,
    0xff, 0xff, 0x60, 0x0, 0x2, 0xaf, 0xff, 0xff,
    0xfa, 0x10, 0x1f, 0xff, 0xaf, 0xfa, 0xff, 0xf0,
    0xb, 0xc3, 0xf, 0xf0, 0x3d, 0xa0, 0x0, 0x0,
    0xf, 0xf0, 0x0, 0x0, 0x0, 0x0, 0xf, 0xf0,
    0x0, 0x0,

    /* U+002B "+" */
    0x0, 0x0, 0x1, 0xff, 0xc0, 0x0, 0x0, 0x0,
    0x0, 0x2, 0xff, 0xd0, 0x0, 0x0, 0x0, 0x0,
    0x2, 0xff, 0xd0, 0x0, 0x0, 0x0, 0x0, 0x2,
    0xff, 0xd0, 0x0, 0x0, 0x0, 0x0, 0x2, 0xff,
    0xd0, 0x0, 0x0, 0xf, 0xff, 0xff, 0xff, 0xff,
    0xff, 0xfb, 0xf, 0xff, 0xff, 0xff, 0xff, 0xff,
    0xfb, 0xf, 0xff, 0xff, 0xff, 0xff, 0xff, 0xfb,
    0x1, 0x11, 0x13, 0xff, 0xd1, 0x11, 0x10, 0x0,
    0x0, 0x2, 0xff, 0xd0, 0x0, 0x0, 0x0, 0x0,
    0x2, 0xff, 0xd0, 0x0, 0x0, 0x0, 0x0, 0x2,
    0xff, 0xd0, 0x0, 0x0, 0x0, 0x0, 0x1, 0xff,
    0xd0, 0x0, 0x0, 0x0, 0x0, 0x0, 0x12, 0x10,
    0x0, 0x0,

    /* U+002C "," */
    0x3, 0xaa, 0x60, 0x8f, 0xf8, 0xa, 0xff, 0x40,
    0xdf, 0xf0, 0xf, 0xfb, 0x2, 0xff, 0x70, 0x5f,
    0xf3, 0x7, 0xfe, 0x0,

    /* U+002D "-" */
    0x1, 0x11, 0x11, 0x11, 0x11, 0x10, 0xf, 0xff,
    0xff, 0xff, 0xff, 0xf1, 0xf, 0xff, 0xff, 0xff,
    0xff, 0xf2, 0xf, 0xff, 0xff, 0xff, 0xff, 0xf1,

    /* U+002E "." */
    0x0, 0x44, 0x0, 0xa, 0xff, 0xa0, 0x1f, 0xff,
    0xf0, 0xf, 0xff, 0xf0, 0x5, 0xee, 0x50,

    /* U+002F "/" */
    0x0, 0x0, 0x0, 0x0, 0xef, 0xf8, 0x0, 0x0,
    0x0, 0x4, 0xff, 0xf3, 0x0, 0x0, 0x0, 0x9,
    0xff, 0xd0, 0x0, 0x0, 0x0, 0xe, 0xff, 0x80,
    0x0, 0x0, 0x0, 0x4f, 0xff, 0x20, 0x0, 0x0,
    0x0, 0xaf, 0xfd, 0x0, 0x0, 0x0, 0x0, 0xff,
    0xf7, 0x0, 0x0, 0x0, 0x5, 0xff, 0xf2, 0x0,
    0x0, 0x0, 0xa, 0xff, 0xc0, 0x0, 0x0, 0x0,
    0xf, 0xff, 0x70, 0x0, 0x0, 0x0, 0x5f, 0xff,
    0x10, 0x0, 0x0, 0x0, 0xbf, 0xfc, 0x0, 0x0,
    0x0, 0x1, 0xff, 0xf6, 0x0, 0x0, 0x0, 0x6,
    0xff, 0xf1, 0x0, 0x0, 0x0, 0xc, 0xff, 0xb0,
    0x0, 0x0, 0x0, 0x1f, 0xff, 0x50, 0x0, 0x0,
    0x0, 0x7f, 0xff, 0x0, 0x0, 0x0, 0x0, 0xcf,
    0xfa, 0x0, 0x0, 0x0, 0x2, 0xff, 0xf5, 0x0,
    0x0, 0x0, 0x7, 0xff, 0xf0, 0x0, 0x0, 0x0,
    0xd, 0xff, 0xa0, 0x0, 0x0, 0x0, 0x1f, 0xff,
    0x40, 0x0, 0x0, 0x0,

    /* U+0030 "0" */
    0x0, 0x0, 0x7c, 0xef, 0xec, 0x70, 0x0, 0x0,
    0x3, 0xef, 0xff, 0xff, 0xff, 0xe3, 0x0, 0x2,
    0xef, 0xff, 0xff, 0xff, 0xff, 0xf2, 0x0, 0xaf,
    0xff, 0xb4, 0x24, 0xbf, 0xff, 0xb0, 0xf, 0xff,
    0xb0, 0x0, 0x0, 0xbf, 0xff, 0x14, 0xff, 0xf4,
    0x0, 0x0, 0x4, 0xff, 0xf4, 0x5f, 0xff, 0x20,
    0x0, 0x0, 0x1f, 0xff, 0x55, 0xff, 0xf2, 0x0,
    0x0, 0x1, 0xff, 0xf6, 0x5f, 0xff, 0x20, 0x0,
    0x0, 0x1f, 0xff, 0x65, 0xff, 0xf2, 0x0, 0x0,
    0x1, 0xff, 0xf6, 0x5f, 0xff, 0x20, 0x0, 0x0,
    0x1f, 0xff, 0x65, 0xff, 0xf2, 0x0, 0x0, 0x1,
    0xff, 0xf6, 0x5f, 0xff, 0x20, 0x0, 0x0, 0x1f,
    0xff, 0x65, 0xff, 0xf2, 0x0, 0x0, 0x1, 0xff,
    0xf6, 0x5f, 0xff, 0x20, 0x0, 0x0, 0x1f, 0xff,
    0x65, 0xff, 0xf2, 0x0, 0x0, 0x1, 0xff, 0xf5,
    0x3f, 0xff, 0x40, 0x0, 0x0, 0x4f, 0xff, 0x40,
    0xff, 0xfb, 0x0, 0x0, 0xb, 0xff, 0xf1, 0xa,
    0xff, 0xfb, 0x42, 0x4b, 0xff, 0xfb, 0x0, 0x2e,
    0xff, 0xff, 0xff, 0xff, 0xfe, 0x20, 0x0, 0x3e,
    0xff, 0xff, 0xff, 0xfe, 0x30, 0x0, 0x0, 0x7,
    0xce, 0xfe, 0xc7, 0x0, 0x0,

    /* U+0031 "1" */
    0x0, 0x3b, 0xff, 0xf7, 0x2b, 0xff, 0xff, 0xf7,
    0xaf, 0xff, 0xff, 0xf7, 0xaf, 0xfc, 0xff, 0xf7,
    0x56, 0x10, 0xff, 0xf7, 0x0, 0x0, 0xff, 0xf7,
    0x0, 0x0, 0xff, 0xf7, 0x0, 0x0, 0xff, 0xf7,
    0x0, 0x0, 0xff, 0xf7, 0x0, 0x0, 0xff, 0xf7,
    0x0, 0x0, 0xff, 0xf7, 0x0, 0x0, 0xff, 0xf7,
    0x0, 0x0, 0xff, 0xf7, 0x0, 0x0, 0xff, 0xf7,
    0x0, 0x0, 0xff, 0xf7, 0x0, 0x0, 0xff, 0xf7,
    0x0, 0x0, 0xff, 0xf7, 0x0, 0x0, 0xff, 0xf7,
    0x0, 0x0, 0xff, 0xf7, 0x0, 0x0, 0xff, 0xf7,
    0x0, 0x0, 0xff, 0xf7, 0x0, 0x0, 0xff, 0xf7,

    /* U+0032 "2" */
    0x0, 0x3, 0x9d, 0xff, 0xd9, 0x30, 0x0, 0x0,
    0x8, 0xff, 0xff, 0xff, 0xff, 0x80, 0x0, 0x8,
    0xff, 0xff, 0xff, 0xff, 0xff, 0x70, 0x1, 0xff,
    0xff, 0x72, 0x27, 0xff, 0xff, 0x10, 0x6f, 0xff,
    0x50, 0x0, 0x5, 0xff, 0xf6, 0x9, 0xff, 0xf0,
    0x0, 0x0, 0xf, 0xff, 0x90, 0x9f, 0xfe, 0x0,
    0x0, 0x0, 0xff, 0xf9, 0x1, 0x33, 0x20, 0x0,
    0x0, 0x4f, 0xff, 0x60, 0x0, 0x0, 0x0, 0x0,
    0xc, 0xff, 0xf1, 0x0, 0x0, 0x0, 0x0, 0x7,
    0xff, 0xf9, 0x0, 0x0, 0x0, 0x0, 0x3, 0xff,
    0xfe, 0x10, 0x0, 0x0, 0x0, 0x1, 0xef, 0xff,
    0x40, 0x0, 0x0, 0x0, 0x0, 0xcf, 0xff, 0x80,
    0x0, 0x0, 0x0, 0x0, 0xaf, 0xff, 0xb0, 0x0,
    0x0, 0x0, 0x0, 0x8f, 0xff, 0xd0, 0x0, 0x0,
    0x0, 0x0, 0x5f, 0xff, 0xe2, 0x0, 0x0, 0x0,
    0x0, 0x3f, 0xff, 0xf3, 0x0, 0x0, 0x0, 0x0,
    0x2e, 0xff, 0xf5, 0x0, 0x0, 0x0, 0x0, 0x1d,
    0xff, 0xf9, 0x22, 0x22, 0x22, 0x22, 0x7, 0xff,
    0xff, 0xff, 0xff, 0xff, 0xff, 0xf1, 0x8f, 0xff,
    0xff, 0xff, 0xff, 0xff, 0xff, 0x27, 0xff, 0xff,
    0xff, 0xff, 0xff, 0xff, 0xf1,

    /* U+0033 "3" */
    0x7f, 0xff, 0xff, 0xff, 0xff, 0xff, 0xf2, 0x8f,
    0xff, 0xff, 0xff, 0xff, 0xff, 0xf3, 0x7f, 0xff,
    0xff, 0xff, 0xff, 0xff, 0xf3, 0x1, 0x11, 0x11,
    0x12, 0xdf, 0xff, 0xe0, 0x0, 0x0, 0x0, 0xb,
    0xff, 0xfe, 0x20, 0x0, 0x0, 0x0, 0xbf, 0xff,
    0xe3, 0x0, 0x0, 0x0, 0xb, 0xff, 0xff, 0x30,
    0x0, 0x0, 0x0, 0xaf, 0xff, 0xf3, 0x0, 0x0,
    0x0, 0x7, 0xff, 0xff, 0xfa, 0x30, 0x0, 0x0,
    0x2, 0xff, 0xff, 0xff, 0xf7, 0x0, 0x0, 0x0,
    0x6d, 0x67, 0xdf, 0xff, 0x40, 0x0, 0x0, 0x0,
    0x0, 0x1e, 0xff, 0xc0, 0x0, 0x0, 0x0, 0x0,
    0x7, 0xff, 0xf1, 0x0, 0x0, 0x0, 0x0, 0x3,
    0xff, 0xf4, 0x23, 0x31, 0x0, 0x0, 0x2, 0xff,
    0xf6, 0xcf, 0xfb, 0x0, 0x0, 0x2, 0xff, 0xf5,
    0xaf, 0xfe, 0x0, 0x0, 0x5, 0xff, 0xf3, 0x7f,
    0xff, 0x50, 0x0, 0xc, 0xff, 0xf0, 0xe, 0xff,
    0xf6, 0x23, 0xaf, 0xff, 0x90, 0x6, 0xff, 0xff,
    0xff, 0xff, 0xfe, 0x10, 0x0, 0x7f, 0xff, 0xff,
    0xff, 0xe2, 0x0, 0x0, 0x3, 0xae, 0xff, 0xc7,
    0x10, 0x0,

    /* U+0034 "4" */
    0x0, 0x0, 0x2, 0xff, 0xf7, 0x0, 0x0, 0x0,
    0x0, 0x0, 0x9, 0xff, 0xf1, 0x0, 0x0, 0x0,
    0x0, 0x0, 0x1f, 0xff, 0xa0, 0x0, 0x0, 0x0,
    0x0, 0x0, 0x7f, 0xff, 0x30, 0x0, 0x0, 0x0,
    0x0, 0x0, 0xef, 0xfc, 0x0, 0x0, 0x0, 0x0,
    0x0, 0x5, 0xff, 0xf5, 0x0, 0x0, 0x0, 0x0,
    0x0, 0xc, 0xff, 0xe0, 0x0, 0x0, 0x0, 0x0,
    0x0, 0x3f, 0xff, 0x70, 0x0, 0x0, 0x0, 0x0,
    0x0, 0xaf, 0xff, 0x10, 0x1, 0x99, 0x91, 0x0,
    0x1, 0xff, 0xf9, 0x0, 0x3, 0xff, 0xf4, 0x0,
    0x8, 0xff, 0xf3, 0x0, 0x3, 0xff, 0xf4, 0x0,
    0xe, 0xff, 0xc0, 0x0, 0x3, 0xff, 0xf4, 0x0,
    0x6f, 0xff, 0x50, 0x0, 0x3, 0xff, 0xf4, 0x0,
    0xcf, 0xff, 0xff, 0xff, 0xff, 0xff, 0xff, 0xf0,
    0xdf, 0xff, 0xff, 0xff, 0xff, 0xff, 0xff, 0xf0,
    0xdf, 0xff, 0xff, 0xff, 0xff, 0xff, 0xff, 0xf0,
    0x23, 0x33, 0x33, 0x33, 0x36, 0xff, 0xf6, 0x20,
    0x0, 0x0, 0x0, 0x0, 0x3, 0xff, 0xf4, 0x0,
    0x0, 0x0, 0x0, 0x0, 0x3, 0xff, 0xf4, 0x0,
    0x0, 0x0, 0x0, 0x0, 0x3, 0xff, 0xf4, 0x0,
    0x0, 0x0, 0x0, 0x0, 0x3, 0xff, 0xf4, 0x0,
    0x0, 0x0, 0x0, 0x0, 0x3, 0xff, 0xf3, 0x0,

    /* U+0035 "5" */
    0x6f, 0xff, 0xff, 0xff, 0xff, 0xff, 0xe0, 0x7f,
    0xff, 0xff, 0xff, 0xff, 0xff, 0xf0, 0x7f, 0xff,
    0xff, 0xff, 0xff, 0xff, 0xe0, 0x7f, 0xff, 0x21,
    0x11, 0x11, 0x11, 0x10, 0x7f, 0xff, 0x0, 0x0,
    0x0, 0x0, 0x0, 0x7f, 0xff, 0x0, 0x0, 0x0,
    0x0, 0x0, 0x7f, 0xff, 0x0, 0x0, 0x0, 0x0,
    0x0, 0x7f, 0xff, 0x0, 0x0, 0x0, 0x0, 0x0,
    0x7f, 0xff, 0x29, 0xef, 0xeb, 0x50, 0x0, 0x7f,
    0xff, 0xff, 0xff, 0xff, 0xf9, 0x0, 0x7f, 0xff,
    0xff, 0xff, 0xff, 0xff, 0x80, 0x7f, 0xff, 0xf8,
    0x32, 0x6f, 0xff, 0xf1, 0x6f, 0xff, 0x70, 0x0,
    0x5, 0xff, 0xf6, 0x2, 0x22, 0x0, 0x0, 0x0,
    0xff, 0xf9, 0x0, 0x0, 0x0, 0x0, 0x0, 0xef,
    0xfb, 0x1, 0x11, 0x0, 0x0, 0x0, 0xdf, 0xfb,
    0x6f, 0xff, 0x30, 0x0, 0x1, 0xff, 0xf9, 0x2f,
    0xff, 0xa0, 0x0, 0x7, 0xff, 0xf6, 0xb, 0xff,
    0xf9, 0x22, 0x7f, 0xff, 0xf0, 0x3, 0xff, 0xff,
    0xff, 0xff, 0xff, 0x60, 0x0, 0x3e, 0xff, 0xff,
    0xff, 0xf7, 0x0, 0x0, 0x1, 0x8d, 0xff, 0xd9,
    0x20, 0x0,

    /* U+0036 "6" */
    0x0, 0x3, 0x9d, 0xff, 0xd8, 0x20, 0x0, 0x0,
    0x8f, 0xff, 0xff, 0xff, 0xf7, 0x0, 0x7, 0xff,
    0xff, 0xff, 0xff, 0xff, 0x50, 0x1f, 0xff, 0xf7,
    0x23, 0x9f, 0xff, 0xd0, 0x5f, 0xff, 0x60, 0x0,
    0xa, 0xff, 0xf1, 0x7f, 0xff, 0x10, 0x0, 0x5,
    0xff, 0xf3, 0x7f, 0xff, 0x0, 0x0, 0x0, 0x55,
    0x50, 0x7f, 0xff, 0x0, 0x0, 0x0, 0x0, 0x0,
    0x7f, 0xff, 0x19, 0xef, 0xeb, 0x50, 0x0, 0x7f,
    0xff, 0xef, 0xff, 0xff, 0xfa, 0x0, 0x7f, 0xff,
    0xff, 0xff, 0xff, 0xff, 0x80, 0x7f, 0xff, 0xf7,
    0x11, 0x5f, 0xff, 0xf1, 0x7f, 0xff, 0x80, 0x0,
    0x5, 0xff, 0xf6, 0x7f, 0xff, 0x30, 0x0, 0x0,
    0xff, 0xf9, 0x7f, 0xff, 0x0, 0x0, 0x0, 0xdf,
    0xfa, 0x6f, 0xff, 0x0, 0x0, 0x0, 0xdf, 0xfa,
    0x5f, 0xff, 0x30, 0x0, 0x0, 0xff, 0xf8, 0x1f,
    0xff, 0x90, 0x0, 0x6, 0xff, 0xf4, 0xb, 0xff,
    0xf9, 0x32, 0x7f, 0xff, 0xe0, 0x2, 0xff, 0xff,
    0xff, 0xff, 0xff, 0x50, 0x0, 0x3f, 0xff, 0xff,
    0xff, 0xf6, 0x0, 0x0, 0x1, 0x8d, 0xff, 0xd9,
    0x20, 0x0,

    /* U+0037 "7" */
    0x2f, 0xff, 0xff, 0xff, 0xff, 0xff, 0xff, 0x13,
    0xff, 0xff, 0xff, 0xff, 0xff, 0xff, 0xf2, 0x3f,
    0xff, 0xff, 0xff, 0xff, 0xff, 0xff, 0x13, 0xff,
    0xb1, 0x11, 0x11, 0x1c, 0xff, 0xf0, 0x3f, 0xfa,
    0x0, 0x0, 0x1, 0xff, 0xf9, 0x0, 0x0, 0x0,
    0x0, 0x0, 0x6f, 0xff, 0x40, 0x0, 0x0, 0x0,
    0x0, 0xc, 0xff, 0xe0, 0x0, 0x0, 0x0, 0x0,
    0x2, 0xff, 0xf8, 0x0, 0x0, 0x0, 0x0, 0x0,
    0x8f, 0xff, 0x20, 0x0, 0x0, 0x0, 0x0, 0xe,
    0xff, 0xd0, 0x0, 0x0, 0x0, 0x0, 0x3, 0xff,
    0xf7, 0x0, 0x0, 0x0, 0x0, 0x0, 0x9f, 0xff,
    0x10, 0x0, 0x0, 0x0, 0x0, 0xf, 0xff, 0xb0,
    0x0, 0x0, 0x0, 0x0, 0x5, 0xff, 0xf6, 0x0,
    0x0, 0x0, 0x0, 0x0, 0xbf, 0xff, 0x0, 0x0,
    0x0, 0x0, 0x0, 0x1f, 0xff, 0xa0, 0x0, 0x0,
    0x0, 0x0, 0x6, 0xff, 0xf4, 0x0, 0x0, 0x0,
    0x0, 0x0, 0xcf, 0xfe, 0x0, 0x0, 0x0, 0x0,
    0x0, 0x2f, 0xff, 0x90, 0x0, 0x0, 0x0, 0x0,
    0x8, 0xff, 0xf3, 0x0, 0x0, 0x0, 0x0, 0x0,
    0xdf, 0xfd, 0x0, 0x0, 0x0, 0x0, 0x0, 0x2f,
    0xff, 0x70, 0x0, 0x0, 0x0,

    /* U+0038 "8" */
    0x0, 0x2, 0x8d, 0xff, 0xd8, 0x20, 0x0, 0x0,
    0x5f, 0xff, 0xff, 0xff, 0xf5, 0x0, 0x4, 0xff,
    0xff, 0xff, 0xff, 0xff, 0x40, 0xd, 0xff, 0xf8,
    0x22, 0x8f, 0xff, 0xc0, 0x3f, 0xff, 0x80, 0x0,
    0x8, 0xff, 0xf2, 0x5f, 0xff, 0x20, 0x0, 0x2,
    0xff, 0xf4, 0x4f, 0xff, 0x20, 0x0, 0x2, 0xff,
    0xf3, 0x1f, 0xff, 0x70, 0x0, 0x7, 0xff, 0xf1,
    0xa, 0xff, 0xf5, 0x0, 0x6f, 0xff, 0x90, 0x1,
    0xdf, 0xff, 0xff, 0xff, 0xfd, 0x10, 0x0, 0x7f,
    0xff, 0xff, 0xff, 0xf6, 0x0, 0x6, 0xff, 0xfe,
    0x99, 0xef, 0xff, 0x50, 0x1f, 0xff, 0xb0, 0x0,
    0xb, 0xff, 0xe0, 0x6f, 0xff, 0x20, 0x0, 0x2,
    0xff, 0xf5, 0x9f, 0xff, 0x0, 0x0, 0x0, 0xff,
    0xf8, 0xaf, 0xfe, 0x0, 0x0, 0x0, 0xff, 0xf9,
    0x9f, 0xff, 0x0, 0x0, 0x1, 0xff, 0xf7, 0x6f,
    0xff, 0x70, 0x0, 0x7, 0xff, 0xf5, 0xf, 0xff,
    0xf7, 0x22, 0x7f, 0xff, 0xe0, 0x6, 0xff, 0xff,
    0xff, 0xff, 0xff, 0x50, 0x0, 0x7f, 0xff, 0xff,
    0xff, 0xf7, 0x0, 0x0, 0x3, 0x9d, 0xff, 0xd9,
    0x20, 0x0,

    /* U+0039 "9" */
    0x0, 0x3, 0xad, 0xff, 0xc7, 0x0, 0x0, 0x0,
    0x9f, 0xff, 0xff, 0xff, 0xd2, 0x0, 0x8, 0xff,
    0xff, 0xff, 0xff, 0xfe, 0x10, 0x2f, 0xff, 0xe6,
    0x23, 0xaf, 0xff, 0x80, 0x8f, 0xff, 0x30, 0x0,
    0xc, 0xff, 0xe0, 0xbf, 0xfd, 0x0, 0x0, 0x5,
    0xff, 0xf2, 0xdf, 0xfa, 0x0, 0x0, 0x3, 0xff,
    0xf4, 0xdf, 0xfa, 0x0, 0x0, 0x3, 0xff, 0xf4,
    0xcf, 0xfc, 0x0, 0x0, 0x5, 0xff, 0xf5, 0x9f,
    0xff, 0x30, 0x0, 0xb, 0xff, 0xf5, 0x3f, 0xff,
    0xe4, 0x12, 0x9f, 0xff, 0xf5, 0xa, 0xff, 0xff,
    0xff, 0xff, 0xff, 0xf5, 0x1, 0xcf, 0xff, 0xff,
    0xfe, 0xff, 0xf5, 0x0, 0x6, 0xce, 0xfd, 0x73,
    0xff, 0xf5, 0x0, 0x0, 0x0, 0x0, 0x2, 0xff,
    0xf5, 0x15, 0x55, 0x0, 0x0, 0x2, 0xff, 0xf5,
    0x5f, 0xff, 0x20, 0x0, 0x3, 0xff, 0xf4, 0x4f,
    0xff, 0x70, 0x0, 0x9, 0xff, 0xf2, 0x1f, 0xff,
    0xf7, 0x23, 0x8f, 0xff, 0xd0, 0x8, 0xff, 0xff,
    0xff, 0xff, 0xff, 0x50, 0x0, 0x9f, 0xff, 0xff,
    0xff, 0xf6, 0x0, 0x0, 0x3, 0xad, 0xff, 0xd8,
    0x20, 0x0,

    /* U+003A ":" */
    0x3, 0x51, 0x6, 0xff, 0xd0, 0xcf, 0xff, 0x5b,
    0xff, 0xf3, 0x2d, 0xf8, 0x0, 0x0, 0x0, 0x0,
    0x0, 0x0, 0x0, 0x0, 0x0, 0x0, 0x0, 0x0,
    0x0, 0x3, 0x50, 0x6, 0xff, 0xd0, 0xcf, 0xff,
    0x5b, 0xff, 0xf3, 0x2d, 0xf8, 0x0,

    /* U+003B ";" */
    0x5, 0xa9, 0x10, 0x4f, 0xff, 0xd0, 0x9f, 0xff,
    0xf2, 0x7f, 0xff, 0xe0, 0x9, 0xfd, 0x40, 0x0,
    0x0, 0x0, 0x0, 0x0, 0x0, 0x0, 0x0, 0x0,
    0x0, 0x0, 0x0, 0x0, 0x0, 0x0, 0x5, 0x88,
    0x20, 0xc, 0xff, 0x40, 0xe, 0xff, 0x0, 0xf,
    0xfd, 0x0, 0x2f, 0xf9, 0x0, 0x4f, 0xf5, 0x0,
    0x5f, 0xf2, 0x0, 0x6f, 0xe0, 0x0,

    /* U+003C "<" */
    0x0, 0x0, 0x0, 0x0, 0x0, 0x0, 0x57, 0x0,
    0x0, 0x0, 0x0, 0x0, 0x6d, 0xfb, 0x0, 0x0,
    0x0, 0x0, 0x7e, 0xff, 0xfb, 0x0, 0x0, 0x1,
    0x8f, 0xff, 0xff, 0xf8, 0x0, 0x2, 0x9f, 0xff,
    0xff, 0xe8, 0x10, 0x3, 0xaf, 0xff, 0xff, 0xd6,
    0x0, 0x0, 0xf, 0xff, 0xff, 0xb4, 0x0, 0x0,
    0x0, 0xf, 0xff, 0xe3, 0x0, 0x0, 0x0, 0x0,
    0xf, 0xff, 0xff, 0x82, 0x0, 0x0, 0x0, 0x6,
    0xdf, 0xff, 0xff, 0xa3, 0x0, 0x0, 0x0, 0x5,
    0xcf, 0xff, 0xff, 0xc5, 0x0, 0x0, 0x0, 0x4,
    0xbf, 0xff, 0xff, 0xe6, 0x0, 0x0, 0x0, 0x3,
    0xaf, 0xff, 0xfb, 0x0, 0x0, 0x0, 0x0, 0x2,
    0x9f, 0xfb, 0x0, 0x0, 0x0, 0x0, 0x0, 0x1,
    0x89,

    /* U+003D "=" */
    0x0, 0x11, 0x11, 0x11, 0x11, 0x11, 0x10, 0xf,
    0xff, 0xff, 0xff, 0xff, 0xff, 0xfb, 0xf, 0xff,
    0xff, 0xff, 0xff, 0xff, 0xfb, 0xf, 0xff, 0xff,
    0xff, 0xff, 0xff, 0xfb, 0x0, 0x0, 0x0, 0x0,
    0x0, 0x0, 0x0, 0x0, 0x0, 0x0, 0x0, 0x0,
    0x0, 0x0, 0x0, 0x11, 0x11, 0x11, 0x11, 0x11,
    0x10, 0xf, 0xff, 0xff, 0xff, 0xff, 0xff, 0xfb,
    0xf, 0xff, 0xff, 0xff, 0xff, 0xff, 0xfb, 0xf,
    0xff, 0xff, 0xff, 0xff, 0xff, 0xfb,

    /* U+003E ">" */
    0x9, 0x20, 0x0, 0x0, 0x0, 0x0, 0x0, 0xf,
    0xfb, 0x30, 0x0, 0x0, 0x0, 0x0, 0xf, 0xff,
    0xfc, 0x50, 0x0, 0x0, 0x0, 0xc, 0xff, 0xff,
    0xfd, 0x60, 0x0, 0x0, 0x0, 0x3a, 0xff, 0xff,
    0xfe, 0x70, 0x0, 0x0, 0x0, 0x28, 0xef, 0xff,
    0xff, 0x81, 0x0, 0x0, 0x0, 0x6, 0xdf, 0xff,
    0xfb, 0x0, 0x0, 0x0, 0x0, 0x6, 0xff, 0xfb,
    0x0, 0x0, 0x0, 0x4, 0xbf, 0xff, 0xfb, 0x0,
    0x0, 0x5, 0xcf, 0xff, 0xff, 0xb3, 0x0, 0x17,
    0xef, 0xff, 0xff, 0xa3, 0x0, 0x9, 0xff, 0xff,
    0xff, 0x92, 0x0, 0x0, 0xf, 0xff, 0xfe, 0x81,
    0x0, 0x0, 0x0, 0xf, 0xfe, 0x70, 0x0, 0x0,
    0x0, 0x0, 0xc, 0x50, 0x0, 0x0, 0x0, 0x0,
    0x0,

    /* U+003F "?" */
    0x0, 0x0, 0x5b, 0xef, 0xec, 0x70, 0x0, 0x0,
    0x1c, 0xff, 0xff, 0xff, 0xfd, 0x20, 0x0, 0xdf,
    0xff, 0xff, 0xff, 0xff, 0xe1, 0x7, 0xff, 0xfe,
    0x75, 0x7e, 0xff, 0xf8, 0xd, 0xff, 0xe1, 0x0,
    0x1, 0xef, 0xfd, 0xf, 0xff, 0x80, 0x0, 0x0,
    0xaf, 0xff, 0xf, 0xff, 0x60, 0x0, 0x0, 0xaf,
    0xfe, 0x0, 0x0, 0x0, 0x0, 0x1, 0xff, 0xfb,
    0x0, 0x0, 0x0, 0x0, 0x1d, 0xff, 0xf5, 0x0,
    0x0, 0x0, 0x3, 0xef, 0xff, 0xa0, 0x0, 0x0,
    0x0, 0x4f, 0xff, 0xf9, 0x0, 0x0, 0x0, 0x2,
    0xff, 0xff, 0x60, 0x0, 0x0, 0x0, 0x9, 0xff,
    0xf4, 0x0, 0x0, 0x0, 0x0, 0xb, 0xff, 0xc0,
    0x0, 0x0, 0x0, 0x0, 0xc, 0xff, 0xb0, 0x0,
    0x0, 0x0, 0x0, 0x3, 0x55, 0x30, 0x0, 0x0,
    0x0, 0x0, 0x0, 0x0, 0x0, 0x0, 0x0, 0x0,
    0x0, 0x0, 0x43, 0x0, 0x0, 0x0, 0x0, 0x0,
    0xc, 0xff, 0x70, 0x0, 0x0, 0x0, 0x0, 0x3f,
    0xff, 0xe0, 0x0, 0x0, 0x0, 0x0, 0x2f, 0xff,
    0xd0, 0x0, 0x0, 0x0, 0x0, 0x7, 0xed, 0x30,
    0x0, 0x0,

    /* U+0040 "@" */
    0x0, 0x0, 0x0, 0x0, 0x49, 0xce, 0xff, 0xda,
    0x50, 0x0, 0x0, 0x0, 0x0, 0x0, 0x5, 0xdf,
    0xff, 0xff, 0xff, 0xff, 0xd3, 0x0, 0x0, 0x0,
    0x0, 0xa, 0xff, 0xfc, 0x86, 0x56, 0x8d, 0xff,
    0xf6, 0x0, 0x0, 0x0, 0x1c, 0xff, 0xb2, 0x0,
    0x0, 0x0, 0x5, 0xef, 0xf4, 0x0, 0x0, 0xc,
    0xff, 0x60, 0x0, 0x0, 0x0, 0x0, 0x2, 0xef,
    0xe0, 0x0, 0x8, 0xff, 0x60, 0x0, 0x0, 0x0,
    0x0, 0x0, 0x4, 0xff, 0x70, 0x2, 0xff, 0x90,
    0x0, 0x2a, 0xee, 0xa8, 0xfe, 0x0, 0xd, 0xfc,
    0x0, 0x8f, 0xf1, 0x0, 0x4f, 0xff, 0xff, 0xff,
    0xd0, 0x0, 0x8f, 0xf0, 0xe, 0xf9, 0x0, 0xd,
    0xfd, 0x42, 0xaf, 0xfb, 0x0, 0x6, 0xff, 0x23,
    0xff, 0x40, 0x4, 0xff, 0x20, 0x1, 0xff, 0x90,
    0x0, 0x5f, 0xf2, 0x6f, 0xf1, 0x0, 0x8f, 0xc0,
    0x0, 0xf, 0xf7, 0x0, 0x6, 0xff, 0x18, 0xff,
    0x0, 0xb, 0xf9, 0x0, 0x1, 0xff, 0x50, 0x0,
    0x8f, 0xf0, 0x9f, 0xd0, 0x0, 0xdf, 0x70, 0x0,
    0x4f, 0xf3, 0x0, 0xc, 0xfc, 0x9, 0xfe, 0x0,
    0xd, 0xf8, 0x0, 0x9, 0xff, 0x40, 0x2, 0xff,
    0x70, 0x7f, 0xf0, 0x0, 0xbf, 0xe3, 0x6, 0xff,
    0xfb, 0x12, 0xdf, 0xf1, 0x5, 0xff, 0x30, 0x5,
    0xff, 0xff, 0xff, 0xff, 0xff, 0xff, 0xf5, 0x0,
    0x1f, 0xf8, 0x0, 0x6, 0xef, 0xff, 0x71, 0xbf,
    0xff, 0xe5, 0x0, 0x0, 0xbf, 0xe1, 0x0, 0x0,
    0x23, 0x0, 0x0, 0x13, 0x20, 0x0, 0x0, 0x4,
    0xff, 0xb0, 0x0, 0x0, 0x0, 0x0, 0x0, 0x0,
    0x0, 0x0, 0x0, 0x9, 0xff, 0xd3, 0x0, 0x0,
    0x0, 0x18, 0x40, 0x0, 0x0, 0x0, 0x0, 0xb,
    0xff, 0xfc, 0x86, 0x68, 0xbf, 0xfe, 0x10, 0x0,
    0x0, 0x0, 0x0, 0x8, 0xff, 0xff, 0xff, 0xff,
    0xff, 0x80, 0x0, 0x0, 0x0, 0x0, 0x0, 0x1,
    0x7c, 0xef, 0xfd, 0xa6, 0x10, 0x0, 0x0, 0x0,
    0x0,

    /* U+0041 "A" */
    0x0, 0x0, 0x0, 0x9, 0xff, 0xff, 0x0, 0x0,
    0x0, 0x0, 0x0, 0x0, 0x0, 0xef, 0xff, 0xf5,
    0x0, 0x0, 0x0, 0x0, 0x0, 0x0, 0x3f, 0xff,
    0xff, 0xa0, 0x0, 0x0, 0x0, 0x0, 0x0, 0x8,
    0xff, 0xff, 0xfe, 0x0, 0x0, 0x0, 0x0, 0x0,
    0x0, 0xdf, 0xfe, 0xff, 0xf4, 0x0, 0x0, 0x0,
    0x0, 0x0, 0x2f, 0xff, 0x5f, 0xff, 0x90, 0x0,
    0x0, 0x0, 0x0, 0x7, 0xff, 0xf1, 0xaf, 0xfd,
    0x0, 0x0, 0x0, 0x0, 0x0, 0xcf, 0xfc, 0x6,
    0xff, 0xf2, 0x0, 0x0, 0x0, 0x0, 0x1f, 0xff,
    0x70, 0x1f, 0xff, 0x70, 0x0, 0x0, 0x0, 0x6,
    0xff, 0xf2, 0x0, 0xcf, 0xfc, 0x0, 0x0, 0x0,
    0x0, 0xaf, 0xfd, 0x0, 0x7, 0xff, 0xf1, 0x0,
    0x0, 0x0, 0xf, 0xff, 0x90, 0x0, 0x2f, 0xff,
    0x60, 0x0, 0x0, 0x4, 0xff, 0xf4, 0x0, 0x0,
    0xef, 0xfb, 0x0, 0x0, 0x0, 0x9f, 0xff, 0x0,
    0x0, 0x9, 0xff, 0xf0, 0x0, 0x0, 0xe, 0xff,
    0xb0, 0x0, 0x0, 0x4f, 0xff, 0x50, 0x0, 0x3,
    0xff, 0xfe, 0xcc, 0xcc, 0xcd, 0xff, 0xfa, 0x0,
    0x0, 0x8f, 0xff, 0xff, 0xff, 0xff, 0xff, 0xff,
    0xf0, 0x0, 0xd, 0xff, 0xff, 0xff, 0xff, 0xff,
    0xff, 0xff, 0x40, 0x2, 0xff, 0xf8, 0x0, 0x0,
    0x0, 0x1, 0xff, 0xf9, 0x0, 0x7f, 0xff, 0x30,
    0x0, 0x0, 0x0, 0xc, 0xff, 0xe0, 0xb, 0xff,
    0xe0, 0x0, 0x0, 0x0, 0x0, 0x8f, 0xff, 0x30,
    0xff, 0xfa, 0x0, 0x0, 0x0, 0x0, 0x3, 0xff,
    0xf7,

    /* U+0042 "B" */
    0xcf, 0xff, 0xff, 0xff, 0xfe, 0xa5, 0x0, 0xd,
    0xff, 0xff, 0xff, 0xff, 0xff, 0xfc, 0x10, 0xdf,
    0xff, 0xff, 0xff, 0xff, 0xff, 0xfc, 0xd, 0xff,
    0xb1, 0x11, 0x12, 0x6e, 0xff, 0xf4, 0xdf, 0xfa,
    0x0, 0x0, 0x0, 0x3f, 0xff, 0x8d, 0xff, 0xa0,
    0x0, 0x0, 0x0, 0xdf, 0xfa, 0xdf, 0xfa, 0x0,
    0x0, 0x0, 0xc, 0xff, 0x9d, 0xff, 0xa0, 0x0,
    0x0, 0x1, 0xff, 0xf7, 0xdf, 0xfa, 0x0, 0x0,
    0x4, 0xdf, 0xff, 0x1d, 0xff, 0xff, 0xff, 0xff,
    0xff, 0xff, 0x50, 0xdf, 0xff, 0xff, 0xff, 0xff,
    0xff, 0x30, 0xd, 0xff, 0xff, 0xff, 0xff, 0xff,
    0xfd, 0x30, 0xdf, 0xfa, 0x0, 0x0, 0x14, 0xdf,
    0xfe, 0x1d, 0xff, 0xa0, 0x0, 0x0, 0x1, 0xff,
    0xf8, 0xdf, 0xfa, 0x0, 0x0, 0x0, 0xa, 0xff,
    0xdd, 0xff, 0xa0, 0x0, 0x0, 0x0, 0x8f, 0xfe,
    0xdf, 0xfa, 0x0, 0x0, 0x0, 0xa, 0xff, 0xed,
    0xff, 0xa0, 0x0, 0x0, 0x2, 0xff, 0xfc, 0xdf,
    0xfb, 0x11, 0x11, 0x26, 0xef, 0xff, 0x7d, 0xff,
    0xff, 0xff, 0xff, 0xff, 0xff, 0xd0, 0xdf, 0xff,
    0xff, 0xff, 0xff, 0xff, 0xd2, 0xc, 0xff, 0xff,
    0xff, 0xff, 0xeb, 0x50, 0x0,

    /* U+0043 "C" */
    0x0, 0x0, 0x28, 0xde, 0xfd, 0xb5, 0x0, 0x0,
    0x0, 0x8, 0xff, 0xff, 0xff, 0xff, 0xd3, 0x0,
    0x0, 0xaf, 0xff, 0xff, 0xff, 0xff, 0xff, 0x20,
    0x6, 0xff, 0xfe, 0x62, 0x14, 0xbf, 0xff, 0xd0,
    0xd, 0xff, 0xe1, 0x0, 0x0, 0x9, 0xff, 0xf4,
    0x1f, 0xff, 0x70, 0x0, 0x0, 0x1, 0xff, 0xf8,
    0x3f, 0xff, 0x30, 0x0, 0x0, 0x0, 0xdf, 0xfa,
    0x4f, 0xff, 0x20, 0x0, 0x0, 0x0, 0x46, 0x63,
    0x5f, 0xff, 0x20, 0x0, 0x0, 0x0, 0x0, 0x0,
    0x5f, 0xff, 0x20, 0x0, 0x0, 0x0, 0x0, 0x0,
    0x5f, 0xff, 0x20, 0x0, 0x0, 0x0, 0x0, 0x0,
    0x5f, 0xff, 0x20, 0x0, 0x0, 0x0, 0x0, 0x0,
    0x5f, 0xff, 0x20, 0x0, 0x0, 0x0, 0x0, 0x0,
    0x5f, 0xff, 0x20, 0x0, 0x0, 0x0, 0x0, 0x0,
    0x4f, 0xff, 0x20, 0x0, 0x0, 0x0, 0x35, 0x53,
    0x3f, 0xff, 0x30, 0x0, 0x0, 0x0, 0xcf, 0xfa,
    0x1f, 0xff, 0x70, 0x0, 0x0, 0x0, 0xff, 0xf8,
    0xc, 0xff, 0xe1, 0x0, 0x0, 0x9, 0xff, 0xf3,
    0x5, 0xff, 0xfe, 0x62, 0x14, 0xbf, 0xff, 0xd0,
    0x0, 0xaf, 0xff, 0xff, 0xff, 0xff, 0xff, 0x20,
    0x0, 0x8, 0xff, 0xff, 0xff, 0xff, 0xd3, 0x0,
    0x0, 0x0, 0x28, 0xde, 0xfd, 0xb5, 0x0, 0x0,

    /* U+0044 "D" */
    0xcf, 0xff, 0xff, 0xff, 0xed, 0x93, 0x0, 0x0,
    0xdf, 0xff, 0xff, 0xff, 0xff, 0xff, 0x90, 0x0,
    0xdf, 0xff, 0xff, 0xff, 0xff, 0xff, 0xfa, 0x0,
    0xdf, 0xfb, 0x11, 0x11, 0x26, 0xef, 0xff, 0x50,
    0xdf, 0xfa, 0x0, 0x0, 0x0, 0x3f, 0xff, 0xb0,
    0xdf, 0xfa, 0x0, 0x0, 0x0, 0xb, 0xff, 0xe0,
    0xdf, 0xfa, 0x0, 0x0, 0x0, 0x8, 0xff, 0xf0,
    0xdf, 0xfa, 0x0, 0x0, 0x0, 0x7, 0xff, 0xf0,
    0xdf, 0xfa, 0x0, 0x0, 0x0, 0x7, 0xff, 0xf0,
    0xdf, 0xfa, 0x0, 0x0, 0x0, 0x7, 0xff, 0xf0,
    0xdf, 0xfa, 0x0, 0x0, 0x0, 0x7, 0xff, 0xf0,
    0xdf, 0xfa, 0x0, 0x0, 0x0, 0x7, 0xff, 0xf0,
    0xdf, 0xfa, 0x0, 0x0, 0x0, 0x7, 0xff, 0xf0,
    0xdf, 0xfa, 0x0, 0x0, 0x0, 0x7, 0xff, 0xf0,
    0xdf, 0xfa, 0x0, 0x0, 0x0, 0x7, 0xff, 0xf0,
    0xdf, 0xfa, 0x0, 0x0, 0x0, 0x8, 0xff, 0xf0,
    0xdf, 0xfa, 0x0, 0x0, 0x0, 0xb, 0xff, 0xe0,
    0xdf, 0xfa, 0x0, 0x0, 0x0, 0x4f, 0xff, 0xb0,
    0xdf, 0xfb, 0x11, 0x11, 0x26, 0xef, 0xff, 0x50,
    0xdf, 0xff, 0xff, 0xff, 0xff, 0xff, 0xfa, 0x0,
    0xdf, 0xff, 0xff, 0xff, 0xff, 0xff, 0xa0, 0x0,
    0xcf, 0xff, 0xff, 0xff, 0xfd, 0x93, 0x0, 0x0,

    /* U+0045 "E" */
    0xcf, 0xff, 0xff, 0xff, 0xff, 0xff, 0xff, 0x5d,
    0xff, 0xff, 0xff, 0xff, 0xff, 0xff, 0xf6, 0xdf,
    0xff, 0xff, 0xff, 0xff, 0xff, 0xff, 0x6d, 0xff,
    0xb1, 0x11, 0x11, 0x11, 0x11, 0x10, 0xdf, 0xfa,
    0x0, 0x0, 0x0, 0x0, 0x0, 0xd, 0xff, 0xa0,
    0x0, 0x0, 0x0, 0x0, 0x0, 0xdf, 0xfa, 0x0,
    0x0, 0x0, 0x0, 0x0, 0xd, 0xff, 0xa0, 0x0,
    0x0, 0x0, 0x0, 0x0, 0xdf, 0xfa, 0x0, 0x0,
    0x0, 0x0, 0x0, 0xd, 0xff, 0xb1, 0x11, 0x11,
    0x11, 0x0, 0x0, 0xdf, 0xff, 0xff, 0xff, 0xff,
    0xf0, 0x0, 0xd, 0xff, 0xff, 0xff, 0xff, 0xff,
    0x0, 0x0, 0xdf, 0xff, 0xff, 0xff, 0xff, 0xf0,
    0x0, 0xd, 0xff, 0xa0, 0x0, 0x0, 0x0, 0x0,
    0x0, 0xdf, 0xfa, 0x0, 0x0, 0x0, 0x0, 0x0,
    0xd, 0xff, 0xa0, 0x0, 0x0, 0x0, 0x0, 0x0,
    0xdf, 0xfa, 0x0, 0x0, 0x0, 0x0, 0x0, 0xd,
    0xff, 0xa0, 0x0, 0x0, 0x0, 0x0, 0x0, 0xdf,
    0xfb, 0x11, 0x11, 0x11, 0x11, 0x11, 0xd, 0xff,
    0xff, 0xff, 0xff, 0xff, 0xff, 0xf6, 0xdf, 0xff,
    0xff, 0xff, 0xff, 0xff, 0xff, 0x6c, 0xff, 0xff,
    0xff, 0xff, 0xff, 0xff, 0xf5,

    /* U+0046 "F" */
    0xcf, 0xff, 0xff, 0xff, 0xff, 0xff, 0xff, 0x5d,
    0xff, 0xff, 0xff, 0xff, 0xff, 0xff, 0xf6, 0xdf,
    0xff, 0xff, 0xff, 0xff, 0xff, 0xff, 0x5d, 0xff,
    0xb1, 0x11, 0x11, 0x11, 0x11, 0x10, 0xdf, 0xfa,
    0x0, 0x0, 0x0, 0x0, 0x0, 0xd, 0xff, 0xa0,
    0x0, 0x0, 0x0, 0x0, 0x0, 0xdf, 0xfa, 0x0,
    0x0, 0x0, 0x0, 0x0, 0xd, 0xff, 0xa0, 0x0,
    0x0, 0x0, 0x0, 0x0, 0xdf, 0xfa, 0x0, 0x0,
    0x0, 0x0, 0x0, 0xd, 0xff, 0xb1, 0x11, 0x11,
    0x11, 0x0, 0x0, 0xdf, 0xff, 0xff, 0xff, 0xff,
    0xf0, 0x0, 0xd, 0xff, 0xff, 0xff, 0xff, 0xff,
    0x0, 0x0, 0xdf, 0xff, 0xff, 0xff, 0xff, 0xf0,
    0x0, 0xd, 0xff, 0xa0, 0x0, 0x0, 0x0, 0x0,
    0x0, 0xdf, 0xfa, 0x0, 0x0, 0x0, 0x0, 0x0,
    0xd, 0xff, 0xa0, 0x0, 0x0, 0x0, 0x0, 0x0,
    0xdf, 0xfa, 0x0, 0x0, 0x0, 0x0, 0x0, 0xd,
    0xff, 0xa0, 0x0, 0x0, 0x0, 0x0, 0x0, 0xdf,
    0xfa, 0x0, 0x0, 0x0, 0x0, 0x0, 0xd, 0xff,
    0xa0, 0x0, 0x0, 0x0, 0x0, 0x0, 0xdf, 0xfa,
    0x0, 0x0, 0x0, 0x0, 0x0, 0xc, 0xff, 0xa0,
    0x0, 0x0, 0x0, 0x0, 0x0,

    /* U+0047 "G" */
    0x0, 0x0, 0x28, 0xce, 0xfd, 0xb5, 0x0, 0x0,
    0x0, 0x8, 0xff, 0xff, 0xff, 0xff, 0xd3, 0x0,
    0x0, 0xaf, 0xff, 0xff, 0xff, 0xff, 0xff, 0x20,
    0x5, 0xff, 0xfe, 0x62, 0x14, 0xbf, 0xff, 0xd0,
    0xc, 0xff, 0xe2, 0x0, 0x0, 0x9, 0xff, 0xf4,
    0x1f, 0xff, 0x70, 0x0, 0x0, 0x0, 0xff, 0xf8,
    0x3f, 0xff, 0x30, 0x0, 0x0, 0x0, 0xcf, 0xfa,
    0x4f, 0xff, 0x20, 0x0, 0x0, 0x0, 0x24, 0x42,
    0x5f, 0xff, 0x20, 0x0, 0x0, 0x0, 0x0, 0x0,
    0x5f, 0xff, 0x20, 0x0, 0x0, 0x0, 0x0, 0x0,
    0x5f, 0xff, 0x20, 0x0, 0xef, 0xff, 0xff, 0xfa,
    0x5f, 0xff, 0x20, 0x0, 0xff, 0xff, 0xff, 0xfb,
    0x5f, 0xff, 0x20, 0x0, 0xff, 0xff, 0xff, 0xfb,
    0x5f, 0xff, 0x20, 0x0, 0x0, 0x0, 0xcf, 0xfb,
    0x4f, 0xff, 0x20, 0x0, 0x0, 0x0, 0xcf, 0xfa,
    0x3f, 0xff, 0x30, 0x0, 0x0, 0x0, 0xcf, 0xf9,
    0x1f, 0xff, 0x70, 0x0, 0x0, 0x0, 0xff, 0xf7,
    0xc, 0xff, 0xe2, 0x0, 0x0, 0x7, 0xff, 0xf2,
    0x5, 0xff, 0xfe, 0x72, 0x24, 0xaf, 0xff, 0xb0,
    0x0, 0xaf, 0xff, 0xff, 0xff, 0xff, 0xfe, 0x20,
    0x0, 0x8, 0xff, 0xff, 0xff, 0xff, 0xd2, 0x0,
    0x0, 0x0, 0x28, 0xde, 0xfe, 0xb6, 0x0, 0x0,

    /* U+0048 "H" */
    0xcf, 0xfa, 0x0, 0x0, 0x0, 0x5, 0xff, 0xf1,
    0xdf, 0xfa, 0x0, 0x0, 0x0, 0x6, 0xff, 0xf1,
    0xdf, 0xfa, 0x0, 0x0, 0x0, 0x6, 0xff, 0xf1,
    0xdf, 0xfa, 0x0, 0x0, 0x0, 0x6, 0xff, 0xf1,
    0xdf, 0xfa, 0x0, 0x0, 0x0, 0x6, 0xff, 0xf1,
    0xdf, 0xfa, 0x0, 0x0, 0x0, 0x6, 0xff, 0xf1,
    0xdf, 0xfa, 0x0, 0x0, 0x0, 0x6, 0xff, 0xf1,
    0xdf, 0xfa, 0x0, 0x0, 0x0, 0x6, 0xff, 0xf1,
    0xdf, 0xfa, 0x0, 0x0, 0x0, 0x6, 0xff, 0xf1,
    0xdf, 0xfb, 0x11, 0x11, 0x11, 0x17, 0xff, 0xf1,
    0xdf, 0xff, 0xff, 0xff, 0xff, 0xff, 0xff, 0xf1,
    0xdf, 0xff, 0xff, 0xff, 0xff, 0xff, 0xff, 0xf1,
    0xdf, 0xff, 0xff, 0xff, 0xff, 0xff, 0xff, 0xf1,
    0xdf, 0xfa, 0x0, 0x0, 0x0, 0x6, 0xff, 0xf1,
    0xdf, 0xfa, 0x0, 0x0, 0x0, 0x6, 0xff, 0xf1,
    0xdf, 0xfa, 0x0, 0x0, 0x0, 0x6, 0xff, 0xf1,
    0xdf, 0xfa, 0x0, 0x0, 0x0, 0x6, 0xff, 0xf1,
    0xdf, 0xfa, 0x0, 0x0, 0x0, 0x6, 0xff, 0xf1,
    0xdf, 0xfa, 0x0, 0x0, 0x0, 0x6, 0xff, 0xf1,
    0xdf, 0xfa, 0x0, 0x0, 0x0, 0x6, 0xff, 0xf1,
    0xdf, 0xfa, 0x0, 0x0, 0x0, 0x6, 0xff, 0xf1,
    0xcf, 0xfa, 0x0, 0x0, 0x0, 0x5, 0xff, 0xf1,

    /* U+0049 "I" */
    0xcf, 0xfa, 0xdf, 0xfa, 0xdf, 0xfa, 0xdf, 0xfa,
    0xdf, 0xfa, 0xdf, 0xfa, 0xdf, 0xfa, 0xdf, 0xfa,
    0xdf, 0xfa, 0xdf, 0xfa, 0xdf, 0xfa, 0xdf, 0xfa,
    0xdf, 0xfa, 0xdf, 0xfa, 0xdf, 0xfa, 0xdf, 0xfa,
    0xdf, 0xfa, 0xdf, 0xfa, 0xdf, 0xfa, 0xdf, 0xfa,
    0xdf, 0xfa, 0xcf, 0xfa,

    /* U+004A "J" */
    0x0, 0x0, 0x0, 0x0, 0x0, 0x2, 0xff, 0xf3,
    0x0, 0x0, 0x0, 0x0, 0x0, 0x3, 0xff, 0xf3,
    0x0, 0x0, 0x0, 0x0, 0x0, 0x3, 0xff, 0xf3,
    0x0, 0x0, 0x0, 0x0, 0x0, 0x3, 0xff, 0xf3,
    0x0, 0x0, 0x0, 0x0, 0x0, 0x3, 0xff, 0xf3,
    0x0, 0x0, 0x0, 0x0, 0x0, 0x3, 0xff, 0xf3,
    0x0, 0x0, 0x0, 0x0, 0x0, 0x3, 0xff, 0xf3,
    0x0, 0x0, 0x0, 0x0, 0x0, 0x3, 0xff, 0xf3,
    0x0, 0x0, 0x0, 0x0, 0x0, 0x3, 0xff, 0xf3,
    0x0, 0x0, 0x0, 0x0, 0x0, 0x3, 0xff, 0xf3,
    0x0, 0x0, 0x0, 0x0, 0x0, 0x3, 0xff, 0xf3,
    0x0, 0x0, 0x0, 0x0, 0x0, 0x3, 0xff, 0xf3,
    0x14, 0x44, 0x0, 0x0, 0x0, 0x3, 0xff, 0xf3,
    0x5f, 0xff, 0x20, 0x0, 0x0, 0x3, 0xff, 0xf3,
    0x5f, 0xff, 0x20, 0x0, 0x0, 0x3, 0xff, 0xf3,
    0x4f, 0xff, 0x20, 0x0, 0x0, 0x3, 0xff, 0xf3,
    0x3f, 0xff, 0x50, 0x0, 0x0, 0x7, 0xff, 0xf1,
    0xe, 0xff, 0xd0, 0x0, 0x0, 0x1e, 0xff, 0xd0,
    0x8, 0xff, 0xfd, 0x52, 0x26, 0xef, 0xff, 0x60,
    0x0, 0xdf, 0xff, 0xff, 0xff, 0xff, 0xfb, 0x0,
    0x0, 0x1b, 0xff, 0xff, 0xff, 0xff, 0x90, 0x0,
    0x0, 0x0, 0x4a, 0xdf, 0xfd, 0x93, 0x0, 0x0,

    /* U+004B "K" */
    0xcf, 0xfa, 0x0, 0x0, 0x0, 0x8, 0xff, 0xf5,
    0xdf, 0xfa, 0x0, 0x0, 0x0, 0x6f, 0xff, 0xa0,
    0xdf, 0xfa, 0x0, 0x0, 0x3, 0xff, 0xfd, 0x0,
    0xdf, 0xfa, 0x0, 0x0, 0x1e, 0xff, 0xf2, 0x0,
    0xdf, 0xfa, 0x0, 0x0, 0xcf, 0xff, 0x40, 0x0,
    0xdf, 0xfa, 0x0, 0x9, 0xff, 0xf8, 0x0, 0x0,
    0xdf, 0xfa, 0x0, 0x6f, 0xff, 0xb0, 0x0, 0x0,
    0xdf, 0xfa, 0x4, 0xff, 0xfe, 0x10, 0x0, 0x0,
    0xdf, 0xfa, 0x1e, 0xff, 0xf3, 0x0, 0x0, 0x0,
    0xdf, 0xfb, 0xcf, 0xff, 0xa0, 0x0, 0x0, 0x0,
    0xdf, 0xff, 0xff, 0xff, 0xf2, 0x0, 0x0, 0x0,
    0xdf, 0xff, 0xff, 0xff, 0xfc, 0x0, 0x0, 0x0,
    0xdf, 0xff, 0xf9, 0x9f, 0xff, 0x50, 0x0, 0x0,
    0xdf, 0xff, 0xb0, 0x1e, 0xff, 0xe1, 0x0, 0x0,
    0xdf, 0xfe, 0x10, 0x5, 0xff, 0xf9, 0x0, 0x0,
    0xdf, 0xfa, 0x0, 0x0, 0xcf, 0xff, 0x30, 0x0,
    0xdf, 0xfa, 0x0, 0x0, 0x2f, 0xff, 0xc0, 0x0,
    0xdf, 0xfa, 0x0, 0x0, 0x8, 0xff, 0xf6, 0x0,
    0xdf, 0xfa, 0x0, 0x0, 0x0, 0xdf, 0xff, 0x10,
    0xdf, 0xfa, 0x0, 0x0, 0x0, 0x4f, 0xff, 0xa0,
    0xdf, 0xfa, 0x0, 0x0, 0x0, 0xa, 0xff, 0xf4,
    0xcf, 0xfa, 0x0, 0x0, 0x0, 0x1, 0xef, 0xfd,

    /* U+004C "L" */
    0xcf, 0xfa, 0x0, 0x0, 0x0, 0x0, 0x0, 0xd,
    0xff, 0xa0, 0x0, 0x0, 0x0, 0x0, 0x0, 0xdf,
    0xfa, 0x0, 0x0, 0x0, 0x0, 0x0, 0xd, 0xff,
    0xa0, 0x0, 0x0, 0x0, 0x0, 0x0, 0xdf, 0xfa,
    0x0, 0x0, 0x0, 0x0, 0x0, 0xd, 0xff, 0xa0,
    0x0, 0x0, 0x0, 0x0, 0x0, 0xdf, 0xfa, 0x0,
    0x0, 0x0, 0x0, 0x0, 0xd, 0xff, 0xa0, 0x0,
    0x0, 0x0, 0x0, 0x0, 0xdf, 0xfa, 0x0, 0x0,
    0x0, 0x0, 0x0, 0xd, 0xff, 0xa0, 0x0, 0x0,
    0x0, 0x0, 0x0, 0xdf, 0xfa, 0x0, 0x0, 0x0,
    0x0, 0x0, 0xd, 0xff, 0xa0, 0x0, 0x0, 0x0,
    0x0, 0x0, 0xdf, 0xfa, 0x0, 0x0, 0x0, 0x0,
    0x0, 0xd, 0xff, 0xa0, 0x0, 0x0, 0x0, 0x0,
    0x0, 0xdf, 0xfa, 0x0, 0x0, 0x0, 0x0, 0x0,
    0xd, 0xff, 0xa0, 0x0, 0x0, 0x0, 0x0, 0x0,
    0xdf, 0xfa, 0x0, 0x0, 0x0, 0x0, 0x0, 0xd,
    0xff, 0xa0, 0x0, 0x0, 0x0, 0x0, 0x0, 0xdf,
    0xfb, 0x11, 0x11, 0x11, 0x11, 0x11, 0xd, 0xff,
    0xff, 0xff, 0xff, 0xff, 0xff, 0xf3, 0xdf, 0xff,
    0xff, 0xff, 0xff, 0xff, 0xff, 0x3c, 0xff, 0xff,
    0xff, 0xff, 0xff, 0xff, 0xf3,

    /* U+004D "M" */
    0xcf, 0xfd, 0x0, 0x0, 0x0, 0x0, 0x6, 0xff,
    0xf3, 0xdf, 0xff, 0x80, 0x0, 0x0, 0x0, 0x1f,
    0xff, 0xf4, 0xdf, 0xff, 0xf2, 0x0, 0x0, 0x0,
    0xbf, 0xff, 0xf4, 0xdf, 0xff, 0xfc, 0x0, 0x0,
    0x5, 0xff, 0xff, 0xf4, 0xdf, 0xff, 0xff, 0x60,
    0x0, 0xe, 0xff, 0xff, 0xf4, 0xdf, 0xff, 0xff,
    0xf1, 0x0, 0x9f, 0xff, 0xff, 0xf4, 0xdf, 0xfe,
    0xff, 0xfa, 0x3, 0xff, 0xfd, 0xff, 0xf4, 0xdf,
    0xfa, 0x9f, 0xff, 0x5d, 0xff, 0xe4, 0xff, 0xf4,
    0xdf, 0xfa, 0x1e, 0xff, 0xff, 0xff, 0x63, 0xff,
    0xf4, 0xdf, 0xfa, 0x5, 0xff, 0xff, 0xfc, 0x3,
    0xff, 0xf4, 0xdf, 0xfa, 0x0, 0xbf, 0xff, 0xf2,
    0x3, 0xff, 0xf4, 0xdf, 0xfa, 0x0, 0x1f, 0xff,
    0x80, 0x3, 0xff, 0xf4, 0xdf, 0xfa, 0x0, 0x6,
    0xdb, 0x0, 0x3, 0xff, 0xf4, 0xdf, 0xfa, 0x0,
    0x0, 0x0, 0x0, 0x3, 0xff, 0xf4, 0xdf, 0xfa,
    0x0, 0x0, 0x0, 0x0, 0x3, 0xff, 0xf4, 0xdf,
    0xfa, 0x0, 0x0, 0x0, 0x0, 0x3, 0xff, 0xf4,
    0xdf, 0xfa, 0x0, 0x0, 0x0, 0x0, 0x3, 0xff,
    0xf4, 0xdf, 0xfa, 0x0, 0x0, 0x0, 0x0, 0x3,
    0xff, 0xf4, 0xdf, 0xfa, 0x0, 0x0, 0x0, 0x0,
    0x3, 0xff, 0xf4, 0xdf, 0xfa, 0x0, 0x0, 0x0,
    0x0, 0x3, 0xff, 0xf4, 0xdf, 0xfa, 0x0, 0x0,
    0x0, 0x0, 0x3, 0xff, 0xf4, 0xcf, 0xfa, 0x0,
    0x0, 0x0, 0x0, 0x2, 0xff, 0xf3,

    /* U+004E "N" */
    0xcf, 0xfb, 0x0, 0x0, 0x0, 0x0, 0x8f, 0xfd,
    0xdf, 0xff, 0x50, 0x0, 0x0, 0x0, 0x9f, 0xfe,
    0xdf, 0xff, 0xe0, 0x0, 0x0, 0x0, 0x9f, 0xfe,
    0xdf, 0xff, 0xf8, 0x0, 0x0, 0x0, 0x9f, 0xfe,
    0xdf, 0xff, 0xff, 0x20, 0x0, 0x0, 0x9f, 0xfe,
    0xdf, 0xff, 0xff, 0xb0, 0x0, 0x0, 0x9f, 0xfe,
    0xdf, 0xff, 0xff, 0xf4, 0x0, 0x0, 0x9f, 0xfe,
    0xdf, 0xfa, 0xdf, 0xfd, 0x0, 0x0, 0x9f, 0xfe,
    0xdf, 0xf9, 0x4f, 0xff, 0x60, 0x0, 0x9f, 0xfe,
    0xdf, 0xf9, 0xb, 0xff, 0xe1, 0x0, 0x9f, 0xfe,
    0xdf, 0xf9, 0x2, 0xff, 0xf9, 0x0, 0x9f, 0xfe,
    0xdf, 0xfa, 0x0, 0x8f, 0xff, 0x20, 0x9f, 0xfe,
    0xdf, 0xfa, 0x0, 0xe, 0xff, 0xb0, 0x9f, 0xfe,
    0xdf, 0xfa, 0x0, 0x5, 0xff, 0xf5, 0x9f, 0xfe,
    0xdf, 0xfa, 0x0, 0x0, 0xcf, 0xfe, 0x9f, 0xfe,
    0xdf, 0xfa, 0x0, 0x0, 0x3f, 0xff, 0xff, 0xfe,
    0xdf, 0xfa, 0x0, 0x0, 0x9, 0xff, 0xff, 0xfe,
    0xdf, 0xfa, 0x0, 0x0, 0x1, 0xff, 0xff, 0xfe,
    0xdf, 0xfa, 0x0, 0x0, 0x0, 0x7f, 0xff, 0xfe,
    0xdf, 0xfa, 0x0, 0x0, 0x0, 0xd, 0xff, 0xfe,
    0xdf, 0xfa, 0x0, 0x0, 0x0, 0x4, 0xff, 0xfe,
    0xcf, 0xfa, 0x0, 0x0, 0x0, 0x0, 0xaf, 0xfd,

    /* U+004F "O" */
    0x0, 0x0, 0x28, 0xce, 0xfd, 0xb5, 0x0, 0x0,
    0x0, 0x7, 0xff, 0xff, 0xff, 0xff, 0xd3, 0x0,
    0x0, 0x8f, 0xff, 0xff, 0xff, 0xff, 0xff, 0x30,
    0x4, 0xff, 0xff, 0x72, 0x14, 0xaf, 0xff, 0xd0,
    0xb, 0xff, 0xf2, 0x0, 0x0, 0x8, 0xff, 0xf5,
    0x1f, 0xff, 0x80, 0x0, 0x0, 0x0, 0xef, 0xfb,
    0x3f, 0xff, 0x40, 0x0, 0x0, 0x0, 0xaf, 0xfd,
    0x4f, 0xff, 0x20, 0x0, 0x0, 0x0, 0x8f, 0xff,
    0x5f, 0xff, 0x20, 0x0, 0x0, 0x0, 0x8f, 0xff,
    0x5f, 0xff, 0x20, 0x0, 0x0, 0x0, 0x8f, 0xff,
    0x5f, 0xff, 0x20, 0x0, 0x0, 0x0, 0x8f, 0xff,
    0x5f, 0xff, 0x20, 0x0, 0x0, 0x0, 0x8f, 0xff,
    0x5f, 0xff, 0x20, 0x0, 0x0, 0x0, 0x8f, 0xff,
    0x5f, 0xff, 0x20, 0x0, 0x0, 0x0, 0x8f, 0xff,
    0x4f, 0xff, 0x20, 0x0, 0x0, 0x0, 0x8f, 0xfe,
    0x3f, 0xff, 0x30, 0x0, 0x0, 0x0, 0xaf, 0xfd,
    0x1f, 0xff, 0x80, 0x0, 0x0, 0x0, 0xef, 0xfb,
    0xb, 0xff, 0xf2, 0x0, 0x0, 0x8, 0xff, 0xf5,
    0x4, 0xff, 0xff, 0x72, 0x14, 0xaf, 0xff, 0xd0,
    0x0, 0x8f, 0xff, 0xff, 0xff, 0xff, 0xff, 0x30,
    0x0, 0x7, 0xff, 0xff, 0xff, 0xff, 0xd3, 0x0,
    0x0, 0x0, 0x28, 0xce, 0xfd, 0xb5, 0x0, 0x0,

    /* U+0050 "P" */
    0xff, 0xff, 0xff, 0xff, 0xfe, 0xb5, 0x0, 0xf,
    0xff, 0xff, 0xff, 0xff, 0xff, 0xfb, 0x10, 0xff,
    0xff, 0xff, 0xff, 0xff, 0xff, 0xfb, 0xf, 0xff,
    0x81, 0x11, 0x12, 0x6e, 0xff, 0xf5, 0xff, 0xf7,
    0x0, 0x0, 0x0, 0x3f, 0xff, 0xbf, 0xff, 0x70,
    0x0, 0x0, 0x0, 0xbf, 0xfd, 0xff, 0xf7, 0x0,
    0x0, 0x0, 0x8, 0xff, 0xff, 0xff, 0x70, 0x0,
    0x0, 0x0, 0xaf, 0xfe, 0xff, 0xf7, 0x0, 0x0,
    0x0, 0x1e, 0xff, 0xbf, 0xff, 0x70, 0x0, 0x0,
    0x3c, 0xff, 0xf5, 0xff, 0xff, 0xee, 0xee, 0xff,
    0xff, 0xfb, 0xf, 0xff, 0xff, 0xff, 0xff, 0xff,
    0xfb, 0x10, 0xff, 0xff, 0xff, 0xff, 0xfe, 0xb5,
    0x0, 0xf, 0xff, 0x70, 0x0, 0x0, 0x0, 0x0,
    0x0, 0xff, 0xf7, 0x0, 0x0, 0x0, 0x0, 0x0,
    0xf, 0xff, 0x70, 0x0, 0x0, 0x0, 0x0, 0x0,
    0xff, 0xf7, 0x0, 0x0, 0x0, 0x0, 0x0, 0xf,
    0xff, 0x70, 0x0, 0x0, 0x0, 0x0, 0x0, 0xff,
    0xf7, 0x0, 0x0, 0x0, 0x0, 0x0, 0xf, 0xff,
    0x70, 0x0, 0x0, 0x0, 0x0, 0x0, 0xff, 0xf7,
    0x0, 0x0, 0x0, 0x0, 0x0, 0xf, 0xff, 0x70,
    0x0, 0x0, 0x0, 0x0, 0x0,

    /* U+0051 "Q" */
    0x0, 0x0, 0x4a, 0xdf, 0xec, 0x82, 0x0, 0x0,
    0x0, 0x1b, 0xff, 0xff, 0xff, 0xff, 0x60, 0x0,
    0x0, 0xdf, 0xff, 0xff, 0xff, 0xff, 0xf7, 0x0,
    0x9, 0xff, 0xfc, 0x42, 0x27, 0xff, 0xff, 0x30,
    0x1f, 0xff, 0xc0, 0x0, 0x0, 0x3f, 0xff, 0xa0,
    0x5f, 0xff, 0x30, 0x0, 0x0, 0x9, 0xff, 0xf0,
    0x7f, 0xff, 0x0, 0x0, 0x0, 0x5, 0xff, 0xf1,
    0x9f, 0xfe, 0x0, 0x0, 0x0, 0x4, 0xff, 0xf3,
    0x9f, 0xfe, 0x0, 0x0, 0x0, 0x4, 0xff, 0xf3,
    0x9f, 0xfe, 0x0, 0x0, 0x0, 0x4, 0xff, 0xf3,
    0x9f, 0xfe, 0x0, 0x0, 0x0, 0x4, 0xff, 0xf3,
    0x9f, 0xfe, 0x0, 0x0, 0x0, 0x4, 0xff, 0xf3,
    0x9f, 0xfe, 0x0, 0x0, 0x0, 0x4, 0xff, 0xf3,
    0x9f, 0xfe, 0x0, 0x0, 0x0, 0x4, 0xff, 0xf3,
    0x9f, 0xfe, 0x0, 0x0, 0x0, 0x4, 0xff, 0xf3,
    0x8f, 0xff, 0x0, 0x0, 0x0, 0x5, 0xff, 0xf2,
    0x6f, 0xff, 0x20, 0x0, 0x0, 0x9, 0xff, 0xf0,
    0x2f, 0xff, 0xb0, 0x0, 0x0, 0x2f, 0xff, 0xc0,
    0xb, 0xff, 0xfb, 0x30, 0x15, 0xef, 0xff, 0x50,
    0x2, 0xef, 0xff, 0xff, 0xff, 0xff, 0xfa, 0x0,
    0x0, 0x2d, 0xff, 0xff, 0xff, 0xff, 0xa0, 0x0,
    0x0, 0x0, 0x6c, 0xff, 0xff, 0xa3, 0x0, 0x0,
    0x0, 0x0, 0x0, 0xef, 0xf9, 0x0, 0x0, 0x0,
    0x0, 0x0, 0x0, 0xef, 0xf9, 0x0, 0x0, 0x0,
    0x0, 0x0, 0x0, 0xef, 0xf8, 0x0, 0x0, 0x0,
    0x0, 0x0, 0x0, 0x0, 0x0, 0x0, 0x0, 0x0,

    /* U+0052 "R" */
    0xcf, 0xff, 0xff, 0xff, 0xfe, 0xc6, 0x0, 0x0,
    0xdf, 0xff, 0xff, 0xff, 0xff, 0xff, 0xc1, 0x0,
    0xdf, 0xff, 0xff, 0xff, 0xff, 0xff, 0xfc, 0x0,
    0xdf, 0xfb, 0x11, 0x11, 0x25, 0xef, 0xff, 0x50,
    0xdf, 0xfa, 0x0, 0x0, 0x0, 0x2f, 0xff, 0xb0,
    0xdf, 0xfa, 0x0, 0x0, 0x0, 0xa, 0xff, 0xe0,
    0xdf, 0xfa, 0x0, 0x0, 0x0, 0x8, 0xff, 0xf0,
    0xdf, 0xfa, 0x0, 0x0, 0x0, 0x9, 0xff, 0xf0,
    0xdf, 0xfa, 0x0, 0x0, 0x0, 0x1e, 0xff, 0xb0,
    0xdf, 0xfa, 0x0, 0x0, 0x3, 0xdf, 0xff, 0x60,
    0xdf, 0xff, 0xff, 0xff, 0xff, 0xff, 0xfb, 0x0,
    0xdf, 0xff, 0xff, 0xff, 0xff, 0xff, 0xa0, 0x0,
    0xdf, 0xff, 0xcc, 0xce, 0xff, 0xf3, 0x0, 0x0,
    0xdf, 0xfa, 0x0, 0x2, 0xff, 0xf4, 0x0, 0x0,
    0xdf, 0xfa, 0x0, 0x0, 0xbf, 0xfc, 0x0, 0x0,
    0xdf, 0xfa, 0x0, 0x0, 0x3f, 0xff, 0x40, 0x0,
    0xdf, 0xfa, 0x0, 0x0, 0xc, 0xff, 0xb0, 0x0,
    0xdf, 0xfa, 0x0, 0x0, 0x5, 0xff, 0xf3, 0x0,
    0xdf, 0xfa, 0x0, 0x0, 0x0, 0xdf, 0xfa, 0x0,
    0xdf, 0xfa, 0x0, 0x0, 0x0, 0x7f, 0xff, 0x20,
    0xdf, 0xfa, 0x0, 0x0, 0x0, 0xf, 0xff, 0x90,
    0xcf, 0xfa, 0x0, 0x0, 0x0, 0x8, 0xff, 0xf1,

    /* U+0053 "S" */
    0x0, 0x1, 0x7c, 0xef, 0xed, 0x83, 0x0, 0x0,
    0x0, 0x5f, 0xff, 0xff, 0xff, 0xff, 0xa1, 0x0,
    0x5, 0xff, 0xff, 0xff, 0xff, 0xff, 0xfc, 0x0,
    0xe, 0xff, 0xf8, 0x32, 0x37, 0xef, 0xff, 0x80,
    0x3f, 0xff, 0x60, 0x0, 0x0, 0x1d, 0xff, 0xe0,
    0x5f, 0xff, 0x10, 0x0, 0x0, 0x5, 0xff, 0xf2,
    0x5f, 0xff, 0x20, 0x0, 0x0, 0x2, 0xff, 0xf4,
    0x2f, 0xff, 0xb0, 0x0, 0x0, 0x0, 0x33, 0x30,
    0xb, 0xff, 0xfd, 0x60, 0x0, 0x0, 0x0, 0x0,
    0x1, 0xdf, 0xff, 0xfe, 0x92, 0x0, 0x0, 0x0,
    0x0, 0x1a, 0xff, 0xff, 0xff, 0xc4, 0x0, 0x0,
    0x0, 0x0, 0x2a, 0xff, 0xff, 0xff, 0xc2, 0x0,
    0x0, 0x0, 0x0, 0x16, 0xdf, 0xff, 0xfe, 0x20,
    0x0, 0x0, 0x0, 0x0, 0x4, 0xdf, 0xff, 0xc0,
    0x35, 0x52, 0x0, 0x0, 0x0, 0xb, 0xff, 0xf2,
    0xbf, 0xfa, 0x0, 0x0, 0x0, 0x2, 0xff, 0xf5,
    0xaf, 0xfd, 0x0, 0x0, 0x0, 0x2, 0xff, 0xf5,
    0x7f, 0xff, 0x60, 0x0, 0x0, 0x8, 0xff, 0xf3,
    0x1f, 0xff, 0xfb, 0x52, 0x24, 0x9f, 0xff, 0xd0,
    0x6, 0xff, 0xff, 0xff, 0xff, 0xff, 0xff, 0x40,
    0x0, 0x5e, 0xff, 0xff, 0xff, 0xff, 0xe4, 0x0,
    0x0, 0x1, 0x6b, 0xdf, 0xfe, 0xb6, 0x0, 0x0,

    /* U+0054 "T" */
    0xff, 0xff, 0xff, 0xff, 0xff, 0xff, 0xff, 0xf4,
    0xff, 0xff, 0xff, 0xff, 0xff, 0xff, 0xff, 0xf5,
    0xff, 0xff, 0xff, 0xff, 0xff, 0xff, 0xff, 0xf5,
    0x12, 0x22, 0x24, 0xff, 0xf6, 0x22, 0x22, 0x10,
    0x0, 0x0, 0x2, 0xff, 0xf5, 0x0, 0x0, 0x0,
    0x0, 0x0, 0x2, 0xff, 0xf5, 0x0, 0x0, 0x0,
    0x0, 0x0, 0x2, 0xff, 0xf5, 0x0, 0x0, 0x0,
    0x0, 0x0, 0x2, 0xff, 0xf5, 0x0, 0x0, 0x0,
    0x0, 0x0, 0x2, 0xff, 0xf5, 0x0, 0x0, 0x0,
    0x0, 0x0, 0x2, 0xff, 0xf5, 0x0, 0x0, 0x0,
    0x0, 0x0, 0x2, 0xff, 0xf5, 0x0, 0x0, 0x0,
    0x0, 0x0, 0x2, 0xff, 0xf5, 0x0, 0x0, 0x0,
    0x0, 0x0, 0x2, 0xff, 0xf5, 0x0, 0x0, 0x0,
    0x0, 0x0, 0x2, 0xff, 0xf5, 0x0, 0x0, 0x0,
    0x0, 0x0, 0x2, 0xff, 0xf5, 0x0, 0x0, 0x0,
    0x0, 0x0, 0x2, 0xff, 0xf5, 0x0, 0x0, 0x0,
    0x0, 0x0, 0x2, 0xff, 0xf5, 0x0, 0x0, 0x0,
    0x0, 0x0, 0x2, 0xff, 0xf5, 0x0, 0x0, 0x0,
    0x0, 0x0, 0x2, 0xff, 0xf5, 0x0, 0x0, 0x0,
    0x0, 0x0, 0x2, 0xff, 0xf5, 0x0, 0x0, 0x0,
    0x0, 0x0, 0x2, 0xff, 0xf5, 0x0, 0x0, 0x0,
    0x0, 0x0, 0x2, 0xff, 0xf4, 0x0, 0x0, 0x0,

    /* U+0055 "U" */
    0xff, 0xf7, 0x0, 0x0, 0x0, 0x5, 0xff, 0xf0,
    0xff, 0xf7, 0x0, 0x0, 0x0, 0x6, 0xff, 0xf1,
    0xff, 0xf7, 0x0, 0x0, 0x0, 0x6, 0xff, 0xf1,
    0xff, 0xf7, 0x0, 0x0, 0x0, 0x6, 0xff, 0xf1,
    0xff, 0xf7, 0x0, 0x0, 0x0, 0x6, 0xff, 0xf1,
    0xff, 0xf7, 0x0, 0x0, 0x0, 0x6, 0xff, 0xf1,
    0xff, 0xf7, 0x0, 0x0, 0x0, 0x6, 0xff, 0xf1,
    0xff, 0xf7, 0x0, 0x0, 0x0, 0x6, 0xff, 0xf1,
    0xff, 0xf7, 0x0, 0x0, 0x0, 0x6, 0xff, 0xf1,
    0xff, 0xf7, 0x0, 0x0, 0x0, 0x6, 0xff, 0xf1,
    0xff, 0xf7, 0x0, 0x0, 0x0, 0x6, 0xff, 0xf1,
    0xff, 0xf7, 0x0, 0x0, 0x0, 0x6, 0xff, 0xf1,
    0xff, 0xf7, 0x0, 0x0, 0x0, 0x6, 0xff, 0xf1,
    0xff, 0xf7, 0x0, 0x0, 0x0, 0x6, 0xff, 0xf1,
    0xff, 0xf7, 0x0, 0x0, 0x0, 0x6, 0xff, 0xf0,
    0xef, 0xf8, 0x0, 0x0, 0x0, 0x7, 0xff, 0xf0,
    0xcf, 0xfc, 0x0, 0x0, 0x0, 0xb, 0xff, 0xd0,
    0x7f, 0xff, 0x60, 0x0, 0x0, 0x5f, 0xff, 0x80,
    0x1e, 0xff, 0xf9, 0x31, 0x38, 0xff, 0xff, 0x20,
    0x4, 0xff, 0xff, 0xff, 0xff, 0xff, 0xf6, 0x0,
    0x0, 0x4e, 0xff, 0xff, 0xff, 0xff, 0x50, 0x0,
    0x0, 0x1, 0x6c, 0xef, 0xec, 0x71, 0x0, 0x0,

    /* U+0056 "V" */
    0xf, 0xff, 0xa0, 0x0, 0x0, 0x0, 0x4, 0xff,
    0xf5, 0xc, 0xff, 0xe0, 0x0, 0x0, 0x0, 0x8,
    0xff, 0xf1, 0x7, 0xff, 0xf3, 0x0, 0x0, 0x0,
    0xd, 0xff, 0xc0, 0x2, 0xff, 0xf7, 0x0, 0x0,
    0x0, 0x1f, 0xff, 0x70, 0x0, 0xdf, 0xfc, 0x0,
    0x0, 0x0, 0x6f, 0xff, 0x20, 0x0, 0x9f, 0xff,
    0x0, 0x0, 0x0, 0xaf, 0xfe, 0x0, 0x0, 0x4f,
    0xff, 0x50, 0x0, 0x0, 0xef, 0xf9, 0x0, 0x0,
    0xf, 0xff, 0x90, 0x0, 0x3, 0xff, 0xf4, 0x0,
    0x0, 0xa, 0xff, 0xd0, 0x0, 0x7, 0xff, 0xf0,
    0x0, 0x0, 0x6, 0xff, 0xf2, 0x0, 0xb, 0xff,
    0xa0, 0x0, 0x0, 0x1, 0xff, 0xf6, 0x0, 0xf,
    0xff, 0x60, 0x0, 0x0, 0x0, 0xcf, 0xfb, 0x0,
    0x4f, 0xff, 0x10, 0x0, 0x0, 0x0, 0x7f, 0xff,
    0x0, 0x8f, 0xfc, 0x0, 0x0, 0x0, 0x0, 0x3f,
    0xff, 0x30, 0xdf, 0xf7, 0x0, 0x0, 0x0, 0x0,
    0xe, 0xff, 0x81, 0xff, 0xf2, 0x0, 0x0, 0x0,
    0x0, 0x9, 0xff, 0xc5, 0xff, 0xe0, 0x0, 0x0,
    0x0, 0x0, 0x4, 0xff, 0xfb, 0xff, 0x90, 0x0,
    0x0, 0x0, 0x0, 0x0, 0xff, 0xff, 0xff, 0x40,
    0x0, 0x0, 0x0, 0x0, 0x0, 0xbf, 0xff, 0xff,
    0x0, 0x0, 0x0, 0x0, 0x0, 0x0, 0x6f, 0xff,
    0xfa, 0x0, 0x0, 0x0, 0x0, 0x0, 0x0, 0x1f,
    0xff, 0xf5, 0x0, 0x0, 0x0, 0x0, 0x0, 0x0,
    0xc, 0xff, 0xf1, 0x0, 0x0, 0x0,

    /* U+0057 "W" */
    0x2f, 0xff, 0x70, 0x0, 0x0, 0xb, 0xff, 0xf0,
    0x0, 0x0, 0x0, 0xff, 0xf7, 0xe, 0xff, 0xb0,
    0x0, 0x0, 0xf, 0xff, 0xf4, 0x0, 0x0, 0x4,
    0xff, 0xf4, 0xa, 0xff, 0xf0, 0x0, 0x0, 0x3f,
    0xff, 0xf8, 0x0, 0x0, 0x7, 0xff, 0xf0, 0x6,
    0xff, 0xf3, 0x0, 0x0, 0x6f, 0xff, 0xfc, 0x0,
    0x0, 0xb, 0xff, 0xc0, 0x2, 0xff, 0xf6, 0x0,
    0x0, 0xaf, 0xff, 0xff, 0x0, 0x0, 0xf, 0xff,
    0x90, 0x0, 0xef, 0xfa, 0x0, 0x0, 0xdf, 0xff,
    0xff, 0x40, 0x0, 0x3f, 0xff, 0x50, 0x0, 0xaf,
    0xfe, 0x0, 0x1, 0xff, 0xff, 0xff, 0x80, 0x0,
    0x6f, 0xff, 0x10, 0x0, 0x6f, 0xff, 0x20, 0x5,
    0xff, 0xea, 0xff, 0xb0, 0x0, 0xaf, 0xfd, 0x0,
    0x0, 0x2f, 0xff, 0x60, 0x8, 0xff, 0xb6, 0xff,
    0xf0, 0x0, 0xef, 0xf9, 0x0, 0x0, 0xe, 0xff,
    0xa0, 0xc, 0xff, 0x72, 0xff, 0xf3, 0x2, 0xff,
    0xf5, 0x0, 0x0, 0xa, 0xff, 0xd0, 0xf, 0xff,
    0x30, 0xef, 0xf7, 0x5, 0xff, 0xf1, 0x0, 0x0,
    0x6, 0xff, 0xf1, 0x3f, 0xff, 0x0, 0xbf, 0xfb,
    0x9, 0xff, 0xd0, 0x0, 0x0, 0x1, 0xff, 0xf5,
    0x7f, 0xfc, 0x0, 0x7f, 0xff, 0xd, 0xff, 0x90,
    0x0, 0x0, 0x0, 0xdf, 0xf9, 0xbf, 0xf8, 0x0,
    0x3f, 0xff, 0x4f, 0xff, 0x50, 0x0, 0x0, 0x0,
    0x9f, 0xfd, 0xef, 0xf5, 0x0, 0xf, 0xff, 0xcf,
    0xff, 0x20, 0x0, 0x0, 0x0, 0x5f, 0xff, 0xff,
    0xf1, 0x0, 0xb, 0xff, 0xff, 0xfe, 0x0, 0x0,
    0x0, 0x0, 0x1f, 0xff, 0xff, 0xd0, 0x0, 0x8,
    0xff, 0xff, 0xfa, 0x0, 0x0, 0x0, 0x0, 0xd,
    0xff, 0xff, 0xa0, 0x0, 0x4, 0xff, 0xff, 0xf6,
    0x0, 0x0, 0x0, 0x0, 0x9, 0xff, 0xff, 0x60,
    0x0, 0x0, 0xff, 0xff, 0xf2, 0x0, 0x0, 0x0,
    0x0, 0x5, 0xff, 0xff, 0x20, 0x0, 0x0, 0xcf,
    0xff, 0xe0, 0x0, 0x0, 0x0, 0x0, 0x1, 0xff,
    0xff, 0x0, 0x0, 0x0, 0x8f, 0xff, 0xa0, 0x0,
    0x0, 0x0, 0x0, 0x0, 0xcf, 0xfb, 0x0, 0x0,
    0x0, 0x4f, 0xff, 0x60, 0x0, 0x0,

    /* U+0058 "X" */
    0xd, 0xff, 0xd0, 0x0, 0x0, 0x0, 0x6, 0xff,
    0xf5, 0x5, 0xff, 0xf7, 0x0, 0x0, 0x0, 0x1e,
    0xff, 0xc0, 0x0, 0xcf, 0xff, 0x10, 0x0, 0x0,
    0x9f, 0xff, 0x30, 0x0, 0x3f, 0xff, 0xa0, 0x0,
    0x2, 0xff, 0xfa, 0x0, 0x0, 0x9, 0xff, 0xf3,
    0x0, 0xb, 0xff, 0xf2, 0x0, 0x0, 0x1, 0xff,
    0xfc, 0x0, 0x4f, 0xff, 0x80, 0x0, 0x0, 0x0,
    0x7f, 0xff, 0x50, 0xdf, 0xfe, 0x0, 0x0, 0x0,
    0x0, 0xd, 0xff, 0xe7, 0xff, 0xf6, 0x0, 0x0,
    0x0, 0x0, 0x5, 0xff, 0xff, 0xff, 0xc0, 0x0,
    0x0, 0x0, 0x0, 0x0, 0xcf, 0xff, 0xff, 0x30,
    0x0, 0x0, 0x0, 0x0, 0x0, 0x3f, 0xff, 0xfa,
    0x0, 0x0, 0x0, 0x0, 0x0, 0x0, 0x3f, 0xff,
    0xfa, 0x0, 0x0, 0x0, 0x0, 0x0, 0x0, 0xcf,
    0xff, 0xff, 0x30, 0x0, 0x0, 0x0, 0x0, 0x5,
    0xff, 0xff, 0xff, 0xc0, 0x0, 0x0, 0x0, 0x0,
    0xd, 0xff, 0xe8, 0xff, 0xf6, 0x0, 0x0, 0x0,
    0x0, 0x7f, 0xff, 0x50, 0xdf, 0xfe, 0x0, 0x0,
    0x0, 0x1, 0xff, 0xfc, 0x0, 0x4f, 0xff, 0x80,
    0x0, 0x0, 0x9, 0xff, 0xf3, 0x0, 0xb, 0xff,
    0xf2, 0x0, 0x0, 0x3f, 0xff, 0x90, 0x0, 0x2,
    0xff, 0xfa, 0x0, 0x0, 0xcf, 0xff, 0x10, 0x0,
    0x0, 0x9f, 0xff, 0x30, 0x5, 0xff, 0xf7, 0x0,
    0x0, 0x0, 0x1e, 0xff, 0xc0, 0xd, 0xff, 0xd0,
    0x0, 0x0, 0x0, 0x6, 0xff, 0xf5,

    /* U+0059 "Y" */
    0xe, 0xff, 0xc0, 0x0, 0x0, 0x0, 0xc, 0xff,
    0xe0, 0x7, 0xff, 0xf4, 0x0, 0x0, 0x0, 0x4f,
    0xff, 0x70, 0x0, 0xef, 0xfb, 0x0, 0x0, 0x0,
    0xcf, 0xfe, 0x0, 0x0, 0x7f, 0xff, 0x30, 0x0,
    0x4, 0xff, 0xf7, 0x0, 0x0, 0xe, 0xff, 0xb0,
    0x0, 0xb, 0xff, 0xe0, 0x0, 0x0, 0x7, 0xff,
    0xf2, 0x0, 0x3f, 0xff, 0x70, 0x0, 0x0, 0x1,
    0xff, 0xfa, 0x0, 0xbf, 0xfe, 0x0, 0x0, 0x0,
    0x0, 0x8f, 0xff, 0x23, 0xff, 0xf7, 0x0, 0x0,
    0x0, 0x0, 0x1f, 0xff, 0x9a, 0xff, 0xe0, 0x0,
    0x0, 0x0, 0x0, 0x8, 0xff, 0xff, 0xff, 0x70,
    0x0, 0x0, 0x0, 0x0, 0x1, 0xff, 0xff, 0xff,
    0x10, 0x0, 0x0, 0x0, 0x0, 0x0, 0x8f, 0xff,
    0xf8, 0x0, 0x0, 0x0, 0x0, 0x0, 0x0, 0x1f,
    0xff, 0xf1, 0x0, 0x0, 0x0, 0x0, 0x0, 0x0,
    0xc, 0xff, 0xb0, 0x0, 0x0, 0x0, 0x0, 0x0,
    0x0, 0xc, 0xff, 0xb0, 0x0, 0x0, 0x0, 0x0,
    0x0, 0x0, 0xc, 0xff, 0xb0, 0x0, 0x0, 0x0,
    0x0, 0x0, 0x0, 0xc, 0xff, 0xb0, 0x0, 0x0,
    0x0, 0x0, 0x0, 0x0, 0xc, 0xff, 0xb0, 0x0,
    0x0, 0x0, 0x0, 0x0, 0x0, 0xc, 0xff, 0xb0,
    0x0, 0x0, 0x0, 0x0, 0x0, 0x0, 0xc, 0xff,
    0xb0, 0x0, 0x0, 0x0, 0x0, 0x0, 0x0, 0xc,
    0xff, 0xb0, 0x0, 0x0, 0x0, 0x0, 0x0, 0x0,
    0xb, 0xff, 0xa0, 0x0, 0x0, 0x0,

    /* U+005A "Z" */
    0xdf, 0xff, 0xff, 0xff, 0xff, 0xff, 0xff, 0x4e,
    0xff, 0xff, 0xff, 0xff, 0xff, 0xff, 0xf5, 0xef,
    0xff, 0xff, 0xff, 0xff, 0xff, 0xff, 0x50, 0x11,
    0x11, 0x11, 0x11, 0x1d, 0xff, 0xf2, 0x0, 0x0,
    0x0, 0x0, 0x7, 0xff, 0xf8, 0x0, 0x0, 0x0,
    0x0, 0x2, 0xff, 0xfd, 0x0, 0x0, 0x0, 0x0,
    0x0, 0xcf, 0xff, 0x30, 0x0, 0x0, 0x0, 0x0,
    0x6f, 0xff, 0x80, 0x0, 0x0, 0x0, 0x0, 0x2f,
    0xff, 0xd0, 0x0, 0x0, 0x0, 0x0, 0xb, 0xff,
    0xf3, 0x0, 0x0, 0x0, 0x0, 0x6, 0xff, 0xf8,
    0x0, 0x0, 0x0, 0x0, 0x2, 0xff, 0xfd, 0x0,
    0x0, 0x0, 0x0, 0x0, 0xbf, 0xff, 0x30, 0x0,
    0x0, 0x0, 0x0, 0x6f, 0xff, 0x80, 0x0, 0x0,
    0x0, 0x0, 0x1f, 0xff, 0xd0, 0x0, 0x0, 0x0,
    0x0, 0xb, 0xff, 0xf3, 0x0, 0x0, 0x0, 0x0,
    0x6, 0xff, 0xf8, 0x0, 0x0, 0x0, 0x0, 0x1,
    0xff, 0xfd, 0x0, 0x0, 0x0, 0x0, 0x0, 0xaf,
    0xff, 0x51, 0x11, 0x11, 0x11, 0x11, 0xe, 0xff,
    0xff, 0xff, 0xff, 0xff, 0xff, 0xf4, 0xef, 0xff,
    0xff, 0xff, 0xff, 0xff, 0xff, 0x5d, 0xff, 0xff,
    0xff, 0xff, 0xff, 0xff, 0xf4,

    /* U+005B "[" */
    0xff, 0xff, 0xff, 0xf4, 0xff, 0xff, 0xff, 0xf5,
    0xff, 0xff, 0xff, 0xf5, 0xff, 0xf8, 0x11, 0x10,
    0xff, 0xf8, 0x0, 0x0, 0xff, 0xf8, 0x0, 0x0,
    0xff, 0xf8, 0x0, 0x0, 0xff, 0xf8, 0x0, 0x0,
    0xff, 0xf8, 0x0, 0x0, 0xff, 0xf8, 0x0, 0x0,
    0xff, 0xf8, 0x0, 0x0, 0xff, 0xf8, 0x0, 0x0,
    0xff, 0xf8, 0x0, 0x0, 0xff, 0xf8, 0x0, 0x0,
    0xff, 0xf8, 0x0, 0x0, 0xff, 0xf8, 0x0, 0x0,
    0xff, 0xf8, 0x0, 0x0, 0xff, 0xf8, 0x0, 0x0,
    0xff, 0xf8, 0x0, 0x0, 0xff, 0xf8, 0x0, 0x0,
    0xff, 0xf8, 0x0, 0x0, 0xff, 0xf8, 0x0, 0x0,
    0xff, 0xf8, 0x0, 0x0, 0xff, 0xf8, 0x0, 0x0,
    0xff, 0xf8, 0x0, 0x0, 0xff, 0xf9, 0x11, 0x10,
    0xff, 0xff, 0xff, 0xf5, 0xff, 0xff, 0xff, 0xf6,
    0xff, 0xff, 0xff, 0xf5,

    /* U+005C "\\" */
    0x1f, 0xff, 0x40, 0x0, 0x0, 0x0, 0xd, 0xff,
    0xa0, 0x0, 0x0, 0x0, 0x7, 0xff, 0xf0, 0x0,
    0x0, 0x0, 0x2, 0xff, 0xf5, 0x0, 0x0, 0x0,
    0x0, 0xcf, 0xfa, 0x0, 0x0, 0x0, 0x0, 0x6f,
    0xff, 0x0, 0x0, 0x0, 0x0, 0x1f, 0xff, 0x50,
    0x0, 0x0, 0x0, 0xb, 0xff, 0xb0, 0x0, 0x0,
    0x0, 0x6, 0xff, 0xf1, 0x0, 0x0, 0x0, 0x1,
    0xff, 0xf6, 0x0, 0x0, 0x0, 0x0, 0xbf, 0xfb,
    0x0, 0x0, 0x0, 0x0, 0x5f, 0xff, 0x10, 0x0,
    0x0, 0x0, 0xf, 0xff, 0x60, 0x0, 0x0, 0x0,
    0xa, 0xff, 0xc0, 0x0, 0x0, 0x0, 0x5, 0xff,
    0xf2, 0x0, 0x0, 0x0, 0x0, 0xff, 0xf7, 0x0,
    0x0, 0x0, 0x0, 0xaf, 0xfd, 0x0, 0x0, 0x0,
    0x0, 0x4f, 0xff, 0x20, 0x0, 0x0, 0x0, 0xe,
    0xff, 0x80, 0x0, 0x0, 0x0, 0x9, 0xff, 0xd0,
    0x0, 0x0, 0x0, 0x4, 0xff, 0xf3, 0x0, 0x0,
    0x0, 0x0, 0xef, 0xf7,

    /* U+005D "]" */
    0x3f, 0xff, 0xff, 0xff, 0x4, 0xff, 0xff, 0xff,
    0xf1, 0x3f, 0xff, 0xff, 0xff, 0x10, 0x11, 0x17,
    0xff, 0xf1, 0x0, 0x0, 0x6f, 0xff, 0x10, 0x0,
    0x6, 0xff, 0xf1, 0x0, 0x0, 0x6f, 0xff, 0x10,
    0x0, 0x6, 0xff, 0xf1, 0x0, 0x0, 0x6f, 0xff,
    0x10, 0x0, 0x6, 0xff, 0xf1, 0x0, 0x0, 0x6f,
    0xff, 0x10, 0x0, 0x6, 0xff, 0xf1, 0x0, 0x0,
    0x6f, 0xff, 0x10, 0x0, 0x6, 0xff, 0xf1, 0x0,
    0x0, 0x6f, 0xff, 0x10, 0x0, 0x6, 0xff, 0xf1,
    0x0, 0x0, 0x6f, 0xff, 0x10, 0x0, 0x6, 0xff,
    0xf1, 0x0, 0x0, 0x6f, 0xff, 0x10, 0x0, 0x6,
    0xff, 0xf1, 0x0, 0x0, 0x6f, 0xff, 0x10, 0x0,
    0x6, 0xff, 0xf1, 0x0, 0x0, 0x6f, 0xff, 0x10,
    0x0, 0x6, 0xff, 0xf1, 0x0, 0x0, 0x6f, 0xff,
    0x10, 0x11, 0x17, 0xff, 0xf1, 0x3f, 0xff, 0xff,
    0xff, 0x14, 0xff, 0xff, 0xff, 0xf1, 0x3f, 0xff,
    0xff, 0xff, 0x0,

    /* U+005E "^" */
    0x0, 0x0, 0x4, 0x88, 0x30, 0x0, 0x0, 0x0,
    0x0, 0xef, 0xfc, 0x0, 0x0, 0x0, 0x0, 0x4f,
    0xff, 0xf2, 0x0, 0x0, 0x0, 0xa, 0xff, 0xff,
    0x80, 0x0, 0x0, 0x0, 0xff, 0xde, 0xfe, 0x0,
    0x0, 0x0, 0x5f, 0xf7, 0x9f, 0xf3, 0x0, 0x0,
    0xb, 0xff, 0x23, 0xff, 0x90, 0x0, 0x1, 0xff,
    0xc0, 0xd, 0xff, 0x0, 0x0, 0x6f, 0xf7, 0x0,
    0x8f, 0xf5, 0x0, 0xc, 0xff, 0x20, 0x3, 0xff,
    0xb0, 0x2, 0xff, 0xc0, 0x0, 0xd, 0xff, 0x10,
    0x8f, 0xf7, 0x0, 0x0, 0x8f, 0xf6, 0xd, 0xff,
    0x10, 0x0, 0x2, 0xff, 0xb0,

    /* U+005F "_" */
    0x3b, 0xcc, 0xcc, 0xcc, 0xcc, 0xcc, 0xcc, 0x65,
    0xff, 0xff, 0xff, 0xff, 0xff, 0xff, 0xf9, 0x4f,
    0xff, 0xff, 0xff, 0xff, 0xff, 0xff, 0x90,

    /* U+0060 "`" */
    0xd, 0xdc, 0x10, 0x7, 0xff, 0x90, 0x0, 0xcf,
    0xf2, 0x0, 0x2f, 0xf9,

    /* U+0061 "a" */
    0x0, 0x0, 0x6b, 0xef, 0xec, 0x71, 0x0, 0x0,
    0x2, 0xdf, 0xff, 0xff, 0xff, 0xf5, 0x0, 0x0,
    0xdf, 0xff, 0xff, 0xff, 0xff, 0xf3, 0x0, 0x6f,
    0xff, 0xd4, 0x12, 0x7f, 0xff, 0xb0, 0x5, 0xbd,
    0xe2, 0x0, 0x0, 0x9f, 0xff, 0x0, 0x0, 0x0,
    0x0, 0x0, 0x7, 0xff, 0xf0, 0x0, 0x3, 0x9d,
    0xff, 0xff, 0xff, 0xff, 0x0, 0x7, 0xff, 0xff,
    0xff, 0xff, 0xff, 0xf0, 0x5, 0xff, 0xff, 0xa8,
    0x77, 0xbf, 0xff, 0x0, 0xcf, 0xfe, 0x20, 0x0,
    0x7, 0xff, 0xf0, 0xf, 0xff, 0x90, 0x0, 0x0,
    0x7f, 0xff, 0x0, 0xff, 0xf9, 0x0, 0x0, 0xc,
    0xff, 0xf0, 0xe, 0xff, 0xf3, 0x0, 0x2b, 0xff,
    0xff, 0x0, 0x9f, 0xff, 0xfe, 0xef, 0xff, 0xff,
    0xf0, 0x0, 0xcf, 0xff, 0xff, 0xff, 0xbf, 0xff,
    0x0, 0x0, 0x7c, 0xff, 0xd9, 0x26, 0xff, 0xf0,

    /* U+0062 "b" */
    0x1f, 0xff, 0x50, 0x0, 0x0, 0x0, 0x0, 0x1,
    0xff, 0xf6, 0x0, 0x0, 0x0, 0x0, 0x0, 0x1f,
    0xff, 0x60, 0x0, 0x0, 0x0, 0x0, 0x1, 0xff,
    0xf6, 0x0, 0x0, 0x0, 0x0, 0x0, 0x1f, 0xff,
    0x60, 0x0, 0x0, 0x0, 0x0, 0x1, 0xff, 0xf6,
    0x0, 0x0, 0x0, 0x0, 0x0, 0x1f, 0xff, 0x64,
    0xcf, 0xfd, 0x80, 0x0, 0x1, 0xff, 0xfb, 0xff,
    0xff, 0xff, 0xd1, 0x0, 0x1f, 0xff, 0xff, 0xff,
    0xff, 0xff, 0xd0, 0x1, 0xff, 0xff, 0xd4, 0x14,
    0xdf, 0xff, 0x60, 0x1f, 0xff, 0xf2, 0x0, 0x2,
    0xff, 0xfd, 0x1, 0xff, 0xfb, 0x0, 0x0, 0xa,
    0xff, 0xf1, 0x1f, 0xff, 0x80, 0x0, 0x0, 0x6f,
    0xff, 0x31, 0xff, 0xf7, 0x0, 0x0, 0x4, 0xff,
    0xf4, 0x1f, 0xff, 0x70, 0x0, 0x0, 0x4f, 0xff,
    0x41, 0xff, 0xf8, 0x0, 0x0, 0x6, 0xff, 0xf3,
    0x1f, 0xff, 0xb0, 0x0, 0x0, 0xaf, 0xff, 0x1,
    0xff, 0xff, 0x20, 0x0, 0x1f, 0xff, 0xc0, 0x1f,
    0xff, 0xfd, 0x41, 0x4d, 0xff, 0xf5, 0x1, 0xff,
    0xff, 0xff, 0xff, 0xff, 0xfc, 0x0, 0x1f, 0xff,
    0xcf, 0xff, 0xff, 0xfd, 0x10, 0x1, 0xff, 0xf5,
    0x4b, 0xff, 0xd7, 0x0, 0x0,

    /* U+0063 "c" */
    0x0, 0x1, 0x7c, 0xff, 0xea, 0x40, 0x0, 0x0,
    0x3e, 0xff, 0xff, 0xff, 0xfa, 0x0, 0x2, 0xff,
    0xff, 0xff, 0xff, 0xff, 0xb0, 0xb, 0xff, 0xf9,
    0x31, 0x5d, 0xff, 0xf5, 0x1f, 0xff, 0x90, 0x0,
    0x1, 0xff, 0xfb, 0x5f, 0xff, 0x30, 0x0, 0x0,
    0x9d, 0xb7, 0x7f, 0xff, 0x0, 0x0, 0x0, 0x0,
    0x0, 0x8f, 0xff, 0x0, 0x0, 0x0, 0x0, 0x0,
    0x8f, 0xff, 0x0, 0x0, 0x0, 0x0, 0x0, 0x7f,
    0xff, 0x0, 0x0, 0x0, 0x0, 0x0, 0x5f, 0xff,
    0x30, 0x0, 0x0, 0x9b, 0x95, 0x1f, 0xff, 0xa0,
    0x0, 0x2, 0xff, 0xfa, 0xa, 0xff, 0xf9, 0x32,
    0x5d, 0xff, 0xf5, 0x2, 0xef, 0xff, 0xff, 0xff,
    0xff, 0xb0, 0x0, 0x3e, 0xff, 0xff, 0xff, 0xfb,
    0x0, 0x0, 0x0, 0x7c, 0xff, 0xea, 0x40, 0x0,

    /* U+0064 "d" */
    0x0, 0x0, 0x0, 0x0, 0x0, 0x9f, 0xfc, 0x0,
    0x0, 0x0, 0x0, 0x0, 0xaf, 0xfd, 0x0, 0x0,
    0x0, 0x0, 0x0, 0xaf, 0xfd, 0x0, 0x0, 0x0,
    0x0, 0x0, 0xaf, 0xfd, 0x0, 0x0, 0x0, 0x0,
    0x0, 0xaf, 0xfd, 0x0, 0x0, 0x0, 0x0, 0x0,
    0xaf, 0xfd, 0x0, 0x2, 0x9d, 0xfe, 0xa2, 0xaf,
    0xfd, 0x0, 0x4f, 0xff, 0xff, 0xfe, 0xdf, 0xfd,
    0x2, 0xff, 0xff, 0xff, 0xff, 0xff, 0xfd, 0xa,
    0xff, 0xfb, 0x31, 0x6f, 0xff, 0xfd, 0x1f, 0xff,
    0xd0, 0x0, 0x6, 0xff, 0xfd, 0x4f, 0xff, 0x60,
    0x0, 0x0, 0xff, 0xfd, 0x7f, 0xff, 0x20, 0x0,
    0x0, 0xcf, 0xfd, 0x8f, 0xff, 0x0, 0x0, 0x0,
    0xaf, 0xfd, 0x7f, 0xff, 0x0, 0x0, 0x0, 0xaf,
    0xfd, 0x6f, 0xff, 0x20, 0x0, 0x0, 0xcf, 0xfd,
    0x4f, 0xff, 0x60, 0x0, 0x0, 0xff, 0xfd, 0xf,
    0xff, 0xc0, 0x0, 0x6, 0xff, 0xfd, 0x9, 0xff,
    0xfa, 0x32, 0x6f, 0xff, 0xfd, 0x2, 0xff, 0xff,
    0xff, 0xff, 0xff, 0xfd, 0x0, 0x3f, 0xff, 0xff,
    0xff, 0xdf, 0xfd, 0x0, 0x2, 0x9e, 0xfe, 0xa2,
    0x9f, 0xfc,

    /* U+0065 "e" */
    0x0, 0x1, 0x8d, 0xff, 0xea, 0x40, 0x0, 0x0,
    0x4e, 0xff, 0xff, 0xff, 0xfa, 0x0, 0x2, 0xff,
    0xff, 0xff, 0xff, 0xff, 0x80, 0xb, 0xff, 0xf8,
    0x22, 0x5e, 0xff, 0xf2, 0x1f, 0xff, 0x80, 0x0,
    0x2, 0xff, 0xf7, 0x5f, 0xff, 0x10, 0x0, 0x0,
    0xbf, 0xfb, 0x7f, 0xff, 0xaa, 0xaa, 0xaa, 0xef,
    0xfd, 0x7f, 0xff, 0xff, 0xff, 0xff, 0xff, 0xfe,
    0x7f, 0xff, 0xff, 0xff, 0xff, 0xff, 0xfd, 0x6f,
    0xff, 0x0, 0x0, 0x0, 0x0, 0x0, 0x3f, 0xff,
    0x30, 0x0, 0x0, 0x0, 0x0, 0xf, 0xff, 0xb0,
    0x0, 0x0, 0x5d, 0x20, 0x8, 0xff, 0xfb, 0x42,
    0x28, 0xff, 0xf3, 0x0, 0xdf, 0xff, 0xff, 0xff,
    0xff, 0xf2, 0x0, 0x1d, 0xff, 0xff, 0xff, 0xfd,
    0x30, 0x0, 0x0, 0x6b, 0xef, 0xeb, 0x60, 0x0,

    /* U+0066 "f" */
    0x0, 0x0, 0x8, 0xce, 0xff, 0x10, 0x0, 0xc,
    0xff, 0xff, 0xf2, 0x0, 0x5, 0xff, 0xff, 0xfe,
    0x10, 0x0, 0x9f, 0xff, 0x50, 0x0, 0x0, 0xb,
    0xff, 0xd0, 0x0, 0x0, 0x0, 0xcf, 0xfb, 0x0,
    0x0, 0x1f, 0xff, 0xff, 0xff, 0xff, 0x22, 0xff,
    0xff, 0xff, 0xff, 0xf3, 0x1f, 0xff, 0xff, 0xff,
    0xff, 0x30, 0x23, 0xdf, 0xfc, 0x33, 0x20, 0x0,
    0xc, 0xff, 0xb0, 0x0, 0x0, 0x0, 0xcf, 0xfb,
    0x0, 0x0, 0x0, 0xc, 0xff, 0xb0, 0x0, 0x0,
    0x0, 0xcf, 0xfb, 0x0, 0x0, 0x0, 0xc, 0xff,
    0xb0, 0x0, 0x0, 0x0, 0xcf, 0xfb, 0x0, 0x0,
    0x0, 0xc, 0xff, 0xb0, 0x0, 0x0, 0x0, 0xcf,
    0xfb, 0x0, 0x0, 0x0, 0xc, 0xff, 0xb0, 0x0,
    0x0, 0x0, 0xcf, 0xfb, 0x0, 0x0, 0x0, 0xc,
    0xff, 0xb0, 0x0, 0x0, 0x0, 0xbf, 0xfa, 0x0,
    0x0,

    /* U+0067 "g" */
    0x0, 0x3, 0xae, 0xfe, 0xa2, 0xbf, 0xfb, 0x0,
    0x6f, 0xff, 0xff, 0xff, 0xef, 0xfb, 0x4, 0xff,
    0xff, 0xff, 0xff, 0xff, 0xfb, 0xd, 0xff, 0xfa,
    0x32, 0x6f, 0xff, 0xfb, 0x3f, 0xff, 0xa0, 0x0,
    0x5, 0xff, 0xfb, 0x7f, 0xff, 0x30, 0x0, 0x0,
    0xff, 0xfb, 0x9f, 0xff, 0x0, 0x0, 0x0, 0xcf,
    0xfb, 0x9f, 0xfe, 0x0, 0x0, 0x0, 0xcf, 0xfb,
    0x9f, 0xfe, 0x0, 0x0, 0x0, 0xcf, 0xfb, 0x9f,
    0xff, 0x0, 0x0, 0x0, 0xcf, 0xfb, 0x7f, 0xff,
    0x10, 0x0, 0x0, 0xef, 0xfb, 0x4f, 0xff, 0x80,
    0x0, 0x3, 0xff, 0xfb, 0xf, 0xff, 0xf7, 0x0,
    0x3e, 0xff, 0xfb, 0x7, 0xff, 0xff, 0xff, 0xff,
    0xff, 0xfb, 0x0, 0x9f, 0xff, 0xff, 0xff, 0xef,
    0xfb, 0x0, 0x3, 0xae, 0xfe, 0xa2, 0xcf, 0xfa,
    0x0, 0x0, 0x0, 0x0, 0x0, 0xff, 0xf9, 0x0,
    0x0, 0x0, 0x0, 0x8, 0xff, 0xf5, 0x0, 0x0,
    0x55, 0x68, 0xcf, 0xff, 0xe1, 0x0, 0x2, 0xff,
    0xff, 0xff, 0xff, 0x50, 0x0, 0x2, 0xff, 0xff,
    0xff, 0xe5, 0x0, 0x0, 0x2, 0xef, 0xfe, 0xb6,
    0x10, 0x0,

    /* U+0068 "h" */
    0x1f, 0xff, 0x40, 0x0, 0x0, 0x0, 0x0, 0x2f,
    0xff, 0x50, 0x0, 0x0, 0x0, 0x0, 0x2f, 0xff,
    0x50, 0x0, 0x0, 0x0, 0x0, 0x2f, 0xff, 0x50,
    0x0, 0x0, 0x0, 0x0, 0x2f, 0xff, 0x50, 0x0,
    0x0, 0x0, 0x0, 0x2f, 0xff, 0x50, 0x0, 0x0,
    0x0, 0x0, 0x2f, 0xff, 0x54, 0xbe, 0xfd, 0x81,
    0x0, 0x2f, 0xff, 0xbf, 0xff, 0xff, 0xfe, 0x20,
    0x2f, 0xff, 0xff, 0xff, 0xff, 0xff, 0xc0, 0x2f,
    0xff, 0xfa, 0x32, 0x6f, 0xff, 0xf3, 0x2f, 0xff,
    0xc0, 0x0, 0x6, 0xff, 0xf7, 0x2f, 0xff, 0x70,
    0x0, 0x0, 0xff, 0xf8, 0x2f, 0xff, 0x50, 0x0,
    0x0, 0xff, 0xf8, 0x2f, 0xff, 0x50, 0x0, 0x0,
    0xff, 0xf8, 0x2f, 0xff, 0x50, 0x0, 0x0, 0xff,
    0xf8, 0x2f, 0xff, 0x50, 0x0, 0x0, 0xff, 0xf8,
    0x2f, 0xff, 0x50, 0x0, 0x0, 0xff, 0xf8, 0x2f,
    0xff, 0x50, 0x0, 0x0, 0xff, 0xf8, 0x2f, 0xff,
    0x50, 0x0, 0x0, 0xff, 0xf8, 0x2f, 0xff, 0x50,
    0x0, 0x0, 0xff, 0xf8, 0x2f, 0xff, 0x50, 0x0,
    0x0, 0xff, 0xf8, 0x1f, 0xff, 0x40, 0x0, 0x0,
    0xef, 0xf8,

    /* U+0069 "i" */
    0x1, 0x65, 0x0, 0xef, 0xf9, 0x3f, 0xff, 0xe2,
    0xff, 0xfc, 0x5, 0xcb, 0x20, 0x0, 0x0, 0x0,
    0x0, 0x0, 0xef, 0xf7, 0xf, 0xff, 0x80, 0xff,
    0xf8, 0xf, 0xff, 0x80, 0xff, 0xf8, 0xf, 0xff,
    0x80, 0xff, 0xf8, 0xf, 0xff, 0x80, 0xff, 0xf8,
    0xf, 0xff, 0x80, 0xff, 0xf8, 0xf, 0xff, 0x80,
    0xff, 0xf8, 0xf, 0xff, 0x80, 0xff, 0xf8, 0xe,
    0xff, 0x70,

    /* U+006A "j" */
    0x0, 0x0, 0x27, 0x40, 0x0, 0x1, 0xff, 0xf7,
    0x0, 0x5, 0xff, 0xfc, 0x0, 0x3, 0xff, 0xfa,
    0x0, 0x0, 0x7d, 0xb1, 0x0, 0x0, 0x0, 0x0,
    0x0, 0x0, 0x0, 0x0, 0x0, 0x0, 0xff, 0xf6,
    0x0, 0x0, 0xff, 0xf7, 0x0, 0x0, 0xff, 0xf7,
    0x0, 0x0, 0xff, 0xf7, 0x0, 0x0, 0xff, 0xf7,
    0x0, 0x0, 0xff, 0xf7, 0x0, 0x0, 0xff, 0xf7,
    0x0, 0x0, 0xff, 0xf7, 0x0, 0x0, 0xff, 0xf7,
    0x0, 0x0, 0xff, 0xf7, 0x0, 0x0, 0xff, 0xf7,
    0x0, 0x0, 0xff, 0xf7, 0x0, 0x0, 0xff, 0xf7,
    0x0, 0x0, 0xff, 0xf7, 0x0, 0x0, 0xff, 0xf7,
    0x0, 0x0, 0xff, 0xf7, 0x0, 0x0, 0xff, 0xf6,
    0x0, 0x3, 0xff, 0xf5, 0x1, 0x4d, 0xff, 0xf3,
    0x8f, 0xff, 0xff, 0xd0, 0x8f, 0xff, 0xff, 0x30,
    0x7f, 0xec, 0x81, 0x0,

    /* U+006B "k" */
    0x1f, 0xff, 0x40, 0x0, 0x0, 0x0, 0x0, 0x2f,
    0xff, 0x50, 0x0, 0x0, 0x0, 0x0, 0x2f, 0xff,
    0x50, 0x0, 0x0, 0x0, 0x0, 0x2f, 0xff, 0x50,
    0x0, 0x0, 0x0, 0x0, 0x2f, 0xff, 0x50, 0x0,
    0x0, 0x0, 0x0, 0x2f, 0xff, 0x50, 0x0, 0x0,
    0x0, 0x0, 0x2f, 0xff, 0x50, 0x0, 0xc, 0xff,
    0xf2, 0x2f, 0xff, 0x50, 0x0, 0xbf, 0xff, 0x60,
    0x2f, 0xff, 0x50, 0x9, 0xff, 0xf9, 0x0, 0x2f,
    0xff, 0x50, 0x7f, 0xff, 0xc0, 0x0, 0x2f, 0xff,
    0x55, 0xff, 0xfe, 0x10, 0x0, 0x2f, 0xff, 0x9f,
    0xff, 0xf7, 0x0, 0x0, 0x2f, 0xff, 0xff, 0xff,
    0xfd, 0x0, 0x0, 0x2f, 0xff, 0xff, 0xef, 0xff,
    0x40, 0x0, 0x2f, 0xff, 0xff, 0x3b, 0xff, 0xb0,
    0x0, 0x2f, 0xff, 0xf5, 0x4, 0xff, 0xf2, 0x0,
    0x2f, 0xff, 0x80, 0x0, 0xdf, 0xf9, 0x0, 0x2f,
    0xff, 0x50, 0x0, 0x7f, 0xff, 0x10, 0x2f, 0xff,
    0x50, 0x0, 0x1f, 0xff, 0x80, 0x2f, 0xff, 0x50,
    0x0, 0xa, 0xff, 0xe0, 0x2f, 0xff, 0x50, 0x0,
    0x3, 0xff, 0xf6, 0x1f, 0xff, 0x40, 0x0, 0x0,
    0xcf, 0xfc,

    /* U+006C "l" */
    0x1f, 0xff, 0x42, 0xff, 0xf5, 0x2f, 0xff, 0x52,
    0xff, 0xf5, 0x2f, 0xff, 0x52, 0xff, 0xf5, 0x2f,
    0xff, 0x52, 0xff, 0xf5, 0x2f, 0xff, 0x52, 0xff,
    0xf5, 0x2f, 0xff, 0x52, 0xff, 0xf5, 0x2f, 0xff,
    0x52, 0xff, 0xf5, 0x2f, 0xff, 0x52, 0xff, 0xf5,
    0x2f, 0xff, 0x52, 0xff, 0xf5, 0x2f, 0xff, 0x52,
    0xff, 0xf5, 0x2f, 0xff, 0x51, 0xff, 0xf4,

    /* U+006D "m" */
    0x1f, 0xff, 0x43, 0xbe, 0xfd, 0x81, 0x0, 0x4b,
    0xef, 0xd8, 0x0, 0x2, 0xff, 0xfb, 0xff, 0xff,
    0xff, 0xe1, 0x8f, 0xff, 0xff, 0xfd, 0x0, 0x2f,
    0xff, 0xff, 0xff, 0xff, 0xff, 0xdf, 0xff, 0xff,
    0xff, 0xf9, 0x2, 0xff, 0xff, 0x92, 0x28, 0xff,
    0xff, 0xf9, 0x22, 0x8f, 0xff, 0xe0, 0x2f, 0xff,
    0xb0, 0x0, 0x9, 0xff, 0xfa, 0x0, 0x0, 0xaf,
    0xff, 0x12, 0xff, 0xf6, 0x0, 0x0, 0x4f, 0xff,
    0x50, 0x0, 0x5, 0xff, 0xf2, 0x2f, 0xff, 0x50,
    0x0, 0x3, 0xff, 0xf4, 0x0, 0x0, 0x4f, 0xff,
    0x32, 0xff, 0xf5, 0x0, 0x0, 0x3f, 0xff, 0x40,
    0x0, 0x4, 0xff, 0xf3, 0x2f, 0xff, 0x50, 0x0,
    0x3, 0xff, 0xf4, 0x0, 0x0, 0x4f, 0xff, 0x32,
    0xff, 0xf5, 0x0, 0x0, 0x3f, 0xff, 0x40, 0x0,
    0x4, 0xff, 0xf3, 0x2f, 0xff, 0x50, 0x0, 0x3,
    0xff, 0xf4, 0x0, 0x0, 0x4f, 0xff, 0x32, 0xff,
    0xf5, 0x0, 0x0, 0x3f, 0xff, 0x40, 0x0, 0x4,
    0xff, 0xf3, 0x2f, 0xff, 0x50, 0x0, 0x3, 0xff,
    0xf4, 0x0, 0x0, 0x4f, 0xff, 0x32, 0xff, 0xf5,
    0x0, 0x0, 0x3f, 0xff, 0x40, 0x0, 0x4, 0xff,
    0xf3, 0x2f, 0xff, 0x50, 0x0, 0x3, 0xff, 0xf4,
    0x0, 0x0, 0x4f, 0xff, 0x31, 0xff, 0xf4, 0x0,
    0x0, 0x2f, 0xff, 0x30, 0x0, 0x3, 0xff, 0xf2,

    /* U+006E "n" */
    0x1f, 0xff, 0x44, 0xbf, 0xfd, 0x81, 0x0, 0x2f,
    0xff, 0xcf, 0xff, 0xff, 0xfe, 0x20, 0x2f, 0xff,
    0xff, 0xff, 0xff, 0xff, 0xc0, 0x2f, 0xff, 0xfa,
    0x32, 0x6f, 0xff, 0xf3, 0x2f, 0xff, 0xc0, 0x0,
    0x6, 0xff, 0xf7, 0x2f, 0xff, 0x70, 0x0, 0x0,
    0xff, 0xf8, 0x2f, 0xff, 0x50, 0x0, 0x0, 0xff,
    0xf8, 0x2f, 0xff, 0x50, 0x0, 0x0, 0xff, 0xf8,
    0x2f, 0xff, 0x50, 0x0, 0x0, 0xff, 0xf8, 0x2f,
    0xff, 0x50, 0x0, 0x0, 0xff, 0xf8, 0x2f, 0xff,
    0x50, 0x0, 0x0, 0xff, 0xf8, 0x2f, 0xff, 0x50,
    0x0, 0x0, 0xff, 0xf8, 0x2f, 0xff, 0x50, 0x0,
    0x0, 0xff, 0xf8, 0x2f, 0xff, 0x50, 0x0, 0x0,
    0xff, 0xf8, 0x2f, 0xff, 0x50, 0x0, 0x0, 0xff,
    0xf8, 0x1f, 0xff, 0x40, 0x0, 0x0, 0xef, 0xf8,

    /* U+006F "o" */
    0x0, 0x0, 0x7c, 0xef, 0xeb, 0x40, 0x0, 0x0,
    0x3, 0xef, 0xff, 0xff, 0xff, 0xa0, 0x0, 0x2,
    0xef, 0xff, 0xff, 0xff, 0xff, 0xa0, 0x0, 0xaf,
    0xff, 0xa3, 0x15, 0xdf, 0xff, 0x30, 0x1f, 0xff,
    0xb0, 0x0, 0x1, 0xff, 0xfa, 0x5, 0xff, 0xf3,
    0x0, 0x0, 0x9, 0xff, 0xf0, 0x7f, 0xff, 0x0,
    0x0, 0x0, 0x5f, 0xff, 0x29, 0xff, 0xf0, 0x0,
    0x0, 0x4, 0xff, 0xf3, 0x8f, 0xff, 0x0, 0x0,
    0x0, 0x4f, 0xff, 0x37, 0xff, 0xf0, 0x0, 0x0,
    0x5, 0xff, 0xf1, 0x4f, 0xff, 0x40, 0x0, 0x0,
    0x9f, 0xfe, 0x0, 0xff, 0xfb, 0x0, 0x0, 0x2f,
    0xff, 0xa0, 0x8, 0xff, 0xfa, 0x32, 0x5d, 0xff,
    0xf3, 0x0, 0x1d, 0xff, 0xff, 0xff, 0xff, 0xf9,
    0x0, 0x0, 0x1d, 0xff, 0xff, 0xff, 0xf9, 0x0,
    0x0, 0x0, 0x6, 0xcf, 0xfe, 0xa4, 0x0, 0x0,

    /* U+0070 "p" */
    0xff, 0xf7, 0x3b, 0xff, 0xd8, 0x10, 0x0, 0xff,
    0xfc, 0xff, 0xff, 0xff, 0xe2, 0x0, 0xff, 0xff,
    0xff, 0xff, 0xff, 0xfe, 0x0, 0xff, 0xff, 0xe4,
    0x13, 0xbf, 0xff, 0x70, 0xff, 0xff, 0x40, 0x0,
    0xe, 0xff, 0xe0, 0xff, 0xfd, 0x0, 0x0, 0x8,
    0xff, 0xf2, 0xff, 0xfa, 0x0, 0x0, 0x4, 0xff,
    0xf4, 0xff, 0xf9, 0x0, 0x0, 0x3, 0xff, 0xf5,
    0xff, 0xf9, 0x0, 0x0, 0x3, 0xff, 0xf5, 0xff,
    0xfa, 0x0, 0x0, 0x5, 0xff, 0xf4, 0xff, 0xfd,
    0x0, 0x0, 0x9, 0xff, 0xf2, 0xff, 0xff, 0x40,
    0x0, 0x1f, 0xff, 0xe0, 0xff, 0xff, 0xe5, 0x14,
    0xcf, 0xff, 0x80, 0xff, 0xff, 0xff, 0xff, 0xff,
    0xfe, 0x10, 0xff, 0xfc, 0xff, 0xff, 0xff, 0xe2,
    0x0, 0xff, 0xf7, 0x3b, 0xff, 0xd9, 0x10, 0x0,
    0xff, 0xf7, 0x0, 0x0, 0x0, 0x0, 0x0, 0xff,
    0xf7, 0x0, 0x0, 0x0, 0x0, 0x0, 0xff, 0xf7,
    0x0, 0x0, 0x0, 0x0, 0x0, 0xff, 0xf7, 0x0,
    0x0, 0x0, 0x0, 0x0, 0xff, 0xf7, 0x0, 0x0,
    0x0, 0x0, 0x0, 0xff, 0xf7, 0x0, 0x0, 0x0,
    0x0, 0x0,

    /* U+0071 "q" */
    0x0, 0x2, 0x9e, 0xfe, 0xa2, 0x9f, 0xfc, 0x0,
    0x3f, 0xff, 0xff, 0xff, 0xdf, 0xfd, 0x2, 0xff,
    0xff, 0xff, 0xff, 0xff, 0xfd, 0xa, 0xff, 0xfa,
    0x21, 0x6f, 0xff, 0xfd, 0xf, 0xff, 0xc0, 0x0,
    0x6, 0xff, 0xfd, 0x4f, 0xff, 0x60, 0x0, 0x0,
    0xff, 0xfd, 0x6f, 0xff, 0x20, 0x0, 0x0, 0xcf,
    0xfd, 0x7f, 0xff, 0x0, 0x0, 0x0, 0xaf, 0xfd,
    0x8f, 0xff, 0x10, 0x0, 0x0, 0xaf, 0xfd, 0x7f,
    0xff, 0x20, 0x0, 0x0, 0xcf, 0xfd, 0x4f, 0xff,
    0x60, 0x0, 0x0, 0xff, 0xfd, 0x1f, 0xff, 0xd0,
    0x0, 0x6, 0xff, 0xfd, 0xa, 0xff, 0xfb, 0x32,
    0x6f, 0xff, 0xfd, 0x2, 0xff, 0xff, 0xff, 0xff,
    0xff, 0xfd, 0x0, 0x4f, 0xff, 0xff, 0xfe, 0xcf,
    0xfd, 0x0, 0x2, 0x9d, 0xfe, 0xa2, 0xaf, 0xfd,
    0x0, 0x0, 0x0, 0x0, 0x0, 0xaf, 0xfd, 0x0,
    0x0, 0x0, 0x0, 0x0, 0xaf, 0xfd, 0x0, 0x0,
    0x0, 0x0, 0x0, 0xaf, 0xfd, 0x0, 0x0, 0x0,
    0x0, 0x0, 0xaf, 0xfd, 0x0, 0x0, 0x0, 0x0,
    0x0, 0xaf, 0xfd, 0x0, 0x0, 0x0, 0x0, 0x0,
    0x9f, 0xfc,

    /* U+0072 "r" */
    0x1f, 0xff, 0x43, 0xbf, 0xf9, 0x2f, 0xff, 0x9f,
    0xff, 0xfb, 0x2f, 0xff, 0xff, 0xff, 0xf8, 0x2f,
    0xff, 0xff, 0xb9, 0xa4, 0x2f, 0xff, 0xf3, 0x0,
    0x0, 0x2f, 0xff, 0x90, 0x0, 0x0, 0x2f, 0xff,
    0x60, 0x0, 0x0, 0x2f, 0xff, 0x50, 0x0, 0x0,
    0x2f, 0xff, 0x50, 0x0, 0x0, 0x2f, 0xff, 0x50,
    0x0, 0x0, 0x2f, 0xff, 0x50, 0x0, 0x0, 0x2f,
    0xff, 0x50, 0x0, 0x0, 0x2f, 0xff, 0x50, 0x0,
    0x0, 0x2f, 0xff, 0x50, 0x0, 0x0, 0x2f, 0xff,
    0x50, 0x0, 0x0, 0x1f, 0xff, 0x40, 0x0, 0x0,

    /* U+0073 "s" */
    0x0, 0x18, 0xcf, 0xfe, 0xb6, 0x0, 0x0, 0x3e,
    0xff, 0xff, 0xff, 0xfd, 0x20, 0x1e, 0xff, 0xfe,
    0xdf, 0xff, 0xfd, 0x6, 0xff, 0xf4, 0x0, 0x7,
    0xff, 0xf4, 0x9f, 0xfc, 0x0, 0x0, 0xc, 0xff,
    0x67, 0xff, 0xf6, 0x0, 0x0, 0x0, 0x0, 0x2f,
    0xff, 0xfe, 0xa5, 0x0, 0x0, 0x0, 0x5f, 0xff,
    0xff, 0xff, 0xa2, 0x0, 0x0, 0x2a, 0xff, 0xff,
    0xff, 0xf6, 0x0, 0x0, 0x1, 0x6b, 0xff, 0xff,
    0xf3, 0x0, 0x0, 0x0, 0x0, 0x7f, 0xff, 0x9a,
    0xff, 0xa0, 0x0, 0x0, 0xdf, 0xfa, 0x9f, 0xff,
    0x40, 0x0, 0x4f, 0xff, 0x82, 0xff, 0xff, 0xdb,
    0xdf, 0xff, 0xf2, 0x5, 0xff, 0xff, 0xff, 0xff,
    0xf5, 0x0, 0x1, 0x8c, 0xef, 0xfc, 0x81, 0x0,

    /* U+0074 "t" */
    0x0, 0xd, 0xff, 0x60, 0x0, 0x0, 0xe, 0xff,
    0x60, 0x0, 0x0, 0xe, 0xff, 0x60, 0x0, 0x0,
    0xe, 0xff, 0x60, 0x0, 0x1f, 0xff, 0xff, 0xff,
    0xff, 0x2f, 0xff, 0xff, 0xff, 0xff, 0x1e, 0xef,
    0xff, 0xfe, 0xed, 0x0, 0xe, 0xff, 0x60, 0x0,
    0x0, 0xe, 0xff, 0x60, 0x0, 0x0, 0xe, 0xff,
    0x60, 0x0, 0x0, 0xe, 0xff, 0x60, 0x0, 0x0,
    0xe, 0xff, 0x60, 0x0, 0x0, 0xe, 0xff, 0x60,
    0x0, 0x0, 0xe, 0xff, 0x60, 0x0, 0x0, 0xe,
    0xff, 0x60, 0x0, 0x0, 0xe, 0xff, 0x80, 0x0,
    0x0, 0xd, 0xff, 0xe5, 0x20, 0x0, 0xb, 0xff,
    0xff, 0xfb, 0x0, 0x4, 0xff, 0xff, 0xfc, 0x0,
    0x0, 0x4b, 0xef, 0xfb,

    /* U+0075 "u" */
    0x4f, 0xff, 0x20, 0x0, 0x0, 0xff, 0xf5, 0x5f,
    0xff, 0x20, 0x0, 0x1, 0xff, 0xf6, 0x5f, 0xff,
    0x20, 0x0, 0x1, 0xff, 0xf6, 0x5f, 0xff, 0x20,
    0x0, 0x1, 0xff, 0xf6, 0x5f, 0xff, 0x20, 0x0,
    0x1, 0xff, 0xf6, 0x5f, 0xff, 0x20, 0x0, 0x1,
    0xff, 0xf6, 0x5f, 0xff, 0x20, 0x0, 0x1, 0xff,
    0xf6, 0x5f, 0xff, 0x20, 0x0, 0x1, 0xff, 0xf6,
    0x5f, 0xff, 0x20, 0x0, 0x1, 0xff, 0xf6, 0x5f,
    0xff, 0x20, 0x0, 0x1, 0xff, 0xf6, 0x4f, 0xff,
    0x30, 0x0, 0x2, 0xff, 0xf6, 0x4f, 0xff, 0x70,
    0x0, 0x7, 0xff, 0xf6, 0x1f, 0xff, 0xf4, 0x0,
    0x4f, 0xff, 0xf6, 0xa, 0xff, 0xff, 0xef, 0xff,
    0xff, 0xf6, 0x1, 0xcf, 0xff, 0xff, 0xfd, 0xff,
    0xf6, 0x0, 0x7, 0xcf, 0xfd, 0x71, 0xff, 0xf5,

    /* U+0076 "v" */
    0x2f, 0xff, 0x90, 0x0, 0x0, 0x7f, 0xff, 0x40,
    0xef, 0xfe, 0x0, 0x0, 0xc, 0xff, 0xf0, 0x9,
    0xff, 0xf2, 0x0, 0x1, 0xff, 0xfb, 0x0, 0x4f,
    0xff, 0x70, 0x0, 0x5f, 0xff, 0x60, 0x0, 0xef,
    0xfb, 0x0, 0x9, 0xff, 0xf1, 0x0, 0x9, 0xff,
    0xf0, 0x0, 0xef, 0xfc, 0x0, 0x0, 0x4f, 0xff,
    0x40, 0x2f, 0xff, 0x60, 0x0, 0x0, 0xff, 0xf8,
    0x7, 0xff, 0xf1, 0x0, 0x0, 0xa, 0xff, 0xd0,
    0xbf, 0xfc, 0x0, 0x0, 0x0, 0x5f, 0xff, 0x2f,
    0xff, 0x70, 0x0, 0x0, 0x0, 0xff, 0xfb, 0xff,
    0xf2, 0x0, 0x0, 0x0, 0xb, 0xff, 0xff, 0xfd,
    0x0, 0x0, 0x0, 0x0, 0x6f, 0xff, 0xff, 0x80,
    0x0, 0x0, 0x0, 0x1, 0xff, 0xff, 0xf3, 0x0,
    0x0, 0x0, 0x0, 0xc, 0xff, 0xfe, 0x0, 0x0,
    0x0, 0x0, 0x0, 0x6f, 0xff, 0x90, 0x0, 0x0,

    /* U+0077 "w" */
    0x2f, 0xff, 0x50, 0x0, 0x6, 0xff, 0xf0, 0x0,
    0x0, 0x8f, 0xff, 0x0, 0xef, 0xfa, 0x0, 0x0,
    0xaf, 0xff, 0x40, 0x0, 0xd, 0xff, 0xb0, 0xa,
    0xff, 0xd0, 0x0, 0xe, 0xff, 0xf8, 0x0, 0x1,
    0xff, 0xf6, 0x0, 0x5f, 0xff, 0x10, 0x2, 0xff,
    0xff, 0xc0, 0x0, 0x5f, 0xff, 0x20, 0x1, 0xff,
    0xf5, 0x0, 0x6f, 0xff, 0xff, 0x0, 0x9, 0xff,
    0xd0, 0x0, 0xc, 0xff, 0x90, 0xa, 0xff, 0xff,
    0xf4, 0x0, 0xdf, 0xf9, 0x0, 0x0, 0x8f, 0xfd,
    0x0, 0xef, 0xfa, 0xff, 0x80, 0x1f, 0xff, 0x40,
    0x0, 0x3, 0xff, 0xf1, 0x2f, 0xfd, 0x4f, 0xfc,
    0x5, 0xff, 0xf0, 0x0, 0x0, 0xf, 0xff, 0x46,
    0xff, 0x90, 0xff, 0xf0, 0x9f, 0xfb, 0x0, 0x0,
    0x0, 0xaf, 0xf8, 0xaf, 0xf5, 0xb, 0xff, 0x4d,
    0xff, 0x70, 0x0, 0x0, 0x6, 0xff, 0xce, 0xff,
    0x10, 0x6f, 0xfb, 0xff, 0xf2, 0x0, 0x0, 0x0,
    0x1f, 0xff, 0xff, 0xd0, 0x2, 0xff, 0xff, 0xfe,
    0x0, 0x0, 0x0, 0x0, 0xdf, 0xff, 0xf9, 0x0,
    0xd, 0xff, 0xff, 0x90, 0x0, 0x0, 0x0, 0x8,
    0xff, 0xff, 0x50, 0x0, 0x9f, 0xff, 0xf5, 0x0,
    0x0, 0x0, 0x0, 0x4f, 0xff, 0xf1, 0x0, 0x5,
    0xff, 0xff, 0x0, 0x0, 0x0, 0x0, 0x0, 0xef,
    0xfc, 0x0, 0x0, 0xf, 0xff, 0xb0, 0x0, 0x0,

    /* U+0078 "x" */
    0x1f, 0xff, 0x80, 0x0, 0x0, 0x4f, 0xff, 0x90,
    0x8f, 0xff, 0x30, 0x0, 0xe, 0xff, 0xe1, 0x0,
    0xdf, 0xfd, 0x0, 0x9, 0xff, 0xf5, 0x0, 0x3,
    0xff, 0xf8, 0x4, 0xff, 0xfa, 0x0, 0x0, 0x8,
    0xff, 0xf3, 0xdf, 0xfe, 0x10, 0x0, 0x0, 0xd,
    0xff, 0xff, 0xff, 0x60, 0x0, 0x0, 0x0, 0x3f,
    0xff, 0xff, 0xb0, 0x0, 0x0, 0x0, 0x0, 0x9f,
    0xff, 0xf1, 0x0, 0x0, 0x0, 0x0, 0x9, 0xff,
    0xff, 0x20, 0x0, 0x0, 0x0, 0x4, 0xff, 0xff,
    0xfb, 0x0, 0x0, 0x0, 0x0, 0xdf, 0xff, 0xff,
    0xf6, 0x0, 0x0, 0x0, 0x8f, 0xff, 0x5a, 0xff,
    0xf1, 0x0, 0x0, 0x3f, 0xff, 0xb0, 0x1e, 0xff,
    0xb0, 0x0, 0xd, 0xff, 0xf1, 0x0, 0x6f, 0xff,
    0x50, 0x8, 0xff, 0xf6, 0x0, 0x0, 0xbf, 0xfe,
    0x11, 0xff, 0xfb, 0x0, 0x0, 0x2, 0xef, 0xf9,

    /* U+0079 "y" */
    0x4f, 0xff, 0x50, 0x0, 0x0, 0x8f, 0xff, 0x0,
    0xff, 0xf9, 0x0, 0x0, 0xd, 0xff, 0xa0, 0xa,
    0xff, 0xe0, 0x0, 0x2, 0xff, 0xf5, 0x0, 0x5f,
    0xff, 0x20, 0x0, 0x6f, 0xff, 0x0, 0x0, 0xff,
    0xf7, 0x0, 0xb, 0xff, 0xb0, 0x0, 0xb, 0xff,
    0xb0, 0x0, 0xff, 0xf5, 0x0, 0x0, 0x6f, 0xff,
    0x0, 0x3f, 0xff, 0x10, 0x0, 0x1, 0xff, 0xf4,
    0x8, 0xff, 0xb0, 0x0, 0x0, 0xb, 0xff, 0x80,
    0xcf, 0xf6, 0x0, 0x0, 0x0, 0x6f, 0xfd, 0x1f,
    0xff, 0x10, 0x0, 0x0, 0x1, 0xff, 0xf7, 0xff,
    0xb0, 0x0, 0x0, 0x0, 0xc, 0xff, 0xff, 0xf6,
    0x0, 0x0, 0x0, 0x0, 0x7f, 0xff, 0xff, 0x10,
    0x0, 0x0, 0x0, 0x1, 0xff, 0xff, 0xc0, 0x0,
    0x0, 0x0, 0x0, 0xc, 0xff, 0xf7, 0x0, 0x0,
    0x0, 0x0, 0x0, 0x7f, 0xff, 0x20, 0x0, 0x0,
    0x0, 0x0, 0x9, 0xff, 0xc0, 0x0, 0x0, 0x0,
    0x0, 0x0, 0xef, 0xf7, 0x0, 0x0, 0x0, 0x0,
    0x2, 0xbf, 0xff, 0x10, 0x0, 0x0, 0x0, 0x9f,
    0xff, 0xff, 0x80, 0x0, 0x0, 0x0, 0xa, 0xff,
    0xff, 0xc0, 0x0, 0x0, 0x0, 0x0, 0xaf, 0xec,
    0x60, 0x0, 0x0, 0x0, 0x0,

    /* U+007A "z" */
    0xf, 0xff, 0xff, 0xff, 0xff, 0xff, 0x90, 0xff,
    0xff, 0xff, 0xff, 0xff, 0xfa, 0xf, 0xff, 0xff,
    0xff, 0xff, 0xff, 0xa0, 0x34, 0x44, 0x44, 0x4d,
    0xff, 0xf5, 0x0, 0x0, 0x0, 0x8, 0xff, 0xf9,
    0x0, 0x0, 0x0, 0x5, 0xff, 0xfb, 0x0, 0x0,
    0x0, 0x2, 0xff, 0xfd, 0x10, 0x0, 0x0, 0x1,
    0xdf, 0xff, 0x20, 0x0, 0x0, 0x0, 0xbf, 0xff,
    0x40, 0x0, 0x0, 0x0, 0x9f, 0xff, 0x70, 0x0,
    0x0, 0x0, 0x6f, 0xff, 0xa0, 0x0, 0x0, 0x0,
    0x3f, 0xff, 0xc0, 0x0, 0x0, 0x0, 0xe, 0xff,
    0xf5, 0x33, 0x33, 0x33, 0x22, 0xff, 0xff, 0xff,
    0xff, 0xff, 0xfb, 0x2f, 0xff, 0xff, 0xff, 0xff,
    0xff, 0xb2, 0xff, 0xff, 0xff, 0xff, 0xff, 0xfa,

    /* U+007B "{" */
    0x0, 0x6, 0xdf, 0xff, 0x70, 0x5, 0xff, 0xff,
    0xf7, 0x0, 0xbf, 0xff, 0xff, 0x70, 0xd, 0xff,
    0xf4, 0x10, 0x0, 0xef, 0xfa, 0x0, 0x0, 0xe,
    0xff, 0x90, 0x0, 0x0, 0xef, 0xf9, 0x0, 0x0,
    0xe, 0xff, 0x90, 0x0, 0x0, 0xef, 0xf9, 0x0,
    0x0, 0xe, 0xff, 0x90, 0x0, 0x0, 0xff, 0xf8,
    0x0, 0x0, 0x1f, 0xff, 0x70, 0x0, 0x1a, 0xff,
    0xf4, 0x0, 0xf, 0xff, 0xfc, 0x0, 0x0, 0xff,
    0xff, 0x20, 0x0, 0xd, 0xff, 0xfe, 0x0, 0x0,
    0x8, 0xff, 0xf5, 0x0, 0x0, 0xf, 0xff, 0x80,
    0x0, 0x0, 0xef, 0xf8, 0x0, 0x0, 0xe, 0xff,
    0x90, 0x0, 0x0, 0xef, 0xf9, 0x0, 0x0, 0xe,
    0xff, 0x90, 0x0, 0x0, 0xef, 0xf9, 0x0, 0x0,
    0xe, 0xff, 0x90, 0x0, 0x0, 0xef, 0xfa, 0x0,
    0x0, 0xd, 0xff, 0xf5, 0x10, 0x0, 0xbf, 0xff,
    0xff, 0x70, 0x5, 0xff, 0xff, 0xf7, 0x0, 0x6,
    0xdf, 0xff, 0x70,

    /* U+007C "|" */
    0xce, 0xe7, 0xef, 0xf9, 0xef, 0xf9, 0xef, 0xf9,
    0xef, 0xf9, 0xef, 0xf9, 0xef, 0xf9, 0xef, 0xf9,
    0xef, 0xf9, 0xef, 0xf9, 0xef, 0xf9, 0xef, 0xf9,
    0xef, 0xf9, 0xef, 0xf9, 0xef, 0xf9, 0xef, 0xf9,
    0xef, 0xf9, 0xef, 0xf9, 0xef, 0xf9, 0xef, 0xf9,
    0xef, 0xf9, 0xef, 0xf9, 0xef, 0xf9, 0xef, 0xf9,
    0xef, 0xf9, 0xdf, 0xf8,

    /* U+007D "}" */
    0xff, 0xfe, 0xa1, 0x0, 0xf, 0xff, 0xff, 0xd0,
    0x0, 0xff, 0xff, 0xff, 0x30, 0x0, 0x2a, 0xff,
    0xf5, 0x0, 0x0, 0x2f, 0xff, 0x60, 0x0, 0x1,
    0xff, 0xf6, 0x0, 0x0, 0x1f, 0xff, 0x60, 0x0,
    0x1, 0xff, 0xf6, 0x0, 0x0, 0x1f, 0xff, 0x60,
    0x0, 0x1, 0xff, 0xf6, 0x0, 0x0, 0xf, 0xff,
    0x60, 0x0, 0x0, 0xff, 0xf9, 0x0, 0x0, 0xd,
    0xff, 0xf5, 0x0, 0x0, 0x5f, 0xff, 0xf7, 0x0,
    0x0, 0xaf, 0xff, 0x70, 0x0, 0x7f, 0xff, 0xf6,
    0x0, 0xd, 0xff, 0xe2, 0x0, 0x0, 0xff, 0xf8,
    0x0, 0x0, 0xf, 0xff, 0x60, 0x0, 0x1, 0xff,
    0xf6, 0x0, 0x0, 0x1f, 0xff, 0x60, 0x0, 0x1,
    0xff, 0xf6, 0x0, 0x0, 0x1f, 0xff, 0x60, 0x0,
    0x1, 0xff, 0xf6, 0x0, 0x0, 0x2f, 0xff, 0x60,
    0x1, 0x2b, 0xff, 0xf5, 0x0, 0xff, 0xff, 0xff,
    0x30, 0xf, 0xff, 0xff, 0xd0, 0x0, 0xff, 0xfe,
    0xa1, 0x0, 0x0,

    /* U+007E "~" */
    0x0, 0x19, 0xef, 0xb4, 0x0, 0x0, 0x40, 0x0,
    0x2e, 0xff, 0xff, 0xfb, 0x42, 0x8f, 0xc2, 0xb,
    0xff, 0xff, 0xff, 0xff, 0xff, 0xff, 0x70, 0x7f,
    0xd4, 0x26, 0xef, 0xff, 0xff, 0xc0, 0x0, 0x32,
    0x0, 0x0, 0x6c, 0xfd, 0x70, 0x0,

    /* U+00B0 "°" */
    0x0, 0x0, 0x24, 0x30, 0x0, 0x0, 0x2, 0xcf,
    0xff, 0xe5, 0x0, 0x2, 0xff, 0xff, 0xff, 0xf6,
    0x0, 0xcf, 0xe5, 0x2, 0xcf, 0xf1, 0x2f, 0xf5,
    0x0, 0x1, 0xef, 0x74, 0xff, 0x0, 0x0, 0xb,
    0xf9, 0x4f, 0xf1, 0x0, 0x0, 0xcf, 0x91, 0xff,
    0x80, 0x0, 0x3f, 0xf5, 0x9, 0xff, 0xb6, 0x8f,
    0xfd, 0x0, 0xc, 0xff, 0xff, 0xfe, 0x30, 0x0,
    0x7, 0xdf, 0xe9, 0x20, 0x0,

    /* U+00C1 "Á" */
    0x0, 0x0, 0x0, 0x0, 0x6, 0xff, 0x90, 0x0,
    0x0, 0x0, 0x0, 0x0, 0x0, 0x0, 0xef, 0xe1,
    0x0, 0x0, 0x0, 0x0, 0x0, 0x0, 0x0, 0x8f,
    0xf6, 0x0, 0x0, 0x0, 0x0, 0x0, 0x0, 0x0,
    0xc, 0xda, 0x0, 0x0, 0x0, 0x0, 0x0, 0x0,
    0x0, 0x0, 0x0, 0x0, 0x0, 0x0, 0x0, 0x0,
    0x0, 0x0, 0x0, 0x9f, 0xff, 0xf0, 0x0, 0x0,
    0x0, 0x0, 0x0, 0x0, 0xe, 0xff, 0xff, 0x50,
    0x0, 0x0, 0x0, 0x0, 0x0, 0x3, 0xff, 0xff,
    0xfa, 0x0, 0x0, 0x0, 0x0, 0x0, 0x0, 0x8f,
    0xff, 0xff, 0xe0, 0x0, 0x0, 0x0, 0x0, 0x0,
    0xd, 0xff, 0xef, 0xff, 0x40, 0x0, 0x0, 0x0,
    0x0, 0x2, 0xff, 0xf5, 0xff, 0xf9, 0x0, 0x0,
    0x0, 0x0, 0x0, 0x7f, 0xff, 0x1a, 0xff, 0xd0,
    0x0, 0x0, 0x0, 0x0, 0xc, 0xff, 0xc0, 0x6f,
    0xff, 0x20, 0x0, 0x0, 0x0, 0x1, 0xff, 0xf7,
    0x1, 0xff, 0xf7, 0x0, 0x0, 0x0, 0x0, 0x6f,
    0xff, 0x20, 0xc, 0xff, 0xc0, 0x0, 0x0, 0x0,
    0xa, 0xff, 0xd0, 0x0, 0x7f, 0xff, 0x10, 0x0,
    0x0, 0x0, 0xff, 0xf9, 0x0, 0x2, 0xff, 0xf6,
    0x0, 0x0, 0x0, 0x4f, 0xff, 0x40, 0x0, 0xe,
    0xff, 0xb0, 0x0, 0x0, 0x9, 0xff, 0xf0, 0x0,
    0x0, 0x9f, 0xff, 0x0, 0x0, 0x0, 0xef, 0xfb,
    0x0, 0x0, 0x4, 0xff, 0xf5, 0x0, 0x0, 0x3f,
    0xff, 0xec, 0xcc, 0xcc, 0xdf, 0xff, 0xa0, 0x0,
    0x8, 0xff, 0xff, 0xff, 0xff, 0xff, 0xff, 0xff,
    0x0, 0x0, 0xdf, 0xff, 0xff, 0xff, 0xff, 0xff,
    0xff, 0xf4, 0x0, 0x2f, 0xff, 0x80, 0x0, 0x0,
    0x0, 0x1f, 0xff, 0x90, 0x7, 0xff, 0xf3, 0x0,
    0x0, 0x0, 0x0, 0xcf, 0xfe, 0x0, 0xbf, 0xfe,
    0x0, 0x0, 0x0, 0x0, 0x8, 0xff, 0xf3, 0xf,
    0xff, 0xa0, 0x0, 0x0, 0x0, 0x0, 0x3f, 0xff,
    0x70,

    /* U+00C9 "É" */
    0x0, 0x0, 0x0, 0xd, 0xff, 0x20, 0x0, 0x0,
    0x0, 0x0, 0x7, 0xff, 0x90, 0x0, 0x0, 0x0,
    0x0, 0x0, 0xef, 0xe0, 0x0, 0x0, 0x0, 0x0,
    0x0, 0x5d, 0xd4, 0x0, 0x0, 0x0, 0x0, 0x0,
    0x0, 0x0, 0x0, 0x0, 0x0, 0xc, 0xff, 0xff,
    0xff, 0xff, 0xff, 0xff, 0xf5, 0xdf, 0xff, 0xff,
    0xff, 0xff, 0xff, 0xff, 0x6d, 0xff, 0xff, 0xff,
    0xff, 0xff, 0xff, 0xf6, 0xdf, 0xfb, 0x11, 0x11,
    0x11, 0x11, 0x11, 0xd, 0xff, 0xa0, 0x0, 0x0,
    0x0, 0x0, 0x0, 0xdf, 0xfa, 0x0, 0x0, 0x0,
    0x0, 0x0, 0xd, 0xff, 0xa0, 0x0, 0x0, 0x0,
    0x0, 0x0, 0xdf, 0xfa, 0x0, 0x0, 0x0, 0x0,
    0x0, 0xd, 0xff, 0xa0, 0x0, 0x0, 0x0, 0x0,
    0x0, 0xdf, 0xfb, 0x11, 0x11, 0x11, 0x10, 0x0,
    0xd, 0xff, 0xff, 0xff, 0xff, 0xff, 0x0, 0x0,
    0xdf, 0xff, 0xff, 0xff, 0xff, 0xf0, 0x0, 0xd,
    0xff, 0xff, 0xff, 0xff, 0xff, 0x0, 0x0, 0xdf,
    0xfa, 0x0, 0x0, 0x0, 0x0, 0x0, 0xd, 0xff,
    0xa0, 0x0, 0x0, 0x0, 0x0, 0x0, 0xdf, 0xfa,
    0x0, 0x0, 0x0, 0x0, 0x0, 0xd, 0xff, 0xa0,
    0x0, 0x0, 0x0, 0x0, 0x0, 0xdf, 0xfa, 0x0,
    0x0, 0x0, 0x0, 0x0, 0xd, 0xff, 0xb1, 0x11,
    0x11, 0x11, 0x11, 0x10, 0xdf, 0xff, 0xff, 0xff,
    0xff, 0xff, 0xff, 0x6d, 0xff, 0xff, 0xff, 0xff,
    0xff, 0xff, 0xf6, 0xcf, 0xff, 0xff, 0xff, 0xff,
    0xff, 0xff, 0x50,

    /* U+00CD "Í" */
    0x3, 0xff, 0xe0, 0xb, 0xff, 0x40, 0x3f, 0xfa,
    0x0, 0x9d, 0xc1, 0x0, 0x0, 0x0, 0x0, 0xcf,
    0xfa, 0x0, 0xdf, 0xfa, 0x0, 0xdf, 0xfa, 0x0,
    0xdf, 0xfa, 0x0, 0xdf, 0xfa, 0x0, 0xdf, 0xfa,
    0x0, 0xdf, 0xfa, 0x0, 0xdf, 0xfa, 0x0, 0xdf,
    0xfa, 0x0, 0xdf, 0xfa, 0x0, 0xdf, 0xfa, 0x0,
    0xdf, 0xfa, 0x0, 0xdf, 0xfa, 0x0, 0xdf, 0xfa,
    0x0, 0xdf, 0xfa, 0x0, 0xdf, 0xfa, 0x0, 0xdf,
    0xfa, 0x0, 0xdf, 0xfa, 0x0, 0xdf, 0xfa, 0x0,
    0xdf, 0xfa, 0x0, 0xdf, 0xfa, 0x0, 0xcf, 0xfa,
    0x0,

    /* U+00D3 "Ó" */
    0x0, 0x0, 0x0, 0x0, 0xad, 0xd4, 0x0, 0x0,
    0x0, 0x0, 0x0, 0x4, 0xff, 0xc0, 0x0, 0x0,
    0x0, 0x0, 0x0, 0xc, 0xff, 0x20, 0x0, 0x0,
    0x0, 0x0, 0x0, 0x4f, 0xf6, 0x0, 0x0, 0x0,
    0x0, 0x0, 0x0, 0x0, 0x0, 0x0, 0x0, 0x0,
    0x0, 0x0, 0x0, 0x0, 0x0, 0x0, 0x0, 0x0,
    0x0, 0x0, 0x28, 0xce, 0xfd, 0xb5, 0x0, 0x0,
    0x0, 0x7, 0xff, 0xff, 0xff, 0xff, 0xd3, 0x0,
    0x0, 0x8f, 0xff, 0xff, 0xff, 0xff, 0xff, 0x30,
    0x4, 0xff, 0xff, 0x72, 0x14, 0xaf, 0xff, 0xd0,
    0xb, 0xff, 0xf2, 0x0, 0x0, 0x8, 0xff, 0xf5,
    0x1f, 0xff, 0x80, 0x0, 0x0, 0x0, 0xef, 0xfb,
    0x3f, 0xff, 0x40, 0x0, 0x0, 0x0, 0xaf, 0xfd,
    0x4f, 0xff, 0x20, 0x0, 0x0, 0x0, 0x8f, 0xff,
    0x5f, 0xff, 0x20, 0x0, 0x0, 0x0, 0x8f, 0xff,
    0x5f, 0xff, 0x20, 0x0, 0x0, 0x0, 0x8f, 0xff,
    0x5f, 0xff, 0x20, 0x0, 0x0, 0x0, 0x8f, 0xff,
    0x5f, 0xff, 0x20, 0x0, 0x0, 0x0, 0x8f, 0xff,
    0x5f, 0xff, 0x20, 0x0, 0x0, 0x0, 0x8f, 0xff,
    0x5f, 0xff, 0x20, 0x0, 0x0, 0x0, 0x8f, 0xff,
    0x4f, 0xff, 0x20, 0x0, 0x0, 0x0, 0x8f, 0xfe,
    0x3f, 0xff, 0x30, 0x0, 0x0, 0x0, 0xaf, 0xfd,
    0x1f, 0xff, 0x80, 0x0, 0x0, 0x0, 0xef, 0xfb,
    0xb, 0xff, 0xf2, 0x0, 0x0, 0x8, 0xff, 0xf5,
    0x4, 0xff, 0xff, 0x72, 0x14, 0xaf, 0xff, 0xd0,
    0x0, 0x8f, 0xff, 0xff, 0xff, 0xff, 0xff, 0x30,
    0x0, 0x7, 0xff, 0xff, 0xff, 0xff, 0xd3, 0x0,
    0x0, 0x0, 0x28, 0xce, 0xfd, 0xb5, 0x0, 0x0,

    /* U+00D7 "×" */
    0x1, 0x20, 0x0, 0x0, 0x11, 0x0, 0x1d, 0xe2,
    0x0, 0x1, 0xcd, 0x10, 0xcf, 0xfe, 0x20, 0xc,
    0xff, 0xd0, 0x4f, 0xff, 0xe2, 0xcf, 0xff, 0x60,
    0x4, 0xff, 0xff, 0xff, 0xf6, 0x0, 0x0, 0x5f,
    0xff, 0xff, 0x60, 0x0, 0x0, 0xc, 0xff, 0xfe,
    0x10, 0x0, 0x0, 0xbf, 0xff, 0xff, 0xd1, 0x0,
    0xa, 0xff, 0xfb, 0xff, 0xfc, 0x10, 0x9f, 0xff,
    0x80, 0x6f, 0xff, 0xc0, 0x5f, 0xf9, 0x0, 0x6,
    0xff, 0x60, 0x5, 0x80, 0x0, 0x0, 0x76, 0x0,

    /* U+00DA "Ú" */
    0x0, 0x0, 0x0, 0x6, 0xdd, 0x70, 0x0, 0x0,
    0x0, 0x0, 0x0, 0x1f, 0xfe, 0x10, 0x0, 0x0,
    0x0, 0x0, 0x0, 0x8f, 0xf5, 0x0, 0x0, 0x0,
    0x0, 0x0, 0x0, 0xff, 0xa0, 0x0, 0x0, 0x0,
    0x0, 0x0, 0x0, 0x0, 0x0, 0x0, 0x0, 0x0,
    0x0, 0x0, 0x0, 0x0, 0x0, 0x0, 0x0, 0x0,
    0xff, 0xf7, 0x0, 0x0, 0x0, 0x5, 0xff, 0xf0,
    0xff, 0xf7, 0x0, 0x0, 0x0, 0x6, 0xff, 0xf1,
    0xff, 0xf7, 0x0, 0x0, 0x0, 0x6, 0xff, 0xf1,
    0xff, 0xf7, 0x0, 0x0, 0x0, 0x6, 0xff, 0xf1,
    0xff, 0xf7, 0x0, 0x0, 0x0, 0x6, 0xff, 0xf1,
    0xff, 0xf7, 0x0, 0x0, 0x0, 0x6, 0xff, 0xf1,
    0xff, 0xf7, 0x0, 0x0, 0x0, 0x6, 0xff, 0xf1,
    0xff, 0xf7, 0x0, 0x0, 0x0, 0x6, 0xff, 0xf1,
    0xff, 0xf7, 0x0, 0x0, 0x0, 0x6, 0xff, 0xf1,
    0xff, 0xf7, 0x0, 0x0, 0x0, 0x6, 0xff, 0xf1,
    0xff, 0xf7, 0x0, 0x0, 0x0, 0x6, 0xff, 0xf1,
    0xff, 0xf7, 0x0, 0x0, 0x0, 0x6, 0xff, 0xf1,
    0xff, 0xf7, 0x0, 0x0, 0x0, 0x6, 0xff, 0xf1,
    0xff, 0xf7, 0x0, 0x0, 0x0, 0x6, 0xff, 0xf1,
    0xff, 0xf7, 0x0, 0x0, 0x0, 0x6, 0xff, 0xf0,
    0xef, 0xf8, 0x0, 0x0, 0x0, 0x7, 0xff, 0xf0,
    0xcf, 0xfc, 0x0, 0x0, 0x0, 0xb, 0xff, 0xd0,
    0x7f, 0xff, 0x60, 0x0, 0x0, 0x5f, 0xff, 0x80,
    0x1e, 0xff, 0xf9, 0x31, 0x38, 0xff, 0xff, 0x20,
    0x4, 0xff, 0xff, 0xff, 0xff, 0xff, 0xf6, 0x0,
    0x0, 0x4e, 0xff, 0xff, 0xff, 0xff, 0x50, 0x0,
    0x0, 0x1, 0x6c, 0xef, 0xec, 0x71, 0x0, 0x0,

    /* U+00DD "Ý" */
    0x0, 0x0, 0x0, 0x0, 0x2f, 0xfe, 0x0, 0x0,
    0x0, 0x0, 0x0, 0x0, 0x0, 0xaf, 0xf5, 0x0,
    0x0, 0x0, 0x0, 0x0, 0x0, 0x3, 0xff, 0xa0,
    0x0, 0x0, 0x0, 0x0, 0x0, 0x0, 0x8, 0xdc,
    0x10, 0x0, 0x0, 0x0, 0x0, 0x0, 0x0, 0x0,
    0x0, 0x0, 0x0, 0x0, 0x0, 0xe, 0xff, 0xc0,
    0x0, 0x0, 0x0, 0xc, 0xff, 0xe0, 0x7, 0xff,
    0xf4, 0x0, 0x0, 0x0, 0x4f, 0xff, 0x70, 0x0,
    0xef, 0xfb, 0x0, 0x0, 0x0, 0xcf, 0xfe, 0x0,
    0x0, 0x7f, 0xff, 0x30, 0x0, 0x4, 0xff, 0xf7,
    0x0, 0x0, 0xe, 0xff, 0xb0, 0x0, 0xb, 0xff,
    0xe0, 0x0, 0x0, 0x7, 0xff, 0xf2, 0x0, 0x3f,
    0xff, 0x70, 0x0, 0x0, 0x1, 0xff, 0xfa, 0x0,
    0xbf, 0xfe, 0x0, 0x0, 0x0, 0x0, 0x8f, 0xff,
    0x23, 0xff, 0xf7, 0x0, 0x0, 0x0, 0x0, 0x1f,
    0xff, 0x9a, 0xff, 0xe0, 0x0, 0x0, 0x0, 0x0,
    0x8, 0xff, 0xff, 0xff, 0x70, 0x0, 0x0, 0x0,
    0x0, 0x1, 0xff, 0xff, 0xff, 0x10, 0x0, 0x0,
    0x0, 0x0, 0x0, 0x8f, 0xff, 0xf8, 0x0, 0x0,
    0x0, 0x0, 0x0, 0x0, 0x1f, 0xff, 0xf1, 0x0,
    0x0, 0x0, 0x0, 0x0, 0x0, 0xc, 0xff, 0xb0,
    0x0, 0x0, 0x0, 0x0, 0x0, 0x0, 0xc, 0xff,
    0xb0, 0x0, 0x0, 0x0, 0x0, 0x0, 0x0, 0xc,
    0xff, 0xb0, 0x0, 0x0, 0x0, 0x0, 0x0, 0x0,
    0xc, 0xff, 0xb0, 0x0, 0x0, 0x0, 0x0, 0x0,
    0x0, 0xc, 0xff, 0xb0, 0x0, 0x0, 0x0, 0x0,
    0x0, 0x0, 0xc, 0xff, 0xb0, 0x0, 0x0, 0x0,
    0x0, 0x0, 0x0, 0xc, 0xff, 0xb0, 0x0, 0x0,
    0x0, 0x0, 0x0, 0x0, 0xc, 0xff, 0xb0, 0x0,
    0x0, 0x0, 0x0, 0x0, 0x0, 0xb, 0xff, 0xa0,
    0x0, 0x0, 0x0,

    /* U+010C "Č" */
    0x0, 0x0, 0xaa, 0x80, 0x2, 0xaa, 0x60, 0x0,
    0x0, 0x0, 0x7f, 0xf7, 0xc, 0xff, 0x20, 0x0,
    0x0, 0x0, 0xb, 0xff, 0xaf, 0xf5, 0x0, 0x0,
    0x0, 0x0, 0x1, 0xef, 0xff, 0xa0, 0x0, 0x0,
    0x0, 0x0, 0x0, 0x2, 0x22, 0x0, 0x0, 0x0,
    0x0, 0x0, 0x0, 0x2, 0x31, 0x0, 0x0, 0x0,
    0x0, 0x0, 0x7c, 0xff, 0xff, 0xe9, 0x20, 0x0,
    0x0, 0x2d, 0xff, 0xff, 0xff, 0xff, 0xf7, 0x0,
    0x0, 0xdf, 0xff, 0xfd, 0xce, 0xff, 0xff, 0x60,
    0x8, 0xff, 0xfa, 0x10, 0x0, 0x6f, 0xff, 0xf0,
    0xe, 0xff, 0xc0, 0x0, 0x0, 0x5, 0xff, 0xf6,
    0x2f, 0xff, 0x50, 0x0, 0x0, 0x0, 0xef, 0xf9,
    0x4f, 0xff, 0x20, 0x0, 0x0, 0x0, 0xcf, 0xe8,
    0x5f, 0xff, 0x20, 0x0, 0x0, 0x0, 0x0, 0x0,
    0x5f, 0xff, 0x20, 0x0, 0x0, 0x0, 0x0, 0x0,
    0x5f, 0xff, 0x20, 0x0, 0x0, 0x0, 0x0, 0x0,
    0x5f, 0xff, 0x20, 0x0, 0x0, 0x0, 0x0, 0x0,
    0x5f, 0xff, 0x20, 0x0, 0x0, 0x0, 0x0, 0x0,
    0x5f, 0xff, 0x20, 0x0, 0x0, 0x0, 0x0, 0x0,
    0x5f, 0xff, 0x20, 0x0, 0x0, 0x0, 0x0, 0x0,
    0x4f, 0xff, 0x20, 0x0, 0x0, 0x0, 0xbf, 0xe9,
    0x2f, 0xff, 0x50, 0x0, 0x0, 0x0, 0xef, 0xf9,
    0xe, 0xff, 0xc0, 0x0, 0x0, 0x5, 0xff, 0xf6,
    0x8, 0xff, 0xfa, 0x10, 0x0, 0x5f, 0xff, 0xe0,
    0x0, 0xdf, 0xff, 0xfd, 0xce, 0xff, 0xff, 0x50,
    0x0, 0x2c, 0xff, 0xff, 0xff, 0xff, 0xf7, 0x0,
    0x0, 0x0, 0x7c, 0xff, 0xff, 0xea, 0x20, 0x0,
    0x0, 0x0, 0x0, 0x2, 0x31, 0x0, 0x0, 0x0,

    /* U+010E "Ď" */
    0x0, 0x9, 0x97, 0x0, 0x29, 0x94, 0x0, 0x0,
    0x0, 0x9, 0xff, 0x50, 0xcf, 0xe1, 0x0, 0x0,
    0x0, 0x0, 0xdf, 0xe9, 0xff, 0x40, 0x0, 0x0,
    0x0, 0x0, 0x2f, 0xff, 0xf9, 0x0, 0x0, 0x0,
    0x0, 0x0, 0x1, 0x33, 0x30, 0x0, 0x0, 0x0,
    0x0, 0x0, 0x0, 0x0, 0x0, 0x0, 0x0, 0x0,
    0xcf, 0xff, 0xff, 0xff, 0xfd, 0x94, 0x0, 0x0,
    0xdf, 0xff, 0xff, 0xff, 0xff, 0xff, 0xa1, 0x0,
    0xdf, 0xff, 0xff, 0xff, 0xff, 0xff, 0xfb, 0x0,
    0xdf, 0xfa, 0x0, 0x0, 0x4, 0xdf, 0xff, 0x60,
    0xdf, 0xfa, 0x0, 0x0, 0x0, 0x2f, 0xff, 0xc0,
    0xdf, 0xfa, 0x0, 0x0, 0x0, 0xa, 0xff, 0xe0,
    0xdf, 0xfa, 0x0, 0x0, 0x0, 0x8, 0xff, 0xf0,
    0xdf, 0xfa, 0x0, 0x0, 0x0, 0x7, 0xff, 0xf0,
    0xdf, 0xfa, 0x0, 0x0, 0x0, 0x7, 0xff, 0xf0,
    0xdf, 0xfa, 0x0, 0x0, 0x0, 0x7, 0xff, 0xf0,
    0xdf, 0xfa, 0x0, 0x0, 0x0, 0x7, 0xff, 0xf0,
    0xdf, 0xfa, 0x0, 0x0, 0x0, 0x7, 0xff, 0xf0,
    0xdf, 0xfa, 0x0, 0x0, 0x0, 0x7, 0xff, 0xf0,
    0xdf, 0xfa, 0x0, 0x0, 0x0, 0x7, 0xff, 0xf0,
    0xdf, 0xfa, 0x0, 0x0, 0x0, 0x8, 0xff, 0xf0,
    0xdf, 0xfa, 0x0, 0x0, 0x0, 0xa, 0xff, 0xe0,
    0xdf, 0xfa, 0x0, 0x0, 0x0, 0x2f, 0xff, 0xc0,
    0xdf, 0xfa, 0x0, 0x0, 0x15, 0xef, 0xff, 0x60,
    0xdf, 0xff, 0xff, 0xff, 0xff, 0xff, 0xfc, 0x0,
    0xdf, 0xff, 0xff, 0xff, 0xff, 0xff, 0xb1, 0x0,
    0xcf, 0xff, 0xff, 0xff, 0xfd, 0x94, 0x0, 0x0,

    /* U+011A "Ě" */
    0x0, 0xa, 0xa8, 0x0, 0x2a, 0xa6, 0x0, 0x0,
    0x0, 0x7f, 0xf7, 0xc, 0xff, 0x20, 0x0, 0x0,
    0x0, 0xbf, 0xfa, 0xff, 0x50, 0x0, 0x0, 0x0,
    0x1, 0xef, 0xff, 0xa0, 0x0, 0x0, 0x0, 0x0,
    0x0, 0x22, 0x20, 0x0, 0x0, 0x0, 0x0, 0x0,
    0x0, 0x0, 0x0, 0x0, 0x0, 0xcf, 0xff, 0xff,
    0xff, 0xff, 0xff, 0xff, 0x5d, 0xff, 0xff, 0xff,
    0xff, 0xff, 0xff, 0xf6, 0xdf, 0xff, 0xff, 0xff,
    0xff, 0xff, 0xff, 0x5d, 0xff, 0xa0, 0x0, 0x0,
    0x0, 0x0, 0x0, 0xdf, 0xfa, 0x0, 0x0, 0x0,
    0x0, 0x0, 0xd, 0xff, 0xa0, 0x0, 0x0, 0x0,
    0x0, 0x0, 0xdf, 0xfa, 0x0, 0x0, 0x0, 0x0,
    0x0, 0xd, 0xff, 0xa0, 0x0, 0x0, 0x0, 0x0,
    0x0, 0xdf, 0xfb, 0x11, 0x11, 0x11, 0x10, 0x0,
    0xd, 0xff, 0xff, 0xff, 0xff, 0xff, 0x0, 0x0,
    0xdf, 0xff, 0xff, 0xff, 0xff, 0xf0, 0x0, 0xd,
    0xff, 0xfe, 0xee, 0xee, 0xee, 0x0, 0x0, 0xdf,
    0xfa, 0x0, 0x0, 0x0, 0x0, 0x0, 0xd, 0xff,
    0xa0, 0x0, 0x0, 0x0, 0x0, 0x0, 0xdf, 0xfa,
    0x0, 0x0, 0x0, 0x0, 0x0, 0xd, 0xff, 0xa0,
    0x0, 0x0, 0x0, 0x0, 0x0, 0xdf, 0xfa, 0x0,
    0x0, 0x0, 0x0, 0x0, 0xd, 0xff, 0xa0, 0x0,
    0x0, 0x0, 0x0, 0x0, 0xdf, 0xff, 0xff, 0xff,
    0xff, 0xff, 0xff, 0x5d, 0xff, 0xff, 0xff, 0xff,
    0xff, 0xff, 0xf6, 0xcf, 0xff, 0xff, 0xff, 0xff,
    0xff, 0xff, 0x50,

    /* U+0147 "Ň" */
    0x0, 0x2, 0xaa, 0x50, 0x5, 0xaa, 0x20, 0x0,
    0x0, 0x0, 0xbf, 0xf3, 0x2f, 0xfb, 0x0, 0x0,
    0x0, 0x0, 0x1e, 0xfd, 0xcf, 0xe1, 0x0, 0x0,
    0x0, 0x0, 0x4, 0xff, 0xff, 0x50, 0x0, 0x0,
    0x0, 0x0, 0x0, 0x12, 0x21, 0x0, 0x0, 0x0,
    0x0, 0x0, 0x0, 0x0, 0x0, 0x0, 0x0, 0x0,
    0xcf, 0xfc, 0x0, 0x0, 0x0, 0x0, 0x8f, 0xfd,
    0xdf, 0xff, 0x60, 0x0, 0x0, 0x0, 0x9f, 0xfe,
    0xdf, 0xff, 0xe1, 0x0, 0x0, 0x0, 0x9f, 0xfe,
    0xdf, 0xff, 0xf9, 0x0, 0x0, 0x0, 0x9f, 0xfe,
    0xdf, 0xff, 0xff, 0x30, 0x0, 0x0, 0x9f, 0xfe,
    0xdf, 0xff, 0xff, 0xd0, 0x0, 0x0, 0x9f, 0xfe,
    0xdf, 0xfd, 0xff, 0xf7, 0x0, 0x0, 0x9f, 0xfe,
    0xdf, 0xf9, 0xaf, 0xff, 0x10, 0x0, 0x9f, 0xfe,
    0xdf, 0xf9, 0x1f, 0xff, 0xa0, 0x0, 0x9f, 0xfe,
    0xdf, 0xf9, 0x6, 0xff, 0xf4, 0x0, 0x9f, 0xfe,
    0xdf, 0xf9, 0x0, 0xcf, 0xfd, 0x0, 0x9f, 0xfe,
    0xdf, 0xfa, 0x0, 0x3f, 0xff, 0x70, 0x9f, 0xfe,
    0xdf, 0xfa, 0x0, 0x9, 0xff, 0xf2, 0x9f, 0xfe,
    0xdf, 0xfa, 0x0, 0x1, 0xef, 0xfb, 0x9f, 0xfe,
    0xdf, 0xfa, 0x0, 0x0, 0x6f, 0xff, 0xdf, 0xfe,
    0xdf, 0xfa, 0x0, 0x0, 0xc, 0xff, 0xff, 0xfe,
    0xdf, 0xfa, 0x0, 0x0, 0x2, 0xff, 0xff, 0xfe,
    0xdf, 0xfa, 0x0, 0x0, 0x0, 0x8f, 0xff, 0xfe,
    0xdf, 0xfa, 0x0, 0x0, 0x0, 0xe, 0xff, 0xfe,
    0xdf, 0xfa, 0x0, 0x0, 0x0, 0x5, 0xff, 0xfe,
    0xcf, 0xfa, 0x0, 0x0, 0x0, 0x0, 0xbf, 0xfd,

    /* U+0158 "Ř" */
    0x0, 0x4a, 0xa3, 0x0, 0x6a, 0xa1, 0x0, 0x0,
    0x0, 0xd, 0xfe, 0x14, 0xff, 0x90, 0x0, 0x0,
    0x0, 0x3, 0xff, 0xbe, 0xfd, 0x0, 0x0, 0x0,
    0x0, 0x0, 0x7f, 0xff, 0xf2, 0x0, 0x0, 0x0,
    0x0, 0x0, 0x1, 0x22, 0x10, 0x0, 0x0, 0x0,
    0x0, 0x0, 0x0, 0x0, 0x0, 0x0, 0x0, 0x0,
    0xcf, 0xff, 0xff, 0xff, 0xfe, 0xc6, 0x0, 0x0,
    0xdf, 0xff, 0xff, 0xff, 0xff, 0xff, 0xd2, 0x0,
    0xdf, 0xff, 0xff, 0xff, 0xff, 0xff, 0xfd, 0x0,
    0xdf, 0xfa, 0x0, 0x0, 0x3, 0xcf, 0xff, 0x70,
    0xdf, 0xfa, 0x0, 0x0, 0x0, 0xe, 0xff, 0xc0,
    0xdf, 0xfa, 0x0, 0x0, 0x0, 0x9, 0xff, 0xf0,
    0xdf, 0xfa, 0x0, 0x0, 0x0, 0x8, 0xff, 0xf0,
    0xdf, 0xfa, 0x0, 0x0, 0x0, 0xc, 0xff, 0xd0,
    0xdf, 0xfa, 0x0, 0x0, 0x0, 0x8f, 0xff, 0x80,
    0xdf, 0xfe, 0xbb, 0xbb, 0xce, 0xff, 0xfe, 0x10,
    0xdf, 0xff, 0xff, 0xff, 0xff, 0xff, 0xe2, 0x0,
    0xdf, 0xff, 0xff, 0xff, 0xff, 0xf6, 0x0, 0x0,
    0xdf, 0xfa, 0x0, 0x3, 0xff, 0xf3, 0x0, 0x0,
    0xdf, 0xfa, 0x0, 0x0, 0xcf, 0xfb, 0x0, 0x0,
    0xdf, 0xfa, 0x0, 0x0, 0x4f, 0xff, 0x30, 0x0,
    0xdf, 0xfa, 0x0, 0x0, 0xd, 0xff, 0xa0, 0x0,
    0xdf, 0xfa, 0x0, 0x0, 0x6, 0xff, 0xf2, 0x0,
    0xdf, 0xfa, 0x0, 0x0, 0x0, 0xef, 0xfa, 0x0,
    0xdf, 0xfa, 0x0, 0x0, 0x0, 0x7f, 0xff, 0x20,
    0xdf, 0xfa, 0x0, 0x0, 0x0, 0xf, 0xff, 0x90,
    0xcf, 0xfa, 0x0, 0x0, 0x0, 0x8, 0xff, 0xf1,

    /* U+0160 "Š" */
    0x0, 0x4, 0xaa, 0x40, 0x6, 0xaa, 0x10, 0x0,
    0x0, 0x0, 0xdf, 0xe1, 0x3f, 0xf9, 0x0, 0x0,
    0x0, 0x0, 0x3f, 0xfb, 0xdf, 0xd0, 0x0, 0x0,
    0x0, 0x0, 0x7, 0xff, 0xff, 0x30, 0x0, 0x0,
    0x0, 0x0, 0x0, 0x12, 0x21, 0x0, 0x0, 0x0,
    0x0, 0x0, 0x0, 0x23, 0x20, 0x0, 0x0, 0x0,
    0x0, 0x4, 0xbf, 0xff, 0xff, 0xc7, 0x0, 0x0,
    0x0, 0xaf, 0xff, 0xff, 0xff, 0xff, 0xe3, 0x0,
    0x8, 0xff, 0xff, 0xec, 0xef, 0xff, 0xfe, 0x20,
    0x1f, 0xff, 0xd2, 0x0, 0x2, 0xaf, 0xff, 0xa0,
    0x5f, 0xff, 0x30, 0x0, 0x0, 0xa, 0xff, 0xf0,
    0x6f, 0xff, 0x0, 0x0, 0x0, 0x3, 0xff, 0xf3,
    0x4f, 0xff, 0x40, 0x0, 0x0, 0x1, 0xcd, 0xc2,
    0xe, 0xff, 0xe5, 0x0, 0x0, 0x0, 0x0, 0x0,
    0x6, 0xff, 0xff, 0xd6, 0x10, 0x0, 0x0, 0x0,
    0x0, 0x7f, 0xff, 0xff, 0xfa, 0x40, 0x0, 0x0,
    0x0, 0x3, 0xaf, 0xff, 0xff, 0xfc, 0x40, 0x0,
    0x0, 0x0, 0x2, 0x8e, 0xff, 0xff, 0xf9, 0x0,
    0x0, 0x0, 0x0, 0x0, 0x5c, 0xff, 0xff, 0x70,
    0x0, 0x0, 0x0, 0x0, 0x0, 0x4e, 0xff, 0xf1,
    0xae, 0xe8, 0x0, 0x0, 0x0, 0x5, 0xff, 0xf4,
    0xbf, 0xfb, 0x0, 0x0, 0x0, 0x1, 0xff, 0xf6,
    0x8f, 0xff, 0x20, 0x0, 0x0, 0x5, 0xff, 0xf4,
    0x3f, 0xff, 0xe6, 0x0, 0x0, 0x4e, 0xff, 0xf0,
    0xa, 0xff, 0xff, 0xfd, 0xce, 0xff, 0xff, 0x70,
    0x0, 0xaf, 0xff, 0xff, 0xff, 0xff, 0xf8, 0x0,
    0x0, 0x4, 0xaf, 0xff, 0xff, 0xfa, 0x30, 0x0,
    0x0, 0x0, 0x0, 0x13, 0x32, 0x0, 0x0, 0x0,

    /* U+0164 "Ť" */
    0x0, 0x5, 0x99, 0x20, 0x7, 0x99, 0x0, 0x0,
    0x0, 0x2, 0xff, 0xc0, 0x6f, 0xf7, 0x0, 0x0,
    0x0, 0x0, 0x6f, 0xf9, 0xff, 0xb0, 0x0, 0x0,
    0x0, 0x0, 0xa, 0xff, 0xfe, 0x10, 0x0, 0x0,
    0x0, 0x0, 0x0, 0x33, 0x31, 0x0, 0x0, 0x0,
    0x0, 0x0, 0x0, 0x0, 0x0, 0x0, 0x0, 0x0,
    0xff, 0xff, 0xff, 0xff, 0xff, 0xff, 0xff, 0xf4,
    0xff, 0xff, 0xff, 0xff, 0xff, 0xff, 0xff, 0xf5,
    0xff, 0xff, 0xff, 0xff, 0xff, 0xff, 0xff, 0xf5,
    0x0, 0x0, 0x3, 0xff, 0xf5, 0x0, 0x0, 0x0,
    0x0, 0x0, 0x2, 0xff, 0xf5, 0x0, 0x0, 0x0,
    0x0, 0x0, 0x2, 0xff, 0xf5, 0x0, 0x0, 0x0,
    0x0, 0x0, 0x2, 0xff, 0xf5, 0x0, 0x0, 0x0,
    0x0, 0x0, 0x2, 0xff, 0xf5, 0x0, 0x0, 0x0,
    0x0, 0x0, 0x2, 0xff, 0xf5, 0x0, 0x0, 0x0,
    0x0, 0x0, 0x2, 0xff, 0xf5, 0x0, 0x0, 0x0,
    0x0, 0x0, 0x2, 0xff, 0xf5, 0x0, 0x0, 0x0,
    0x0, 0x0, 0x2, 0xff, 0xf5, 0x0, 0x0, 0x0,
    0x0, 0x0, 0x2, 0xff, 0xf5, 0x0, 0x0, 0x0,
    0x0, 0x0, 0x2, 0xff, 0xf5, 0x0, 0x0, 0x0,
    0x0, 0x0, 0x2, 0xff, 0xf5, 0x0, 0x0, 0x0,
    0x0, 0x0, 0x2, 0xff, 0xf5, 0x0, 0x0, 0x0,
    0x0, 0x0, 0x2, 0xff, 0xf5, 0x0, 0x0, 0x0,
    0x0, 0x0, 0x2, 0xff, 0xf5, 0x0, 0x0, 0x0,
    0x0, 0x0, 0x2, 0xff, 0xf5, 0x0, 0x0, 0x0,
    0x0, 0x0, 0x2, 0xff, 0xf5, 0x0, 0x0, 0x0,
    0x0, 0x0, 0x2, 0xff, 0xf4, 0x0, 0x0, 0x0,

    /* U+016E "Ů" */
    0x0, 0x0, 0x3, 0xac, 0xa3, 0x0, 0x0, 0x0,
    0x0, 0x0, 0x4f, 0xff, 0xff, 0x50, 0x0, 0x0,
    0x0, 0x0, 0xdf, 0x71, 0x6f, 0xe0, 0x0, 0x0,
    0x0, 0x0, 0xfe, 0x0, 0xd, 0xf1, 0x0, 0x0,
    0x0, 0x0, 0xff, 0x20, 0x1f, 0xf0, 0x0, 0x0,
    0x0, 0x0, 0x9f, 0xea, 0xef, 0xa0, 0x0, 0x0,
    0x0, 0x0, 0xa, 0xff, 0xfb, 0x0, 0x0, 0x0,
    0x0, 0x0, 0x0, 0x24, 0x20, 0x0, 0x0, 0x0,
    0x0, 0x0, 0x0, 0x0, 0x0, 0x0, 0x0, 0x0,
    0xff, 0xf7, 0x0, 0x0, 0x0, 0x5, 0xff, 0xf0,
    0xff, 0xf7, 0x0, 0x0, 0x0, 0x6, 0xff, 0xf1,
    0xff, 0xf7, 0x0, 0x0, 0x0, 0x6, 0xff, 0xf1,
    0xff, 0xf7, 0x0, 0x0, 0x0, 0x6, 0xff, 0xf1,
    0xff, 0xf7, 0x0, 0x0, 0x0, 0x6, 0xff, 0xf1,
    0xff, 0xf7, 0x0, 0x0, 0x0, 0x6, 0xff, 0xf1,
    0xff, 0xf7, 0x0, 0x0, 0x0, 0x6, 0xff, 0xf1,
    0xff, 0xf7, 0x0, 0x0, 0x0, 0x6, 0xff, 0xf1,
    0xff, 0xf7, 0x0, 0x0, 0x0, 0x6, 0xff, 0xf1,
    0xff, 0xf7, 0x0, 0x0, 0x0, 0x6, 0xff, 0xf1,
    0xff, 0xf7, 0x0, 0x0, 0x0, 0x6, 0xff, 0xf1,
    0xff, 0xf7, 0x0, 0x0, 0x0, 0x6, 0xff, 0xf1,
    0xff, 0xf7, 0x0, 0x0, 0x0, 0x6, 0xff, 0xf1,
    0xff, 0xf7, 0x0, 0x0, 0x0, 0x6, 0xff, 0xf1,
    0xff, 0xf8, 0x0, 0x0, 0x0, 0x6, 0xff, 0xf0,
    0xdf, 0xfa, 0x0, 0x0, 0x0, 0x9, 0xff, 0xe0,
    0x9f, 0xff, 0x20, 0x0, 0x0, 0x1f, 0xff, 0xb0,
    0x3f, 0xff, 0xe3, 0x0, 0x3, 0xdf, 0xff, 0x40,
    0x9, 0xff, 0xff, 0xec, 0xdf, 0xff, 0xfa, 0x0,
    0x0, 0x9f, 0xff, 0xff, 0xff, 0xff, 0xa0, 0x0,
    0x0, 0x4, 0xbf, 0xff, 0xff, 0xb5, 0x0, 0x0,
    0x0, 0x0, 0x0, 0x23, 0x20, 0x0, 0x0, 0x0,

    /* U+017D "Ž" */
    0x0, 0x9, 0xa9, 0x0, 0x1a, 0xa6, 0x0, 0x0,
    0x0, 0x6f, 0xf8, 0xb, 0xff, 0x20, 0x0, 0x0,
    0x0, 0xaf, 0xfa, 0xff, 0x60, 0x0, 0x0, 0x0,
    0x1, 0xef, 0xff, 0xa0, 0x0, 0x0, 0x0, 0x0,
    0x0, 0x22, 0x20, 0x0, 0x0, 0x0, 0x0, 0x0,
    0x0, 0x0, 0x0, 0x0, 0x0, 0xdf, 0xff, 0xff,
    0xff, 0xff, 0xff, 0xff, 0x4e, 0xff, 0xff, 0xff,
    0xff, 0xff, 0xff, 0xf5, 0xdf, 0xff, 0xff, 0xff,
    0xff, 0xff, 0xff, 0x50, 0x0, 0x0, 0x0, 0x0,
    0xd, 0xff, 0xf1, 0x0, 0x0, 0x0, 0x0, 0x8,
    0xff, 0xf6, 0x0, 0x0, 0x0, 0x0, 0x4, 0xff,
    0xfa, 0x0, 0x0, 0x0, 0x0, 0x0, 0xef, 0xfe,
    0x10, 0x0, 0x0, 0x0, 0x0, 0xaf, 0xff, 0x40,
    0x0, 0x0, 0x0, 0x0, 0x5f, 0xff, 0x90, 0x0,
    0x0, 0x0, 0x0, 0x1e, 0xff, 0xd0, 0x0, 0x0,
    0x0, 0x0, 0xb, 0xff, 0xf3, 0x0, 0x0, 0x0,
    0x0, 0x7, 0xff, 0xf7, 0x0, 0x0, 0x0, 0x0,
    0x2, 0xff, 0xfc, 0x0, 0x0, 0x0, 0x0, 0x0,
    0xdf, 0xff, 0x20, 0x0, 0x0, 0x0, 0x0, 0x8f,
    0xff, 0x60, 0x0, 0x0, 0x0, 0x0, 0x3f, 0xff,
    0xa0, 0x0, 0x0, 0x0, 0x0, 0xe, 0xff, 0xe1,
    0x0, 0x0, 0x0, 0x0, 0x9, 0xff, 0xf4, 0x0,
    0x0, 0x0, 0x0, 0x0, 0xef, 0xff, 0xff, 0xff,
    0xff, 0xff, 0xff, 0x4e, 0xff, 0xff, 0xff, 0xff,
    0xff, 0xff, 0xf5, 0xdf, 0xff, 0xff, 0xff, 0xff,
    0xff, 0xff, 0x40
};


/*---------------------
 *  GLYPH DESCRIPTION
 *--------------------*/

static const lv_font_fmt_txt_glyph_dsc_t glyph_dsc[] = {
    {.bitmap_index = 0, .adv_w = 0, .box_w = 0, .box_h = 0, .ofs_x = 0, .ofs_y = 0} /* id = 0 reserved */,
    {.bitmap_index = 0, .adv_w = 96, .box_w = 0, .box_h = 0, .ofs_x = 0, .ofs_y = 0},
    {.bitmap_index = 0, .adv_w = 161, .box_w = 6, .box_h = 22, .ofs_x = 2, .ofs_y = 0},
    {.bitmap_index = 66, .adv_w = 156, .box_w = 10, .box_h = 7, .ofs_x = 0, .ofs_y = 15},
    {.bitmap_index = 101, .adv_w = 325, .box_w = 18, .box_h = 21, .ofs_x = 1, .ofs_y = 0},
    {.bitmap_index = 290, .adv_w = 272, .box_w = 15, .box_h = 27, .ofs_x = 1, .ofs_y = -3},
    {.bitmap_index = 493, .adv_w = 400, .box_w = 21, .box_h = 22, .ofs_x = 2, .ofs_y = 0},
    {.bitmap_index = 724, .adv_w = 330, .box_w = 19, .box_h = 22, .ofs_x = 1, .ofs_y = 0},
    {.bitmap_index = 933, .adv_w = 74, .box_w = 5, .box_h = 7, .ofs_x = 0, .ofs_y = 15},
    {.bitmap_index = 951, .adv_w = 152, .box_w = 9, .box_h = 27, .ofs_x = -1, .ofs_y = -3},
    {.bitmap_index = 1073, .adv_w = 152, .box_w = 8, .box_h = 27, .ofs_x = 2, .ofs_y = -3},
    {.bitmap_index = 1181, .adv_w = 191, .box_w = 12, .box_h = 11, .ofs_x = 0, .ofs_y = 12},
    {.bitmap_index = 1247, .adv_w = 236, .box_w = 14, .box_h = 14, .ofs_x = 0, .ofs_y = 2},
    {.bitmap_index = 1345, .adv_w = 127, .box_w = 5, .box_h = 8, .ofs_x = 1, .ofs_y = -3},
    {.bitmap_index = 1365, .adv_w = 194, .box_w = 12, .box_h = 4, .ofs_x = 0, .ofs_y = 8},
    {.bitmap_index = 1389, .adv_w = 131, .box_w = 6, .box_h = 5, .ofs_x = 1, .ofs_y = 0},
    {.bitmap_index = 1404, .adv_w = 215, .box_w = 12, .box_h = 22, .ofs_x = 0, .ofs_y = 0},
    {.bitmap_index = 1536, .adv_w = 273, .box_w = 15, .box_h = 22, .ofs_x = 1, .ofs_y = 0},
    {.bitmap_index = 1701, .adv_w = 169, .box_w = 8, .box_h = 22, .ofs_x = 1, .ofs_y = 0},
    {.bitmap_index = 1789, .adv_w = 264, .box_w = 15, .box_h = 22, .ofs_x = 1, .ofs_y = 0},
    {.bitmap_index = 1954, .adv_w = 255, .box_w = 14, .box_h = 22, .ofs_x = 1, .ofs_y = 0},
    {.bitmap_index = 2108, .adv_w = 281, .box_w = 16, .box_h = 22, .ofs_x = 1, .ofs_y = 0},
    {.bitmap_index = 2284, .adv_w = 254, .box_w = 14, .box_h = 22, .ofs_x = 1, .ofs_y = 0},
    {.bitmap_index = 2438, .adv_w = 254, .box_w = 14, .box_h = 22, .ofs_x = 1, .ofs_y = 0},
    {.bitmap_index = 2592, .adv_w = 234, .box_w = 15, .box_h = 22, .ofs_x = 0, .ofs_y = 0},
    {.bitmap_index = 2757, .adv_w = 256, .box_w = 14, .box_h = 22, .ofs_x = 1, .ofs_y = 0},
    {.bitmap_index = 2911, .adv_w = 253, .box_w = 14, .box_h = 22, .ofs_x = 1, .ofs_y = 0},
    {.bitmap_index = 3065, .adv_w = 170, .box_w = 5, .box_h = 15, .ofs_x = 3, .ofs_y = 0},
    {.bitmap_index = 3103, .adv_w = 151, .box_w = 6, .box_h = 18, .ofs_x = 2, .ofs_y = -3},
    {.bitmap_index = 3157, .adv_w = 236, .box_w = 14, .box_h = 15, .ofs_x = 0, .ofs_y = 1},
    {.bitmap_index = 3262, .adv_w = 236, .box_w = 14, .box_h = 10, .ofs_x = 0, .ofs_y = 5},
    {.bitmap_index = 3332, .adv_w = 236, .box_w = 14, .box_h = 15, .ofs_x = 0, .ofs_y = 1},
    {.bitmap_index = 3437, .adv_w = 240, .box_w = 14, .box_h = 22, .ofs_x = 0, .ofs_y = 0},
    {.bitmap_index = 3591, .adv_w = 394, .box_w = 23, .box_h = 23, .ofs_x = 1, .ofs_y = -3},
    {.bitmap_index = 3856, .adv_w = 311, .box_w = 19, .box_h = 22, .ofs_x = 0, .ofs_y = 0},
    {.bitmap_index = 4065, .adv_w = 299, .box_w = 15, .box_h = 22, .ofs_x = 2, .ofs_y = 0},
    {.bitmap_index = 4230, .adv_w = 292, .box_w = 16, .box_h = 22, .ofs_x = 1, .ofs_y = 0},
    {.bitmap_index = 4406, .adv_w = 297, .box_w = 16, .box_h = 22, .ofs_x = 2, .ofs_y = 0},
    {.bitmap_index = 4582, .adv_w = 284, .box_w = 15, .box_h = 22, .ofs_x = 2, .ofs_y = 0},
    {.bitmap_index = 4747, .adv_w = 270, .box_w = 15, .box_h = 22, .ofs_x = 2, .ofs_y = 0},
    {.bitmap_index = 4912, .adv_w = 294, .box_w = 16, .box_h = 22, .ofs_x = 1, .ofs_y = 0},
    {.bitmap_index = 5088, .adv_w = 306, .box_w = 16, .box_h = 22, .ofs_x = 2, .ofs_y = 0},
    {.bitmap_index = 5264, .adv_w = 126, .box_w = 4, .box_h = 22, .ofs_x = 2, .ofs_y = 0},
    {.bitmap_index = 5308, .adv_w = 279, .box_w = 16, .box_h = 22, .ofs_x = 0, .ofs_y = 0},
    {.bitmap_index = 5484, .adv_w = 298, .box_w = 16, .box_h = 22, .ofs_x = 2, .ofs_y = 0},
    {.bitmap_index = 5660, .adv_w = 274, .box_w = 15, .box_h = 22, .ofs_x = 2, .ofs_y = 0},
    {.bitmap_index = 5825, .adv_w = 343, .box_w = 18, .box_h = 22, .ofs_x = 2, .ofs_y = 0},
    {.bitmap_index = 6023, .adv_w = 321, .box_w = 16, .box_h = 22, .ofs_x = 2, .ofs_y = 0},
    {.bitmap_index = 6199, .adv_w = 298, .box_w = 16, .box_h = 22, .ofs_x = 1, .ofs_y = 0},
    {.bitmap_index = 6375, .adv_w = 286, .box_w = 15, .box_h = 22, .ofs_x = 2, .ofs_y = 0},
    {.bitmap_index = 6540, .adv_w = 282, .box_w = 16, .box_h = 26, .ofs_x = 1, .ofs_y = -4},
    {.bitmap_index = 6748, .adv_w = 294, .box_w = 16, .box_h = 22, .ofs_x = 2, .ofs_y = 0},
    {.bitmap_index = 6924, .adv_w = 284, .box_w = 16, .box_h = 22, .ofs_x = 1, .ofs_y = 0},
    {.bitmap_index = 7100, .adv_w = 278, .box_w = 16, .box_h = 22, .ofs_x = 1, .ofs_y = 0},
    {.bitmap_index = 7276, .adv_w = 305, .box_w = 16, .box_h = 22, .ofs_x = 2, .ofs_y = 0},
    {.bitmap_index = 7452, .adv_w = 293, .box_w = 18, .box_h = 22, .ofs_x = 0, .ofs_y = 0},
    {.bitmap_index = 7650, .adv_w = 421, .box_w = 26, .box_h = 22, .ofs_x = 0, .ofs_y = 0},
    {.bitmap_index = 7936, .adv_w = 296, .box_w = 18, .box_h = 22, .ofs_x = 0, .ofs_y = 0},
    {.bitmap_index = 8134, .adv_w = 288, .box_w = 18, .box_h = 22, .ofs_x = 0, .ofs_y = 0},
    {.bitmap_index = 8332, .adv_w = 266, .box_w = 15, .box_h = 22, .ofs_x = 1, .ofs_y = 0},
    {.bitmap_index = 8497, .adv_w = 193, .box_w = 8, .box_h = 29, .ofs_x = 1, .ofs_y = -4},
    {.bitmap_index = 8613, .adv_w = 215, .box_w = 12, .box_h = 22, .ofs_x = 1, .ofs_y = 0},
    {.bitmap_index = 8745, .adv_w = 193, .box_w = 9, .box_h = 29, .ofs_x = 3, .ofs_y = -4},
    {.bitmap_index = 8876, .adv_w = 223, .box_w = 13, .box_h = 13, .ofs_x = 0, .ofs_y = 9},
    {.bitmap_index = 8961, .adv_w = 244, .box_w = 15, .box_h = 3, .ofs_x = 0, .ofs_y = 0},
    {.bitmap_index = 8984, .adv_w = 105, .box_w = 6, .box_h = 4, .ofs_x = 0, .ofs_y = 18},
    {.bitmap_index = 8996, .adv_w = 251, .box_w = 15, .box_h = 16, .ofs_x = 0, .ofs_y = 0},
    {.bitmap_index = 9116, .adv_w = 268, .box_w = 15, .box_h = 22, .ofs_x = 1, .ofs_y = 0},
    {.bitmap_index = 9281, .adv_w = 255, .box_w = 14, .box_h = 16, .ofs_x = 1, .ofs_y = 0},
    {.bitmap_index = 9393, .adv_w = 268, .box_w = 14, .box_h = 22, .ofs_x = 1, .ofs_y = 0},
    {.bitmap_index = 9547, .adv_w = 260, .box_w = 14, .box_h = 16, .ofs_x = 1, .ofs_y = 0},
    {.bitmap_index = 9659, .adv_w = 180, .box_w = 11, .box_h = 22, .ofs_x = 0, .ofs_y = 0},
    {.bitmap_index = 9780, .adv_w = 264, .box_w = 14, .box_h = 22, .ofs_x = 1, .ofs_y = -6},
    {.bitmap_index = 9934, .adv_w = 261, .box_w = 14, .box_h = 22, .ofs_x = 1, .ofs_y = 0},
    {.bitmap_index = 10088, .adv_w = 122, .box_w = 5, .box_h = 23, .ofs_x = 1, .ofs_y = 0},
    {.bitmap_index = 10146, .adv_w = 120, .box_w = 8, .box_h = 29, .ofs_x = -2, .ofs_y = -6},
    {.bitmap_index = 10262, .adv_w = 251, .box_w = 14, .box_h = 22, .ofs_x = 1, .ofs_y = 0},
    {.bitmap_index = 10416, .adv_w = 115, .box_w = 5, .box_h = 22, .ofs_x = 1, .ofs_y = 0},
    {.bitmap_index = 10471, .adv_w = 398, .box_w = 23, .box_h = 16, .ofs_x = 1, .ofs_y = 0},
    {.bitmap_index = 10655, .adv_w = 261, .box_w = 14, .box_h = 16, .ofs_x = 1, .ofs_y = 0},
    {.bitmap_index = 10767, .adv_w = 267, .box_w = 15, .box_h = 16, .ofs_x = 1, .ofs_y = 0},
    {.bitmap_index = 10887, .adv_w = 270, .box_w = 14, .box_h = 22, .ofs_x = 2, .ofs_y = -6},
    {.bitmap_index = 11041, .adv_w = 270, .box_w = 14, .box_h = 22, .ofs_x = 1, .ofs_y = -6},
    {.bitmap_index = 11195, .adv_w = 180, .box_w = 10, .box_h = 16, .ofs_x = 1, .ofs_y = 0},
    {.bitmap_index = 11275, .adv_w = 237, .box_w = 13, .box_h = 16, .ofs_x = 1, .ofs_y = 0},
    {.bitmap_index = 11379, .adv_w = 180, .box_w = 10, .box_h = 20, .ofs_x = 0, .ofs_y = 0},
    {.bitmap_index = 11479, .adv_w = 260, .box_w = 14, .box_h = 16, .ofs_x = 1, .ofs_y = 0},
    {.bitmap_index = 11591, .adv_w = 242, .box_w = 15, .box_h = 16, .ofs_x = 0, .ofs_y = 0},
    {.bitmap_index = 11711, .adv_w = 365, .box_w = 23, .box_h = 16, .ofs_x = 0, .ofs_y = 0},
    {.bitmap_index = 11895, .adv_w = 248, .box_w = 15, .box_h = 16, .ofs_x = 0, .ofs_y = 0},
    {.bitmap_index = 12015, .adv_w = 235, .box_w = 15, .box_h = 22, .ofs_x = 0, .ofs_y = -6},
    {.bitmap_index = 12180, .adv_w = 218, .box_w = 13, .box_h = 16, .ofs_x = 0, .ofs_y = 0},
    {.bitmap_index = 12284, .adv_w = 168, .box_w = 9, .box_h = 29, .ofs_x = 1, .ofs_y = -4},
    {.bitmap_index = 12415, .adv_w = 91, .box_w = 4, .box_h = 26, .ofs_x = 1, .ofs_y = -2},
    {.bitmap_index = 12467, .adv_w = 168, .box_w = 9, .box_h = 29, .ofs_x = 1, .ofs_y = -4},
    {.bitmap_index = 12598, .adv_w = 251, .box_w = 15, .box_h = 5, .ofs_x = 0, .ofs_y = 7},
    {.bitmap_index = 12636, .adv_w = 181, .box_w = 11, .box_h = 11, .ofs_x = 0, .ofs_y = 15},
    {.bitmap_index = 12697, .adv_w = 311, .box_w = 19, .box_h = 27, .ofs_x = 0, .ofs_y = 0},
    {.bitmap_index = 12954, .adv_w = 284, .box_w = 15, .box_h = 27, .ofs_x = 2, .ofs_y = 0},
    {.bitmap_index = 13157, .adv_w = 126, .box_w = 6, .box_h = 27, .ofs_x = 2, .ofs_y = 0},
    {.bitmap_index = 13238, .adv_w = 298, .box_w = 16, .box_h = 28, .ofs_x = 1, .ofs_y = 0},
    {.bitmap_index = 13462, .adv_w = 210, .box_w = 12, .box_h = 12, .ofs_x = 1, .ofs_y = 4},
    {.bitmap_index = 13534, .adv_w = 305, .box_w = 16, .box_h = 28, .ofs_x = 2, .ofs_y = 0},
    {.bitmap_index = 13758, .adv_w = 288, .box_w = 18, .box_h = 27, .ofs_x = 0, .ofs_y = 0},
    {.bitmap_index = 14001, .adv_w = 292, .box_w = 16, .box_h = 28, .ofs_x = 1, .ofs_y = -1},
    {.bitmap_index = 14225, .adv_w = 297, .box_w = 16, .box_h = 27, .ofs_x = 2, .ofs_y = 0},
    {.bitmap_index = 14441, .adv_w = 284, .box_w = 15, .box_h = 27, .ofs_x = 2, .ofs_y = 0},
    {.bitmap_index = 14644, .adv_w = 321, .box_w = 16, .box_h = 27, .ofs_x = 2, .ofs_y = 0},
    {.bitmap_index = 14860, .adv_w = 294, .box_w = 16, .box_h = 27, .ofs_x = 2, .ofs_y = 0},
    {.bitmap_index = 15076, .adv_w = 284, .box_w = 16, .box_h = 28, .ofs_x = 1, .ofs_y = -1},
    {.bitmap_index = 15300, .adv_w = 278, .box_w = 16, .box_h = 27, .ofs_x = 1, .ofs_y = 0},
    {.bitmap_index = 15516, .adv_w = 305, .box_w = 16, .box_h = 31, .ofs_x = 2, .ofs_y = -1},
    {.bitmap_index = 15764, .adv_w = 266, .box_w = 15, .box_h = 27, .ofs_x = 1, .ofs_y = 0}
};

/*---------------------
 *  CHARACTER MAPPING
 *--------------------*/

static const uint16_t unicode_list_1[] = {
    0x0, 0x11, 0x19, 0x1d, 0x23, 0x27, 0x2a, 0x2d,
    0x5c, 0x5e, 0x6a, 0x97, 0xa8, 0xb0, 0xb4, 0xbe,
    0xcd
};

/*Collect the unicode lists and glyph_id offsets*/
static const lv_font_fmt_txt_cmap_t cmaps[] =
{
    {
        .range_start = 32, .range_length = 95, .glyph_id_start = 1,
        .unicode_list = NULL, .glyph_id_ofs_list = NULL, .list_length = 0, .type = LV_FONT_FMT_TXT_CMAP_FORMAT0_TINY
    },
    {
        .range_start = 176, .range_length = 206, .glyph_id_start = 96,
        .unicode_list = unicode_list_1, .glyph_id_ofs_list = NULL, .list_length = 17, .type = LV_FONT_FMT_TXT_CMAP_SPARSE_TINY
    }
};

/*-----------------
 *    KERNING
 *----------------*/


/*Map glyph_ids to kern left classes*/
static const uint8_t kern_left_class_mapping[] =
{
    0, 0, 0, 1, 0, 0, 0, 0,
    1, 0, 0, 0, 0, 2, 3, 2,
    4, 5, 6, 7, 8, 9, 5, 10,
    11, 5, 12, 0, 0, 0, 0, 0,
    0, 0, 13, 14, 15, 14, 16, 17,
    15, 18, 19, 20, 21, 22, 0, 23,
    15, 24, 25, 26, 27, 28, 20, 29,
    29, 30, 31, 0, 0, 0, 0, 0,
    0, 0, 32, 33, 34, 0, 35, 36,
    37, 33, 38, 0, 39, 40, 33, 33,
    3, 33, 37, 41, 42, 43, 0, 44,
    44, 45, 44, 0, 0, 0, 0, 0,
    0, 13, 0, 0, 15, 0, 20, 0,
    46, 47, 0, 0, 48, 49, 50, 51,
    0
};

/*Map glyph_ids to kern right classes*/
static const uint8_t kern_right_class_mapping[] =
{
    0, 0, 0, 1, 0, 0, 0, 0,
    1, 0, 0, 0, 0, 2, 3, 2,
    4, 5, 6, 0, 7, 8, 0, 0,
    9, 0, 0, 10, 10, 0, 0, 0,
    11, 0, 12, 13, 14, 13, 13, 13,
    14, 15, 0, 16, 17, 0, 0, 13,
    14, 13, 14, 0, 18, 19, 20, 21,
    21, 22, 23, 24, 0, 0, 0, 0,
    0, 0, 25, 26, 3, 3, 3, 27,
    28, 26, 29, 30, 26, 31, 32, 32,
    3, 32, 28, 32, 33, 27, 34, 35,
    35, 36, 35, 37, 0, 0, 0, 0,
    0, 12, 13, 0, 14, 0, 0, 23,
    38, 0, 0, 0, 0, 39, 40, 0,
    0
};

/*Kern values between classes*/
static const int8_t kern_class_values[] =
{
    0, 0, 0, 0, 0, 0, 0, -8,
    0, 0, 0, 0, 0, 0, 0, 0,
    0, 0, 0, 0, 0, 0, 0, 0,
    0, 0, 0, 0, 0, 0, 0, 0,
    0, 0, 0, 0, 0, 0, 0, 0,
    0, 0, 0, 0, -14, 0, 0, 0,
    0, 0, 0, 0, 0, 0, 0, 0,
    0, 0, 0, 0, 0, 0, 0, 0,
    0, 0, 0, 0, 0, 0, 0, 0,
    0, 0, 0, 0, 0, 0, 0, 0,
    -11, -6, 0, -3, 0, 0, 0, 0,
    -30, 0, 0, 0, 0, 0, 0, 0,
    0, 0, -16, 0, 0, 0, 0, 0,
    0, 0, -5, 0, 0, 0, 0, 0,
    0, 0, -12, -11, 0, 0, 0, 0,
    0, 0, -34, 0, 0, 0, 0, 0,
    0, 0, 0, -41, 0, -8, 0, -4,
    0, 0, 0, 0, 0, 0, 5, 0,
    -41, 0, -8, -34, 0, 0, 0, -11,
    -19, 0, -14, 0, 0, 0, 0, 0,
    0, 0, 0, 0, 0, -8, 0, 0,
    0, 0, 0, 0, 0, 0, 0, 0,
    0, 0, 0, 0, 0, 0, 0, 0,
    0, 0, 0, 0, 0, 0, 0, 0,
    0, 0, 0, 0, 0, 0, 0, 0,
    0, 0, 0, 0, 0, 3, 0, 0,
    0, 0, 0, 0, 0, 0, 0, 0,
    0, 0, 0, 0, 0, 0, 0, 0,
    0, 0, 0, 0, 0, 0, 0, 0,
    0, 0, 0, 0, 0, 0, 0, 0,
    0, 0, 0, 0, 0, -4, -5, 0,
    0, 0, 0, 0, 0, 0, 0, 0,
    0, 0, 0, 0, 0, 0, 0, 0,
    0, 0, 0, 0, 0, 0, 0, 0,
    0, 0, 0, 0, 0, 0, 0, 0,
    0, 0, 0, 0, 0, -2, 0, 0,
    0, 0, 0, 0, 0, 0, 0, 0,
    0, 0, 0, 0, 0, 0, 0, 0,
    0, 0, 0, 0, 0, 0, 0, 0,
    0, 0, 0, 0, 0, 0, 0, 0,
    -13, 0, 0, 0, 0, -46, 0, 0,
    -27, 0, 0, 0, 0, 0, 0, 0,
    0, 0, 0, 0, 0, 0, 0, 0,
    0, 0, 0, 0, 0, 0, 0, 0,
    0, 0, 0, 0, 0, 0, 0, 0,
    0, 0, 0, 0, 0, -5, 0, 0,
    0, 0, 0, 0, 0, 0, 0, 0,
    0, 0, 0, 0, 0, 0, 0, 0,
    0, 0, 0, 0, 0, 0, 0, 0,
    0, 0, 0, 0, 0, 0, 0, 0,
    0, -28, 0, -41, 0, 3, 0, 0,
    0, 0, 0, 0, 0, 0, 0, 0,
    0, 0, 0, 0, 0, 0, 0, 0,
    0, 0, 0, 0, 0, 0, 0, 0,
    0, 0, 0, 0, 0, 0, 0, 0,
    0, 0, 0, 0, 0, -10, 0, 0,
    0, 0, 0, 0, 0, 0, 0, 0,
    0, 0, 0, 0, 0, 0, 0, 0,
    0, 0, 0, 0, 0, 0, 0, 0,
    0, 0, 0, 0, 0, 0, 0, 0,
    -43, 0, -8, 6, 0, 0, 0, 0,
    0, 0, 0, 0, 0, -9, 0, 3,
    0, -20, -37, -5, -14, 0, -39, 6,
    0, 0, -11, -10, 0, 0, 0, 0,
    0, 0, -21, 0, 0, 0, 0, 0,
    0, -4, 0, 0, 0, 0, 0, 0,
    0, 0, 0, -16, 0, 0, 0, 0,
    0, 0, -8, 0, -12, -11, -15, 0,
    -2, 0, -4, -7, 0, 0, 0, 0,
    -6, -4, -2, 0, 0, 0, 0, 0,
    0, -2, 0, 0, 0, 0, 0, 0,
    0, 0, 0, -5, 0, 0, 0, 6,
    0, 0, -4, 0, -6, 0, -11, 0,
    -2, 0, 0, -4, 0, 0, 0, 0,
    0, 0, 0, 0, 0, 0, 0, 0,
    0, 0, 0, 0, 0, 0, 0, 0,
    0, 0, 0, 0, 0, 0, 0, 0,
    0, 0, 0, 0, 4, 0, 0, 0,
    0, 0, 0, 0, 0, 0, 0, 0,
    0, 0, 0, 0, 0, 0, 0, 0,
    0, -40, -25, -22, 0, 0, 0, 0,
    0, -5, 0, -33, 0, -1, 0, -26,
    0, 0, 0, 0, 0, 0, 0, 0,
    -21, 0, 0, -17, 0, 0, 0, -11,
    -21, -13, -23, -22, -11, 0, 0, 0,
    0, 0, 0, 0, 0, 0, 0, 0,
    0, 0, 0, 2, 0, 0, 0, 0,
    0, 0, 0, 0, 0, 0, 0, 0,
    0, 0, 0, 0, 0, 0, 0, 0,
    0, 0, 0, 0, 0, 0, 0, 0,
    0, 0, 0, 0, 0, 0, 0, 0,
    0, 0, 0, 0, 0, 0, -2, 0,
    0, 0, 0, 0, 0, 0, 0, 0,
    0, 0, 0, 0, 0, 0, 0, 0,
    0, 0, 0, 0, 0, 0, 0, 0,
    0, -4, 0, -8, 0, 0, 0, 0,
    0, 0, 0, -7, 0, -4, 0, 0,
    0, 0, 0, 0, 0, 0, 0, 0,
    0, 0, 0, 0, 0, 0, 0, 0,
    0, 0, 0, 0, 0, 0, 0, 0,
    0, 0, -13, 0, 0, 0, 0, 0,
    0, 0, 0, 8, 0, -11, 0, -9,
    0, -8, 0, 0, 0, 4, 0, 0,
    0, 0, 0, -11, 0, 0, 0, 0,
    -5, 0, -19, 0, 0, 0, 0, 0,
    -38, 0, 0, 0, 0, 0, 0, 0,
    0, 0, 0, 12, 0, -3, 0, 0,
    0, 0, -41, 0, -18, 0, -20, 0,
    0, 0, -8, 0, 0, 0, 0, 0,
    0, 0, -11, 0, 5, 0, 0, 0,
    0, 0, 0, 0, 0, 0, 0, 0,
    0, 0, 0, 0, -4, 0, 0, 0,
    0, 0, 0, 0, 0, 0, 0, 0,
    0, 0, 0, 0, 0, 0, 0, 0,
    0, 0, 0, 0, 0, 0, 0, 0,
    0, -11, -12, 0, 0, 0, 0, 0,
    0, 0, 0, -21, 0, 0, 0, -11,
    0, 0, 0, 0, -7, -13, -13, 0,
    -3, 0, 0, -8, 0, 0, 0, 0,
    -7, 0, 0, 0, 0, 0, 0, 0,
    0, -2, 0, 0, 0, 0, 0, 0,
    0, 0, 0, -11, 0, 0, 0, 6,
    0, 0, -5, 0, -13, -13, -23, 0,
    -2, 0, 0, -4, 0, 0, 0, 0,
    0, 0, 0, 0, 0, 0, 0, 0,
    0, 0, -3, 0, 0, 0, 0, 0,
    0, 0, 0, 11, 0, 0, 0, 0,
    0, 0, 0, 0, -8, 4, -11, 0,
    0, 0, 0, 0, 0, 0, 0, 0,
    0, 0, 0, 0, 0, 0, 0, 0,
    0, -4, 0, 0, 0, 0, 0, 0,
    0, 0, 0, 0, 0, 0, 0, 2,
    0, 0, -6, 0, -8, -16, -11, 0,
    -2, 0, 0, 0, 0, 0, 0, 0,
    0, 0, 0, 0, 0, 0, 0, 0,
    0, -27, -38, 0, 0, 0, 0, 0,
    0, 0, 0, -29, 0, -17, 0, -19,
    0, -2, 0, 0, 0, 0, 0, 0,
    -13, 0, -2, -29, -4, 0, 0, -27,
    -27, -22, -23, -25, 0, 0, 0, 0,
    0, -29, -27, -24, 0, 0, 0, 0,
    0, -24, 0, -47, -4, -14, 0, -19,
    -8, -8, 0, 0, 0, 0, 0, 0,
    -27, 0, 0, -25, 0, 0, 0, -6,
    -18, -8, -8, 0, 0, 0, 0, 0,
    0, 0, -14, 0, 0, 0, 0, 0,
    0, -3, 0, 0, -2, -11, 0, -5,
    0, -12, 0, 0, 0, 0, 0, 0,
    -8, 0, 0, -16, 0, 0, 0, 0,
    -3, 0, -13, 0, 0, 0, 0, 0,
    0, -44, -35, -24, 0, 0, 0, 0,
    0, -31, 0, -52, -4, -15, 0, -26,
    0, -11, 0, 0, 0, 0, 0, 0,
    -28, 0, -18, -40, 0, 0, 0, -24,
    -22, -18, -17, -18, -11, 0, 0, 0,
    -12, 0, 0, 0, 0, 0, 0, 0,
    0, 0, 0, 0, 0, 0, 0, 0,
    0, 0, -13, 0, 0, 0, -16, 0,
    0, 0, -4, 0, 0, 0, 0, 0,
    0, 0, -5, 0, 0, 0, 0, 0,
    -18, -6, -2, -3, 0, 0, 0, 0,
    0, 0, 0, 0, 0, 0, 0, 0,
    0, 0, 0, 0, 0, 0, 0, 0,
    0, 0, 0, 0, 0, 0, 0, 0,
    0, 0, -9, 0, 0, 0, 0, 0,
    -11, -12, -2, 0, 0, 0, 0, 0,
    0, 0, 0, 0, 0, 0, 0, 0,
    0, 0, 0, 0, 0, 0, 0, 0,
    0, 0, 0, 0, 0, 0, 0, 0,
    0, 0, -5, -8, 3, 0, 0, 0,
    -16, -10, 0, 0, 0, 0, 0, 0,
    0, 0, -2, 0, 0, 0, 0, 0,
    0, 0, 0, 0, 0, 0, 0, 0,
    -2, 0, -5, 0, 0, 0, 0, 0,
    -4, 0, -11, -10, 0, 0, 0, 0,
    4, -24, -17, -5, 0, 0, 0, 0,
    0, 0, 6, 0, 0, 0, 0, 0,
    0, 0, 0, 0, 0, 0, 0, 0,
    -5, 0, 0, -13, 0, 0, 0, 0,
    -7, 0, 0, 0, 0, 0, 0, 0,
    -4, 0, 0, 0, 0, 0, 0, 0,
    0, 0, 0, 0, 0, 0, 0, 0,
    0, 0, 0, 0, 0, 0, 0, 0,
    0, 0, 0, 0, 0, 2, 0, 0,
    -2, 0, 0, 0, 0, 0, 0, 0,
    0, 0, 0, 0, 0, 0, 0, 0,
    0, 0, 0, 0, 0, 0, 0, 0,
    0, 0, 0, 0, 0, 0, 0, 0,
    0, 0, 0, 0, 0, -5, 0, 0,
    0, 0, 0, 0, 0, 0, 0, 0,
    0, 0, -17, 0, 0, 0, 0, 0,
    0, 0, 0, 0, 0, 0, 0, 0,
    0, 0, 0, 0, 0, 0, 0, 0,
    -8, 0, 0, -12, 0, 0, 0, 0,
    -4, 0, 0, 0, 0, 0, 0, 0,
    0, 0, 0, 0, 0, 0, 0, 0,
    0, 0, 0, 0, 0, 0, 0, 0,
    0, 0, 0, 0, 0, 0, 0, 0,
    0, 1, 0, 0, 0, 0, 0, 0,
    0, 0, 0, 0, 0, 0, 0, 0,
    11, -18, -5, 0, 0, 0, 0, 0,
    0, 0, 6, 0, 0, 0, 0, 0,
    0, 0, 0, 0, 0, 0, 0, 0,
    -2, 0, 4, -9, 0, 0, 0, 0,
    -3, 0, 8, 0, 3, 0, 0, 0,
    -8, 0, 0, 0, 0, 0, 0, 0,
    0, 0, -2, 0, 0, 0, 0, 0,
    0, 0, 0, 0, 0, 0, 0, 0,
    0, 0, 0, 0, 0, 0, 0, 0,
    -5, 0, -16, -5, 0, 0, 0, 0,
    0, 0, -5, 0, 0, 0, 0, 0,
    0, 0, 0, 0, 0, 0, 0, 0,
    0, 0, 0, 0, 0, 0, 0, 0,
    0, 0, 0, -1, 0, 0, 0, 0,
    0, 0, 0, 0, 0, 0, 0, 0,
    0, -19, -13, -14, 0, 0, 0, 0,
    0, -8, 0, 0, 0, 0, 0, 0,
    0, 0, 0, 0, 0, 0, 0, 0,
    -11, 0, 0, -14, 0, 0, 0, 0,
    -16, 0, 0, 0, 0, 0, 0, 0,
    0, 0, -15, 0, 0, 0, 0, 0,
    0, -8, 0, 0, 0, 0, 0, 0,
    0, 0, 0, 0, 0, 0, 0, 0,
    0, 0, 0, -11, 0, 0, 0, 0,
    -3, 0, 0, 0, 0, 0, 0, 0,
    0, 0, 0, 0, 0, 0, 0, 0,
    0, 0, 0, 0, 0, 0, 0, 0,
    0, 0, 0, 0, 0, 0, 0, 0,
    0, 0, 0, 0, 0, 0, 0, 0,
    0, 0, 0, 0, 0, 0, 0, -4,
    0, 0, 0, 0, 0, 0, 0, 0,
    0, 0, 0, 0, 0, 0, 0, 0,
    0, 0, 0, 0, 0, 0, 0, 0,
    0, 0, 0, 0, 0, 0, 0, 0,
    0, 0, 0, 0, 0, 0, 0, -8,
    0, 0, 0, 0, 0, 0, 0, 0,
    0, 0, 0, 0, 0, 0, 0, 0,
    0, 0, 0, 0, 0, 0, 0, 0,
    0, 0, 0, 0, 0, 0, 0, 0,
    0, 0, 0, 0, 0, 0, 0, 0,
    0, 0, 0, 0, 0, 0, 0, 0,
    0, 0, 0, 0, 0, 0, 0, 0,
    0, 0, 0, 0, 0, 0, 0, 0,
    0, 0, 0, 0, 0, 0, 0, 0,
    0, 0, 0, 0, 0, 0, 0, -6,
    0, 0, 0, 0, 0, 0, 0, 0,
    0, 0, 0, 0, 0, 0, 0, 0,
    0, 0, 0, 0, 0, 0, 0, 0,
    0, 0, 0, 0, 0, 0, 0, 0,
    0, 0, 0, 0, 0, -17, -2, 0,
    0, 0, 0, 0, 0, 0, 0, 0,
    0, 0, 0, 0, 0, 0, 0, 0,
    0, 0, 0, 0, 0, 0, 0, 0,
    0, 0, 0, 0, 0, 0, 0, 0,
    0, 0, 0, 0, 0, -4, 0, 0
};


/*Collect the kern class' data in one place*/
static const lv_font_fmt_txt_kern_classes_t kern_classes =
{
    .class_pair_values   = kern_class_values,
    .left_class_mapping  = kern_left_class_mapping,
    .right_class_mapping = kern_right_class_mapping,
    .left_class_cnt      = 51,
    .right_class_cnt     = 40,
};

/*--------------------
 *  ALL CUSTOM DATA
 *--------------------*/

#if LV_VERSION_CHECK(8, 0, 0)
/*Store all the custom data of the font*/
static  lv_font_fmt_txt_glyph_cache_t cache;
static const lv_font_fmt_txt_dsc_t font_dsc = {
#else
static lv_font_fmt_txt_dsc_t font_dsc = {
#endif
    .glyph_bitmap = glyph_bitmap,
    .glyph_dsc = glyph_dsc,
    .cmaps = cmaps,
    .kern_dsc = &kern_classes,
    .kern_scale = 16,
    .cmap_num = 2,
    .bpp = 4,
    .kern_classes = 1,
    .bitmap_format = 0,
#if LV_VERSION_CHECK(8, 0, 0)
    .cache = &cache
#endif
};


/*-----------------
 *  PUBLIC FONT
 *----------------*/

/*Initialize a public general font descriptor*/
#if LV_VERSION_CHECK(8, 0, 0)
const lv_font_t a4_txt_30 = {
#else
lv_font_t a4_txt_30 = {
#endif
    .get_glyph_dsc = lv_font_get_glyph_dsc_fmt_txt,    /*Function pointer to get glyph's data*/
    .get_glyph_bitmap = lv_font_get_bitmap_fmt_txt,    /*Function pointer to get glyph's bitmap*/
    .line_height = 36,          /*The maximum line height required by the font*/
    .base_line = 6,             /*Baseline measured from the bottom of the line*/
#if !(LVGL_VERSION_MAJOR == 6 && LVGL_VERSION_MINOR == 0)
    .subpx = LV_FONT_SUBPX_NONE,
#endif
#if LV_VERSION_CHECK(7, 4, 0) || LVGL_VERSION_MAJOR >= 8
    .underline_position = -2,
    .underline_thickness = 2,
#endif
    .dsc = &font_dsc           /*The custom font data. Will be accessed by `get_glyph_bitmap/dsc` */
};



#endif /*#if A4_TXT_30*/

